filename,status,size_bytes,row_count,is_empty,is_corrupted,missing_columns,duplicate_count,earliest_timestamp,latest_timestamp,unique_routes
vehicle_positions_00_000016.parquet,FAIL,51625,1314,False,True,,0,,,0
vehicle_positions_00_000047.parquet,FAIL,51797,1312,False,True,,0,,,0
vehicle_positions_00_000118.parquet,FAIL,51991,1316,False,True,,0,,,0
vehicle_positions_00_000149.parquet,FAIL,51878,1316,False,True,,0,,,0
vehicle_positions_00_000220.parquet,FAIL,51842,1319,False,True,,0,,,0
vehicle_positions_00_000251.parquet,FAIL,52047,1323,False,True,,0,,,0
vehicle_positions_00_000321.parquet,FAIL,52207,1325,False,True,,0,,,0
vehicle_positions_00_000352.parquet,FAIL,52127,1322,False,True,,0,,,0
vehicle_positions_00_000423.parquet,FAIL,52133,1321,False,True,,0,,,0
vehicle_positions_00_000454.parquet,FAIL,52073,1322,False,True,,0,,,0
vehicle_positions_00_000524.parquet,FAIL,52176,1321,False,True,,0,,,0
vehicle_positions_00_000555.parquet,FAIL,51905,1319,False,True,,0,,,0
vehicle_positions_00_000626.parquet,FAIL,51881,1318,False,True,,0,,,0
vehicle_positions_00_000657.parquet,FAIL,51784,1313,False,True,,0,,,0
vehicle_positions_00_000727.parquet,FAIL,51577,1311,False,True,,0,,,0
vehicle_positions_00_000758.parquet,FAIL,51908,1315,False,True,,0,,,0
vehicle_positions_00_000829.parquet,FAIL,51873,1315,False,True,,0,,,0
vehicle_positions_00_000900.parquet,FAIL,51783,1314,False,True,,0,,,0
vehicle_positions_00_000930.parquet,FAIL,51594,1311,False,True,,0,,,0
vehicle_positions_00_001002.parquet,FAIL,51783,1314,False,True,,0,,,0
vehicle_positions_00_001033.parquet,FAIL,51846,1318,False,True,,0,,,0
vehicle_positions_00_001103.parquet,FAIL,51918,1319,False,True,,0,,,0
vehicle_positions_00_001134.parquet,FAIL,52035,1320,False,True,,0,,,0
vehicle_positions_00_001205.parquet,FAIL,52034,1319,False,True,,0,,,0
vehicle_positions_00_001236.parquet,FAIL,51862,1316,False,True,,0,,,0
vehicle_positions_00_001306.parquet,FAIL,51872,1316,False,True,,0,,,0
vehicle_positions_00_001337.parquet,FAIL,52080,1314,False,True,,0,,,0
vehicle_positions_00_001408.parquet,FAIL,51970,1315,False,True,,0,,,0
vehicle_positions_00_001439.parquet,FAIL,51765,1315,False,True,,0,,,0
vehicle_positions_00_001509.parquet,FAIL,51845,1316,False,True,,0,,,0
vehicle_positions_00_001540.parquet,FAIL,51614,1312,False,True,,0,,,0
vehicle_positions_00_001611.parquet,FAIL,51507,1310,False,True,,0,,,0
vehicle_positions_00_001642.parquet,FAIL,51442,1309,False,True,,0,,,0
vehicle_positions_00_001713.parquet,FAIL,51560,1310,False,True,,0,,,0
vehicle_positions_00_001743.parquet,FAIL,51626,1309,False,True,,0,,,0
vehicle_positions_00_001814.parquet,FAIL,51566,1310,False,True,,0,,,0
vehicle_positions_00_001845.parquet,FAIL,51788,1313,False,True,,0,,,0
vehicle_positions_00_001916.parquet,FAIL,51707,1315,False,True,,0,,,0
vehicle_positions_00_001947.parquet,FAIL,51911,1316,False,True,,0,,,0
vehicle_positions_00_002017.parquet,FAIL,51881,1319,False,True,,0,,,0
vehicle_positions_00_002048.parquet,FAIL,51935,1319,False,True,,0,,,0
vehicle_positions_00_002119.parquet,FAIL,51897,1319,False,True,,0,,,0
vehicle_positions_00_002150.parquet,FAIL,51899,1316,False,True,,0,,,0
vehicle_positions_00_002221.parquet,FAIL,52057,1320,False,True,,0,,,0
vehicle_positions_00_002251.parquet,FAIL,52066,1322,False,True,,0,,,0
vehicle_positions_00_002322.parquet,FAIL,52146,1324,False,True,,0,,,0
vehicle_positions_00_002353.parquet,FAIL,51773,1317,False,True,,0,,,0
vehicle_positions_00_002424.parquet,FAIL,51564,1318,False,True,,0,,,0
vehicle_positions_00_002455.parquet,FAIL,51851,1318,False,True,,0,,,0
vehicle_positions_00_002526.parquet,FAIL,52093,1316,False,True,,0,,,0
vehicle_positions_00_002556.parquet,FAIL,51891,1316,False,True,,0,,,0
vehicle_positions_00_002627.parquet,FAIL,51770,1315,False,True,,0,,,0
vehicle_positions_00_002658.parquet,FAIL,51882,1314,False,True,,0,,,0
vehicle_positions_00_002729.parquet,FAIL,51734,1314,False,True,,0,,,0
vehicle_positions_00_002759.parquet,FAIL,51762,1313,False,True,,0,,,0
vehicle_positions_00_002830.parquet,FAIL,51635,1309,False,True,,0,,,0
vehicle_positions_00_002901.parquet,FAIL,51478,1305,False,True,,0,,,0
vehicle_positions_00_002932.parquet,FAIL,51458,1304,False,True,,0,,,0
vehicle_positions_00_003003.parquet,FAIL,51257,1304,False,True,,0,,,0
vehicle_positions_00_003033.parquet,FAIL,51298,1303,False,True,,0,,,0
vehicle_positions_00_003105.parquet,FAIL,51333,1302,False,True,,0,,,0
vehicle_positions_00_003136.parquet,FAIL,51592,1305,False,True,,0,,,0
vehicle_positions_00_003206.parquet,FAIL,51650,1306,False,True,,0,,,0
vehicle_positions_00_003237.parquet,FAIL,51532,1307,False,True,,0,,,0
vehicle_positions_00_003308.parquet,FAIL,51529,1308,False,True,,0,,,0
vehicle_positions_00_003339.parquet,FAIL,51694,1308,False,True,,0,,,0
vehicle_positions_00_003409.parquet,FAIL,51650,1312,False,True,,0,,,0
vehicle_positions_00_003440.parquet,FAIL,51723,1310,False,True,,0,,,0
vehicle_positions_00_003511.parquet,FAIL,51565,1310,False,True,,0,,,0
vehicle_positions_00_003542.parquet,FAIL,51660,1311,False,True,,0,,,0
vehicle_positions_00_003613.parquet,FAIL,51587,1310,False,True,,0,,,0
vehicle_positions_00_003643.parquet,FAIL,51694,1310,False,True,,0,,,0
vehicle_positions_00_003714.parquet,FAIL,51510,1308,False,True,,0,,,0
vehicle_positions_00_003745.parquet,FAIL,51559,1305,False,True,,0,,,0
vehicle_positions_00_003815.parquet,FAIL,51566,1307,False,True,,0,,,0
vehicle_positions_00_003846.parquet,FAIL,51477,1305,False,True,,0,,,0
vehicle_positions_00_003917.parquet,FAIL,51531,1305,False,True,,0,,,0
vehicle_positions_00_003948.parquet,FAIL,51483,1306,False,True,,0,,,0
vehicle_positions_00_004018.parquet,FAIL,51439,1304,False,True,,0,,,0
vehicle_positions_00_004049.parquet,FAIL,51305,1299,False,True,,0,,,0
vehicle_positions_00_004120.parquet,FAIL,51155,1295,False,True,,0,,,0
vehicle_positions_00_004151.parquet,FAIL,51296,1299,False,True,,0,,,0
vehicle_positions_00_004222.parquet,FAIL,51240,1298,False,True,,0,,,0
vehicle_positions_00_004252.parquet,FAIL,51288,1296,False,True,,0,,,0
vehicle_positions_00_004323.parquet,FAIL,51182,1294,False,True,,0,,,0
vehicle_positions_00_004354.parquet,FAIL,51290,1293,False,True,,0,,,0
vehicle_positions_00_004425.parquet,FAIL,51140,1295,False,True,,0,,,0
vehicle_positions_00_004455.parquet,FAIL,51185,1295,False,True,,0,,,0
vehicle_positions_00_004526.parquet,FAIL,51199,1291,False,True,,0,,,0
vehicle_positions_00_004557.parquet,FAIL,51135,1292,False,True,,0,,,0
vehicle_positions_00_004628.parquet,FAIL,51093,1292,False,True,,0,,,0
vehicle_positions_00_004659.parquet,FAIL,51045,1291,False,True,,0,,,0
vehicle_positions_00_004730.parquet,FAIL,51208,1290,False,True,,0,,,0
vehicle_positions_00_004800.parquet,FAIL,51021,1288,False,True,,0,,,0
vehicle_positions_00_004832.parquet,FAIL,50841,1285,False,True,,0,,,0
vehicle_positions_00_004902.parquet,FAIL,50873,1285,False,True,,0,,,0
vehicle_positions_00_004933.parquet,FAIL,50989,1284,False,True,,0,,,0
vehicle_positions_00_005004.parquet,FAIL,50915,1283,False,True,,0,,,0
vehicle_positions_00_005035.parquet,FAIL,50846,1283,False,True,,0,,,0
vehicle_positions_00_005106.parquet,FAIL,50753,1279,False,True,,0,,,0
vehicle_positions_00_005137.parquet,FAIL,50790,1279,False,True,,0,,,0
vehicle_positions_00_005208.parquet,FAIL,50680,1277,False,True,,0,,,0
vehicle_positions_00_005238.parquet,FAIL,50416,1271,False,True,,0,,,0
vehicle_positions_00_005309.parquet,FAIL,50335,1265,False,True,,0,,,0
vehicle_positions_00_005340.parquet,FAIL,50253,1267,False,True,,0,,,0
vehicle_positions_00_005411.parquet,FAIL,50085,1261,False,True,,0,,,0
vehicle_positions_00_005441.parquet,FAIL,50327,1265,False,True,,0,,,0
vehicle_positions_00_005512.parquet,FAIL,50193,1266,False,True,,0,,,0
vehicle_positions_00_005543.parquet,FAIL,50247,1266,False,True,,0,,,0
vehicle_positions_00_005614.parquet,FAIL,50292,1268,False,True,,0,,,0
vehicle_positions_00_005644.parquet,FAIL,50265,1269,False,True,,0,,,0
vehicle_positions_00_005715.parquet,FAIL,50390,1266,False,True,,0,,,0
vehicle_positions_00_005747.parquet,FAIL,50235,1268,False,True,,0,,,0
vehicle_positions_00_005818.parquet,FAIL,50340,1267,False,True,,0,,,0
vehicle_positions_00_005848.parquet,FAIL,50132,1263,False,True,,0,,,0
vehicle_positions_00_005919.parquet,FAIL,49989,1258,False,True,,0,,,0
vehicle_positions_00_005950.parquet,FAIL,50005,1258,False,True,,0,,,0
vehicle_positions_01_010020.parquet,FAIL,50005,1256,False,True,,0,,,0
vehicle_positions_01_010051.parquet,FAIL,50034,1257,False,True,,0,,,0
vehicle_positions_01_010123.parquet,FAIL,50093,1257,False,True,,0,,,0
vehicle_positions_01_010154.parquet,FAIL,50338,1259,False,True,,0,,,0
vehicle_positions_01_010225.parquet,FAIL,50156,1257,False,True,,0,,,0
vehicle_positions_01_010255.parquet,FAIL,50204,1257,False,True,,0,,,0
vehicle_positions_01_010326.parquet,FAIL,50050,1251,False,True,,0,,,0
vehicle_positions_01_010357.parquet,FAIL,49910,1250,False,True,,0,,,0
vehicle_positions_01_010427.parquet,FAIL,49951,1245,False,True,,0,,,0
vehicle_positions_01_010458.parquet,FAIL,49760,1244,False,True,,0,,,0
vehicle_positions_01_010529.parquet,FAIL,49601,1242,False,True,,0,,,0
vehicle_positions_01_010600.parquet,FAIL,49703,1244,False,True,,0,,,0
vehicle_positions_01_010631.parquet,FAIL,49655,1242,False,True,,0,,,0
vehicle_positions_01_010701.parquet,FAIL,49515,1237,False,True,,0,,,0
vehicle_positions_01_010732.parquet,FAIL,49454,1238,False,True,,0,,,0
vehicle_positions_01_010803.parquet,FAIL,49506,1237,False,True,,0,,,0
vehicle_positions_01_010834.parquet,FAIL,49446,1237,False,True,,0,,,0
vehicle_positions_01_010904.parquet,FAIL,49279,1235,False,True,,0,,,0
vehicle_positions_01_010935.parquet,FAIL,49353,1238,False,True,,0,,,0
vehicle_positions_01_011006.parquet,FAIL,49575,1236,False,True,,0,,,0
vehicle_positions_01_011037.parquet,FAIL,49306,1231,False,True,,0,,,0
vehicle_positions_01_011107.parquet,FAIL,49358,1233,False,True,,0,,,0
vehicle_positions_01_011138.parquet,FAIL,49243,1231,False,True,,0,,,0
vehicle_positions_01_011209.parquet,FAIL,49389,1231,False,True,,0,,,0
vehicle_positions_01_011240.parquet,FAIL,49284,1228,False,True,,0,,,0
vehicle_positions_01_011310.parquet,FAIL,49038,1225,False,True,,0,,,0
vehicle_positions_01_011341.parquet,FAIL,49122,1221,False,True,,0,,,0
vehicle_positions_01_011412.parquet,FAIL,48970,1223,False,True,,0,,,0
vehicle_positions_01_011443.parquet,FAIL,48904,1221,False,True,,0,,,0
vehicle_positions_01_011514.parquet,FAIL,48862,1218,False,True,,0,,,0
vehicle_positions_01_011545.parquet,FAIL,48979,1217,False,True,,0,,,0
vehicle_positions_01_011615.parquet,FAIL,48758,1215,False,True,,0,,,0
vehicle_positions_01_011647.parquet,FAIL,48417,1209,False,True,,0,,,0
vehicle_positions_01_011717.parquet,FAIL,48315,1205,False,True,,0,,,0
vehicle_positions_01_011748.parquet,FAIL,48340,1202,False,True,,0,,,0
vehicle_positions_01_011819.parquet,FAIL,48440,1202,False,True,,0,,,0
vehicle_positions_01_011850.parquet,FAIL,48281,1203,False,True,,0,,,0
vehicle_positions_01_011920.parquet,FAIL,48238,1200,False,True,,0,,,0
vehicle_positions_01_011951.parquet,FAIL,48344,1202,False,True,,0,,,0
vehicle_positions_01_012022.parquet,FAIL,48452,1199,False,True,,0,,,0
vehicle_positions_01_012053.parquet,FAIL,48416,1199,False,True,,0,,,0
vehicle_positions_01_012123.parquet,FAIL,48171,1200,False,True,,0,,,0
vehicle_positions_01_012154.parquet,FAIL,48193,1198,False,True,,0,,,0
vehicle_positions_01_012225.parquet,FAIL,48055,1193,False,True,,0,,,0
vehicle_positions_01_012256.parquet,FAIL,48027,1189,False,True,,0,,,0
vehicle_positions_01_012327.parquet,FAIL,48018,1189,False,True,,0,,,0
vehicle_positions_01_012357.parquet,FAIL,48111,1189,False,True,,0,,,0
vehicle_positions_01_012428.parquet,FAIL,47916,1186,False,True,,0,,,0
vehicle_positions_01_012459.parquet,FAIL,47692,1182,False,True,,0,,,0
vehicle_positions_01_012530.parquet,FAIL,47624,1181,False,True,,0,,,0
vehicle_positions_01_012600.parquet,FAIL,47756,1182,False,True,,0,,,0
vehicle_positions_01_012632.parquet,FAIL,47674,1180,False,True,,0,,,0
vehicle_positions_01_012702.parquet,FAIL,47628,1181,False,True,,0,,,0
vehicle_positions_01_012733.parquet,FAIL,47590,1178,False,True,,0,,,0
vehicle_positions_01_012804.parquet,FAIL,47585,1176,False,True,,0,,,0
vehicle_positions_01_012835.parquet,FAIL,47669,1176,False,True,,0,,,0
vehicle_positions_01_012905.parquet,FAIL,47232,1170,False,True,,0,,,0
vehicle_positions_01_012936.parquet,FAIL,47068,1164,False,True,,0,,,0
vehicle_positions_01_013007.parquet,FAIL,47051,1163,False,True,,0,,,0
vehicle_positions_01_013038.parquet,FAIL,47046,1162,False,True,,0,,,0
vehicle_positions_01_013109.parquet,FAIL,46991,1158,False,True,,0,,,0
vehicle_positions_01_013139.parquet,FAIL,46785,1155,False,True,,0,,,0
vehicle_positions_01_013210.parquet,FAIL,46913,1154,False,True,,0,,,0
vehicle_positions_01_013241.parquet,FAIL,46831,1151,False,True,,0,,,0
vehicle_positions_01_013312.parquet,FAIL,46839,1150,False,True,,0,,,0
vehicle_positions_01_013342.parquet,FAIL,46396,1144,False,True,,0,,,0
vehicle_positions_01_013413.parquet,FAIL,46320,1140,False,True,,0,,,0
vehicle_positions_01_013444.parquet,FAIL,46594,1140,False,True,,0,,,0
vehicle_positions_01_013514.parquet,FAIL,46264,1136,False,True,,0,,,0
vehicle_positions_01_013545.parquet,FAIL,46222,1132,False,True,,0,,,0
vehicle_positions_01_013617.parquet,FAIL,46123,1128,False,True,,0,,,0
vehicle_positions_01_013648.parquet,FAIL,45892,1125,False,True,,0,,,0
vehicle_positions_01_013718.parquet,FAIL,45891,1121,False,True,,0,,,0
vehicle_positions_01_013749.parquet,FAIL,45573,1118,False,True,,0,,,0
vehicle_positions_01_013820.parquet,FAIL,45888,1118,False,True,,0,,,0
vehicle_positions_01_013851.parquet,FAIL,45875,1120,False,True,,0,,,0
vehicle_positions_01_013922.parquet,FAIL,45453,1116,False,True,,0,,,0
vehicle_positions_01_013952.parquet,FAIL,45430,1113,False,True,,0,,,0
vehicle_positions_01_014023.parquet,FAIL,45474,1113,False,True,,0,,,0
vehicle_positions_01_014054.parquet,FAIL,45320,1112,False,True,,0,,,0
vehicle_positions_01_014124.parquet,FAIL,45283,1109,False,True,,0,,,0
vehicle_positions_01_014155.parquet,FAIL,45416,1109,False,True,,0,,,0
vehicle_positions_01_014226.parquet,FAIL,45467,1109,False,True,,0,,,0
vehicle_positions_01_014257.parquet,FAIL,45221,1104,False,True,,0,,,0
vehicle_positions_01_014328.parquet,FAIL,45148,1103,False,True,,0,,,0
vehicle_positions_01_014358.parquet,FAIL,44811,1098,False,True,,0,,,0
vehicle_positions_01_014429.parquet,FAIL,44832,1095,False,True,,0,,,0
vehicle_positions_01_014500.parquet,FAIL,44810,1095,False,True,,0,,,0
vehicle_positions_01_014531.parquet,FAIL,44557,1089,False,True,,0,,,0
vehicle_positions_01_014602.parquet,FAIL,44533,1088,False,True,,0,,,0
vehicle_positions_01_014632.parquet,FAIL,44477,1086,False,True,,0,,,0
vehicle_positions_01_014703.parquet,FAIL,44416,1082,False,True,,0,,,0
vehicle_positions_01_014735.parquet,FAIL,44465,1084,False,True,,0,,,0
vehicle_positions_01_014806.parquet,FAIL,44357,1078,False,True,,0,,,0
vehicle_positions_01_014836.parquet,FAIL,43936,1072,False,True,,0,,,0
vehicle_positions_01_014907.parquet,FAIL,43692,1063,False,True,,0,,,0
vehicle_positions_01_014938.parquet,FAIL,43659,1064,False,True,,0,,,0
vehicle_positions_01_015008.parquet,FAIL,43606,1059,False,True,,0,,,0
vehicle_positions_01_015039.parquet,FAIL,43457,1055,False,True,,0,,,0
vehicle_positions_01_015110.parquet,FAIL,43251,1049,False,True,,0,,,0
vehicle_positions_01_015141.parquet,FAIL,43215,1048,False,True,,0,,,0
vehicle_positions_01_015211.parquet,FAIL,43102,1042,False,True,,0,,,0
vehicle_positions_01_015242.parquet,FAIL,42995,1042,False,True,,0,,,0
vehicle_positions_01_015313.parquet,FAIL,43059,1042,False,True,,0,,,0
vehicle_positions_01_015344.parquet,FAIL,42968,1039,False,True,,0,,,0
vehicle_positions_01_015414.parquet,FAIL,42918,1038,False,True,,0,,,0
vehicle_positions_01_015445.parquet,FAIL,42902,1037,False,True,,0,,,0
vehicle_positions_01_015516.parquet,FAIL,42862,1033,False,True,,0,,,0
vehicle_positions_01_015547.parquet,FAIL,42833,1030,False,True,,0,,,0
vehicle_positions_01_015618.parquet,FAIL,42631,1027,False,True,,0,,,0
vehicle_positions_01_015648.parquet,FAIL,42156,1024,False,True,,0,,,0
vehicle_positions_01_015719.parquet,FAIL,42195,1024,False,True,,0,,,0
vehicle_positions_01_015750.parquet,FAIL,42593,1026,False,True,,0,,,0
vehicle_positions_01_015820.parquet,FAIL,41987,1023,False,True,,0,,,0
vehicle_positions_01_015851.parquet,FAIL,41916,1019,False,True,,0,,,0
vehicle_positions_01_015922.parquet,FAIL,41601,1012,False,True,,0,,,0
vehicle_positions_01_015953.parquet,FAIL,41525,1007,False,True,,0,,,0
vehicle_positions_02_020023.parquet,FAIL,41501,1009,False,True,,0,,,0
vehicle_positions_02_020054.parquet,FAIL,41560,1010,False,True,,0,,,0
vehicle_positions_02_020125.parquet,FAIL,41381,1006,False,True,,0,,,0
vehicle_positions_02_020156.parquet,FAIL,41300,1001,False,True,,0,,,0
vehicle_positions_02_020226.parquet,FAIL,41309,999,False,True,,0,,,0
vehicle_positions_02_020257.parquet,FAIL,41013,998,False,True,,0,,,0
vehicle_positions_02_020328.parquet,FAIL,41155,996,False,True,,0,,,0
vehicle_positions_02_020358.parquet,FAIL,40818,991,False,True,,0,,,0
vehicle_positions_02_020429.parquet,FAIL,40909,988,False,True,,0,,,0
vehicle_positions_02_020500.parquet,FAIL,40930,988,False,True,,0,,,0
vehicle_positions_02_020531.parquet,FAIL,40820,986,False,True,,0,,,0
vehicle_positions_02_020601.parquet,FAIL,40814,985,False,True,,0,,,0
vehicle_positions_02_020632.parquet,FAIL,40835,984,False,True,,0,,,0
vehicle_positions_02_020703.parquet,FAIL,41013,986,False,True,,0,,,0
vehicle_positions_02_020733.parquet,FAIL,40727,981,False,True,,0,,,0
vehicle_positions_02_020804.parquet,FAIL,40749,978,False,True,,0,,,0
vehicle_positions_02_020835.parquet,FAIL,40459,975,False,True,,0,,,0
vehicle_positions_02_020905.parquet,FAIL,40492,971,False,True,,0,,,0
vehicle_positions_02_020936.parquet,FAIL,40164,967,False,True,,0,,,0
vehicle_positions_02_021007.parquet,FAIL,40277,968,False,True,,0,,,0
vehicle_positions_02_021038.parquet,FAIL,40014,962,False,True,,0,,,0
vehicle_positions_02_021108.parquet,FAIL,40048,960,False,True,,0,,,0
vehicle_positions_02_021139.parquet,FAIL,40061,958,False,True,,0,,,0
vehicle_positions_02_021210.parquet,FAIL,39913,958,False,True,,0,,,0
vehicle_positions_02_021241.parquet,FAIL,39601,951,False,True,,0,,,0
vehicle_positions_02_021311.parquet,FAIL,39523,946,False,True,,0,,,0
vehicle_positions_02_021342.parquet,FAIL,39588,945,False,True,,0,,,0
vehicle_positions_02_021413.parquet,FAIL,39495,941,False,True,,0,,,0
vehicle_positions_02_021443.parquet,FAIL,39242,933,False,True,,0,,,0
vehicle_positions_02_021514.parquet,FAIL,39127,931,False,True,,0,,,0
vehicle_positions_02_021545.parquet,FAIL,38983,932,False,True,,0,,,0
vehicle_positions_02_021616.parquet,FAIL,39025,929,False,True,,0,,,0
vehicle_positions_02_021646.parquet,FAIL,38771,923,False,True,,0,,,0
vehicle_positions_02_021717.parquet,FAIL,38700,918,False,True,,0,,,0
vehicle_positions_02_021748.parquet,FAIL,38590,917,False,True,,0,,,0
vehicle_positions_02_021818.parquet,FAIL,38529,911,False,True,,0,,,0
vehicle_positions_02_021849.parquet,FAIL,38501,907,False,True,,0,,,0
vehicle_positions_02_021920.parquet,FAIL,38462,906,False,True,,0,,,0
vehicle_positions_02_021950.parquet,FAIL,38311,907,False,True,,0,,,0
vehicle_positions_02_022021.parquet,FAIL,38288,906,False,True,,0,,,0
vehicle_positions_02_022052.parquet,FAIL,38285,905,False,True,,0,,,0
vehicle_positions_02_022122.parquet,FAIL,37857,896,False,True,,0,,,0
vehicle_positions_02_022153.parquet,FAIL,38032,900,False,True,,0,,,0
vehicle_positions_02_022224.parquet,FAIL,37929,893,False,True,,0,,,0
vehicle_positions_02_022255.parquet,FAIL,37787,889,False,True,,0,,,0
vehicle_positions_02_022325.parquet,FAIL,37541,887,False,True,,0,,,0
vehicle_positions_02_022356.parquet,FAIL,37552,886,False,True,,0,,,0
vehicle_positions_02_022427.parquet,FAIL,37367,882,False,True,,0,,,0
vehicle_positions_02_022457.parquet,FAIL,37308,879,False,True,,0,,,0
vehicle_positions_02_022528.parquet,FAIL,37289,879,False,True,,0,,,0
vehicle_positions_02_022559.parquet,FAIL,37257,876,False,True,,0,,,0
vehicle_positions_02_022629.parquet,FAIL,37102,872,False,True,,0,,,0
vehicle_positions_02_022700.parquet,FAIL,36997,870,False,True,,0,,,0
vehicle_positions_02_022731.parquet,FAIL,37052,867,False,True,,0,,,0
vehicle_positions_02_022802.parquet,FAIL,37137,868,False,True,,0,,,0
vehicle_positions_02_022832.parquet,FAIL,37023,869,False,True,,0,,,0
vehicle_positions_02_022903.parquet,FAIL,36819,862,False,True,,0,,,0
vehicle_positions_02_022934.parquet,FAIL,36774,862,False,True,,0,,,0
vehicle_positions_02_023004.parquet,FAIL,36538,855,False,True,,0,,,0
vehicle_positions_02_023035.parquet,FAIL,36486,854,False,True,,0,,,0
vehicle_positions_02_023106.parquet,FAIL,36326,847,False,True,,0,,,0
vehicle_positions_02_023137.parquet,FAIL,36294,847,False,True,,0,,,0
vehicle_positions_02_023207.parquet,FAIL,36229,847,False,True,,0,,,0
vehicle_positions_02_023238.parquet,FAIL,36219,844,False,True,,0,,,0
vehicle_positions_02_023309.parquet,FAIL,36107,844,False,True,,0,,,0
vehicle_positions_02_023339.parquet,FAIL,36161,844,False,True,,0,,,0
vehicle_positions_02_023410.parquet,FAIL,36134,841,False,True,,0,,,0
vehicle_positions_02_023441.parquet,FAIL,36016,839,False,True,,0,,,0
vehicle_positions_02_023511.parquet,FAIL,35976,834,False,True,,0,,,0
vehicle_positions_02_023542.parquet,FAIL,35692,830,False,True,,0,,,0
vehicle_positions_02_023613.parquet,FAIL,35674,830,False,True,,0,,,0
vehicle_positions_02_023644.parquet,FAIL,35622,828,False,True,,0,,,0
vehicle_positions_02_023714.parquet,FAIL,35588,824,False,True,,0,,,0
vehicle_positions_02_023745.parquet,FAIL,35367,820,False,True,,0,,,0
vehicle_positions_02_023816.parquet,FAIL,35346,814,False,True,,0,,,0
vehicle_positions_02_023846.parquet,FAIL,35392,814,False,True,,0,,,0
vehicle_positions_02_023917.parquet,FAIL,35202,811,False,True,,0,,,0
vehicle_positions_02_023948.parquet,FAIL,35063,808,False,True,,0,,,0
vehicle_positions_02_024019.parquet,FAIL,35154,808,False,True,,0,,,0
vehicle_positions_02_024049.parquet,FAIL,35065,806,False,True,,0,,,0
vehicle_positions_02_024120.parquet,FAIL,35197,808,False,True,,0,,,0
vehicle_positions_02_024151.parquet,FAIL,35118,807,False,True,,0,,,0
vehicle_positions_02_024221.parquet,FAIL,35137,803,False,True,,0,,,0
vehicle_positions_02_024252.parquet,FAIL,34935,803,False,True,,0,,,0
vehicle_positions_02_024323.parquet,FAIL,34821,799,False,True,,0,,,0
vehicle_positions_02_024353.parquet,FAIL,34640,795,False,True,,0,,,0
vehicle_positions_02_024424.parquet,FAIL,34518,790,False,True,,0,,,0
vehicle_positions_02_024455.parquet,FAIL,34357,788,False,True,,0,,,0
vehicle_positions_02_024525.parquet,FAIL,34214,786,False,True,,0,,,0
vehicle_positions_02_024556.parquet,FAIL,34404,785,False,True,,0,,,0
vehicle_positions_02_024627.parquet,FAIL,34210,782,False,True,,0,,,0
vehicle_positions_02_024657.parquet,FAIL,34137,782,False,True,,0,,,0
vehicle_positions_02_024728.parquet,FAIL,33879,776,False,True,,0,,,0
vehicle_positions_02_024758.parquet,FAIL,33822,774,False,True,,0,,,0
vehicle_positions_02_024829.parquet,FAIL,33770,770,False,True,,0,,,0
vehicle_positions_02_024900.parquet,FAIL,33940,770,False,True,,0,,,0
vehicle_positions_02_024931.parquet,FAIL,33894,771,False,True,,0,,,0
vehicle_positions_02_025001.parquet,FAIL,33804,769,False,True,,0,,,0
vehicle_positions_02_025032.parquet,FAIL,33707,767,False,True,,0,,,0
vehicle_positions_02_025103.parquet,FAIL,33664,765,False,True,,0,,,0
vehicle_positions_02_025133.parquet,FAIL,33356,759,False,True,,0,,,0
vehicle_positions_02_025206.parquet,FAIL,33419,757,False,True,,0,,,0
vehicle_positions_02_025237.parquet,FAIL,33432,757,False,True,,0,,,0
vehicle_positions_02_025307.parquet,FAIL,33409,756,False,True,,0,,,0
vehicle_positions_02_025338.parquet,FAIL,33242,754,False,True,,0,,,0
vehicle_positions_02_025409.parquet,FAIL,33390,754,False,True,,0,,,0
vehicle_positions_02_025440.parquet,FAIL,33418,756,False,True,,0,,,0
vehicle_positions_02_025510.parquet,FAIL,33365,753,False,True,,0,,,0
vehicle_positions_02_025541.parquet,FAIL,33124,751,False,True,,0,,,0
vehicle_positions_02_025612.parquet,FAIL,33262,752,False,True,,0,,,0
vehicle_positions_02_025642.parquet,FAIL,33242,752,False,True,,0,,,0
vehicle_positions_02_025713.parquet,FAIL,33170,749,False,True,,0,,,0
vehicle_positions_02_025744.parquet,FAIL,33197,749,False,True,,0,,,0
vehicle_positions_02_025814.parquet,FAIL,32970,747,False,True,,0,,,0
vehicle_positions_02_025845.parquet,FAIL,32910,745,False,True,,0,,,0
vehicle_positions_02_025916.parquet,FAIL,33028,743,False,True,,0,,,0
vehicle_positions_02_025947.parquet,FAIL,32859,740,False,True,,0,,,0
vehicle_positions_03_030017.parquet,FAIL,32704,735,False,True,,0,,,0
vehicle_positions_03_030048.parquet,FAIL,32912,738,False,True,,0,,,0
vehicle_positions_03_030119.parquet,FAIL,32760,733,False,True,,0,,,0
vehicle_positions_03_030149.parquet,FAIL,32466,730,False,True,,0,,,0
vehicle_positions_03_030220.parquet,FAIL,32435,731,False,True,,0,,,0
vehicle_positions_03_030251.parquet,FAIL,32550,732,False,True,,0,,,0
vehicle_positions_03_030322.parquet,FAIL,32696,732,False,True,,0,,,0
vehicle_positions_03_030353.parquet,FAIL,32604,729,False,True,,0,,,0
vehicle_positions_03_030424.parquet,FAIL,32600,729,False,True,,0,,,0
vehicle_positions_03_030454.parquet,FAIL,32501,728,False,True,,0,,,0
vehicle_positions_03_030525.parquet,FAIL,32423,725,False,True,,0,,,0
vehicle_positions_03_030556.parquet,FAIL,32409,725,False,True,,0,,,0
vehicle_positions_03_030626.parquet,FAIL,32275,721,False,True,,0,,,0
vehicle_positions_03_030657.parquet,FAIL,32284,720,False,True,,0,,,0
vehicle_positions_03_030728.parquet,FAIL,32165,719,False,True,,0,,,0
vehicle_positions_03_030759.parquet,FAIL,31836,714,False,True,,0,,,0
vehicle_positions_03_030829.parquet,FAIL,31833,712,False,True,,0,,,0
vehicle_positions_03_030901.parquet,FAIL,31732,707,False,True,,0,,,0
vehicle_positions_03_030932.parquet,FAIL,31778,708,False,True,,0,,,0
vehicle_positions_03_031003.parquet,FAIL,31871,709,False,True,,0,,,0
vehicle_positions_03_031033.parquet,FAIL,31793,709,False,True,,0,,,0
vehicle_positions_03_031104.parquet,FAIL,31804,709,False,True,,0,,,0
vehicle_positions_03_031135.parquet,FAIL,31633,706,False,True,,0,,,0
vehicle_positions_03_031206.parquet,FAIL,31635,706,False,True,,0,,,0
vehicle_positions_03_031236.parquet,FAIL,31647,706,False,True,,0,,,0
vehicle_positions_03_031307.parquet,FAIL,31705,706,False,True,,0,,,0
vehicle_positions_03_031338.parquet,FAIL,31635,703,False,True,,0,,,0
vehicle_positions_03_031408.parquet,FAIL,31498,702,False,True,,0,,,0
vehicle_positions_03_031439.parquet,FAIL,31508,697,False,True,,0,,,0
vehicle_positions_03_031510.parquet,FAIL,31445,695,False,True,,0,,,0
vehicle_positions_03_031540.parquet,FAIL,31462,694,False,True,,0,,,0
vehicle_positions_03_031611.parquet,FAIL,31246,693,False,True,,0,,,0
vehicle_positions_03_031642.parquet,FAIL,31325,691,False,True,,0,,,0
vehicle_positions_03_031712.parquet,FAIL,31293,690,False,True,,0,,,0
vehicle_positions_03_031743.parquet,FAIL,31097,686,False,True,,0,,,0
vehicle_positions_03_031814.parquet,FAIL,31010,682,False,True,,0,,,0
vehicle_positions_03_031844.parquet,FAIL,30929,683,False,True,,0,,,0
vehicle_positions_03_031915.parquet,FAIL,31071,684,False,True,,0,,,0
vehicle_positions_03_031946.parquet,FAIL,30907,682,False,True,,0,,,0
vehicle_positions_03_032017.parquet,FAIL,30653,680,False,True,,0,,,0
vehicle_positions_03_032047.parquet,FAIL,30639,679,False,True,,0,,,0
vehicle_positions_03_032118.parquet,FAIL,30661,679,False,True,,0,,,0
vehicle_positions_03_032149.parquet,FAIL,30714,679,False,True,,0,,,0
vehicle_positions_03_032220.parquet,FAIL,30703,678,False,True,,0,,,0
vehicle_positions_03_032250.parquet,FAIL,30503,671,False,True,,0,,,0
vehicle_positions_03_032321.parquet,FAIL,30484,671,False,True,,0,,,0
vehicle_positions_03_032352.parquet,FAIL,30339,668,False,True,,0,,,0
vehicle_positions_03_032422.parquet,FAIL,30271,666,False,True,,0,,,0
vehicle_positions_03_032453.parquet,FAIL,30320,667,False,True,,0,,,0
vehicle_positions_03_032524.parquet,FAIL,30425,667,False,True,,0,,,0
vehicle_positions_03_032554.parquet,FAIL,30438,668,False,True,,0,,,0
vehicle_positions_03_032625.parquet,FAIL,30255,666,False,True,,0,,,0
vehicle_positions_03_032655.parquet,FAIL,30379,666,False,True,,0,,,0
vehicle_positions_03_032726.parquet,FAIL,30326,666,False,True,,0,,,0
vehicle_positions_03_032757.parquet,FAIL,30388,668,False,True,,0,,,0
vehicle_positions_03_032828.parquet,FAIL,30421,669,False,True,,0,,,0
vehicle_positions_03_032858.parquet,FAIL,30343,668,False,True,,0,,,0
vehicle_positions_03_032929.parquet,FAIL,30333,666,False,True,,0,,,0
vehicle_positions_03_033000.parquet,FAIL,30363,666,False,True,,0,,,0
vehicle_positions_03_033031.parquet,FAIL,30443,669,False,True,,0,,,0
vehicle_positions_03_033101.parquet,FAIL,30430,668,False,True,,0,,,0
vehicle_positions_03_033132.parquet,FAIL,30316,668,False,True,,0,,,0
vehicle_positions_03_033203.parquet,FAIL,30329,667,False,True,,0,,,0
vehicle_positions_03_033234.parquet,FAIL,30366,667,False,True,,0,,,0
vehicle_positions_03_033304.parquet,FAIL,30302,665,False,True,,0,,,0
vehicle_positions_03_033335.parquet,FAIL,30195,664,False,True,,0,,,0
vehicle_positions_03_033406.parquet,FAIL,30194,663,False,True,,0,,,0
vehicle_positions_03_033436.parquet,FAIL,30008,657,False,True,,0,,,0
vehicle_positions_03_033507.parquet,FAIL,30035,658,False,True,,0,,,0
vehicle_positions_03_033538.parquet,FAIL,29894,655,False,True,,0,,,0
vehicle_positions_03_033608.parquet,FAIL,29912,654,False,True,,0,,,0
vehicle_positions_03_033639.parquet,FAIL,29824,653,False,True,,0,,,0
vehicle_positions_03_033710.parquet,FAIL,29885,652,False,True,,0,,,0
vehicle_positions_03_033740.parquet,FAIL,29827,653,False,True,,0,,,0
vehicle_positions_03_033811.parquet,FAIL,29709,649,False,True,,0,,,0
vehicle_positions_03_033842.parquet,FAIL,29765,649,False,True,,0,,,0
vehicle_positions_03_033912.parquet,FAIL,29683,648,False,True,,0,,,0
vehicle_positions_03_033943.parquet,FAIL,29804,649,False,True,,0,,,0
vehicle_positions_03_034014.parquet,FAIL,29702,647,False,True,,0,,,0
vehicle_positions_03_034045.parquet,FAIL,29731,646,False,True,,0,,,0
vehicle_positions_03_034115.parquet,FAIL,29670,645,False,True,,0,,,0
vehicle_positions_03_034146.parquet,FAIL,29516,641,False,True,,0,,,0
vehicle_positions_03_034217.parquet,FAIL,29410,637,False,True,,0,,,0
vehicle_positions_03_034248.parquet,FAIL,29389,636,False,True,,0,,,0
vehicle_positions_03_034318.parquet,FAIL,29321,636,False,True,,0,,,0
vehicle_positions_03_034349.parquet,FAIL,29358,637,False,True,,0,,,0
vehicle_positions_03_034420.parquet,FAIL,29309,634,False,True,,0,,,0
vehicle_positions_03_034450.parquet,FAIL,29226,635,False,True,,0,,,0
vehicle_positions_03_034521.parquet,FAIL,29226,634,False,True,,0,,,0
vehicle_positions_03_034552.parquet,FAIL,29192,633,False,True,,0,,,0
vehicle_positions_03_034622.parquet,FAIL,29042,630,False,True,,0,,,0
vehicle_positions_03_034653.parquet,FAIL,29195,632,False,True,,0,,,0
vehicle_positions_03_034724.parquet,FAIL,29169,631,False,True,,0,,,0
vehicle_positions_03_034754.parquet,FAIL,29134,629,False,True,,0,,,0
vehicle_positions_03_034825.parquet,FAIL,29010,624,False,True,,0,,,0
vehicle_positions_03_034856.parquet,FAIL,28836,623,False,True,,0,,,0
vehicle_positions_03_034926.parquet,FAIL,29029,625,False,True,,0,,,0
vehicle_positions_03_034957.parquet,FAIL,28826,623,False,True,,0,,,0
vehicle_positions_03_035028.parquet,FAIL,28866,623,False,True,,0,,,0
vehicle_positions_03_035058.parquet,FAIL,28827,622,False,True,,0,,,0
vehicle_positions_03_035129.parquet,FAIL,28710,620,False,True,,0,,,0
vehicle_positions_03_035200.parquet,FAIL,28696,619,False,True,,0,,,0
vehicle_positions_03_035230.parquet,FAIL,28505,616,False,True,,0,,,0
vehicle_positions_03_035301.parquet,FAIL,28473,614,False,True,,0,,,0
vehicle_positions_03_035332.parquet,FAIL,28530,615,False,True,,0,,,0
vehicle_positions_03_035403.parquet,FAIL,28620,614,False,True,,0,,,0
vehicle_positions_03_035434.parquet,FAIL,28679,615,False,True,,0,,,0
vehicle_positions_03_035504.parquet,FAIL,28612,615,False,True,,0,,,0
vehicle_positions_03_035535.parquet,FAIL,28564,613,False,True,,0,,,0
vehicle_positions_03_035606.parquet,FAIL,28494,612,False,True,,0,,,0
vehicle_positions_03_035636.parquet,FAIL,28570,613,False,True,,0,,,0
vehicle_positions_03_035707.parquet,FAIL,28547,611,False,True,,0,,,0
vehicle_positions_03_035738.parquet,FAIL,28641,615,False,True,,0,,,0
vehicle_positions_03_035808.parquet,FAIL,28682,617,False,True,,0,,,0
vehicle_positions_03_035839.parquet,FAIL,28671,614,False,True,,0,,,0
vehicle_positions_03_035910.parquet,FAIL,28655,615,False,True,,0,,,0
vehicle_positions_03_035941.parquet,FAIL,28667,615,False,True,,0,,,0
vehicle_positions_04_040011.parquet,FAIL,28492,609,False,True,,0,,,0
vehicle_positions_04_040042.parquet,FAIL,28427,609,False,True,,0,,,0
vehicle_positions_04_040113.parquet,FAIL,28535,611,False,True,,0,,,0
vehicle_positions_04_040143.parquet,FAIL,28577,609,False,True,,0,,,0
vehicle_positions_04_040214.parquet,FAIL,28349,606,False,True,,0,,,0
vehicle_positions_04_040245.parquet,FAIL,28470,609,False,True,,0,,,0
vehicle_positions_04_040315.parquet,FAIL,28569,612,False,True,,0,,,0
vehicle_positions_04_040346.parquet,FAIL,28729,613,False,True,,0,,,0
vehicle_positions_04_040417.parquet,FAIL,28726,611,False,True,,0,,,0
vehicle_positions_04_040447.parquet,FAIL,28531,611,False,True,,0,,,0
vehicle_positions_04_040519.parquet,FAIL,28570,610,False,True,,0,,,0
vehicle_positions_04_040550.parquet,FAIL,28586,610,False,True,,0,,,0
vehicle_positions_04_040620.parquet,FAIL,28513,608,False,True,,0,,,0
vehicle_positions_04_040651.parquet,FAIL,28464,602,False,True,,0,,,0
vehicle_positions_04_040722.parquet,FAIL,28378,601,False,True,,0,,,0
vehicle_positions_04_040752.parquet,FAIL,28285,600,False,True,,0,,,0
vehicle_positions_04_040823.parquet,FAIL,28227,599,False,True,,0,,,0
vehicle_positions_04_040854.parquet,FAIL,28053,596,False,True,,0,,,0
vehicle_positions_04_040924.parquet,FAIL,28080,598,False,True,,0,,,0
vehicle_positions_04_040955.parquet,FAIL,28081,597,False,True,,0,,,0
vehicle_positions_04_041026.parquet,FAIL,27902,593,False,True,,0,,,0
vehicle_positions_04_041056.parquet,FAIL,27924,593,False,True,,0,,,0
vehicle_positions_04_041127.parquet,FAIL,27934,591,False,True,,0,,,0
vehicle_positions_04_041158.parquet,FAIL,27793,589,False,True,,0,,,0
vehicle_positions_04_041229.parquet,FAIL,27703,588,False,True,,0,,,0
vehicle_positions_04_041259.parquet,FAIL,27773,587,False,True,,0,,,0
vehicle_positions_04_041330.parquet,FAIL,27713,585,False,True,,0,,,0
vehicle_positions_04_041401.parquet,FAIL,27530,584,False,True,,0,,,0
vehicle_positions_04_041432.parquet,FAIL,27544,582,False,True,,0,,,0
vehicle_positions_04_041502.parquet,FAIL,27576,581,False,True,,0,,,0
vehicle_positions_04_041533.parquet,FAIL,27563,583,False,True,,0,,,0
vehicle_positions_04_041604.parquet,FAIL,27406,580,False,True,,0,,,0
vehicle_positions_04_041634.parquet,FAIL,27464,580,False,True,,0,,,0
vehicle_positions_04_041705.parquet,FAIL,27383,580,False,True,,0,,,0
vehicle_positions_04_041736.parquet,FAIL,27436,580,False,True,,0,,,0
vehicle_positions_04_041807.parquet,FAIL,27402,578,False,True,,0,,,0
vehicle_positions_04_041838.parquet,FAIL,27282,575,False,True,,0,,,0
vehicle_positions_04_041908.parquet,FAIL,27316,575,False,True,,0,,,0
vehicle_positions_04_041939.parquet,FAIL,27319,575,False,True,,0,,,0
vehicle_positions_04_042010.parquet,FAIL,27210,571,False,True,,0,,,0
vehicle_positions_04_042041.parquet,FAIL,27245,572,False,True,,0,,,0
vehicle_positions_04_042111.parquet,FAIL,27239,572,False,True,,0,,,0
vehicle_positions_04_042142.parquet,FAIL,27134,571,False,True,,0,,,0
vehicle_positions_04_042212.parquet,FAIL,27214,570,False,True,,0,,,0
vehicle_positions_04_042243.parquet,FAIL,27246,571,False,True,,0,,,0
vehicle_positions_04_042314.parquet,FAIL,27287,572,False,True,,0,,,0
vehicle_positions_04_042344.parquet,FAIL,27234,574,False,True,,0,,,0
vehicle_positions_04_042415.parquet,FAIL,27217,572,False,True,,0,,,0
vehicle_positions_04_042446.parquet,FAIL,27212,569,False,True,,0,,,0
vehicle_positions_04_042516.parquet,FAIL,27111,568,False,True,,0,,,0
vehicle_positions_04_042547.parquet,FAIL,27035,565,False,True,,0,,,0
vehicle_positions_04_042618.parquet,FAIL,26886,561,False,True,,0,,,0
vehicle_positions_04_042649.parquet,FAIL,26916,561,False,True,,0,,,0
vehicle_positions_04_042719.parquet,FAIL,26773,557,False,True,,0,,,0
vehicle_positions_04_042750.parquet,FAIL,26715,555,False,True,,0,,,0
vehicle_positions_04_042821.parquet,FAIL,26642,555,False,True,,0,,,0
vehicle_positions_04_042851.parquet,FAIL,26558,553,False,True,,0,,,0
vehicle_positions_04_042922.parquet,FAIL,26606,553,False,True,,0,,,0
vehicle_positions_04_042953.parquet,FAIL,26589,554,False,True,,0,,,0
vehicle_positions_04_043023.parquet,FAIL,26630,556,False,True,,0,,,0
vehicle_positions_04_043054.parquet,FAIL,26565,553,False,True,,0,,,0
vehicle_positions_04_043126.parquet,FAIL,26740,554,False,True,,0,,,0
vehicle_positions_04_043157.parquet,FAIL,26767,554,False,True,,0,,,0
vehicle_positions_04_043228.parquet,FAIL,26685,554,False,True,,0,,,0
vehicle_positions_04_043259.parquet,FAIL,26629,552,False,True,,0,,,0
vehicle_positions_04_043330.parquet,FAIL,26577,552,False,True,,0,,,0
vehicle_positions_04_043400.parquet,FAIL,26536,551,False,True,,0,,,0
vehicle_positions_04_043431.parquet,FAIL,26509,551,False,True,,0,,,0
vehicle_positions_04_043502.parquet,FAIL,26473,549,False,True,,0,,,0
vehicle_positions_04_043533.parquet,FAIL,26496,549,False,True,,0,,,0
vehicle_positions_04_043603.parquet,FAIL,26407,546,False,True,,0,,,0
vehicle_positions_04_043634.parquet,FAIL,26449,545,False,True,,0,,,0
vehicle_positions_04_043705.parquet,FAIL,26292,542,False,True,,0,,,0
vehicle_positions_04_043735.parquet,FAIL,26341,541,False,True,,0,,,0
vehicle_positions_04_043806.parquet,FAIL,26226,540,False,True,,0,,,0
vehicle_positions_04_043837.parquet,FAIL,26294,543,False,True,,0,,,0
vehicle_positions_04_043908.parquet,FAIL,26264,541,False,True,,0,,,0
vehicle_positions_04_043938.parquet,FAIL,26285,542,False,True,,0,,,0
vehicle_positions_04_044009.parquet,FAIL,26109,538,False,True,,0,,,0
vehicle_positions_04_044040.parquet,FAIL,26057,537,False,True,,0,,,0
vehicle_positions_04_044110.parquet,FAIL,25970,539,False,True,,0,,,0
vehicle_positions_04_044141.parquet,FAIL,26059,539,False,True,,0,,,0
vehicle_positions_04_044212.parquet,FAIL,26230,539,False,True,,0,,,0
vehicle_positions_04_044242.parquet,FAIL,26255,541,False,True,,0,,,0
vehicle_positions_04_044313.parquet,FAIL,26310,542,False,True,,0,,,0
vehicle_positions_04_044344.parquet,FAIL,26310,542,False,True,,0,,,0
vehicle_positions_04_044414.parquet,FAIL,26250,543,False,True,,0,,,0
vehicle_positions_04_044445.parquet,FAIL,26257,543,False,True,,0,,,0
vehicle_positions_04_044516.parquet,FAIL,26162,542,False,True,,0,,,0
vehicle_positions_04_044546.parquet,FAIL,26180,539,False,True,,0,,,0
vehicle_positions_04_044617.parquet,FAIL,26161,538,False,True,,0,,,0
vehicle_positions_04_044648.parquet,FAIL,26218,537,False,True,,0,,,0
vehicle_positions_04_044718.parquet,FAIL,26043,536,False,True,,0,,,0
vehicle_positions_04_044749.parquet,FAIL,26099,537,False,True,,0,,,0
vehicle_positions_04_044819.parquet,FAIL,26114,535,False,True,,0,,,0
vehicle_positions_04_044850.parquet,FAIL,26105,533,False,True,,0,,,0
vehicle_positions_04_044921.parquet,FAIL,25990,532,False,True,,0,,,0
vehicle_positions_04_044952.parquet,FAIL,25856,532,False,True,,0,,,0
vehicle_positions_04_045022.parquet,FAIL,25589,526,False,True,,0,,,0
vehicle_positions_04_045053.parquet,FAIL,25458,525,False,True,,0,,,0
vehicle_positions_04_045123.parquet,FAIL,25416,522,False,True,,0,,,0
vehicle_positions_04_045154.parquet,FAIL,25383,522,False,True,,0,,,0
vehicle_positions_04_045225.parquet,FAIL,25318,519,False,True,,0,,,0
vehicle_positions_04_045255.parquet,FAIL,25247,517,False,True,,0,,,0
vehicle_positions_04_045326.parquet,FAIL,25317,518,False,True,,0,,,0
vehicle_positions_04_045357.parquet,FAIL,25252,514,False,True,,0,,,0
vehicle_positions_04_045427.parquet,FAIL,24895,512,False,True,,0,,,0
vehicle_positions_04_045458.parquet,FAIL,24861,511,False,True,,0,,,0
vehicle_positions_04_045529.parquet,FAIL,24786,509,False,True,,0,,,0
vehicle_positions_04_045559.parquet,FAIL,24657,507,False,True,,0,,,0
vehicle_positions_04_045630.parquet,FAIL,24618,506,False,True,,0,,,0
vehicle_positions_04_045701.parquet,FAIL,24676,506,False,True,,0,,,0
vehicle_positions_04_045731.parquet,FAIL,24725,507,False,True,,0,,,0
vehicle_positions_04_045802.parquet,FAIL,24695,507,False,True,,0,,,0
vehicle_positions_04_045833.parquet,FAIL,24720,507,False,True,,0,,,0
vehicle_positions_04_045903.parquet,FAIL,24728,508,False,True,,0,,,0
vehicle_positions_04_045935.parquet,FAIL,24690,509,False,True,,0,,,0
vehicle_positions_05_050006.parquet,FAIL,24737,508,False,True,,0,,,0
vehicle_positions_05_050036.parquet,FAIL,24758,508,False,True,,0,,,0
vehicle_positions_05_050107.parquet,FAIL,24691,508,False,True,,0,,,0
vehicle_positions_05_050140.parquet,FAIL,24684,508,False,True,,0,,,0
vehicle_positions_05_050210.parquet,FAIL,24640,507,False,True,,0,,,0
vehicle_positions_05_050241.parquet,FAIL,24694,506,False,True,,0,,,0
vehicle_positions_05_050312.parquet,FAIL,24601,505,False,True,,0,,,0
vehicle_positions_05_050342.parquet,FAIL,24594,505,False,True,,0,,,0
vehicle_positions_05_050413.parquet,FAIL,24737,506,False,True,,0,,,0
vehicle_positions_05_050444.parquet,FAIL,24539,503,False,True,,0,,,0
vehicle_positions_05_050514.parquet,FAIL,24442,502,False,True,,0,,,0
vehicle_positions_05_050545.parquet,FAIL,24420,500,False,True,,0,,,0
vehicle_positions_05_050616.parquet,FAIL,24497,501,False,True,,0,,,0
vehicle_positions_05_050646.parquet,FAIL,24519,499,False,True,,0,,,0
vehicle_positions_05_050717.parquet,FAIL,24555,501,False,True,,0,,,0
vehicle_positions_05_050748.parquet,FAIL,24463,500,False,True,,0,,,0
vehicle_positions_05_050819.parquet,FAIL,24407,498,False,True,,0,,,0
vehicle_positions_05_050849.parquet,FAIL,24476,499,False,True,,0,,,0
vehicle_positions_05_050920.parquet,FAIL,24361,496,False,True,,0,,,0
vehicle_positions_05_050951.parquet,FAIL,24384,496,False,True,,0,,,0
vehicle_positions_05_051021.parquet,FAIL,24320,496,False,True,,0,,,0
vehicle_positions_05_051052.parquet,FAIL,24290,495,False,True,,0,,,0
vehicle_positions_05_051122.parquet,FAIL,24443,497,False,True,,0,,,0
vehicle_positions_05_051153.parquet,FAIL,24320,494,False,True,,0,,,0
vehicle_positions_05_051224.parquet,FAIL,24272,492,False,True,,0,,,0
vehicle_positions_05_051254.parquet,FAIL,24204,491,False,True,,0,,,0
vehicle_positions_05_051325.parquet,FAIL,24310,491,False,True,,0,,,0
vehicle_positions_05_051356.parquet,FAIL,24022,488,False,True,,0,,,0
vehicle_positions_05_051426.parquet,FAIL,24164,488,False,True,,0,,,0
vehicle_positions_05_051457.parquet,FAIL,24183,489,False,True,,0,,,0
vehicle_positions_05_051528.parquet,FAIL,24052,487,False,True,,0,,,0
vehicle_positions_05_051558.parquet,FAIL,24050,485,False,True,,0,,,0
vehicle_positions_05_051629.parquet,FAIL,23995,484,False,True,,0,,,0
vehicle_positions_05_051700.parquet,FAIL,23988,481,False,True,,0,,,0
vehicle_positions_05_051730.parquet,FAIL,23998,482,False,True,,0,,,0
vehicle_positions_05_051801.parquet,FAIL,23922,480,False,True,,0,,,0
vehicle_positions_05_051832.parquet,FAIL,23925,478,False,True,,0,,,0
vehicle_positions_05_051903.parquet,FAIL,23720,476,False,True,,0,,,0
vehicle_positions_05_051933.parquet,FAIL,23733,476,False,True,,0,,,0
vehicle_positions_05_052004.parquet,FAIL,23844,478,False,True,,0,,,0
vehicle_positions_05_052035.parquet,FAIL,23813,476,False,True,,0,,,0
vehicle_positions_05_052105.parquet,FAIL,23822,476,False,True,,0,,,0
vehicle_positions_05_052136.parquet,FAIL,23828,476,False,True,,0,,,0
vehicle_positions_05_052207.parquet,FAIL,23830,475,False,True,,0,,,0
vehicle_positions_05_052237.parquet,FAIL,23695,473,False,True,,0,,,0
vehicle_positions_05_052308.parquet,FAIL,23591,470,False,True,,0,,,0
vehicle_positions_05_052338.parquet,FAIL,23556,469,False,True,,0,,,0
vehicle_positions_05_052409.parquet,FAIL,23524,467,False,True,,0,,,0
vehicle_positions_05_052440.parquet,FAIL,23374,467,False,True,,0,,,0
vehicle_positions_05_052510.parquet,FAIL,23484,470,False,True,,0,,,0
vehicle_positions_05_052541.parquet,FAIL,23492,469,False,True,,0,,,0
vehicle_positions_05_052612.parquet,FAIL,23551,468,False,True,,0,,,0
vehicle_positions_05_052642.parquet,FAIL,23431,466,False,True,,0,,,0
vehicle_positions_05_052713.parquet,FAIL,23367,465,False,True,,0,,,0
vehicle_positions_05_052744.parquet,FAIL,23417,466,False,True,,0,,,0
vehicle_positions_05_052815.parquet,FAIL,23354,464,False,True,,0,,,0
vehicle_positions_05_052845.parquet,FAIL,23242,462,False,True,,0,,,0
vehicle_positions_05_052916.parquet,FAIL,23328,464,False,True,,0,,,0
vehicle_positions_05_052947.parquet,FAIL,23358,463,False,True,,0,,,0
vehicle_positions_05_053017.parquet,FAIL,23309,461,False,True,,0,,,0
vehicle_positions_05_053048.parquet,FAIL,23374,463,False,True,,0,,,0
vehicle_positions_05_053119.parquet,FAIL,23316,462,False,True,,0,,,0
vehicle_positions_05_053149.parquet,FAIL,23223,459,False,True,,0,,,0
vehicle_positions_05_053220.parquet,FAIL,23241,458,False,True,,0,,,0
vehicle_positions_05_053251.parquet,FAIL,23151,456,False,True,,0,,,0
vehicle_positions_05_053321.parquet,FAIL,23164,455,False,True,,0,,,0
vehicle_positions_05_053352.parquet,FAIL,23159,454,False,True,,0,,,0
vehicle_positions_05_053422.parquet,FAIL,23121,452,False,True,,0,,,0
vehicle_positions_05_053453.parquet,FAIL,23056,451,False,True,,0,,,0
vehicle_positions_05_053523.parquet,FAIL,22975,448,False,True,,0,,,0
vehicle_positions_05_053554.parquet,FAIL,23022,448,False,True,,0,,,0
vehicle_positions_05_053625.parquet,FAIL,23056,449,False,True,,0,,,0
vehicle_positions_05_053655.parquet,FAIL,22827,445,False,True,,0,,,0
vehicle_positions_05_053726.parquet,FAIL,22498,440,False,True,,0,,,0
vehicle_positions_05_053756.parquet,FAIL,22589,439,False,True,,0,,,0
vehicle_positions_05_053827.parquet,FAIL,22348,435,False,True,,0,,,0
vehicle_positions_05_053858.parquet,FAIL,22277,433,False,True,,0,,,0
vehicle_positions_05_053928.parquet,FAIL,22187,431,False,True,,0,,,0
vehicle_positions_05_053959.parquet,FAIL,22082,427,False,True,,0,,,0
vehicle_positions_05_054030.parquet,FAIL,22089,430,False,True,,0,,,0
vehicle_positions_05_054100.parquet,FAIL,22139,429,False,True,,0,,,0
vehicle_positions_05_054131.parquet,FAIL,22021,425,False,True,,0,,,0
vehicle_positions_05_054201.parquet,FAIL,21955,425,False,True,,0,,,0
vehicle_positions_05_054232.parquet,FAIL,21945,423,False,True,,0,,,0
vehicle_positions_05_054303.parquet,FAIL,21842,422,False,True,,0,,,0
vehicle_positions_05_054333.parquet,FAIL,21808,421,False,True,,0,,,0
vehicle_positions_05_054404.parquet,FAIL,21835,420,False,True,,0,,,0
vehicle_positions_05_054435.parquet,FAIL,21779,419,False,True,,0,,,0
vehicle_positions_05_054505.parquet,FAIL,21853,421,False,True,,0,,,0
vehicle_positions_05_054536.parquet,FAIL,21879,424,False,True,,0,,,0
vehicle_positions_05_054607.parquet,FAIL,21891,424,False,True,,0,,,0
vehicle_positions_05_054637.parquet,FAIL,22109,427,False,True,,0,,,0
vehicle_positions_05_054708.parquet,FAIL,22187,426,False,True,,0,,,0
vehicle_positions_05_054738.parquet,FAIL,22003,424,False,True,,0,,,0
vehicle_positions_05_054809.parquet,FAIL,21989,421,False,True,,0,,,0
vehicle_positions_05_054840.parquet,FAIL,21909,420,False,True,,0,,,0
vehicle_positions_05_054910.parquet,FAIL,21995,422,False,True,,0,,,0
vehicle_positions_05_054941.parquet,FAIL,22060,423,False,True,,0,,,0
vehicle_positions_05_055011.parquet,FAIL,22002,422,False,True,,0,,,0
vehicle_positions_05_055042.parquet,FAIL,21863,420,False,True,,0,,,0
vehicle_positions_05_055113.parquet,FAIL,21734,418,False,True,,0,,,0
vehicle_positions_05_055143.parquet,FAIL,21801,417,False,True,,0,,,0
vehicle_positions_05_055214.parquet,FAIL,21660,415,False,True,,0,,,0
vehicle_positions_05_055244.parquet,FAIL,21562,415,False,True,,0,,,0
vehicle_positions_05_055315.parquet,FAIL,21618,412,False,True,,0,,,0
vehicle_positions_05_055346.parquet,FAIL,21464,409,False,True,,0,,,0
vehicle_positions_05_055417.parquet,FAIL,21344,406,False,True,,0,,,0
vehicle_positions_05_055448.parquet,FAIL,21266,404,False,True,,0,,,0
vehicle_positions_05_055518.parquet,FAIL,21289,404,False,True,,0,,,0
vehicle_positions_05_055549.parquet,FAIL,21165,401,False,True,,0,,,0
vehicle_positions_05_055619.parquet,FAIL,21095,400,False,True,,0,,,0
vehicle_positions_05_055650.parquet,FAIL,21064,400,False,True,,0,,,0
vehicle_positions_05_055721.parquet,FAIL,21080,400,False,True,,0,,,0
vehicle_positions_05_055751.parquet,FAIL,21173,403,False,True,,0,,,0
vehicle_positions_05_055822.parquet,FAIL,21190,403,False,True,,0,,,0
vehicle_positions_05_055852.parquet,FAIL,21269,405,False,True,,0,,,0
vehicle_positions_05_055923.parquet,FAIL,21303,405,False,True,,0,,,0
vehicle_positions_05_055954.parquet,FAIL,21266,403,False,True,,0,,,0
vehicle_positions_06_060024.parquet,FAIL,21385,405,False,True,,0,,,0
vehicle_positions_06_060055.parquet,FAIL,21588,413,False,True,,0,,,0
vehicle_positions_06_060127.parquet,FAIL,21694,414,False,True,,0,,,0
vehicle_positions_06_060157.parquet,FAIL,21673,414,False,True,,0,,,0
vehicle_positions_06_060228.parquet,FAIL,21665,414,False,True,,0,,,0
vehicle_positions_06_060259.parquet,FAIL,21559,412,False,True,,0,,,0
vehicle_positions_06_060329.parquet,FAIL,21518,409,False,True,,0,,,0
vehicle_positions_06_060400.parquet,FAIL,21421,408,False,True,,0,,,0
vehicle_positions_06_060430.parquet,FAIL,21370,408,False,True,,0,,,0
vehicle_positions_06_060501.parquet,FAIL,21389,408,False,True,,0,,,0
vehicle_positions_06_060532.parquet,FAIL,21572,411,False,True,,0,,,0
vehicle_positions_06_060602.parquet,FAIL,21582,409,False,True,,0,,,0
vehicle_positions_06_060633.parquet,FAIL,21273,403,False,True,,0,,,0
vehicle_positions_06_060704.parquet,FAIL,21324,403,False,True,,0,,,0
vehicle_positions_06_060734.parquet,FAIL,21352,405,False,True,,0,,,0
vehicle_positions_06_060805.parquet,FAIL,21349,404,False,True,,0,,,0
vehicle_positions_06_060835.parquet,FAIL,21304,403,False,True,,0,,,0
vehicle_positions_06_060906.parquet,FAIL,21172,401,False,True,,0,,,0
vehicle_positions_06_060936.parquet,FAIL,21256,402,False,True,,0,,,0
vehicle_positions_06_061007.parquet,FAIL,21199,400,False,True,,0,,,0
vehicle_positions_06_061037.parquet,FAIL,21097,398,False,True,,0,,,0
vehicle_positions_06_061108.parquet,FAIL,21064,399,False,True,,0,,,0
vehicle_positions_06_061139.parquet,FAIL,21205,400,False,True,,0,,,0
vehicle_positions_06_061209.parquet,FAIL,21251,400,False,True,,0,,,0
vehicle_positions_06_061240.parquet,FAIL,21230,401,False,True,,0,,,0
vehicle_positions_06_061310.parquet,FAIL,21267,400,False,True,,0,,,0
vehicle_positions_06_061341.parquet,FAIL,21113,399,False,True,,0,,,0
vehicle_positions_06_061411.parquet,FAIL,21101,394,False,True,,0,,,0
vehicle_positions_06_061442.parquet,FAIL,21043,392,False,True,,0,,,0
vehicle_positions_06_061513.parquet,FAIL,21127,393,False,True,,0,,,0
vehicle_positions_06_061543.parquet,FAIL,20936,391,False,True,,0,,,0
vehicle_positions_06_061614.parquet,FAIL,20850,389,False,True,,0,,,0
vehicle_positions_06_061644.parquet,FAIL,20722,386,False,True,,0,,,0
vehicle_positions_06_061715.parquet,FAIL,20782,387,False,True,,0,,,0
vehicle_positions_06_061746.parquet,FAIL,20731,387,False,True,,0,,,0
vehicle_positions_06_061816.parquet,FAIL,20688,387,False,True,,0,,,0
vehicle_positions_06_061847.parquet,FAIL,20825,389,False,True,,0,,,0
vehicle_positions_06_061917.parquet,FAIL,20814,388,False,True,,0,,,0
vehicle_positions_06_061948.parquet,FAIL,20820,387,False,True,,0,,,0
vehicle_positions_06_062018.parquet,FAIL,20726,385,False,True,,0,,,0
vehicle_positions_06_062049.parquet,FAIL,20709,386,False,True,,0,,,0
vehicle_positions_06_062120.parquet,FAIL,20582,384,False,True,,0,,,0
vehicle_positions_06_062150.parquet,FAIL,20460,381,False,True,,0,,,0
vehicle_positions_06_062221.parquet,FAIL,20381,378,False,True,,0,,,0
vehicle_positions_06_062251.parquet,FAIL,20409,379,False,True,,0,,,0
vehicle_positions_06_062322.parquet,FAIL,20370,378,False,True,,0,,,0
vehicle_positions_06_062353.parquet,FAIL,20418,378,False,True,,0,,,0
vehicle_positions_06_062423.parquet,FAIL,20391,377,False,True,,0,,,0
vehicle_positions_06_062454.parquet,FAIL,20381,379,False,True,,0,,,0
vehicle_positions_06_062524.parquet,FAIL,20484,379,False,True,,0,,,0
vehicle_positions_06_062555.parquet,FAIL,20470,378,False,True,,0,,,0
vehicle_positions_06_062626.parquet,FAIL,20379,376,False,True,,0,,,0
vehicle_positions_06_062656.parquet,FAIL,20284,374,False,True,,0,,,0
vehicle_positions_06_062727.parquet,FAIL,20192,374,False,True,,0,,,0
vehicle_positions_06_062757.parquet,FAIL,20164,373,False,True,,0,,,0
vehicle_positions_06_062828.parquet,FAIL,20297,374,False,True,,0,,,0
vehicle_positions_06_062858.parquet,FAIL,20354,375,False,True,,0,,,0
vehicle_positions_06_062929.parquet,FAIL,20253,370,False,True,,0,,,0
vehicle_positions_06_062959.parquet,FAIL,20272,372,False,True,,0,,,0
vehicle_positions_06_063030.parquet,FAIL,20347,373,False,True,,0,,,0
vehicle_positions_06_063101.parquet,FAIL,20336,373,False,True,,0,,,0
vehicle_positions_06_063132.parquet,FAIL,20208,371,False,True,,0,,,0
vehicle_positions_06_063202.parquet,FAIL,20210,370,False,True,,0,,,0
vehicle_positions_06_063233.parquet,FAIL,20255,369,False,True,,0,,,0
vehicle_positions_06_063303.parquet,FAIL,20155,368,False,True,,0,,,0
vehicle_positions_06_063334.parquet,FAIL,20138,368,False,True,,0,,,0
vehicle_positions_06_063404.parquet,FAIL,20179,367,False,True,,0,,,0
vehicle_positions_06_063435.parquet,FAIL,19965,362,False,True,,0,,,0
vehicle_positions_06_063506.parquet,FAIL,19908,360,False,True,,0,,,0
vehicle_positions_06_063536.parquet,FAIL,19924,361,False,True,,0,,,0
vehicle_positions_06_063607.parquet,FAIL,19779,360,False,True,,0,,,0
vehicle_positions_06_063637.parquet,FAIL,19770,360,False,True,,0,,,0
vehicle_positions_06_063708.parquet,FAIL,19733,359,False,True,,0,,,0
vehicle_positions_06_063738.parquet,FAIL,19649,356,False,True,,0,,,0
vehicle_positions_06_063809.parquet,FAIL,19717,357,False,True,,0,,,0
vehicle_positions_06_063840.parquet,FAIL,19591,353,False,True,,0,,,0
vehicle_positions_06_063910.parquet,FAIL,19374,351,False,True,,0,,,0
vehicle_positions_06_063941.parquet,FAIL,19556,351,False,True,,0,,,0
vehicle_positions_06_064011.parquet,FAIL,19391,349,False,True,,0,,,0
vehicle_positions_06_064042.parquet,FAIL,19381,349,False,True,,0,,,0
vehicle_positions_06_064113.parquet,FAIL,19519,351,False,True,,0,,,0
vehicle_positions_06_064143.parquet,FAIL,19502,351,False,True,,0,,,0
vehicle_positions_06_064214.parquet,FAIL,19477,350,False,True,,0,,,0
vehicle_positions_06_064244.parquet,FAIL,19484,350,False,True,,0,,,0
vehicle_positions_06_064315.parquet,FAIL,19420,348,False,True,,0,,,0
vehicle_positions_06_064346.parquet,FAIL,19411,347,False,True,,0,,,0
vehicle_positions_06_064416.parquet,FAIL,19353,345,False,True,,0,,,0
vehicle_positions_06_064447.parquet,FAIL,19363,346,False,True,,0,,,0
vehicle_positions_06_064517.parquet,FAIL,19370,348,False,True,,0,,,0
vehicle_positions_06_064549.parquet,FAIL,19413,348,False,True,,0,,,0
vehicle_positions_06_064620.parquet,FAIL,19337,346,False,True,,0,,,0
vehicle_positions_06_064650.parquet,FAIL,19301,345,False,True,,0,,,0
vehicle_positions_06_064721.parquet,FAIL,19403,345,False,True,,0,,,0
vehicle_positions_06_064752.parquet,FAIL,19241,344,False,True,,0,,,0
vehicle_positions_06_064822.parquet,FAIL,19208,343,False,True,,0,,,0
vehicle_positions_06_064853.parquet,FAIL,19197,340,False,True,,0,,,0
vehicle_positions_06_064923.parquet,FAIL,19166,340,False,True,,0,,,0
vehicle_positions_06_064954.parquet,FAIL,18978,336,False,True,,0,,,0
vehicle_positions_06_065025.parquet,FAIL,18926,335,False,True,,0,,,0
vehicle_positions_06_065055.parquet,FAIL,18913,334,False,True,,0,,,0
vehicle_positions_06_065126.parquet,FAIL,19132,337,False,True,,0,,,0
vehicle_positions_06_065156.parquet,FAIL,18969,334,False,True,,0,,,0
vehicle_positions_06_065227.parquet,FAIL,19006,336,False,True,,0,,,0
vehicle_positions_06_065257.parquet,FAIL,19037,336,False,True,,0,,,0
vehicle_positions_06_065328.parquet,FAIL,19079,335,False,True,,0,,,0
vehicle_positions_06_065358.parquet,FAIL,19038,336,False,True,,0,,,0
vehicle_positions_06_065429.parquet,FAIL,18872,330,False,True,,0,,,0
vehicle_positions_06_065459.parquet,FAIL,18879,331,False,True,,0,,,0
vehicle_positions_06_065530.parquet,FAIL,18860,329,False,True,,0,,,0
vehicle_positions_06_065601.parquet,FAIL,18835,331,False,True,,0,,,0
vehicle_positions_06_065631.parquet,FAIL,18679,328,False,True,,0,,,0
vehicle_positions_06_065702.parquet,FAIL,18700,328,False,True,,0,,,0
vehicle_positions_06_065732.parquet,FAIL,18555,324,False,True,,0,,,0
vehicle_positions_06_065803.parquet,FAIL,18563,325,False,True,,0,,,0
vehicle_positions_06_065834.parquet,FAIL,18587,325,False,True,,0,,,0
vehicle_positions_06_065904.parquet,FAIL,18681,325,False,True,,0,,,0
vehicle_positions_06_065935.parquet,FAIL,18598,325,False,True,,0,,,0
vehicle_positions_07_070005.parquet,FAIL,18648,325,False,True,,0,,,0
vehicle_positions_07_070036.parquet,FAIL,18552,324,False,True,,0,,,0
vehicle_positions_07_070106.parquet,FAIL,18492,322,False,True,,0,,,0
vehicle_positions_07_070137.parquet,FAIL,18529,322,False,True,,0,,,0
vehicle_positions_07_070207.parquet,FAIL,18544,322,False,True,,0,,,0
vehicle_positions_07_070238.parquet,FAIL,18510,322,False,True,,0,,,0
vehicle_positions_07_070309.parquet,FAIL,18462,321,False,True,,0,,,0
vehicle_positions_07_070339.parquet,FAIL,18384,319,False,True,,0,,,0
vehicle_positions_07_070410.parquet,FAIL,18352,318,False,True,,0,,,0
vehicle_positions_07_070440.parquet,FAIL,18369,320,False,True,,0,,,0
vehicle_positions_07_070511.parquet,FAIL,18342,319,False,True,,0,,,0
vehicle_positions_07_070541.parquet,FAIL,18450,319,False,True,,0,,,0
vehicle_positions_07_070612.parquet,FAIL,18455,320,False,True,,0,,,0
vehicle_positions_07_070642.parquet,FAIL,18450,320,False,True,,0,,,0
vehicle_positions_07_070713.parquet,FAIL,18523,321,False,True,,0,,,0
vehicle_positions_07_070743.parquet,FAIL,18487,318,False,True,,0,,,0
vehicle_positions_07_070814.parquet,FAIL,18417,317,False,True,,0,,,0
vehicle_positions_07_070845.parquet,FAIL,18246,313,False,True,,0,,,0
vehicle_positions_07_070917.parquet,FAIL,18363,315,False,True,,0,,,0
vehicle_positions_07_070948.parquet,FAIL,18340,316,False,True,,0,,,0
vehicle_positions_07_071018.parquet,FAIL,18403,316,False,True,,0,,,0
vehicle_positions_07_071049.parquet,FAIL,18429,316,False,True,,0,,,0
vehicle_positions_07_071120.parquet,FAIL,18478,317,False,True,,0,,,0
vehicle_positions_07_071150.parquet,FAIL,18375,316,False,True,,0,,,0
vehicle_positions_07_071221.parquet,FAIL,18392,315,False,True,,0,,,0
vehicle_positions_07_071251.parquet,FAIL,18340,313,False,True,,0,,,0
vehicle_positions_07_071322.parquet,FAIL,18309,313,False,True,,0,,,0
vehicle_positions_07_071352.parquet,FAIL,18352,313,False,True,,0,,,0
vehicle_positions_07_071423.parquet,FAIL,18322,311,False,True,,0,,,0
vehicle_positions_07_071454.parquet,FAIL,18211,310,False,True,,0,,,0
vehicle_positions_07_071526.parquet,FAIL,18045,307,False,True,,0,,,0
vehicle_positions_07_071556.parquet,FAIL,17846,302,False,True,,0,,,0
vehicle_positions_07_071627.parquet,FAIL,17865,301,False,True,,0,,,0
vehicle_positions_07_071658.parquet,FAIL,17818,299,False,True,,0,,,0
vehicle_positions_07_071728.parquet,FAIL,17809,299,False,True,,0,,,0
vehicle_positions_07_071759.parquet,FAIL,17812,299,False,True,,0,,,0
vehicle_positions_07_071829.parquet,FAIL,17799,298,False,True,,0,,,0
vehicle_positions_07_071900.parquet,FAIL,17643,296,False,True,,0,,,0
vehicle_positions_07_071931.parquet,FAIL,17810,297,False,True,,0,,,0
vehicle_positions_07_072001.parquet,FAIL,17627,295,False,True,,0,,,0
vehicle_positions_07_072032.parquet,FAIL,17568,293,False,True,,0,,,0
vehicle_positions_07_072102.parquet,FAIL,17489,291,False,True,,0,,,0
vehicle_positions_07_072133.parquet,FAIL,17491,290,False,True,,0,,,0
vehicle_positions_07_072203.parquet,FAIL,17486,289,False,True,,0,,,0
vehicle_positions_07_072234.parquet,FAIL,17474,289,False,True,,0,,,0
vehicle_positions_07_072305.parquet,FAIL,17368,286,False,True,,0,,,0
vehicle_positions_07_072335.parquet,FAIL,17347,287,False,True,,0,,,0
vehicle_positions_07_072406.parquet,FAIL,17281,285,False,True,,0,,,0
vehicle_positions_07_072437.parquet,FAIL,17238,284,False,True,,0,,,0
vehicle_positions_07_072507.parquet,FAIL,17283,283,False,True,,0,,,0
vehicle_positions_07_072538.parquet,FAIL,17373,285,False,True,,0,,,0
vehicle_positions_07_072608.parquet,FAIL,17248,283,False,True,,0,,,0
vehicle_positions_07_072639.parquet,FAIL,17272,283,False,True,,0,,,0
vehicle_positions_07_072709.parquet,FAIL,17253,282,False,True,,0,,,0
vehicle_positions_07_072740.parquet,FAIL,17274,281,False,True,,0,,,0
vehicle_positions_07_072810.parquet,FAIL,17100,278,False,True,,0,,,0
vehicle_positions_07_072841.parquet,FAIL,17133,278,False,True,,0,,,0
vehicle_positions_07_072912.parquet,FAIL,17194,279,False,True,,0,,,0
vehicle_positions_07_072942.parquet,FAIL,17052,274,False,True,,0,,,0
vehicle_positions_07_073013.parquet,FAIL,17070,274,False,True,,0,,,0
vehicle_positions_07_073043.parquet,FAIL,17011,274,False,True,,0,,,0
vehicle_positions_07_073114.parquet,FAIL,16826,272,False,True,,0,,,0
vehicle_positions_07_073144.parquet,FAIL,16801,269,False,True,,0,,,0
vehicle_positions_07_073215.parquet,FAIL,16914,271,False,True,,0,,,0
vehicle_positions_07_073246.parquet,FAIL,16867,270,False,True,,0,,,0
vehicle_positions_07_073316.parquet,FAIL,16740,267,False,True,,0,,,0
vehicle_positions_07_073347.parquet,FAIL,16706,265,False,True,,0,,,0
vehicle_positions_07_073417.parquet,FAIL,16567,265,False,True,,0,,,0
vehicle_positions_07_073448.parquet,FAIL,16579,264,False,True,,0,,,0
vehicle_positions_07_073518.parquet,FAIL,16377,259,False,True,,0,,,0
vehicle_positions_07_073549.parquet,FAIL,16367,258,False,True,,0,,,0
vehicle_positions_07_073620.parquet,FAIL,16105,255,False,True,,0,,,0
vehicle_positions_07_073650.parquet,FAIL,16018,255,False,True,,0,,,0
vehicle_positions_07_073721.parquet,FAIL,16106,255,False,True,,0,,,0
vehicle_positions_07_073751.parquet,FAIL,16085,254,False,True,,0,,,0
vehicle_positions_07_073822.parquet,FAIL,16000,252,False,True,,0,,,0
vehicle_positions_07_073852.parquet,FAIL,15930,251,False,True,,0,,,0
vehicle_positions_07_073923.parquet,FAIL,15891,249,False,True,,0,,,0
vehicle_positions_07_073953.parquet,FAIL,15901,249,False,True,,0,,,0
vehicle_positions_07_074024.parquet,FAIL,15997,252,False,True,,0,,,0
vehicle_positions_07_074055.parquet,FAIL,15825,250,False,True,,0,,,0
vehicle_positions_07_074125.parquet,FAIL,15961,251,False,True,,0,,,0
vehicle_positions_07_074156.parquet,FAIL,15926,250,False,True,,0,,,0
vehicle_positions_07_074226.parquet,FAIL,15861,248,False,True,,0,,,0
vehicle_positions_07_074257.parquet,FAIL,15820,247,False,True,,0,,,0
vehicle_positions_07_074328.parquet,FAIL,15808,246,False,True,,0,,,0
vehicle_positions_07_074358.parquet,FAIL,15884,248,False,True,,0,,,0
vehicle_positions_07_074429.parquet,FAIL,15778,247,False,True,,0,,,0
vehicle_positions_07_074459.parquet,FAIL,15755,247,False,True,,0,,,0
vehicle_positions_07_074530.parquet,FAIL,15877,249,False,True,,0,,,0
vehicle_positions_07_074601.parquet,FAIL,15904,249,False,True,,0,,,0
vehicle_positions_07_074631.parquet,FAIL,15812,247,False,True,,0,,,0
vehicle_positions_07_074702.parquet,FAIL,15676,242,False,True,,0,,,0
vehicle_positions_07_074732.parquet,FAIL,15663,241,False,True,,0,,,0
vehicle_positions_07_074803.parquet,FAIL,15562,240,False,True,,0,,,0
vehicle_positions_07_074833.parquet,FAIL,15534,239,False,True,,0,,,0
vehicle_positions_07_074904.parquet,FAIL,15467,236,False,True,,0,,,0
vehicle_positions_07_074935.parquet,FAIL,15348,233,False,True,,0,,,0
vehicle_positions_07_075005.parquet,FAIL,15415,233,False,True,,0,,,0
vehicle_positions_07_075036.parquet,FAIL,15255,231,False,True,,0,,,0
vehicle_positions_07_075106.parquet,FAIL,15257,230,False,True,,0,,,0
vehicle_positions_07_075137.parquet,FAIL,15245,229,False,True,,0,,,0
vehicle_positions_07_075207.parquet,FAIL,15292,229,False,True,,0,,,0
vehicle_positions_07_075238.parquet,FAIL,15064,225,False,True,,0,,,0
vehicle_positions_07_075309.parquet,FAIL,14976,224,False,True,,0,,,0
vehicle_positions_07_075339.parquet,FAIL,14943,223,False,True,,0,,,0
vehicle_positions_07_075410.parquet,FAIL,15065,225,False,True,,0,,,0
vehicle_positions_07_075440.parquet,FAIL,14917,223,False,True,,0,,,0
vehicle_positions_07_075511.parquet,FAIL,14943,223,False,True,,0,,,0
vehicle_positions_07_075541.parquet,FAIL,14926,223,False,True,,0,,,0
vehicle_positions_07_075612.parquet,FAIL,14980,223,False,True,,0,,,0
vehicle_positions_07_075642.parquet,FAIL,14812,219,False,True,,0,,,0
vehicle_positions_07_075714.parquet,FAIL,14773,217,False,True,,0,,,0
vehicle_positions_07_075744.parquet,FAIL,14779,217,False,True,,0,,,0
vehicle_positions_07_075815.parquet,FAIL,14702,216,False,True,,0,,,0
vehicle_positions_07_075845.parquet,FAIL,14774,218,False,True,,0,,,0
vehicle_positions_07_075916.parquet,FAIL,14939,220,False,True,,0,,,0
vehicle_positions_07_075946.parquet,FAIL,14895,220,False,True,,0,,,0
vehicle_positions_08_080017.parquet,FAIL,14855,219,False,True,,0,,,0
vehicle_positions_08_080047.parquet,FAIL,14904,218,False,True,,0,,,0
vehicle_positions_08_080118.parquet,FAIL,14811,217,False,True,,0,,,0
vehicle_positions_08_080149.parquet,FAIL,14689,215,False,True,,0,,,0
vehicle_positions_08_080219.parquet,FAIL,14776,215,False,True,,0,,,0
vehicle_positions_08_080250.parquet,FAIL,14731,215,False,True,,0,,,0
vehicle_positions_08_080320.parquet,FAIL,14742,215,False,True,,0,,,0
vehicle_positions_08_080351.parquet,FAIL,14915,218,False,True,,0,,,0
vehicle_positions_08_080421.parquet,FAIL,14796,215,False,True,,0,,,0
vehicle_positions_08_080452.parquet,FAIL,14755,213,False,True,,0,,,0
vehicle_positions_08_080522.parquet,FAIL,14692,213,False,True,,0,,,0
vehicle_positions_08_080553.parquet,FAIL,14600,210,False,True,,0,,,0
vehicle_positions_08_080624.parquet,FAIL,14495,208,False,True,,0,,,0
vehicle_positions_08_080654.parquet,FAIL,14547,208,False,True,,0,,,0
vehicle_positions_08_080725.parquet,FAIL,14465,207,False,True,,0,,,0
vehicle_positions_08_080755.parquet,FAIL,14324,203,False,True,,0,,,0
vehicle_positions_08_080826.parquet,FAIL,14234,201,False,True,,0,,,0
vehicle_positions_08_080856.parquet,FAIL,14122,196,False,True,,0,,,0
vehicle_positions_08_080927.parquet,FAIL,14095,196,False,True,,0,,,0
vehicle_positions_08_080957.parquet,FAIL,13963,196,False,True,,0,,,0
vehicle_positions_08_081028.parquet,FAIL,14020,195,False,True,,0,,,0
vehicle_positions_08_081058.parquet,FAIL,14024,195,False,True,,0,,,0
vehicle_positions_08_081129.parquet,FAIL,13822,190,False,True,,0,,,0
vehicle_positions_08_081159.parquet,FAIL,13694,187,False,True,,0,,,0
vehicle_positions_08_081230.parquet,FAIL,13703,187,False,True,,0,,,0
vehicle_positions_08_081301.parquet,FAIL,13698,187,False,True,,0,,,0
vehicle_positions_08_081331.parquet,FAIL,13652,185,False,True,,0,,,0
vehicle_positions_08_081402.parquet,FAIL,13638,185,False,True,,0,,,0
vehicle_positions_08_081432.parquet,FAIL,13630,185,False,True,,0,,,0
vehicle_positions_08_081503.parquet,FAIL,13717,185,False,True,,0,,,0
vehicle_positions_08_081534.parquet,FAIL,13517,184,False,True,,0,,,0
vehicle_positions_08_081604.parquet,FAIL,13440,181,False,True,,0,,,0
vehicle_positions_08_081635.parquet,FAIL,13595,184,False,True,,0,,,0
vehicle_positions_08_081705.parquet,FAIL,13694,186,False,True,,0,,,0
vehicle_positions_08_081736.parquet,FAIL,13681,185,False,True,,0,,,0
vehicle_positions_08_081806.parquet,FAIL,13742,186,False,True,,0,,,0
vehicle_positions_08_081837.parquet,FAIL,13677,184,False,True,,0,,,0
vehicle_positions_08_081907.parquet,FAIL,13686,183,False,True,,0,,,0
vehicle_positions_08_081938.parquet,FAIL,13633,183,False,True,,0,,,0
vehicle_positions_08_082009.parquet,FAIL,13561,181,False,True,,0,,,0
vehicle_positions_08_082039.parquet,FAIL,13473,179,False,True,,0,,,0
vehicle_positions_08_082110.parquet,FAIL,13491,179,False,True,,0,,,0
vehicle_positions_08_082140.parquet,FAIL,13470,180,False,True,,0,,,0
vehicle_positions_08_082211.parquet,FAIL,13563,180,False,True,,0,,,0
vehicle_positions_08_082241.parquet,FAIL,13389,175,False,True,,0,,,0
vehicle_positions_08_082312.parquet,FAIL,13349,174,False,True,,0,,,0
vehicle_positions_08_082343.parquet,FAIL,13282,173,False,True,,0,,,0
vehicle_positions_08_082413.parquet,FAIL,13177,170,False,True,,0,,,0
vehicle_positions_08_082444.parquet,FAIL,13121,168,False,True,,0,,,0
vehicle_positions_08_082514.parquet,FAIL,13072,168,False,True,,0,,,0
vehicle_positions_08_082545.parquet,FAIL,13110,167,False,True,,0,,,0
vehicle_positions_08_082615.parquet,FAIL,13024,167,False,True,,0,,,0
vehicle_positions_08_082646.parquet,FAIL,13070,166,False,True,,0,,,0
vehicle_positions_08_082716.parquet,FAIL,13034,166,False,True,,0,,,0
vehicle_positions_08_082747.parquet,FAIL,13021,164,False,True,,0,,,0
vehicle_positions_08_082817.parquet,FAIL,12910,162,False,True,,0,,,0
vehicle_positions_08_082848.parquet,FAIL,12867,161,False,True,,0,,,0
vehicle_positions_08_082918.parquet,FAIL,12845,159,False,True,,0,,,0
vehicle_positions_08_082949.parquet,FAIL,12795,160,False,True,,0,,,0
vehicle_positions_08_083019.parquet,FAIL,12820,160,False,True,,0,,,0
vehicle_positions_08_083049.parquet,FAIL,12807,159,False,True,,0,,,0
vehicle_positions_08_083120.parquet,FAIL,12829,160,False,True,,0,,,0
vehicle_positions_08_083150.parquet,FAIL,12710,157,False,True,,0,,,0
vehicle_positions_08_083221.parquet,FAIL,12686,156,False,True,,0,,,0
vehicle_positions_08_083251.parquet,FAIL,12678,156,False,True,,0,,,0
vehicle_positions_08_083322.parquet,FAIL,12529,151,False,True,,0,,,0
vehicle_positions_08_083353.parquet,FAIL,12444,149,False,True,,0,,,0
vehicle_positions_08_083423.parquet,FAIL,12546,150,False,True,,0,,,0
vehicle_positions_08_083454.parquet,FAIL,12508,150,False,True,,0,,,0
vehicle_positions_08_083524.parquet,FAIL,12553,150,False,True,,0,,,0
vehicle_positions_08_083555.parquet,FAIL,12480,149,False,True,,0,,,0
vehicle_positions_08_083626.parquet,FAIL,12434,147,False,True,,0,,,0
vehicle_positions_08_083656.parquet,FAIL,12419,147,False,True,,0,,,0
vehicle_positions_08_083726.parquet,FAIL,12425,148,False,True,,0,,,0
vehicle_positions_08_083757.parquet,FAIL,12445,148,False,True,,0,,,0
vehicle_positions_08_083828.parquet,FAIL,12408,146,False,True,,0,,,0
vehicle_positions_08_083858.parquet,FAIL,12418,147,False,True,,0,,,0
vehicle_positions_08_083929.parquet,FAIL,12455,148,False,True,,0,,,0
vehicle_positions_08_083959.parquet,FAIL,12433,147,False,True,,0,,,0
vehicle_positions_08_084030.parquet,FAIL,12420,147,False,True,,0,,,0
vehicle_positions_08_084100.parquet,FAIL,12445,147,False,True,,0,,,0
vehicle_positions_08_084131.parquet,FAIL,12323,144,False,True,,0,,,0
vehicle_positions_08_084201.parquet,FAIL,12214,142,False,True,,0,,,0
vehicle_positions_08_084232.parquet,FAIL,12131,141,False,True,,0,,,0
vehicle_positions_08_084302.parquet,FAIL,12138,140,False,True,,0,,,0
vehicle_positions_08_084333.parquet,FAIL,12007,137,False,True,,0,,,0
vehicle_positions_08_084403.parquet,FAIL,11897,134,False,True,,0,,,0
vehicle_positions_08_084434.parquet,FAIL,11873,135,False,True,,0,,,0
vehicle_positions_08_084504.parquet,FAIL,11909,136,False,True,,0,,,0
vehicle_positions_08_084535.parquet,FAIL,11857,134,False,True,,0,,,0
vehicle_positions_08_084605.parquet,FAIL,11883,134,False,True,,0,,,0
vehicle_positions_08_084636.parquet,FAIL,11876,133,False,True,,0,,,0
vehicle_positions_08_084706.parquet,FAIL,11768,132,False,True,,0,,,0
vehicle_positions_08_084737.parquet,FAIL,11879,132,False,True,,0,,,0
vehicle_positions_08_084807.parquet,FAIL,11829,132,False,True,,0,,,0
vehicle_positions_08_084838.parquet,FAIL,11750,131,False,True,,0,,,0
vehicle_positions_08_084908.parquet,FAIL,11725,129,False,True,,0,,,0
vehicle_positions_08_084939.parquet,FAIL,11734,129,False,True,,0,,,0
vehicle_positions_08_085009.parquet,FAIL,11708,129,False,True,,0,,,0
vehicle_positions_08_085040.parquet,FAIL,11727,129,False,True,,0,,,0
vehicle_positions_08_085110.parquet,FAIL,11765,130,False,True,,0,,,0
vehicle_positions_08_085141.parquet,FAIL,11731,129,False,True,,0,,,0
vehicle_positions_08_085211.parquet,FAIL,11559,128,False,True,,0,,,0
vehicle_positions_08_085242.parquet,FAIL,11645,128,False,True,,0,,,0
vehicle_positions_08_085312.parquet,FAIL,11618,128,False,True,,0,,,0
vehicle_positions_08_085343.parquet,FAIL,11554,125,False,True,,0,,,0
vehicle_positions_08_085413.parquet,FAIL,11526,124,False,True,,0,,,0
vehicle_positions_08_085444.parquet,FAIL,11490,123,False,True,,0,,,0
vehicle_positions_08_085514.parquet,FAIL,11402,121,False,True,,0,,,0
vehicle_positions_08_085544.parquet,FAIL,11406,121,False,True,,0,,,0
vehicle_positions_08_085615.parquet,FAIL,11404,121,False,True,,0,,,0
vehicle_positions_08_085645.parquet,FAIL,11286,120,False,True,,0,,,0
vehicle_positions_08_085716.parquet,FAIL,11226,119,False,True,,0,,,0
vehicle_positions_08_085746.parquet,FAIL,11215,118,False,True,,0,,,0
vehicle_positions_08_085817.parquet,FAIL,11169,116,False,True,,0,,,0
vehicle_positions_08_085847.parquet,FAIL,11088,113,False,True,,0,,,0
vehicle_positions_08_085918.parquet,FAIL,11069,113,False,True,,0,,,0
vehicle_positions_08_085948.parquet,FAIL,10959,111,False,True,,0,,,0
vehicle_positions_09_090019.parquet,FAIL,11037,112,False,True,,0,,,0
vehicle_positions_09_090050.parquet,FAIL,10969,112,False,True,,0,,,0
vehicle_positions_09_090120.parquet,FAIL,11020,112,False,True,,0,,,0
vehicle_positions_09_090151.parquet,FAIL,10936,111,False,True,,0,,,0
vehicle_positions_09_090221.parquet,FAIL,11019,111,False,True,,0,,,0
vehicle_positions_09_090252.parquet,FAIL,10956,110,False,True,,0,,,0
vehicle_positions_09_090322.parquet,FAIL,10920,110,False,True,,0,,,0
vehicle_positions_09_090353.parquet,FAIL,10975,109,False,True,,0,,,0
vehicle_positions_09_090423.parquet,FAIL,10831,105,False,True,,0,,,0
vehicle_positions_09_090454.parquet,FAIL,10756,104,False,True,,0,,,0
vehicle_positions_09_090524.parquet,FAIL,10702,103,False,True,,0,,,0
vehicle_positions_09_090555.parquet,FAIL,10736,104,False,True,,0,,,0
vehicle_positions_09_090625.parquet,FAIL,10689,103,False,True,,0,,,0
vehicle_positions_09_090656.parquet,FAIL,10722,102,False,True,,0,,,0
vehicle_positions_09_090726.parquet,FAIL,10600,99,False,True,,0,,,0
vehicle_positions_09_090757.parquet,FAIL,10659,100,False,True,,0,,,0
vehicle_positions_09_090827.parquet,FAIL,10607,98,False,True,,0,,,0
vehicle_positions_09_090858.parquet,FAIL,10481,96,False,True,,0,,,0
vehicle_positions_09_090928.parquet,FAIL,10529,96,False,True,,0,,,0
vehicle_positions_09_090959.parquet,FAIL,10458,96,False,True,,0,,,0
vehicle_positions_09_091029.parquet,FAIL,10578,98,False,True,,0,,,0
vehicle_positions_09_091100.parquet,FAIL,10593,98,False,True,,0,,,0
vehicle_positions_09_091131.parquet,FAIL,10481,96,False,True,,0,,,0
vehicle_positions_09_091201.parquet,FAIL,10376,94,False,True,,0,,,0
vehicle_positions_09_091232.parquet,FAIL,10365,93,False,True,,0,,,0
vehicle_positions_09_091302.parquet,FAIL,10292,91,False,True,,0,,,0
vehicle_positions_09_091333.parquet,FAIL,10234,89,False,True,,0,,,0
vehicle_positions_09_091403.parquet,FAIL,10287,90,False,True,,0,,,0
vehicle_positions_09_091434.parquet,FAIL,10251,89,False,True,,0,,,0
vehicle_positions_09_091504.parquet,FAIL,10272,91,False,True,,0,,,0
vehicle_positions_09_091535.parquet,FAIL,10254,91,False,True,,0,,,0
vehicle_positions_09_091605.parquet,FAIL,10181,89,False,True,,0,,,0
vehicle_positions_09_091636.parquet,FAIL,10133,88,False,True,,0,,,0
vehicle_positions_09_091706.parquet,FAIL,10123,88,False,True,,0,,,0
vehicle_positions_09_091736.parquet,FAIL,10038,86,False,True,,0,,,0
vehicle_positions_09_091807.parquet,FAIL,9944,83,False,True,,0,,,0
vehicle_positions_09_091837.parquet,FAIL,9919,82,False,True,,0,,,0
vehicle_positions_09_091908.parquet,FAIL,9876,81,False,True,,0,,,0
vehicle_positions_09_091939.parquet,FAIL,9909,82,False,True,,0,,,0
vehicle_positions_09_092009.parquet,FAIL,9845,81,False,True,,0,,,0
vehicle_positions_09_092040.parquet,FAIL,9790,80,False,True,,0,,,0
vehicle_positions_09_092110.parquet,FAIL,9827,80,False,True,,0,,,0
vehicle_positions_09_092141.parquet,FAIL,9676,78,False,True,,0,,,0
vehicle_positions_09_092211.parquet,FAIL,9603,76,False,True,,0,,,0
vehicle_positions_09_092242.parquet,FAIL,9598,75,False,True,,0,,,0
vehicle_positions_09_092312.parquet,FAIL,9535,73,False,True,,0,,,0
vehicle_positions_09_092343.parquet,FAIL,9576,75,False,True,,0,,,0
vehicle_positions_09_092413.parquet,FAIL,9621,75,False,True,,0,,,0
vehicle_positions_09_092444.parquet,FAIL,9611,75,False,True,,0,,,0
vehicle_positions_09_092514.parquet,FAIL,9571,74,False,True,,0,,,0
vehicle_positions_09_092545.parquet,FAIL,9552,74,False,True,,0,,,0
vehicle_positions_09_092615.parquet,FAIL,9557,74,False,True,,0,,,0
vehicle_positions_09_092646.parquet,FAIL,9440,72,False,True,,0,,,0
vehicle_positions_09_092716.parquet,FAIL,9452,72,False,True,,0,,,0
vehicle_positions_09_092747.parquet,FAIL,9447,72,False,True,,0,,,0
vehicle_positions_09_092817.parquet,FAIL,9450,72,False,True,,0,,,0
vehicle_positions_09_092848.parquet,FAIL,9349,70,False,True,,0,,,0
vehicle_positions_09_092918.parquet,FAIL,9307,69,False,True,,0,,,0
vehicle_positions_09_092949.parquet,FAIL,9325,70,False,True,,0,,,0
vehicle_positions_09_093019.parquet,FAIL,9313,69,False,True,,0,,,0
vehicle_positions_09_093050.parquet,FAIL,9374,69,False,True,,0,,,0
vehicle_positions_09_093120.parquet,FAIL,9336,69,False,True,,0,,,0
vehicle_positions_09_093151.parquet,FAIL,9360,69,False,True,,0,,,0
vehicle_positions_09_093221.parquet,FAIL,9244,68,False,True,,0,,,0
vehicle_positions_09_093252.parquet,FAIL,9279,68,False,True,,0,,,0
vehicle_positions_09_093322.parquet,FAIL,9228,67,False,True,,0,,,0
vehicle_positions_09_093353.parquet,FAIL,9171,66,False,True,,0,,,0
vehicle_positions_09_093424.parquet,FAIL,9209,66,False,True,,0,,,0
vehicle_positions_09_093454.parquet,FAIL,9151,65,False,True,,0,,,0
vehicle_positions_09_093525.parquet,FAIL,9139,65,False,True,,0,,,0
vehicle_positions_09_093555.parquet,FAIL,9179,65,False,True,,0,,,0
vehicle_positions_09_093626.parquet,FAIL,9210,65,False,True,,0,,,0
vehicle_positions_09_093656.parquet,FAIL,9174,65,False,True,,0,,,0
vehicle_positions_09_093727.parquet,FAIL,9157,65,False,True,,0,,,0
vehicle_positions_09_093757.parquet,FAIL,9191,65,False,True,,0,,,0
vehicle_positions_09_093827.parquet,FAIL,9065,64,False,True,,0,,,0
vehicle_positions_09_093858.parquet,FAIL,8977,63,False,True,,0,,,0
vehicle_positions_09_093928.parquet,FAIL,8994,63,False,True,,0,,,0
vehicle_positions_09_094000.parquet,FAIL,9005,63,False,True,,0,,,0
vehicle_positions_09_094030.parquet,FAIL,8920,61,False,True,,0,,,0
vehicle_positions_09_094101.parquet,FAIL,8883,60,False,True,,0,,,0
vehicle_positions_09_094132.parquet,FAIL,8891,60,False,True,,0,,,0
vehicle_positions_09_094202.parquet,FAIL,8817,59,False,True,,0,,,0
vehicle_positions_09_094233.parquet,FAIL,8797,58,False,True,,0,,,0
vehicle_positions_09_094303.parquet,FAIL,8694,56,False,True,,0,,,0
vehicle_positions_09_094334.parquet,FAIL,8699,56,False,True,,0,,,0
vehicle_positions_09_094404.parquet,FAIL,8588,53,False,True,,0,,,0
vehicle_positions_09_094434.parquet,FAIL,8584,52,False,True,,0,,,0
vehicle_positions_09_094505.parquet,FAIL,8461,50,False,True,,0,,,0
vehicle_positions_09_094536.parquet,FAIL,8427,50,False,True,,0,,,0
vehicle_positions_09_094606.parquet,FAIL,8432,50,False,True,,0,,,0
vehicle_positions_09_094637.parquet,FAIL,8464,50,False,True,,0,,,0
vehicle_positions_09_094707.parquet,FAIL,8440,49,False,True,,0,,,0
vehicle_positions_09_094737.parquet,FAIL,8474,49,False,True,,0,,,0
vehicle_positions_09_094808.parquet,FAIL,8328,48,False,True,,0,,,0
vehicle_positions_09_094838.parquet,FAIL,8327,47,False,True,,0,,,0
vehicle_positions_09_094909.parquet,FAIL,8302,47,False,True,,0,,,0
vehicle_positions_09_094939.parquet,FAIL,8404,49,False,True,,0,,,0
vehicle_positions_09_095010.parquet,FAIL,8416,49,False,True,,0,,,0
vehicle_positions_09_095040.parquet,FAIL,8455,49,False,True,,0,,,0
vehicle_positions_09_095111.parquet,FAIL,8430,49,False,True,,0,,,0
vehicle_positions_09_095141.parquet,FAIL,8452,49,False,True,,0,,,0
vehicle_positions_09_095212.parquet,FAIL,8422,49,False,True,,0,,,0
vehicle_positions_09_095242.parquet,FAIL,8431,50,False,True,,0,,,0
vehicle_positions_09_095313.parquet,FAIL,8435,49,False,True,,0,,,0
vehicle_positions_09_095344.parquet,FAIL,8438,49,False,True,,0,,,0
vehicle_positions_09_095414.parquet,FAIL,8335,48,False,True,,0,,,0
vehicle_positions_09_095445.parquet,FAIL,8333,48,False,True,,0,,,0
vehicle_positions_09_095515.parquet,FAIL,8276,47,False,True,,0,,,0
vehicle_positions_09_095546.parquet,FAIL,8282,47,False,True,,0,,,0
vehicle_positions_09_095616.parquet,FAIL,8307,47,False,True,,0,,,0
vehicle_positions_09_095647.parquet,FAIL,8248,46,False,True,,0,,,0
vehicle_positions_09_095717.parquet,FAIL,8245,45,False,True,,0,,,0
vehicle_positions_09_095748.parquet,FAIL,8245,45,False,True,,0,,,0
vehicle_positions_09_095818.parquet,FAIL,8215,45,False,True,,0,,,0
vehicle_positions_09_095848.parquet,FAIL,8189,44,False,True,,0,,,0
vehicle_positions_09_095919.parquet,FAIL,8217,44,False,True,,0,,,0
vehicle_positions_09_095949.parquet,FAIL,8196,43,False,True,,0,,,0
vehicle_positions_10_100020.parquet,FAIL,8114,42,False,True,,0,,,0
vehicle_positions_10_100050.parquet,FAIL,7993,40,False,True,,0,,,0
vehicle_positions_10_100121.parquet,FAIL,7993,40,False,True,,0,,,0
vehicle_positions_10_100152.parquet,FAIL,7993,40,False,True,,0,,,0
vehicle_positions_10_100222.parquet,FAIL,7993,40,False,True,,0,,,0
vehicle_positions_10_100253.parquet,FAIL,7962,39,False,True,,0,,,0
vehicle_positions_10_100323.parquet,FAIL,7962,39,False,True,,0,,,0
vehicle_positions_10_100354.parquet,FAIL,7962,39,False,True,,0,,,0
vehicle_positions_10_100424.parquet,FAIL,8035,41,False,True,,0,,,0
vehicle_positions_10_100454.parquet,FAIL,8093,41,False,True,,0,,,0
vehicle_positions_10_100525.parquet,FAIL,8109,41,False,True,,0,,,0
vehicle_positions_10_100555.parquet,FAIL,8043,42,False,True,,0,,,0
vehicle_positions_10_100626.parquet,FAIL,8184,44,False,True,,0,,,0
vehicle_positions_10_100656.parquet,FAIL,8208,44,False,True,,0,,,0
vehicle_positions_10_100727.parquet,FAIL,8192,44,False,True,,0,,,0
vehicle_positions_10_100757.parquet,FAIL,8233,44,False,True,,0,,,0
vehicle_positions_10_100828.parquet,FAIL,8199,43,False,True,,0,,,0
vehicle_positions_10_100858.parquet,FAIL,8206,43,False,True,,0,,,0
vehicle_positions_10_100929.parquet,FAIL,8133,42,False,True,,0,,,0
vehicle_positions_10_101000.parquet,FAIL,8140,42,False,True,,0,,,0
vehicle_positions_10_101030.parquet,FAIL,8036,42,False,True,,0,,,0
vehicle_positions_10_101101.parquet,FAIL,8122,42,False,True,,0,,,0
vehicle_positions_10_101131.parquet,FAIL,8111,42,False,True,,0,,,0
vehicle_positions_10_101202.parquet,FAIL,8092,42,False,True,,0,,,0
vehicle_positions_10_101232.parquet,FAIL,8122,42,False,True,,0,,,0
vehicle_positions_10_101303.parquet,FAIL,8119,42,False,True,,0,,,0
vehicle_positions_10_101333.parquet,FAIL,8100,42,False,True,,0,,,0
vehicle_positions_10_101404.parquet,FAIL,8139,42,False,True,,0,,,0
vehicle_positions_10_101434.parquet,FAIL,8098,41,False,True,,0,,,0
vehicle_positions_10_101505.parquet,FAIL,7858,39,False,True,,0,,,0
vehicle_positions_10_101535.parquet,FAIL,7846,37,False,True,,0,,,0
vehicle_positions_10_101606.parquet,FAIL,7857,36,False,True,,0,,,0
vehicle_positions_10_101636.parquet,FAIL,7866,36,False,True,,0,,,0
vehicle_positions_10_101707.parquet,FAIL,7864,36,False,True,,0,,,0
vehicle_positions_10_101737.parquet,FAIL,7862,36,False,True,,0,,,0
vehicle_positions_10_101808.parquet,FAIL,7764,36,False,True,,0,,,0
vehicle_positions_10_101838.parquet,FAIL,7796,36,False,True,,0,,,0
vehicle_positions_10_101909.parquet,FAIL,7849,36,False,True,,0,,,0
vehicle_positions_10_101939.parquet,FAIL,7831,36,False,True,,0,,,0
vehicle_positions_10_102010.parquet,FAIL,7797,35,False,True,,0,,,0
vehicle_positions_10_102040.parquet,FAIL,7817,35,False,True,,0,,,0
vehicle_positions_10_102111.parquet,FAIL,7795,35,False,True,,0,,,0
vehicle_positions_10_102141.parquet,FAIL,7809,35,False,True,,0,,,0
vehicle_positions_10_102212.parquet,FAIL,7799,35,False,True,,0,,,0
vehicle_positions_10_102242.parquet,FAIL,7785,34,False,True,,0,,,0
vehicle_positions_10_102313.parquet,FAIL,7775,35,False,True,,0,,,0
vehicle_positions_10_102343.parquet,FAIL,7823,35,False,True,,0,,,0
vehicle_positions_10_102414.parquet,FAIL,7858,36,False,True,,0,,,0
vehicle_positions_10_102444.parquet,FAIL,7865,36,False,True,,0,,,0
vehicle_positions_10_102515.parquet,FAIL,7802,34,False,True,,0,,,0
vehicle_positions_10_102545.parquet,FAIL,7774,34,False,True,,0,,,0
vehicle_positions_10_102616.parquet,FAIL,7792,34,False,True,,0,,,0
vehicle_positions_10_102646.parquet,FAIL,7795,34,False,True,,0,,,0
vehicle_positions_10_102717.parquet,FAIL,7807,34,False,True,,0,,,0
vehicle_positions_10_102747.parquet,FAIL,7795,35,False,True,,0,,,0
vehicle_positions_10_102818.parquet,FAIL,7756,33,False,True,,0,,,0
vehicle_positions_10_102848.parquet,FAIL,7793,33,False,True,,0,,,0
vehicle_positions_10_102919.parquet,FAIL,7785,33,False,True,,0,,,0
vehicle_positions_10_102950.parquet,FAIL,7785,33,False,True,,0,,,0
vehicle_positions_10_103020.parquet,FAIL,7749,33,False,True,,0,,,0
vehicle_positions_10_103050.parquet,FAIL,7720,33,False,True,,0,,,0
vehicle_positions_10_103121.parquet,FAIL,7764,33,False,True,,0,,,0
vehicle_positions_10_103151.parquet,FAIL,7768,33,False,True,,0,,,0
vehicle_positions_10_103222.parquet,FAIL,7761,33,False,True,,0,,,0
vehicle_positions_10_103252.parquet,FAIL,7791,33,False,True,,0,,,0
vehicle_positions_10_103323.parquet,FAIL,7745,33,False,True,,0,,,0
vehicle_positions_10_103353.parquet,FAIL,7777,33,False,True,,0,,,0
vehicle_positions_10_103424.parquet,FAIL,7799,33,False,True,,0,,,0
vehicle_positions_10_103454.parquet,FAIL,7804,33,False,True,,0,,,0
vehicle_positions_10_103525.parquet,FAIL,7746,34,False,True,,0,,,0
vehicle_positions_10_103556.parquet,FAIL,7786,33,False,True,,0,,,0
vehicle_positions_10_103626.parquet,FAIL,7776,33,False,True,,0,,,0
vehicle_positions_10_103656.parquet,FAIL,7788,33,False,True,,0,,,0
vehicle_positions_10_103727.parquet,FAIL,7700,32,False,True,,0,,,0
vehicle_positions_10_103758.parquet,FAIL,7712,32,False,True,,0,,,0
vehicle_positions_10_103828.parquet,FAIL,7709,32,False,True,,0,,,0
vehicle_positions_10_103859.parquet,FAIL,7762,33,False,True,,0,,,0
vehicle_positions_10_103929.parquet,FAIL,7799,33,False,True,,0,,,0
vehicle_positions_10_104000.parquet,FAIL,7787,33,False,True,,0,,,0
vehicle_positions_10_104030.parquet,FAIL,7771,33,False,True,,0,,,0
vehicle_positions_10_104101.parquet,FAIL,7687,32,False,True,,0,,,0
vehicle_positions_10_104131.parquet,FAIL,7667,31,False,True,,0,,,0
vehicle_positions_10_104202.parquet,FAIL,7678,31,False,True,,0,,,0
vehicle_positions_10_104232.parquet,FAIL,7644,31,False,True,,0,,,0
vehicle_positions_10_104303.parquet,FAIL,7653,31,False,True,,0,,,0
vehicle_positions_10_104333.parquet,FAIL,7690,31,False,True,,0,,,0
vehicle_positions_10_104404.parquet,FAIL,7583,31,False,True,,0,,,0
vehicle_positions_10_104434.parquet,FAIL,7608,30,False,True,,0,,,0
vehicle_positions_10_104505.parquet,FAIL,7637,30,False,True,,0,,,0
vehicle_positions_10_104535.parquet,FAIL,7546,28,False,True,,0,,,0
vehicle_positions_10_104606.parquet,FAIL,7552,28,False,True,,0,,,0
vehicle_positions_10_104636.parquet,FAIL,7596,29,False,True,,0,,,0
vehicle_positions_10_104707.parquet,FAIL,7597,29,False,True,,0,,,0
vehicle_positions_10_104737.parquet,FAIL,7597,29,False,True,,0,,,0
vehicle_positions_10_104808.parquet,FAIL,7553,28,False,True,,0,,,0
vehicle_positions_10_104838.parquet,FAIL,7556,28,False,True,,0,,,0
vehicle_positions_10_104909.parquet,FAIL,7529,28,False,True,,0,,,0
vehicle_positions_10_104939.parquet,FAIL,7583,28,False,True,,0,,,0
vehicle_positions_10_105010.parquet,FAIL,7507,27,False,True,,0,,,0
vehicle_positions_10_105040.parquet,FAIL,7539,27,False,True,,0,,,0
vehicle_positions_10_105111.parquet,FAIL,7532,27,False,True,,0,,,0
vehicle_positions_10_105141.parquet,FAIL,7531,27,False,True,,0,,,0
vehicle_positions_10_105212.parquet,FAIL,7531,27,False,True,,0,,,0
vehicle_positions_10_105242.parquet,FAIL,7537,27,False,True,,0,,,0
vehicle_positions_10_105313.parquet,FAIL,7533,27,False,True,,0,,,0
vehicle_positions_10_105343.parquet,FAIL,7547,27,False,True,,0,,,0
vehicle_positions_10_105414.parquet,FAIL,7466,26,False,True,,0,,,0
vehicle_positions_10_105444.parquet,FAIL,7492,26,False,True,,0,,,0
vehicle_positions_10_105515.parquet,FAIL,7502,26,False,True,,0,,,0
vehicle_positions_10_105545.parquet,FAIL,7478,26,False,True,,0,,,0
vehicle_positions_10_105616.parquet,FAIL,7478,26,False,True,,0,,,0
vehicle_positions_10_105646.parquet,FAIL,7483,26,False,True,,0,,,0
vehicle_positions_10_105717.parquet,FAIL,7524,27,False,True,,0,,,0
vehicle_positions_10_105747.parquet,FAIL,7527,27,False,True,,0,,,0
vehicle_positions_10_105818.parquet,FAIL,7547,28,False,True,,0,,,0
vehicle_positions_10_105848.parquet,FAIL,7513,27,False,True,,0,,,0
vehicle_positions_10_105919.parquet,FAIL,7531,28,False,True,,0,,,0
vehicle_positions_10_105949.parquet,FAIL,7538,28,False,True,,0,,,0
vehicle_positions_11_110020.parquet,FAIL,7589,29,False,True,,0,,,0
vehicle_positions_11_110050.parquet,FAIL,7598,29,False,True,,0,,,0
vehicle_positions_11_110121.parquet,FAIL,7655,30,False,True,,0,,,0
vehicle_positions_11_110151.parquet,FAIL,7631,30,False,True,,0,,,0
vehicle_positions_11_110222.parquet,FAIL,7607,30,False,True,,0,,,0
vehicle_positions_11_110252.parquet,FAIL,7623,30,False,True,,0,,,0
vehicle_positions_11_110323.parquet,FAIL,7633,30,False,True,,0,,,0
vehicle_positions_11_110353.parquet,FAIL,7642,30,False,True,,0,,,0
vehicle_positions_11_110424.parquet,FAIL,7629,30,False,True,,0,,,0
vehicle_positions_11_110455.parquet,FAIL,7619,30,False,True,,0,,,0
vehicle_positions_11_110525.parquet,FAIL,7652,30,False,True,,0,,,0
vehicle_positions_11_110556.parquet,FAIL,7657,30,False,True,,0,,,0
vehicle_positions_11_110626.parquet,FAIL,7676,30,False,True,,0,,,0
vehicle_positions_11_110657.parquet,FAIL,7653,29,False,True,,0,,,0
vehicle_positions_11_110727.parquet,FAIL,7685,30,False,True,,0,,,0
vehicle_positions_11_110758.parquet,FAIL,7680,30,False,True,,0,,,0
vehicle_positions_11_110828.parquet,FAIL,7682,30,False,True,,0,,,0
vehicle_positions_11_110859.parquet,FAIL,7676,30,False,True,,0,,,0
vehicle_positions_11_110929.parquet,FAIL,7687,31,False,True,,0,,,0
vehicle_positions_11_111000.parquet,FAIL,7711,31,False,True,,0,,,0
vehicle_positions_11_111030.parquet,FAIL,7703,31,False,True,,0,,,0
vehicle_positions_11_111101.parquet,FAIL,7711,31,False,True,,0,,,0
vehicle_positions_11_111131.parquet,FAIL,7718,31,False,True,,0,,,0
vehicle_positions_11_111202.parquet,FAIL,7763,32,False,True,,0,,,0
vehicle_positions_11_111232.parquet,FAIL,7842,33,False,True,,0,,,0
vehicle_positions_11_111303.parquet,FAIL,7830,33,False,True,,0,,,0
vehicle_positions_11_111334.parquet,FAIL,7743,32,False,True,,0,,,0
vehicle_positions_11_111404.parquet,FAIL,7855,33,False,True,,0,,,0
vehicle_positions_11_111435.parquet,FAIL,7908,35,False,True,,0,,,0
vehicle_positions_11_111505.parquet,FAIL,7911,35,False,True,,0,,,0
vehicle_positions_11_111536.parquet,FAIL,7908,36,False,True,,0,,,0
vehicle_positions_11_111606.parquet,FAIL,7911,36,False,True,,0,,,0
vehicle_positions_11_111637.parquet,FAIL,7939,36,False,True,,0,,,0
vehicle_positions_11_111707.parquet,FAIL,7932,36,False,True,,0,,,0
vehicle_positions_11_111738.parquet,FAIL,8015,38,False,True,,0,,,0
vehicle_positions_11_111808.parquet,FAIL,8065,39,False,True,,0,,,0
vehicle_positions_11_111839.parquet,FAIL,8096,40,False,True,,0,,,0
vehicle_positions_11_111909.parquet,FAIL,8065,39,False,True,,0,,,0
vehicle_positions_11_111940.parquet,FAIL,8097,40,False,True,,0,,,0
vehicle_positions_11_112010.parquet,FAIL,8176,41,False,True,,0,,,0
vehicle_positions_11_112041.parquet,FAIL,8228,43,False,True,,0,,,0
vehicle_positions_11_112111.parquet,FAIL,8317,46,False,True,,0,,,0
vehicle_positions_11_112142.parquet,FAIL,8322,46,False,True,,0,,,0
vehicle_positions_11_112212.parquet,FAIL,8299,46,False,True,,0,,,0
vehicle_positions_11_112243.parquet,FAIL,8405,48,False,True,,0,,,0
vehicle_positions_11_112313.parquet,FAIL,8423,48,False,True,,0,,,0
vehicle_positions_11_112344.parquet,FAIL,8400,48,False,True,,0,,,0
vehicle_positions_11_112414.parquet,FAIL,8406,48,False,True,,0,,,0
vehicle_positions_11_112445.parquet,FAIL,8416,48,False,True,,0,,,0
vehicle_positions_11_112515.parquet,FAIL,8480,49,False,True,,0,,,0
vehicle_positions_11_112546.parquet,FAIL,8477,49,False,True,,0,,,0
vehicle_positions_11_112616.parquet,FAIL,8497,49,False,True,,0,,,0
vehicle_positions_11_112647.parquet,FAIL,8437,49,False,True,,0,,,0
vehicle_positions_11_112718.parquet,FAIL,8486,49,False,True,,0,,,0
vehicle_positions_11_112748.parquet,FAIL,8551,51,False,True,,0,,,0
vehicle_positions_11_112819.parquet,FAIL,8691,54,False,True,,0,,,0
vehicle_positions_11_112849.parquet,FAIL,8757,56,False,True,,0,,,0
vehicle_positions_11_112920.parquet,FAIL,8807,57,False,True,,0,,,0
vehicle_positions_11_112950.parquet,FAIL,8839,58,False,True,,0,,,0
vehicle_positions_11_113020.parquet,FAIL,8884,59,False,True,,0,,,0
vehicle_positions_11_113051.parquet,FAIL,8969,61,False,True,,0,,,0
vehicle_positions_11_113122.parquet,FAIL,9247,65,False,True,,0,,,0
vehicle_positions_11_113152.parquet,FAIL,9271,65,False,True,,0,,,0
vehicle_positions_11_113223.parquet,FAIL,9317,67,False,True,,0,,,0
vehicle_positions_11_113253.parquet,FAIL,9249,67,False,True,,0,,,0
vehicle_positions_11_113324.parquet,FAIL,9328,67,False,True,,0,,,0
vehicle_positions_11_113354.parquet,FAIL,9326,69,False,True,,0,,,0
vehicle_positions_11_113425.parquet,FAIL,9487,72,False,True,,0,,,0
vehicle_positions_11_113455.parquet,FAIL,9641,75,False,True,,0,,,0
vehicle_positions_11_113526.parquet,FAIL,9653,76,False,True,,0,,,0
vehicle_positions_11_113556.parquet,FAIL,9730,78,False,True,,0,,,0
vehicle_positions_11_113627.parquet,FAIL,9753,78,False,True,,0,,,0
vehicle_positions_11_113657.parquet,FAIL,9757,78,False,True,,0,,,0
vehicle_positions_11_113728.parquet,FAIL,9688,78,False,True,,0,,,0
vehicle_positions_11_113758.parquet,FAIL,9709,80,False,True,,0,,,0
vehicle_positions_11_113829.parquet,FAIL,9928,84,False,True,,0,,,0
vehicle_positions_11_113859.parquet,FAIL,9933,84,False,True,,0,,,0
vehicle_positions_11_113930.parquet,FAIL,9953,86,False,True,,0,,,0
vehicle_positions_11_114000.parquet,FAIL,9965,85,False,True,,0,,,0
vehicle_positions_11_114031.parquet,FAIL,10093,89,False,True,,0,,,0
vehicle_positions_11_114101.parquet,FAIL,10138,90,False,True,,0,,,0
vehicle_positions_11_114132.parquet,FAIL,10174,91,False,True,,0,,,0
vehicle_positions_11_114203.parquet,FAIL,10119,91,False,True,,0,,,0
vehicle_positions_11_114233.parquet,FAIL,10145,93,False,True,,0,,,0
vehicle_positions_11_114304.parquet,FAIL,10296,94,False,True,,0,,,0
vehicle_positions_11_114334.parquet,FAIL,10463,100,False,True,,0,,,0
vehicle_positions_11_114405.parquet,FAIL,10511,101,False,True,,0,,,0
vehicle_positions_11_114435.parquet,FAIL,10585,103,False,True,,0,,,0
vehicle_positions_11_114506.parquet,FAIL,10610,104,False,True,,0,,,0
vehicle_positions_11_114536.parquet,FAIL,10713,106,False,True,,0,,,0
vehicle_positions_11_114607.parquet,FAIL,10826,110,False,True,,0,,,0
vehicle_positions_11_114637.parquet,FAIL,10904,112,False,True,,0,,,0
vehicle_positions_11_114708.parquet,FAIL,11024,114,False,True,,0,,,0
vehicle_positions_11_114738.parquet,FAIL,11135,118,False,True,,0,,,0
vehicle_positions_11_114809.parquet,FAIL,11166,120,False,True,,0,,,0
vehicle_positions_11_114839.parquet,FAIL,11240,121,False,True,,0,,,0
vehicle_positions_11_114910.parquet,FAIL,11371,124,False,True,,0,,,0
vehicle_positions_11_114940.parquet,FAIL,11416,126,False,True,,0,,,0
vehicle_positions_11_115011.parquet,FAIL,11373,125,False,True,,0,,,0
vehicle_positions_11_115041.parquet,FAIL,11390,127,False,True,,0,,,0
vehicle_positions_11_115112.parquet,FAIL,11738,132,False,True,,0,,,0
vehicle_positions_11_115142.parquet,FAIL,11693,133,False,True,,0,,,0
vehicle_positions_11_115213.parquet,FAIL,11784,134,False,True,,0,,,0
vehicle_positions_11_115243.parquet,FAIL,11772,134,False,True,,0,,,0
vehicle_positions_11_115314.parquet,FAIL,11836,136,False,True,,0,,,0
vehicle_positions_11_115344.parquet,FAIL,11949,139,False,True,,0,,,0
vehicle_positions_11_115415.parquet,FAIL,12100,143,False,True,,0,,,0
vehicle_positions_11_115445.parquet,FAIL,12169,145,False,True,,0,,,0
vehicle_positions_11_115516.parquet,FAIL,12299,147,False,True,,0,,,0
vehicle_positions_11_115546.parquet,FAIL,12591,153,False,True,,0,,,0
vehicle_positions_11_115617.parquet,FAIL,12717,158,False,True,,0,,,0
vehicle_positions_11_115647.parquet,FAIL,12843,161,False,True,,0,,,0
vehicle_positions_11_115718.parquet,FAIL,12807,161,False,True,,0,,,0
vehicle_positions_11_115748.parquet,FAIL,13041,168,False,True,,0,,,0
vehicle_positions_11_115819.parquet,FAIL,13212,174,False,True,,0,,,0
vehicle_positions_11_115850.parquet,FAIL,13336,177,False,True,,0,,,0
vehicle_positions_11_115920.parquet,FAIL,13510,183,False,True,,0,,,0
vehicle_positions_11_115951.parquet,FAIL,13573,183,False,True,,0,,,0
vehicle_positions_12_120021.parquet,FAIL,13706,185,False,True,,0,,,0
vehicle_positions_12_120052.parquet,FAIL,13708,187,False,True,,0,,,0
vehicle_positions_12_120123.parquet,FAIL,13725,189,False,True,,0,,,0
vehicle_positions_12_120153.parquet,FAIL,13707,189,False,True,,0,,,0
vehicle_positions_12_120224.parquet,FAIL,13817,191,False,True,,0,,,0
vehicle_positions_12_120254.parquet,FAIL,13834,192,False,True,,0,,,0
vehicle_positions_12_120325.parquet,FAIL,13862,193,False,True,,0,,,0
vehicle_positions_12_120356.parquet,FAIL,13904,195,False,True,,0,,,0
vehicle_positions_12_120426.parquet,FAIL,13939,196,False,True,,0,,,0
vehicle_positions_12_120457.parquet,FAIL,14183,203,False,True,,0,,,0
vehicle_positions_12_120527.parquet,FAIL,14453,209,False,True,,0,,,0
vehicle_positions_12_120558.parquet,FAIL,14485,211,False,True,,0,,,0
vehicle_positions_12_120628.parquet,FAIL,14605,213,False,True,,0,,,0
vehicle_positions_12_120659.parquet,FAIL,14717,217,False,True,,0,,,0
vehicle_positions_12_120730.parquet,FAIL,14807,219,False,True,,0,,,0
vehicle_positions_12_120800.parquet,FAIL,14791,221,False,True,,0,,,0
vehicle_positions_12_120831.parquet,FAIL,15026,227,False,True,,0,,,0
vehicle_positions_12_120902.parquet,FAIL,15291,233,False,True,,0,,,0
vehicle_positions_12_120932.parquet,FAIL,15261,236,False,True,,0,,,0
vehicle_positions_12_121003.parquet,FAIL,15340,239,False,True,,0,,,0
vehicle_positions_12_121033.parquet,FAIL,15523,241,False,True,,0,,,0
vehicle_positions_12_121104.parquet,FAIL,15625,244,False,True,,0,,,0
vehicle_positions_12_121134.parquet,FAIL,15755,247,False,True,,0,,,0
vehicle_positions_12_121205.parquet,FAIL,15869,251,False,True,,0,,,0
vehicle_positions_12_121236.parquet,FAIL,16194,257,False,True,,0,,,0
vehicle_positions_12_121306.parquet,FAIL,16433,261,False,True,,0,,,0
vehicle_positions_12_121337.parquet,FAIL,16454,261,False,True,,0,,,0
vehicle_positions_12_121407.parquet,FAIL,16579,265,False,True,,0,,,0
vehicle_positions_12_121438.parquet,FAIL,16572,267,False,True,,0,,,0
vehicle_positions_12_121509.parquet,FAIL,16817,273,False,True,,0,,,0
vehicle_positions_12_121539.parquet,FAIL,16931,277,False,True,,0,,,0
vehicle_positions_12_121610.parquet,FAIL,16944,279,False,True,,0,,,0
vehicle_positions_12_121641.parquet,FAIL,17089,282,False,True,,0,,,0
vehicle_positions_12_121711.parquet,FAIL,17209,283,False,True,,0,,,0
vehicle_positions_12_121742.parquet,FAIL,17417,291,False,True,,0,,,0
vehicle_positions_12_121812.parquet,FAIL,17552,296,False,True,,0,,,0
vehicle_positions_12_121843.parquet,FAIL,17734,303,False,True,,0,,,0
vehicle_positions_12_121913.parquet,FAIL,17684,302,False,True,,0,,,0
vehicle_positions_12_121944.parquet,FAIL,17831,305,False,True,,0,,,0
vehicle_positions_12_122015.parquet,FAIL,17898,307,False,True,,0,,,0
vehicle_positions_12_122045.parquet,FAIL,18079,313,False,True,,0,,,0
vehicle_positions_12_122116.parquet,FAIL,18305,320,False,True,,0,,,0
vehicle_positions_12_122147.parquet,FAIL,18462,324,False,True,,0,,,0
vehicle_positions_12_122217.parquet,FAIL,18770,332,False,True,,0,,,0
vehicle_positions_12_122248.parquet,FAIL,18938,340,False,True,,0,,,0
vehicle_positions_12_122318.parquet,FAIL,19223,343,False,True,,0,,,0
vehicle_positions_12_122349.parquet,FAIL,19377,347,False,True,,0,,,0
vehicle_positions_12_122420.parquet,FAIL,19477,350,False,True,,0,,,0
vehicle_positions_12_122450.parquet,FAIL,19669,356,False,True,,0,,,0
vehicle_positions_12_122521.parquet,FAIL,19923,363,False,True,,0,,,0
vehicle_positions_12_122551.parquet,FAIL,20159,369,False,True,,0,,,0
vehicle_positions_12_122622.parquet,FAIL,20285,374,False,True,,0,,,0
vehicle_positions_12_122652.parquet,FAIL,20590,382,False,True,,0,,,0
vehicle_positions_12_122723.parquet,FAIL,20817,387,False,True,,0,,,0
vehicle_positions_12_122754.parquet,FAIL,20957,393,False,True,,0,,,0
vehicle_positions_12_122824.parquet,FAIL,21151,398,False,True,,0,,,0
vehicle_positions_12_122855.parquet,FAIL,21206,401,False,True,,0,,,0
vehicle_positions_12_122925.parquet,FAIL,21265,403,False,True,,0,,,0
vehicle_positions_12_122956.parquet,FAIL,21489,411,False,True,,0,,,0
vehicle_positions_12_123026.parquet,FAIL,21572,414,False,True,,0,,,0
vehicle_positions_12_123057.parquet,FAIL,21777,418,False,True,,0,,,0
vehicle_positions_12_123128.parquet,FAIL,21890,419,False,True,,0,,,0
vehicle_positions_12_123158.parquet,FAIL,22002,423,False,True,,0,,,0
vehicle_positions_12_123229.parquet,FAIL,22081,427,False,True,,0,,,0
vehicle_positions_12_123259.parquet,FAIL,22171,432,False,True,,0,,,0
vehicle_positions_12_123330.parquet,FAIL,22378,436,False,True,,0,,,0
vehicle_positions_12_123401.parquet,FAIL,22618,443,False,True,,0,,,0
vehicle_positions_12_123431.parquet,FAIL,22654,447,False,True,,0,,,0
vehicle_positions_12_123502.parquet,FAIL,22909,449,False,True,,0,,,0
vehicle_positions_12_123533.parquet,FAIL,22918,452,False,True,,0,,,0
vehicle_positions_12_123603.parquet,FAIL,23032,457,False,True,,0,,,0
vehicle_positions_12_123634.parquet,FAIL,23090,461,False,True,,0,,,0
vehicle_positions_12_123704.parquet,FAIL,23326,466,False,True,,0,,,0
vehicle_positions_12_123735.parquet,FAIL,23388,468,False,True,,0,,,0
vehicle_positions_12_123805.parquet,FAIL,23568,473,False,True,,0,,,0
vehicle_positions_12_123836.parquet,FAIL,23603,477,False,True,,0,,,0
vehicle_positions_12_123907.parquet,FAIL,23739,478,False,True,,0,,,0
vehicle_positions_12_123937.parquet,FAIL,23940,486,False,True,,0,,,0
vehicle_positions_12_124008.parquet,FAIL,24123,489,False,True,,0,,,0
vehicle_positions_12_124038.parquet,FAIL,24362,497,False,True,,0,,,0
vehicle_positions_12_124109.parquet,FAIL,24460,500,False,True,,0,,,0
vehicle_positions_12_124140.parquet,FAIL,24518,500,False,True,,0,,,0
vehicle_positions_12_124210.parquet,FAIL,24714,505,False,True,,0,,,0
vehicle_positions_12_124241.parquet,FAIL,25063,513,False,True,,0,,,0
vehicle_positions_12_124312.parquet,FAIL,25092,513,False,True,,0,,,0
vehicle_positions_12_124342.parquet,FAIL,25172,517,False,True,,0,,,0
vehicle_positions_12_124413.parquet,FAIL,25518,523,False,True,,0,,,0
vehicle_positions_12_124443.parquet,FAIL,25487,524,False,True,,0,,,0
vehicle_positions_12_124514.parquet,FAIL,25846,528,False,True,,0,,,0
vehicle_positions_12_124545.parquet,FAIL,25887,534,False,True,,0,,,0
vehicle_positions_12_124615.parquet,FAIL,26161,540,False,True,,0,,,0
vehicle_positions_12_124646.parquet,FAIL,26189,542,False,True,,0,,,0
vehicle_positions_12_124717.parquet,FAIL,26482,549,False,True,,0,,,0
vehicle_positions_12_124747.parquet,FAIL,26644,554,False,True,,0,,,0
vehicle_positions_12_124818.parquet,FAIL,26865,562,False,True,,0,,,0
vehicle_positions_12_124849.parquet,FAIL,26923,563,False,True,,0,,,0
vehicle_positions_12_124919.parquet,FAIL,26934,565,False,True,,0,,,0
vehicle_positions_12_124950.parquet,FAIL,27175,574,False,True,,0,,,0
vehicle_positions_12_125021.parquet,FAIL,27574,584,False,True,,0,,,0
vehicle_positions_12_125051.parquet,FAIL,27638,588,False,True,,0,,,0
vehicle_positions_12_125122.parquet,FAIL,27859,593,False,True,,0,,,0
vehicle_positions_12_125152.parquet,FAIL,27891,594,False,True,,0,,,0
vehicle_positions_12_125223.parquet,FAIL,27951,595,False,True,,0,,,0
vehicle_positions_12_125254.parquet,FAIL,28066,600,False,True,,0,,,0
vehicle_positions_12_125325.parquet,FAIL,28146,601,False,True,,0,,,0
vehicle_positions_12_125355.parquet,FAIL,28362,608,False,True,,0,,,0
vehicle_positions_12_125426.parquet,FAIL,28581,614,False,True,,0,,,0
vehicle_positions_12_125457.parquet,FAIL,28780,618,False,True,,0,,,0
vehicle_positions_12_125527.parquet,FAIL,28949,623,False,True,,0,,,0
vehicle_positions_12_125558.parquet,FAIL,29056,627,False,True,,0,,,0
vehicle_positions_12_125628.parquet,FAIL,29270,633,False,True,,0,,,0
vehicle_positions_12_125659.parquet,FAIL,29302,634,False,True,,0,,,0
vehicle_positions_12_125730.parquet,FAIL,29572,641,False,True,,0,,,0
vehicle_positions_12_125800.parquet,FAIL,29516,643,False,True,,0,,,0
vehicle_positions_12_125832.parquet,FAIL,29763,648,False,True,,0,,,0
vehicle_positions_12_125902.parquet,FAIL,29929,652,False,True,,0,,,0
vehicle_positions_12_125933.parquet,FAIL,30124,659,False,True,,0,,,0
vehicle_positions_13_130003.parquet,FAIL,30247,664,False,True,,0,,,0
vehicle_positions_13_130034.parquet,FAIL,30509,669,False,True,,0,,,0
vehicle_positions_13_130105.parquet,FAIL,30573,671,False,True,,0,,,0
vehicle_positions_13_130135.parquet,FAIL,30705,674,False,True,,0,,,0
vehicle_positions_13_130206.parquet,FAIL,30748,677,False,True,,0,,,0
vehicle_positions_13_130237.parquet,FAIL,30735,679,False,True,,0,,,0
vehicle_positions_13_130307.parquet,FAIL,30932,684,False,True,,0,,,0
vehicle_positions_13_130338.parquet,FAIL,30967,686,False,True,,0,,,0
vehicle_positions_13_130409.parquet,FAIL,31013,687,False,True,,0,,,0
vehicle_positions_13_130439.parquet,FAIL,31150,689,False,True,,0,,,0
vehicle_positions_13_130510.parquet,FAIL,31170,692,False,True,,0,,,0
vehicle_positions_13_130541.parquet,FAIL,31312,696,False,True,,0,,,0
vehicle_positions_13_130611.parquet,FAIL,31645,703,False,True,,0,,,0
vehicle_positions_13_130642.parquet,FAIL,31723,706,False,True,,0,,,0
vehicle_positions_13_130713.parquet,FAIL,31762,711,False,True,,0,,,0
vehicle_positions_13_130743.parquet,FAIL,31822,713,False,True,,0,,,0
vehicle_positions_13_130814.parquet,FAIL,32031,716,False,True,,0,,,0
vehicle_positions_13_130845.parquet,FAIL,32315,722,False,True,,0,,,0
vehicle_positions_13_130915.parquet,FAIL,32551,730,False,True,,0,,,0
vehicle_positions_13_130946.parquet,FAIL,32602,732,False,True,,0,,,0
vehicle_positions_13_131016.parquet,FAIL,32574,731,False,True,,0,,,0
vehicle_positions_13_131047.parquet,FAIL,32628,734,False,True,,0,,,0
vehicle_positions_13_131118.parquet,FAIL,32673,737,False,True,,0,,,0
vehicle_positions_13_131148.parquet,FAIL,32764,742,False,True,,0,,,0
vehicle_positions_13_131219.parquet,FAIL,32930,746,False,True,,0,,,0
vehicle_positions_13_131250.parquet,FAIL,32678,743,False,True,,0,,,0
vehicle_positions_13_131320.parquet,FAIL,32995,750,False,True,,0,,,0
vehicle_positions_13_131351.parquet,FAIL,33180,755,False,True,,0,,,0
vehicle_positions_13_131422.parquet,FAIL,33275,759,False,True,,0,,,0
vehicle_positions_13_131452.parquet,FAIL,33329,760,False,True,,0,,,0
vehicle_positions_13_131523.parquet,FAIL,33707,767,False,True,,0,,,0
vehicle_positions_13_131554.parquet,FAIL,33935,769,False,True,,0,,,0
vehicle_positions_13_131624.parquet,FAIL,33882,770,False,True,,0,,,0
vehicle_positions_13_131655.parquet,FAIL,33696,771,False,True,,0,,,0
vehicle_positions_13_131726.parquet,FAIL,33965,774,False,True,,0,,,0
vehicle_positions_13_131757.parquet,FAIL,34036,775,False,True,,0,,,0
vehicle_positions_13_131827.parquet,FAIL,34292,780,False,True,,0,,,0
vehicle_positions_13_131858.parquet,FAIL,34426,788,False,True,,0,,,0
vehicle_positions_13_131928.parquet,FAIL,34390,789,False,True,,0,,,0
vehicle_positions_13_131959.parquet,FAIL,34434,791,False,True,,0,,,0
vehicle_positions_13_132030.parquet,FAIL,34655,796,False,True,,0,,,0
vehicle_positions_13_132100.parquet,FAIL,34677,798,False,True,,0,,,0
vehicle_positions_13_132131.parquet,FAIL,34718,800,False,True,,0,,,0
vehicle_positions_13_132202.parquet,FAIL,34940,808,False,True,,0,,,0
vehicle_positions_13_132233.parquet,FAIL,35306,817,False,True,,0,,,0
vehicle_positions_13_132303.parquet,FAIL,35218,815,False,True,,0,,,0
vehicle_positions_13_132336.parquet,FAIL,35583,824,False,True,,0,,,0
vehicle_positions_13_132406.parquet,FAIL,35602,824,False,True,,0,,,0
vehicle_positions_13_132437.parquet,FAIL,35593,825,False,True,,0,,,0
vehicle_positions_13_132508.parquet,FAIL,35703,831,False,True,,0,,,0
vehicle_positions_13_132539.parquet,FAIL,35707,832,False,True,,0,,,0
vehicle_positions_13_132609.parquet,FAIL,35811,832,False,True,,0,,,0
vehicle_positions_13_132640.parquet,FAIL,35805,835,False,True,,0,,,0
vehicle_positions_13_132711.parquet,FAIL,36010,838,False,True,,0,,,0
vehicle_positions_13_132741.parquet,FAIL,36266,845,False,True,,0,,,0
vehicle_positions_13_132812.parquet,FAIL,36535,850,False,True,,0,,,0
vehicle_positions_13_132843.parquet,FAIL,36446,856,False,True,,0,,,0
vehicle_positions_13_132913.parquet,FAIL,36719,859,False,True,,0,,,0
vehicle_positions_13_132944.parquet,FAIL,36674,861,False,True,,0,,,0
vehicle_positions_13_133015.parquet,FAIL,36851,865,False,True,,0,,,0
vehicle_positions_13_133046.parquet,FAIL,37010,870,False,True,,0,,,0
vehicle_positions_13_133117.parquet,FAIL,37229,877,False,True,,0,,,0
vehicle_positions_13_133147.parquet,FAIL,37180,873,False,True,,0,,,0
vehicle_positions_13_133218.parquet,FAIL,37119,873,False,True,,0,,,0
vehicle_positions_13_133249.parquet,FAIL,36914,871,False,True,,0,,,0
vehicle_positions_13_133319.parquet,FAIL,36867,872,False,True,,0,,,0
vehicle_positions_13_133350.parquet,FAIL,36968,878,False,True,,0,,,0
vehicle_positions_13_133421.parquet,FAIL,37403,883,False,True,,0,,,0
vehicle_positions_13_133451.parquet,FAIL,37471,881,False,True,,0,,,0
vehicle_positions_13_133522.parquet,FAIL,37399,880,False,True,,0,,,0
vehicle_positions_13_133553.parquet,FAIL,37400,884,False,True,,0,,,0
vehicle_positions_13_133624.parquet,FAIL,37403,888,False,True,,0,,,0
vehicle_positions_13_133655.parquet,FAIL,37465,885,False,True,,0,,,0
vehicle_positions_13_133725.parquet,FAIL,37381,883,False,True,,0,,,0
vehicle_positions_13_133756.parquet,FAIL,37261,882,False,True,,0,,,0
vehicle_positions_13_133827.parquet,FAIL,37105,874,False,True,,0,,,0
vehicle_positions_13_133857.parquet,FAIL,37149,873,False,True,,0,,,0
vehicle_positions_13_133928.parquet,FAIL,37185,873,False,True,,0,,,0
vehicle_positions_13_133959.parquet,FAIL,37012,870,False,True,,0,,,0
vehicle_positions_13_134029.parquet,FAIL,36967,869,False,True,,0,,,0
vehicle_positions_13_134100.parquet,FAIL,36994,869,False,True,,0,,,0
vehicle_positions_13_134131.parquet,FAIL,36939,868,False,True,,0,,,0
vehicle_positions_13_134202.parquet,FAIL,36964,866,False,True,,0,,,0
vehicle_positions_13_134232.parquet,FAIL,36796,863,False,True,,0,,,0
vehicle_positions_13_134303.parquet,FAIL,36537,859,False,True,,0,,,0
vehicle_positions_13_134334.parquet,FAIL,36464,856,False,True,,0,,,0
vehicle_positions_13_134405.parquet,FAIL,36370,851,False,True,,0,,,0
vehicle_positions_13_134435.parquet,FAIL,36355,853,False,True,,0,,,0
vehicle_positions_13_134506.parquet,FAIL,36014,852,False,True,,0,,,0
vehicle_positions_13_134537.parquet,FAIL,36515,869,False,True,,0,,,0
vehicle_positions_13_134608.parquet,FAIL,37465,899,False,True,,0,,,0
vehicle_positions_13_134638.parquet,FAIL,38616,928,False,True,,0,,,0
vehicle_positions_13_134709.parquet,FAIL,39209,947,False,True,,0,,,0
vehicle_positions_13_134740.parquet,FAIL,39398,948,False,True,,0,,,0
vehicle_positions_13_134810.parquet,FAIL,39396,950,False,True,,0,,,0
vehicle_positions_13_134841.parquet,FAIL,39542,954,False,True,,0,,,0
vehicle_positions_13_134912.parquet,FAIL,39559,957,False,True,,0,,,0
vehicle_positions_13_134943.parquet,FAIL,39630,960,False,True,,0,,,0
vehicle_positions_13_135013.parquet,FAIL,39682,962,False,True,,0,,,0
vehicle_positions_13_135044.parquet,FAIL,40075,970,False,True,,0,,,0
vehicle_positions_13_135115.parquet,FAIL,40406,977,False,True,,0,,,0
vehicle_positions_13_135145.parquet,FAIL,40426,983,False,True,,0,,,0
vehicle_positions_13_135217.parquet,FAIL,40936,990,False,True,,0,,,0
vehicle_positions_13_135248.parquet,FAIL,41051,991,False,True,,0,,,0
vehicle_positions_13_135319.parquet,FAIL,41217,996,False,True,,0,,,0
vehicle_positions_13_135349.parquet,FAIL,41378,1002,False,True,,0,,,0
vehicle_positions_13_135420.parquet,FAIL,41370,1004,False,True,,0,,,0
vehicle_positions_13_135451.parquet,FAIL,41481,1006,False,True,,0,,,0
vehicle_positions_13_135521.parquet,FAIL,41528,1005,False,True,,0,,,0
vehicle_positions_13_135552.parquet,FAIL,41307,1005,False,True,,0,,,0
vehicle_positions_13_135623.parquet,FAIL,41366,1007,False,True,,0,,,0
vehicle_positions_13_135653.parquet,FAIL,41591,1010,False,True,,0,,,0
vehicle_positions_13_135724.parquet,FAIL,41700,1012,False,True,,0,,,0
vehicle_positions_13_135755.parquet,FAIL,41767,1015,False,True,,0,,,0
vehicle_positions_13_135826.parquet,FAIL,41830,1014,False,True,,0,,,0
vehicle_positions_13_135856.parquet,FAIL,42018,1018,False,True,,0,,,0
vehicle_positions_13_135927.parquet,FAIL,42070,1021,False,True,,0,,,0
vehicle_positions_13_135958.parquet,FAIL,42064,1020,False,True,,0,,,0
vehicle_positions_14_140029.parquet,FAIL,42024,1019,False,True,,0,,,0
vehicle_positions_14_140059.parquet,FAIL,42660,1026,False,True,,0,,,0
vehicle_positions_14_140130.parquet,FAIL,42408,1025,False,True,,0,,,0
vehicle_positions_14_140202.parquet,FAIL,42709,1029,False,True,,0,,,0
vehicle_positions_14_140232.parquet,FAIL,42724,1030,False,True,,0,,,0
vehicle_positions_14_140303.parquet,FAIL,42618,1030,False,True,,0,,,0
vehicle_positions_14_140334.parquet,FAIL,42625,1032,False,True,,0,,,0
vehicle_positions_14_140405.parquet,FAIL,42869,1034,False,True,,0,,,0
vehicle_positions_14_140435.parquet,FAIL,42792,1036,False,True,,0,,,0
vehicle_positions_14_140506.parquet,FAIL,42910,1034,False,True,,0,,,0
vehicle_positions_14_140537.parquet,FAIL,42789,1036,False,True,,0,,,0
vehicle_positions_14_140608.parquet,FAIL,43031,1039,False,True,,0,,,0
vehicle_positions_14_140638.parquet,FAIL,43380,1045,False,True,,0,,,0
vehicle_positions_14_140709.parquet,FAIL,43183,1043,False,True,,0,,,0
vehicle_positions_14_140740.parquet,FAIL,43111,1046,False,True,,0,,,0
vehicle_positions_14_140810.parquet,FAIL,43216,1046,False,True,,0,,,0
vehicle_positions_14_140841.parquet,FAIL,43388,1048,False,True,,0,,,0
vehicle_positions_14_140912.parquet,FAIL,43452,1052,False,True,,0,,,0
vehicle_positions_14_140942.parquet,FAIL,43506,1049,False,True,,0,,,0
vehicle_positions_14_141013.parquet,FAIL,43651,1054,False,True,,0,,,0
vehicle_positions_14_141044.parquet,FAIL,43487,1052,False,True,,0,,,0
vehicle_positions_14_141115.parquet,FAIL,43742,1058,False,True,,0,,,0
vehicle_positions_14_141146.parquet,FAIL,43711,1058,False,True,,0,,,0
vehicle_positions_14_141217.parquet,FAIL,43596,1057,False,True,,0,,,0
vehicle_positions_14_141247.parquet,FAIL,43724,1063,False,True,,0,,,0
vehicle_positions_14_141318.parquet,FAIL,44088,1067,False,True,,0,,,0
vehicle_positions_14_141349.parquet,FAIL,44255,1070,False,True,,0,,,0
vehicle_positions_14_141419.parquet,FAIL,44232,1072,False,True,,0,,,0
vehicle_positions_14_141450.parquet,FAIL,44277,1072,False,True,,0,,,0
vehicle_positions_14_141521.parquet,FAIL,44263,1071,False,True,,0,,,0
vehicle_positions_14_141552.parquet,FAIL,44195,1069,False,True,,0,,,0
vehicle_positions_14_141622.parquet,FAIL,44291,1073,False,True,,0,,,0
vehicle_positions_14_141653.parquet,FAIL,44578,1084,False,True,,0,,,0
vehicle_positions_14_141724.parquet,FAIL,44506,1082,False,True,,0,,,0
vehicle_positions_14_141755.parquet,FAIL,44644,1085,False,True,,0,,,0
vehicle_positions_14_141825.parquet,FAIL,44372,1079,False,True,,0,,,0
vehicle_positions_14_141856.parquet,FAIL,44595,1086,False,True,,0,,,0
vehicle_positions_14_141927.parquet,FAIL,44640,1090,False,True,,0,,,0
vehicle_positions_14_141957.parquet,FAIL,44639,1091,False,True,,0,,,0
vehicle_positions_14_142028.parquet,FAIL,45184,1096,False,True,,0,,,0
vehicle_positions_14_142059.parquet,FAIL,44879,1099,False,True,,0,,,0
vehicle_positions_14_142130.parquet,FAIL,44878,1097,False,True,,0,,,0
vehicle_positions_14_142200.parquet,FAIL,45101,1098,False,True,,0,,,0
vehicle_positions_14_142231.parquet,FAIL,45364,1102,False,True,,0,,,0
vehicle_positions_14_142302.parquet,FAIL,45090,1101,False,True,,0,,,0
vehicle_positions_14_142333.parquet,FAIL,45534,1109,False,True,,0,,,0
vehicle_positions_14_142403.parquet,FAIL,45764,1113,False,True,,0,,,0
vehicle_positions_14_142434.parquet,FAIL,45459,1112,False,True,,0,,,0
vehicle_positions_14_142505.parquet,FAIL,45693,1115,False,True,,0,,,0
vehicle_positions_14_142536.parquet,FAIL,45749,1119,False,True,,0,,,0
vehicle_positions_14_142606.parquet,FAIL,45782,1119,False,True,,0,,,0
vehicle_positions_14_142637.parquet,FAIL,45900,1118,False,True,,0,,,0
vehicle_positions_14_142708.parquet,FAIL,45862,1121,False,True,,0,,,0
vehicle_positions_14_142739.parquet,FAIL,46045,1123,False,True,,0,,,0
vehicle_positions_14_142809.parquet,FAIL,46048,1123,False,True,,0,,,0
vehicle_positions_14_142840.parquet,FAIL,45853,1119,False,True,,0,,,0
vehicle_positions_14_142912.parquet,FAIL,45892,1122,False,True,,0,,,0
vehicle_positions_14_142943.parquet,FAIL,45824,1116,False,True,,0,,,0
vehicle_positions_14_143014.parquet,FAIL,45886,1121,False,True,,0,,,0
vehicle_positions_14_143045.parquet,FAIL,45779,1121,False,True,,0,,,0
vehicle_positions_14_143117.parquet,FAIL,45993,1124,False,True,,0,,,0
vehicle_positions_14_143148.parquet,FAIL,46134,1128,False,True,,0,,,0
vehicle_positions_14_143219.parquet,FAIL,46307,1130,False,True,,0,,,0
vehicle_positions_14_143249.parquet,FAIL,46186,1132,False,True,,0,,,0
vehicle_positions_14_143320.parquet,FAIL,46202,1130,False,True,,0,,,0
vehicle_positions_14_143351.parquet,FAIL,46109,1128,False,True,,0,,,0
vehicle_positions_14_143422.parquet,FAIL,46307,1134,False,True,,0,,,0
vehicle_positions_14_143452.parquet,FAIL,46369,1137,False,True,,0,,,0
vehicle_positions_14_143523.parquet,FAIL,46503,1138,False,True,,0,,,0
vehicle_positions_14_143554.parquet,FAIL,46373,1141,False,True,,0,,,0
vehicle_positions_14_143624.parquet,FAIL,46404,1143,False,True,,0,,,0
vehicle_positions_14_143655.parquet,FAIL,46501,1143,False,True,,0,,,0
vehicle_positions_14_143726.parquet,FAIL,46633,1146,False,True,,0,,,0
vehicle_positions_14_143757.parquet,FAIL,46774,1149,False,True,,0,,,0
vehicle_positions_14_143827.parquet,FAIL,46662,1147,False,True,,0,,,0
vehicle_positions_14_143858.parquet,FAIL,46641,1148,False,True,,0,,,0
vehicle_positions_14_143929.parquet,FAIL,46700,1152,False,True,,0,,,0
vehicle_positions_14_144000.parquet,FAIL,46833,1152,False,True,,0,,,0
vehicle_positions_14_144030.parquet,FAIL,46967,1155,False,True,,0,,,0
vehicle_positions_14_144101.parquet,FAIL,46992,1155,False,True,,0,,,0
vehicle_positions_14_144132.parquet,FAIL,47022,1158,False,True,,0,,,0
vehicle_positions_14_144203.parquet,FAIL,47193,1163,False,True,,0,,,0
vehicle_positions_14_144233.parquet,FAIL,47340,1164,False,True,,0,,,0
vehicle_positions_14_144304.parquet,FAIL,47373,1167,False,True,,0,,,0
vehicle_positions_14_144335.parquet,FAIL,47562,1169,False,True,,0,,,0
vehicle_positions_14_144406.parquet,FAIL,47437,1163,False,True,,0,,,0
vehicle_positions_14_144436.parquet,FAIL,47321,1162,False,True,,0,,,0
vehicle_positions_14_144507.parquet,FAIL,47428,1164,False,True,,0,,,0
vehicle_positions_14_144538.parquet,FAIL,47420,1169,False,True,,0,,,0
vehicle_positions_14_144609.parquet,FAIL,47547,1171,False,True,,0,,,0
vehicle_positions_14_144640.parquet,FAIL,47598,1174,False,True,,0,,,0
vehicle_positions_14_144710.parquet,FAIL,47618,1175,False,True,,0,,,0
vehicle_positions_14_144741.parquet,FAIL,47607,1174,False,True,,0,,,0
vehicle_positions_14_144812.parquet,FAIL,47610,1173,False,True,,0,,,0
vehicle_positions_14_144843.parquet,FAIL,47486,1174,False,True,,0,,,0
vehicle_positions_14_144913.parquet,FAIL,47630,1171,False,True,,0,,,0
vehicle_positions_14_144944.parquet,FAIL,47553,1171,False,True,,0,,,0
vehicle_positions_14_145015.parquet,FAIL,47511,1171,False,True,,0,,,0
vehicle_positions_14_145045.parquet,FAIL,47637,1174,False,True,,0,,,0
vehicle_positions_14_145116.parquet,FAIL,47577,1169,False,True,,0,,,0
vehicle_positions_14_145147.parquet,FAIL,47526,1172,False,True,,0,,,0
vehicle_positions_14_145218.parquet,FAIL,47596,1174,False,True,,0,,,0
vehicle_positions_14_145250.parquet,FAIL,47526,1171,False,True,,0,,,0
vehicle_positions_14_145320.parquet,FAIL,47554,1169,False,True,,0,,,0
vehicle_positions_14_145351.parquet,FAIL,47450,1170,False,True,,0,,,0
vehicle_positions_14_145422.parquet,FAIL,47274,1168,False,True,,0,,,0
vehicle_positions_14_145453.parquet,FAIL,47324,1168,False,True,,0,,,0
vehicle_positions_14_145524.parquet,FAIL,47443,1172,False,True,,0,,,0
vehicle_positions_14_145554.parquet,FAIL,47416,1170,False,True,,0,,,0
vehicle_positions_14_145625.parquet,FAIL,47403,1171,False,True,,0,,,0
vehicle_positions_14_145656.parquet,FAIL,47237,1169,False,True,,0,,,0
vehicle_positions_14_145726.parquet,FAIL,47240,1166,False,True,,0,,,0
vehicle_positions_14_145757.parquet,FAIL,47387,1167,False,True,,0,,,0
vehicle_positions_14_145828.parquet,FAIL,47281,1168,False,True,,0,,,0
vehicle_positions_14_145858.parquet,FAIL,47367,1171,False,True,,0,,,0
vehicle_positions_14_145929.parquet,FAIL,47513,1173,False,True,,0,,,0
vehicle_positions_15_150000.parquet,FAIL,47500,1176,False,True,,0,,,0
vehicle_positions_15_150031.parquet,FAIL,47554,1175,False,True,,0,,,0
vehicle_positions_15_150101.parquet,FAIL,47751,1175,False,True,,0,,,0
vehicle_positions_15_150132.parquet,FAIL,47800,1177,False,True,,0,,,0
vehicle_positions_15_150203.parquet,FAIL,47525,1178,False,True,,0,,,0
vehicle_positions_15_150234.parquet,FAIL,47724,1183,False,True,,0,,,0
vehicle_positions_15_150304.parquet,FAIL,47953,1183,False,True,,0,,,0
vehicle_positions_15_150335.parquet,FAIL,47869,1179,False,True,,0,,,0
vehicle_positions_15_150406.parquet,FAIL,47925,1184,False,True,,0,,,0
vehicle_positions_15_150436.parquet,FAIL,48054,1186,False,True,,0,,,0
vehicle_positions_15_150507.parquet,FAIL,48008,1185,False,True,,0,,,0
vehicle_positions_15_150538.parquet,FAIL,48023,1186,False,True,,0,,,0
vehicle_positions_15_150609.parquet,FAIL,48053,1186,False,True,,0,,,0
vehicle_positions_15_150639.parquet,FAIL,47954,1185,False,True,,0,,,0
vehicle_positions_15_150710.parquet,FAIL,48296,1191,False,True,,0,,,0
vehicle_positions_15_150741.parquet,FAIL,48246,1190,False,True,,0,,,0
vehicle_positions_15_150812.parquet,FAIL,48075,1186,False,True,,0,,,0
vehicle_positions_15_150843.parquet,FAIL,48074,1185,False,True,,0,,,0
vehicle_positions_15_150913.parquet,FAIL,48005,1189,False,True,,0,,,0
vehicle_positions_15_150944.parquet,FAIL,48164,1190,False,True,,0,,,0
vehicle_positions_15_151015.parquet,FAIL,48044,1190,False,True,,0,,,0
vehicle_positions_15_151046.parquet,FAIL,48233,1192,False,True,,0,,,0
vehicle_positions_15_151117.parquet,FAIL,48101,1189,False,True,,0,,,0
vehicle_positions_15_151149.parquet,FAIL,48249,1188,False,True,,0,,,0
vehicle_positions_15_151219.parquet,FAIL,48137,1186,False,True,,0,,,0
vehicle_positions_15_151250.parquet,FAIL,48172,1189,False,True,,0,,,0
vehicle_positions_15_151321.parquet,FAIL,48165,1188,False,True,,0,,,0
vehicle_positions_15_151352.parquet,FAIL,47998,1191,False,True,,0,,,0
vehicle_positions_15_151422.parquet,FAIL,48032,1188,False,True,,0,,,0
vehicle_positions_15_151453.parquet,FAIL,48005,1186,False,True,,0,,,0
vehicle_positions_15_151524.parquet,FAIL,48012,1186,False,True,,0,,,0
vehicle_positions_15_151555.parquet,FAIL,47962,1187,False,True,,0,,,0
vehicle_positions_15_151626.parquet,FAIL,47795,1185,False,True,,0,,,0
vehicle_positions_15_151656.parquet,FAIL,48004,1188,False,True,,0,,,0
vehicle_positions_15_151727.parquet,FAIL,48062,1189,False,True,,0,,,0
vehicle_positions_15_151758.parquet,FAIL,47879,1188,False,True,,0,,,0
vehicle_positions_15_151828.parquet,FAIL,47732,1183,False,True,,0,,,0
vehicle_positions_15_151859.parquet,FAIL,47775,1184,False,True,,0,,,0
vehicle_positions_15_151930.parquet,FAIL,47957,1186,False,True,,0,,,0
vehicle_positions_15_152001.parquet,FAIL,47866,1187,False,True,,0,,,0
vehicle_positions_15_152032.parquet,FAIL,47747,1183,False,True,,0,,,0
vehicle_positions_15_152102.parquet,FAIL,47799,1184,False,True,,0,,,0
vehicle_positions_15_152133.parquet,FAIL,47815,1184,False,True,,0,,,0
vehicle_positions_15_152204.parquet,FAIL,47775,1180,False,True,,0,,,0
vehicle_positions_15_152234.parquet,FAIL,47805,1179,False,True,,0,,,0
vehicle_positions_15_152305.parquet,FAIL,47878,1182,False,True,,0,,,0
vehicle_positions_15_152336.parquet,FAIL,47868,1182,False,True,,0,,,0
vehicle_positions_15_152407.parquet,FAIL,47894,1179,False,True,,0,,,0
vehicle_positions_15_152438.parquet,FAIL,47952,1180,False,True,,0,,,0
vehicle_positions_15_152509.parquet,FAIL,47826,1180,False,True,,0,,,0
vehicle_positions_15_152540.parquet,FAIL,47801,1181,False,True,,0,,,0
vehicle_positions_15_152611.parquet,FAIL,47762,1177,False,True,,0,,,0
vehicle_positions_15_152642.parquet,FAIL,47682,1178,False,True,,0,,,0
vehicle_positions_15_152712.parquet,FAIL,47798,1177,False,True,,0,,,0
vehicle_positions_15_152743.parquet,FAIL,47629,1174,False,True,,0,,,0
vehicle_positions_15_152814.parquet,FAIL,47550,1175,False,True,,0,,,0
vehicle_positions_15_152844.parquet,FAIL,47849,1178,False,True,,0,,,0
vehicle_positions_15_152915.parquet,FAIL,47752,1177,False,True,,0,,,0
vehicle_positions_15_152947.parquet,FAIL,47553,1176,False,True,,0,,,0
vehicle_positions_15_153018.parquet,FAIL,47588,1172,False,True,,0,,,0
vehicle_positions_15_153048.parquet,FAIL,47312,1167,False,True,,0,,,0
vehicle_positions_15_153119.parquet,FAIL,47351,1168,False,True,,0,,,0
vehicle_positions_15_153150.parquet,FAIL,47249,1164,False,True,,0,,,0
vehicle_positions_15_153221.parquet,FAIL,47228,1161,False,True,,0,,,0
vehicle_positions_15_153251.parquet,FAIL,46904,1158,False,True,,0,,,0
vehicle_positions_15_153322.parquet,FAIL,46968,1158,False,True,,0,,,0
vehicle_positions_15_153353.parquet,FAIL,47093,1156,False,True,,0,,,0
vehicle_positions_15_153423.parquet,FAIL,47068,1156,False,True,,0,,,0
vehicle_positions_15_153454.parquet,FAIL,47049,1153,False,True,,0,,,0
vehicle_positions_15_153525.parquet,FAIL,47135,1157,False,True,,0,,,0
vehicle_positions_15_153555.parquet,FAIL,47081,1158,False,True,,0,,,0
vehicle_positions_15_153626.parquet,FAIL,47165,1156,False,True,,0,,,0
vehicle_positions_15_153657.parquet,FAIL,47048,1154,False,True,,0,,,0
vehicle_positions_15_153728.parquet,FAIL,47047,1155,False,True,,0,,,0
vehicle_positions_15_153759.parquet,FAIL,46993,1155,False,True,,0,,,0
vehicle_positions_15_153829.parquet,FAIL,46882,1152,False,True,,0,,,0
vehicle_positions_15_153900.parquet,FAIL,46972,1155,False,True,,0,,,0
vehicle_positions_15_153932.parquet,FAIL,46800,1154,False,True,,0,,,0
vehicle_positions_15_154003.parquet,FAIL,46975,1153,False,True,,0,,,0
vehicle_positions_15_154034.parquet,FAIL,46958,1153,False,True,,0,,,0
vehicle_positions_15_154105.parquet,FAIL,46790,1150,False,True,,0,,,0
vehicle_positions_15_154136.parquet,FAIL,46701,1151,False,True,,0,,,0
vehicle_positions_15_154207.parquet,FAIL,46776,1149,False,True,,0,,,0
vehicle_positions_15_154238.parquet,FAIL,46464,1145,False,True,,0,,,0
vehicle_positions_15_154308.parquet,FAIL,46457,1144,False,True,,0,,,0
vehicle_positions_15_154339.parquet,FAIL,46584,1146,False,True,,0,,,0
vehicle_positions_15_154410.parquet,FAIL,46621,1145,False,True,,0,,,0
vehicle_positions_15_154441.parquet,FAIL,46282,1140,False,True,,0,,,0
vehicle_positions_15_154511.parquet,FAIL,46219,1137,False,True,,0,,,0
vehicle_positions_15_154543.parquet,FAIL,45964,1133,False,True,,0,,,0
vehicle_positions_15_154613.parquet,FAIL,46062,1132,False,True,,0,,,0
vehicle_positions_15_154644.parquet,FAIL,46103,1130,False,True,,0,,,0
vehicle_positions_15_154715.parquet,FAIL,46132,1136,False,True,,0,,,0
vehicle_positions_15_154745.parquet,FAIL,46305,1137,False,True,,0,,,0
vehicle_positions_15_154816.parquet,FAIL,46226,1136,False,True,,0,,,0
vehicle_positions_15_154847.parquet,FAIL,46152,1135,False,True,,0,,,0
vehicle_positions_15_154918.parquet,FAIL,46158,1134,False,True,,0,,,0
vehicle_positions_15_154949.parquet,FAIL,45896,1133,False,True,,0,,,0
vehicle_positions_15_155019.parquet,FAIL,46135,1133,False,True,,0,,,0
vehicle_positions_15_155050.parquet,FAIL,46235,1132,False,True,,0,,,0
vehicle_positions_15_155121.parquet,FAIL,46229,1134,False,True,,0,,,0
vehicle_positions_15_155152.parquet,FAIL,46166,1133,False,True,,0,,,0
vehicle_positions_15_155222.parquet,FAIL,46129,1131,False,True,,0,,,0
vehicle_positions_15_155253.parquet,FAIL,45986,1131,False,True,,0,,,0
vehicle_positions_15_155324.parquet,FAIL,46164,1131,False,True,,0,,,0
vehicle_positions_15_155355.parquet,FAIL,46166,1132,False,True,,0,,,0
vehicle_positions_15_155425.parquet,FAIL,46162,1130,False,True,,0,,,0
vehicle_positions_15_155456.parquet,FAIL,46108,1128,False,True,,0,,,0
vehicle_positions_15_155527.parquet,FAIL,46077,1126,False,True,,0,,,0
vehicle_positions_15_155558.parquet,FAIL,45973,1125,False,True,,0,,,0
vehicle_positions_15_155628.parquet,FAIL,45902,1125,False,True,,0,,,0
vehicle_positions_15_155659.parquet,FAIL,45501,1119,False,True,,0,,,0
vehicle_positions_15_155730.parquet,FAIL,45490,1118,False,True,,0,,,0
vehicle_positions_15_155801.parquet,FAIL,45332,1115,False,True,,0,,,0
vehicle_positions_15_155831.parquet,FAIL,45220,1107,False,True,,0,,,0
vehicle_positions_15_155902.parquet,FAIL,45059,1105,False,True,,0,,,0
vehicle_positions_15_155933.parquet,FAIL,44918,1101,False,True,,0,,,0
vehicle_positions_16_160003.parquet,FAIL,45021,1102,False,True,,0,,,0
vehicle_positions_16_160034.parquet,FAIL,45294,1106,False,True,,0,,,0
vehicle_positions_16_160105.parquet,FAIL,45037,1101,False,True,,0,,,0
vehicle_positions_16_160136.parquet,FAIL,44984,1099,False,True,,0,,,0
vehicle_positions_16_160206.parquet,FAIL,44987,1098,False,True,,0,,,0
vehicle_positions_16_160237.parquet,FAIL,44928,1096,False,True,,0,,,0
vehicle_positions_16_160308.parquet,FAIL,44725,1095,False,True,,0,,,0
vehicle_positions_16_160338.parquet,FAIL,44903,1095,False,True,,0,,,0
vehicle_positions_16_160409.parquet,FAIL,44641,1090,False,True,,0,,,0
vehicle_positions_16_160440.parquet,FAIL,44589,1089,False,True,,0,,,0
vehicle_positions_16_160511.parquet,FAIL,44454,1084,False,True,,0,,,0
vehicle_positions_16_160541.parquet,FAIL,44722,1091,False,True,,0,,,0
vehicle_positions_16_160612.parquet,FAIL,44557,1089,False,True,,0,,,0
vehicle_positions_16_160643.parquet,FAIL,44474,1085,False,True,,0,,,0
vehicle_positions_16_160714.parquet,FAIL,44359,1082,False,True,,0,,,0
vehicle_positions_16_160744.parquet,FAIL,44495,1082,False,True,,0,,,0
vehicle_positions_16_160815.parquet,FAIL,44274,1081,False,True,,0,,,0
vehicle_positions_16_160846.parquet,FAIL,44182,1079,False,True,,0,,,0
vehicle_positions_16_160916.parquet,FAIL,43780,1072,False,True,,0,,,0
vehicle_positions_16_160947.parquet,FAIL,43970,1072,False,True,,0,,,0
vehicle_positions_16_161018.parquet,FAIL,43875,1073,False,True,,0,,,0
vehicle_positions_16_161048.parquet,FAIL,44133,1078,False,True,,0,,,0
vehicle_positions_16_161119.parquet,FAIL,44129,1077,False,True,,0,,,0
vehicle_positions_16_161150.parquet,FAIL,43901,1074,False,True,,0,,,0
vehicle_positions_16_161221.parquet,FAIL,43886,1073,False,True,,0,,,0
vehicle_positions_16_161251.parquet,FAIL,43756,1070,False,True,,0,,,0
vehicle_positions_16_161322.parquet,FAIL,43973,1069,False,True,,0,,,0
vehicle_positions_16_161353.parquet,FAIL,43593,1067,False,True,,0,,,0
vehicle_positions_16_161424.parquet,FAIL,43582,1062,False,True,,0,,,0
vehicle_positions_16_161454.parquet,FAIL,43721,1066,False,True,,0,,,0
vehicle_positions_16_161525.parquet,FAIL,43427,1062,False,True,,0,,,0
vehicle_positions_16_161556.parquet,FAIL,43799,1065,False,True,,0,,,0
vehicle_positions_16_161627.parquet,FAIL,43510,1062,False,True,,0,,,0
vehicle_positions_16_161657.parquet,FAIL,43674,1062,False,True,,0,,,0
vehicle_positions_16_161728.parquet,FAIL,43525,1060,False,True,,0,,,0
vehicle_positions_16_161759.parquet,FAIL,43550,1056,False,True,,0,,,0
vehicle_positions_16_161829.parquet,FAIL,43308,1051,False,True,,0,,,0
vehicle_positions_16_161900.parquet,FAIL,43274,1050,False,True,,0,,,0
vehicle_positions_16_161931.parquet,FAIL,43206,1046,False,True,,0,,,0
vehicle_positions_16_162002.parquet,FAIL,42926,1046,False,True,,0,,,0
vehicle_positions_16_162032.parquet,FAIL,42893,1043,False,True,,0,,,0
vehicle_positions_16_162103.parquet,FAIL,43037,1042,False,True,,0,,,0
vehicle_positions_16_162134.parquet,FAIL,43070,1044,False,True,,0,,,0
vehicle_positions_16_162205.parquet,FAIL,42957,1042,False,True,,0,,,0
vehicle_positions_16_162235.parquet,FAIL,42865,1039,False,True,,0,,,0
vehicle_positions_16_162306.parquet,FAIL,42629,1034,False,True,,0,,,0
vehicle_positions_16_162337.parquet,FAIL,42610,1030,False,True,,0,,,0
vehicle_positions_16_162408.parquet,FAIL,42524,1028,False,True,,0,,,0
vehicle_positions_16_162438.parquet,FAIL,42642,1029,False,True,,0,,,0
vehicle_positions_16_162509.parquet,FAIL,42472,1026,False,True,,0,,,0
vehicle_positions_16_162540.parquet,FAIL,42398,1025,False,True,,0,,,0
vehicle_positions_16_162611.parquet,FAIL,41846,1024,False,True,,0,,,0
vehicle_positions_16_162641.parquet,FAIL,42429,1026,False,True,,0,,,0
vehicle_positions_16_162712.parquet,FAIL,41849,1021,False,True,,0,,,0
vehicle_positions_16_162743.parquet,FAIL,41818,1018,False,True,,0,,,0
vehicle_positions_16_162813.parquet,FAIL,41484,1009,False,True,,0,,,0
vehicle_positions_16_162844.parquet,FAIL,41484,1008,False,True,,0,,,0
vehicle_positions_16_162915.parquet,FAIL,41501,1008,False,True,,0,,,0
vehicle_positions_16_162945.parquet,FAIL,41412,1004,False,True,,0,,,0
vehicle_positions_16_163016.parquet,FAIL,41283,1000,False,True,,0,,,0
vehicle_positions_16_163047.parquet,FAIL,41260,1005,False,True,,0,,,0
vehicle_positions_16_163117.parquet,FAIL,41300,1002,False,True,,0,,,0
vehicle_positions_16_163148.parquet,FAIL,41103,998,False,True,,0,,,0
vehicle_positions_16_163219.parquet,FAIL,41219,999,False,True,,0,,,0
vehicle_positions_16_163250.parquet,FAIL,41150,998,False,True,,0,,,0
vehicle_positions_16_163321.parquet,FAIL,41060,994,False,True,,0,,,0
vehicle_positions_16_163351.parquet,FAIL,41028,994,False,True,,0,,,0
vehicle_positions_16_163422.parquet,FAIL,41024,992,False,True,,0,,,0
vehicle_positions_16_163453.parquet,FAIL,40831,990,False,True,,0,,,0
vehicle_positions_16_163523.parquet,FAIL,40900,990,False,True,,0,,,0
vehicle_positions_16_163554.parquet,FAIL,40835,991,False,True,,0,,,0
vehicle_positions_16_163625.parquet,FAIL,40810,992,False,True,,0,,,0
vehicle_positions_16_163656.parquet,FAIL,40697,988,False,True,,0,,,0
vehicle_positions_16_163726.parquet,FAIL,40611,983,False,True,,0,,,0
vehicle_positions_16_163757.parquet,FAIL,40612,983,False,True,,0,,,0
vehicle_positions_16_163828.parquet,FAIL,40573,981,False,True,,0,,,0
vehicle_positions_16_163858.parquet,FAIL,40595,982,False,True,,0,,,0
vehicle_positions_16_163929.parquet,FAIL,40528,978,False,True,,0,,,0
vehicle_positions_16_164000.parquet,FAIL,40443,975,False,True,,0,,,0
vehicle_positions_16_164031.parquet,FAIL,40403,974,False,True,,0,,,0
vehicle_positions_16_164101.parquet,FAIL,40290,973,False,True,,0,,,0
vehicle_positions_16_164132.parquet,FAIL,40129,968,False,True,,0,,,0
vehicle_positions_16_164203.parquet,FAIL,40120,964,False,True,,0,,,0
vehicle_positions_16_164234.parquet,FAIL,39976,963,False,True,,0,,,0
vehicle_positions_16_164304.parquet,FAIL,39879,961,False,True,,0,,,0
vehicle_positions_16_164335.parquet,FAIL,39892,959,False,True,,0,,,0
vehicle_positions_16_164406.parquet,FAIL,39608,957,False,True,,0,,,0
vehicle_positions_16_164436.parquet,FAIL,39649,953,False,True,,0,,,0
vehicle_positions_16_164507.parquet,FAIL,39632,955,False,True,,0,,,0
vehicle_positions_16_164538.parquet,FAIL,39740,955,False,True,,0,,,0
vehicle_positions_16_164609.parquet,FAIL,39719,953,False,True,,0,,,0
vehicle_positions_16_164639.parquet,FAIL,39886,956,False,True,,0,,,0
vehicle_positions_16_164710.parquet,FAIL,39855,957,False,True,,0,,,0
vehicle_positions_16_164741.parquet,FAIL,39534,952,False,True,,0,,,0
vehicle_positions_16_164812.parquet,FAIL,39768,954,False,True,,0,,,0
vehicle_positions_16_164842.parquet,FAIL,39711,952,False,True,,0,,,0
vehicle_positions_16_164913.parquet,FAIL,39663,952,False,True,,0,,,0
vehicle_positions_16_164944.parquet,FAIL,39763,951,False,True,,0,,,0
vehicle_positions_16_165015.parquet,FAIL,39610,947,False,True,,0,,,0
vehicle_positions_16_165045.parquet,FAIL,39491,945,False,True,,0,,,0
vehicle_positions_16_165117.parquet,FAIL,39528,948,False,True,,0,,,0
vehicle_positions_16_165147.parquet,FAIL,39308,943,False,True,,0,,,0
vehicle_positions_16_165218.parquet,FAIL,39297,940,False,True,,0,,,0
vehicle_positions_16_165249.parquet,FAIL,39150,936,False,True,,0,,,0
vehicle_positions_16_165320.parquet,FAIL,39246,937,False,True,,0,,,0
vehicle_positions_16_165350.parquet,FAIL,39022,933,False,True,,0,,,0
vehicle_positions_16_165421.parquet,FAIL,38770,927,False,True,,0,,,0
vehicle_positions_16_165452.parquet,FAIL,38686,924,False,True,,0,,,0
vehicle_positions_16_165522.parquet,FAIL,38814,924,False,True,,0,,,0
vehicle_positions_16_165553.parquet,FAIL,38780,927,False,True,,0,,,0
vehicle_positions_16_165624.parquet,FAIL,38438,920,False,True,,0,,,0
vehicle_positions_16_165655.parquet,FAIL,38475,920,False,True,,0,,,0
vehicle_positions_16_165725.parquet,FAIL,38258,912,False,True,,0,,,0
vehicle_positions_16_165756.parquet,FAIL,38069,910,False,True,,0,,,0
vehicle_positions_16_165827.parquet,FAIL,38298,912,False,True,,0,,,0
vehicle_positions_16_165859.parquet,FAIL,38136,914,False,True,,0,,,0
vehicle_positions_16_165929.parquet,FAIL,38292,914,False,True,,0,,,0
vehicle_positions_17_170000.parquet,FAIL,38217,911,False,True,,0,,,0
vehicle_positions_17_170031.parquet,FAIL,37991,908,False,True,,0,,,0
vehicle_positions_17_170101.parquet,FAIL,38254,909,False,True,,0,,,0
vehicle_positions_17_170132.parquet,FAIL,38201,905,False,True,,0,,,0
vehicle_positions_17_170203.parquet,FAIL,37993,904,False,True,,0,,,0
vehicle_positions_17_170234.parquet,FAIL,37991,904,False,True,,0,,,0
vehicle_positions_17_170304.parquet,FAIL,37970,902,False,True,,0,,,0
vehicle_positions_17_170335.parquet,FAIL,38104,900,False,True,,0,,,0
vehicle_positions_17_170406.parquet,FAIL,38092,900,False,True,,0,,,0
vehicle_positions_17_170438.parquet,FAIL,37926,899,False,True,,0,,,0
vehicle_positions_17_170508.parquet,FAIL,37837,897,False,True,,0,,,0
vehicle_positions_17_170539.parquet,FAIL,37793,895,False,True,,0,,,0
vehicle_positions_17_170610.parquet,FAIL,37929,899,False,True,,0,,,0
vehicle_positions_17_170641.parquet,FAIL,37924,898,False,True,,0,,,0
vehicle_positions_17_170712.parquet,FAIL,38059,899,False,True,,0,,,0
vehicle_positions_17_170742.parquet,FAIL,37770,898,False,True,,0,,,0
vehicle_positions_17_170813.parquet,FAIL,38066,900,False,True,,0,,,0
vehicle_positions_17_170844.parquet,FAIL,37901,898,False,True,,0,,,0
vehicle_positions_17_170915.parquet,FAIL,37872,897,False,True,,0,,,0
vehicle_positions_17_170945.parquet,FAIL,37996,900,False,True,,0,,,0
vehicle_positions_17_171017.parquet,FAIL,37826,898,False,True,,0,,,0
vehicle_positions_17_171047.parquet,FAIL,37834,898,False,True,,0,,,0
vehicle_positions_17_171118.parquet,FAIL,37869,896,False,True,,0,,,0
vehicle_positions_17_171149.parquet,FAIL,37701,895,False,True,,0,,,0
vehicle_positions_17_171220.parquet,FAIL,37734,893,False,True,,0,,,0
vehicle_positions_17_171251.parquet,FAIL,37613,892,False,True,,0,,,0
vehicle_positions_17_171321.parquet,FAIL,37715,891,False,True,,0,,,0
vehicle_positions_17_171352.parquet,FAIL,37687,891,False,True,,0,,,0
vehicle_positions_17_171423.parquet,FAIL,37562,888,False,True,,0,,,0
vehicle_positions_17_171454.parquet,FAIL,37757,890,False,True,,0,,,0
vehicle_positions_17_171524.parquet,FAIL,37701,889,False,True,,0,,,0
vehicle_positions_17_171555.parquet,FAIL,37749,891,False,True,,0,,,0
vehicle_positions_17_171626.parquet,FAIL,37537,887,False,True,,0,,,0
vehicle_positions_17_171657.parquet,FAIL,37414,887,False,True,,0,,,0
vehicle_positions_17_171727.parquet,FAIL,37347,884,False,True,,0,,,0
vehicle_positions_17_171758.parquet,FAIL,37316,882,False,True,,0,,,0
vehicle_positions_17_171828.parquet,FAIL,37366,881,False,True,,0,,,0
vehicle_positions_17_171859.parquet,FAIL,37295,880,False,True,,0,,,0
vehicle_positions_17_171930.parquet,FAIL,37072,876,False,True,,0,,,0
vehicle_positions_17_172001.parquet,FAIL,37133,878,False,True,,0,,,0
vehicle_positions_17_172031.parquet,FAIL,37094,877,False,True,,0,,,0
vehicle_positions_17_172102.parquet,FAIL,37142,875,False,True,,0,,,0
vehicle_positions_17_172137.parquet,FAIL,36928,875,False,True,,0,,,0
vehicle_positions_17_172208.parquet,FAIL,37154,875,False,True,,0,,,0
vehicle_positions_17_172239.parquet,FAIL,37046,870,False,True,,0,,,0
vehicle_positions_17_172310.parquet,FAIL,36991,870,False,True,,0,,,0
vehicle_positions_17_172340.parquet,FAIL,36882,866,False,True,,0,,,0
vehicle_positions_17_172411.parquet,FAIL,36846,865,False,True,,0,,,0
vehicle_positions_17_172442.parquet,FAIL,36862,867,False,True,,0,,,0
vehicle_positions_17_172513.parquet,FAIL,36739,864,False,True,,0,,,0
vehicle_positions_17_172543.parquet,FAIL,36802,866,False,True,,0,,,0
vehicle_positions_17_172614.parquet,FAIL,37088,867,False,True,,0,,,0
vehicle_positions_17_172645.parquet,FAIL,36886,863,False,True,,0,,,0
vehicle_positions_17_172716.parquet,FAIL,36692,863,False,True,,0,,,0
vehicle_positions_17_172747.parquet,FAIL,36493,863,False,True,,0,,,0
vehicle_positions_17_172817.parquet,FAIL,36404,861,False,True,,0,,,0
vehicle_positions_17_172848.parquet,FAIL,36578,862,False,True,,0,,,0
vehicle_positions_17_172919.parquet,FAIL,36537,861,False,True,,0,,,0
vehicle_positions_17_172949.parquet,FAIL,36341,857,False,True,,0,,,0
vehicle_positions_17_173020.parquet,FAIL,36411,858,False,True,,0,,,0
vehicle_positions_17_173050.parquet,FAIL,36323,857,False,True,,0,,,0
vehicle_positions_17_173121.parquet,FAIL,36229,856,False,True,,0,,,0
vehicle_positions_17_173152.parquet,FAIL,36268,855,False,True,,0,,,0
vehicle_positions_17_173223.parquet,FAIL,36279,855,False,True,,0,,,0
vehicle_positions_17_173253.parquet,FAIL,36417,855,False,True,,0,,,0
vehicle_positions_17_173324.parquet,FAIL,36283,853,False,True,,0,,,0
vehicle_positions_17_173355.parquet,FAIL,36216,853,False,True,,0,,,0
vehicle_positions_17_173425.parquet,FAIL,36478,855,False,True,,0,,,0
vehicle_positions_17_173456.parquet,FAIL,36299,856,False,True,,0,,,0
vehicle_positions_17_173527.parquet,FAIL,36371,857,False,True,,0,,,0
vehicle_positions_17_173558.parquet,FAIL,36322,858,False,True,,0,,,0
vehicle_positions_17_173628.parquet,FAIL,36368,857,False,True,,0,,,0
vehicle_positions_17_173659.parquet,FAIL,36409,856,False,True,,0,,,0
vehicle_positions_17_173729.parquet,FAIL,36503,856,False,True,,0,,,0
vehicle_positions_17_173800.parquet,FAIL,36415,852,False,True,,0,,,0
vehicle_positions_17_173831.parquet,FAIL,36526,854,False,True,,0,,,0
vehicle_positions_17_173902.parquet,FAIL,36226,849,False,True,,0,,,0
vehicle_positions_17_173932.parquet,FAIL,35993,845,False,True,,0,,,0
vehicle_positions_17_174003.parquet,FAIL,36094,843,False,True,,0,,,0
vehicle_positions_17_174034.parquet,FAIL,36028,847,False,True,,0,,,0
vehicle_positions_17_174104.parquet,FAIL,36106,849,False,True,,0,,,0
vehicle_positions_17_174135.parquet,FAIL,35929,848,False,True,,0,,,0
vehicle_positions_17_174206.parquet,FAIL,35932,846,False,True,,0,,,0
vehicle_positions_17_174237.parquet,FAIL,35879,847,False,True,,0,,,0
vehicle_positions_17_174307.parquet,FAIL,35850,846,False,True,,0,,,0
vehicle_positions_17_174338.parquet,FAIL,35877,847,False,True,,0,,,0
vehicle_positions_17_174409.parquet,FAIL,35908,845,False,True,,0,,,0
vehicle_positions_17_174439.parquet,FAIL,35855,846,False,True,,0,,,0
vehicle_positions_17_174510.parquet,FAIL,35885,846,False,True,,0,,,0
vehicle_positions_17_174541.parquet,FAIL,35965,847,False,True,,0,,,0
vehicle_positions_17_174612.parquet,FAIL,36321,849,False,True,,0,,,0
vehicle_positions_17_174643.parquet,FAIL,36200,849,False,True,,0,,,0
vehicle_positions_17_174713.parquet,FAIL,36182,851,False,True,,0,,,0
vehicle_positions_17_174744.parquet,FAIL,36241,849,False,True,,0,,,0
vehicle_positions_17_174815.parquet,FAIL,36336,847,False,True,,0,,,0
vehicle_positions_17_174845.parquet,FAIL,36106,847,False,True,,0,,,0
vehicle_positions_17_174916.parquet,FAIL,35936,842,False,True,,0,,,0
vehicle_positions_17_174947.parquet,FAIL,35800,840,False,True,,0,,,0
vehicle_positions_17_175018.parquet,FAIL,35728,839,False,True,,0,,,0
vehicle_positions_17_175049.parquet,FAIL,35874,842,False,True,,0,,,0
vehicle_positions_17_175119.parquet,FAIL,35916,841,False,True,,0,,,0
vehicle_positions_17_175150.parquet,FAIL,35783,840,False,True,,0,,,0
vehicle_positions_17_175221.parquet,FAIL,35883,841,False,True,,0,,,0
vehicle_positions_17_175252.parquet,FAIL,35899,841,False,True,,0,,,0
vehicle_positions_17_175322.parquet,FAIL,35887,840,False,True,,0,,,0
vehicle_positions_17_175353.parquet,FAIL,36072,841,False,True,,0,,,0
vehicle_positions_17_175424.parquet,FAIL,35989,839,False,True,,0,,,0
vehicle_positions_17_175455.parquet,FAIL,35924,839,False,True,,0,,,0
vehicle_positions_17_175525.parquet,FAIL,35787,836,False,True,,0,,,0
vehicle_positions_17_175556.parquet,FAIL,35779,833,False,True,,0,,,0
vehicle_positions_17_175627.parquet,FAIL,35913,834,False,True,,0,,,0
vehicle_positions_17_175657.parquet,FAIL,35625,829,False,True,,0,,,0
vehicle_positions_17_175728.parquet,FAIL,35556,828,False,True,,0,,,0
vehicle_positions_17_175759.parquet,FAIL,35568,828,False,True,,0,,,0
vehicle_positions_17_175829.parquet,FAIL,35485,829,False,True,,0,,,0
vehicle_positions_17_175900.parquet,FAIL,35592,829,False,True,,0,,,0
vehicle_positions_17_175931.parquet,FAIL,35636,833,False,True,,0,,,0
vehicle_positions_18_180002.parquet,FAIL,35728,834,False,True,,0,,,0
vehicle_positions_18_180033.parquet,FAIL,35660,835,False,True,,0,,,0
vehicle_positions_18_180103.parquet,FAIL,35782,836,False,True,,0,,,0
vehicle_positions_18_180134.parquet,FAIL,35800,837,False,True,,0,,,0
vehicle_positions_18_180205.parquet,FAIL,35743,837,False,True,,0,,,0
vehicle_positions_18_180236.parquet,FAIL,35883,835,False,True,,0,,,0
vehicle_positions_18_180306.parquet,FAIL,35798,832,False,True,,0,,,0
vehicle_positions_18_180337.parquet,FAIL,35787,833,False,True,,0,,,0
vehicle_positions_18_180408.parquet,FAIL,35844,833,False,True,,0,,,0
vehicle_positions_18_180438.parquet,FAIL,35812,834,False,True,,0,,,0
vehicle_positions_18_180509.parquet,FAIL,35652,832,False,True,,0,,,0
vehicle_positions_18_180540.parquet,FAIL,35740,832,False,True,,0,,,0
vehicle_positions_18_180611.parquet,FAIL,35623,832,False,True,,0,,,0
vehicle_positions_18_180641.parquet,FAIL,35782,832,False,True,,0,,,0
vehicle_positions_18_180712.parquet,FAIL,35753,831,False,True,,0,,,0
vehicle_positions_18_180742.parquet,FAIL,35884,833,False,True,,0,,,0
vehicle_positions_18_180813.parquet,FAIL,35464,831,False,True,,0,,,0
vehicle_positions_18_180844.parquet,FAIL,35421,827,False,True,,0,,,0
vehicle_positions_18_180914.parquet,FAIL,35559,828,False,True,,0,,,0
vehicle_positions_18_180945.parquet,FAIL,35677,829,False,True,,0,,,0
vehicle_positions_18_181017.parquet,FAIL,35455,829,False,True,,0,,,0
vehicle_positions_18_181047.parquet,FAIL,35421,827,False,True,,0,,,0
vehicle_positions_18_181118.parquet,FAIL,35424,825,False,True,,0,,,0
vehicle_positions_18_181149.parquet,FAIL,35359,825,False,True,,0,,,0
vehicle_positions_18_181220.parquet,FAIL,35520,827,False,True,,0,,,0
vehicle_positions_18_181250.parquet,FAIL,35409,824,False,True,,0,,,0
vehicle_positions_18_181321.parquet,FAIL,35312,822,False,True,,0,,,0
vehicle_positions_18_181352.parquet,FAIL,35167,820,False,True,,0,,,0
vehicle_positions_18_181423.parquet,FAIL,35344,822,False,True,,0,,,0
vehicle_positions_18_181453.parquet,FAIL,35096,817,False,True,,0,,,0
vehicle_positions_18_181524.parquet,FAIL,35080,817,False,True,,0,,,0
vehicle_positions_18_181554.parquet,FAIL,35203,820,False,True,,0,,,0
vehicle_positions_18_181625.parquet,FAIL,35164,821,False,True,,0,,,0
vehicle_positions_18_181656.parquet,FAIL,35107,821,False,True,,0,,,0
vehicle_positions_18_181727.parquet,FAIL,35189,819,False,True,,0,,,0
vehicle_positions_18_181757.parquet,FAIL,35288,817,False,True,,0,,,0
vehicle_positions_18_181828.parquet,FAIL,35305,821,False,True,,0,,,0
vehicle_positions_18_181859.parquet,FAIL,35350,821,False,True,,0,,,0
vehicle_positions_18_181929.parquet,FAIL,35292,820,False,True,,0,,,0
vehicle_positions_18_182000.parquet,FAIL,35180,820,False,True,,0,,,0
vehicle_positions_18_182031.parquet,FAIL,35189,818,False,True,,0,,,0
vehicle_positions_18_182101.parquet,FAIL,35288,819,False,True,,0,,,0
vehicle_positions_18_182132.parquet,FAIL,35240,820,False,True,,0,,,0
vehicle_positions_18_182203.parquet,FAIL,35296,820,False,True,,0,,,0
vehicle_positions_18_182233.parquet,FAIL,35285,821,False,True,,0,,,0
vehicle_positions_18_182304.parquet,FAIL,35173,822,False,True,,0,,,0
vehicle_positions_18_182335.parquet,FAIL,35249,822,False,True,,0,,,0
vehicle_positions_18_182405.parquet,FAIL,35277,822,False,True,,0,,,0
vehicle_positions_18_182436.parquet,FAIL,35234,820,False,True,,0,,,0
vehicle_positions_18_182507.parquet,FAIL,35270,819,False,True,,0,,,0
vehicle_positions_18_182537.parquet,FAIL,35143,818,False,True,,0,,,0
vehicle_positions_18_182608.parquet,FAIL,35261,822,False,True,,0,,,0
vehicle_positions_18_182639.parquet,FAIL,35220,819,False,True,,0,,,0
vehicle_positions_18_182710.parquet,FAIL,35031,818,False,True,,0,,,0
vehicle_positions_18_182740.parquet,FAIL,35063,819,False,True,,0,,,0
vehicle_positions_18_182811.parquet,FAIL,35215,819,False,True,,0,,,0
vehicle_positions_18_182842.parquet,FAIL,35231,821,False,True,,0,,,0
vehicle_positions_18_182912.parquet,FAIL,35197,822,False,True,,0,,,0
vehicle_positions_18_182943.parquet,FAIL,35095,819,False,True,,0,,,0
vehicle_positions_18_183014.parquet,FAIL,35183,821,False,True,,0,,,0
vehicle_positions_18_183045.parquet,FAIL,35303,820,False,True,,0,,,0
vehicle_positions_18_183115.parquet,FAIL,35330,822,False,True,,0,,,0
vehicle_positions_18_183146.parquet,FAIL,35381,823,False,True,,0,,,0
vehicle_positions_18_183217.parquet,FAIL,35336,820,False,True,,0,,,0
vehicle_positions_18_183248.parquet,FAIL,35276,820,False,True,,0,,,0
vehicle_positions_18_183318.parquet,FAIL,35103,818,False,True,,0,,,0
vehicle_positions_18_183349.parquet,FAIL,35151,818,False,True,,0,,,0
vehicle_positions_18_183420.parquet,FAIL,35256,817,False,True,,0,,,0
vehicle_positions_18_183450.parquet,FAIL,35293,818,False,True,,0,,,0
vehicle_positions_18_183521.parquet,FAIL,35260,822,False,True,,0,,,0
vehicle_positions_18_183552.parquet,FAIL,35292,822,False,True,,0,,,0
vehicle_positions_18_183622.parquet,FAIL,35504,825,False,True,,0,,,0
vehicle_positions_18_183653.parquet,FAIL,35200,824,False,True,,0,,,0
vehicle_positions_18_183724.parquet,FAIL,35472,824,False,True,,0,,,0
vehicle_positions_18_183754.parquet,FAIL,35280,821,False,True,,0,,,0
vehicle_positions_18_183825.parquet,FAIL,35229,818,False,True,,0,,,0
vehicle_positions_18_183856.parquet,FAIL,35241,819,False,True,,0,,,0
vehicle_positions_18_183926.parquet,FAIL,35222,817,False,True,,0,,,0
vehicle_positions_18_183957.parquet,FAIL,35159,818,False,True,,0,,,0
vehicle_positions_18_184028.parquet,FAIL,35055,815,False,True,,0,,,0
vehicle_positions_18_184059.parquet,FAIL,35060,814,False,True,,0,,,0
vehicle_positions_18_184129.parquet,FAIL,35088,814,False,True,,0,,,0
vehicle_positions_18_184200.parquet,FAIL,35137,815,False,True,,0,,,0
vehicle_positions_18_184232.parquet,FAIL,35234,819,False,True,,0,,,0
vehicle_positions_18_184303.parquet,FAIL,35273,820,False,True,,0,,,0
vehicle_positions_18_184333.parquet,FAIL,35393,821,False,True,,0,,,0
vehicle_positions_18_184404.parquet,FAIL,35398,821,False,True,,0,,,0
vehicle_positions_18_184435.parquet,FAIL,35320,818,False,True,,0,,,0
vehicle_positions_18_184505.parquet,FAIL,35307,819,False,True,,0,,,0
vehicle_positions_18_184536.parquet,FAIL,35203,818,False,True,,0,,,0
vehicle_positions_18_184607.parquet,FAIL,35187,817,False,True,,0,,,0
vehicle_positions_18_184637.parquet,FAIL,35146,814,False,True,,0,,,0
vehicle_positions_18_184708.parquet,FAIL,35125,815,False,True,,0,,,0
vehicle_positions_18_184739.parquet,FAIL,35206,816,False,True,,0,,,0
vehicle_positions_18_184809.parquet,FAIL,35061,814,False,True,,0,,,0
vehicle_positions_18_184840.parquet,FAIL,35131,813,False,True,,0,,,0
vehicle_positions_18_184911.parquet,FAIL,35158,810,False,True,,0,,,0
vehicle_positions_18_184941.parquet,FAIL,35066,811,False,True,,0,,,0
vehicle_positions_18_185012.parquet,FAIL,35008,812,False,True,,0,,,0
vehicle_positions_18_185042.parquet,FAIL,34992,811,False,True,,0,,,0
vehicle_positions_18_185113.parquet,FAIL,35018,813,False,True,,0,,,0
vehicle_positions_18_185144.parquet,FAIL,34981,813,False,True,,0,,,0
vehicle_positions_18_185214.parquet,FAIL,35030,814,False,True,,0,,,0
vehicle_positions_18_185245.parquet,FAIL,35280,815,False,True,,0,,,0
vehicle_positions_18_185316.parquet,FAIL,35142,813,False,True,,0,,,0
vehicle_positions_18_185346.parquet,FAIL,35078,813,False,True,,0,,,0
vehicle_positions_18_185417.parquet,FAIL,35122,815,False,True,,0,,,0
vehicle_positions_18_185448.parquet,FAIL,35048,814,False,True,,0,,,0
vehicle_positions_18_185518.parquet,FAIL,35000,810,False,True,,0,,,0
vehicle_positions_18_185549.parquet,FAIL,35015,809,False,True,,0,,,0
vehicle_positions_18_185620.parquet,FAIL,34813,808,False,True,,0,,,0
vehicle_positions_18_185650.parquet,FAIL,34753,807,False,True,,0,,,0
vehicle_positions_18_185721.parquet,FAIL,34747,804,False,True,,0,,,0
vehicle_positions_18_185752.parquet,FAIL,34849,808,False,True,,0,,,0
vehicle_positions_18_185822.parquet,FAIL,34729,806,False,True,,0,,,0
vehicle_positions_18_185853.parquet,FAIL,34875,807,False,True,,0,,,0
vehicle_positions_18_185924.parquet,FAIL,34854,808,False,True,,0,,,0
vehicle_positions_18_185954.parquet,FAIL,34789,807,False,True,,0,,,0
vehicle_positions_19_190025.parquet,FAIL,34771,807,False,True,,0,,,0
vehicle_positions_19_190056.parquet,FAIL,34813,809,False,True,,0,,,0
vehicle_positions_19_190126.parquet,FAIL,34909,811,False,True,,0,,,0
vehicle_positions_19_190157.parquet,FAIL,34984,812,False,True,,0,,,0
vehicle_positions_19_190228.parquet,FAIL,35086,814,False,True,,0,,,0
vehicle_positions_19_190258.parquet,FAIL,34939,814,False,True,,0,,,0
vehicle_positions_19_190329.parquet,FAIL,35016,814,False,True,,0,,,0
vehicle_positions_19_190400.parquet,FAIL,35008,815,False,True,,0,,,0
vehicle_positions_19_190430.parquet,FAIL,35025,814,False,True,,0,,,0
vehicle_positions_19_190502.parquet,FAIL,34954,813,False,True,,0,,,0
vehicle_positions_19_190533.parquet,FAIL,35070,817,False,True,,0,,,0
vehicle_positions_19_190604.parquet,FAIL,35044,816,False,True,,0,,,0
vehicle_positions_19_190634.parquet,FAIL,34795,812,False,True,,0,,,0
vehicle_positions_19_190705.parquet,FAIL,35038,813,False,True,,0,,,0
vehicle_positions_19_190736.parquet,FAIL,35035,813,False,True,,0,,,0
vehicle_positions_19_190807.parquet,FAIL,34914,810,False,True,,0,,,0
vehicle_positions_19_190837.parquet,FAIL,34838,810,False,True,,0,,,0
vehicle_positions_19_190908.parquet,FAIL,34899,810,False,True,,0,,,0
vehicle_positions_19_190939.parquet,FAIL,34988,810,False,True,,0,,,0
vehicle_positions_19_191009.parquet,FAIL,35161,812,False,True,,0,,,0
vehicle_positions_19_191040.parquet,FAIL,34887,813,False,True,,0,,,0
vehicle_positions_19_191111.parquet,FAIL,34808,812,False,True,,0,,,0
vehicle_positions_19_191141.parquet,FAIL,34932,811,False,True,,0,,,0
vehicle_positions_19_191212.parquet,FAIL,34927,812,False,True,,0,,,0
vehicle_positions_19_191243.parquet,FAIL,34923,814,False,True,,0,,,0
vehicle_positions_19_191314.parquet,FAIL,34985,812,False,True,,0,,,0
vehicle_positions_19_191344.parquet,FAIL,34900,810,False,True,,0,,,0
vehicle_positions_19_191415.parquet,FAIL,34957,810,False,True,,0,,,0
vehicle_positions_19_191446.parquet,FAIL,34844,814,False,True,,0,,,0
vehicle_positions_19_191516.parquet,FAIL,34874,812,False,True,,0,,,0
vehicle_positions_19_191547.parquet,FAIL,34874,811,False,True,,0,,,0
vehicle_positions_19_191618.parquet,FAIL,34971,812,False,True,,0,,,0
vehicle_positions_19_191648.parquet,FAIL,35003,813,False,True,,0,,,0
vehicle_positions_19_191719.parquet,FAIL,34955,811,False,True,,0,,,0
vehicle_positions_19_191750.parquet,FAIL,34968,811,False,True,,0,,,0
vehicle_positions_19_191820.parquet,FAIL,34944,811,False,True,,0,,,0
vehicle_positions_19_191851.parquet,FAIL,34866,811,False,True,,0,,,0
vehicle_positions_19_191922.parquet,FAIL,34970,812,False,True,,0,,,0
vehicle_positions_19_191953.parquet,FAIL,34952,814,False,True,,0,,,0
vehicle_positions_19_192023.parquet,FAIL,34917,814,False,True,,0,,,0
vehicle_positions_19_192054.parquet,FAIL,34976,814,False,True,,0,,,0
vehicle_positions_19_192124.parquet,FAIL,34992,814,False,True,,0,,,0
vehicle_positions_19_192155.parquet,FAIL,34910,813,False,True,,0,,,0
vehicle_positions_19_192226.parquet,FAIL,35129,817,False,True,,0,,,0
vehicle_positions_19_192256.parquet,FAIL,34954,814,False,True,,0,,,0
vehicle_positions_19_192327.parquet,FAIL,34993,813,False,True,,0,,,0
vehicle_positions_19_192358.parquet,FAIL,35164,818,False,True,,0,,,0
vehicle_positions_19_192428.parquet,FAIL,35227,818,False,True,,0,,,0
vehicle_positions_19_192459.parquet,FAIL,35220,817,False,True,,0,,,0
vehicle_positions_19_192530.parquet,FAIL,35208,818,False,True,,0,,,0
vehicle_positions_19_192600.parquet,FAIL,35228,821,False,True,,0,,,0
vehicle_positions_19_192631.parquet,FAIL,35242,818,False,True,,0,,,0
vehicle_positions_19_192702.parquet,FAIL,35143,816,False,True,,0,,,0
vehicle_positions_19_192733.parquet,FAIL,35113,815,False,True,,0,,,0
vehicle_positions_19_192803.parquet,FAIL,35106,814,False,True,,0,,,0
vehicle_positions_19_192834.parquet,FAIL,35073,813,False,True,,0,,,0
vehicle_positions_19_192905.parquet,FAIL,35220,815,False,True,,0,,,0
vehicle_positions_19_192935.parquet,FAIL,35107,816,False,True,,0,,,0
vehicle_positions_19_193006.parquet,FAIL,35362,821,False,True,,0,,,0
vehicle_positions_19_193037.parquet,FAIL,35255,820,False,True,,0,,,0
vehicle_positions_19_193108.parquet,FAIL,35164,820,False,True,,0,,,0
vehicle_positions_19_193138.parquet,FAIL,35216,820,False,True,,0,,,0
vehicle_positions_19_193209.parquet,FAIL,35178,820,False,True,,0,,,0
vehicle_positions_19_193240.parquet,FAIL,35184,817,False,True,,0,,,0
vehicle_positions_19_193310.parquet,FAIL,35019,815,False,True,,0,,,0
vehicle_positions_19_193341.parquet,FAIL,34999,816,False,True,,0,,,0
vehicle_positions_19_193412.parquet,FAIL,34828,813,False,True,,0,,,0
vehicle_positions_19_193442.parquet,FAIL,34866,814,False,True,,0,,,0
vehicle_positions_19_193513.parquet,FAIL,34982,815,False,True,,0,,,0
vehicle_positions_19_193544.parquet,FAIL,35001,814,False,True,,0,,,0
vehicle_positions_19_193614.parquet,FAIL,35003,815,False,True,,0,,,0
vehicle_positions_19_193645.parquet,FAIL,35059,815,False,True,,0,,,0
vehicle_positions_19_193716.parquet,FAIL,35307,819,False,True,,0,,,0
vehicle_positions_19_193746.parquet,FAIL,35067,815,False,True,,0,,,0
vehicle_positions_19_193817.parquet,FAIL,34953,815,False,True,,0,,,0
vehicle_positions_19_193848.parquet,FAIL,34994,814,False,True,,0,,,0
vehicle_positions_19_193918.parquet,FAIL,34970,814,False,True,,0,,,0
vehicle_positions_19_193949.parquet,FAIL,34917,816,False,True,,0,,,0
vehicle_positions_19_194020.parquet,FAIL,35087,817,False,True,,0,,,0
vehicle_positions_19_194050.parquet,FAIL,35026,817,False,True,,0,,,0
vehicle_positions_19_194121.parquet,FAIL,35085,817,False,True,,0,,,0
vehicle_positions_19_194152.parquet,FAIL,35068,817,False,True,,0,,,0
vehicle_positions_19_194222.parquet,FAIL,35001,817,False,True,,0,,,0
vehicle_positions_19_194253.parquet,FAIL,35043,815,False,True,,0,,,0
vehicle_positions_19_194324.parquet,FAIL,35141,815,False,True,,0,,,0
vehicle_positions_19_194355.parquet,FAIL,34954,813,False,True,,0,,,0
vehicle_positions_19_194425.parquet,FAIL,34975,812,False,True,,0,,,0
vehicle_positions_19_194456.parquet,FAIL,35128,815,False,True,,0,,,0
vehicle_positions_19_194527.parquet,FAIL,35098,811,False,True,,0,,,0
vehicle_positions_19_194557.parquet,FAIL,35075,812,False,True,,0,,,0
vehicle_positions_19_194628.parquet,FAIL,35180,813,False,True,,0,,,0
vehicle_positions_19_194658.parquet,FAIL,35079,811,False,True,,0,,,0
vehicle_positions_19_194729.parquet,FAIL,35046,811,False,True,,0,,,0
vehicle_positions_19_194800.parquet,FAIL,35100,813,False,True,,0,,,0
vehicle_positions_19_194830.parquet,FAIL,34924,809,False,True,,0,,,0
vehicle_positions_19_194902.parquet,FAIL,35092,810,False,True,,0,,,0
vehicle_positions_19_194932.parquet,FAIL,34993,808,False,True,,0,,,0
vehicle_positions_19_195003.parquet,FAIL,34777,806,False,True,,0,,,0
vehicle_positions_19_195034.parquet,FAIL,35060,809,False,True,,0,,,0
vehicle_positions_19_195104.parquet,FAIL,34937,810,False,True,,0,,,0
vehicle_positions_19_195135.parquet,FAIL,35127,814,False,True,,0,,,0
vehicle_positions_19_195206.parquet,FAIL,35076,814,False,True,,0,,,0
vehicle_positions_19_195236.parquet,FAIL,35060,815,False,True,,0,,,0
vehicle_positions_19_195307.parquet,FAIL,35045,815,False,True,,0,,,0
vehicle_positions_19_195337.parquet,FAIL,35216,816,False,True,,0,,,0
vehicle_positions_19_195408.parquet,FAIL,35273,818,False,True,,0,,,0
vehicle_positions_19_195439.parquet,FAIL,35305,819,False,True,,0,,,0
vehicle_positions_19_195510.parquet,FAIL,35442,817,False,True,,0,,,0
vehicle_positions_19_195540.parquet,FAIL,35113,816,False,True,,0,,,0
vehicle_positions_19_195612.parquet,FAIL,35119,814,False,True,,0,,,0
vehicle_positions_19_195643.parquet,FAIL,35035,813,False,True,,0,,,0
vehicle_positions_19_195713.parquet,FAIL,35087,814,False,True,,0,,,0
vehicle_positions_19_195744.parquet,FAIL,35075,815,False,True,,0,,,0
vehicle_positions_19_195815.parquet,FAIL,35105,816,False,True,,0,,,0
vehicle_positions_19_195845.parquet,FAIL,35095,814,False,True,,0,,,0
vehicle_positions_19_195916.parquet,FAIL,35040,816,False,True,,0,,,0
vehicle_positions_19_195947.parquet,FAIL,35122,817,False,True,,0,,,0
vehicle_positions_20_200017.parquet,FAIL,35179,822,False,True,,0,,,0
vehicle_positions_20_200048.parquet,FAIL,35268,822,False,True,,0,,,0
vehicle_positions_20_200119.parquet,FAIL,35433,824,False,True,,0,,,0
vehicle_positions_20_200149.parquet,FAIL,35578,827,False,True,,0,,,0
vehicle_positions_20_200220.parquet,FAIL,35541,825,False,True,,0,,,0
vehicle_positions_20_200251.parquet,FAIL,35483,824,False,True,,0,,,0
vehicle_positions_20_200322.parquet,FAIL,35452,824,False,True,,0,,,0
vehicle_positions_20_200352.parquet,FAIL,35356,822,False,True,,0,,,0
vehicle_positions_20_200423.parquet,FAIL,35258,822,False,True,,0,,,0
vehicle_positions_20_200454.parquet,FAIL,35476,824,False,True,,0,,,0
vehicle_positions_20_200524.parquet,FAIL,35405,825,False,True,,0,,,0
vehicle_positions_20_200555.parquet,FAIL,35226,825,False,True,,0,,,0
vehicle_positions_20_200626.parquet,FAIL,35226,826,False,True,,0,,,0
vehicle_positions_20_200656.parquet,FAIL,35374,825,False,True,,0,,,0
vehicle_positions_20_200727.parquet,FAIL,35443,825,False,True,,0,,,0
vehicle_positions_20_200758.parquet,FAIL,35274,826,False,True,,0,,,0
vehicle_positions_20_200828.parquet,FAIL,35201,822,False,True,,0,,,0
vehicle_positions_20_200859.parquet,FAIL,35214,823,False,True,,0,,,0
vehicle_positions_20_200929.parquet,FAIL,35266,824,False,True,,0,,,0
vehicle_positions_20_201000.parquet,FAIL,35429,825,False,True,,0,,,0
vehicle_positions_20_201031.parquet,FAIL,35313,824,False,True,,0,,,0
vehicle_positions_20_201102.parquet,FAIL,35364,828,False,True,,0,,,0
vehicle_positions_20_201132.parquet,FAIL,35375,825,False,True,,0,,,0
vehicle_positions_20_201203.parquet,FAIL,35366,826,False,True,,0,,,0
vehicle_positions_20_201234.parquet,FAIL,35458,827,False,True,,0,,,0
vehicle_positions_20_201304.parquet,FAIL,35348,827,False,True,,0,,,0
vehicle_positions_20_201335.parquet,FAIL,35487,829,False,True,,0,,,0
vehicle_positions_20_201406.parquet,FAIL,35491,829,False,True,,0,,,0
vehicle_positions_20_201436.parquet,FAIL,35412,827,False,True,,0,,,0
vehicle_positions_20_201507.parquet,FAIL,35472,828,False,True,,0,,,0
vehicle_positions_20_201538.parquet,FAIL,35454,828,False,True,,0,,,0
vehicle_positions_20_201608.parquet,FAIL,35510,830,False,True,,0,,,0
vehicle_positions_20_201639.parquet,FAIL,35528,831,False,True,,0,,,0
vehicle_positions_20_201710.parquet,FAIL,35539,829,False,True,,0,,,0
vehicle_positions_20_201740.parquet,FAIL,35530,829,False,True,,0,,,0
vehicle_positions_20_201811.parquet,FAIL,35469,828,False,True,,0,,,0
vehicle_positions_20_201842.parquet,FAIL,35366,826,False,True,,0,,,0
vehicle_positions_20_201912.parquet,FAIL,35330,826,False,True,,0,,,0
vehicle_positions_20_201943.parquet,FAIL,35268,826,False,True,,0,,,0
vehicle_positions_20_202014.parquet,FAIL,35242,824,False,True,,0,,,0
vehicle_positions_20_202044.parquet,FAIL,35263,826,False,True,,0,,,0
vehicle_positions_20_202115.parquet,FAIL,35471,830,False,True,,0,,,0
vehicle_positions_20_202146.parquet,FAIL,35567,833,False,True,,0,,,0
vehicle_positions_20_202216.parquet,FAIL,35405,832,False,True,,0,,,0
vehicle_positions_20_202247.parquet,FAIL,35393,832,False,True,,0,,,0
vehicle_positions_20_202318.parquet,FAIL,35629,833,False,True,,0,,,0
vehicle_positions_20_202348.parquet,FAIL,35655,833,False,True,,0,,,0
vehicle_positions_20_202419.parquet,FAIL,35740,835,False,True,,0,,,0
vehicle_positions_20_202450.parquet,FAIL,35698,835,False,True,,0,,,0
vehicle_positions_20_202520.parquet,FAIL,35683,834,False,True,,0,,,0
vehicle_positions_20_202551.parquet,FAIL,35451,831,False,True,,0,,,0
vehicle_positions_20_202622.parquet,FAIL,35556,830,False,True,,0,,,0
vehicle_positions_20_202652.parquet,FAIL,35586,832,False,True,,0,,,0
vehicle_positions_20_202723.parquet,FAIL,35700,833,False,True,,0,,,0
vehicle_positions_20_202754.parquet,FAIL,35457,831,False,True,,0,,,0
vehicle_positions_20_202824.parquet,FAIL,35757,833,False,True,,0,,,0
vehicle_positions_20_202855.parquet,FAIL,35572,832,False,True,,0,,,0
vehicle_positions_20_202926.parquet,FAIL,35479,829,False,True,,0,,,0
vehicle_positions_20_202956.parquet,FAIL,35519,832,False,True,,0,,,0
vehicle_positions_20_203027.parquet,FAIL,35720,834,False,True,,0,,,0
vehicle_positions_20_203058.parquet,FAIL,35790,837,False,True,,0,,,0
vehicle_positions_20_203128.parquet,FAIL,35809,837,False,True,,0,,,0
vehicle_positions_20_203159.parquet,FAIL,35756,838,False,True,,0,,,0
vehicle_positions_20_203230.parquet,FAIL,35710,837,False,True,,0,,,0
vehicle_positions_20_203300.parquet,FAIL,35633,837,False,True,,0,,,0
vehicle_positions_20_203332.parquet,FAIL,35649,835,False,True,,0,,,0
vehicle_positions_20_203402.parquet,FAIL,35519,835,False,True,,0,,,0
vehicle_positions_20_203433.parquet,FAIL,35570,835,False,True,,0,,,0
vehicle_positions_20_203504.parquet,FAIL,35829,835,False,True,,0,,,0
vehicle_positions_20_203534.parquet,FAIL,35811,840,False,True,,0,,,0
vehicle_positions_20_203605.parquet,FAIL,35852,841,False,True,,0,,,0
vehicle_positions_20_203636.parquet,FAIL,35779,841,False,True,,0,,,0
vehicle_positions_20_203706.parquet,FAIL,35875,841,False,True,,0,,,0
vehicle_positions_20_203737.parquet,FAIL,36016,846,False,True,,0,,,0
vehicle_positions_20_203808.parquet,FAIL,36049,846,False,True,,0,,,0
vehicle_positions_20_203838.parquet,FAIL,35946,842,False,True,,0,,,0
vehicle_positions_20_203909.parquet,FAIL,35846,841,False,True,,0,,,0
vehicle_positions_20_203940.parquet,FAIL,35972,843,False,True,,0,,,0
vehicle_positions_20_204011.parquet,FAIL,35863,841,False,True,,0,,,0
vehicle_positions_20_204042.parquet,FAIL,35884,842,False,True,,0,,,0
vehicle_positions_20_204112.parquet,FAIL,35924,844,False,True,,0,,,0
vehicle_positions_20_204143.parquet,FAIL,35900,845,False,True,,0,,,0
vehicle_positions_20_204214.parquet,FAIL,36010,846,False,True,,0,,,0
vehicle_positions_20_204244.parquet,FAIL,35822,845,False,True,,0,,,0
vehicle_positions_20_204315.parquet,FAIL,35821,847,False,True,,0,,,0
vehicle_positions_20_204346.parquet,FAIL,36177,851,False,True,,0,,,0
vehicle_positions_20_204416.parquet,FAIL,36530,851,False,True,,0,,,0
vehicle_positions_20_204447.parquet,FAIL,36356,850,False,True,,0,,,0
vehicle_positions_20_204520.parquet,FAIL,36360,850,False,True,,0,,,0
vehicle_positions_20_204550.parquet,FAIL,36317,852,False,True,,0,,,0
vehicle_positions_20_204621.parquet,FAIL,36153,853,False,True,,0,,,0
vehicle_positions_20_204651.parquet,FAIL,36344,855,False,True,,0,,,0
vehicle_positions_20_204722.parquet,FAIL,36520,860,False,True,,0,,,0
vehicle_positions_20_204753.parquet,FAIL,36380,858,False,True,,0,,,0
vehicle_positions_20_204824.parquet,FAIL,36494,857,False,True,,0,,,0
vehicle_positions_20_204854.parquet,FAIL,36525,861,False,True,,0,,,0
vehicle_positions_20_204925.parquet,FAIL,36474,859,False,True,,0,,,0
vehicle_positions_20_204956.parquet,FAIL,36649,864,False,True,,0,,,0
vehicle_positions_20_205026.parquet,FAIL,36678,866,False,True,,0,,,0
vehicle_positions_20_205057.parquet,FAIL,36725,866,False,True,,0,,,0
vehicle_positions_20_205128.parquet,FAIL,36743,866,False,True,,0,,,0
vehicle_positions_20_205158.parquet,FAIL,36686,866,False,True,,0,,,0
vehicle_positions_20_205229.parquet,FAIL,36677,866,False,True,,0,,,0
vehicle_positions_20_205300.parquet,FAIL,36657,866,False,True,,0,,,0
vehicle_positions_20_205330.parquet,FAIL,36750,867,False,True,,0,,,0
vehicle_positions_20_205401.parquet,FAIL,36662,868,False,True,,0,,,0
vehicle_positions_20_205432.parquet,FAIL,36664,871,False,True,,0,,,0
vehicle_positions_20_205502.parquet,FAIL,36832,871,False,True,,0,,,0
vehicle_positions_20_205533.parquet,FAIL,36879,872,False,True,,0,,,0
vehicle_positions_20_205603.parquet,FAIL,36947,870,False,True,,0,,,0
vehicle_positions_20_205635.parquet,FAIL,36952,873,False,True,,0,,,0
vehicle_positions_20_205705.parquet,FAIL,36849,871,False,True,,0,,,0
vehicle_positions_20_205736.parquet,FAIL,36767,872,False,True,,0,,,0
vehicle_positions_20_205807.parquet,FAIL,36992,874,False,True,,0,,,0
vehicle_positions_20_205837.parquet,FAIL,36870,872,False,True,,0,,,0
vehicle_positions_20_205908.parquet,FAIL,36984,873,False,True,,0,,,0
vehicle_positions_20_205939.parquet,FAIL,36847,872,False,True,,0,,,0
vehicle_positions_21_210009.parquet,FAIL,36989,873,False,True,,0,,,0
vehicle_positions_21_210040.parquet,FAIL,37005,876,False,True,,0,,,0
vehicle_positions_21_210111.parquet,FAIL,37034,879,False,True,,0,,,0
vehicle_positions_21_210141.parquet,FAIL,37194,880,False,True,,0,,,0
vehicle_positions_21_210212.parquet,FAIL,37403,882,False,True,,0,,,0
vehicle_positions_21_210243.parquet,FAIL,37144,879,False,True,,0,,,0
vehicle_positions_21_210313.parquet,FAIL,37250,879,False,True,,0,,,0
vehicle_positions_21_210344.parquet,FAIL,37047,880,False,True,,0,,,0
vehicle_positions_21_210415.parquet,FAIL,37171,880,False,True,,0,,,0
vehicle_positions_21_210446.parquet,FAIL,37194,884,False,True,,0,,,0
vehicle_positions_21_210518.parquet,FAIL,37157,886,False,True,,0,,,0
vehicle_positions_21_210549.parquet,FAIL,37279,890,False,True,,0,,,0
vehicle_positions_21_210619.parquet,FAIL,37468,889,False,True,,0,,,0
vehicle_positions_21_210650.parquet,FAIL,37519,890,False,True,,0,,,0
vehicle_positions_21_210721.parquet,FAIL,37554,890,False,True,,0,,,0
vehicle_positions_21_210751.parquet,FAIL,37371,890,False,True,,0,,,0
vehicle_positions_21_210822.parquet,FAIL,37427,889,False,True,,0,,,0
vehicle_positions_21_210853.parquet,FAIL,37511,894,False,True,,0,,,0
vehicle_positions_21_210923.parquet,FAIL,37687,894,False,True,,0,,,0
vehicle_positions_21_210954.parquet,FAIL,37448,892,False,True,,0,,,0
vehicle_positions_21_211025.parquet,FAIL,37567,895,False,True,,0,,,0
vehicle_positions_21_211056.parquet,FAIL,37657,898,False,True,,0,,,0
vehicle_positions_21_211126.parquet,FAIL,37764,901,False,True,,0,,,0
vehicle_positions_21_211157.parquet,FAIL,37719,898,False,True,,0,,,0
vehicle_positions_21_211228.parquet,FAIL,37744,899,False,True,,0,,,0
vehicle_positions_21_211258.parquet,FAIL,37579,899,False,True,,0,,,0
vehicle_positions_21_211329.parquet,FAIL,37632,901,False,True,,0,,,0
vehicle_positions_21_211401.parquet,FAIL,37673,900,False,True,,0,,,0
vehicle_positions_21_211431.parquet,FAIL,37856,904,False,True,,0,,,0
vehicle_positions_21_211502.parquet,FAIL,37976,907,False,True,,0,,,0
vehicle_positions_21_211533.parquet,FAIL,38066,908,False,True,,0,,,0
vehicle_positions_21_211604.parquet,FAIL,38231,911,False,True,,0,,,0
vehicle_positions_21_211634.parquet,FAIL,38375,914,False,True,,0,,,0
vehicle_positions_21_211705.parquet,FAIL,38224,912,False,True,,0,,,0
vehicle_positions_21_211736.parquet,FAIL,38184,915,False,True,,0,,,0
vehicle_positions_21_211806.parquet,FAIL,38431,918,False,True,,0,,,0
vehicle_positions_21_211837.parquet,FAIL,38400,919,False,True,,0,,,0
vehicle_positions_21_211908.parquet,FAIL,38452,921,False,True,,0,,,0
vehicle_positions_21_211938.parquet,FAIL,38579,920,False,True,,0,,,0
vehicle_positions_21_212009.parquet,FAIL,38759,922,False,True,,0,,,0
vehicle_positions_21_212040.parquet,FAIL,38747,926,False,True,,0,,,0
vehicle_positions_21_212110.parquet,FAIL,38842,931,False,True,,0,,,0
vehicle_positions_21_212141.parquet,FAIL,38815,930,False,True,,0,,,0
vehicle_positions_21_212212.parquet,FAIL,39070,933,False,True,,0,,,0
vehicle_positions_21_212243.parquet,FAIL,38875,928,False,True,,0,,,0
vehicle_positions_21_212313.parquet,FAIL,38762,929,False,True,,0,,,0
vehicle_positions_21_212344.parquet,FAIL,38697,928,False,True,,0,,,0
vehicle_positions_21_212415.parquet,FAIL,38671,928,False,True,,0,,,0
vehicle_positions_21_212445.parquet,FAIL,38874,931,False,True,,0,,,0
vehicle_positions_21_212516.parquet,FAIL,38917,936,False,True,,0,,,0
vehicle_positions_21_212547.parquet,FAIL,39052,939,False,True,,0,,,0
vehicle_positions_21_212617.parquet,FAIL,39150,942,False,True,,0,,,0
vehicle_positions_21_212648.parquet,FAIL,39251,944,False,True,,0,,,0
vehicle_positions_21_212719.parquet,FAIL,39369,946,False,True,,0,,,0
vehicle_positions_21_212749.parquet,FAIL,39545,947,False,True,,0,,,0
vehicle_positions_21_212820.parquet,FAIL,39442,946,False,True,,0,,,0
vehicle_positions_21_212851.parquet,FAIL,39326,946,False,True,,0,,,0
vehicle_positions_21_212922.parquet,FAIL,39361,949,False,True,,0,,,0
vehicle_positions_21_212953.parquet,FAIL,39520,955,False,True,,0,,,0
vehicle_positions_21_213024.parquet,FAIL,39513,954,False,True,,0,,,0
vehicle_positions_21_213054.parquet,FAIL,39512,957,False,True,,0,,,0
vehicle_positions_21_213126.parquet,FAIL,39485,957,False,True,,0,,,0
vehicle_positions_21_213157.parquet,FAIL,39602,959,False,True,,0,,,0
vehicle_positions_21_213228.parquet,FAIL,39701,959,False,True,,0,,,0
vehicle_positions_21_213259.parquet,FAIL,39727,961,False,True,,0,,,0
vehicle_positions_21_213329.parquet,FAIL,39694,963,False,True,,0,,,0
vehicle_positions_21_213400.parquet,FAIL,39740,964,False,True,,0,,,0
vehicle_positions_21_213431.parquet,FAIL,39869,966,False,True,,0,,,0
vehicle_positions_21_213502.parquet,FAIL,39983,971,False,True,,0,,,0
vehicle_positions_21_213533.parquet,FAIL,39962,976,False,True,,0,,,0
vehicle_positions_21_213603.parquet,FAIL,40177,978,False,True,,0,,,0
vehicle_positions_21_213634.parquet,FAIL,40170,980,False,True,,0,,,0
vehicle_positions_21_213705.parquet,FAIL,40296,981,False,True,,0,,,0
vehicle_positions_21_213736.parquet,FAIL,40416,986,False,True,,0,,,0
vehicle_positions_21_213806.parquet,FAIL,40443,985,False,True,,0,,,0
vehicle_positions_21_213837.parquet,FAIL,40248,985,False,True,,0,,,0
vehicle_positions_21_213908.parquet,FAIL,40484,989,False,True,,0,,,0
vehicle_positions_21_213939.parquet,FAIL,40654,992,False,True,,0,,,0
vehicle_positions_21_214009.parquet,FAIL,40884,994,False,True,,0,,,0
vehicle_positions_21_214040.parquet,FAIL,40982,998,False,True,,0,,,0
vehicle_positions_21_214111.parquet,FAIL,40955,999,False,True,,0,,,0
vehicle_positions_21_214142.parquet,FAIL,40990,1000,False,True,,0,,,0
vehicle_positions_21_214212.parquet,FAIL,41124,1001,False,True,,0,,,0
vehicle_positions_21_214243.parquet,FAIL,40840,1000,False,True,,0,,,0
vehicle_positions_21_214314.parquet,FAIL,40795,1000,False,True,,0,,,0
vehicle_positions_21_214344.parquet,FAIL,40834,1000,False,True,,0,,,0
vehicle_positions_21_214415.parquet,FAIL,40990,1004,False,True,,0,,,0
vehicle_positions_21_214447.parquet,FAIL,41148,1003,False,True,,0,,,0
vehicle_positions_21_214517.parquet,FAIL,41098,1006,False,True,,0,,,0
vehicle_positions_21_214548.parquet,FAIL,41768,1019,False,True,,0,,,0
vehicle_positions_21_214619.parquet,FAIL,41850,1019,False,True,,0,,,0
vehicle_positions_21_214649.parquet,FAIL,41729,1022,False,True,,0,,,0
vehicle_positions_21_214720.parquet,FAIL,42565,1030,False,True,,0,,,0
vehicle_positions_21_214751.parquet,FAIL,42596,1031,False,True,,0,,,0
vehicle_positions_21_214821.parquet,FAIL,42538,1031,False,True,,0,,,0
vehicle_positions_21_214852.parquet,FAIL,42326,1030,False,True,,0,,,0
vehicle_positions_21_214923.parquet,FAIL,42444,1033,False,True,,0,,,0
vehicle_positions_21_214954.parquet,FAIL,42512,1036,False,True,,0,,,0
vehicle_positions_21_215024.parquet,FAIL,42597,1039,False,True,,0,,,0
vehicle_positions_21_215055.parquet,FAIL,42433,1040,False,True,,0,,,0
vehicle_positions_21_215126.parquet,FAIL,42455,1040,False,True,,0,,,0
vehicle_positions_21_215157.parquet,FAIL,42695,1043,False,True,,0,,,0
vehicle_positions_21_215227.parquet,FAIL,42769,1047,False,True,,0,,,0
vehicle_positions_21_215258.parquet,FAIL,43079,1052,False,True,,0,,,0
vehicle_positions_21_215329.parquet,FAIL,43342,1058,False,True,,0,,,0
vehicle_positions_21_215359.parquet,FAIL,43291,1060,False,True,,0,,,0
vehicle_positions_21_215430.parquet,FAIL,43543,1064,False,True,,0,,,0
vehicle_positions_21_215501.parquet,FAIL,43382,1064,False,True,,0,,,0
vehicle_positions_21_215532.parquet,FAIL,43590,1061,False,True,,0,,,0
vehicle_positions_21_215603.parquet,FAIL,43456,1064,False,True,,0,,,0
vehicle_positions_21_215633.parquet,FAIL,43791,1069,False,True,,0,,,0
vehicle_positions_21_215704.parquet,FAIL,43912,1071,False,True,,0,,,0
vehicle_positions_21_215735.parquet,FAIL,43852,1069,False,True,,0,,,0
vehicle_positions_21_215806.parquet,FAIL,43823,1070,False,True,,0,,,0
vehicle_positions_21_215836.parquet,FAIL,43949,1074,False,True,,0,,,0
vehicle_positions_21_215907.parquet,FAIL,43867,1076,False,True,,0,,,0
vehicle_positions_21_215938.parquet,FAIL,44128,1077,False,True,,0,,,0
vehicle_positions_22_220008.parquet,FAIL,44291,1082,False,True,,0,,,0
vehicle_positions_22_220039.parquet,FAIL,44103,1087,False,True,,0,,,0
vehicle_positions_22_220110.parquet,FAIL,44308,1089,False,True,,0,,,0
vehicle_positions_22_220140.parquet,FAIL,44507,1094,False,True,,0,,,0
vehicle_positions_22_220211.parquet,FAIL,44466,1093,False,True,,0,,,0
vehicle_positions_22_220242.parquet,FAIL,44694,1102,False,True,,0,,,0
vehicle_positions_22_220313.parquet,FAIL,45223,1109,False,True,,0,,,0
vehicle_positions_22_220343.parquet,FAIL,45099,1113,False,True,,0,,,0
vehicle_positions_22_220414.parquet,FAIL,45067,1113,False,True,,0,,,0
vehicle_positions_22_220445.parquet,FAIL,45233,1114,False,True,,0,,,0
vehicle_positions_22_220517.parquet,FAIL,45348,1119,False,True,,0,,,0
vehicle_positions_22_220547.parquet,FAIL,45423,1121,False,True,,0,,,0
vehicle_positions_22_220618.parquet,FAIL,45732,1124,False,True,,0,,,0
vehicle_positions_22_220649.parquet,FAIL,45710,1129,False,True,,0,,,0
vehicle_positions_22_220720.parquet,FAIL,46016,1131,False,True,,0,,,0
vehicle_positions_22_220751.parquet,FAIL,46035,1134,False,True,,0,,,0
vehicle_positions_22_220821.parquet,FAIL,46214,1135,False,True,,0,,,0
vehicle_positions_22_220852.parquet,FAIL,46097,1135,False,True,,0,,,0
vehicle_positions_22_220923.parquet,FAIL,46167,1139,False,True,,0,,,0
vehicle_positions_22_220954.parquet,FAIL,46413,1143,False,True,,0,,,0
vehicle_positions_22_221025.parquet,FAIL,46220,1143,False,True,,0,,,0
vehicle_positions_22_221055.parquet,FAIL,46483,1146,False,True,,0,,,0
vehicle_positions_22_221126.parquet,FAIL,46567,1149,False,True,,0,,,0
vehicle_positions_22_221157.parquet,FAIL,46268,1152,False,True,,0,,,0
vehicle_positions_22_221227.parquet,FAIL,46806,1155,False,True,,0,,,0
vehicle_positions_22_221258.parquet,FAIL,46881,1163,False,True,,0,,,0
vehicle_positions_22_221329.parquet,FAIL,46747,1166,False,True,,0,,,0
vehicle_positions_22_221359.parquet,FAIL,47087,1168,False,True,,0,,,0
vehicle_positions_22_221430.parquet,FAIL,47259,1170,False,True,,0,,,0
vehicle_positions_22_221501.parquet,FAIL,47225,1170,False,True,,0,,,0
vehicle_positions_22_221532.parquet,FAIL,47334,1172,False,True,,0,,,0
vehicle_positions_22_221603.parquet,FAIL,47305,1174,False,True,,0,,,0
vehicle_positions_22_221634.parquet,FAIL,47423,1178,False,True,,0,,,0
vehicle_positions_22_221705.parquet,FAIL,47380,1180,False,True,,0,,,0
vehicle_positions_22_221736.parquet,FAIL,47680,1183,False,True,,0,,,0
vehicle_positions_22_221806.parquet,FAIL,47779,1187,False,True,,0,,,0
vehicle_positions_22_221837.parquet,FAIL,47877,1189,False,True,,0,,,0
vehicle_positions_22_221908.parquet,FAIL,47843,1188,False,True,,0,,,0
vehicle_positions_22_221939.parquet,FAIL,47920,1190,False,True,,0,,,0
vehicle_positions_22_222010.parquet,FAIL,47966,1194,False,True,,0,,,0
vehicle_positions_22_222041.parquet,FAIL,47768,1196,False,True,,0,,,0
vehicle_positions_22_222111.parquet,FAIL,48014,1203,False,True,,0,,,0
vehicle_positions_22_222142.parquet,FAIL,48315,1203,False,True,,0,,,0
vehicle_positions_22_222213.parquet,FAIL,48137,1204,False,True,,0,,,0
vehicle_positions_22_222243.parquet,FAIL,48136,1205,False,True,,0,,,0
vehicle_positions_22_222314.parquet,FAIL,48143,1206,False,True,,0,,,0
vehicle_positions_22_222345.parquet,FAIL,48125,1204,False,True,,0,,,0
vehicle_positions_22_222416.parquet,FAIL,48102,1205,False,True,,0,,,0
vehicle_positions_22_222447.parquet,FAIL,48460,1208,False,True,,0,,,0
vehicle_positions_22_222518.parquet,FAIL,48382,1209,False,True,,0,,,0
vehicle_positions_22_222548.parquet,FAIL,48484,1213,False,True,,0,,,0
vehicle_positions_22_222619.parquet,FAIL,48689,1217,False,True,,0,,,0
vehicle_positions_22_222650.parquet,FAIL,48570,1218,False,True,,0,,,0
vehicle_positions_22_222720.parquet,FAIL,48532,1221,False,True,,0,,,0
vehicle_positions_22_222752.parquet,FAIL,48973,1222,False,True,,0,,,0
vehicle_positions_22_222822.parquet,FAIL,48932,1221,False,True,,0,,,0
vehicle_positions_22_222853.parquet,FAIL,48573,1224,False,True,,0,,,0
vehicle_positions_22_222924.parquet,FAIL,48632,1223,False,True,,0,,,0
vehicle_positions_22_222954.parquet,FAIL,49212,1225,False,True,,0,,,0
vehicle_positions_22_223025.parquet,FAIL,49259,1225,False,True,,0,,,0
vehicle_positions_22_223056.parquet,FAIL,49039,1228,False,True,,0,,,0
vehicle_positions_22_223128.parquet,FAIL,48994,1230,False,True,,0,,,0
vehicle_positions_22_223159.parquet,FAIL,48866,1227,False,True,,0,,,0
vehicle_positions_22_223229.parquet,FAIL,48788,1225,False,True,,0,,,0
vehicle_positions_22_223300.parquet,FAIL,48858,1226,False,True,,0,,,0
vehicle_positions_22_223331.parquet,FAIL,49188,1227,False,True,,0,,,0
vehicle_positions_22_223402.parquet,FAIL,49137,1230,False,True,,0,,,0
vehicle_positions_22_223433.parquet,FAIL,49242,1230,False,True,,0,,,0
vehicle_positions_22_223503.parquet,FAIL,49178,1230,False,True,,0,,,0
vehicle_positions_22_223534.parquet,FAIL,49101,1232,False,True,,0,,,0
vehicle_positions_22_223605.parquet,FAIL,49288,1234,False,True,,0,,,0
vehicle_positions_22_223636.parquet,FAIL,49410,1234,False,True,,0,,,0
vehicle_positions_22_223706.parquet,FAIL,49549,1237,False,True,,0,,,0
vehicle_positions_22_223737.parquet,FAIL,49425,1236,False,True,,0,,,0
vehicle_positions_22_223808.parquet,FAIL,49329,1235,False,True,,0,,,0
vehicle_positions_22_223838.parquet,FAIL,49370,1235,False,True,,0,,,0
vehicle_positions_22_223909.parquet,FAIL,49406,1236,False,True,,0,,,0
vehicle_positions_22_223940.parquet,FAIL,49446,1237,False,True,,0,,,0
vehicle_positions_22_224010.parquet,FAIL,49362,1238,False,True,,0,,,0
vehicle_positions_22_224041.parquet,FAIL,49423,1237,False,True,,0,,,0
vehicle_positions_22_224112.parquet,FAIL,49431,1242,False,True,,0,,,0
vehicle_positions_22_224142.parquet,FAIL,49258,1240,False,True,,0,,,0
vehicle_positions_22_224213.parquet,FAIL,49212,1237,False,True,,0,,,0
vehicle_positions_22_224246.parquet,FAIL,49443,1244,False,True,,0,,,0
vehicle_positions_22_224317.parquet,FAIL,49600,1245,False,True,,0,,,0
vehicle_positions_22_224348.parquet,FAIL,49522,1244,False,True,,0,,,0
vehicle_positions_22_224418.parquet,FAIL,49754,1246,False,True,,0,,,0
vehicle_positions_22_224449.parquet,FAIL,49612,1243,False,True,,0,,,0
vehicle_positions_22_224520.parquet,FAIL,49606,1244,False,True,,0,,,0
vehicle_positions_22_224551.parquet,FAIL,49665,1245,False,True,,0,,,0
vehicle_positions_22_224622.parquet,FAIL,49654,1245,False,True,,0,,,0
vehicle_positions_22_224652.parquet,FAIL,49789,1248,False,True,,0,,,0
vehicle_positions_22_224723.parquet,FAIL,49629,1248,False,True,,0,,,0
vehicle_positions_22_224754.parquet,FAIL,49759,1248,False,True,,0,,,0
vehicle_positions_22_224824.parquet,FAIL,49867,1251,False,True,,0,,,0
vehicle_positions_22_224855.parquet,FAIL,49881,1253,False,True,,0,,,0
vehicle_positions_22_224926.parquet,FAIL,49922,1254,False,True,,0,,,0
vehicle_positions_22_224957.parquet,FAIL,49798,1255,False,True,,0,,,0
vehicle_positions_22_225027.parquet,FAIL,50157,1257,False,True,,0,,,0
vehicle_positions_22_225058.parquet,FAIL,49933,1258,False,True,,0,,,0
vehicle_positions_22_225129.parquet,FAIL,50001,1258,False,True,,0,,,0
vehicle_positions_22_225200.parquet,FAIL,50064,1259,False,True,,0,,,0
vehicle_positions_22_225231.parquet,FAIL,50006,1258,False,True,,0,,,0
vehicle_positions_22_225302.parquet,FAIL,49936,1257,False,True,,0,,,0
vehicle_positions_22_225333.parquet,FAIL,49965,1259,False,True,,0,,,0
vehicle_positions_22_225403.parquet,FAIL,49952,1260,False,True,,0,,,0
vehicle_positions_22_225434.parquet,FAIL,50109,1262,False,True,,0,,,0
vehicle_positions_22_225505.parquet,FAIL,50169,1264,False,True,,0,,,0
vehicle_positions_22_225535.parquet,FAIL,50233,1266,False,True,,0,,,0
vehicle_positions_22_225606.parquet,FAIL,50412,1270,False,True,,0,,,0
vehicle_positions_22_225637.parquet,FAIL,50281,1268,False,True,,0,,,0
vehicle_positions_22_225708.parquet,FAIL,50222,1266,False,True,,0,,,0
vehicle_positions_22_225738.parquet,FAIL,50159,1266,False,True,,0,,,0
vehicle_positions_22_225809.parquet,FAIL,50384,1270,False,True,,0,,,0
vehicle_positions_22_225840.parquet,FAIL,50483,1269,False,True,,0,,,0
vehicle_positions_22_225911.parquet,FAIL,50419,1270,False,True,,0,,,0
vehicle_positions_22_225941.parquet,FAIL,50407,1269,False,True,,0,,,0
vehicle_positions_23_230012.parquet,FAIL,50621,1274,False,True,,0,,,0
vehicle_positions_23_230043.parquet,FAIL,50640,1276,False,True,,0,,,0
vehicle_positions_23_230114.parquet,FAIL,50723,1277,False,True,,0,,,0
vehicle_positions_23_230144.parquet,FAIL,50674,1277,False,True,,0,,,0
vehicle_positions_23_230215.parquet,FAIL,50682,1278,False,True,,0,,,0
vehicle_positions_23_230246.parquet,FAIL,50965,1282,False,True,,0,,,0
vehicle_positions_23_230317.parquet,FAIL,50734,1278,False,True,,0,,,0
vehicle_positions_23_230348.parquet,FAIL,50653,1280,False,True,,0,,,0
vehicle_positions_23_230418.parquet,FAIL,50853,1282,False,True,,0,,,0
vehicle_positions_23_230449.parquet,FAIL,50677,1280,False,True,,0,,,0
vehicle_positions_23_230520.parquet,FAIL,50686,1280,False,True,,0,,,0
vehicle_positions_23_230550.parquet,FAIL,50833,1281,False,True,,0,,,0
vehicle_positions_23_230621.parquet,FAIL,50945,1281,False,True,,0,,,0
vehicle_positions_23_230652.parquet,FAIL,50748,1281,False,True,,0,,,0
vehicle_positions_23_230723.parquet,FAIL,50718,1280,False,True,,0,,,0
vehicle_positions_23_230753.parquet,FAIL,50867,1284,False,True,,0,,,0
vehicle_positions_23_230824.parquet,FAIL,50954,1285,False,True,,0,,,0
vehicle_positions_23_230855.parquet,FAIL,51098,1286,False,True,,0,,,0
vehicle_positions_23_230926.parquet,FAIL,51070,1287,False,True,,0,,,0
vehicle_positions_23_230956.parquet,FAIL,50915,1286,False,True,,0,,,0
vehicle_positions_23_231028.parquet,FAIL,51028,1286,False,True,,0,,,0
vehicle_positions_23_231059.parquet,FAIL,50999,1287,False,True,,0,,,0
vehicle_positions_23_231129.parquet,FAIL,51001,1283,False,True,,0,,,0
vehicle_positions_23_231200.parquet,FAIL,50930,1284,False,True,,0,,,0
vehicle_positions_23_231231.parquet,FAIL,50727,1279,False,True,,0,,,0
vehicle_positions_23_231302.parquet,FAIL,50903,1282,False,True,,0,,,0
vehicle_positions_23_231333.parquet,FAIL,50800,1282,False,True,,0,,,0
vehicle_positions_23_231404.parquet,FAIL,50801,1285,False,True,,0,,,0
vehicle_positions_23_231434.parquet,FAIL,50817,1286,False,True,,0,,,0
vehicle_positions_23_231505.parquet,FAIL,51033,1287,False,True,,0,,,0
vehicle_positions_23_231536.parquet,FAIL,51037,1287,False,True,,0,,,0
vehicle_positions_23_231606.parquet,FAIL,51057,1291,False,True,,0,,,0
vehicle_positions_23_231637.parquet,FAIL,50969,1291,False,True,,0,,,0
vehicle_positions_23_231708.parquet,FAIL,51015,1289,False,True,,0,,,0
vehicle_positions_23_231739.parquet,FAIL,50778,1288,False,True,,0,,,0
vehicle_positions_23_231809.parquet,FAIL,51120,1289,False,True,,0,,,0
vehicle_positions_23_231840.parquet,FAIL,51178,1292,False,True,,0,,,0
vehicle_positions_23_231911.parquet,FAIL,51112,1293,False,True,,0,,,0
vehicle_positions_23_231942.parquet,FAIL,51067,1291,False,True,,0,,,0
vehicle_positions_23_232012.parquet,FAIL,51076,1292,False,True,,0,,,0
vehicle_positions_23_232043.parquet,FAIL,51332,1296,False,True,,0,,,0
vehicle_positions_23_232114.parquet,FAIL,51090,1294,False,True,,0,,,0
vehicle_positions_23_232145.parquet,FAIL,51189,1298,False,True,,0,,,0
vehicle_positions_23_232215.parquet,FAIL,51216,1297,False,True,,0,,,0
vehicle_positions_23_232246.parquet,FAIL,51395,1301,False,True,,0,,,0
vehicle_positions_23_232317.parquet,FAIL,51737,1303,False,True,,0,,,0
vehicle_positions_23_232348.parquet,FAIL,51493,1303,False,True,,0,,,0
vehicle_positions_23_232419.parquet,FAIL,51477,1302,False,True,,0,,,0
vehicle_positions_23_232449.parquet,FAIL,51615,1305,False,True,,0,,,0
vehicle_positions_23_232520.parquet,FAIL,51643,1306,False,True,,0,,,0
vehicle_positions_23_232551.parquet,FAIL,51441,1303,False,True,,0,,,0
vehicle_positions_23_232621.parquet,FAIL,51493,1300,False,True,,0,,,0
vehicle_positions_23_232652.parquet,FAIL,51410,1299,False,True,,0,,,0
vehicle_positions_23_232723.parquet,FAIL,51557,1301,False,True,,0,,,0
vehicle_positions_23_232754.parquet,FAIL,51513,1303,False,True,,0,,,0
vehicle_positions_23_232824.parquet,FAIL,51675,1302,False,True,,0,,,0
vehicle_positions_23_232855.parquet,FAIL,51629,1300,False,True,,0,,,0
vehicle_positions_23_232926.parquet,FAIL,51559,1299,False,True,,0,,,0
vehicle_positions_23_232957.parquet,FAIL,51471,1299,False,True,,0,,,0
vehicle_positions_23_233027.parquet,FAIL,51350,1302,False,True,,0,,,0
vehicle_positions_23_233058.parquet,FAIL,51197,1299,False,True,,0,,,0
vehicle_positions_23_233131.parquet,FAIL,51144,1297,False,True,,0,,,0
vehicle_positions_23_233202.parquet,FAIL,51229,1299,False,True,,0,,,0
vehicle_positions_23_233233.parquet,FAIL,51312,1299,False,True,,0,,,0
vehicle_positions_23_233303.parquet,FAIL,51450,1302,False,True,,0,,,0
vehicle_positions_23_233334.parquet,FAIL,51466,1304,False,True,,0,,,0
vehicle_positions_23_233405.parquet,FAIL,51169,1303,False,True,,0,,,0
vehicle_positions_23_233436.parquet,FAIL,51338,1302,False,True,,0,,,0
vehicle_positions_23_233506.parquet,FAIL,51266,1304,False,True,,0,,,0
vehicle_positions_23_233537.parquet,FAIL,51460,1306,False,True,,0,,,0
vehicle_positions_23_233608.parquet,FAIL,51444,1305,False,True,,0,,,0
vehicle_positions_23_233639.parquet,FAIL,51490,1304,False,True,,0,,,0
vehicle_positions_23_233709.parquet,FAIL,51195,1302,False,True,,0,,,0
vehicle_positions_23_233740.parquet,FAIL,51321,1301,False,True,,0,,,0
vehicle_positions_23_233811.parquet,FAIL,51375,1301,False,True,,0,,,0
vehicle_positions_23_233841.parquet,FAIL,51173,1300,False,True,,0,,,0
vehicle_positions_23_233912.parquet,FAIL,51402,1302,False,True,,0,,,0
vehicle_positions_23_233943.parquet,FAIL,51469,1304,False,True,,0,,,0
vehicle_positions_23_234014.parquet,FAIL,51485,1305,False,True,,0,,,0
vehicle_positions_23_234044.parquet,FAIL,51572,1309,False,True,,0,,,0
vehicle_positions_23_234115.parquet,FAIL,51618,1309,False,True,,0,,,0
vehicle_positions_23_234146.parquet,FAIL,51615,1312,False,True,,0,,,0
vehicle_positions_23_234217.parquet,FAIL,51527,1310,False,True,,0,,,0
vehicle_positions_23_234248.parquet,FAIL,51590,1310,False,True,,0,,,0
vehicle_positions_23_234318.parquet,FAIL,51608,1311,False,True,,0,,,0
vehicle_positions_23_234349.parquet,FAIL,51653,1309,False,True,,0,,,0
vehicle_positions_23_234420.parquet,FAIL,51622,1312,False,True,,0,,,0
vehicle_positions_23_234451.parquet,FAIL,51888,1315,False,True,,0,,,0
vehicle_positions_23_234521.parquet,FAIL,51975,1316,False,True,,0,,,0
vehicle_positions_23_234552.parquet,FAIL,51930,1317,False,True,,0,,,0
vehicle_positions_23_234623.parquet,FAIL,51842,1313,False,True,,0,,,0
vehicle_positions_23_234654.parquet,FAIL,51993,1315,False,True,,0,,,0
vehicle_positions_23_234724.parquet,FAIL,51722,1312,False,True,,0,,,0
vehicle_positions_23_234755.parquet,FAIL,51667,1311,False,True,,0,,,0
vehicle_positions_23_234826.parquet,FAIL,51626,1309,False,True,,0,,,0
vehicle_positions_23_234856.parquet,FAIL,51993,1314,False,True,,0,,,0
vehicle_positions_23_234927.parquet,FAIL,51720,1309,False,True,,0,,,0
vehicle_positions_23_234958.parquet,FAIL,51666,1308,False,True,,0,,,0
vehicle_positions_23_235028.parquet,FAIL,51862,1308,False,True,,0,,,0
vehicle_positions_23_235059.parquet,FAIL,51806,1311,False,True,,0,,,0
vehicle_positions_23_235130.parquet,FAIL,51701,1307,False,True,,0,,,0
vehicle_positions_23_235201.parquet,FAIL,51627,1310,False,True,,0,,,0
vehicle_positions_23_235231.parquet,FAIL,51687,1309,False,True,,0,,,0
vehicle_positions_23_235302.parquet,FAIL,51551,1310,False,True,,0,,,0
vehicle_positions_23_235333.parquet,FAIL,51629,1312,False,True,,0,,,0
vehicle_positions_23_235403.parquet,FAIL,51735,1312,False,True,,0,,,0
vehicle_positions_23_235434.parquet,FAIL,51933,1317,False,True,,0,,,0
vehicle_positions_23_235505.parquet,FAIL,51802,1317,False,True,,0,,,0
vehicle_positions_23_235536.parquet,FAIL,51722,1312,False,True,,0,,,0
vehicle_positions_23_235606.parquet,FAIL,51831,1316,False,True,,0,,,0
vehicle_positions_23_235637.parquet,FAIL,51765,1317,False,True,,0,,,0
vehicle_positions_23_235708.parquet,FAIL,51856,1316,False,True,,0,,,0
vehicle_positions_23_235738.parquet,FAIL,51915,1316,False,True,,0,,,0
vehicle_positions_23_235809.parquet,FAIL,51913,1316,False,True,,0,,,0
vehicle_positions_23_235840.parquet,FAIL,51823,1314,False,True,,0,,,0
vehicle_positions_23_235911.parquet,FAIL,51713,1314,False,True,,0,,,0
vehicle_positions_23_235941.parquet,FAIL,51582,1311,False,True,,0,,,0
