filename,status,size_bytes,row_count,is_empty,is_corrupted,missing_columns,duplicate_count,earliest_timestamp,latest_timestamp,unique_routes
vehicle_positions_21.parquet,FAIL,821606,63757,False,True,,0,,,0
vehicle_positions_22.parquet,FAIL,564598,41020,False,True,,0,,,0
vehicle_positions_23.parquet,FAIL,383633,26984,False,True,,0,,,0
vehicle_positions_22.parquet,FAIL,158289,9669,False,True,,0,,,0
vehicle_positions_23.parquet,FAIL,534962,39909,False,True,,0,,,0
vehicle_positions_07_070951.parquet,OK,18080,309,False,False,,0,2026-05-10T07:09:50.721157+00:00,2026-05-10T07:09:50.721157+00:00,119
vehicle_positions_07_071021.parquet,OK,18022,309,False,False,,0,2026-05-10T07:10:21.539111+00:00,2026-05-10T07:10:21.539111+00:00,119
vehicle_positions_07_071052.parquet,OK,17829,305,False,False,,0,2026-05-10T07:10:52.171686+00:00,2026-05-10T07:10:52.171686+00:00,118
vehicle_positions_07_071123.parquet,OK,17792,304,False,False,,0,2026-05-10T07:11:22.885134+00:00,2026-05-10T07:11:22.885134+00:00,117
vehicle_positions_17_175459.parquet,OK,35891,834,False,False,,0,2026-05-14T17:54:59.192399+00:00,2026-05-14T17:54:59.192399+00:00,181
vehicle_positions_17_175530.parquet,OK,35734,832,False,False,,0,2026-05-14T17:55:30.213845+00:00,2026-05-14T17:55:30.213845+00:00,180
vehicle_positions_17_175932.parquet,OK,35406,830,False,False,,0,2026-05-14T17:59:31.323288+00:00,2026-05-14T17:59:31.323288+00:00,182
vehicle_positions_18_180003.parquet,OK,35531,831,False,False,,0,2026-05-14T18:00:02.582652+00:00,2026-05-14T18:00:02.582652+00:00,182
vehicle_positions_18_180033.parquet,OK,35621,834,False,False,,0,2026-05-14T18:00:33.369891+00:00,2026-05-14T18:00:33.369891+00:00,182
vehicle_positions_18_180106.parquet,OK,35669,836,False,False,,0,2026-05-14T18:01:06.220037+00:00,2026-05-14T18:01:06.220037+00:00,182
vehicle_positions_18_180138.parquet,OK,35574,831,False,False,,0,2026-05-14T18:01:37.728775+00:00,2026-05-14T18:01:37.728775+00:00,182
vehicle_positions_18_180208.parquet,OK,35705,833,False,False,,0,2026-05-14T18:02:08.460536+00:00,2026-05-14T18:02:08.460536+00:00,182
vehicle_positions_18_180240.parquet,OK,35718,833,False,False,,0,2026-05-14T18:02:39.492334+00:00,2026-05-14T18:02:39.492334+00:00,182
vehicle_positions_18_180310.parquet,OK,35709,834,False,False,,0,2026-05-14T18:03:10.385441+00:00,2026-05-14T18:03:10.385441+00:00,182
vehicle_positions_18_180342.parquet,OK,35531,831,False,False,,0,2026-05-14T18:03:41.338205+00:00,2026-05-14T18:03:41.338205+00:00,182
vehicle_positions_18_180412.parquet,OK,35612,830,False,False,,0,2026-05-14T18:04:12.466348+00:00,2026-05-14T18:04:12.466348+00:00,182
vehicle_positions_18_180443.parquet,OK,35671,831,False,False,,0,2026-05-14T18:04:43.351347+00:00,2026-05-14T18:04:43.351347+00:00,182
vehicle_positions_18_180514.parquet,OK,35710,834,False,False,,0,2026-05-14T18:05:14.390867+00:00,2026-05-14T18:05:14.390867+00:00,181
vehicle_positions_18_180545.parquet,OK,35726,834,False,False,,0,2026-05-14T18:05:45.279939+00:00,2026-05-14T18:05:45.279939+00:00,181
vehicle_positions_18_180616.parquet,OK,35902,834,False,False,,0,2026-05-14T18:06:16.046236+00:00,2026-05-14T18:06:16.046236+00:00,181
vehicle_positions_18_180647.parquet,OK,35740,833,False,False,,0,2026-05-14T18:06:46.920344+00:00,2026-05-14T18:06:46.920344+00:00,181
vehicle_positions_18_180718.parquet,OK,35652,831,False,False,,0,2026-05-14T18:07:17.746671+00:00,2026-05-14T18:07:17.746671+00:00,181
vehicle_positions_18_180749.parquet,OK,35545,828,False,False,,0,2026-05-14T18:07:48.625277+00:00,2026-05-14T18:07:48.625277+00:00,182
vehicle_positions_18_180820.parquet,OK,35548,827,False,False,,0,2026-05-14T18:08:19.566242+00:00,2026-05-14T18:08:19.566242+00:00,181
vehicle_positions_18_180850.parquet,OK,35588,828,False,False,,0,2026-05-14T18:08:50.452487+00:00,2026-05-14T18:08:50.452487+00:00,181
vehicle_positions_18_180921.parquet,OK,35171,824,False,False,,0,2026-05-14T18:09:21.166563+00:00,2026-05-14T18:09:21.166563+00:00,182
vehicle_positions_18_180953.parquet,OK,35265,826,False,False,,0,2026-05-14T18:09:52.704528+00:00,2026-05-14T18:09:52.704528+00:00,180
vehicle_positions_18_181054.parquet,OK,35624,831,False,False,,0,2026-05-14T18:10:54.434812+00:00,2026-05-14T18:10:54.434812+00:00,180
vehicle_positions_18_181125.parquet,OK,35605,827,False,False,,0,2026-05-14T18:11:25.236813+00:00,2026-05-14T18:11:25.236813+00:00,180
vehicle_positions_18_181258.parquet,OK,35421,822,False,False,,0,2026-05-14T18:12:57.752854+00:00,2026-05-14T18:12:57.752854+00:00,179
vehicle_positions_18_181329.parquet,OK,35324,823,False,False,,0,2026-05-14T18:13:28.547360+00:00,2026-05-14T18:13:28.547360+00:00,179
vehicle_positions_18_181359.parquet,OK,35456,821,False,False,,0,2026-05-14T18:13:59.335180+00:00,2026-05-14T18:13:59.335180+00:00,180
vehicle_positions_18_181430.parquet,OK,35392,820,False,False,,0,2026-05-14T18:14:30.202081+00:00,2026-05-14T18:14:30.202081+00:00,180
vehicle_positions_18_181501.parquet,OK,35385,822,False,False,,0,2026-05-14T18:15:00.970080+00:00,2026-05-14T18:15:00.970080+00:00,181
vehicle_positions_18_181533.parquet,OK,35650,828,False,False,,0,2026-05-14T18:15:33.113802+00:00,2026-05-14T18:15:33.113802+00:00,182
vehicle_positions_18_181604.parquet,OK,35681,826,False,False,,0,2026-05-14T18:16:03.933726+00:00,2026-05-14T18:16:03.933726+00:00,182
vehicle_positions_18_181635.parquet,OK,35539,826,False,False,,0,2026-05-14T18:16:35.096666+00:00,2026-05-14T18:16:35.096666+00:00,182
vehicle_positions_18_181706.parquet,OK,35511,824,False,False,,0,2026-05-14T18:17:05.918345+00:00,2026-05-14T18:17:05.918345+00:00,182
vehicle_positions_18_181737.parquet,OK,35405,820,False,False,,0,2026-05-14T18:17:36.748761+00:00,2026-05-14T18:17:36.748761+00:00,183
vehicle_positions_18_181808.parquet,OK,35317,819,False,False,,0,2026-05-14T18:18:07.965292+00:00,2026-05-14T18:18:07.965292+00:00,183
vehicle_positions_18_181839.parquet,OK,35307,817,False,False,,0,2026-05-14T18:18:38.888572+00:00,2026-05-14T18:18:38.888572+00:00,182
vehicle_positions_18_181910.parquet,OK,35297,817,False,False,,0,2026-05-14T18:19:09.756542+00:00,2026-05-14T18:19:09.756542+00:00,182
vehicle_positions_18_181941.parquet,OK,35140,812,False,False,,0,2026-05-14T18:19:40.577311+00:00,2026-05-14T18:19:40.577311+00:00,182
vehicle_positions_18_182011.parquet,OK,35002,812,False,False,,0,2026-05-14T18:20:11.455144+00:00,2026-05-14T18:20:11.455144+00:00,181
vehicle_positions_18_182042.parquet,OK,35185,816,False,False,,0,2026-05-14T18:20:42.347710+00:00,2026-05-14T18:20:42.347710+00:00,181
vehicle_positions_18_182113.parquet,OK,35190,812,False,False,,0,2026-05-14T18:21:13.186546+00:00,2026-05-14T18:21:13.186546+00:00,181
vehicle_positions_18_182144.parquet,OK,35057,815,False,False,,0,2026-05-14T18:21:44.045554+00:00,2026-05-14T18:21:44.045554+00:00,182
vehicle_positions_18_182215.parquet,OK,35034,816,False,False,,0,2026-05-14T18:22:14.944718+00:00,2026-05-14T18:22:14.944718+00:00,182
vehicle_positions_18_182246.parquet,OK,35173,816,False,False,,0,2026-05-14T18:22:45.735601+00:00,2026-05-14T18:22:45.735601+00:00,182
vehicle_positions_18_182317.parquet,OK,35049,813,False,False,,0,2026-05-14T18:23:16.577708+00:00,2026-05-14T18:23:16.577708+00:00,182
vehicle_positions_18_182347.parquet,OK,35123,816,False,False,,0,2026-05-14T18:23:47.338880+00:00,2026-05-14T18:23:47.338880+00:00,182
vehicle_positions_18_182419.parquet,OK,35179,813,False,False,,0,2026-05-14T18:24:18.203020+00:00,2026-05-14T18:24:18.203020+00:00,182
vehicle_positions_18_182449.parquet,OK,35263,816,False,False,,0,2026-05-14T18:24:49.461419+00:00,2026-05-14T18:24:49.461419+00:00,182
vehicle_positions_18_182520.parquet,OK,35185,812,False,False,,0,2026-05-14T18:25:20.215606+00:00,2026-05-14T18:25:20.215606+00:00,181
vehicle_positions_18_182551.parquet,OK,35092,814,False,False,,0,2026-05-14T18:25:51.094927+00:00,2026-05-14T18:25:51.094927+00:00,180
vehicle_positions_18_182622.parquet,OK,35229,817,False,False,,0,2026-05-14T18:26:21.895726+00:00,2026-05-14T18:26:21.895726+00:00,180
vehicle_positions_18_182653.parquet,OK,35172,815,False,False,,0,2026-05-14T18:26:52.725521+00:00,2026-05-14T18:26:52.725521+00:00,180
vehicle_positions_18_182724.parquet,OK,35007,814,False,False,,0,2026-05-14T18:27:23.592361+00:00,2026-05-14T18:27:23.592361+00:00,179
vehicle_positions_18_182754.parquet,OK,35183,814,False,False,,0,2026-05-14T18:27:54.394000+00:00,2026-05-14T18:27:54.394000+00:00,180
vehicle_positions_18_182825.parquet,OK,35043,812,False,False,,0,2026-05-14T18:28:25.245363+00:00,2026-05-14T18:28:25.245363+00:00,180
vehicle_positions_18_182856.parquet,OK,34968,814,False,False,,0,2026-05-14T18:28:55.967595+00:00,2026-05-14T18:28:55.967595+00:00,181
vehicle_positions_18_182927.parquet,OK,34976,816,False,False,,0,2026-05-14T18:29:27.305076+00:00,2026-05-14T18:29:27.305076+00:00,181
vehicle_positions_18_182958.parquet,OK,34959,816,False,False,,0,2026-05-14T18:29:58.061976+00:00,2026-05-14T18:29:58.061976+00:00,181
vehicle_positions_18_183029.parquet,OK,34998,815,False,False,,0,2026-05-14T18:30:28.893477+00:00,2026-05-14T18:30:28.893477+00:00,181
vehicle_positions_18_183100.parquet,OK,35099,818,False,False,,0,2026-05-14T18:30:59.717665+00:00,2026-05-14T18:30:59.717665+00:00,181
vehicle_positions_18_183131.parquet,OK,34961,813,False,False,,0,2026-05-14T18:31:30.758804+00:00,2026-05-14T18:31:30.758804+00:00,181
vehicle_positions_18_183202.parquet,OK,35033,812,False,False,,0,2026-05-14T18:32:01.561697+00:00,2026-05-14T18:32:01.561697+00:00,182
vehicle_positions_18_183233.parquet,OK,34859,811,False,False,,0,2026-05-14T18:32:32.933519+00:00,2026-05-14T18:32:32.933519+00:00,182
vehicle_positions_18_183304.parquet,OK,34940,811,False,False,,0,2026-05-14T18:33:03.765422+00:00,2026-05-14T18:33:03.765422+00:00,182
vehicle_positions_18_183335.parquet,OK,34992,812,False,False,,0,2026-05-14T18:33:34.580955+00:00,2026-05-14T18:33:34.580955+00:00,182
vehicle_positions_18_183405.parquet,OK,35052,811,False,False,,0,2026-05-14T18:34:05.345864+00:00,2026-05-14T18:34:05.345864+00:00,182
vehicle_positions_18_183436.parquet,OK,34885,811,False,False,,0,2026-05-14T18:34:36.267269+00:00,2026-05-14T18:34:36.267269+00:00,182
vehicle_positions_18_183507.parquet,OK,35010,811,False,False,,0,2026-05-14T18:35:07.077058+00:00,2026-05-14T18:35:07.077058+00:00,182
vehicle_positions_18_183538.parquet,OK,34812,811,False,False,,0,2026-05-14T18:35:37.907797+00:00,2026-05-14T18:35:37.907797+00:00,182
vehicle_positions_18_183609.parquet,OK,34929,814,False,False,,0,2026-05-14T18:36:08.630608+00:00,2026-05-14T18:36:08.630608+00:00,182
vehicle_positions_18_183639.parquet,OK,34865,815,False,False,,0,2026-05-14T18:36:39.437587+00:00,2026-05-14T18:36:39.437587+00:00,182
vehicle_positions_18_183710.parquet,OK,35116,816,False,False,,0,2026-05-14T18:37:10.204193+00:00,2026-05-14T18:37:10.204193+00:00,182
vehicle_positions_18_183741.parquet,OK,34979,814,False,False,,0,2026-05-14T18:37:41.158886+00:00,2026-05-14T18:37:41.158886+00:00,182
vehicle_positions_18_183812.parquet,OK,35036,814,False,False,,0,2026-05-14T18:38:12.259695+00:00,2026-05-14T18:38:12.259695+00:00,182
vehicle_positions_18_183843.parquet,OK,34969,814,False,False,,0,2026-05-14T18:38:43.349135+00:00,2026-05-14T18:38:43.349135+00:00,182
vehicle_positions_18_183914.parquet,OK,35117,816,False,False,,0,2026-05-14T18:39:14.187627+00:00,2026-05-14T18:39:14.187627+00:00,182
vehicle_positions_18_183945.parquet,OK,35030,815,False,False,,0,2026-05-14T18:39:45.047976+00:00,2026-05-14T18:39:45.047976+00:00,182
vehicle_positions_18_184016.parquet,OK,35070,813,False,False,,0,2026-05-14T18:40:15.825532+00:00,2026-05-14T18:40:15.825532+00:00,182
vehicle_positions_18_184047.parquet,OK,34977,812,False,False,,0,2026-05-14T18:40:46.647968+00:00,2026-05-14T18:40:46.647968+00:00,182
vehicle_positions_18_184117.parquet,OK,34954,811,False,False,,0,2026-05-14T18:41:17.417866+00:00,2026-05-14T18:41:17.417866+00:00,182
vehicle_positions_18_184148.parquet,OK,34973,811,False,False,,0,2026-05-14T18:41:48.251013+00:00,2026-05-14T18:41:48.251013+00:00,182
vehicle_positions_18_184219.parquet,OK,34987,811,False,False,,0,2026-05-14T18:42:19.027063+00:00,2026-05-14T18:42:19.027063+00:00,182
vehicle_positions_18_184250.parquet,OK,35112,810,False,False,,0,2026-05-14T18:42:49.834386+00:00,2026-05-14T18:42:49.834386+00:00,181
vehicle_positions_18_184321.parquet,OK,35114,813,False,False,,0,2026-05-14T18:43:20.626294+00:00,2026-05-14T18:43:20.626294+00:00,181
vehicle_positions_18_184351.parquet,OK,34980,814,False,False,,0,2026-05-14T18:43:51.387657+00:00,2026-05-14T18:43:51.387657+00:00,181
vehicle_positions_18_184422.parquet,OK,34866,812,False,False,,0,2026-05-14T18:44:22.126058+00:00,2026-05-14T18:44:22.126058+00:00,181
vehicle_positions_18_184453.parquet,OK,35009,813,False,False,,0,2026-05-14T18:44:52.898618+00:00,2026-05-14T18:44:52.898618+00:00,181
vehicle_positions_18_184524.parquet,OK,35092,816,False,False,,0,2026-05-14T18:45:23.701831+00:00,2026-05-14T18:45:23.701831+00:00,182
vehicle_positions_18_184555.parquet,OK,35104,819,False,False,,0,2026-05-14T18:45:54.517566+00:00,2026-05-14T18:45:54.517566+00:00,182
vehicle_positions_18_184625.parquet,OK,35269,820,False,False,,0,2026-05-14T18:46:25.367796+00:00,2026-05-14T18:46:25.367796+00:00,183
vehicle_positions_18_184656.parquet,OK,35190,818,False,False,,0,2026-05-14T18:46:56.267865+00:00,2026-05-14T18:46:56.267865+00:00,183
vehicle_positions_18_184727.parquet,OK,35078,817,False,False,,0,2026-05-14T18:47:27.119393+00:00,2026-05-14T18:47:27.119393+00:00,182
vehicle_positions_18_184758.parquet,OK,35013,816,False,False,,0,2026-05-14T18:47:58.083775+00:00,2026-05-14T18:47:58.083775+00:00,183
vehicle_positions_18_184829.parquet,OK,35022,816,False,False,,0,2026-05-14T18:48:28.931362+00:00,2026-05-14T18:48:28.931362+00:00,183
vehicle_positions_18_184900.parquet,OK,34946,811,False,False,,0,2026-05-14T18:48:59.742054+00:00,2026-05-14T18:48:59.742054+00:00,184
vehicle_positions_18_184931.parquet,OK,34939,811,False,False,,0,2026-05-14T18:49:30.626703+00:00,2026-05-14T18:49:30.626703+00:00,184
vehicle_positions_18_185002.parquet,OK,34912,811,False,False,,0,2026-05-14T18:50:01.538380+00:00,2026-05-14T18:50:01.538380+00:00,183
vehicle_positions_18_185033.parquet,OK,34947,810,False,False,,0,2026-05-14T18:50:32.310012+00:00,2026-05-14T18:50:32.310012+00:00,183
vehicle_positions_18_185103.parquet,OK,34962,809,False,False,,0,2026-05-14T18:51:03.317475+00:00,2026-05-14T18:51:03.317475+00:00,183
vehicle_positions_18_185134.parquet,OK,34796,810,False,False,,0,2026-05-14T18:51:34.085859+00:00,2026-05-14T18:51:34.085859+00:00,183
vehicle_positions_18_185205.parquet,OK,34869,810,False,False,,0,2026-05-14T18:52:05.000796+00:00,2026-05-14T18:52:05.000796+00:00,182
vehicle_positions_18_185236.parquet,OK,34892,810,False,False,,0,2026-05-14T18:52:35.866316+00:00,2026-05-14T18:52:35.866316+00:00,181
vehicle_positions_18_185307.parquet,OK,34823,809,False,False,,0,2026-05-14T18:53:06.585984+00:00,2026-05-14T18:53:06.585984+00:00,181
vehicle_positions_18_185337.parquet,OK,34914,811,False,False,,0,2026-05-14T18:53:37.355630+00:00,2026-05-14T18:53:37.355630+00:00,181
vehicle_positions_18_185408.parquet,OK,34914,811,False,False,,0,2026-05-14T18:54:08.274560+00:00,2026-05-14T18:54:08.274560+00:00,181
vehicle_positions_18_185439.parquet,OK,34758,807,False,False,,0,2026-05-14T18:54:39.037177+00:00,2026-05-14T18:54:39.037177+00:00,182
vehicle_positions_18_185510.parquet,OK,34841,808,False,False,,0,2026-05-14T18:55:09.875202+00:00,2026-05-14T18:55:09.875202+00:00,182
vehicle_positions_18_185541.parquet,OK,34772,809,False,False,,0,2026-05-14T18:55:40.669347+00:00,2026-05-14T18:55:40.669347+00:00,179
vehicle_positions_18_185612.parquet,OK,34862,808,False,False,,0,2026-05-14T18:56:11.530167+00:00,2026-05-14T18:56:11.530167+00:00,180
vehicle_positions_18_185643.parquet,OK,34778,808,False,False,,0,2026-05-14T18:56:42.378032+00:00,2026-05-14T18:56:42.378032+00:00,180
vehicle_positions_18_185714.parquet,OK,34812,808,False,False,,0,2026-05-14T18:57:13.503525+00:00,2026-05-14T18:57:13.503525+00:00,180
vehicle_positions_18_185744.parquet,OK,34805,809,False,False,,0,2026-05-14T18:57:44.402433+00:00,2026-05-14T18:57:44.402433+00:00,181
vehicle_positions_18_185815.parquet,OK,34934,811,False,False,,0,2026-05-14T18:58:15.359829+00:00,2026-05-14T18:58:15.359829+00:00,181
vehicle_positions_18_185847.parquet,OK,34811,810,False,False,,0,2026-05-14T18:58:46.236141+00:00,2026-05-14T18:58:46.236141+00:00,181
vehicle_positions_18_185917.parquet,OK,34847,811,False,False,,0,2026-05-14T18:59:17.312628+00:00,2026-05-14T18:59:17.312628+00:00,181
vehicle_positions_19_190517.parquet,OK,34898,813,False,False,,0,2026-05-14T19:05:15.326139+00:00,2026-05-14T19:05:15.326139+00:00,180
vehicle_positions_20_200359.parquet,OK,35037,821,False,False,,0,2026-05-14T20:03:58.679189+00:00,2026-05-14T20:03:58.679189+00:00,179
vehicle_positions_20_200431.parquet,OK,35099,821,False,False,,0,2026-05-14T20:04:30.386847+00:00,2026-05-14T20:04:30.386847+00:00,179
vehicle_positions_20_200502.parquet,OK,35258,822,False,False,,0,2026-05-14T20:05:01.546080+00:00,2026-05-14T20:05:01.546080+00:00,179
vehicle_positions_20_200532.parquet,OK,35237,824,False,False,,0,2026-05-14T20:05:32.309091+00:00,2026-05-14T20:05:32.309091+00:00,179
vehicle_positions_20_200604.parquet,OK,35398,823,False,False,,0,2026-05-14T20:06:03.144063+00:00,2026-05-14T20:06:03.144063+00:00,178
vehicle_positions_20_200635.parquet,OK,35367,821,False,False,,0,2026-05-14T20:06:34.559517+00:00,2026-05-14T20:06:34.559517+00:00,178
vehicle_positions_20_200706.parquet,OK,35033,821,False,False,,0,2026-05-14T20:07:05.611411+00:00,2026-05-14T20:07:05.611411+00:00,178
vehicle_positions_20_200737.parquet,OK,35096,822,False,False,,0,2026-05-14T20:07:36.508204+00:00,2026-05-14T20:07:36.508204+00:00,179
vehicle_positions_20_200807.parquet,OK,35098,821,False,False,,0,2026-05-14T20:08:07.305156+00:00,2026-05-14T20:08:07.305156+00:00,179
vehicle_positions_20_200838.parquet,OK,35442,825,False,False,,0,2026-05-14T20:08:38.100023+00:00,2026-05-14T20:08:38.100023+00:00,179
vehicle_positions_20_200909.parquet,OK,35290,824,False,False,,0,2026-05-14T20:09:08.988254+00:00,2026-05-14T20:09:08.988254+00:00,179
vehicle_positions_20_200940.parquet,OK,35226,824,False,False,,0,2026-05-14T20:09:39.782475+00:00,2026-05-14T20:09:39.782475+00:00,179
vehicle_positions_20_201011.parquet,OK,35150,824,False,False,,0,2026-05-14T20:10:10.739933+00:00,2026-05-14T20:10:10.739933+00:00,179
vehicle_positions_20_201041.parquet,OK,35279,827,False,False,,0,2026-05-14T20:10:41.486728+00:00,2026-05-14T20:10:41.486728+00:00,179
vehicle_positions_20_201112.parquet,OK,35393,825,False,False,,0,2026-05-14T20:11:12.410678+00:00,2026-05-14T20:11:12.410678+00:00,179
vehicle_positions_20_201143.parquet,OK,35329,822,False,False,,0,2026-05-14T20:11:43.298190+00:00,2026-05-14T20:11:43.298190+00:00,179
vehicle_positions_20_201214.parquet,OK,35332,822,False,False,,0,2026-05-14T20:12:14.226873+00:00,2026-05-14T20:12:14.226873+00:00,179
vehicle_positions_20_201245.parquet,OK,35257,820,False,False,,0,2026-05-14T20:12:45.076990+00:00,2026-05-14T20:12:45.076990+00:00,178
vehicle_positions_20_201316.parquet,OK,35107,819,False,False,,0,2026-05-14T20:13:15.878782+00:00,2026-05-14T20:13:15.878782+00:00,179
vehicle_positions_20_201347.parquet,OK,35162,824,False,False,,0,2026-05-14T20:13:46.756847+00:00,2026-05-14T20:13:46.756847+00:00,178
vehicle_positions_20_201418.parquet,OK,35362,824,False,False,,0,2026-05-14T20:14:17.563497+00:00,2026-05-14T20:14:17.563497+00:00,178
vehicle_positions_20_201449.parquet,OK,35392,826,False,False,,0,2026-05-14T20:14:49.062115+00:00,2026-05-14T20:14:49.062115+00:00,180
vehicle_positions_20_201520.parquet,OK,35178,822,False,False,,0,2026-05-14T20:15:19.928621+00:00,2026-05-14T20:15:19.928621+00:00,180
vehicle_positions_20_201551.parquet,OK,35349,826,False,False,,0,2026-05-14T20:15:50.842347+00:00,2026-05-14T20:15:50.842347+00:00,179
vehicle_positions_20_201622.parquet,OK,35405,827,False,False,,0,2026-05-14T20:16:21.629092+00:00,2026-05-14T20:16:21.629092+00:00,180
vehicle_positions_20_201653.parquet,OK,35442,829,False,False,,0,2026-05-14T20:16:52.522082+00:00,2026-05-14T20:16:52.522082+00:00,180
vehicle_positions_20_201723.parquet,OK,35486,828,False,False,,0,2026-05-14T20:17:23.388042+00:00,2026-05-14T20:17:23.388042+00:00,180
vehicle_positions_20_201754.parquet,OK,35457,828,False,False,,0,2026-05-14T20:17:54.116887+00:00,2026-05-14T20:17:54.116887+00:00,180
vehicle_positions_20_201825.parquet,OK,35490,828,False,False,,0,2026-05-14T20:18:25.011258+00:00,2026-05-14T20:18:25.011258+00:00,180
vehicle_positions_20_201856.parquet,OK,35465,829,False,False,,0,2026-05-14T20:18:55.813385+00:00,2026-05-14T20:18:55.813385+00:00,180
vehicle_positions_20_201927.parquet,OK,35449,830,False,False,,0,2026-05-14T20:19:26.610898+00:00,2026-05-14T20:19:26.610898+00:00,180
vehicle_positions_20_201957.parquet,OK,35467,831,False,False,,0,2026-05-14T20:19:57.475047+00:00,2026-05-14T20:19:57.475047+00:00,180
vehicle_positions_20_202029.parquet,OK,35561,830,False,False,,0,2026-05-14T20:20:28.612630+00:00,2026-05-14T20:20:28.612630+00:00,180
vehicle_positions_20_202100.parquet,OK,35575,832,False,False,,0,2026-05-14T20:20:59.519781+00:00,2026-05-14T20:20:59.519781+00:00,180
vehicle_positions_20_202131.parquet,OK,35621,832,False,False,,0,2026-05-14T20:21:30.464183+00:00,2026-05-14T20:21:30.464183+00:00,180
vehicle_positions_20_202201.parquet,OK,35631,833,False,False,,0,2026-05-14T20:22:01.277347+00:00,2026-05-14T20:22:01.277347+00:00,180
vehicle_positions_20_202232.parquet,OK,35724,832,False,False,,0,2026-05-14T20:22:32.364325+00:00,2026-05-14T20:22:32.364325+00:00,179
vehicle_positions_20_202303.parquet,OK,35550,830,False,False,,0,2026-05-14T20:23:03.254016+00:00,2026-05-14T20:23:03.254016+00:00,180
vehicle_positions_20_202334.parquet,OK,35610,832,False,False,,0,2026-05-14T20:23:34.130848+00:00,2026-05-14T20:23:34.130848+00:00,180
vehicle_positions_20_202405.parquet,OK,35344,831,False,False,,0,2026-05-14T20:24:04.928399+00:00,2026-05-14T20:24:04.928399+00:00,181
vehicle_positions_20_202436.parquet,OK,35420,830,False,False,,0,2026-05-14T20:24:36.357226+00:00,2026-05-14T20:24:36.357226+00:00,181
vehicle_positions_20_202507.parquet,OK,35478,830,False,False,,0,2026-05-14T20:25:07.175416+00:00,2026-05-14T20:25:07.175416+00:00,180
vehicle_positions_20_202538.parquet,OK,35694,835,False,False,,0,2026-05-14T20:25:38.004113+00:00,2026-05-14T20:25:38.004113+00:00,180
vehicle_positions_20_202609.parquet,OK,35625,834,False,False,,0,2026-05-14T20:26:08.901792+00:00,2026-05-14T20:26:08.901792+00:00,180
vehicle_positions_20_202640.parquet,OK,35469,832,False,False,,0,2026-05-14T20:26:39.723149+00:00,2026-05-14T20:26:39.723149+00:00,178
vehicle_positions_20_202711.parquet,OK,35401,832,False,False,,0,2026-05-14T20:27:10.599282+00:00,2026-05-14T20:27:10.599282+00:00,178
vehicle_positions_20_202741.parquet,OK,35385,830,False,False,,0,2026-05-14T20:27:41.380336+00:00,2026-05-14T20:27:41.380336+00:00,179
vehicle_positions_20_202813.parquet,OK,35443,831,False,False,,0,2026-05-14T20:28:12.508082+00:00,2026-05-14T20:28:12.508082+00:00,179
vehicle_positions_20_202844.parquet,OK,35586,834,False,False,,0,2026-05-14T20:28:43.515510+00:00,2026-05-14T20:28:43.515510+00:00,180
vehicle_positions_20_202914.parquet,OK,35608,833,False,False,,0,2026-05-14T20:29:14.368203+00:00,2026-05-14T20:29:14.368203+00:00,180
vehicle_positions_20_202945.parquet,OK,35706,834,False,False,,0,2026-05-14T20:29:45.164619+00:00,2026-05-14T20:29:45.164619+00:00,180
vehicle_positions_22_221521.parquet,OK,47037,1169,False,False,,0,2026-05-14T22:15:20.975550+00:00,2026-05-14T22:15:20.975550+00:00,197
vehicle_positions_22_221554.parquet,OK,47008,1176,False,False,,0,2026-05-14T22:15:52.205591+00:00,2026-05-14T22:15:52.205591+00:00,196
vehicle_positions_22_221626.parquet,OK,47143,1176,False,False,,0,2026-05-14T22:16:25.774242+00:00,2026-05-14T22:16:25.774242+00:00,196
vehicle_positions_22_221657.parquet,OK,47032,1176,False,False,,0,2026-05-14T22:16:56.563500+00:00,2026-05-14T22:16:56.563500+00:00,196
vehicle_positions_22_221727.parquet,OK,47379,1182,False,False,,0,2026-05-14T22:17:27.364068+00:00,2026-05-14T22:17:27.364068+00:00,196
vehicle_positions_22_221758.parquet,OK,47551,1185,False,False,,0,2026-05-14T22:17:58.356180+00:00,2026-05-14T22:17:58.356180+00:00,196
vehicle_positions_22_221830.parquet,OK,47359,1183,False,False,,0,2026-05-14T22:18:29.320332+00:00,2026-05-14T22:18:29.320332+00:00,196
vehicle_positions_22_221901.parquet,OK,47792,1187,False,False,,0,2026-05-14T22:19:00.880013+00:00,2026-05-14T22:19:00.880013+00:00,196
vehicle_positions_22_221932.parquet,OK,48083,1194,False,False,,0,2026-05-14T22:19:31.791620+00:00,2026-05-14T22:19:31.791620+00:00,198
vehicle_positions_22_222003.parquet,OK,48099,1198,False,False,,0,2026-05-14T22:20:02.750574+00:00,2026-05-14T22:20:02.750574+00:00,198
vehicle_positions_22_222034.parquet,OK,48069,1199,False,False,,0,2026-05-14T22:20:33.699886+00:00,2026-05-14T22:20:33.699886+00:00,198
vehicle_positions_22_222105.parquet,OK,48198,1201,False,False,,0,2026-05-14T22:21:04.996633+00:00,2026-05-14T22:21:04.996633+00:00,197
vehicle_positions_22_222136.parquet,OK,48284,1201,False,False,,0,2026-05-14T22:21:36.010313+00:00,2026-05-14T22:21:36.010313+00:00,197
vehicle_positions_22_222207.parquet,OK,48332,1203,False,False,,0,2026-05-14T22:22:07.184187+00:00,2026-05-14T22:22:07.184187+00:00,197
vehicle_positions_22_222238.parquet,OK,48163,1204,False,False,,0,2026-05-14T22:22:38.152905+00:00,2026-05-14T22:22:38.152905+00:00,197
vehicle_positions_22_222310.parquet,OK,48149,1208,False,False,,0,2026-05-14T22:23:09.206988+00:00,2026-05-14T22:23:09.206988+00:00,197
vehicle_positions_22_222341.parquet,OK,48328,1207,False,False,,0,2026-05-14T22:23:40.949944+00:00,2026-05-14T22:23:40.949944+00:00,198
vehicle_positions_22_222412.parquet,OK,48259,1208,False,False,,0,2026-05-14T22:24:11.822238+00:00,2026-05-14T22:24:11.822238+00:00,198
vehicle_positions_22_222445.parquet,OK,48513,1207,False,False,,0,2026-05-14T22:24:43.257178+00:00,2026-05-14T22:24:43.257178+00:00,198
vehicle_positions_22_222516.parquet,OK,48495,1209,False,False,,0,2026-05-14T22:25:15.854266+00:00,2026-05-14T22:25:15.854266+00:00,198
vehicle_positions_22_222547.parquet,OK,48673,1215,False,False,,0,2026-05-14T22:25:46.689592+00:00,2026-05-14T22:25:46.689592+00:00,196
vehicle_positions_22_222618.parquet,OK,48826,1217,False,False,,0,2026-05-14T22:26:17.508808+00:00,2026-05-14T22:26:17.508808+00:00,196
vehicle_positions_22_222649.parquet,OK,48848,1217,False,False,,0,2026-05-14T22:26:48.508923+00:00,2026-05-14T22:26:48.508923+00:00,196
vehicle_positions_22_222720.parquet,OK,48796,1218,False,False,,0,2026-05-14T22:27:19.587449+00:00,2026-05-14T22:27:19.587449+00:00,197
vehicle_positions_22_222751.parquet,OK,48758,1220,False,False,,0,2026-05-14T22:27:50.672748+00:00,2026-05-14T22:27:50.672748+00:00,197
vehicle_positions_22_222822.parquet,OK,48908,1222,False,False,,0,2026-05-14T22:28:21.555925+00:00,2026-05-14T22:28:21.555925+00:00,197
vehicle_positions_22_222853.parquet,OK,48734,1220,False,False,,0,2026-05-14T22:28:52.635675+00:00,2026-05-14T22:28:52.635675+00:00,197
vehicle_positions_22_222924.parquet,OK,49092,1225,False,False,,0,2026-05-14T22:29:23.508052+00:00,2026-05-14T22:29:23.508052+00:00,196
vehicle_positions_22_222954.parquet,OK,49053,1225,False,False,,0,2026-05-14T22:29:54.365434+00:00,2026-05-14T22:29:54.365434+00:00,196
vehicle_positions_22_223026.parquet,OK,49051,1227,False,False,,0,2026-05-14T22:30:26.266285+00:00,2026-05-14T22:30:26.266285+00:00,197
vehicle_positions_22_223059.parquet,OK,49241,1231,False,False,,0,2026-05-14T22:30:58.543926+00:00,2026-05-14T22:30:58.543926+00:00,197
vehicle_positions_22_223130.parquet,OK,49281,1227,False,False,,0,2026-05-14T22:31:30.221019+00:00,2026-05-14T22:31:30.221019+00:00,198
vehicle_positions_22_223202.parquet,OK,49375,1229,False,False,,0,2026-05-14T22:32:01.146731+00:00,2026-05-14T22:32:01.146731+00:00,198
vehicle_positions_22_223233.parquet,OK,49138,1228,False,False,,0,2026-05-14T22:32:32.875337+00:00,2026-05-14T22:32:32.875337+00:00,198
vehicle_positions_22_223304.parquet,OK,49149,1225,False,False,,0,2026-05-14T22:33:03.820186+00:00,2026-05-14T22:33:03.820186+00:00,198
vehicle_positions_22_223335.parquet,OK,49224,1228,False,False,,0,2026-05-14T22:33:34.719076+00:00,2026-05-14T22:33:34.719076+00:00,198
vehicle_positions_22_223406.parquet,OK,49176,1225,False,False,,0,2026-05-14T22:34:05.604456+00:00,2026-05-14T22:34:05.604456+00:00,197
vehicle_positions_22_223437.parquet,OK,49125,1228,False,False,,0,2026-05-14T22:34:36.735318+00:00,2026-05-14T22:34:36.735318+00:00,197
vehicle_positions_22_223508.parquet,OK,49215,1229,False,False,,0,2026-05-14T22:35:07.570971+00:00,2026-05-14T22:35:07.570971+00:00,197
vehicle_positions_22_223540.parquet,OK,49234,1230,False,False,,0,2026-05-14T22:35:38.534450+00:00,2026-05-14T22:35:38.534450+00:00,197
vehicle_positions_22_223612.parquet,OK,49090,1232,False,False,,0,2026-05-14T22:36:12.018676+00:00,2026-05-14T22:36:12.018676+00:00,197
vehicle_positions_22_223643.parquet,OK,49224,1234,False,False,,0,2026-05-14T22:36:42.832027+00:00,2026-05-14T22:36:42.832027+00:00,197
vehicle_positions_22_223714.parquet,OK,49180,1232,False,False,,0,2026-05-14T22:37:14.016691+00:00,2026-05-14T22:37:14.016691+00:00,197
vehicle_positions_22_223745.parquet,OK,49160,1231,False,False,,0,2026-05-14T22:37:44.891969+00:00,2026-05-14T22:37:44.891969+00:00,197
vehicle_positions_22_223817.parquet,OK,49233,1229,False,False,,0,2026-05-14T22:38:16.434313+00:00,2026-05-14T22:38:16.434313+00:00,197
vehicle_positions_22_223848.parquet,OK,49372,1237,False,False,,0,2026-05-14T22:38:47.640669+00:00,2026-05-14T22:38:47.640669+00:00,197
vehicle_positions_22_223919.parquet,OK,49522,1241,False,False,,0,2026-05-14T22:39:18.602689+00:00,2026-05-14T22:39:18.602689+00:00,197
vehicle_positions_22_223950.parquet,OK,49569,1240,False,False,,0,2026-05-14T22:39:49.649810+00:00,2026-05-14T22:39:49.649810+00:00,197
vehicle_positions_22_224021.parquet,OK,49598,1241,False,False,,0,2026-05-14T22:40:20.540835+00:00,2026-05-14T22:40:20.540835+00:00,197
vehicle_positions_22_224052.parquet,OK,49505,1240,False,False,,0,2026-05-14T22:40:51.797673+00:00,2026-05-14T22:40:51.797673+00:00,196
vehicle_positions_22_224124.parquet,OK,49618,1241,False,False,,0,2026-05-14T22:41:24.157371+00:00,2026-05-14T22:41:24.157371+00:00,196
vehicle_positions_22_224155.parquet,OK,49600,1245,False,False,,0,2026-05-14T22:41:55.121262+00:00,2026-05-14T22:41:55.121262+00:00,196
vehicle_positions_22_224226.parquet,OK,49826,1249,False,False,,0,2026-05-14T22:42:25.959875+00:00,2026-05-14T22:42:25.959875+00:00,197
vehicle_positions_22_224257.parquet,OK,49680,1247,False,False,,0,2026-05-14T22:42:57.007107+00:00,2026-05-14T22:42:57.007107+00:00,197
vehicle_positions_22_224328.parquet,OK,49728,1247,False,False,,0,2026-05-14T22:43:27.953795+00:00,2026-05-14T22:43:27.953795+00:00,197
vehicle_positions_22_224359.parquet,OK,49709,1245,False,False,,0,2026-05-14T22:43:58.772574+00:00,2026-05-14T22:43:58.772574+00:00,195
vehicle_positions_22_224430.parquet,OK,49812,1249,False,False,,0,2026-05-14T22:44:30.063573+00:00,2026-05-14T22:44:30.063573+00:00,197
vehicle_positions_22_224501.parquet,OK,49812,1252,False,False,,0,2026-05-14T22:45:01.004907+00:00,2026-05-14T22:45:01.004907+00:00,197
vehicle_positions_22_224532.parquet,OK,49830,1253,False,False,,0,2026-05-14T22:45:32.200533+00:00,2026-05-14T22:45:32.200533+00:00,197
vehicle_positions_22_224605.parquet,OK,49886,1253,False,False,,0,2026-05-14T22:46:04.682781+00:00,2026-05-14T22:46:04.682781+00:00,197
vehicle_positions_22_224637.parquet,OK,50033,1254,False,False,,0,2026-05-14T22:46:36.681807+00:00,2026-05-14T22:46:36.681807+00:00,197
vehicle_positions_22_224708.parquet,OK,50031,1254,False,False,,0,2026-05-14T22:47:07.506031+00:00,2026-05-14T22:47:07.506031+00:00,197
vehicle_positions_22_224739.parquet,OK,49934,1256,False,False,,0,2026-05-14T22:47:38.554927+00:00,2026-05-14T22:47:38.554927+00:00,197
vehicle_positions_22_224810.parquet,OK,49837,1253,False,False,,0,2026-05-14T22:48:09.451799+00:00,2026-05-14T22:48:09.451799+00:00,197
vehicle_positions_22_224840.parquet,OK,49872,1254,False,False,,0,2026-05-14T22:48:40.322570+00:00,2026-05-14T22:48:40.322570+00:00,197
vehicle_positions_22_224911.parquet,OK,50031,1256,False,False,,0,2026-05-14T22:49:11.307044+00:00,2026-05-14T22:49:11.307044+00:00,197
vehicle_positions_22_224942.parquet,OK,49883,1257,False,False,,0,2026-05-14T22:49:42.164308+00:00,2026-05-14T22:49:42.164308+00:00,197
vehicle_positions_22_225013.parquet,OK,50028,1258,False,False,,0,2026-05-14T22:50:13.051427+00:00,2026-05-14T22:50:13.051427+00:00,197
vehicle_positions_22_225044.parquet,OK,50025,1263,False,False,,0,2026-05-14T22:50:43.841385+00:00,2026-05-14T22:50:43.841385+00:00,197
vehicle_positions_22_225115.parquet,OK,50098,1264,False,False,,0,2026-05-14T22:51:14.980720+00:00,2026-05-14T22:51:14.980720+00:00,197
vehicle_positions_22_225146.parquet,OK,50352,1268,False,False,,0,2026-05-14T22:51:45.862782+00:00,2026-05-14T22:51:45.862782+00:00,197
vehicle_positions_22_225217.parquet,OK,50459,1268,False,False,,0,2026-05-14T22:52:17.136408+00:00,2026-05-14T22:52:17.136408+00:00,197
vehicle_positions_22_225248.parquet,OK,50400,1268,False,False,,0,2026-05-14T22:52:47.974082+00:00,2026-05-14T22:52:47.974082+00:00,198
vehicle_positions_22_225319.parquet,OK,50742,1272,False,False,,0,2026-05-14T22:53:19.013821+00:00,2026-05-14T22:53:19.013821+00:00,198
vehicle_positions_22_225350.parquet,OK,50686,1275,False,False,,0,2026-05-14T22:53:50.082277+00:00,2026-05-14T22:53:50.082277+00:00,199
vehicle_positions_22_225421.parquet,OK,50638,1271,False,False,,0,2026-05-14T22:54:20.955167+00:00,2026-05-14T22:54:20.955167+00:00,199
vehicle_positions_22_225452.parquet,OK,50672,1274,False,False,,0,2026-05-14T22:54:51.736505+00:00,2026-05-14T22:54:51.736505+00:00,199
vehicle_positions_22_225523.parquet,OK,50695,1276,False,False,,0,2026-05-14T22:55:22.655021+00:00,2026-05-14T22:55:22.655021+00:00,197
vehicle_positions_22_225554.parquet,OK,50651,1276,False,False,,0,2026-05-14T22:55:53.516257+00:00,2026-05-14T22:55:53.516257+00:00,198
vehicle_positions_22_225625.parquet,OK,50609,1277,False,False,,0,2026-05-14T22:56:24.393955+00:00,2026-05-14T22:56:24.393955+00:00,198
vehicle_positions_22_225655.parquet,OK,50474,1273,False,False,,0,2026-05-14T22:56:55.358789+00:00,2026-05-14T22:56:55.358789+00:00,197
vehicle_positions_22_225727.parquet,OK,50590,1272,False,False,,0,2026-05-14T22:57:26.337055+00:00,2026-05-14T22:57:26.337055+00:00,197
vehicle_positions_22_225758.parquet,OK,50572,1274,False,False,,0,2026-05-14T22:57:57.432122+00:00,2026-05-14T22:57:57.432122+00:00,197
vehicle_positions_22_225829.parquet,OK,50358,1272,False,False,,0,2026-05-14T22:58:28.411259+00:00,2026-05-14T22:58:28.411259+00:00,197
vehicle_positions_22_225859.parquet,OK,50464,1269,False,False,,0,2026-05-14T22:58:59.362397+00:00,2026-05-14T22:58:59.362397+00:00,197
vehicle_positions_22_225930.parquet,OK,50648,1273,False,False,,0,2026-05-14T22:59:30.208772+00:00,2026-05-14T22:59:30.208772+00:00,197
vehicle_positions_23_230002.parquet,OK,50409,1272,False,False,,0,2026-05-14T23:00:01.163105+00:00,2026-05-14T23:00:01.163105+00:00,197
vehicle_positions_23_230033.parquet,OK,50551,1273,False,False,,0,2026-05-14T23:00:32.802246+00:00,2026-05-14T23:00:32.802246+00:00,197
vehicle_positions_23_230104.parquet,OK,50736,1279,False,False,,0,2026-05-14T23:01:03.984435+00:00,2026-05-14T23:01:03.984435+00:00,197
vehicle_positions_23_230240.parquet,OK,50655,1276,False,False,,0,2026-05-14T23:02:39.698848+00:00,2026-05-14T23:02:39.698848+00:00,197
vehicle_positions_23_230311.parquet,OK,50782,1281,False,False,,0,2026-05-14T23:03:10.757312+00:00,2026-05-14T23:03:10.757312+00:00,197
vehicle_positions_23_230342.parquet,OK,50891,1281,False,False,,0,2026-05-14T23:03:41.697103+00:00,2026-05-14T23:03:41.697103+00:00,198
vehicle_positions_23_230413.parquet,OK,50835,1281,False,False,,0,2026-05-14T23:04:12.620658+00:00,2026-05-14T23:04:12.620658+00:00,198
vehicle_positions_23_230444.parquet,OK,50866,1283,False,False,,0,2026-05-14T23:04:43.759183+00:00,2026-05-14T23:04:43.759183+00:00,199
vehicle_positions_23_230515.parquet,OK,50972,1284,False,False,,0,2026-05-14T23:05:14.928196+00:00,2026-05-14T23:05:14.928196+00:00,199
vehicle_positions_23_230546.parquet,OK,50942,1284,False,False,,0,2026-05-14T23:05:46.021970+00:00,2026-05-14T23:05:46.021970+00:00,199
vehicle_positions_23_230617.parquet,OK,50915,1286,False,False,,0,2026-05-14T23:06:16.985086+00:00,2026-05-14T23:06:16.985086+00:00,200
vehicle_positions_23_230648.parquet,OK,51002,1283,False,False,,0,2026-05-14T23:06:48.114872+00:00,2026-05-14T23:06:48.114872+00:00,200
vehicle_positions_23_230719.parquet,OK,51043,1285,False,False,,0,2026-05-14T23:07:19.105968+00:00,2026-05-14T23:07:19.105968+00:00,201
vehicle_positions_23_230750.parquet,OK,51056,1288,False,False,,0,2026-05-14T23:07:50.072979+00:00,2026-05-14T23:07:50.072979+00:00,201
vehicle_positions_23_230821.parquet,OK,51148,1290,False,False,,0,2026-05-14T23:08:21.108152+00:00,2026-05-14T23:08:21.108152+00:00,201
vehicle_positions_23_230852.parquet,OK,51142,1291,False,False,,0,2026-05-14T23:08:52.314250+00:00,2026-05-14T23:08:52.314250+00:00,201
vehicle_positions_23_230923.parquet,OK,51117,1291,False,False,,0,2026-05-14T23:09:23.296169+00:00,2026-05-14T23:09:23.296169+00:00,201
vehicle_positions_23_230954.parquet,OK,51187,1292,False,False,,0,2026-05-14T23:09:54.419708+00:00,2026-05-14T23:09:54.419708+00:00,201
vehicle_positions_23_231025.parquet,OK,51186,1290,False,False,,0,2026-05-14T23:10:25.305775+00:00,2026-05-14T23:10:25.305775+00:00,201
vehicle_positions_23_231056.parquet,OK,51096,1291,False,False,,0,2026-05-14T23:10:56.182970+00:00,2026-05-14T23:10:56.182970+00:00,201
vehicle_positions_23_231127.parquet,OK,51228,1291,False,False,,0,2026-05-14T23:11:27.246244+00:00,2026-05-14T23:11:27.246244+00:00,200
vehicle_positions_23_231158.parquet,OK,51261,1292,False,False,,0,2026-05-14T23:11:58.087675+00:00,2026-05-14T23:11:58.087675+00:00,199
vehicle_positions_23_231331.parquet,OK,50789,1288,False,False,,0,2026-05-14T23:13:30.875483+00:00,2026-05-14T23:13:30.875483+00:00,199
vehicle_positions_23_231402.parquet,OK,51010,1292,False,False,,0,2026-05-14T23:14:01.675725+00:00,2026-05-14T23:14:01.675725+00:00,199
vehicle_positions_23_231433.parquet,OK,51237,1294,False,False,,0,2026-05-14T23:14:32.811524+00:00,2026-05-14T23:14:32.811524+00:00,199
vehicle_positions_23_231504.parquet,OK,51396,1297,False,False,,0,2026-05-14T23:15:03.710283+00:00,2026-05-14T23:15:03.710283+00:00,199
vehicle_positions_23_231535.parquet,OK,51068,1292,False,False,,0,2026-05-14T23:15:34.952670+00:00,2026-05-14T23:15:34.952670+00:00,199
vehicle_positions_23_231606.parquet,OK,51179,1297,False,False,,0,2026-05-14T23:16:05.877295+00:00,2026-05-14T23:16:05.877295+00:00,199
vehicle_positions_23_231637.parquet,OK,50959,1294,False,False,,0,2026-05-14T23:16:36.655892+00:00,2026-05-14T23:16:36.655892+00:00,199
vehicle_positions_23_231708.parquet,OK,50945,1293,False,False,,0,2026-05-14T23:17:07.616199+00:00,2026-05-14T23:17:07.616199+00:00,199
vehicle_positions_23_231739.parquet,OK,51058,1293,False,False,,0,2026-05-14T23:17:38.549513+00:00,2026-05-14T23:17:38.549513+00:00,199
vehicle_positions_23_231809.parquet,OK,51152,1295,False,False,,0,2026-05-14T23:18:09.413844+00:00,2026-05-14T23:18:09.413844+00:00,199
vehicle_positions_23_231841.parquet,OK,51225,1295,False,False,,0,2026-05-14T23:18:40.406518+00:00,2026-05-14T23:18:40.406518+00:00,199
vehicle_positions_23_231912.parquet,OK,51375,1298,False,False,,0,2026-05-14T23:19:11.539409+00:00,2026-05-14T23:19:11.539409+00:00,199
vehicle_positions_23_231943.parquet,OK,51082,1295,False,False,,0,2026-05-14T23:19:42.510242+00:00,2026-05-14T23:19:42.510242+00:00,199
vehicle_positions_23_232013.parquet,OK,51217,1297,False,False,,0,2026-05-14T23:20:13.264175+00:00,2026-05-14T23:20:13.264175+00:00,199
vehicle_positions_23_232044.parquet,OK,51157,1296,False,False,,0,2026-05-14T23:20:44.152343+00:00,2026-05-14T23:20:44.152343+00:00,199
vehicle_positions_23_232115.parquet,OK,51334,1297,False,False,,0,2026-05-14T23:21:15.203573+00:00,2026-05-14T23:21:15.203573+00:00,199
vehicle_positions_23_232147.parquet,OK,51282,1301,False,False,,0,2026-05-14T23:21:46.176914+00:00,2026-05-14T23:21:46.176914+00:00,199
vehicle_positions_23_232218.parquet,OK,51312,1300,False,False,,0,2026-05-14T23:22:17.983250+00:00,2026-05-14T23:22:17.983250+00:00,200
vehicle_positions_23_232249.parquet,OK,51416,1302,False,False,,0,2026-05-14T23:22:48.867430+00:00,2026-05-14T23:22:48.867430+00:00,200
vehicle_positions_23_232320.parquet,OK,51257,1301,False,False,,0,2026-05-14T23:23:20.387621+00:00,2026-05-14T23:23:20.387621+00:00,200
vehicle_positions_23_232352.parquet,OK,51421,1301,False,False,,0,2026-05-14T23:23:51.333435+00:00,2026-05-14T23:23:51.333435+00:00,200
vehicle_positions_23_232423.parquet,OK,51732,1309,False,False,,0,2026-05-14T23:24:22.362795+00:00,2026-05-14T23:24:22.362795+00:00,200
vehicle_positions_23_232453.parquet,OK,51755,1310,False,False,,0,2026-05-14T23:24:53.373805+00:00,2026-05-14T23:24:53.373805+00:00,201
vehicle_positions_23_232524.parquet,OK,51784,1313,False,False,,0,2026-05-14T23:25:24.269326+00:00,2026-05-14T23:25:24.269326+00:00,201
vehicle_positions_23_232555.parquet,OK,51831,1313,False,False,,0,2026-05-14T23:25:55.227052+00:00,2026-05-14T23:25:55.227052+00:00,201
vehicle_positions_23_232626.parquet,OK,51997,1314,False,False,,0,2026-05-14T23:26:26.149346+00:00,2026-05-14T23:26:26.149346+00:00,201
vehicle_positions_23_232657.parquet,OK,51775,1312,False,False,,0,2026-05-14T23:26:57.028191+00:00,2026-05-14T23:26:57.028191+00:00,201
vehicle_positions_23_232728.parquet,OK,51468,1307,False,False,,0,2026-05-14T23:27:28.200460+00:00,2026-05-14T23:27:28.200460+00:00,201
vehicle_positions_23_232759.parquet,OK,51509,1310,False,False,,0,2026-05-14T23:27:59.091561+00:00,2026-05-14T23:27:59.091561+00:00,201
vehicle_positions_23_232830.parquet,OK,51554,1312,False,False,,0,2026-05-14T23:28:29.986671+00:00,2026-05-14T23:28:29.986671+00:00,201
vehicle_positions_23_232901.parquet,OK,51645,1311,False,False,,0,2026-05-14T23:29:00.988808+00:00,2026-05-14T23:29:00.988808+00:00,201
vehicle_positions_23_232932.parquet,OK,51693,1312,False,False,,0,2026-05-14T23:29:32.062528+00:00,2026-05-14T23:29:32.062528+00:00,202
vehicle_positions_23_233003.parquet,OK,51753,1313,False,False,,0,2026-05-14T23:30:02.958677+00:00,2026-05-14T23:30:02.958677+00:00,203
vehicle_positions_23_233034.parquet,OK,51686,1309,False,False,,0,2026-05-14T23:30:33.926333+00:00,2026-05-14T23:30:33.926333+00:00,203
vehicle_positions_23_233105.parquet,OK,51352,1309,False,False,,0,2026-05-14T23:31:04.807846+00:00,2026-05-14T23:31:04.807846+00:00,203
vehicle_positions_23_233136.parquet,OK,51439,1307,False,False,,0,2026-05-14T23:31:35.705553+00:00,2026-05-14T23:31:35.705553+00:00,203
vehicle_positions_23_233207.parquet,OK,51557,1310,False,False,,0,2026-05-14T23:32:06.901279+00:00,2026-05-14T23:32:06.901279+00:00,203
vehicle_positions_23_233238.parquet,OK,51507,1308,False,False,,0,2026-05-14T23:32:37.804174+00:00,2026-05-14T23:32:37.804174+00:00,202
vehicle_positions_23_233309.parquet,OK,51781,1310,False,False,,0,2026-05-14T23:33:08.779440+00:00,2026-05-14T23:33:08.779440+00:00,202
vehicle_positions_23_233340.parquet,OK,51613,1309,False,False,,0,2026-05-14T23:33:39.711763+00:00,2026-05-14T23:33:39.711763+00:00,202
vehicle_positions_23_233411.parquet,OK,51583,1310,False,False,,0,2026-05-14T23:34:10.886530+00:00,2026-05-14T23:34:10.886530+00:00,202
vehicle_positions_23_233442.parquet,OK,51551,1310,False,False,,0,2026-05-14T23:34:42.007714+00:00,2026-05-14T23:34:42.007714+00:00,202
vehicle_positions_23_233513.parquet,OK,51640,1311,False,False,,0,2026-05-14T23:35:13.134008+00:00,2026-05-14T23:35:13.134008+00:00,202
vehicle_positions_23_233544.parquet,OK,51773,1312,False,False,,0,2026-05-14T23:35:44.051300+00:00,2026-05-14T23:35:44.051300+00:00,202
vehicle_positions_23_233615.parquet,OK,51905,1313,False,False,,0,2026-05-14T23:36:14.978516+00:00,2026-05-14T23:36:14.978516+00:00,202
vehicle_positions_23_233647.parquet,OK,51506,1310,False,False,,0,2026-05-14T23:36:46.219038+00:00,2026-05-14T23:36:46.219038+00:00,201
vehicle_positions_23_233718.parquet,OK,51408,1306,False,False,,0,2026-05-14T23:37:18.200904+00:00,2026-05-14T23:37:18.200904+00:00,201
vehicle_positions_23_233749.parquet,OK,51501,1310,False,False,,0,2026-05-14T23:37:49.081475+00:00,2026-05-14T23:37:49.081475+00:00,201
vehicle_positions_23_233820.parquet,OK,51705,1312,False,False,,0,2026-05-14T23:38:19.989640+00:00,2026-05-14T23:38:19.989640+00:00,202
vehicle_positions_23_233851.parquet,OK,51717,1311,False,False,,0,2026-05-14T23:38:51.131247+00:00,2026-05-14T23:38:51.131247+00:00,202
vehicle_positions_23_233922.parquet,OK,51533,1312,False,False,,0,2026-05-14T23:39:22.082125+00:00,2026-05-14T23:39:22.082125+00:00,203
vehicle_positions_23_233953.parquet,OK,51800,1315,False,False,,0,2026-05-14T23:39:53.044376+00:00,2026-05-14T23:39:53.044376+00:00,203
vehicle_positions_23_234024.parquet,OK,51841,1316,False,False,,0,2026-05-14T23:40:23.936315+00:00,2026-05-14T23:40:23.936315+00:00,203
vehicle_positions_23_234055.parquet,OK,51817,1317,False,False,,0,2026-05-14T23:40:54.848187+00:00,2026-05-14T23:40:54.848187+00:00,203
vehicle_positions_23_234126.parquet,OK,51959,1318,False,False,,0,2026-05-14T23:41:25.819475+00:00,2026-05-14T23:41:25.819475+00:00,202
vehicle_positions_23_234157.parquet,OK,51826,1316,False,False,,0,2026-05-14T23:41:56.750825+00:00,2026-05-14T23:41:56.750825+00:00,202
vehicle_positions_23_234228.parquet,OK,51938,1318,False,False,,0,2026-05-14T23:42:28.210480+00:00,2026-05-14T23:42:28.210480+00:00,202
vehicle_positions_23_234259.parquet,OK,51935,1316,False,False,,0,2026-05-14T23:42:59.149665+00:00,2026-05-14T23:42:59.149665+00:00,202
vehicle_positions_23_234331.parquet,OK,51937,1314,False,False,,0,2026-05-14T23:43:30.487516+00:00,2026-05-14T23:43:30.487516+00:00,202
vehicle_positions_23_234402.parquet,OK,51679,1313,False,False,,0,2026-05-14T23:44:01.428293+00:00,2026-05-14T23:44:01.428293+00:00,202
vehicle_positions_23_234433.parquet,OK,51779,1317,False,False,,0,2026-05-14T23:44:32.930644+00:00,2026-05-14T23:44:32.930644+00:00,202
vehicle_positions_23_234504.parquet,OK,51889,1316,False,False,,0,2026-05-14T23:45:03.869015+00:00,2026-05-14T23:45:03.869015+00:00,203
vehicle_positions_23_234535.parquet,OK,51918,1317,False,False,,0,2026-05-14T23:45:34.800333+00:00,2026-05-14T23:45:34.800333+00:00,203
vehicle_positions_23_234606.parquet,OK,51926,1319,False,False,,0,2026-05-14T23:46:05.748125+00:00,2026-05-14T23:46:05.748125+00:00,203
vehicle_positions_23_234637.parquet,OK,51851,1317,False,False,,0,2026-05-14T23:46:36.759239+00:00,2026-05-14T23:46:36.759239+00:00,203
vehicle_positions_23_234708.parquet,OK,51985,1320,False,False,,0,2026-05-14T23:47:07.783506+00:00,2026-05-14T23:47:07.783506+00:00,203
vehicle_positions_23_234739.parquet,OK,52028,1320,False,False,,0,2026-05-14T23:47:38.771807+00:00,2026-05-14T23:47:38.771807+00:00,203
vehicle_positions_23_234810.parquet,OK,51944,1321,False,False,,0,2026-05-14T23:48:09.652876+00:00,2026-05-14T23:48:09.652876+00:00,203
vehicle_positions_23_234841.parquet,OK,51970,1317,False,False,,0,2026-05-14T23:48:40.768768+00:00,2026-05-14T23:48:40.768768+00:00,203
vehicle_positions_23_234912.parquet,OK,51939,1320,False,False,,0,2026-05-14T23:49:11.922516+00:00,2026-05-14T23:49:11.922516+00:00,203
vehicle_positions_23_234943.parquet,OK,51876,1318,False,False,,0,2026-05-14T23:49:42.860147+00:00,2026-05-14T23:49:42.860147+00:00,204
vehicle_positions_23_235014.parquet,OK,51774,1317,False,False,,0,2026-05-14T23:50:13.770666+00:00,2026-05-14T23:50:13.770666+00:00,203
vehicle_positions_23_235045.parquet,OK,51594,1313,False,False,,0,2026-05-14T23:50:44.720100+00:00,2026-05-14T23:50:44.720100+00:00,202
vehicle_positions_23_235116.parquet,OK,52023,1319,False,False,,0,2026-05-14T23:51:15.731155+00:00,2026-05-14T23:51:15.731155+00:00,202
vehicle_positions_23_235218.parquet,OK,51967,1317,False,False,,0,2026-05-14T23:52:17.940372+00:00,2026-05-14T23:52:17.940372+00:00,201
vehicle_positions_23_235249.parquet,OK,51792,1315,False,False,,0,2026-05-14T23:52:48.880234+00:00,2026-05-14T23:52:48.880234+00:00,201
vehicle_positions_23_235320.parquet,OK,51916,1317,False,False,,0,2026-05-14T23:53:19.714108+00:00,2026-05-14T23:53:19.714108+00:00,201
vehicle_positions_23_235351.parquet,OK,51804,1318,False,False,,0,2026-05-14T23:53:50.612021+00:00,2026-05-14T23:53:50.612021+00:00,201
vehicle_positions_23_235423.parquet,OK,52057,1323,False,False,,0,2026-05-14T23:54:22.667874+00:00,2026-05-14T23:54:22.667874+00:00,199
vehicle_positions_23_235454.parquet,OK,52062,1324,False,False,,0,2026-05-14T23:54:53.683748+00:00,2026-05-14T23:54:53.683748+00:00,199
vehicle_positions_23_235525.parquet,OK,52074,1321,False,False,,0,2026-05-14T23:55:24.560455+00:00,2026-05-14T23:55:24.560455+00:00,199
vehicle_positions_23_235556.parquet,OK,52040,1323,False,False,,0,2026-05-14T23:55:55.417666+00:00,2026-05-14T23:55:55.417666+00:00,200
vehicle_positions_23_235627.parquet,OK,52052,1320,False,False,,0,2026-05-14T23:56:26.598881+00:00,2026-05-14T23:56:26.598881+00:00,200
vehicle_positions_23_235658.parquet,OK,51892,1320,False,False,,0,2026-05-14T23:56:57.458069+00:00,2026-05-14T23:56:57.458069+00:00,200
vehicle_positions_23_235729.parquet,OK,51865,1320,False,False,,0,2026-05-14T23:57:28.401804+00:00,2026-05-14T23:57:28.401804+00:00,200
vehicle_positions_23_235800.parquet,OK,51803,1318,False,False,,0,2026-05-14T23:57:59.490806+00:00,2026-05-14T23:57:59.490806+00:00,200
vehicle_positions_23_235831.parquet,OK,51918,1319,False,False,,0,2026-05-14T23:58:30.655797+00:00,2026-05-14T23:58:30.655797+00:00,201
vehicle_positions_23_235902.parquet,OK,51793,1322,False,False,,0,2026-05-14T23:59:01.658822+00:00,2026-05-14T23:59:01.658822+00:00,201
vehicle_positions_23_235933.parquet,OK,52012,1324,False,False,,0,2026-05-14T23:59:32.847010+00:00,2026-05-14T23:59:32.847010+00:00,200
vehicle_positions_00_000004.parquet,OK,52046,1326,False,False,,0,2026-05-15T00:00:03.874568+00:00,2026-05-15T00:00:03.874568+00:00,200
vehicle_positions_00_000035.parquet,OK,52196,1328,False,False,,0,2026-05-15T00:00:34.743828+00:00,2026-05-15T00:00:34.743828+00:00,200
vehicle_positions_00_000106.parquet,OK,52178,1328,False,False,,0,2026-05-15T00:01:05.671347+00:00,2026-05-15T00:01:05.671347+00:00,200
vehicle_positions_00_000137.parquet,OK,52028,1325,False,False,,0,2026-05-15T00:01:36.596983+00:00,2026-05-15T00:01:36.596983+00:00,201
vehicle_positions_00_000208.parquet,OK,51999,1324,False,False,,0,2026-05-15T00:02:07.637689+00:00,2026-05-15T00:02:07.637689+00:00,201
vehicle_positions_00_000238.parquet,OK,52127,1325,False,False,,0,2026-05-15T00:02:38.449908+00:00,2026-05-15T00:02:38.449908+00:00,201
vehicle_positions_00_000309.parquet,OK,52183,1326,False,False,,0,2026-05-15T00:03:09.249484+00:00,2026-05-15T00:03:09.249484+00:00,202
vehicle_positions_00_000340.parquet,OK,52133,1323,False,False,,0,2026-05-15T00:03:40.070780+00:00,2026-05-15T00:03:40.070780+00:00,202
vehicle_positions_00_000411.parquet,OK,52320,1325,False,False,,0,2026-05-15T00:04:11.045429+00:00,2026-05-15T00:04:11.045429+00:00,201
vehicle_positions_00_000442.parquet,OK,52173,1323,False,False,,0,2026-05-15T00:04:42.150235+00:00,2026-05-15T00:04:42.150235+00:00,200
vehicle_positions_00_000513.parquet,OK,51997,1322,False,False,,0,2026-05-15T00:05:13.022638+00:00,2026-05-15T00:05:13.022638+00:00,200
vehicle_positions_00_000544.parquet,OK,52081,1326,False,False,,0,2026-05-15T00:05:43.883767+00:00,2026-05-15T00:05:43.883767+00:00,201
vehicle_positions_00_000615.parquet,OK,52139,1327,False,False,,0,2026-05-15T00:06:14.940231+00:00,2026-05-15T00:06:14.940231+00:00,201
vehicle_positions_00_000646.parquet,OK,52189,1324,False,False,,0,2026-05-15T00:06:45.815990+00:00,2026-05-15T00:06:45.815990+00:00,201
vehicle_positions_00_000717.parquet,OK,52033,1321,False,False,,0,2026-05-15T00:07:16.688292+00:00,2026-05-15T00:07:16.688292+00:00,201
vehicle_positions_00_000748.parquet,OK,51950,1320,False,False,,0,2026-05-15T00:07:47.966897+00:00,2026-05-15T00:07:47.966897+00:00,201
vehicle_positions_00_000819.parquet,OK,52023,1321,False,False,,0,2026-05-15T00:08:19.079380+00:00,2026-05-15T00:08:19.079380+00:00,201
vehicle_positions_00_000850.parquet,OK,51890,1321,False,False,,0,2026-05-15T00:08:50.015425+00:00,2026-05-15T00:08:50.015425+00:00,200
vehicle_positions_00_000921.parquet,OK,52187,1322,False,False,,0,2026-05-15T00:09:20.994225+00:00,2026-05-15T00:09:20.994225+00:00,200
vehicle_positions_00_000952.parquet,OK,52014,1323,False,False,,0,2026-05-15T00:09:52.147321+00:00,2026-05-15T00:09:52.147321+00:00,200
vehicle_positions_00_001023.parquet,OK,52263,1324,False,False,,0,2026-05-15T00:10:23.130724+00:00,2026-05-15T00:10:23.130724+00:00,200
vehicle_positions_00_001054.parquet,OK,52211,1325,False,False,,0,2026-05-15T00:10:54.094457+00:00,2026-05-15T00:10:54.094457+00:00,200
vehicle_positions_00_001126.parquet,OK,52258,1326,False,False,,0,2026-05-15T00:11:25.233285+00:00,2026-05-15T00:11:25.233285+00:00,199
vehicle_positions_00_001156.parquet,OK,52046,1325,False,False,,0,2026-05-15T00:11:56.379796+00:00,2026-05-15T00:11:56.379796+00:00,199
vehicle_positions_00_001227.parquet,OK,52112,1324,False,False,,0,2026-05-15T00:12:27.386154+00:00,2026-05-15T00:12:27.386154+00:00,199
vehicle_positions_00_001258.parquet,OK,52218,1325,False,False,,0,2026-05-15T00:12:58.264320+00:00,2026-05-15T00:12:58.264320+00:00,200
vehicle_positions_00_001329.parquet,OK,52084,1325,False,False,,0,2026-05-15T00:13:29.096156+00:00,2026-05-15T00:13:29.096156+00:00,200
vehicle_positions_00_001400.parquet,OK,52153,1325,False,False,,0,2026-05-15T00:14:00.081653+00:00,2026-05-15T00:14:00.081653+00:00,200
vehicle_positions_00_001431.parquet,OK,52102,1326,False,False,,0,2026-05-15T00:14:31.354102+00:00,2026-05-15T00:14:31.354102+00:00,200
vehicle_positions_00_001502.parquet,OK,52107,1324,False,False,,0,2026-05-15T00:15:02.298086+00:00,2026-05-15T00:15:02.298086+00:00,201
vehicle_positions_00_001533.parquet,OK,52118,1325,False,False,,0,2026-05-15T00:15:33.296955+00:00,2026-05-15T00:15:33.296955+00:00,201
vehicle_positions_00_001604.parquet,OK,52247,1321,False,False,,0,2026-05-15T00:16:04.244968+00:00,2026-05-15T00:16:04.244968+00:00,201
vehicle_positions_00_001636.parquet,OK,52042,1321,False,False,,0,2026-05-15T00:16:35.447051+00:00,2026-05-15T00:16:35.447051+00:00,201
vehicle_positions_00_001706.parquet,OK,51989,1322,False,False,,0,2026-05-15T00:17:06.426958+00:00,2026-05-15T00:17:06.426958+00:00,201
vehicle_positions_00_001738.parquet,OK,51909,1320,False,False,,0,2026-05-15T00:17:37.430867+00:00,2026-05-15T00:17:37.430867+00:00,201
vehicle_positions_00_001808.parquet,OK,51721,1318,False,False,,0,2026-05-15T00:18:08.300115+00:00,2026-05-15T00:18:08.300115+00:00,201
vehicle_positions_00_001839.parquet,OK,51823,1317,False,False,,0,2026-05-15T00:18:39.194422+00:00,2026-05-15T00:18:39.194422+00:00,202
vehicle_positions_00_001910.parquet,OK,51722,1315,False,False,,0,2026-05-15T00:19:10.057293+00:00,2026-05-15T00:19:10.057293+00:00,202
vehicle_positions_00_001941.parquet,OK,51615,1318,False,False,,0,2026-05-15T00:19:41.226802+00:00,2026-05-15T00:19:41.226802+00:00,202
vehicle_positions_00_002012.parquet,OK,51780,1319,False,False,,0,2026-05-15T00:20:12.275721+00:00,2026-05-15T00:20:12.275721+00:00,202
vehicle_positions_00_002043.parquet,OK,51902,1319,False,False,,0,2026-05-15T00:20:43.278122+00:00,2026-05-15T00:20:43.278122+00:00,202
vehicle_positions_00_002115.parquet,OK,51818,1316,False,False,,0,2026-05-15T00:21:14.272323+00:00,2026-05-15T00:21:14.272323+00:00,202
vehicle_positions_00_002146.parquet,OK,51689,1314,False,False,,0,2026-05-15T00:21:45.515017+00:00,2026-05-15T00:21:45.515017+00:00,202
vehicle_positions_00_002217.parquet,OK,51792,1314,False,False,,0,2026-05-15T00:22:16.585504+00:00,2026-05-15T00:22:16.585504+00:00,202
vehicle_positions_00_002249.parquet,OK,51818,1317,False,False,,0,2026-05-15T00:22:48.198949+00:00,2026-05-15T00:22:48.198949+00:00,202
vehicle_positions_00_002320.parquet,OK,51651,1312,False,False,,0,2026-05-15T00:23:19.386638+00:00,2026-05-15T00:23:19.386638+00:00,202
vehicle_positions_00_002351.parquet,OK,51965,1317,False,False,,0,2026-05-15T00:23:50.461364+00:00,2026-05-15T00:23:50.461364+00:00,202
vehicle_positions_00_002421.parquet,OK,51738,1317,False,False,,0,2026-05-15T00:24:21.333489+00:00,2026-05-15T00:24:21.333489+00:00,202
vehicle_positions_00_002452.parquet,OK,51430,1310,False,False,,0,2026-05-15T00:24:52.300245+00:00,2026-05-15T00:24:52.300245+00:00,202
vehicle_positions_00_002523.parquet,OK,51562,1312,False,False,,0,2026-05-15T00:25:23.154144+00:00,2026-05-15T00:25:23.154144+00:00,202
vehicle_positions_00_002554.parquet,OK,51703,1311,False,False,,0,2026-05-15T00:25:54.274706+00:00,2026-05-15T00:25:54.274706+00:00,202
vehicle_positions_00_002625.parquet,OK,51679,1311,False,False,,0,2026-05-15T00:26:25.217018+00:00,2026-05-15T00:26:25.217018+00:00,202
vehicle_positions_00_002656.parquet,OK,51484,1305,False,False,,0,2026-05-15T00:26:56.124580+00:00,2026-05-15T00:26:56.124580+00:00,202
vehicle_positions_00_002727.parquet,OK,51449,1306,False,False,,0,2026-05-15T00:27:27.252407+00:00,2026-05-15T00:27:27.252407+00:00,202
vehicle_positions_00_002758.parquet,OK,51297,1305,False,False,,0,2026-05-15T00:27:58.119811+00:00,2026-05-15T00:27:58.119811+00:00,202
vehicle_positions_00_002829.parquet,OK,51472,1308,False,False,,0,2026-05-15T00:28:29.148447+00:00,2026-05-15T00:28:29.148447+00:00,202
vehicle_positions_00_002900.parquet,OK,51673,1309,False,False,,0,2026-05-15T00:29:00.157442+00:00,2026-05-15T00:29:00.157442+00:00,202
vehicle_positions_00_002931.parquet,OK,51392,1305,False,False,,0,2026-05-15T00:29:31.115313+00:00,2026-05-15T00:29:31.115313+00:00,202
vehicle_positions_00_003002.parquet,OK,51441,1306,False,False,,0,2026-05-15T00:30:01.992970+00:00,2026-05-15T00:30:01.992970+00:00,202
vehicle_positions_00_003033.parquet,OK,51363,1307,False,False,,0,2026-05-15T00:30:32.902926+00:00,2026-05-15T00:30:32.902926+00:00,202
vehicle_positions_00_003107.parquet,OK,51286,1303,False,False,,0,2026-05-15T00:31:06.476071+00:00,2026-05-15T00:31:06.476071+00:00,203
vehicle_positions_00_003137.parquet,OK,51105,1300,False,False,,0,2026-05-15T00:31:37.395524+00:00,2026-05-15T00:31:37.395524+00:00,203
vehicle_positions_00_003208.parquet,OK,51399,1304,False,False,,0,2026-05-15T00:32:08.254043+00:00,2026-05-15T00:32:08.254043+00:00,203
vehicle_positions_00_003239.parquet,OK,51401,1303,False,False,,0,2026-05-15T00:32:39.162208+00:00,2026-05-15T00:32:39.162208+00:00,203
vehicle_positions_00_003310.parquet,OK,51434,1303,False,False,,0,2026-05-15T00:33:10.149866+00:00,2026-05-15T00:33:10.149866+00:00,203
vehicle_positions_00_003341.parquet,OK,51374,1303,False,False,,0,2026-05-15T00:33:41.279170+00:00,2026-05-15T00:33:41.279170+00:00,204
vehicle_positions_00_003412.parquet,OK,51273,1303,False,False,,0,2026-05-15T00:34:12.167919+00:00,2026-05-15T00:34:12.167919+00:00,204
vehicle_positions_00_003443.parquet,OK,51357,1303,False,False,,0,2026-05-15T00:34:43.197635+00:00,2026-05-15T00:34:43.197635+00:00,204
vehicle_positions_00_003514.parquet,OK,51405,1302,False,False,,0,2026-05-15T00:35:14.051456+00:00,2026-05-15T00:35:14.051456+00:00,204
vehicle_positions_00_003545.parquet,OK,51554,1304,False,False,,0,2026-05-15T00:35:45.364208+00:00,2026-05-15T00:35:45.364208+00:00,204
vehicle_positions_00_003617.parquet,OK,51751,1309,False,False,,0,2026-05-15T00:36:16.226755+00:00,2026-05-15T00:36:16.226755+00:00,204
vehicle_positions_00_003648.parquet,OK,51808,1306,False,False,,0,2026-05-15T00:36:47.522800+00:00,2026-05-15T00:36:47.522800+00:00,203
vehicle_positions_00_003718.parquet,OK,51689,1307,False,False,,0,2026-05-15T00:37:18.409730+00:00,2026-05-15T00:37:18.409730+00:00,203
vehicle_positions_00_003749.parquet,OK,51468,1304,False,False,,0,2026-05-15T00:37:49.279425+00:00,2026-05-15T00:37:49.279425+00:00,203
vehicle_positions_00_003820.parquet,OK,51618,1304,False,False,,0,2026-05-15T00:38:20.080388+00:00,2026-05-15T00:38:20.080388+00:00,203
vehicle_positions_00_003851.parquet,OK,51661,1307,False,False,,0,2026-05-15T00:38:51.086453+00:00,2026-05-15T00:38:51.086453+00:00,203
vehicle_positions_00_003922.parquet,OK,51569,1303,False,False,,0,2026-05-15T00:39:22.079859+00:00,2026-05-15T00:39:22.079859+00:00,203
vehicle_positions_00_003953.parquet,OK,51675,1303,False,False,,0,2026-05-15T00:39:52.928315+00:00,2026-05-15T00:39:52.928315+00:00,203
vehicle_positions_00_004025.parquet,OK,51521,1300,False,False,,0,2026-05-15T00:40:24.144494+00:00,2026-05-15T00:40:24.144494+00:00,203
vehicle_positions_00_004055.parquet,OK,51361,1295,False,False,,0,2026-05-15T00:40:55.340610+00:00,2026-05-15T00:40:55.340610+00:00,202
vehicle_positions_00_004126.parquet,OK,51198,1292,False,False,,0,2026-05-15T00:41:26.243271+00:00,2026-05-15T00:41:26.243271+00:00,202
vehicle_positions_00_004157.parquet,OK,51122,1293,False,False,,0,2026-05-15T00:41:57.182582+00:00,2026-05-15T00:41:57.182582+00:00,202
vehicle_positions_00_004228.parquet,OK,51300,1291,False,False,,0,2026-05-15T00:42:28.283589+00:00,2026-05-15T00:42:28.283589+00:00,202
vehicle_positions_00_004259.parquet,OK,51282,1291,False,False,,0,2026-05-15T00:42:59.106377+00:00,2026-05-15T00:42:59.106377+00:00,202
vehicle_positions_00_004330.parquet,OK,50942,1288,False,False,,0,2026-05-15T00:43:29.926340+00:00,2026-05-15T00:43:29.926340+00:00,202
vehicle_positions_00_004401.parquet,OK,51262,1292,False,False,,0,2026-05-15T00:44:00.797608+00:00,2026-05-15T00:44:00.797608+00:00,203
vehicle_positions_00_004432.parquet,OK,51024,1291,False,False,,0,2026-05-15T00:44:31.710352+00:00,2026-05-15T00:44:31.710352+00:00,203
vehicle_positions_00_004503.parquet,OK,50987,1289,False,False,,0,2026-05-15T00:45:02.931191+00:00,2026-05-15T00:45:02.931191+00:00,203
vehicle_positions_00_004534.parquet,OK,50869,1288,False,False,,0,2026-05-15T00:45:33.787394+00:00,2026-05-15T00:45:33.787394+00:00,203
vehicle_positions_00_004605.parquet,OK,50711,1282,False,False,,0,2026-05-15T00:46:04.731336+00:00,2026-05-15T00:46:04.731336+00:00,203
vehicle_positions_00_004636.parquet,OK,50804,1281,False,False,,0,2026-05-15T00:46:35.760680+00:00,2026-05-15T00:46:35.760680+00:00,202
vehicle_positions_00_004707.parquet,OK,50911,1282,False,False,,0,2026-05-15T00:47:06.663202+00:00,2026-05-15T00:47:06.663202+00:00,202
vehicle_positions_00_004738.parquet,OK,50903,1281,False,False,,0,2026-05-15T00:47:37.506295+00:00,2026-05-15T00:47:37.506295+00:00,202
vehicle_positions_00_004808.parquet,OK,50917,1281,False,False,,0,2026-05-15T00:48:08.299737+00:00,2026-05-15T00:48:08.299737+00:00,202
vehicle_positions_00_004839.parquet,OK,50663,1275,False,False,,0,2026-05-15T00:48:39.138887+00:00,2026-05-15T00:48:39.138887+00:00,202
vehicle_positions_00_004910.parquet,OK,50715,1275,False,False,,0,2026-05-15T00:49:10.196954+00:00,2026-05-15T00:49:10.196954+00:00,202
vehicle_positions_00_004941.parquet,OK,50600,1273,False,False,,0,2026-05-15T00:49:41.126634+00:00,2026-05-15T00:49:41.126634+00:00,201
vehicle_positions_00_005012.parquet,OK,50405,1272,False,False,,0,2026-05-15T00:50:12.018786+00:00,2026-05-15T00:50:12.018786+00:00,201
vehicle_positions_00_005043.parquet,OK,50593,1275,False,False,,0,2026-05-15T00:50:42.881580+00:00,2026-05-15T00:50:42.881580+00:00,203
vehicle_positions_00_005114.parquet,OK,50633,1272,False,False,,0,2026-05-15T00:51:13.701722+00:00,2026-05-15T00:51:13.701722+00:00,203
vehicle_positions_00_005145.parquet,OK,50580,1274,False,False,,0,2026-05-15T00:51:45.193320+00:00,2026-05-15T00:51:45.193320+00:00,203
vehicle_positions_00_005217.parquet,OK,50392,1271,False,False,,0,2026-05-15T00:52:16.030319+00:00,2026-05-15T00:52:16.030319+00:00,203
vehicle_positions_00_005248.parquet,OK,50381,1266,False,False,,0,2026-05-15T00:52:47.597075+00:00,2026-05-15T00:52:47.597075+00:00,203
vehicle_positions_00_005319.parquet,OK,50299,1266,False,False,,0,2026-05-15T00:53:18.782361+00:00,2026-05-15T00:53:18.782361+00:00,202
vehicle_positions_00_005350.parquet,OK,50271,1265,False,False,,0,2026-05-15T00:53:49.672263+00:00,2026-05-15T00:53:49.672263+00:00,202
vehicle_positions_00_005421.parquet,OK,50203,1267,False,False,,0,2026-05-15T00:54:20.463021+00:00,2026-05-15T00:54:20.463021+00:00,202
vehicle_positions_00_005452.parquet,OK,50278,1269,False,False,,0,2026-05-15T00:54:51.432538+00:00,2026-05-15T00:54:51.432538+00:00,202
vehicle_positions_00_005523.parquet,OK,50219,1266,False,False,,0,2026-05-15T00:55:22.355403+00:00,2026-05-15T00:55:22.355403+00:00,203
vehicle_positions_00_005554.parquet,OK,50185,1265,False,False,,0,2026-05-15T00:55:53.650588+00:00,2026-05-15T00:55:53.650588+00:00,203
vehicle_positions_00_005625.parquet,OK,50222,1265,False,False,,0,2026-05-15T00:56:24.571846+00:00,2026-05-15T00:56:24.571846+00:00,203
vehicle_positions_00_005656.parquet,OK,50057,1260,False,False,,0,2026-05-15T00:56:55.448116+00:00,2026-05-15T00:56:55.448116+00:00,203
vehicle_positions_00_005727.parquet,OK,50044,1259,False,False,,0,2026-05-15T00:57:26.639552+00:00,2026-05-15T00:57:26.639552+00:00,203
vehicle_positions_00_005758.parquet,OK,49890,1258,False,False,,0,2026-05-15T00:57:57.690450+00:00,2026-05-15T00:57:57.690450+00:00,203
vehicle_positions_00_005829.parquet,OK,50044,1260,False,False,,0,2026-05-15T00:58:28.792674+00:00,2026-05-15T00:58:28.792674+00:00,203
vehicle_positions_00_005900.parquet,OK,50078,1260,False,False,,0,2026-05-15T00:58:59.580270+00:00,2026-05-15T00:58:59.580270+00:00,203
vehicle_positions_00_005931.parquet,OK,49900,1254,False,False,,0,2026-05-15T00:59:30.644208+00:00,2026-05-15T00:59:30.644208+00:00,202
vehicle_positions_01_010002.parquet,OK,49863,1252,False,False,,0,2026-05-15T01:00:01.625196+00:00,2026-05-15T01:00:01.625196+00:00,202
vehicle_positions_01_010033.parquet,OK,49819,1254,False,False,,0,2026-05-15T01:00:33.008195+00:00,2026-05-15T01:00:33.008195+00:00,202
vehicle_positions_01_010106.parquet,OK,49843,1252,False,False,,0,2026-05-15T01:01:05.167431+00:00,2026-05-15T01:01:05.167431+00:00,202
vehicle_positions_01_010136.parquet,OK,49859,1253,False,False,,0,2026-05-15T01:01:36.329520+00:00,2026-05-15T01:01:36.329520+00:00,203
vehicle_positions_01_010207.parquet,OK,49981,1254,False,False,,0,2026-05-15T01:02:07.307341+00:00,2026-05-15T01:02:07.307341+00:00,203
vehicle_positions_01_010238.parquet,OK,49938,1253,False,False,,0,2026-05-15T01:02:38.185795+00:00,2026-05-15T01:02:38.185795+00:00,203
vehicle_positions_01_010309.parquet,OK,49729,1251,False,False,,0,2026-05-15T01:03:09.211845+00:00,2026-05-15T01:03:09.211845+00:00,202
vehicle_positions_01_010340.parquet,OK,49829,1251,False,False,,0,2026-05-15T01:03:40.231988+00:00,2026-05-15T01:03:40.231988+00:00,201
vehicle_positions_01_010411.parquet,OK,49794,1249,False,False,,0,2026-05-15T01:04:11.311768+00:00,2026-05-15T01:04:11.311768+00:00,201
vehicle_positions_01_010442.parquet,OK,49916,1252,False,False,,0,2026-05-15T01:04:42.222525+00:00,2026-05-15T01:04:42.222525+00:00,201
vehicle_positions_01_010513.parquet,OK,49881,1249,False,False,,0,2026-05-15T01:05:13.233273+00:00,2026-05-15T01:05:13.233273+00:00,200
vehicle_positions_01_010544.parquet,OK,49745,1252,False,False,,0,2026-05-15T01:05:44.165592+00:00,2026-05-15T01:05:44.165592+00:00,200
vehicle_positions_01_010616.parquet,OK,49732,1251,False,False,,0,2026-05-15T01:06:15.566729+00:00,2026-05-15T01:06:15.566729+00:00,200
vehicle_positions_01_010647.parquet,OK,49704,1246,False,False,,0,2026-05-15T01:06:46.509361+00:00,2026-05-15T01:06:46.509361+00:00,199
vehicle_positions_01_010718.parquet,OK,49682,1245,False,False,,0,2026-05-15T01:07:17.878264+00:00,2026-05-15T01:07:17.878264+00:00,199
vehicle_positions_01_010749.parquet,OK,49366,1239,False,False,,0,2026-05-15T01:07:48.743496+00:00,2026-05-15T01:07:48.743496+00:00,198
vehicle_positions_01_010820.parquet,OK,49494,1239,False,False,,0,2026-05-15T01:08:19.649646+00:00,2026-05-15T01:08:19.649646+00:00,198
vehicle_positions_01_010851.parquet,OK,49460,1239,False,False,,0,2026-05-15T01:08:50.509955+00:00,2026-05-15T01:08:50.509955+00:00,198
vehicle_positions_01_010921.parquet,OK,49332,1237,False,False,,0,2026-05-15T01:09:21.366102+00:00,2026-05-15T01:09:21.366102+00:00,198
vehicle_positions_01_010952.parquet,OK,49350,1236,False,False,,0,2026-05-15T01:09:52.192567+00:00,2026-05-15T01:09:52.192567+00:00,199
vehicle_positions_01_011024.parquet,OK,49466,1237,False,False,,0,2026-05-15T01:10:23.393927+00:00,2026-05-15T01:10:23.393927+00:00,199
vehicle_positions_01_011055.parquet,OK,49141,1232,False,False,,0,2026-05-15T01:10:54.478232+00:00,2026-05-15T01:10:54.478232+00:00,199
vehicle_positions_01_011125.parquet,OK,49129,1228,False,False,,0,2026-05-15T01:11:25.399616+00:00,2026-05-15T01:11:25.399616+00:00,198
vehicle_positions_01_011156.parquet,OK,49099,1227,False,False,,0,2026-05-15T01:11:56.283979+00:00,2026-05-15T01:11:56.283979+00:00,198
vehicle_positions_01_011227.parquet,OK,49021,1222,False,False,,0,2026-05-15T01:12:27.226073+00:00,2026-05-15T01:12:27.226073+00:00,198
vehicle_positions_01_011258.parquet,OK,48865,1219,False,False,,0,2026-05-15T01:12:58.170295+00:00,2026-05-15T01:12:58.170295+00:00,198
vehicle_positions_01_011329.parquet,OK,48966,1219,False,False,,0,2026-05-15T01:13:29.052873+00:00,2026-05-15T01:13:29.052873+00:00,199
vehicle_positions_01_011400.parquet,OK,48663,1213,False,False,,0,2026-05-15T01:13:59.892766+00:00,2026-05-15T01:13:59.892766+00:00,199
vehicle_positions_01_011431.parquet,OK,48663,1209,False,False,,0,2026-05-15T01:14:31.136858+00:00,2026-05-15T01:14:31.136858+00:00,199
vehicle_positions_01_011502.parquet,OK,48581,1213,False,False,,0,2026-05-15T01:15:02.187851+00:00,2026-05-15T01:15:02.187851+00:00,199
vehicle_positions_01_011533.parquet,OK,48489,1210,False,False,,0,2026-05-15T01:15:33.055675+00:00,2026-05-15T01:15:33.055675+00:00,199
vehicle_positions_01_011604.parquet,OK,48435,1207,False,False,,0,2026-05-15T01:16:04.152479+00:00,2026-05-15T01:16:04.152479+00:00,199
vehicle_positions_01_011635.parquet,OK,48388,1205,False,False,,0,2026-05-15T01:16:35.401677+00:00,2026-05-15T01:16:35.401677+00:00,199
vehicle_positions_01_011706.parquet,OK,48401,1201,False,False,,0,2026-05-15T01:17:06.294275+00:00,2026-05-15T01:17:06.294275+00:00,199
vehicle_positions_01_011738.parquet,OK,48300,1199,False,False,,0,2026-05-15T01:17:37.476163+00:00,2026-05-15T01:17:37.476163+00:00,199
vehicle_positions_01_011809.parquet,OK,48236,1196,False,False,,0,2026-05-15T01:18:08.407870+00:00,2026-05-15T01:18:08.407870+00:00,199
vehicle_positions_01_011840.parquet,OK,48104,1191,False,False,,0,2026-05-15T01:18:39.747125+00:00,2026-05-15T01:18:39.747125+00:00,200
vehicle_positions_01_011911.parquet,OK,48160,1193,False,False,,0,2026-05-15T01:19:10.610918+00:00,2026-05-15T01:19:10.610918+00:00,200
vehicle_positions_01_011942.parquet,OK,48117,1194,False,False,,0,2026-05-15T01:19:41.485778+00:00,2026-05-15T01:19:41.485778+00:00,200
vehicle_positions_01_012013.parquet,OK,47896,1191,False,False,,0,2026-05-15T01:20:12.770104+00:00,2026-05-15T01:20:12.770104+00:00,200
vehicle_positions_01_012044.parquet,OK,48026,1193,False,False,,0,2026-05-15T01:20:43.864087+00:00,2026-05-15T01:20:43.864087+00:00,200
vehicle_positions_01_012115.parquet,OK,47925,1189,False,False,,0,2026-05-15T01:21:14.787974+00:00,2026-05-15T01:21:14.787974+00:00,199
vehicle_positions_01_012146.parquet,OK,48045,1192,False,False,,0,2026-05-15T01:21:45.938074+00:00,2026-05-15T01:21:45.938074+00:00,200
vehicle_positions_01_012217.parquet,OK,47883,1189,False,False,,0,2026-05-15T01:22:17.096644+00:00,2026-05-15T01:22:17.096644+00:00,200
vehicle_positions_01_012249.parquet,OK,47916,1187,False,False,,0,2026-05-15T01:22:48.650209+00:00,2026-05-15T01:22:48.650209+00:00,200
vehicle_positions_01_012320.parquet,OK,47750,1184,False,False,,0,2026-05-15T01:23:19.718927+00:00,2026-05-15T01:23:19.718927+00:00,200
vehicle_positions_01_012352.parquet,OK,47622,1183,False,False,,0,2026-05-15T01:23:51.692952+00:00,2026-05-15T01:23:51.692952+00:00,200
vehicle_positions_01_012423.parquet,OK,47538,1179,False,False,,0,2026-05-15T01:24:22.713316+00:00,2026-05-15T01:24:22.713316+00:00,200
vehicle_positions_01_012454.parquet,OK,47665,1179,False,False,,0,2026-05-15T01:24:53.899227+00:00,2026-05-15T01:24:53.899227+00:00,200
vehicle_positions_01_012525.parquet,OK,47327,1174,False,False,,0,2026-05-15T01:25:24.837681+00:00,2026-05-15T01:25:24.837681+00:00,200
vehicle_positions_01_012556.parquet,OK,47487,1174,False,False,,0,2026-05-15T01:25:55.846869+00:00,2026-05-15T01:25:55.846869+00:00,200
vehicle_positions_01_012627.parquet,OK,47483,1175,False,False,,0,2026-05-15T01:26:26.690473+00:00,2026-05-15T01:26:26.690473+00:00,200
vehicle_positions_01_012658.parquet,OK,47400,1173,False,False,,0,2026-05-15T01:26:58.042462+00:00,2026-05-15T01:26:58.042462+00:00,201
vehicle_positions_01_012729.parquet,OK,47462,1173,False,False,,0,2026-05-15T01:27:29.065980+00:00,2026-05-15T01:27:29.065980+00:00,201
vehicle_positions_01_012800.parquet,OK,47263,1170,False,False,,0,2026-05-15T01:27:59.931021+00:00,2026-05-15T01:27:59.931021+00:00,201
vehicle_positions_01_012831.parquet,OK,47371,1171,False,False,,0,2026-05-15T01:28:30.840355+00:00,2026-05-15T01:28:30.840355+00:00,201
vehicle_positions_01_012902.parquet,OK,47331,1168,False,False,,0,2026-05-15T01:29:02.016713+00:00,2026-05-15T01:29:02.016713+00:00,201
vehicle_positions_01_012933.parquet,OK,47111,1163,False,False,,0,2026-05-15T01:29:33.313358+00:00,2026-05-15T01:29:33.313358+00:00,201
vehicle_positions_01_013004.parquet,OK,47144,1161,False,False,,0,2026-05-15T01:30:04.187942+00:00,2026-05-15T01:30:04.187942+00:00,201
vehicle_positions_01_013035.parquet,OK,46914,1158,False,False,,0,2026-05-15T01:30:35.088364+00:00,2026-05-15T01:30:35.088364+00:00,201
vehicle_positions_01_013106.parquet,OK,46877,1155,False,False,,0,2026-05-15T01:31:06.048789+00:00,2026-05-15T01:31:06.048789+00:00,201
vehicle_positions_01_013137.parquet,OK,46675,1152,False,False,,0,2026-05-15T01:31:37.002721+00:00,2026-05-15T01:31:37.002721+00:00,201
vehicle_positions_01_013220.parquet,OK,46743,1146,False,False,,0,2026-05-15T01:32:19.697092+00:00,2026-05-15T01:32:19.697092+00:00,201
vehicle_positions_01_013251.parquet,OK,46728,1145,False,False,,0,2026-05-15T01:32:50.655618+00:00,2026-05-15T01:32:50.655618+00:00,201
vehicle_positions_01_013322.parquet,OK,46476,1140,False,False,,0,2026-05-15T01:33:21.558915+00:00,2026-05-15T01:33:21.558915+00:00,201
vehicle_positions_01_013353.parquet,OK,46497,1137,False,False,,0,2026-05-15T01:33:52.523404+00:00,2026-05-15T01:33:52.523404+00:00,200
vehicle_positions_01_013423.parquet,OK,46415,1135,False,False,,0,2026-05-15T01:34:23.429713+00:00,2026-05-15T01:34:23.429713+00:00,201
vehicle_positions_01_013454.parquet,OK,46309,1132,False,False,,0,2026-05-15T01:34:54.329741+00:00,2026-05-15T01:34:54.329741+00:00,201
vehicle_positions_01_013525.parquet,OK,46023,1125,False,False,,0,2026-05-15T01:35:25.128497+00:00,2026-05-15T01:35:25.128497+00:00,201
vehicle_positions_01_013556.parquet,OK,46009,1125,False,False,,0,2026-05-15T01:35:56.005123+00:00,2026-05-15T01:35:56.005123+00:00,201
vehicle_positions_01_013627.parquet,OK,45960,1122,False,False,,0,2026-05-15T01:36:26.844774+00:00,2026-05-15T01:36:26.844774+00:00,201
vehicle_positions_01_013658.parquet,OK,45713,1117,False,False,,0,2026-05-15T01:36:57.662225+00:00,2026-05-15T01:36:57.662225+00:00,200
vehicle_positions_01_013729.parquet,OK,45710,1116,False,False,,0,2026-05-15T01:37:28.526866+00:00,2026-05-15T01:37:28.526866+00:00,200
vehicle_positions_01_013800.parquet,OK,45466,1112,False,False,,0,2026-05-15T01:37:59.679545+00:00,2026-05-15T01:37:59.679545+00:00,200
vehicle_positions_01_013831.parquet,OK,45147,1105,False,False,,0,2026-05-15T01:38:30.566921+00:00,2026-05-15T01:38:30.566921+00:00,200
vehicle_positions_01_013902.parquet,OK,45093,1105,False,False,,0,2026-05-15T01:39:01.415869+00:00,2026-05-15T01:39:01.415869+00:00,198
vehicle_positions_01_013933.parquet,OK,45376,1106,False,False,,0,2026-05-15T01:39:32.614707+00:00,2026-05-15T01:39:32.614707+00:00,198
vehicle_positions_01_014004.parquet,OK,45229,1105,False,False,,0,2026-05-15T01:40:03.627471+00:00,2026-05-15T01:40:03.627471+00:00,199
vehicle_positions_01_014035.parquet,OK,45037,1102,False,False,,0,2026-05-15T01:40:34.693456+00:00,2026-05-15T01:40:34.693456+00:00,199
vehicle_positions_01_014106.parquet,OK,45188,1105,False,False,,0,2026-05-15T01:41:05.679986+00:00,2026-05-15T01:41:05.679986+00:00,198
vehicle_positions_01_014137.parquet,OK,44971,1099,False,False,,0,2026-05-15T01:41:36.696272+00:00,2026-05-15T01:41:36.696272+00:00,198
vehicle_positions_01_014208.parquet,OK,45122,1100,False,False,,0,2026-05-15T01:42:07.681708+00:00,2026-05-15T01:42:07.681708+00:00,198
vehicle_positions_01_014239.parquet,OK,44799,1094,False,False,,0,2026-05-15T01:42:38.672589+00:00,2026-05-15T01:42:38.672589+00:00,198
vehicle_positions_01_014310.parquet,OK,44876,1096,False,False,,0,2026-05-15T01:43:09.704184+00:00,2026-05-15T01:43:09.704184+00:00,198
vehicle_positions_01_014341.parquet,OK,44744,1089,False,False,,0,2026-05-15T01:43:40.701658+00:00,2026-05-15T01:43:40.701658+00:00,198
vehicle_positions_01_014412.parquet,OK,44834,1091,False,False,,0,2026-05-15T01:44:11.554672+00:00,2026-05-15T01:44:11.554672+00:00,198
vehicle_positions_01_014443.parquet,OK,44434,1084,False,False,,0,2026-05-15T01:44:42.613910+00:00,2026-05-15T01:44:42.613910+00:00,198
vehicle_positions_01_014514.parquet,OK,44322,1080,False,False,,0,2026-05-15T01:45:13.500528+00:00,2026-05-15T01:45:13.500528+00:00,198
vehicle_positions_01_014544.parquet,OK,44412,1081,False,False,,0,2026-05-15T01:45:44.404425+00:00,2026-05-15T01:45:44.404425+00:00,198
vehicle_positions_01_014615.parquet,OK,44405,1082,False,False,,0,2026-05-15T01:46:15.349241+00:00,2026-05-15T01:46:15.349241+00:00,198
vehicle_positions_01_014647.parquet,OK,44232,1079,False,False,,0,2026-05-15T01:46:46.135696+00:00,2026-05-15T01:46:46.135696+00:00,198
vehicle_positions_01_014718.parquet,OK,43976,1066,False,False,,0,2026-05-15T01:47:17.412656+00:00,2026-05-15T01:47:17.412656+00:00,197
vehicle_positions_01_014749.parquet,OK,43993,1067,False,False,,0,2026-05-15T01:47:48.800455+00:00,2026-05-15T01:47:48.800455+00:00,196
vehicle_positions_01_014820.parquet,OK,43717,1062,False,False,,0,2026-05-15T01:48:20.078515+00:00,2026-05-15T01:48:20.078515+00:00,197
vehicle_positions_01_014851.parquet,OK,43531,1057,False,False,,0,2026-05-15T01:48:50.865050+00:00,2026-05-15T01:48:50.865050+00:00,197
vehicle_positions_01_014922.parquet,OK,43541,1055,False,False,,0,2026-05-15T01:49:21.717944+00:00,2026-05-15T01:49:21.717944+00:00,197
vehicle_positions_01_014953.parquet,OK,43503,1054,False,False,,0,2026-05-15T01:49:52.806214+00:00,2026-05-15T01:49:52.806214+00:00,197
vehicle_positions_01_015024.parquet,OK,43311,1049,False,False,,0,2026-05-15T01:50:23.782925+00:00,2026-05-15T01:50:23.782925+00:00,197
vehicle_positions_01_015055.parquet,OK,43158,1047,False,False,,0,2026-05-15T01:50:54.565898+00:00,2026-05-15T01:50:54.565898+00:00,198
vehicle_positions_01_015125.parquet,OK,43098,1043,False,False,,0,2026-05-15T01:51:25.426066+00:00,2026-05-15T01:51:25.426066+00:00,198
vehicle_positions_01_015156.parquet,OK,43051,1041,False,False,,0,2026-05-15T01:51:56.256006+00:00,2026-05-15T01:51:56.256006+00:00,198
vehicle_positions_01_015227.parquet,OK,42941,1039,False,False,,0,2026-05-15T01:52:27.088689+00:00,2026-05-15T01:52:27.088689+00:00,198
vehicle_positions_01_015258.parquet,OK,42882,1037,False,False,,0,2026-05-15T01:52:58.217562+00:00,2026-05-15T01:52:58.217562+00:00,198
vehicle_positions_01_015329.parquet,OK,42530,1031,False,False,,0,2026-05-15T01:53:29.105926+00:00,2026-05-15T01:53:29.105926+00:00,198
vehicle_positions_01_015400.parquet,OK,42602,1030,False,False,,0,2026-05-15T01:53:59.894372+00:00,2026-05-15T01:53:59.894372+00:00,198
vehicle_positions_01_015431.parquet,OK,42595,1028,False,False,,0,2026-05-15T01:54:30.712806+00:00,2026-05-15T01:54:30.712806+00:00,198
vehicle_positions_01_015502.parquet,OK,42612,1029,False,False,,0,2026-05-15T01:55:01.617045+00:00,2026-05-15T01:55:01.617045+00:00,197
vehicle_positions_01_015533.parquet,OK,42513,1030,False,False,,0,2026-05-15T01:55:32.677021+00:00,2026-05-15T01:55:32.677021+00:00,196
vehicle_positions_01_015604.parquet,OK,42377,1027,False,False,,0,2026-05-15T01:56:03.649555+00:00,2026-05-15T01:56:03.649555+00:00,196
vehicle_positions_01_015635.parquet,OK,42354,1026,False,False,,0,2026-05-15T01:56:34.503941+00:00,2026-05-15T01:56:34.503941+00:00,196
vehicle_positions_01_015706.parquet,OK,42045,1025,False,False,,0,2026-05-15T01:57:05.434526+00:00,2026-05-15T01:57:05.434526+00:00,196
vehicle_positions_01_015736.parquet,OK,41772,1022,False,False,,0,2026-05-15T01:57:36.356288+00:00,2026-05-15T01:57:36.356288+00:00,197
vehicle_positions_01_015807.parquet,OK,41757,1024,False,False,,0,2026-05-15T01:58:07.173465+00:00,2026-05-15T01:58:07.173465+00:00,197
vehicle_positions_01_015838.parquet,OK,41643,1016,False,False,,0,2026-05-15T01:58:37.961015+00:00,2026-05-15T01:58:37.961015+00:00,196
vehicle_positions_01_015909.parquet,OK,41586,1013,False,False,,0,2026-05-15T01:59:09.054699+00:00,2026-05-15T01:59:09.054699+00:00,196
vehicle_positions_01_015940.parquet,OK,41347,1007,False,False,,0,2026-05-15T01:59:39.819231+00:00,2026-05-15T01:59:39.819231+00:00,195
vehicle_positions_02_020011.parquet,OK,41531,1007,False,False,,0,2026-05-15T02:00:10.693037+00:00,2026-05-15T02:00:10.693037+00:00,197
vehicle_positions_02_020042.parquet,OK,41451,1008,False,False,,0,2026-05-15T02:00:41.605779+00:00,2026-05-15T02:00:41.605779+00:00,196
vehicle_positions_02_020113.parquet,OK,41542,1010,False,False,,0,2026-05-15T02:01:12.560262+00:00,2026-05-15T02:01:12.560262+00:00,195
vehicle_positions_02_020143.parquet,OK,41502,1008,False,False,,0,2026-05-15T02:01:43.408729+00:00,2026-05-15T02:01:43.408729+00:00,195
vehicle_positions_02_020214.parquet,OK,41527,1008,False,False,,0,2026-05-15T02:02:14.382392+00:00,2026-05-15T02:02:14.382392+00:00,195
vehicle_positions_02_020246.parquet,OK,41206,1001,False,False,,0,2026-05-15T02:02:45.256713+00:00,2026-05-15T02:02:45.256713+00:00,194
vehicle_positions_02_020317.parquet,OK,41351,1002,False,False,,0,2026-05-15T02:03:16.289360+00:00,2026-05-15T02:03:16.289360+00:00,196
vehicle_positions_02_020348.parquet,OK,41422,1001,False,False,,0,2026-05-15T02:03:47.730923+00:00,2026-05-15T02:03:47.730923+00:00,196
vehicle_positions_02_020419.parquet,OK,41243,1000,False,False,,0,2026-05-15T02:04:18.539002+00:00,2026-05-15T02:04:18.539002+00:00,196
vehicle_positions_02_020450.parquet,OK,41232,998,False,False,,0,2026-05-15T02:04:49.497021+00:00,2026-05-15T02:04:49.497021+00:00,195
vehicle_positions_02_020521.parquet,OK,41072,994,False,False,,0,2026-05-15T02:05:20.330322+00:00,2026-05-15T02:05:20.330322+00:00,195
vehicle_positions_02_020552.parquet,OK,40799,989,False,False,,0,2026-05-15T02:05:51.498940+00:00,2026-05-15T02:05:51.498940+00:00,194
vehicle_positions_02_020623.parquet,OK,40743,985,False,False,,0,2026-05-15T02:06:22.476484+00:00,2026-05-15T02:06:22.476484+00:00,194
vehicle_positions_02_020653.parquet,OK,40786,984,False,False,,0,2026-05-15T02:06:53.351160+00:00,2026-05-15T02:06:53.351160+00:00,194
vehicle_positions_02_020724.parquet,OK,40661,981,False,False,,0,2026-05-15T02:07:24.093172+00:00,2026-05-15T02:07:24.093172+00:00,194
vehicle_positions_02_020755.parquet,OK,40684,978,False,False,,0,2026-05-15T02:07:54.902289+00:00,2026-05-15T02:07:54.902289+00:00,194
vehicle_positions_02_020826.parquet,OK,40516,975,False,False,,0,2026-05-15T02:08:25.756941+00:00,2026-05-15T02:08:25.756941+00:00,194
vehicle_positions_02_020857.parquet,OK,40435,971,False,False,,0,2026-05-15T02:08:56.632237+00:00,2026-05-15T02:08:56.632237+00:00,194
vehicle_positions_02_020927.parquet,OK,40281,968,False,False,,0,2026-05-15T02:09:27.530939+00:00,2026-05-15T02:09:27.530939+00:00,194
vehicle_positions_02_020958.parquet,OK,40371,967,False,False,,0,2026-05-15T02:09:58.348442+00:00,2026-05-15T02:09:58.348442+00:00,194
vehicle_positions_02_021029.parquet,OK,40083,960,False,False,,0,2026-05-15T02:10:29.166659+00:00,2026-05-15T02:10:29.166659+00:00,193
vehicle_positions_02_021100.parquet,OK,40126,961,False,False,,0,2026-05-15T02:11:00.338811+00:00,2026-05-15T02:11:00.338811+00:00,193
vehicle_positions_02_021131.parquet,OK,39688,952,False,False,,0,2026-05-15T02:11:31.120043+00:00,2026-05-15T02:11:31.120043+00:00,192
vehicle_positions_02_021202.parquet,OK,39475,946,False,False,,0,2026-05-15T02:12:02.185241+00:00,2026-05-15T02:12:02.185241+00:00,191
vehicle_positions_02_021233.parquet,OK,39578,943,False,False,,0,2026-05-15T02:12:33.030609+00:00,2026-05-15T02:12:33.030609+00:00,192
vehicle_positions_02_021304.parquet,OK,39469,943,False,False,,0,2026-05-15T02:13:03.966821+00:00,2026-05-15T02:13:03.966821+00:00,192
vehicle_positions_02_021335.parquet,OK,39360,939,False,False,,0,2026-05-15T02:13:34.748524+00:00,2026-05-15T02:13:34.748524+00:00,192
vehicle_positions_02_021406.parquet,OK,39124,932,False,False,,0,2026-05-15T02:14:05.668186+00:00,2026-05-15T02:14:05.668186+00:00,191
vehicle_positions_02_021436.parquet,OK,39106,929,False,False,,0,2026-05-15T02:14:36.460192+00:00,2026-05-15T02:14:36.460192+00:00,191
vehicle_positions_02_021507.parquet,OK,39056,925,False,False,,0,2026-05-15T02:15:07.431122+00:00,2026-05-15T02:15:07.431122+00:00,191
vehicle_positions_02_021538.parquet,OK,38816,919,False,False,,0,2026-05-15T02:15:38.224411+00:00,2026-05-15T02:15:38.224411+00:00,191
vehicle_positions_02_021609.parquet,OK,38551,914,False,False,,0,2026-05-15T02:16:09.151183+00:00,2026-05-15T02:16:09.151183+00:00,191
vehicle_positions_02_021640.parquet,OK,38559,914,False,False,,0,2026-05-15T02:16:40.210307+00:00,2026-05-15T02:16:40.210307+00:00,193
vehicle_positions_02_021711.parquet,OK,38447,909,False,False,,0,2026-05-15T02:17:11.106795+00:00,2026-05-15T02:17:11.106795+00:00,193
vehicle_positions_02_021743.parquet,OK,38456,907,False,False,,0,2026-05-15T02:17:42.361809+00:00,2026-05-15T02:17:42.361809+00:00,193
vehicle_positions_02_021813.parquet,OK,38019,901,False,False,,0,2026-05-15T02:18:13.458946+00:00,2026-05-15T02:18:13.458946+00:00,193
vehicle_positions_02_021846.parquet,OK,37945,896,False,False,,0,2026-05-15T02:18:45.530303+00:00,2026-05-15T02:18:45.530303+00:00,192
vehicle_positions_02_021917.parquet,OK,37626,888,False,False,,0,2026-05-15T02:19:16.478462+00:00,2026-05-15T02:19:16.478462+00:00,191
vehicle_positions_02_021947.parquet,OK,37724,890,False,False,,0,2026-05-15T02:19:47.289598+00:00,2026-05-15T02:19:47.289598+00:00,191
vehicle_positions_02_022018.parquet,OK,37692,885,False,False,,0,2026-05-15T02:20:18.114348+00:00,2026-05-15T02:20:18.114348+00:00,191
vehicle_positions_02_022049.parquet,OK,37475,886,False,False,,0,2026-05-15T02:20:48.890730+00:00,2026-05-15T02:20:48.890730+00:00,190
vehicle_positions_02_022120.parquet,OK,37417,882,False,False,,0,2026-05-15T02:21:20.121059+00:00,2026-05-15T02:21:20.121059+00:00,190
vehicle_positions_02_022151.parquet,OK,37293,881,False,False,,0,2026-05-15T02:21:50.987794+00:00,2026-05-15T02:21:50.987794+00:00,190
vehicle_positions_02_022222.parquet,OK,37219,879,False,False,,0,2026-05-15T02:22:21.919453+00:00,2026-05-15T02:22:21.919453+00:00,190
vehicle_positions_02_022253.parquet,OK,37267,876,False,False,,0,2026-05-15T02:22:52.789675+00:00,2026-05-15T02:22:52.789675+00:00,189
vehicle_positions_02_022324.parquet,OK,37180,874,False,False,,0,2026-05-15T02:23:23.739399+00:00,2026-05-15T02:23:23.739399+00:00,189
vehicle_positions_02_022355.parquet,OK,37188,873,False,False,,0,2026-05-15T02:23:54.612522+00:00,2026-05-15T02:23:54.612522+00:00,191
vehicle_positions_02_022425.parquet,OK,37063,871,False,False,,0,2026-05-15T02:24:25.492461+00:00,2026-05-15T02:24:25.492461+00:00,191
vehicle_positions_02_022456.parquet,OK,37056,870,False,False,,0,2026-05-15T02:24:56.253979+00:00,2026-05-15T02:24:56.253979+00:00,191
vehicle_positions_02_022527.parquet,OK,37039,870,False,False,,0,2026-05-15T02:25:27.297834+00:00,2026-05-15T02:25:27.297834+00:00,191
vehicle_positions_02_022558.parquet,OK,36834,863,False,False,,0,2026-05-15T02:25:58.150088+00:00,2026-05-15T02:25:58.150088+00:00,191
vehicle_positions_02_022629.parquet,OK,36844,862,False,False,,0,2026-05-15T02:26:29.052144+00:00,2026-05-15T02:26:29.052144+00:00,191
vehicle_positions_02_022700.parquet,OK,36855,860,False,False,,0,2026-05-15T02:26:59.882262+00:00,2026-05-15T02:26:59.882262+00:00,190
vehicle_positions_02_022731.parquet,OK,36830,858,False,False,,0,2026-05-15T02:27:30.803262+00:00,2026-05-15T02:27:30.803262+00:00,190
vehicle_positions_02_022802.parquet,OK,36531,855,False,False,,0,2026-05-15T02:28:01.577820+00:00,2026-05-15T02:28:01.577820+00:00,189
vehicle_positions_02_022832.parquet,OK,36913,861,False,False,,0,2026-05-15T02:28:32.414602+00:00,2026-05-15T02:28:32.414602+00:00,190
vehicle_positions_02_022903.parquet,OK,36729,855,False,False,,0,2026-05-15T02:29:03.313154+00:00,2026-05-15T02:29:03.313154+00:00,190
vehicle_positions_02_022934.parquet,OK,36527,852,False,False,,0,2026-05-15T02:29:34.272355+00:00,2026-05-15T02:29:34.272355+00:00,190
vehicle_positions_02_023005.parquet,OK,36306,844,False,False,,0,2026-05-15T02:30:05.208464+00:00,2026-05-15T02:30:05.208464+00:00,190
vehicle_positions_02_023036.parquet,OK,36226,844,False,False,,0,2026-05-15T02:30:36.093280+00:00,2026-05-15T02:30:36.093280+00:00,189
vehicle_positions_02_023107.parquet,OK,36188,840,False,False,,0,2026-05-15T02:31:06.971626+00:00,2026-05-15T02:31:06.971626+00:00,189
vehicle_positions_02_023138.parquet,OK,36051,838,False,False,,0,2026-05-15T02:31:37.954773+00:00,2026-05-15T02:31:37.954773+00:00,188
vehicle_positions_02_023209.parquet,OK,36142,836,False,False,,0,2026-05-15T02:32:09.058440+00:00,2026-05-15T02:32:09.058440+00:00,188
vehicle_positions_02_023240.parquet,OK,36030,834,False,False,,0,2026-05-15T02:32:39.886515+00:00,2026-05-15T02:32:39.886515+00:00,189
vehicle_positions_02_023312.parquet,OK,35884,830,False,False,,0,2026-05-15T02:33:10.728437+00:00,2026-05-15T02:33:10.728437+00:00,188
vehicle_positions_02_023343.parquet,OK,35870,830,False,False,,0,2026-05-15T02:33:42.850109+00:00,2026-05-15T02:33:42.850109+00:00,188
vehicle_positions_02_023414.parquet,OK,35778,829,False,False,,0,2026-05-15T02:34:13.836826+00:00,2026-05-15T02:34:13.836826+00:00,188
vehicle_positions_02_023445.parquet,OK,35605,824,False,False,,0,2026-05-15T02:34:44.868258+00:00,2026-05-15T02:34:44.868258+00:00,188
vehicle_positions_02_023516.parquet,OK,35613,822,False,False,,0,2026-05-15T02:35:15.731083+00:00,2026-05-15T02:35:15.731083+00:00,188
vehicle_positions_02_023547.parquet,OK,35459,818,False,False,,0,2026-05-15T02:35:46.892587+00:00,2026-05-15T02:35:46.892587+00:00,189
vehicle_positions_02_023618.parquet,OK,35298,813,False,False,,0,2026-05-15T02:36:17.667461+00:00,2026-05-15T02:36:17.667461+00:00,189
vehicle_positions_02_023648.parquet,OK,35321,812,False,False,,0,2026-05-15T02:36:48.425972+00:00,2026-05-15T02:36:48.425972+00:00,189
vehicle_positions_02_023719.parquet,OK,35303,812,False,False,,0,2026-05-15T02:37:19.230235+00:00,2026-05-15T02:37:19.230235+00:00,188
vehicle_positions_02_023750.parquet,OK,35251,810,False,False,,0,2026-05-15T02:37:50.101849+00:00,2026-05-15T02:37:50.101849+00:00,188
vehicle_positions_02_023821.parquet,OK,35077,806,False,False,,0,2026-05-15T02:38:20.882973+00:00,2026-05-15T02:38:20.882973+00:00,187
vehicle_positions_02_023852.parquet,OK,35008,805,False,False,,0,2026-05-15T02:38:51.690732+00:00,2026-05-15T02:38:51.690732+00:00,185
vehicle_positions_02_023923.parquet,OK,34863,802,False,False,,0,2026-05-15T02:39:22.477274+00:00,2026-05-15T02:39:22.477274+00:00,185
vehicle_positions_02_023953.parquet,OK,34922,803,False,False,,0,2026-05-15T02:39:53.483770+00:00,2026-05-15T02:39:53.483770+00:00,185
vehicle_positions_02_024024.parquet,OK,34817,797,False,False,,0,2026-05-15T02:40:24.355932+00:00,2026-05-15T02:40:24.355932+00:00,185
vehicle_positions_02_024055.parquet,OK,34702,794,False,False,,0,2026-05-15T02:40:55.285214+00:00,2026-05-15T02:40:55.285214+00:00,183
vehicle_positions_02_024126.parquet,OK,34456,789,False,False,,0,2026-05-15T02:41:26.219232+00:00,2026-05-15T02:41:26.219232+00:00,183
vehicle_positions_02_024157.parquet,OK,34528,788,False,False,,0,2026-05-15T02:41:57.107642+00:00,2026-05-15T02:41:57.107642+00:00,183
vehicle_positions_02_024228.parquet,OK,34440,788,False,False,,0,2026-05-15T02:42:27.950956+00:00,2026-05-15T02:42:27.950956+00:00,183
vehicle_positions_02_024259.parquet,OK,34408,786,False,False,,0,2026-05-15T02:42:58.702972+00:00,2026-05-15T02:42:58.702972+00:00,184
vehicle_positions_02_024330.parquet,OK,34283,784,False,False,,0,2026-05-15T02:43:29.459547+00:00,2026-05-15T02:43:29.459547+00:00,184
vehicle_positions_02_024400.parquet,OK,34294,784,False,False,,0,2026-05-15T02:44:00.332649+00:00,2026-05-15T02:44:00.332649+00:00,185
vehicle_positions_02_024431.parquet,OK,34116,781,False,False,,0,2026-05-15T02:44:31.248146+00:00,2026-05-15T02:44:31.248146+00:00,185
vehicle_positions_02_024502.parquet,OK,34245,782,False,False,,0,2026-05-15T02:45:02.072373+00:00,2026-05-15T02:45:02.072373+00:00,185
vehicle_positions_02_024533.parquet,OK,34197,779,False,False,,0,2026-05-15T02:45:33.113100+00:00,2026-05-15T02:45:33.113100+00:00,185
vehicle_positions_02_024604.parquet,OK,34022,773,False,False,,0,2026-05-15T02:46:03.949855+00:00,2026-05-15T02:46:03.949855+00:00,185
vehicle_positions_02_024635.parquet,OK,34036,771,False,False,,0,2026-05-15T02:46:34.743576+00:00,2026-05-15T02:46:34.743576+00:00,185
vehicle_positions_02_024706.parquet,OK,34067,770,False,False,,0,2026-05-15T02:47:05.559500+00:00,2026-05-15T02:47:05.559500+00:00,185
vehicle_positions_02_024737.parquet,OK,33899,770,False,False,,0,2026-05-15T02:47:36.790202+00:00,2026-05-15T02:47:36.790202+00:00,186
vehicle_positions_02_024808.parquet,OK,33981,771,False,False,,0,2026-05-15T02:48:07.703602+00:00,2026-05-15T02:48:07.703602+00:00,186
vehicle_positions_02_024838.parquet,OK,33857,766,False,False,,0,2026-05-15T02:48:38.413092+00:00,2026-05-15T02:48:38.413092+00:00,185
vehicle_positions_02_024909.parquet,OK,33792,766,False,False,,0,2026-05-15T02:49:09.133464+00:00,2026-05-15T02:49:09.133464+00:00,184
vehicle_positions_02_024940.parquet,OK,33759,765,False,False,,0,2026-05-15T02:49:39.914494+00:00,2026-05-15T02:49:39.914494+00:00,183
vehicle_positions_02_025011.parquet,OK,33610,764,False,False,,0,2026-05-15T02:50:10.726797+00:00,2026-05-15T02:50:10.726797+00:00,182
vehicle_positions_02_025042.parquet,OK,33512,759,False,False,,0,2026-05-15T02:50:41.510489+00:00,2026-05-15T02:50:41.510489+00:00,181
vehicle_positions_02_025112.parquet,OK,33404,756,False,False,,0,2026-05-15T02:51:12.270423+00:00,2026-05-15T02:51:12.270423+00:00,181
vehicle_positions_02_025143.parquet,OK,33304,754,False,False,,0,2026-05-15T02:51:43.070222+00:00,2026-05-15T02:51:43.070222+00:00,181
vehicle_positions_02_025214.parquet,OK,33312,753,False,False,,0,2026-05-15T02:52:14.020670+00:00,2026-05-15T02:52:14.020670+00:00,182
vehicle_positions_02_025245.parquet,OK,33383,750,False,False,,0,2026-05-15T02:52:44.947441+00:00,2026-05-15T02:52:44.947441+00:00,182
vehicle_positions_02_025316.parquet,OK,33285,749,False,False,,0,2026-05-15T02:53:15.823238+00:00,2026-05-15T02:53:15.823238+00:00,182
vehicle_positions_02_025347.parquet,OK,32995,744,False,False,,0,2026-05-15T02:53:46.569643+00:00,2026-05-15T02:53:46.569643+00:00,180
vehicle_positions_02_025418.parquet,OK,33082,742,False,False,,0,2026-05-15T02:54:17.533174+00:00,2026-05-15T02:54:17.533174+00:00,179
vehicle_positions_02_025448.parquet,OK,32954,741,False,False,,0,2026-05-15T02:54:48.324038+00:00,2026-05-15T02:54:48.324038+00:00,178
vehicle_positions_02_025519.parquet,OK,32843,738,False,False,,0,2026-05-15T02:55:19.096971+00:00,2026-05-15T02:55:19.096971+00:00,177
vehicle_positions_02_025550.parquet,OK,32813,737,False,False,,0,2026-05-15T02:55:50.019339+00:00,2026-05-15T02:55:50.019339+00:00,176
vehicle_positions_02_025621.parquet,OK,32714,734,False,False,,0,2026-05-15T02:56:20.842360+00:00,2026-05-15T02:56:20.842360+00:00,176
vehicle_positions_02_025652.parquet,OK,32619,731,False,False,,0,2026-05-15T02:56:51.716439+00:00,2026-05-15T02:56:51.716439+00:00,176
vehicle_positions_02_025723.parquet,OK,32490,730,False,False,,0,2026-05-15T02:57:22.532536+00:00,2026-05-15T02:57:22.532536+00:00,177
vehicle_positions_02_025824.parquet,OK,32282,727,False,False,,0,2026-05-15T02:58:23.560453+00:00,2026-05-15T02:58:23.560453+00:00,176
vehicle_positions_02_025855.parquet,OK,32312,725,False,False,,0,2026-05-15T02:58:54.647666+00:00,2026-05-15T02:58:54.647666+00:00,177
vehicle_positions_02_025926.parquet,OK,32213,723,False,False,,0,2026-05-15T02:59:25.723524+00:00,2026-05-15T02:59:25.723524+00:00,176
vehicle_positions_02_025957.parquet,OK,32016,718,False,False,,0,2026-05-15T02:59:56.583013+00:00,2026-05-15T02:59:56.583013+00:00,175
vehicle_positions_03_030028.parquet,OK,31902,716,False,False,,0,2026-05-15T03:00:27.522079+00:00,2026-05-15T03:00:27.522079+00:00,172
vehicle_positions_03_030058.parquet,OK,31920,715,False,False,,0,2026-05-15T03:00:58.489419+00:00,2026-05-15T03:00:58.489419+00:00,173
vehicle_positions_03_030129.parquet,OK,31936,713,False,False,,0,2026-05-15T03:01:29.259582+00:00,2026-05-15T03:01:29.259582+00:00,173
vehicle_positions_03_030200.parquet,OK,31918,713,False,False,,0,2026-05-15T03:02:00.025230+00:00,2026-05-15T03:02:00.025230+00:00,173
vehicle_positions_03_030231.parquet,OK,31715,712,False,False,,0,2026-05-15T03:02:30.825608+00:00,2026-05-15T03:02:30.825608+00:00,172
vehicle_positions_03_030302.parquet,OK,31644,710,False,False,,0,2026-05-15T03:03:01.671156+00:00,2026-05-15T03:03:01.671156+00:00,172
vehicle_positions_03_030332.parquet,OK,31703,711,False,False,,0,2026-05-15T03:03:32.488383+00:00,2026-05-15T03:03:32.488383+00:00,171
vehicle_positions_03_030709.parquet,OK,31879,711,False,False,,0,2026-05-15T03:07:08.351533+00:00,2026-05-15T03:07:08.351533+00:00,170
vehicle_positions_13_135117.parquet,OK,40473,973,False,False,,0,2026-05-15T13:51:16.243610+00:00,2026-05-15T13:51:16.243610+00:00,193
vehicle_positions_13_135203.parquet,OK,40585,975,False,False,,0,2026-05-15T13:52:03.336985+00:00,2026-05-15T13:52:03.336985+00:00,193
vehicle_positions_13_135235.parquet,OK,40328,975,False,False,,0,2026-05-15T13:52:34.608997+00:00,2026-05-15T13:52:34.608997+00:00,193
vehicle_positions_13_135305.parquet,OK,40478,979,False,False,,0,2026-05-15T13:53:05.389551+00:00,2026-05-15T13:53:05.389551+00:00,193
vehicle_positions_13_135336.parquet,OK,40357,975,False,False,,0,2026-05-15T13:53:36.194837+00:00,2026-05-15T13:53:36.194837+00:00,193
vehicle_positions_13_135407.parquet,OK,40489,977,False,False,,0,2026-05-15T13:54:07.091514+00:00,2026-05-15T13:54:07.091514+00:00,193
vehicle_positions_13_135438.parquet,OK,40412,973,False,False,,0,2026-05-15T13:54:37.820669+00:00,2026-05-15T13:54:37.820669+00:00,193
vehicle_positions_13_135509.parquet,OK,40464,974,False,False,,0,2026-05-15T13:55:08.580003+00:00,2026-05-15T13:55:08.580003+00:00,193
vehicle_positions_13_135539.parquet,OK,40566,982,False,False,,0,2026-05-15T13:55:39.444702+00:00,2026-05-15T13:55:39.444702+00:00,194
vehicle_positions_13_135610.parquet,OK,40590,980,False,False,,0,2026-05-15T13:56:10.277685+00:00,2026-05-15T13:56:10.277685+00:00,193
vehicle_positions_13_135641.parquet,OK,40881,986,False,False,,0,2026-05-15T13:56:41.042631+00:00,2026-05-15T13:56:41.042631+00:00,192
vehicle_positions_13_135712.parquet,OK,40929,992,False,False,,0,2026-05-15T13:57:12.072214+00:00,2026-05-15T13:57:12.072214+00:00,192
vehicle_positions_13_135743.parquet,OK,41047,994,False,False,,0,2026-05-15T13:57:43.005475+00:00,2026-05-15T13:57:43.005475+00:00,192
vehicle_positions_13_135814.parquet,OK,41056,995,False,False,,0,2026-05-15T13:58:14.265941+00:00,2026-05-15T13:58:14.265941+00:00,193
vehicle_positions_13_135845.parquet,OK,41132,997,False,False,,0,2026-05-15T13:58:45.140073+00:00,2026-05-15T13:58:45.140073+00:00,193
vehicle_positions_13_135917.parquet,OK,41473,1005,False,False,,0,2026-05-15T13:59:15.924215+00:00,2026-05-15T13:59:15.924215+00:00,193
vehicle_positions_13_135948.parquet,OK,41369,1008,False,False,,0,2026-05-15T13:59:47.508523+00:00,2026-05-15T13:59:47.508523+00:00,191
vehicle_positions_14_140018.parquet,OK,41694,1013,False,False,,0,2026-05-15T14:00:18.356291+00:00,2026-05-15T14:00:18.356291+00:00,191
vehicle_positions_14_140049.parquet,OK,41553,1011,False,False,,0,2026-05-15T14:00:49.200694+00:00,2026-05-15T14:00:49.200694+00:00,191
vehicle_positions_14_140120.parquet,OK,41745,1014,False,False,,0,2026-05-15T14:01:20.107798+00:00,2026-05-15T14:01:20.107798+00:00,191
vehicle_positions_14_140151.parquet,OK,41717,1014,False,False,,0,2026-05-15T14:01:51.060520+00:00,2026-05-15T14:01:51.060520+00:00,191
vehicle_positions_14_140222.parquet,OK,41860,1016,False,False,,0,2026-05-15T14:02:22.019978+00:00,2026-05-15T14:02:22.019978+00:00,192
vehicle_positions_14_140253.parquet,OK,41864,1020,False,False,,0,2026-05-15T14:02:52.838801+00:00,2026-05-15T14:02:52.838801+00:00,193
vehicle_positions_14_140324.parquet,OK,41839,1020,False,False,,0,2026-05-15T14:03:23.720924+00:00,2026-05-15T14:03:23.720924+00:00,193
vehicle_positions_14_140355.parquet,OK,42011,1024,False,False,,0,2026-05-15T14:03:54.657654+00:00,2026-05-15T14:03:54.657654+00:00,193
vehicle_positions_14_140425.parquet,OK,42060,1023,False,False,,0,2026-05-15T14:04:25.470446+00:00,2026-05-15T14:04:25.470446+00:00,193
vehicle_positions_14_140456.parquet,OK,42584,1028,False,False,,0,2026-05-15T14:04:56.235851+00:00,2026-05-15T14:04:56.235851+00:00,193
vehicle_positions_14_140527.parquet,OK,42603,1030,False,False,,0,2026-05-15T14:05:27.144325+00:00,2026-05-15T14:05:27.144325+00:00,193
vehicle_positions_14_140558.parquet,OK,42562,1027,False,False,,0,2026-05-15T14:05:58.084439+00:00,2026-05-15T14:05:58.084439+00:00,193
vehicle_positions_14_140629.parquet,OK,42671,1032,False,False,,0,2026-05-15T14:06:29.332963+00:00,2026-05-15T14:06:29.332963+00:00,192
vehicle_positions_14_140700.parquet,OK,42716,1031,False,False,,0,2026-05-15T14:07:00.188838+00:00,2026-05-15T14:07:00.188838+00:00,191
vehicle_positions_14_140732.parquet,OK,43020,1039,False,False,,0,2026-05-15T14:07:31.376912+00:00,2026-05-15T14:07:31.376912+00:00,192
vehicle_positions_14_140803.parquet,OK,43074,1043,False,False,,0,2026-05-15T14:08:02.533633+00:00,2026-05-15T14:08:02.533633+00:00,193
vehicle_positions_14_140833.parquet,OK,43159,1046,False,False,,0,2026-05-15T14:08:33.448575+00:00,2026-05-15T14:08:33.448575+00:00,194
vehicle_positions_14_140905.parquet,OK,43301,1048,False,False,,0,2026-05-15T14:09:04.391162+00:00,2026-05-15T14:09:04.391162+00:00,193
vehicle_positions_14_140935.parquet,OK,43612,1053,False,False,,0,2026-05-15T14:09:35.339160+00:00,2026-05-15T14:09:35.339160+00:00,193
vehicle_positions_14_141006.parquet,OK,43492,1050,False,False,,0,2026-05-15T14:10:06.174344+00:00,2026-05-15T14:10:06.174344+00:00,192
vehicle_positions_14_141037.parquet,OK,43336,1049,False,False,,0,2026-05-15T14:10:36.919599+00:00,2026-05-15T14:10:36.919599+00:00,192
vehicle_positions_14_141108.parquet,OK,43332,1052,False,False,,0,2026-05-15T14:11:07.806236+00:00,2026-05-15T14:11:07.806236+00:00,192
vehicle_positions_14_141139.parquet,OK,43368,1051,False,False,,0,2026-05-15T14:11:38.741922+00:00,2026-05-15T14:11:38.741922+00:00,193
vehicle_positions_14_141210.parquet,OK,43469,1050,False,False,,0,2026-05-15T14:12:09.727009+00:00,2026-05-15T14:12:09.727009+00:00,193
vehicle_positions_14_141241.parquet,OK,43393,1054,False,False,,0,2026-05-15T14:12:40.631486+00:00,2026-05-15T14:12:40.631486+00:00,194
vehicle_positions_14_141312.parquet,OK,43553,1057,False,False,,0,2026-05-15T14:13:11.695908+00:00,2026-05-15T14:13:11.695908+00:00,195
vehicle_positions_14_141343.parquet,OK,43817,1064,False,False,,0,2026-05-15T14:13:42.479447+00:00,2026-05-15T14:13:42.479447+00:00,195
vehicle_positions_14_141414.parquet,OK,43814,1064,False,False,,0,2026-05-15T14:14:13.509057+00:00,2026-05-15T14:14:13.509057+00:00,195
vehicle_positions_14_141445.parquet,OK,43709,1062,False,False,,0,2026-05-15T14:14:44.463662+00:00,2026-05-15T14:14:44.463662+00:00,196
vehicle_positions_14_141515.parquet,OK,44079,1068,False,False,,0,2026-05-15T14:15:15.355264+00:00,2026-05-15T14:15:15.355264+00:00,196
vehicle_positions_14_141547.parquet,OK,43864,1068,False,False,,0,2026-05-15T14:15:46.221744+00:00,2026-05-15T14:15:46.221744+00:00,196
vehicle_positions_14_141620.parquet,OK,43986,1067,False,False,,0,2026-05-15T14:16:19.545660+00:00,2026-05-15T14:16:19.545660+00:00,196
vehicle_positions_14_141650.parquet,OK,44429,1074,False,False,,0,2026-05-15T14:16:50.480633+00:00,2026-05-15T14:16:50.480633+00:00,196
vehicle_positions_14_141721.parquet,OK,44192,1071,False,False,,0,2026-05-15T14:17:21.344120+00:00,2026-05-15T14:17:21.344120+00:00,196
vehicle_positions_14_141752.parquet,OK,44351,1077,False,False,,0,2026-05-15T14:17:52.216493+00:00,2026-05-15T14:17:52.216493+00:00,196
vehicle_positions_14_141823.parquet,OK,44404,1078,False,False,,0,2026-05-15T14:18:23.143310+00:00,2026-05-15T14:18:23.143310+00:00,195
vehicle_positions_14_141854.parquet,OK,44559,1085,False,False,,0,2026-05-15T14:18:53.926720+00:00,2026-05-15T14:18:53.926720+00:00,195
vehicle_positions_14_141926.parquet,OK,44621,1086,False,False,,0,2026-05-15T14:19:25.940169+00:00,2026-05-15T14:19:25.940169+00:00,195
vehicle_positions_14_141957.parquet,OK,44855,1090,False,False,,0,2026-05-15T14:19:56.938075+00:00,2026-05-15T14:19:56.938075+00:00,195
vehicle_positions_14_142028.parquet,OK,44978,1097,False,False,,0,2026-05-15T14:20:27.764526+00:00,2026-05-15T14:20:27.764526+00:00,195
vehicle_positions_14_142536.parquet,OK,45549,1110,False,False,,0,2026-05-15T14:25:35.251372+00:00,2026-05-15T14:25:35.251372+00:00,194
vehicle_positions_14_142607.parquet,OK,45645,1109,False,False,,0,2026-05-15T14:26:06.876418+00:00,2026-05-15T14:26:06.876418+00:00,195
vehicle_positions_14_142639.parquet,OK,45415,1112,False,False,,0,2026-05-15T14:26:37.753132+00:00,2026-05-15T14:26:37.753132+00:00,195
vehicle_positions_14_142710.parquet,OK,45636,1111,False,False,,0,2026-05-15T14:27:09.554049+00:00,2026-05-15T14:27:09.554049+00:00,195
vehicle_positions_14_142740.parquet,OK,45747,1111,False,False,,0,2026-05-15T14:27:40.379785+00:00,2026-05-15T14:27:40.379785+00:00,195
vehicle_positions_14_142812.parquet,OK,45794,1114,False,False,,0,2026-05-15T14:28:11.729573+00:00,2026-05-15T14:28:11.729573+00:00,195
vehicle_positions_14_142843.parquet,OK,45663,1114,False,False,,0,2026-05-15T14:28:42.552751+00:00,2026-05-15T14:28:42.552751+00:00,195
vehicle_positions_14_142913.parquet,OK,45922,1120,False,False,,0,2026-05-15T14:29:13.328678+00:00,2026-05-15T14:29:13.328678+00:00,195
vehicle_positions_14_142944.parquet,OK,45832,1119,False,False,,0,2026-05-15T14:29:44.129392+00:00,2026-05-15T14:29:44.129392+00:00,195
vehicle_positions_14_143015.parquet,OK,45895,1117,False,False,,0,2026-05-15T14:30:14.947027+00:00,2026-05-15T14:30:14.947027+00:00,195
vehicle_positions_14_143046.parquet,OK,45630,1119,False,False,,0,2026-05-15T14:30:45.861177+00:00,2026-05-15T14:30:45.861177+00:00,195
vehicle_positions_14_143117.parquet,OK,46017,1126,False,False,,0,2026-05-15T14:31:17.333251+00:00,2026-05-15T14:31:17.333251+00:00,194
vehicle_positions_14_143218.parquet,OK,46257,1129,False,False,,0,2026-05-15T14:32:18.114975+00:00,2026-05-15T14:32:18.114975+00:00,195
vehicle_positions_14_143249.parquet,OK,46188,1129,False,False,,0,2026-05-15T14:32:48.956038+00:00,2026-05-15T14:32:48.956038+00:00,195
vehicle_positions_14_143321.parquet,OK,46271,1131,False,False,,0,2026-05-15T14:33:20.415837+00:00,2026-05-15T14:33:20.415837+00:00,195
vehicle_positions_14_143352.parquet,OK,46192,1133,False,False,,0,2026-05-15T14:33:51.585610+00:00,2026-05-15T14:33:51.585610+00:00,195
vehicle_positions_14_143422.parquet,OK,46481,1137,False,False,,0,2026-05-15T14:34:22.484660+00:00,2026-05-15T14:34:22.484660+00:00,194
vehicle_positions_14_143453.parquet,OK,46387,1137,False,False,,0,2026-05-15T14:34:53.333067+00:00,2026-05-15T14:34:53.333067+00:00,194
vehicle_positions_14_143525.parquet,OK,46560,1140,False,False,,0,2026-05-15T14:35:24.458273+00:00,2026-05-15T14:35:24.458273+00:00,195
vehicle_positions_14_143555.parquet,OK,46458,1139,False,False,,0,2026-05-15T14:35:55.329123+00:00,2026-05-15T14:35:55.329123+00:00,195
vehicle_positions_14_143626.parquet,OK,46697,1143,False,False,,0,2026-05-15T14:36:26.165715+00:00,2026-05-15T14:36:26.165715+00:00,194
vehicle_positions_14_143658.parquet,OK,46468,1143,False,False,,0,2026-05-15T14:36:57.726893+00:00,2026-05-15T14:36:57.726893+00:00,194
vehicle_positions_14_143729.parquet,OK,46622,1149,False,False,,0,2026-05-15T14:37:28.582195+00:00,2026-05-15T14:37:28.582195+00:00,195
vehicle_positions_14_145720.parquet,OK,47361,1167,False,False,,0,2026-05-15T14:57:19.633473+00:00,2026-05-15T14:57:19.633473+00:00,199
vehicle_positions_14_145751.parquet,OK,47340,1170,False,False,,0,2026-05-15T14:57:50.619780+00:00,2026-05-15T14:57:50.619780+00:00,198
vehicle_positions_14_145822.parquet,OK,47377,1172,False,False,,0,2026-05-15T14:58:21.891676+00:00,2026-05-15T14:58:21.891676+00:00,199
vehicle_positions_14_145853.parquet,OK,47553,1175,False,False,,0,2026-05-15T14:58:52.802961+00:00,2026-05-15T14:58:52.802961+00:00,199
vehicle_positions_14_145924.parquet,OK,47656,1178,False,False,,0,2026-05-15T14:59:23.758033+00:00,2026-05-15T14:59:23.758033+00:00,199
vehicle_positions_14_145955.parquet,OK,47777,1183,False,False,,0,2026-05-15T14:59:54.547226+00:00,2026-05-15T14:59:54.547226+00:00,199
vehicle_positions_15_150026.parquet,OK,47833,1180,False,False,,0,2026-05-15T15:00:25.701192+00:00,2026-05-15T15:00:25.701192+00:00,199
vehicle_positions_15_150057.parquet,OK,47853,1181,False,False,,0,2026-05-15T15:00:56.672477+00:00,2026-05-15T15:00:56.672477+00:00,198
vehicle_positions_15_150128.parquet,OK,47837,1183,False,False,,0,2026-05-15T15:01:27.869552+00:00,2026-05-15T15:01:27.869552+00:00,198
vehicle_positions_15_150159.parquet,OK,47981,1185,False,False,,0,2026-05-15T15:01:58.692698+00:00,2026-05-15T15:01:58.692698+00:00,198
vehicle_positions_15_150911.parquet,OK,48100,1185,False,False,,0,2026-05-15T15:09:08.945604+00:00,2026-05-15T15:09:08.945604+00:00,195
vehicle_positions_15_150942.parquet,OK,48078,1188,False,False,,0,2026-05-15T15:09:41.831761+00:00,2026-05-15T15:09:41.831761+00:00,196
vehicle_positions_15_151013.parquet,OK,48079,1184,False,False,,0,2026-05-15T15:10:12.595406+00:00,2026-05-15T15:10:12.595406+00:00,196
vehicle_positions_15_151044.parquet,OK,47968,1184,False,False,,0,2026-05-15T15:10:43.655018+00:00,2026-05-15T15:10:43.655018+00:00,196
vehicle_positions_15_151115.parquet,OK,47949,1183,False,False,,0,2026-05-15T15:11:14.561323+00:00,2026-05-15T15:11:14.561323+00:00,196
vehicle_positions_15_151146.parquet,OK,47883,1182,False,False,,0,2026-05-15T15:11:45.834323+00:00,2026-05-15T15:11:45.834323+00:00,196
vehicle_positions_15_151217.parquet,OK,47886,1184,False,False,,0,2026-05-15T15:12:16.864496+00:00,2026-05-15T15:12:16.864496+00:00,196
vehicle_positions_15_151248.parquet,OK,48005,1184,False,False,,0,2026-05-15T15:12:47.708519+00:00,2026-05-15T15:12:47.708519+00:00,197
vehicle_positions_15_151319.parquet,OK,47946,1184,False,False,,0,2026-05-15T15:13:18.662190+00:00,2026-05-15T15:13:18.662190+00:00,198
vehicle_positions_15_151350.parquet,OK,47981,1185,False,False,,0,2026-05-15T15:13:49.587331+00:00,2026-05-15T15:13:49.587331+00:00,199
vehicle_positions_15_151420.parquet,OK,47938,1184,False,False,,0,2026-05-15T15:14:20.467360+00:00,2026-05-15T15:14:20.467360+00:00,199
vehicle_positions_15_151451.parquet,OK,47820,1181,False,False,,0,2026-05-15T15:14:51.299487+00:00,2026-05-15T15:14:51.299487+00:00,199
vehicle_positions_15_151522.parquet,OK,47836,1183,False,False,,0,2026-05-15T15:15:22.111009+00:00,2026-05-15T15:15:22.111009+00:00,199
vehicle_positions_15_151553.parquet,OK,47910,1185,False,False,,0,2026-05-15T15:15:53.195302+00:00,2026-05-15T15:15:53.195302+00:00,199
vehicle_positions_15_151624.parquet,OK,47903,1183,False,False,,0,2026-05-15T15:16:24.271144+00:00,2026-05-15T15:16:24.271144+00:00,199
vehicle_positions_15_151655.parquet,OK,47900,1184,False,False,,0,2026-05-15T15:16:55.078500+00:00,2026-05-15T15:16:55.078500+00:00,199
vehicle_positions_15_151726.parquet,OK,47461,1176,False,False,,0,2026-05-15T15:17:26.155426+00:00,2026-05-15T15:17:26.155426+00:00,199
vehicle_positions_15_151757.parquet,OK,47873,1178,False,False,,0,2026-05-15T15:17:57.132142+00:00,2026-05-15T15:17:57.132142+00:00,199
vehicle_positions_15_151828.parquet,OK,47888,1177,False,False,,0,2026-05-15T15:18:27.994972+00:00,2026-05-15T15:18:27.994972+00:00,199
vehicle_positions_15_151859.parquet,OK,47868,1180,False,False,,0,2026-05-15T15:18:58.867906+00:00,2026-05-15T15:18:58.867906+00:00,199
vehicle_positions_15_151930.parquet,OK,47779,1180,False,False,,0,2026-05-15T15:19:29.765884+00:00,2026-05-15T15:19:29.765884+00:00,199
vehicle_positions_15_152002.parquet,OK,47683,1180,False,False,,0,2026-05-15T15:20:00.907547+00:00,2026-05-15T15:20:00.907547+00:00,199
vehicle_positions_15_152033.parquet,OK,47811,1181,False,False,,0,2026-05-15T15:20:32.437411+00:00,2026-05-15T15:20:32.437411+00:00,199
vehicle_positions_15_152103.parquet,OK,47677,1180,False,False,,0,2026-05-15T15:21:03.331848+00:00,2026-05-15T15:21:03.331848+00:00,199
vehicle_positions_15_152135.parquet,OK,47750,1184,False,False,,0,2026-05-15T15:21:34.352337+00:00,2026-05-15T15:21:34.352337+00:00,199
vehicle_positions_15_152205.parquet,OK,47829,1184,False,False,,0,2026-05-15T15:22:05.437780+00:00,2026-05-15T15:22:05.437780+00:00,198
vehicle_positions_15_152236.parquet,OK,47545,1181,False,False,,0,2026-05-15T15:22:36.239936+00:00,2026-05-15T15:22:36.239936+00:00,198
vehicle_positions_15_152307.parquet,OK,47530,1179,False,False,,0,2026-05-15T15:23:07.055551+00:00,2026-05-15T15:23:07.055551+00:00,198
vehicle_positions_15_152338.parquet,OK,47640,1178,False,False,,0,2026-05-15T15:23:37.887064+00:00,2026-05-15T15:23:37.887064+00:00,198
vehicle_positions_15_152409.parquet,OK,47512,1176,False,False,,0,2026-05-15T15:24:09.103281+00:00,2026-05-15T15:24:09.103281+00:00,198
vehicle_positions_15_152440.parquet,OK,47524,1175,False,False,,0,2026-05-15T15:24:39.921214+00:00,2026-05-15T15:24:39.921214+00:00,198
vehicle_positions_15_152511.parquet,OK,47453,1174,False,False,,0,2026-05-15T15:25:10.981513+00:00,2026-05-15T15:25:10.981513+00:00,198
vehicle_positions_15_152542.parquet,OK,47565,1171,False,False,,0,2026-05-15T15:25:41.866252+00:00,2026-05-15T15:25:41.866252+00:00,197
vehicle_positions_15_152614.parquet,OK,47349,1168,False,False,,0,2026-05-15T15:26:13.529642+00:00,2026-05-15T15:26:13.529642+00:00,196
vehicle_positions_15_152645.parquet,OK,47278,1167,False,False,,0,2026-05-15T15:26:44.580179+00:00,2026-05-15T15:26:44.580179+00:00,197
vehicle_positions_15_152715.parquet,OK,47355,1168,False,False,,0,2026-05-15T15:27:15.458146+00:00,2026-05-15T15:27:15.458146+00:00,197
vehicle_positions_15_152747.parquet,OK,47287,1165,False,False,,0,2026-05-15T15:27:46.317769+00:00,2026-05-15T15:27:46.317769+00:00,197
vehicle_positions_15_152818.parquet,OK,47161,1164,False,False,,0,2026-05-15T15:28:17.737646+00:00,2026-05-15T15:28:17.737646+00:00,196
vehicle_positions_15_152849.parquet,OK,47146,1161,False,False,,0,2026-05-15T15:28:48.618653+00:00,2026-05-15T15:28:48.618653+00:00,195
vehicle_positions_15_152920.parquet,OK,47120,1158,False,False,,0,2026-05-15T15:29:19.579158+00:00,2026-05-15T15:29:19.579158+00:00,195
vehicle_positions_15_152951.parquet,OK,47020,1156,False,False,,0,2026-05-15T15:29:50.671477+00:00,2026-05-15T15:29:50.671477+00:00,196
vehicle_positions_15_153022.parquet,OK,46689,1154,False,False,,0,2026-05-15T15:30:21.567018+00:00,2026-05-15T15:30:21.567018+00:00,196
vehicle_positions_15_153053.parquet,OK,46822,1156,False,False,,0,2026-05-15T15:30:52.515147+00:00,2026-05-15T15:30:52.515147+00:00,196
vehicle_positions_15_153124.parquet,OK,46861,1154,False,False,,0,2026-05-15T15:31:24.253211+00:00,2026-05-15T15:31:24.253211+00:00,196
vehicle_positions_15_153155.parquet,OK,46857,1153,False,False,,0,2026-05-15T15:31:55.031058+00:00,2026-05-15T15:31:55.031058+00:00,196
vehicle_positions_15_153226.parquet,OK,46817,1153,False,False,,0,2026-05-15T15:32:25.972298+00:00,2026-05-15T15:32:25.972298+00:00,196
vehicle_positions_15_153257.parquet,OK,46964,1156,False,False,,0,2026-05-15T15:32:56.889679+00:00,2026-05-15T15:32:56.889679+00:00,195
vehicle_positions_15_153328.parquet,OK,47026,1158,False,False,,0,2026-05-15T15:33:27.721832+00:00,2026-05-15T15:33:27.721832+00:00,195
vehicle_positions_15_153359.parquet,OK,47035,1156,False,False,,0,2026-05-15T15:33:58.572442+00:00,2026-05-15T15:33:58.572442+00:00,195
vehicle_positions_15_153430.parquet,OK,47059,1156,False,False,,0,2026-05-15T15:34:29.588052+00:00,2026-05-15T15:34:29.588052+00:00,195
vehicle_positions_15_153501.parquet,OK,46955,1151,False,False,,0,2026-05-15T15:35:00.517845+00:00,2026-05-15T15:35:00.517845+00:00,194
vehicle_positions_15_153532.parquet,OK,46940,1152,False,False,,0,2026-05-15T15:35:31.332091+00:00,2026-05-15T15:35:31.332091+00:00,194
vehicle_positions_15_153602.parquet,OK,46806,1152,False,False,,0,2026-05-15T15:36:02.361938+00:00,2026-05-15T15:36:02.361938+00:00,193
vehicle_positions_15_153634.parquet,OK,46861,1152,False,False,,0,2026-05-15T15:36:33.424336+00:00,2026-05-15T15:36:33.424336+00:00,193
vehicle_positions_15_153704.parquet,OK,47042,1153,False,False,,0,2026-05-15T15:37:04.281992+00:00,2026-05-15T15:37:04.281992+00:00,193
vehicle_positions_15_153735.parquet,OK,46668,1147,False,False,,0,2026-05-15T15:37:35.319150+00:00,2026-05-15T15:37:35.319150+00:00,192
vehicle_positions_15_153806.parquet,OK,46732,1147,False,False,,0,2026-05-15T15:38:06.146812+00:00,2026-05-15T15:38:06.146812+00:00,192
vehicle_positions_15_153837.parquet,OK,46699,1145,False,False,,0,2026-05-15T15:38:37.034252+00:00,2026-05-15T15:38:37.034252+00:00,190
vehicle_positions_15_153908.parquet,OK,46845,1146,False,False,,0,2026-05-15T15:39:07.892576+00:00,2026-05-15T15:39:07.892576+00:00,189
vehicle_positions_15_153939.parquet,OK,46657,1143,False,False,,0,2026-05-15T15:39:38.847532+00:00,2026-05-15T15:39:38.847532+00:00,190
vehicle_positions_15_154010.parquet,OK,46775,1145,False,False,,0,2026-05-15T15:40:09.672875+00:00,2026-05-15T15:40:09.672875+00:00,190
vehicle_positions_15_154041.parquet,OK,46701,1146,False,False,,0,2026-05-15T15:40:40.543239+00:00,2026-05-15T15:40:40.543239+00:00,191
vehicle_positions_15_154111.parquet,OK,46620,1147,False,False,,0,2026-05-15T15:41:11.396490+00:00,2026-05-15T15:41:11.396490+00:00,190
vehicle_positions_15_154142.parquet,OK,46710,1146,False,False,,0,2026-05-15T15:41:42.180504+00:00,2026-05-15T15:41:42.180504+00:00,190
vehicle_positions_15_154213.parquet,OK,46469,1142,False,False,,0,2026-05-15T15:42:12.963979+00:00,2026-05-15T15:42:12.963979+00:00,190
vehicle_positions_15_154245.parquet,OK,46482,1142,False,False,,0,2026-05-15T15:42:44.248582+00:00,2026-05-15T15:42:44.248582+00:00,190
vehicle_positions_15_154315.parquet,OK,46788,1146,False,False,,0,2026-05-15T15:43:15.331417+00:00,2026-05-15T15:43:15.331417+00:00,193
vehicle_positions_15_154346.parquet,OK,46580,1142,False,False,,0,2026-05-15T15:43:46.147673+00:00,2026-05-15T15:43:46.147673+00:00,193
vehicle_positions_15_154417.parquet,OK,46304,1137,False,False,,0,2026-05-15T15:44:17.346158+00:00,2026-05-15T15:44:17.346158+00:00,192
vehicle_positions_15_154448.parquet,OK,46307,1134,False,False,,0,2026-05-15T15:44:48.303987+00:00,2026-05-15T15:44:48.303987+00:00,192
vehicle_positions_15_154519.parquet,OK,46233,1132,False,False,,0,2026-05-15T15:45:19.292971+00:00,2026-05-15T15:45:19.292971+00:00,192
vehicle_positions_15_154550.parquet,OK,46095,1135,False,False,,0,2026-05-15T15:45:50.218366+00:00,2026-05-15T15:45:50.218366+00:00,192
vehicle_positions_15_154621.parquet,OK,46212,1134,False,False,,0,2026-05-15T15:46:21.045046+00:00,2026-05-15T15:46:21.045046+00:00,192
vehicle_positions_15_154652.parquet,OK,46273,1135,False,False,,0,2026-05-15T15:46:51.999925+00:00,2026-05-15T15:46:51.999925+00:00,192
vehicle_positions_15_154723.parquet,OK,46379,1134,False,False,,0,2026-05-15T15:47:22.851679+00:00,2026-05-15T15:47:22.851679+00:00,192
vehicle_positions_15_154754.parquet,OK,46214,1133,False,False,,0,2026-05-15T15:47:53.638325+00:00,2026-05-15T15:47:53.638325+00:00,192
vehicle_positions_15_154824.parquet,OK,46298,1133,False,False,,0,2026-05-15T15:48:24.476458+00:00,2026-05-15T15:48:24.476458+00:00,192
vehicle_positions_15_154855.parquet,OK,46352,1133,False,False,,0,2026-05-15T15:48:55.312482+00:00,2026-05-15T15:48:55.312482+00:00,192
vehicle_positions_15_154927.parquet,OK,46441,1135,False,False,,0,2026-05-15T15:49:26.332909+00:00,2026-05-15T15:49:26.332909+00:00,192
vehicle_positions_15_154957.parquet,OK,46324,1133,False,False,,0,2026-05-15T15:49:57.354312+00:00,2026-05-15T15:49:57.354312+00:00,192
vehicle_positions_15_155028.parquet,OK,46008,1133,False,False,,0,2026-05-15T15:50:28.221936+00:00,2026-05-15T15:50:28.221936+00:00,192
vehicle_positions_15_155059.parquet,OK,46108,1127,False,False,,0,2026-05-15T15:50:59.198733+00:00,2026-05-15T15:50:59.198733+00:00,192
vehicle_positions_15_155130.parquet,OK,46156,1128,False,False,,0,2026-05-15T15:51:30.170854+00:00,2026-05-15T15:51:30.170854+00:00,192
vehicle_positions_15_155202.parquet,OK,46210,1128,False,False,,0,2026-05-15T15:52:00.974844+00:00,2026-05-15T15:52:00.974844+00:00,192
vehicle_positions_15_155233.parquet,OK,46195,1129,False,False,,0,2026-05-15T15:52:32.499826+00:00,2026-05-15T15:52:32.499826+00:00,192
vehicle_positions_15_155304.parquet,OK,46230,1127,False,False,,0,2026-05-15T15:53:03.584466+00:00,2026-05-15T15:53:03.584466+00:00,192
vehicle_positions_15_155335.parquet,OK,45873,1122,False,False,,0,2026-05-15T15:53:35.041094+00:00,2026-05-15T15:53:35.041094+00:00,192
vehicle_positions_15_155406.parquet,OK,46003,1122,False,False,,0,2026-05-15T15:54:05.893007+00:00,2026-05-15T15:54:05.893007+00:00,192
vehicle_positions_15_155437.parquet,OK,45751,1121,False,False,,0,2026-05-15T15:54:36.803444+00:00,2026-05-15T15:54:36.803444+00:00,192
vehicle_positions_15_155508.parquet,OK,45815,1121,False,False,,0,2026-05-15T15:55:07.710596+00:00,2026-05-15T15:55:07.710596+00:00,192
vehicle_positions_15_155539.parquet,OK,45813,1120,False,False,,0,2026-05-15T15:55:38.500014+00:00,2026-05-15T15:55:38.500014+00:00,192
vehicle_positions_15_155609.parquet,OK,45621,1117,False,False,,0,2026-05-15T15:56:09.472139+00:00,2026-05-15T15:56:09.472139+00:00,191
vehicle_positions_15_155640.parquet,OK,45543,1115,False,False,,0,2026-05-15T15:56:40.365872+00:00,2026-05-15T15:56:40.365872+00:00,191
vehicle_positions_15_155711.parquet,OK,45490,1109,False,False,,0,2026-05-15T15:57:11.167641+00:00,2026-05-15T15:57:11.167641+00:00,191
vehicle_positions_15_155742.parquet,OK,45337,1105,False,False,,0,2026-05-15T15:57:41.973774+00:00,2026-05-15T15:57:41.973774+00:00,191
vehicle_positions_15_155813.parquet,OK,45238,1102,False,False,,0,2026-05-15T15:58:12.827195+00:00,2026-05-15T15:58:12.827195+00:00,191
vehicle_positions_15_155844.parquet,OK,44903,1095,False,False,,0,2026-05-15T15:58:43.642042+00:00,2026-05-15T15:58:43.642042+00:00,191
vehicle_positions_15_155915.parquet,OK,44926,1096,False,False,,0,2026-05-15T15:59:14.496604+00:00,2026-05-15T15:59:14.496604+00:00,192
vehicle_positions_15_155945.parquet,OK,44946,1095,False,False,,0,2026-05-15T15:59:45.411895+00:00,2026-05-15T15:59:45.411895+00:00,190
vehicle_positions_16_160017.parquet,OK,44824,1091,False,False,,0,2026-05-15T16:00:16.338206+00:00,2026-05-15T16:00:16.338206+00:00,190
vehicle_positions_16_160047.parquet,OK,44769,1090,False,False,,0,2026-05-15T16:00:47.413045+00:00,2026-05-15T16:00:47.413045+00:00,190
vehicle_positions_16_160118.parquet,OK,44887,1091,False,False,,0,2026-05-15T16:01:18.200487+00:00,2026-05-15T16:01:18.200487+00:00,190
vehicle_positions_16_160149.parquet,OK,44755,1090,False,False,,0,2026-05-15T16:01:49.041286+00:00,2026-05-15T16:01:49.041286+00:00,190
vehicle_positions_16_160220.parquet,OK,44634,1088,False,False,,0,2026-05-15T16:02:19.819680+00:00,2026-05-15T16:02:19.819680+00:00,190
vehicle_positions_16_160251.parquet,OK,44682,1088,False,False,,0,2026-05-15T16:02:50.619535+00:00,2026-05-15T16:02:50.619535+00:00,190
vehicle_positions_16_160321.parquet,OK,44649,1086,False,False,,0,2026-05-15T16:03:21.489871+00:00,2026-05-15T16:03:21.489871+00:00,190
vehicle_positions_16_160352.parquet,OK,44518,1083,False,False,,0,2026-05-15T16:03:52.383022+00:00,2026-05-15T16:03:52.383022+00:00,190
vehicle_positions_16_160423.parquet,OK,44449,1084,False,False,,0,2026-05-15T16:04:23.321961+00:00,2026-05-15T16:04:23.321961+00:00,190
vehicle_positions_16_160454.parquet,OK,44327,1080,False,False,,0,2026-05-15T16:04:54.325534+00:00,2026-05-15T16:04:54.325534+00:00,190
vehicle_positions_16_160525.parquet,OK,44396,1082,False,False,,0,2026-05-15T16:05:25.179037+00:00,2026-05-15T16:05:25.179037+00:00,191
vehicle_positions_16_160556.parquet,OK,44268,1084,False,False,,0,2026-05-15T16:05:56.278716+00:00,2026-05-15T16:05:56.278716+00:00,191
vehicle_positions_16_160627.parquet,OK,44264,1085,False,False,,0,2026-05-15T16:06:27.236079+00:00,2026-05-15T16:06:27.236079+00:00,191
vehicle_positions_16_160658.parquet,OK,44237,1077,False,False,,0,2026-05-15T16:06:58.089408+00:00,2026-05-15T16:06:58.089408+00:00,190
vehicle_positions_16_160729.parquet,OK,44192,1075,False,False,,0,2026-05-15T16:07:28.924806+00:00,2026-05-15T16:07:28.924806+00:00,190
vehicle_positions_16_160800.parquet,OK,43945,1071,False,False,,0,2026-05-15T16:07:59.737151+00:00,2026-05-15T16:07:59.737151+00:00,189
vehicle_positions_16_160831.parquet,OK,44024,1067,False,False,,0,2026-05-15T16:08:30.568174+00:00,2026-05-15T16:08:30.568174+00:00,189
vehicle_positions_16_160901.parquet,OK,43652,1063,False,False,,0,2026-05-15T16:09:01.405912+00:00,2026-05-15T16:09:01.405912+00:00,189
vehicle_positions_16_160932.parquet,OK,43561,1061,False,False,,0,2026-05-15T16:09:32.348728+00:00,2026-05-15T16:09:32.348728+00:00,189
vehicle_positions_16_161003.parquet,OK,43224,1051,False,False,,0,2026-05-15T16:10:03.267164+00:00,2026-05-15T16:10:03.267164+00:00,189
vehicle_positions_16_161034.parquet,OK,42763,1043,False,False,,0,2026-05-15T16:10:34.023599+00:00,2026-05-15T16:10:34.023599+00:00,188
vehicle_positions_16_161105.parquet,OK,43194,1047,False,False,,0,2026-05-15T16:11:04.919178+00:00,2026-05-15T16:11:04.919178+00:00,188
vehicle_positions_16_161136.parquet,OK,43000,1046,False,False,,0,2026-05-15T16:11:35.796012+00:00,2026-05-15T16:11:35.796012+00:00,189
vehicle_positions_16_161207.parquet,OK,42968,1043,False,False,,0,2026-05-15T16:12:06.632611+00:00,2026-05-15T16:12:06.632611+00:00,189
vehicle_positions_16_161238.parquet,OK,43014,1044,False,False,,0,2026-05-15T16:12:37.540645+00:00,2026-05-15T16:12:37.540645+00:00,189
vehicle_positions_16_161309.parquet,OK,42941,1048,False,False,,0,2026-05-15T16:13:08.534438+00:00,2026-05-15T16:13:08.534438+00:00,189
vehicle_positions_16_161339.parquet,OK,43159,1047,False,False,,0,2026-05-15T16:13:39.249604+00:00,2026-05-15T16:13:39.249604+00:00,188
vehicle_positions_16_161410.parquet,OK,43105,1048,False,False,,0,2026-05-15T16:14:10.129971+00:00,2026-05-15T16:14:10.129971+00:00,189
vehicle_positions_16_161441.parquet,OK,43241,1049,False,False,,0,2026-05-15T16:14:40.887008+00:00,2026-05-15T16:14:40.887008+00:00,189
vehicle_positions_16_161512.parquet,OK,43366,1052,False,False,,0,2026-05-15T16:15:11.767035+00:00,2026-05-15T16:15:11.767035+00:00,189
vehicle_positions_16_161543.parquet,OK,43284,1049,False,False,,0,2026-05-15T16:15:42.634130+00:00,2026-05-15T16:15:42.634130+00:00,189
vehicle_positions_16_161614.parquet,OK,43021,1046,False,False,,0,2026-05-15T16:16:13.536574+00:00,2026-05-15T16:16:13.536574+00:00,189
vehicle_positions_16_161644.parquet,OK,43031,1043,False,False,,0,2026-05-15T16:16:44.398965+00:00,2026-05-15T16:16:44.398965+00:00,189
vehicle_positions_16_161715.parquet,OK,43032,1043,False,False,,0,2026-05-15T16:17:15.196391+00:00,2026-05-15T16:17:15.196391+00:00,190
vehicle_positions_16_161746.parquet,OK,42845,1041,False,False,,0,2026-05-15T16:17:46.036017+00:00,2026-05-15T16:17:46.036017+00:00,189
vehicle_positions_16_161817.parquet,OK,42668,1036,False,False,,0,2026-05-15T16:18:16.862245+00:00,2026-05-15T16:18:16.862245+00:00,190
vehicle_positions_16_161848.parquet,OK,42562,1036,False,False,,0,2026-05-15T16:18:47.670348+00:00,2026-05-15T16:18:47.670348+00:00,189
vehicle_positions_16_161919.parquet,OK,42558,1034,False,False,,0,2026-05-15T16:19:18.456501+00:00,2026-05-15T16:19:18.456501+00:00,188
vehicle_positions_16_161949.parquet,OK,42493,1029,False,False,,0,2026-05-15T16:19:49.378507+00:00,2026-05-15T16:19:49.378507+00:00,188
vehicle_positions_16_162020.parquet,OK,42396,1026,False,False,,0,2026-05-15T16:20:20.424243+00:00,2026-05-15T16:20:20.424243+00:00,188
vehicle_positions_16_162052.parquet,OK,42481,1025,False,False,,0,2026-05-15T16:20:51.470416+00:00,2026-05-15T16:20:51.470416+00:00,189
vehicle_positions_16_162122.parquet,OK,41956,1023,False,False,,0,2026-05-15T16:21:22.367308+00:00,2026-05-15T16:21:22.367308+00:00,188
vehicle_positions_16_162153.parquet,OK,41739,1019,False,False,,0,2026-05-15T16:21:53.197228+00:00,2026-05-15T16:21:53.197228+00:00,189
vehicle_positions_16_162224.parquet,OK,41889,1018,False,False,,0,2026-05-15T16:22:24.101658+00:00,2026-05-15T16:22:24.101658+00:00,188
vehicle_positions_16_162255.parquet,OK,41949,1019,False,False,,0,2026-05-15T16:22:54.911064+00:00,2026-05-15T16:22:54.911064+00:00,188
vehicle_positions_16_162326.parquet,OK,41621,1016,False,False,,0,2026-05-15T16:23:25.708750+00:00,2026-05-15T16:23:25.708750+00:00,188
vehicle_positions_16_162357.parquet,OK,41646,1010,False,False,,0,2026-05-15T16:23:56.568365+00:00,2026-05-15T16:23:56.568365+00:00,188
vehicle_positions_16_162428.parquet,OK,41626,1009,False,False,,0,2026-05-15T16:24:27.608486+00:00,2026-05-15T16:24:27.608486+00:00,188
vehicle_positions_16_162458.parquet,OK,41435,1006,False,False,,0,2026-05-15T16:24:58.456769+00:00,2026-05-15T16:24:58.456769+00:00,186
vehicle_positions_16_162529.parquet,OK,41340,1006,False,False,,0,2026-05-15T16:25:29.196842+00:00,2026-05-15T16:25:29.196842+00:00,187
vehicle_positions_16_162600.parquet,OK,41437,1009,False,False,,0,2026-05-15T16:25:59.974073+00:00,2026-05-15T16:25:59.974073+00:00,187
vehicle_positions_16_162631.parquet,OK,41449,1007,False,False,,0,2026-05-15T16:26:30.802059+00:00,2026-05-15T16:26:30.802059+00:00,188
vehicle_positions_16_162702.parquet,OK,41464,1003,False,False,,0,2026-05-15T16:27:01.757964+00:00,2026-05-15T16:27:01.757964+00:00,188
vehicle_positions_16_162733.parquet,OK,41318,1000,False,False,,0,2026-05-15T16:27:32.689227+00:00,2026-05-15T16:27:32.689227+00:00,186
vehicle_positions_16_162804.parquet,OK,41457,1002,False,False,,0,2026-05-15T16:28:03.966200+00:00,2026-05-15T16:28:03.966200+00:00,186
vehicle_positions_16_162835.parquet,OK,41444,1001,False,False,,0,2026-05-15T16:28:34.965939+00:00,2026-05-15T16:28:34.965939+00:00,187
vehicle_positions_16_162906.parquet,OK,41614,1003,False,False,,0,2026-05-15T16:29:06.123619+00:00,2026-05-15T16:29:06.123619+00:00,188
vehicle_positions_16_162937.parquet,OK,41357,998,False,False,,0,2026-05-15T16:29:36.890690+00:00,2026-05-15T16:29:36.890690+00:00,188
vehicle_positions_00_002503.parquet,OK,51613,1310,False,False,,0,2026-05-16T00:25:02.561363+00:00,2026-05-16T00:25:02.561363+00:00,201
vehicle_positions_00_002535.parquet,OK,51723,1307,False,False,,0,2026-05-16T00:25:34.481602+00:00,2026-05-16T00:25:34.481602+00:00,201
vehicle_positions_00_002606.parquet,OK,51688,1305,False,False,,0,2026-05-16T00:26:06.264636+00:00,2026-05-16T00:26:06.264636+00:00,201
vehicle_positions_00_002638.parquet,OK,51532,1305,False,False,,0,2026-05-16T00:26:37.677192+00:00,2026-05-16T00:26:37.677192+00:00,201
vehicle_positions_00_002709.parquet,OK,51628,1307,False,False,,0,2026-05-16T00:27:09.008439+00:00,2026-05-16T00:27:09.008439+00:00,201
vehicle_positions_00_002740.parquet,OK,51315,1304,False,False,,0,2026-05-16T00:27:39.955433+00:00,2026-05-16T00:27:39.955433+00:00,201
vehicle_positions_00_002812.parquet,OK,51672,1307,False,False,,0,2026-05-16T00:28:11.275947+00:00,2026-05-16T00:28:11.275947+00:00,201
vehicle_positions_00_002843.parquet,OK,51419,1304,False,False,,0,2026-05-16T00:28:42.336222+00:00,2026-05-16T00:28:42.336222+00:00,201
vehicle_positions_00_002914.parquet,OK,51440,1306,False,False,,0,2026-05-16T00:29:13.601041+00:00,2026-05-16T00:29:13.601041+00:00,201
vehicle_positions_00_002945.parquet,OK,51553,1305,False,False,,0,2026-05-16T00:29:44.959926+00:00,2026-05-16T00:29:44.959926+00:00,202
vehicle_positions_00_003016.parquet,OK,51196,1298,False,False,,0,2026-05-16T00:30:15.783900+00:00,2026-05-16T00:30:15.783900+00:00,202
vehicle_positions_00_003047.parquet,OK,51297,1299,False,False,,0,2026-05-16T00:30:47.292316+00:00,2026-05-16T00:30:47.292316+00:00,202
vehicle_positions_00_003120.parquet,OK,51494,1302,False,False,,0,2026-05-16T00:31:19.953584+00:00,2026-05-16T00:31:19.953584+00:00,203
vehicle_positions_00_003151.parquet,OK,51222,1302,False,False,,0,2026-05-16T00:31:50.963849+00:00,2026-05-16T00:31:50.963849+00:00,203
vehicle_positions_00_003223.parquet,OK,51230,1301,False,False,,0,2026-05-16T00:32:22.131349+00:00,2026-05-16T00:32:22.131349+00:00,203
vehicle_positions_00_003255.parquet,OK,51164,1300,False,False,,0,2026-05-16T00:32:54.382346+00:00,2026-05-16T00:32:54.382346+00:00,203
vehicle_positions_00_003326.parquet,OK,51192,1299,False,False,,0,2026-05-16T00:33:25.576056+00:00,2026-05-16T00:33:25.576056+00:00,203
vehicle_positions_00_003357.parquet,OK,51292,1299,False,False,,0,2026-05-16T00:33:56.501567+00:00,2026-05-16T00:33:56.501567+00:00,203
vehicle_positions_00_003428.parquet,OK,51458,1303,False,False,,0,2026-05-16T00:34:27.910847+00:00,2026-05-16T00:34:27.910847+00:00,203
vehicle_positions_00_003459.parquet,OK,51750,1305,False,False,,0,2026-05-16T00:34:58.875252+00:00,2026-05-16T00:34:58.875252+00:00,203
vehicle_positions_00_003531.parquet,OK,51566,1306,False,False,,0,2026-05-16T00:35:29.978436+00:00,2026-05-16T00:35:29.978436+00:00,203
vehicle_positions_00_003602.parquet,OK,51568,1306,False,False,,0,2026-05-16T00:36:02.144496+00:00,2026-05-16T00:36:02.144496+00:00,203
vehicle_positions_00_003633.parquet,OK,51569,1306,False,False,,0,2026-05-16T00:36:33.131300+00:00,2026-05-16T00:36:33.131300+00:00,204
vehicle_positions_00_003704.parquet,OK,51512,1305,False,False,,0,2026-05-16T00:37:04.109707+00:00,2026-05-16T00:37:04.109707+00:00,204
vehicle_positions_00_003736.parquet,OK,51409,1303,False,False,,0,2026-05-16T00:37:36.224050+00:00,2026-05-16T00:37:36.224050+00:00,204
vehicle_positions_00_003807.parquet,OK,51443,1305,False,False,,0,2026-05-16T00:38:07.103973+00:00,2026-05-16T00:38:07.103973+00:00,204
vehicle_positions_00_003839.parquet,OK,51608,1306,False,False,,0,2026-05-16T00:38:37.980605+00:00,2026-05-16T00:38:37.980605+00:00,204
vehicle_positions_00_003910.parquet,OK,51356,1303,False,False,,0,2026-05-16T00:39:09.647730+00:00,2026-05-16T00:39:09.647730+00:00,204
vehicle_positions_00_003941.parquet,OK,51355,1301,False,False,,0,2026-05-16T00:39:40.888683+00:00,2026-05-16T00:39:40.888683+00:00,203
vehicle_positions_00_004012.parquet,OK,51146,1298,False,False,,0,2026-05-16T00:40:12.265011+00:00,2026-05-16T00:40:12.265011+00:00,203
vehicle_positions_00_004044.parquet,OK,51423,1299,False,False,,0,2026-05-16T00:40:43.191291+00:00,2026-05-16T00:40:43.191291+00:00,203
vehicle_positions_00_004115.parquet,OK,51222,1297,False,False,,0,2026-05-16T00:41:14.547652+00:00,2026-05-16T00:41:14.547652+00:00,203
vehicle_positions_00_004146.parquet,OK,51399,1296,False,False,,0,2026-05-16T00:41:45.550883+00:00,2026-05-16T00:41:45.550883+00:00,203
vehicle_positions_00_004217.parquet,OK,51255,1294,False,False,,0,2026-05-16T00:42:17.087203+00:00,2026-05-16T00:42:17.087203+00:00,202
vehicle_positions_00_004248.parquet,OK,51004,1290,False,False,,0,2026-05-16T00:42:47.905929+00:00,2026-05-16T00:42:47.905929+00:00,202
vehicle_positions_00_004319.parquet,OK,50701,1287,False,False,,0,2026-05-16T00:43:19.082464+00:00,2026-05-16T00:43:19.082464+00:00,202
vehicle_positions_00_004351.parquet,OK,50879,1285,False,False,,0,2026-05-16T00:43:50.541469+00:00,2026-05-16T00:43:50.541469+00:00,202
vehicle_positions_00_004421.parquet,OK,50823,1281,False,False,,0,2026-05-16T00:44:21.299637+00:00,2026-05-16T00:44:21.299637+00:00,202
vehicle_positions_00_004452.parquet,OK,50630,1280,False,False,,0,2026-05-16T00:44:52.197943+00:00,2026-05-16T00:44:52.197943+00:00,202
vehicle_positions_00_004523.parquet,OK,50860,1283,False,False,,0,2026-05-16T00:45:23.005723+00:00,2026-05-16T00:45:23.005723+00:00,203
vehicle_positions_00_004554.parquet,OK,50755,1282,False,False,,0,2026-05-16T00:45:53.911868+00:00,2026-05-16T00:45:53.911868+00:00,203
vehicle_positions_00_004625.parquet,OK,50639,1279,False,False,,0,2026-05-16T00:46:24.920647+00:00,2026-05-16T00:46:24.920647+00:00,203
vehicle_positions_00_004656.parquet,OK,50666,1280,False,False,,0,2026-05-16T00:46:55.763746+00:00,2026-05-16T00:46:55.763746+00:00,203
vehicle_positions_00_004727.parquet,OK,50930,1281,False,False,,0,2026-05-16T00:47:26.724855+00:00,2026-05-16T00:47:26.724855+00:00,203
vehicle_positions_00_004758.parquet,OK,50673,1280,False,False,,0,2026-05-16T00:47:57.618337+00:00,2026-05-16T00:47:57.618337+00:00,203
vehicle_positions_00_004829.parquet,OK,50628,1278,False,False,,0,2026-05-16T00:48:28.843231+00:00,2026-05-16T00:48:28.843231+00:00,203
vehicle_positions_00_004900.parquet,OK,50541,1275,False,False,,0,2026-05-16T00:48:59.765462+00:00,2026-05-16T00:48:59.765462+00:00,203
vehicle_positions_00_004931.parquet,OK,50806,1276,False,False,,0,2026-05-16T00:49:30.610449+00:00,2026-05-16T00:49:30.610449+00:00,203
vehicle_positions_00_005002.parquet,OK,50458,1276,False,False,,0,2026-05-16T00:50:02.134318+00:00,2026-05-16T00:50:02.134318+00:00,203
vehicle_positions_00_005034.parquet,OK,50542,1274,False,False,,0,2026-05-16T00:50:33.372871+00:00,2026-05-16T00:50:33.372871+00:00,203
vehicle_positions_00_005105.parquet,OK,50402,1271,False,False,,0,2026-05-16T00:51:04.301478+00:00,2026-05-16T00:51:04.301478+00:00,203
vehicle_positions_00_005136.parquet,OK,50417,1271,False,False,,0,2026-05-16T00:51:35.481907+00:00,2026-05-16T00:51:35.481907+00:00,203
vehicle_positions_00_005206.parquet,OK,50363,1271,False,False,,0,2026-05-16T00:52:06.404213+00:00,2026-05-16T00:52:06.404213+00:00,203
vehicle_positions_00_005237.parquet,OK,50407,1264,False,False,,0,2026-05-16T00:52:37.270980+00:00,2026-05-16T00:52:37.270980+00:00,203
vehicle_positions_00_005308.parquet,OK,50181,1268,False,False,,0,2026-05-16T00:53:08.183244+00:00,2026-05-16T00:53:08.183244+00:00,203
vehicle_positions_00_005339.parquet,OK,50454,1269,False,False,,0,2026-05-16T00:53:39.010150+00:00,2026-05-16T00:53:39.010150+00:00,203
vehicle_positions_00_005410.parquet,OK,50294,1269,False,False,,0,2026-05-16T00:54:10.177417+00:00,2026-05-16T00:54:10.177417+00:00,202
vehicle_positions_00_005441.parquet,OK,50509,1267,False,False,,0,2026-05-16T00:54:41.236952+00:00,2026-05-16T00:54:41.236952+00:00,202
vehicle_positions_00_005512.parquet,OK,50297,1268,False,False,,0,2026-05-16T00:55:12.128445+00:00,2026-05-16T00:55:12.128445+00:00,202
vehicle_positions_00_005543.parquet,OK,50271,1266,False,False,,0,2026-05-16T00:55:43.200121+00:00,2026-05-16T00:55:43.200121+00:00,202
vehicle_positions_00_005614.parquet,OK,50158,1264,False,False,,0,2026-05-16T00:56:14.038342+00:00,2026-05-16T00:56:14.038342+00:00,203
vehicle_positions_00_005646.parquet,OK,50360,1265,False,False,,0,2026-05-16T00:56:45.558404+00:00,2026-05-16T00:56:45.558404+00:00,203
vehicle_positions_00_005717.parquet,OK,50212,1264,False,False,,0,2026-05-16T00:57:16.940329+00:00,2026-05-16T00:57:16.940329+00:00,203
vehicle_positions_00_005748.parquet,OK,50298,1265,False,False,,0,2026-05-16T00:57:48.005110+00:00,2026-05-16T00:57:48.005110+00:00,203
vehicle_positions_00_005819.parquet,OK,50285,1265,False,False,,0,2026-05-16T00:58:18.806648+00:00,2026-05-16T00:58:18.806648+00:00,203
vehicle_positions_00_005850.parquet,OK,50274,1263,False,False,,0,2026-05-16T00:58:49.670125+00:00,2026-05-16T00:58:49.670125+00:00,201
vehicle_positions_00_005921.parquet,OK,50216,1263,False,False,,0,2026-05-16T00:59:20.591891+00:00,2026-05-16T00:59:20.591891+00:00,200
vehicle_positions_00_005951.parquet,OK,50484,1266,False,False,,0,2026-05-16T00:59:51.467899+00:00,2026-05-16T00:59:51.467899+00:00,200
vehicle_positions_01_010022.parquet,OK,50222,1263,False,False,,0,2026-05-16T01:00:22.259526+00:00,2026-05-16T01:00:22.259526+00:00,201
vehicle_positions_01_010053.parquet,OK,50269,1265,False,False,,0,2026-05-16T01:00:53.117725+00:00,2026-05-16T01:00:53.117725+00:00,201
vehicle_positions_01_010124.parquet,OK,50292,1263,False,False,,0,2026-05-16T01:01:24.102807+00:00,2026-05-16T01:01:24.102807+00:00,201
vehicle_positions_01_010155.parquet,OK,50166,1260,False,False,,0,2026-05-16T01:01:54.911996+00:00,2026-05-16T01:01:54.911996+00:00,201
vehicle_positions_01_010226.parquet,OK,50027,1254,False,False,,0,2026-05-16T01:02:25.878907+00:00,2026-05-16T01:02:25.878907+00:00,201
vehicle_positions_01_010257.parquet,OK,50101,1253,False,False,,0,2026-05-16T01:02:57.010109+00:00,2026-05-16T01:02:57.010109+00:00,201
vehicle_positions_01_010328.parquet,OK,49863,1249,False,False,,0,2026-05-16T01:03:27.873523+00:00,2026-05-16T01:03:27.873523+00:00,200
vehicle_positions_01_010359.parquet,OK,49853,1248,False,False,,0,2026-05-16T01:03:58.955622+00:00,2026-05-16T01:03:58.955622+00:00,200
vehicle_positions_01_010430.parquet,OK,49438,1239,False,False,,0,2026-05-16T01:04:29.835097+00:00,2026-05-16T01:04:29.835097+00:00,200
vehicle_positions_01_010501.parquet,OK,49304,1231,False,False,,0,2026-05-16T01:05:01.011739+00:00,2026-05-16T01:05:01.011739+00:00,199
vehicle_positions_01_010532.parquet,OK,49295,1235,False,False,,0,2026-05-16T01:05:32.056235+00:00,2026-05-16T01:05:32.056235+00:00,199
vehicle_positions_01_010603.parquet,OK,49307,1233,False,False,,0,2026-05-16T01:06:03.072596+00:00,2026-05-16T01:06:03.072596+00:00,199
vehicle_positions_01_010634.parquet,OK,49506,1235,False,False,,0,2026-05-16T01:06:34.041598+00:00,2026-05-16T01:06:34.041598+00:00,199
vehicle_positions_01_010705.parquet,OK,49457,1235,False,False,,0,2026-05-16T01:07:04.881091+00:00,2026-05-16T01:07:04.881091+00:00,199
vehicle_positions_01_010736.parquet,OK,49296,1231,False,False,,0,2026-05-16T01:07:35.806224+00:00,2026-05-16T01:07:35.806224+00:00,199
vehicle_positions_01_010807.parquet,OK,49464,1233,False,False,,0,2026-05-16T01:08:06.670666+00:00,2026-05-16T01:08:06.670666+00:00,199
vehicle_positions_01_010838.parquet,OK,49249,1229,False,False,,0,2026-05-16T01:08:37.498555+00:00,2026-05-16T01:08:37.498555+00:00,199
vehicle_positions_01_010908.parquet,OK,49265,1225,False,False,,0,2026-05-16T01:09:08.427404+00:00,2026-05-16T01:09:08.427404+00:00,199
vehicle_positions_01_010939.parquet,OK,49289,1232,False,False,,0,2026-05-16T01:09:39.265966+00:00,2026-05-16T01:09:39.265966+00:00,199
vehicle_positions_01_011010.parquet,OK,49385,1229,False,False,,0,2026-05-16T01:10:10.038696+00:00,2026-05-16T01:10:10.038696+00:00,199
vehicle_positions_01_011041.parquet,OK,49003,1224,False,False,,0,2026-05-16T01:10:41.061596+00:00,2026-05-16T01:10:41.061596+00:00,200
vehicle_positions_01_011112.parquet,OK,49006,1221,False,False,,0,2026-05-16T01:11:11.959002+00:00,2026-05-16T01:11:11.959002+00:00,199
vehicle_positions_01_011143.parquet,OK,49095,1218,False,False,,0,2026-05-16T01:11:42.902337+00:00,2026-05-16T01:11:42.902337+00:00,199
vehicle_positions_01_011214.parquet,OK,48711,1212,False,False,,0,2026-05-16T01:12:13.740567+00:00,2026-05-16T01:12:13.740567+00:00,199
vehicle_positions_01_011245.parquet,OK,48744,1211,False,False,,0,2026-05-16T01:12:44.747513+00:00,2026-05-16T01:12:44.747513+00:00,199
vehicle_positions_01_011316.parquet,OK,48417,1203,False,False,,0,2026-05-16T01:13:15.692950+00:00,2026-05-16T01:13:15.692950+00:00,198
vehicle_positions_01_011347.parquet,OK,48008,1200,False,False,,0,2026-05-16T01:13:47.116374+00:00,2026-05-16T01:13:47.116374+00:00,198
vehicle_positions_01_011418.parquet,OK,47831,1191,False,False,,0,2026-05-16T01:14:18.140682+00:00,2026-05-16T01:14:18.140682+00:00,198
vehicle_positions_01_011449.parquet,OK,47841,1189,False,False,,0,2026-05-16T01:14:49.001497+00:00,2026-05-16T01:14:49.001497+00:00,198
vehicle_positions_01_011520.parquet,OK,47809,1185,False,False,,0,2026-05-16T01:15:19.982081+00:00,2026-05-16T01:15:19.982081+00:00,198
vehicle_positions_01_011551.parquet,OK,48020,1189,False,False,,0,2026-05-16T01:15:50.982751+00:00,2026-05-16T01:15:50.982751+00:00,199
vehicle_positions_01_011622.parquet,OK,47712,1185,False,False,,0,2026-05-16T01:16:22.160522+00:00,2026-05-16T01:16:22.160522+00:00,199
vehicle_positions_01_011654.parquet,OK,47659,1182,False,False,,0,2026-05-16T01:16:53.487413+00:00,2026-05-16T01:16:53.487413+00:00,199
vehicle_positions_01_011754.parquet,OK,47576,1179,False,False,,0,2026-05-16T01:17:54.219584+00:00,2026-05-16T01:17:54.219584+00:00,199
vehicle_positions_01_011825.parquet,OK,47476,1176,False,False,,0,2026-05-16T01:18:25.133831+00:00,2026-05-16T01:18:25.133831+00:00,200
vehicle_positions_01_011856.parquet,OK,47551,1177,False,False,,0,2026-05-16T01:18:56.221135+00:00,2026-05-16T01:18:56.221135+00:00,200
vehicle_positions_01_011927.parquet,OK,47480,1177,False,False,,0,2026-05-16T01:19:27.301835+00:00,2026-05-16T01:19:27.301835+00:00,200
vehicle_positions_01_011958.parquet,OK,47576,1178,False,False,,0,2026-05-16T01:19:58.137761+00:00,2026-05-16T01:19:58.137761+00:00,200
vehicle_positions_01_012029.parquet,OK,47579,1174,False,False,,0,2026-05-16T01:20:28.986377+00:00,2026-05-16T01:20:28.986377+00:00,200
vehicle_positions_01_012100.parquet,OK,47373,1175,False,False,,0,2026-05-16T01:21:00.011349+00:00,2026-05-16T01:21:00.011349+00:00,200
vehicle_positions_01_012131.parquet,OK,47601,1176,False,False,,0,2026-05-16T01:21:31.292199+00:00,2026-05-16T01:21:31.292199+00:00,200
vehicle_positions_01_012203.parquet,OK,47457,1172,False,False,,0,2026-05-16T01:22:02.285360+00:00,2026-05-16T01:22:02.285360+00:00,200
vehicle_positions_01_012233.parquet,OK,47426,1171,False,False,,0,2026-05-16T01:22:33.407237+00:00,2026-05-16T01:22:33.407237+00:00,200
vehicle_positions_01_012304.parquet,OK,47259,1171,False,False,,0,2026-05-16T01:23:04.368153+00:00,2026-05-16T01:23:04.368153+00:00,200
vehicle_positions_01_012335.parquet,OK,47106,1166,False,False,,0,2026-05-16T01:23:35.179667+00:00,2026-05-16T01:23:35.179667+00:00,199
vehicle_positions_01_012406.parquet,OK,47014,1164,False,False,,0,2026-05-16T01:24:06.054732+00:00,2026-05-16T01:24:06.054732+00:00,199
vehicle_positions_01_012437.parquet,OK,47109,1163,False,False,,0,2026-05-16T01:24:36.791401+00:00,2026-05-16T01:24:36.791401+00:00,200
vehicle_positions_01_012508.parquet,OK,47164,1162,False,False,,0,2026-05-16T01:25:07.845983+00:00,2026-05-16T01:25:07.845983+00:00,200
vehicle_positions_01_012539.parquet,OK,47164,1162,False,False,,0,2026-05-16T01:25:38.627837+00:00,2026-05-16T01:25:38.627837+00:00,200
vehicle_positions_01_012609.parquet,OK,46829,1156,False,False,,0,2026-05-16T01:26:09.421357+00:00,2026-05-16T01:26:09.421357+00:00,200
vehicle_positions_01_012640.parquet,OK,46647,1150,False,False,,0,2026-05-16T01:26:40.252874+00:00,2026-05-16T01:26:40.252874+00:00,200
vehicle_positions_01_012712.parquet,OK,46607,1150,False,False,,0,2026-05-16T01:27:11.489964+00:00,2026-05-16T01:27:11.489964+00:00,201
vehicle_positions_01_012743.parquet,OK,46615,1150,False,False,,0,2026-05-16T01:27:42.656084+00:00,2026-05-16T01:27:42.656084+00:00,201
vehicle_positions_01_012813.parquet,OK,46750,1151,False,False,,0,2026-05-16T01:28:13.472230+00:00,2026-05-16T01:28:13.472230+00:00,201
vehicle_positions_01_012845.parquet,OK,46443,1142,False,False,,0,2026-05-16T01:28:44.634948+00:00,2026-05-16T01:28:44.634948+00:00,201
vehicle_positions_01_012916.parquet,OK,46220,1136,False,False,,0,2026-05-16T01:29:15.796503+00:00,2026-05-16T01:29:15.796503+00:00,201
vehicle_positions_01_012947.parquet,OK,46237,1137,False,False,,0,2026-05-16T01:29:47.201747+00:00,2026-05-16T01:29:47.201747+00:00,201
vehicle_positions_01_013018.parquet,OK,46276,1139,False,False,,0,2026-05-16T01:30:18.044019+00:00,2026-05-16T01:30:18.044019+00:00,201
vehicle_positions_01_013049.parquet,OK,46355,1144,False,False,,0,2026-05-16T01:30:48.918668+00:00,2026-05-16T01:30:48.918668+00:00,201
vehicle_positions_01_013120.parquet,OK,46677,1145,False,False,,0,2026-05-16T01:31:19.945785+00:00,2026-05-16T01:31:19.945785+00:00,201
vehicle_positions_01_013151.parquet,OK,46522,1145,False,False,,0,2026-05-16T01:31:50.839542+00:00,2026-05-16T01:31:50.839542+00:00,201
vehicle_positions_01_013222.parquet,OK,46298,1138,False,False,,0,2026-05-16T01:32:21.732960+00:00,2026-05-16T01:32:21.732960+00:00,201
vehicle_positions_01_013253.parquet,OK,46219,1134,False,False,,0,2026-05-16T01:32:53.040181+00:00,2026-05-16T01:32:53.040181+00:00,201
vehicle_positions_01_013324.parquet,OK,46218,1132,False,False,,0,2026-05-16T01:33:24.003183+00:00,2026-05-16T01:33:24.003183+00:00,201
vehicle_positions_01_013355.parquet,OK,46212,1128,False,False,,0,2026-05-16T01:33:54.868327+00:00,2026-05-16T01:33:54.868327+00:00,201
vehicle_positions_01_013426.parquet,OK,46044,1126,False,False,,0,2026-05-16T01:34:25.778169+00:00,2026-05-16T01:34:25.778169+00:00,201
vehicle_positions_01_013457.parquet,OK,45845,1123,False,False,,0,2026-05-16T01:34:56.610340+00:00,2026-05-16T01:34:56.610340+00:00,201
vehicle_positions_01_013528.parquet,OK,45777,1115,False,False,,0,2026-05-16T01:35:27.526517+00:00,2026-05-16T01:35:27.526517+00:00,201
vehicle_positions_01_013558.parquet,OK,45731,1118,False,False,,0,2026-05-16T01:35:58.319206+00:00,2026-05-16T01:35:58.319206+00:00,201
vehicle_positions_01_013629.parquet,OK,45324,1112,False,False,,0,2026-05-16T01:36:29.218881+00:00,2026-05-16T01:36:29.218881+00:00,201
vehicle_positions_01_013701.parquet,OK,45583,1114,False,False,,0,2026-05-16T01:37:00.422934+00:00,2026-05-16T01:37:00.422934+00:00,200
vehicle_positions_01_013732.parquet,OK,45228,1111,False,False,,0,2026-05-16T01:37:31.812450+00:00,2026-05-16T01:37:31.812450+00:00,200
vehicle_positions_01_013803.parquet,OK,45229,1107,False,False,,0,2026-05-16T01:38:02.763906+00:00,2026-05-16T01:38:02.763906+00:00,200
vehicle_positions_01_013834.parquet,OK,45051,1102,False,False,,0,2026-05-16T01:38:33.519888+00:00,2026-05-16T01:38:33.519888+00:00,200
vehicle_positions_01_013904.parquet,OK,44801,1096,False,False,,0,2026-05-16T01:39:04.321645+00:00,2026-05-16T01:39:04.321645+00:00,200
vehicle_positions_01_013936.parquet,OK,45096,1099,False,False,,0,2026-05-16T01:39:35.256003+00:00,2026-05-16T01:39:35.256003+00:00,200
vehicle_positions_01_014006.parquet,OK,44972,1097,False,False,,0,2026-05-16T01:40:06.297209+00:00,2026-05-16T01:40:06.297209+00:00,199
vehicle_positions_01_014037.parquet,OK,44667,1087,False,False,,0,2026-05-16T01:40:37.348750+00:00,2026-05-16T01:40:37.348750+00:00,200
vehicle_positions_01_014108.parquet,OK,44589,1084,False,False,,0,2026-05-16T01:41:08.183997+00:00,2026-05-16T01:41:08.183997+00:00,199
vehicle_positions_01_014139.parquet,OK,44507,1084,False,False,,0,2026-05-16T01:41:39.129895+00:00,2026-05-16T01:41:39.129895+00:00,199
vehicle_positions_01_014210.parquet,OK,44411,1079,False,False,,0,2026-05-16T01:42:10.243524+00:00,2026-05-16T01:42:10.243524+00:00,199
vehicle_positions_01_014241.parquet,OK,44332,1076,False,False,,0,2026-05-16T01:42:41.008612+00:00,2026-05-16T01:42:41.008612+00:00,199
vehicle_positions_01_014312.parquet,OK,44148,1072,False,False,,0,2026-05-16T01:43:12.147369+00:00,2026-05-16T01:43:12.147369+00:00,199
vehicle_positions_01_014343.parquet,OK,43997,1070,False,False,,0,2026-05-16T01:43:43.035147+00:00,2026-05-16T01:43:43.035147+00:00,199
vehicle_positions_01_014414.parquet,OK,44074,1067,False,False,,0,2026-05-16T01:44:13.815668+00:00,2026-05-16T01:44:13.815668+00:00,199
vehicle_positions_01_014445.parquet,OK,44087,1070,False,False,,0,2026-05-16T01:44:44.587764+00:00,2026-05-16T01:44:44.587764+00:00,199
vehicle_positions_01_014516.parquet,OK,43800,1065,False,False,,0,2026-05-16T01:45:15.598294+00:00,2026-05-16T01:45:15.598294+00:00,198
vehicle_positions_01_014547.parquet,OK,43793,1062,False,False,,0,2026-05-16T01:45:46.864882+00:00,2026-05-16T01:45:46.864882+00:00,198
vehicle_positions_01_014618.parquet,OK,43756,1059,False,False,,0,2026-05-16T01:46:17.814046+00:00,2026-05-16T01:46:17.814046+00:00,198
vehicle_positions_01_014649.parquet,OK,43499,1056,False,False,,0,2026-05-16T01:46:48.689855+00:00,2026-05-16T01:46:48.689855+00:00,198
vehicle_positions_01_014720.parquet,OK,43470,1052,False,False,,0,2026-05-16T01:47:19.542293+00:00,2026-05-16T01:47:19.542293+00:00,198
vehicle_positions_01_014751.parquet,OK,43333,1047,False,False,,0,2026-05-16T01:47:50.654552+00:00,2026-05-16T01:47:50.654552+00:00,198
vehicle_positions_01_014822.parquet,OK,43032,1044,False,False,,0,2026-05-16T01:48:22.534180+00:00,2026-05-16T01:48:22.534180+00:00,197
vehicle_positions_01_014854.parquet,OK,43274,1044,False,False,,0,2026-05-16T01:48:53.276520+00:00,2026-05-16T01:48:53.276520+00:00,197
vehicle_positions_01_014925.parquet,OK,42996,1040,False,False,,0,2026-05-16T01:49:24.452387+00:00,2026-05-16T01:49:24.452387+00:00,197
vehicle_positions_01_014955.parquet,OK,43057,1039,False,False,,0,2026-05-16T01:49:55.449673+00:00,2026-05-16T01:49:55.449673+00:00,196
vehicle_positions_01_015026.parquet,OK,42898,1031,False,False,,0,2026-05-16T01:50:26.235264+00:00,2026-05-16T01:50:26.235264+00:00,196
vehicle_positions_01_015057.parquet,OK,43001,1033,False,False,,0,2026-05-16T01:50:57.057100+00:00,2026-05-16T01:50:57.057100+00:00,196
vehicle_positions_01_015128.parquet,OK,42796,1031,False,False,,0,2026-05-16T01:51:27.789585+00:00,2026-05-16T01:51:27.789585+00:00,196
vehicle_positions_01_015159.parquet,OK,42597,1030,False,False,,0,2026-05-16T01:51:58.878462+00:00,2026-05-16T01:51:58.878462+00:00,196
vehicle_positions_01_015230.parquet,OK,42637,1026,False,False,,0,2026-05-16T01:52:29.671941+00:00,2026-05-16T01:52:29.671941+00:00,196
vehicle_positions_01_015301.parquet,OK,42254,1024,False,False,,0,2026-05-16T01:53:00.544661+00:00,2026-05-16T01:53:00.544661+00:00,196
vehicle_positions_01_015332.parquet,OK,42145,1022,False,False,,0,2026-05-16T01:53:31.635953+00:00,2026-05-16T01:53:31.635953+00:00,196
vehicle_positions_01_015403.parquet,OK,42147,1021,False,False,,0,2026-05-16T01:54:02.579011+00:00,2026-05-16T01:54:02.579011+00:00,196
vehicle_positions_01_015433.parquet,OK,42146,1021,False,False,,0,2026-05-16T01:54:33.428232+00:00,2026-05-16T01:54:33.428232+00:00,196
vehicle_positions_01_015504.parquet,OK,41846,1014,False,False,,0,2026-05-16T01:55:04.181363+00:00,2026-05-16T01:55:04.181363+00:00,196
vehicle_positions_01_015535.parquet,OK,41807,1015,False,False,,0,2026-05-16T01:55:35.184651+00:00,2026-05-16T01:55:35.184651+00:00,197
vehicle_positions_01_015606.parquet,OK,41666,1009,False,False,,0,2026-05-16T01:56:06.106820+00:00,2026-05-16T01:56:06.106820+00:00,197
vehicle_positions_01_015637.parquet,OK,41542,1004,False,False,,0,2026-05-16T01:56:37.131096+00:00,2026-05-16T01:56:37.131096+00:00,196
vehicle_positions_01_015708.parquet,OK,41604,1004,False,False,,0,2026-05-16T01:57:07.939541+00:00,2026-05-16T01:57:07.939541+00:00,198
vehicle_positions_01_015739.parquet,OK,41405,1000,False,False,,0,2026-05-16T01:57:38.813487+00:00,2026-05-16T01:57:38.813487+00:00,198
vehicle_positions_01_015810.parquet,OK,41246,994,False,False,,0,2026-05-16T01:58:09.658288+00:00,2026-05-16T01:58:09.658288+00:00,198
vehicle_positions_01_015841.parquet,OK,41127,993,False,False,,0,2026-05-16T01:58:40.425851+00:00,2026-05-16T01:58:40.425851+00:00,196
vehicle_positions_01_015911.parquet,OK,41095,988,False,False,,0,2026-05-16T01:59:11.391919+00:00,2026-05-16T01:59:11.391919+00:00,196
vehicle_positions_01_015942.parquet,OK,40857,984,False,False,,0,2026-05-16T01:59:42.233795+00:00,2026-05-16T01:59:42.233795+00:00,196
vehicle_positions_02_020013.parquet,OK,40808,984,False,False,,0,2026-05-16T02:00:13.072997+00:00,2026-05-16T02:00:13.072997+00:00,196
vehicle_positions_02_020044.parquet,OK,40919,990,False,False,,0,2026-05-16T02:00:43.828190+00:00,2026-05-16T02:00:43.828190+00:00,197
vehicle_positions_02_020117.parquet,OK,40959,988,False,False,,0,2026-05-16T02:01:16.626761+00:00,2026-05-16T02:01:16.626761+00:00,197
vehicle_positions_02_020147.parquet,OK,40939,986,False,False,,0,2026-05-16T02:01:47.457016+00:00,2026-05-16T02:01:47.457016+00:00,197
vehicle_positions_02_020218.parquet,OK,40844,985,False,False,,0,2026-05-16T02:02:18.319323+00:00,2026-05-16T02:02:18.319323+00:00,196
vehicle_positions_02_020249.parquet,OK,40606,984,False,False,,0,2026-05-16T02:02:49.089151+00:00,2026-05-16T02:02:49.089151+00:00,195
vehicle_positions_02_020320.parquet,OK,40715,980,False,False,,0,2026-05-16T02:03:19.894157+00:00,2026-05-16T02:03:19.894157+00:00,195
vehicle_positions_02_020351.parquet,OK,40457,977,False,False,,0,2026-05-16T02:03:50.817575+00:00,2026-05-16T02:03:50.817575+00:00,194
vehicle_positions_02_020422.parquet,OK,40424,973,False,False,,0,2026-05-16T02:04:21.600095+00:00,2026-05-16T02:04:21.600095+00:00,194
vehicle_positions_02_020453.parquet,OK,40389,974,False,False,,0,2026-05-16T02:04:52.375194+00:00,2026-05-16T02:04:52.375194+00:00,194
vehicle_positions_02_020524.parquet,OK,40086,968,False,False,,0,2026-05-16T02:05:23.425405+00:00,2026-05-16T02:05:23.425405+00:00,192
vehicle_positions_02_020554.parquet,OK,40185,967,False,False,,0,2026-05-16T02:05:54.423570+00:00,2026-05-16T02:05:54.423570+00:00,192
vehicle_positions_02_021214.parquet,OK,39359,937,False,False,,0,2026-05-16T02:12:14.072770+00:00,2026-05-16T02:12:14.072770+00:00,190
vehicle_positions_02_021245.parquet,OK,39007,930,False,False,,0,2026-05-16T02:12:45.116759+00:00,2026-05-16T02:12:45.116759+00:00,190
vehicle_positions_02_021316.parquet,OK,38884,927,False,False,,0,2026-05-16T02:13:15.909975+00:00,2026-05-16T02:13:15.909975+00:00,189
vehicle_positions_02_021347.parquet,OK,38731,923,False,False,,0,2026-05-16T02:13:46.844516+00:00,2026-05-16T02:13:46.844516+00:00,189
vehicle_positions_02_021418.parquet,OK,38853,925,False,False,,0,2026-05-16T02:14:17.772386+00:00,2026-05-16T02:14:17.772386+00:00,189
vehicle_positions_02_021449.parquet,OK,38740,923,False,False,,0,2026-05-16T02:14:48.583622+00:00,2026-05-16T02:14:48.583622+00:00,189
vehicle_positions_02_021519.parquet,OK,38820,922,False,False,,0,2026-05-16T02:15:19.413706+00:00,2026-05-16T02:15:19.413706+00:00,190
vehicle_positions_02_021550.parquet,OK,38662,917,False,False,,0,2026-05-16T02:15:50.395227+00:00,2026-05-16T02:15:50.395227+00:00,190
vehicle_positions_02_021621.parquet,OK,38479,914,False,False,,0,2026-05-16T02:16:21.244879+00:00,2026-05-16T02:16:21.244879+00:00,190
vehicle_positions_02_021652.parquet,OK,38599,911,False,False,,0,2026-05-16T02:16:52.177581+00:00,2026-05-16T02:16:52.177581+00:00,191
vehicle_positions_02_021723.parquet,OK,38274,906,False,False,,0,2026-05-16T02:17:22.968824+00:00,2026-05-16T02:17:22.968824+00:00,190
vehicle_positions_02_021754.parquet,OK,38065,903,False,False,,0,2026-05-16T02:17:53.757910+00:00,2026-05-16T02:17:53.757910+00:00,189
vehicle_positions_02_021825.parquet,OK,38208,904,False,False,,0,2026-05-16T02:18:24.689612+00:00,2026-05-16T02:18:24.689612+00:00,190
vehicle_positions_02_021856.parquet,OK,38176,900,False,False,,0,2026-05-16T02:18:55.508656+00:00,2026-05-16T02:18:55.508656+00:00,188
vehicle_positions_02_021926.parquet,OK,38074,899,False,False,,0,2026-05-16T02:19:26.436584+00:00,2026-05-16T02:19:26.436584+00:00,189
vehicle_positions_02_021957.parquet,OK,38036,901,False,False,,0,2026-05-16T02:19:57.199008+00:00,2026-05-16T02:19:57.199008+00:00,189
vehicle_positions_02_022028.parquet,OK,38076,899,False,False,,0,2026-05-16T02:20:28.075913+00:00,2026-05-16T02:20:28.075913+00:00,189
vehicle_positions_02_022059.parquet,OK,37890,893,False,False,,0,2026-05-16T02:20:58.832817+00:00,2026-05-16T02:20:58.832817+00:00,190
vehicle_positions_02_022130.parquet,OK,37819,891,False,False,,0,2026-05-16T02:21:29.949222+00:00,2026-05-16T02:21:29.949222+00:00,190
vehicle_positions_02_022201.parquet,OK,37624,887,False,False,,0,2026-05-16T02:22:00.887736+00:00,2026-05-16T02:22:00.887736+00:00,190
vehicle_positions_02_022232.parquet,OK,37344,883,False,False,,0,2026-05-16T02:22:31.889070+00:00,2026-05-16T02:22:31.889070+00:00,190
vehicle_positions_02_022303.parquet,OK,37179,876,False,False,,0,2026-05-16T02:23:02.847124+00:00,2026-05-16T02:23:02.847124+00:00,190
vehicle_positions_02_022334.parquet,OK,36971,872,False,False,,0,2026-05-16T02:23:33.729400+00:00,2026-05-16T02:23:33.729400+00:00,190
vehicle_positions_02_022405.parquet,OK,37012,870,False,False,,0,2026-05-16T02:24:04.732055+00:00,2026-05-16T02:24:04.732055+00:00,189
vehicle_positions_02_022436.parquet,OK,37033,868,False,False,,0,2026-05-16T02:24:35.591791+00:00,2026-05-16T02:24:35.591791+00:00,189
vehicle_positions_02_022507.parquet,OK,36890,864,False,False,,0,2026-05-16T02:25:06.617292+00:00,2026-05-16T02:25:06.617292+00:00,188
vehicle_positions_02_022538.parquet,OK,36849,866,False,False,,0,2026-05-16T02:25:37.503990+00:00,2026-05-16T02:25:37.503990+00:00,187
vehicle_positions_02_022609.parquet,OK,36817,863,False,False,,0,2026-05-16T02:26:08.536433+00:00,2026-05-16T02:26:08.536433+00:00,187
vehicle_positions_02_022639.parquet,OK,36762,861,False,False,,0,2026-05-16T02:26:39.378372+00:00,2026-05-16T02:26:39.378372+00:00,188
vehicle_positions_02_022710.parquet,OK,36768,859,False,False,,0,2026-05-16T02:27:10.223233+00:00,2026-05-16T02:27:10.223233+00:00,188
vehicle_positions_02_022741.parquet,OK,36564,854,False,False,,0,2026-05-16T02:27:41.109819+00:00,2026-05-16T02:27:41.109819+00:00,187
vehicle_positions_02_022812.parquet,OK,36461,852,False,False,,0,2026-05-16T02:28:11.991229+00:00,2026-05-16T02:28:11.991229+00:00,186
vehicle_positions_02_022843.parquet,OK,36268,848,False,False,,0,2026-05-16T02:28:42.901702+00:00,2026-05-16T02:28:42.901702+00:00,186
vehicle_positions_02_022914.parquet,OK,36515,849,False,False,,0,2026-05-16T02:29:13.755011+00:00,2026-05-16T02:29:13.755011+00:00,188
vehicle_positions_02_022945.parquet,OK,36507,849,False,False,,0,2026-05-16T02:29:44.680147+00:00,2026-05-16T02:29:44.680147+00:00,188
vehicle_positions_02_023016.parquet,OK,36050,844,False,False,,0,2026-05-16T02:30:15.597825+00:00,2026-05-16T02:30:15.597825+00:00,188
vehicle_positions_02_023047.parquet,OK,36048,844,False,False,,0,2026-05-16T02:30:46.606484+00:00,2026-05-16T02:30:46.606484+00:00,188
vehicle_positions_02_023147.parquet,OK,36094,843,False,False,,0,2026-05-16T02:31:47.357403+00:00,2026-05-16T02:31:47.357403+00:00,190
vehicle_positions_02_023218.parquet,OK,35992,839,False,False,,0,2026-05-16T02:32:18.328479+00:00,2026-05-16T02:32:18.328479+00:00,189
vehicle_positions_02_023249.parquet,OK,35928,835,False,False,,0,2026-05-16T02:32:49.244029+00:00,2026-05-16T02:32:49.244029+00:00,189
vehicle_positions_02_023320.parquet,OK,35708,832,False,False,,0,2026-05-16T02:33:20.124030+00:00,2026-05-16T02:33:20.124030+00:00,188
vehicle_positions_02_023351.parquet,OK,35677,832,False,False,,0,2026-05-16T02:33:51.041424+00:00,2026-05-16T02:33:51.041424+00:00,188
vehicle_positions_02_023422.parquet,OK,35615,830,False,False,,0,2026-05-16T02:34:21.956247+00:00,2026-05-16T02:34:21.956247+00:00,187
vehicle_positions_02_023453.parquet,OK,35591,829,False,False,,0,2026-05-16T02:34:52.779496+00:00,2026-05-16T02:34:52.779496+00:00,187
vehicle_positions_02_023524.parquet,OK,35652,828,False,False,,0,2026-05-16T02:35:23.601130+00:00,2026-05-16T02:35:23.601130+00:00,188
vehicle_positions_02_023555.parquet,OK,35504,825,False,False,,0,2026-05-16T02:35:54.526982+00:00,2026-05-16T02:35:54.526982+00:00,189
vehicle_positions_02_023625.parquet,OK,35389,818,False,False,,0,2026-05-16T02:36:25.352422+00:00,2026-05-16T02:36:25.352422+00:00,189
vehicle_positions_02_023656.parquet,OK,35387,817,False,False,,0,2026-05-16T02:36:56.091270+00:00,2026-05-16T02:36:56.091270+00:00,188
vehicle_positions_02_023727.parquet,OK,35533,818,False,False,,0,2026-05-16T02:37:27.034301+00:00,2026-05-16T02:37:27.034301+00:00,188
vehicle_positions_02_023758.parquet,OK,35345,816,False,False,,0,2026-05-16T02:37:57.995473+00:00,2026-05-16T02:37:57.995473+00:00,188
vehicle_positions_02_023829.parquet,OK,35105,808,False,False,,0,2026-05-16T02:38:28.952795+00:00,2026-05-16T02:38:28.952795+00:00,187
vehicle_positions_02_023900.parquet,OK,35020,807,False,False,,0,2026-05-16T02:38:59.689523+00:00,2026-05-16T02:38:59.689523+00:00,187
vehicle_positions_02_023931.parquet,OK,34994,802,False,False,,0,2026-05-16T02:39:30.517999+00:00,2026-05-16T02:39:30.517999+00:00,187
vehicle_positions_02_024002.parquet,OK,35031,801,False,False,,0,2026-05-16T02:40:01.462103+00:00,2026-05-16T02:40:01.462103+00:00,187
vehicle_positions_02_024032.parquet,OK,34779,797,False,False,,0,2026-05-16T02:40:32.398019+00:00,2026-05-16T02:40:32.398019+00:00,186
vehicle_positions_02_024103.parquet,OK,34698,795,False,False,,0,2026-05-16T02:41:03.240737+00:00,2026-05-16T02:41:03.240737+00:00,186
vehicle_positions_02_024134.parquet,OK,34592,792,False,False,,0,2026-05-16T02:41:34.222702+00:00,2026-05-16T02:41:34.222702+00:00,186
vehicle_positions_02_024205.parquet,OK,34420,789,False,False,,0,2026-05-16T02:42:05.164235+00:00,2026-05-16T02:42:05.164235+00:00,186
vehicle_positions_02_024236.parquet,OK,34513,787,False,False,,0,2026-05-16T02:42:35.989132+00:00,2026-05-16T02:42:35.989132+00:00,186
vehicle_positions_02_024307.parquet,OK,34339,784,False,False,,0,2026-05-16T02:43:07.139468+00:00,2026-05-16T02:43:07.139468+00:00,185
vehicle_positions_02_024338.parquet,OK,34086,778,False,False,,0,2026-05-16T02:43:38.231535+00:00,2026-05-16T02:43:38.231535+00:00,185
vehicle_positions_02_024409.parquet,OK,34029,779,False,False,,0,2026-05-16T02:44:09.084612+00:00,2026-05-16T02:44:09.084612+00:00,185
vehicle_positions_02_025123.parquet,OK,33174,752,False,False,,0,2026-05-16T02:51:23.500534+00:00,2026-05-16T02:51:23.500534+00:00,182
vehicle_positions_02_025157.parquet,OK,33155,752,False,False,,0,2026-05-16T02:51:54.421346+00:00,2026-05-16T02:51:54.421346+00:00,182
vehicle_positions_02_025228.parquet,OK,33049,747,False,False,,0,2026-05-16T02:52:27.678159+00:00,2026-05-16T02:52:27.678159+00:00,181
vehicle_positions_02_025259.parquet,OK,33178,749,False,False,,0,2026-05-16T02:52:58.627320+00:00,2026-05-16T02:52:58.627320+00:00,181
vehicle_positions_02_025330.parquet,OK,33115,748,False,False,,0,2026-05-16T02:53:29.669680+00:00,2026-05-16T02:53:29.669680+00:00,181
vehicle_positions_02_025401.parquet,OK,33197,747,False,False,,0,2026-05-16T02:54:00.538726+00:00,2026-05-16T02:54:00.538726+00:00,179
vehicle_positions_02_025432.parquet,OK,32912,741,False,False,,0,2026-05-16T02:54:31.759647+00:00,2026-05-16T02:54:31.759647+00:00,178
vehicle_positions_02_025503.parquet,OK,32890,739,False,False,,0,2026-05-16T02:55:02.626364+00:00,2026-05-16T02:55:02.626364+00:00,178
vehicle_positions_02_025534.parquet,OK,32848,739,False,False,,0,2026-05-16T02:55:33.567095+00:00,2026-05-16T02:55:33.567095+00:00,178
vehicle_positions_02_025605.parquet,OK,32877,737,False,False,,0,2026-05-16T02:56:04.559842+00:00,2026-05-16T02:56:04.559842+00:00,178
vehicle_positions_02_025636.parquet,OK,32597,737,False,False,,0,2026-05-16T02:56:35.390971+00:00,2026-05-16T02:56:35.390971+00:00,178
vehicle_positions_02_025706.parquet,OK,32680,733,False,False,,0,2026-05-16T02:57:06.306918+00:00,2026-05-16T02:57:06.306918+00:00,178
vehicle_positions_02_025737.parquet,OK,32793,735,False,False,,0,2026-05-16T02:57:37.208743+00:00,2026-05-16T02:57:37.208743+00:00,178
vehicle_positions_02_025808.parquet,OK,32639,729,False,False,,0,2026-05-16T02:58:08.031854+00:00,2026-05-16T02:58:08.031854+00:00,177
vehicle_positions_02_025839.parquet,OK,32641,729,False,False,,0,2026-05-16T02:58:38.875016+00:00,2026-05-16T02:58:38.875016+00:00,178
vehicle_positions_02_025910.parquet,OK,32520,727,False,False,,0,2026-05-16T02:59:09.677099+00:00,2026-05-16T02:59:09.677099+00:00,178
vehicle_positions_02_025941.parquet,OK,32497,725,False,False,,0,2026-05-16T02:59:40.451562+00:00,2026-05-16T02:59:40.451562+00:00,177
vehicle_positions_03_030012.parquet,OK,32333,725,False,False,,0,2026-05-16T03:00:11.616764+00:00,2026-05-16T03:00:11.616764+00:00,176
vehicle_positions_03_030043.parquet,OK,32274,727,False,False,,0,2026-05-16T03:00:43.068540+00:00,2026-05-16T03:00:43.068540+00:00,175
vehicle_positions_03_030114.parquet,OK,32412,728,False,False,,0,2026-05-16T03:01:14.211634+00:00,2026-05-16T03:01:14.211634+00:00,175
vehicle_positions_03_030145.parquet,OK,32413,730,False,False,,0,2026-05-16T03:01:44.997070+00:00,2026-05-16T03:01:44.997070+00:00,173
vehicle_positions_03_030216.parquet,OK,32224,726,False,False,,0,2026-05-16T03:02:15.928823+00:00,2026-05-16T03:02:15.928823+00:00,172
vehicle_positions_03_030247.parquet,OK,32300,727,False,False,,0,2026-05-16T03:02:46.748878+00:00,2026-05-16T03:02:46.748878+00:00,171
vehicle_positions_03_030317.parquet,OK,32224,723,False,False,,0,2026-05-16T03:03:17.476947+00:00,2026-05-16T03:03:17.476947+00:00,171
vehicle_positions_03_030348.parquet,OK,32027,721,False,False,,0,2026-05-16T03:03:48.367103+00:00,2026-05-16T03:03:48.367103+00:00,169
vehicle_positions_03_030419.parquet,OK,32028,722,False,False,,0,2026-05-16T03:04:19.266261+00:00,2026-05-16T03:04:19.266261+00:00,169
vehicle_positions_03_030450.parquet,OK,32137,721,False,False,,0,2026-05-16T03:04:50.128404+00:00,2026-05-16T03:04:50.128404+00:00,169
vehicle_positions_03_030521.parquet,OK,32220,723,False,False,,0,2026-05-16T03:05:20.983540+00:00,2026-05-16T03:05:20.983540+00:00,169
vehicle_positions_03_030552.parquet,OK,32070,718,False,False,,0,2026-05-16T03:05:51.751427+00:00,2026-05-16T03:05:51.751427+00:00,168
vehicle_positions_03_030623.parquet,OK,32011,715,False,False,,0,2026-05-16T03:06:22.656385+00:00,2026-05-16T03:06:22.656385+00:00,167
vehicle_positions_03_030653.parquet,OK,31807,716,False,False,,0,2026-05-16T03:06:53.407138+00:00,2026-05-16T03:06:53.407138+00:00,167
vehicle_positions_03_030724.parquet,OK,31782,715,False,False,,0,2026-05-16T03:07:24.237911+00:00,2026-05-16T03:07:24.237911+00:00,167
vehicle_positions_03_030755.parquet,OK,31684,714,False,False,,0,2026-05-16T03:07:55.048501+00:00,2026-05-16T03:07:55.048501+00:00,167
vehicle_positions_03_030826.parquet,OK,31544,711,False,False,,0,2026-05-16T03:08:25.915964+00:00,2026-05-16T03:08:25.915964+00:00,166
vehicle_positions_03_030857.parquet,OK,31566,709,False,False,,0,2026-05-16T03:08:56.674656+00:00,2026-05-16T03:08:56.674656+00:00,166
vehicle_positions_03_030928.parquet,OK,31633,709,False,False,,0,2026-05-16T03:09:27.492126+00:00,2026-05-16T03:09:27.492126+00:00,166
vehicle_positions_03_030958.parquet,OK,31600,707,False,False,,0,2026-05-16T03:09:58.319841+00:00,2026-05-16T03:09:58.319841+00:00,166
vehicle_positions_03_031029.parquet,OK,31476,703,False,False,,0,2026-05-16T03:10:29.182103+00:00,2026-05-16T03:10:29.182103+00:00,166
vehicle_positions_03_031100.parquet,OK,31426,703,False,False,,0,2026-05-16T03:11:00.203877+00:00,2026-05-16T03:11:00.203877+00:00,166
vehicle_positions_03_031131.parquet,OK,31321,703,False,False,,0,2026-05-16T03:11:31.149695+00:00,2026-05-16T03:11:31.149695+00:00,166
vehicle_positions_03_031202.parquet,OK,31349,702,False,False,,0,2026-05-16T03:12:01.919533+00:00,2026-05-16T03:12:01.919533+00:00,165
vehicle_positions_03_031233.parquet,OK,31364,700,False,False,,0,2026-05-16T03:12:32.744969+00:00,2026-05-16T03:12:32.744969+00:00,165
vehicle_positions_03_031304.parquet,OK,31602,703,False,False,,0,2026-05-16T03:13:03.611008+00:00,2026-05-16T03:13:03.611008+00:00,165
vehicle_positions_03_031334.parquet,OK,31493,702,False,False,,0,2026-05-16T03:13:34.412200+00:00,2026-05-16T03:13:34.412200+00:00,166
vehicle_positions_03_031405.parquet,OK,31653,703,False,False,,0,2026-05-16T03:14:05.220633+00:00,2026-05-16T03:14:05.220633+00:00,166
vehicle_positions_03_031436.parquet,OK,31451,700,False,False,,0,2026-05-16T03:14:36.020738+00:00,2026-05-16T03:14:36.020738+00:00,165
vehicle_positions_03_031507.parquet,OK,31456,698,False,False,,0,2026-05-16T03:15:06.862146+00:00,2026-05-16T03:15:06.862146+00:00,167
vehicle_positions_03_031538.parquet,OK,31397,697,False,False,,0,2026-05-16T03:15:37.651488+00:00,2026-05-16T03:15:37.651488+00:00,168
vehicle_positions_03_031609.parquet,OK,31363,699,False,False,,0,2026-05-16T03:16:08.469774+00:00,2026-05-16T03:16:08.469774+00:00,170
vehicle_positions_03_031639.parquet,OK,31386,697,False,False,,0,2026-05-16T03:16:39.274167+00:00,2026-05-16T03:16:39.274167+00:00,170
vehicle_positions_03_031710.parquet,OK,31157,692,False,False,,0,2026-05-16T03:17:10.123753+00:00,2026-05-16T03:17:10.123753+00:00,169
vehicle_positions_03_031741.parquet,OK,31010,691,False,False,,0,2026-05-16T03:17:40.951956+00:00,2026-05-16T03:17:40.951956+00:00,169
vehicle_positions_03_031812.parquet,OK,31182,693,False,False,,0,2026-05-16T03:18:11.953850+00:00,2026-05-16T03:18:11.953850+00:00,169
vehicle_positions_03_031843.parquet,OK,31200,692,False,False,,0,2026-05-16T03:18:42.717332+00:00,2026-05-16T03:18:42.717332+00:00,168
vehicle_positions_03_031914.parquet,OK,30904,688,False,False,,0,2026-05-16T03:19:13.535856+00:00,2026-05-16T03:19:13.535856+00:00,168
vehicle_positions_03_031944.parquet,OK,31026,688,False,False,,0,2026-05-16T03:19:44.348522+00:00,2026-05-16T03:19:44.348522+00:00,168
vehicle_positions_03_032015.parquet,OK,30924,687,False,False,,0,2026-05-16T03:20:15.219571+00:00,2026-05-16T03:20:15.219571+00:00,167
vehicle_positions_03_032046.parquet,OK,30740,686,False,False,,0,2026-05-16T03:20:46.044077+00:00,2026-05-16T03:20:46.044077+00:00,166
vehicle_positions_03_032117.parquet,OK,30703,683,False,False,,0,2026-05-16T03:21:16.875309+00:00,2026-05-16T03:21:16.875309+00:00,167
vehicle_positions_03_032148.parquet,OK,30733,684,False,False,,0,2026-05-16T03:21:47.934040+00:00,2026-05-16T03:21:47.934040+00:00,166
vehicle_positions_03_032219.parquet,OK,30697,681,False,False,,0,2026-05-16T03:22:18.787781+00:00,2026-05-16T03:22:18.787781+00:00,167
vehicle_positions_03_032250.parquet,OK,30513,678,False,False,,0,2026-05-16T03:22:49.764194+00:00,2026-05-16T03:22:49.764194+00:00,166
vehicle_positions_03_032321.parquet,OK,30526,678,False,False,,0,2026-05-16T03:23:20.600120+00:00,2026-05-16T03:23:20.600120+00:00,166
vehicle_positions_03_032351.parquet,OK,30567,681,False,False,,0,2026-05-16T03:23:51.391433+00:00,2026-05-16T03:23:51.391433+00:00,165
vehicle_positions_03_032422.parquet,OK,30574,677,False,False,,0,2026-05-16T03:24:22.258231+00:00,2026-05-16T03:24:22.258231+00:00,165
vehicle_positions_03_032453.parquet,OK,30524,676,False,False,,0,2026-05-16T03:24:53.067295+00:00,2026-05-16T03:24:53.067295+00:00,165
vehicle_positions_03_032524.parquet,OK,30593,678,False,False,,0,2026-05-16T03:25:23.942846+00:00,2026-05-16T03:25:23.942846+00:00,164
vehicle_positions_03_032555.parquet,OK,30431,676,False,False,,0,2026-05-16T03:25:54.927550+00:00,2026-05-16T03:25:54.927550+00:00,164
vehicle_positions_03_032626.parquet,OK,30412,671,False,False,,0,2026-05-16T03:26:25.798608+00:00,2026-05-16T03:26:25.798608+00:00,164
vehicle_positions_03_032657.parquet,OK,30528,673,False,False,,0,2026-05-16T03:26:57.079731+00:00,2026-05-16T03:26:57.079731+00:00,165
vehicle_positions_03_032728.parquet,OK,30538,673,False,False,,0,2026-05-16T03:27:27.836200+00:00,2026-05-16T03:27:27.836200+00:00,165
vehicle_positions_03_032759.parquet,OK,30513,673,False,False,,0,2026-05-16T03:27:58.700375+00:00,2026-05-16T03:27:58.700375+00:00,164
vehicle_positions_03_032829.parquet,OK,30322,672,False,False,,0,2026-05-16T03:28:29.476653+00:00,2026-05-16T03:28:29.476653+00:00,164
vehicle_positions_03_032900.parquet,OK,30485,673,False,False,,0,2026-05-16T03:29:00.290522+00:00,2026-05-16T03:29:00.290522+00:00,166
vehicle_positions_03_032931.parquet,OK,30632,675,False,False,,0,2026-05-16T03:29:31.307303+00:00,2026-05-16T03:29:31.307303+00:00,166
vehicle_positions_03_033002.parquet,OK,30577,673,False,False,,0,2026-05-16T03:30:02.225262+00:00,2026-05-16T03:30:02.225262+00:00,165
vehicle_positions_03_033033.parquet,OK,30385,670,False,False,,0,2026-05-16T03:30:33.053231+00:00,2026-05-16T03:30:33.053231+00:00,165
vehicle_positions_03_033104.parquet,OK,30254,666,False,False,,0,2026-05-16T03:31:03.864012+00:00,2026-05-16T03:31:03.864012+00:00,165
vehicle_positions_03_033135.parquet,OK,30341,668,False,False,,0,2026-05-16T03:31:34.645448+00:00,2026-05-16T03:31:34.645448+00:00,165
vehicle_positions_03_033205.parquet,OK,30399,672,False,False,,0,2026-05-16T03:32:05.401338+00:00,2026-05-16T03:32:05.401338+00:00,166
vehicle_positions_03_033236.parquet,OK,30378,670,False,False,,0,2026-05-16T03:32:36.334619+00:00,2026-05-16T03:32:36.334619+00:00,166
vehicle_positions_03_033307.parquet,OK,30235,665,False,False,,0,2026-05-16T03:33:07.098509+00:00,2026-05-16T03:33:07.098509+00:00,166
vehicle_positions_03_033338.parquet,OK,30076,660,False,False,,0,2026-05-16T03:33:38.097561+00:00,2026-05-16T03:33:38.097561+00:00,165
vehicle_positions_03_033409.parquet,OK,30043,661,False,False,,0,2026-05-16T03:34:08.868751+00:00,2026-05-16T03:34:08.868751+00:00,165
vehicle_positions_03_033440.parquet,OK,30108,661,False,False,,0,2026-05-16T03:34:40.005821+00:00,2026-05-16T03:34:40.005821+00:00,165
vehicle_positions_03_033511.parquet,OK,30228,663,False,False,,0,2026-05-16T03:35:10.718729+00:00,2026-05-16T03:35:10.718729+00:00,165
vehicle_positions_03_033542.parquet,OK,30178,663,False,False,,0,2026-05-16T03:35:41.548065+00:00,2026-05-16T03:35:41.548065+00:00,165
vehicle_positions_03_033613.parquet,OK,30000,659,False,False,,0,2026-05-16T03:36:12.974005+00:00,2026-05-16T03:36:12.974005+00:00,165
vehicle_positions_03_033644.parquet,OK,30015,659,False,False,,0,2026-05-16T03:36:43.951560+00:00,2026-05-16T03:36:43.951560+00:00,164
vehicle_positions_03_033715.parquet,OK,29912,656,False,False,,0,2026-05-16T03:37:14.744174+00:00,2026-05-16T03:37:14.744174+00:00,164
vehicle_positions_03_033746.parquet,OK,29755,651,False,False,,0,2026-05-16T03:37:45.603427+00:00,2026-05-16T03:37:45.603427+00:00,165
vehicle_positions_03_033817.parquet,OK,29616,648,False,False,,0,2026-05-16T03:38:16.456049+00:00,2026-05-16T03:38:16.456049+00:00,165
vehicle_positions_03_033847.parquet,OK,29539,648,False,False,,0,2026-05-16T03:38:47.452075+00:00,2026-05-16T03:38:47.452075+00:00,165
vehicle_positions_03_033918.parquet,OK,29614,648,False,False,,0,2026-05-16T03:39:18.292025+00:00,2026-05-16T03:39:18.292025+00:00,165
vehicle_positions_03_033949.parquet,OK,29630,648,False,False,,0,2026-05-16T03:39:49.218301+00:00,2026-05-16T03:39:49.218301+00:00,165
vehicle_positions_03_034020.parquet,OK,29582,647,False,False,,0,2026-05-16T03:40:20.024350+00:00,2026-05-16T03:40:20.024350+00:00,165
vehicle_positions_03_034051.parquet,OK,29649,647,False,False,,0,2026-05-16T03:40:50.968175+00:00,2026-05-16T03:40:50.968175+00:00,165
vehicle_positions_03_034122.parquet,OK,29519,646,False,False,,0,2026-05-16T03:41:21.745001+00:00,2026-05-16T03:41:21.745001+00:00,165
vehicle_positions_03_034153.parquet,OK,29537,644,False,False,,0,2026-05-16T03:41:52.539065+00:00,2026-05-16T03:41:52.539065+00:00,165
vehicle_positions_03_034223.parquet,OK,29500,641,False,False,,0,2026-05-16T03:42:23.466579+00:00,2026-05-16T03:42:23.466579+00:00,162
vehicle_positions_03_034254.parquet,OK,29360,639,False,False,,0,2026-05-16T03:42:54.396442+00:00,2026-05-16T03:42:54.396442+00:00,161
vehicle_positions_03_034325.parquet,OK,29422,639,False,False,,0,2026-05-16T03:43:25.332369+00:00,2026-05-16T03:43:25.332369+00:00,161
vehicle_positions_03_034356.parquet,OK,29311,639,False,False,,0,2026-05-16T03:43:56.097957+00:00,2026-05-16T03:43:56.097957+00:00,161
vehicle_positions_03_034427.parquet,OK,29388,637,False,False,,0,2026-05-16T03:44:26.920780+00:00,2026-05-16T03:44:26.920780+00:00,163
vehicle_positions_03_034458.parquet,OK,29211,634,False,False,,0,2026-05-16T03:44:57.820314+00:00,2026-05-16T03:44:57.820314+00:00,164
vehicle_positions_03_034529.parquet,OK,29215,633,False,False,,0,2026-05-16T03:45:28.655843+00:00,2026-05-16T03:45:28.655843+00:00,164
vehicle_positions_03_034600.parquet,OK,29169,634,False,False,,0,2026-05-16T03:45:59.621003+00:00,2026-05-16T03:45:59.621003+00:00,164
vehicle_positions_03_034631.parquet,OK,29202,634,False,False,,0,2026-05-16T03:46:30.503651+00:00,2026-05-16T03:46:30.503651+00:00,166
vehicle_positions_03_034701.parquet,OK,29301,633,False,False,,0,2026-05-16T03:47:01.426045+00:00,2026-05-16T03:47:01.426045+00:00,166
vehicle_positions_03_034732.parquet,OK,29063,628,False,False,,0,2026-05-16T03:47:32.247281+00:00,2026-05-16T03:47:32.247281+00:00,166
vehicle_positions_03_034803.parquet,OK,29000,627,False,False,,0,2026-05-16T03:48:02.978513+00:00,2026-05-16T03:48:02.978513+00:00,166
vehicle_positions_03_034834.parquet,OK,28953,626,False,False,,0,2026-05-16T03:48:33.804960+00:00,2026-05-16T03:48:33.804960+00:00,166
vehicle_positions_03_034905.parquet,OK,28973,627,False,False,,0,2026-05-16T03:49:04.629840+00:00,2026-05-16T03:49:04.629840+00:00,166
vehicle_positions_03_034935.parquet,OK,28801,622,False,False,,0,2026-05-16T03:49:35.375927+00:00,2026-05-16T03:49:35.375927+00:00,165
vehicle_positions_03_035006.parquet,OK,28913,625,False,False,,0,2026-05-16T03:50:06.120856+00:00,2026-05-16T03:50:06.120856+00:00,165
vehicle_positions_03_035037.parquet,OK,28933,625,False,False,,0,2026-05-16T03:50:36.936102+00:00,2026-05-16T03:50:36.936102+00:00,166
vehicle_positions_03_035108.parquet,OK,28919,626,False,False,,0,2026-05-16T03:51:07.815468+00:00,2026-05-16T03:51:07.815468+00:00,165
vehicle_positions_03_035139.parquet,OK,28895,626,False,False,,0,2026-05-16T03:51:38.532684+00:00,2026-05-16T03:51:38.532684+00:00,165
vehicle_positions_03_035212.parquet,OK,28941,625,False,False,,0,2026-05-16T03:52:09.302762+00:00,2026-05-16T03:52:09.302762+00:00,165
vehicle_positions_03_035242.parquet,OK,28759,621,False,False,,0,2026-05-16T03:52:42.348243+00:00,2026-05-16T03:52:42.348243+00:00,164
vehicle_positions_03_035313.parquet,OK,28703,620,False,False,,0,2026-05-16T03:53:13.322429+00:00,2026-05-16T03:53:13.322429+00:00,165
vehicle_positions_03_035344.parquet,OK,28620,617,False,False,,0,2026-05-16T03:53:44.101946+00:00,2026-05-16T03:53:44.101946+00:00,165
vehicle_positions_03_035415.parquet,OK,28588,617,False,False,,0,2026-05-16T03:54:14.972120+00:00,2026-05-16T03:54:14.972120+00:00,165
vehicle_positions_03_035446.parquet,OK,28535,615,False,False,,0,2026-05-16T03:54:45.845077+00:00,2026-05-16T03:54:45.845077+00:00,165
vehicle_positions_03_035517.parquet,OK,28427,613,False,False,,0,2026-05-16T03:55:17.111594+00:00,2026-05-16T03:55:17.111594+00:00,166
vehicle_positions_03_035548.parquet,OK,28456,613,False,False,,0,2026-05-16T03:55:47.831070+00:00,2026-05-16T03:55:47.831070+00:00,166
vehicle_positions_03_035619.parquet,OK,28595,614,False,False,,0,2026-05-16T03:56:18.589065+00:00,2026-05-16T03:56:18.589065+00:00,166
vehicle_positions_03_035649.parquet,OK,28485,613,False,False,,0,2026-05-16T03:56:49.334974+00:00,2026-05-16T03:56:49.334974+00:00,167
vehicle_positions_03_035720.parquet,OK,28612,614,False,False,,0,2026-05-16T03:57:20.172454+00:00,2026-05-16T03:57:20.172454+00:00,169
vehicle_positions_03_035751.parquet,OK,28596,615,False,False,,0,2026-05-16T03:57:50.974283+00:00,2026-05-16T03:57:50.974283+00:00,168
vehicle_positions_03_035822.parquet,OK,28592,615,False,False,,0,2026-05-16T03:58:21.728389+00:00,2026-05-16T03:58:21.728389+00:00,168
vehicle_positions_03_035853.parquet,OK,28600,616,False,False,,0,2026-05-16T03:58:52.524645+00:00,2026-05-16T03:58:52.524645+00:00,168
vehicle_positions_03_035923.parquet,OK,28620,614,False,False,,0,2026-05-16T03:59:23.355538+00:00,2026-05-16T03:59:23.355538+00:00,167
vehicle_positions_03_035954.parquet,OK,28564,612,False,False,,0,2026-05-16T03:59:54.082737+00:00,2026-05-16T03:59:54.082737+00:00,167
vehicle_positions_04_040025.parquet,OK,28654,613,False,False,,0,2026-05-16T04:00:24.930882+00:00,2026-05-16T04:00:24.930882+00:00,167
vehicle_positions_04_040056.parquet,OK,28693,614,False,False,,0,2026-05-16T04:00:55.712718+00:00,2026-05-16T04:00:55.712718+00:00,166
vehicle_positions_04_040127.parquet,OK,28767,615,False,False,,0,2026-05-16T04:01:26.702153+00:00,2026-05-16T04:01:26.702153+00:00,166
vehicle_positions_04_040158.parquet,OK,28701,615,False,False,,0,2026-05-16T04:01:57.570118+00:00,2026-05-16T04:01:57.570118+00:00,164
vehicle_positions_04_040229.parquet,OK,28679,613,False,False,,0,2026-05-16T04:02:28.561323+00:00,2026-05-16T04:02:28.561323+00:00,164
vehicle_positions_04_040259.parquet,OK,28637,612,False,False,,0,2026-05-16T04:02:59.384118+00:00,2026-05-16T04:02:59.384118+00:00,164
vehicle_positions_04_040330.parquet,OK,28532,611,False,False,,0,2026-05-16T04:03:30.255090+00:00,2026-05-16T04:03:30.255090+00:00,162
vehicle_positions_04_040401.parquet,OK,28514,608,False,False,,0,2026-05-16T04:04:01.267584+00:00,2026-05-16T04:04:01.267584+00:00,163
vehicle_positions_04_040432.parquet,OK,28613,611,False,False,,0,2026-05-16T04:04:32.068244+00:00,2026-05-16T04:04:32.068244+00:00,163
vehicle_positions_04_040503.parquet,OK,28627,611,False,False,,0,2026-05-16T04:05:02.841265+00:00,2026-05-16T04:05:02.841265+00:00,164
vehicle_positions_04_040534.parquet,OK,28576,610,False,False,,0,2026-05-16T04:05:33.712939+00:00,2026-05-16T04:05:33.712939+00:00,165
vehicle_positions_04_040604.parquet,OK,28498,609,False,False,,0,2026-05-16T04:06:04.469500+00:00,2026-05-16T04:06:04.469500+00:00,165
vehicle_positions_04_040635.parquet,OK,28510,609,False,False,,0,2026-05-16T04:06:35.301419+00:00,2026-05-16T04:06:35.301419+00:00,165
vehicle_positions_04_040706.parquet,OK,28369,607,False,False,,0,2026-05-16T04:07:06.123899+00:00,2026-05-16T04:07:06.123899+00:00,165
vehicle_positions_04_040737.parquet,OK,28282,606,False,False,,0,2026-05-16T04:07:37.021318+00:00,2026-05-16T04:07:37.021318+00:00,165
vehicle_positions_04_040808.parquet,OK,28194,603,False,False,,0,2026-05-16T04:08:08.069837+00:00,2026-05-16T04:08:08.069837+00:00,165
vehicle_positions_04_040839.parquet,OK,27962,599,False,False,,0,2026-05-16T04:08:38.932586+00:00,2026-05-16T04:08:38.932586+00:00,165
vehicle_positions_04_040910.parquet,OK,27875,599,False,False,,0,2026-05-16T04:09:09.733540+00:00,2026-05-16T04:09:09.733540+00:00,165
vehicle_positions_04_040941.parquet,OK,28146,602,False,False,,0,2026-05-16T04:09:40.561010+00:00,2026-05-16T04:09:40.561010+00:00,165
vehicle_positions_04_041011.parquet,OK,27891,597,False,False,,0,2026-05-16T04:10:11.331470+00:00,2026-05-16T04:10:11.331470+00:00,165
vehicle_positions_04_041042.parquet,OK,27848,595,False,False,,0,2026-05-16T04:10:42.139074+00:00,2026-05-16T04:10:42.139074+00:00,165
vehicle_positions_04_041113.parquet,OK,27873,594,False,False,,0,2026-05-16T04:11:12.854283+00:00,2026-05-16T04:11:12.854283+00:00,164
vehicle_positions_04_041144.parquet,OK,27914,595,False,False,,0,2026-05-16T04:11:43.697417+00:00,2026-05-16T04:11:43.697417+00:00,164
vehicle_positions_04_041214.parquet,OK,27801,597,False,False,,0,2026-05-16T04:12:14.401200+00:00,2026-05-16T04:12:14.401200+00:00,164
vehicle_positions_04_041245.parquet,OK,27962,595,False,False,,0,2026-05-16T04:12:45.213866+00:00,2026-05-16T04:12:45.213866+00:00,163
vehicle_positions_04_041316.parquet,OK,27751,590,False,False,,0,2026-05-16T04:13:16.163898+00:00,2026-05-16T04:13:16.163898+00:00,162
vehicle_positions_04_041347.parquet,OK,27776,590,False,False,,0,2026-05-16T04:13:46.930977+00:00,2026-05-16T04:13:46.930977+00:00,163
vehicle_positions_04_041418.parquet,OK,27734,590,False,False,,0,2026-05-16T04:14:17.727769+00:00,2026-05-16T04:14:17.727769+00:00,163
vehicle_positions_04_041449.parquet,OK,27746,591,False,False,,0,2026-05-16T04:14:48.505247+00:00,2026-05-16T04:14:48.505247+00:00,163
vehicle_positions_04_041519.parquet,OK,27727,589,False,False,,0,2026-05-16T04:15:19.334877+00:00,2026-05-16T04:15:19.334877+00:00,163
vehicle_positions_04_041551.parquet,OK,27763,590,False,False,,0,2026-05-16T04:15:50.753460+00:00,2026-05-16T04:15:50.753460+00:00,164
vehicle_positions_04_041622.parquet,OK,27775,592,False,False,,0,2026-05-16T04:16:21.513116+00:00,2026-05-16T04:16:21.513116+00:00,164
vehicle_positions_04_041652.parquet,OK,27673,589,False,False,,0,2026-05-16T04:16:52.296476+00:00,2026-05-16T04:16:52.296476+00:00,164
vehicle_positions_04_041723.parquet,OK,27763,592,False,False,,0,2026-05-16T04:17:23.159760+00:00,2026-05-16T04:17:23.159760+00:00,165
vehicle_positions_04_041754.parquet,OK,27845,593,False,False,,0,2026-05-16T04:17:54.005511+00:00,2026-05-16T04:17:54.005511+00:00,165
vehicle_positions_04_041825.parquet,OK,27784,593,False,False,,0,2026-05-16T04:18:24.833309+00:00,2026-05-16T04:18:24.833309+00:00,165
vehicle_positions_04_041856.parquet,OK,27778,590,False,False,,0,2026-05-16T04:18:55.702777+00:00,2026-05-16T04:18:55.702777+00:00,165
vehicle_positions_04_041927.parquet,OK,27712,586,False,False,,0,2026-05-16T04:19:26.582989+00:00,2026-05-16T04:19:26.582989+00:00,165
vehicle_positions_04_041957.parquet,OK,27614,585,False,False,,0,2026-05-16T04:19:57.480145+00:00,2026-05-16T04:19:57.480145+00:00,164
vehicle_positions_04_042028.parquet,OK,27491,582,False,False,,0,2026-05-16T04:20:28.234676+00:00,2026-05-16T04:20:28.234676+00:00,165
vehicle_positions_04_042059.parquet,OK,27483,583,False,False,,0,2026-05-16T04:20:59.052298+00:00,2026-05-16T04:20:59.052298+00:00,165
vehicle_positions_04_042130.parquet,OK,27386,581,False,False,,0,2026-05-16T04:21:30.014453+00:00,2026-05-16T04:21:30.014453+00:00,165
vehicle_positions_04_042201.parquet,OK,27564,583,False,False,,0,2026-05-16T04:22:00.950698+00:00,2026-05-16T04:22:00.950698+00:00,165
vehicle_positions_04_042232.parquet,OK,27331,580,False,False,,0,2026-05-16T04:22:31.692356+00:00,2026-05-16T04:22:31.692356+00:00,162
vehicle_positions_04_042303.parquet,OK,27316,578,False,False,,0,2026-05-16T04:23:02.609859+00:00,2026-05-16T04:23:02.609859+00:00,162
vehicle_positions_04_042333.parquet,OK,27095,575,False,False,,0,2026-05-16T04:23:33.501956+00:00,2026-05-16T04:23:33.501956+00:00,161
vehicle_positions_04_042404.parquet,OK,27177,573,False,False,,0,2026-05-16T04:24:04.537908+00:00,2026-05-16T04:24:04.537908+00:00,161
vehicle_positions_04_042435.parquet,OK,27030,570,False,False,,0,2026-05-16T04:24:35.243914+00:00,2026-05-16T04:24:35.243914+00:00,161
vehicle_positions_04_042506.parquet,OK,27033,571,False,False,,0,2026-05-16T04:25:05.949754+00:00,2026-05-16T04:25:05.949754+00:00,160
vehicle_positions_04_042537.parquet,OK,27054,571,False,False,,0,2026-05-16T04:25:36.779332+00:00,2026-05-16T04:25:36.779332+00:00,160
vehicle_positions_04_042607.parquet,OK,27037,570,False,False,,0,2026-05-16T04:26:07.476970+00:00,2026-05-16T04:26:07.476970+00:00,161
vehicle_positions_04_042638.parquet,OK,27041,567,False,False,,0,2026-05-16T04:26:38.241959+00:00,2026-05-16T04:26:38.241959+00:00,161
vehicle_positions_04_042709.parquet,OK,27106,569,False,False,,0,2026-05-16T04:27:09.013127+00:00,2026-05-16T04:27:09.013127+00:00,161
vehicle_positions_04_042740.parquet,OK,27005,568,False,False,,0,2026-05-16T04:27:39.899610+00:00,2026-05-16T04:27:39.899610+00:00,163
vehicle_positions_04_042810.parquet,OK,26861,566,False,False,,0,2026-05-16T04:28:10.539563+00:00,2026-05-16T04:28:10.539563+00:00,164
vehicle_positions_04_042841.parquet,OK,26949,565,False,False,,0,2026-05-16T04:28:41.219692+00:00,2026-05-16T04:28:41.219692+00:00,165
vehicle_positions_04_042912.parquet,OK,26932,568,False,False,,0,2026-05-16T04:29:11.907321+00:00,2026-05-16T04:29:11.907321+00:00,165
vehicle_positions_04_042943.parquet,OK,26927,567,False,False,,0,2026-05-16T04:29:42.573072+00:00,2026-05-16T04:29:42.573072+00:00,165
vehicle_positions_04_043013.parquet,OK,26911,567,False,False,,0,2026-05-16T04:30:13.291368+00:00,2026-05-16T04:30:13.291368+00:00,165
vehicle_positions_04_043044.parquet,OK,26917,567,False,False,,0,2026-05-16T04:30:44.014229+00:00,2026-05-16T04:30:44.014229+00:00,165
vehicle_positions_04_043115.parquet,OK,26934,566,False,False,,0,2026-05-16T04:31:14.711959+00:00,2026-05-16T04:31:14.711959+00:00,163
vehicle_positions_04_043147.parquet,OK,26883,563,False,False,,0,2026-05-16T04:31:46.610753+00:00,2026-05-16T04:31:46.610753+00:00,161
vehicle_positions_04_043218.parquet,OK,26901,561,False,False,,0,2026-05-16T04:32:17.332920+00:00,2026-05-16T04:32:17.332920+00:00,161
vehicle_positions_04_043248.parquet,OK,26846,560,False,False,,0,2026-05-16T04:32:48.383763+00:00,2026-05-16T04:32:48.383763+00:00,161
vehicle_positions_04_043319.parquet,OK,26729,558,False,False,,0,2026-05-16T04:33:19.020187+00:00,2026-05-16T04:33:19.020187+00:00,161
vehicle_positions_04_043350.parquet,OK,26698,557,False,False,,0,2026-05-16T04:33:49.816253+00:00,2026-05-16T04:33:49.816253+00:00,160
vehicle_positions_04_043421.parquet,OK,26696,557,False,False,,0,2026-05-16T04:34:20.643427+00:00,2026-05-16T04:34:20.643427+00:00,160
vehicle_positions_04_043452.parquet,OK,26642,555,False,False,,0,2026-05-16T04:34:51.465094+00:00,2026-05-16T04:34:51.465094+00:00,160
vehicle_positions_04_043623.parquet,OK,26357,548,False,False,,0,2026-05-16T04:36:22.914886+00:00,2026-05-16T04:36:22.914886+00:00,162
vehicle_positions_05_052036.parquet,OK,23560,474,False,False,,0,2026-05-16T05:20:33.527537+00:00,2026-05-16T05:20:33.527537+00:00,153
vehicle_positions_05_052109.parquet,OK,23643,474,False,False,,0,2026-05-16T05:21:07.574723+00:00,2026-05-16T05:21:07.574723+00:00,153
vehicle_positions_05_052215.parquet,OK,23570,470,False,False,,0,2026-05-16T05:22:09.232932+00:00,2026-05-16T05:22:09.232932+00:00,154
vehicle_positions_05_052249.parquet,OK,23180,463,False,False,,0,2026-05-16T05:22:47.119186+00:00,2026-05-16T05:22:47.119186+00:00,152
vehicle_positions_05_052323.parquet,OK,23131,464,False,False,,0,2026-05-16T05:23:20.268052+00:00,2026-05-16T05:23:20.268052+00:00,151
vehicle_positions_05_052445.parquet,OK,23182,463,False,False,,0,2026-05-16T05:24:42.714481+00:00,2026-05-16T05:24:42.714481+00:00,150
vehicle_positions_05_052526.parquet,OK,23361,463,False,False,,0,2026-05-16T05:25:16.105658+00:00,2026-05-16T05:25:16.105658+00:00,151
vehicle_positions_05_052645.parquet,OK,23131,461,False,False,,0,2026-05-16T05:26:44.880876+00:00,2026-05-16T05:26:44.880876+00:00,151
vehicle_positions_05_052719.parquet,OK,23100,458,False,False,,0,2026-05-16T05:27:16.227817+00:00,2026-05-16T05:27:16.227817+00:00,150
vehicle_positions_05_052751.parquet,OK,22900,455,False,False,,0,2026-05-16T05:27:49.578186+00:00,2026-05-16T05:27:49.578186+00:00,150
vehicle_positions_05_052826.parquet,OK,22976,456,False,False,,0,2026-05-16T05:28:25.401363+00:00,2026-05-16T05:28:25.401363+00:00,148
vehicle_positions_05_053126.parquet,OK,23022,455,False,False,,0,2026-05-16T05:31:18.488925+00:00,2026-05-16T05:31:18.488925+00:00,147
vehicle_positions_05_053248.parquet,OK,22795,452,False,False,,0,2026-05-16T05:32:42.538618+00:00,2026-05-16T05:32:42.538618+00:00,147
vehicle_positions_05_053320.parquet,OK,22811,450,False,False,,0,2026-05-16T05:33:18.679344+00:00,2026-05-16T05:33:18.679344+00:00,147
vehicle_positions_05_053404.parquet,OK,22659,447,False,False,,0,2026-05-16T05:33:50.902053+00:00,2026-05-16T05:33:50.902053+00:00,147
vehicle_positions_05_053437.parquet,OK,22743,447,False,False,,0,2026-05-16T05:34:34.820143+00:00,2026-05-16T05:34:34.820143+00:00,149
vehicle_positions_05_053527.parquet,OK,22630,446,False,False,,0,2026-05-16T05:35:08.682654+00:00,2026-05-16T05:35:08.682654+00:00,149
vehicle_positions_05_053558.parquet,OK,22633,447,False,False,,0,2026-05-16T05:35:58.001406+00:00,2026-05-16T05:35:58.001406+00:00,149
vehicle_positions_05_053634.parquet,OK,22559,441,False,False,,0,2026-05-16T05:36:29.079906+00:00,2026-05-16T05:36:29.079906+00:00,148
vehicle_positions_05_053714.parquet,OK,22440,440,False,False,,0,2026-05-16T05:37:04.317619+00:00,2026-05-16T05:37:04.317619+00:00,148
vehicle_positions_05_053801.parquet,OK,22333,439,False,False,,0,2026-05-16T05:37:45.143723+00:00,2026-05-16T05:37:45.143723+00:00,147
vehicle_positions_05_053847.parquet,OK,22132,436,False,False,,0,2026-05-16T05:38:47.092425+00:00,2026-05-16T05:38:47.092425+00:00,147
vehicle_positions_05_053918.parquet,OK,22222,435,False,False,,0,2026-05-16T05:39:17.836194+00:00,2026-05-16T05:39:17.836194+00:00,148
vehicle_positions_05_053949.parquet,OK,22302,435,False,False,,0,2026-05-16T05:39:49.092995+00:00,2026-05-16T05:39:49.092995+00:00,147
vehicle_positions_05_054020.parquet,OK,22327,435,False,False,,0,2026-05-16T05:40:19.871830+00:00,2026-05-16T05:40:19.871830+00:00,146
vehicle_positions_05_054051.parquet,OK,22180,434,False,False,,0,2026-05-16T05:40:50.642606+00:00,2026-05-16T05:40:50.642606+00:00,147
vehicle_positions_05_054122.parquet,OK,22142,432,False,False,,0,2026-05-16T05:41:21.601908+00:00,2026-05-16T05:41:21.601908+00:00,147
vehicle_positions_05_054153.parquet,OK,22179,433,False,False,,0,2026-05-16T05:41:53.397235+00:00,2026-05-16T05:41:53.397235+00:00,148
vehicle_positions_05_054224.parquet,OK,22124,432,False,False,,0,2026-05-16T05:42:24.099160+00:00,2026-05-16T05:42:24.099160+00:00,148
vehicle_positions_05_054255.parquet,OK,21993,428,False,False,,0,2026-05-16T05:42:54.850862+00:00,2026-05-16T05:42:54.850862+00:00,146
vehicle_positions_05_054326.parquet,OK,21951,426,False,False,,0,2026-05-16T05:43:25.683140+00:00,2026-05-16T05:43:25.683140+00:00,146
vehicle_positions_05_054432.parquet,OK,22042,427,False,False,,0,2026-05-16T05:44:32.405960+00:00,2026-05-16T05:44:32.405960+00:00,146
vehicle_positions_05_054506.parquet,OK,21987,428,False,False,,0,2026-05-16T05:45:03.348645+00:00,2026-05-16T05:45:03.348645+00:00,148
vehicle_positions_05_054537.parquet,OK,22076,429,False,False,,0,2026-05-16T05:45:36.662973+00:00,2026-05-16T05:45:36.662973+00:00,148
vehicle_positions_05_054607.parquet,OK,22077,430,False,False,,0,2026-05-16T05:46:07.378343+00:00,2026-05-16T05:46:07.378343+00:00,148
vehicle_positions_05_054638.parquet,OK,22081,432,False,False,,0,2026-05-16T05:46:38.086133+00:00,2026-05-16T05:46:38.086133+00:00,150
vehicle_positions_05_054709.parquet,OK,22085,430,False,False,,0,2026-05-16T05:47:08.772076+00:00,2026-05-16T05:47:08.772076+00:00,151
vehicle_positions_05_054739.parquet,OK,22092,428,False,False,,0,2026-05-16T05:47:39.554557+00:00,2026-05-16T05:47:39.554557+00:00,149
vehicle_positions_05_054810.parquet,OK,21938,425,False,False,,0,2026-05-16T05:48:10.267328+00:00,2026-05-16T05:48:10.267328+00:00,148
vehicle_positions_05_054841.parquet,OK,21877,424,False,False,,0,2026-05-16T05:48:41.111255+00:00,2026-05-16T05:48:41.111255+00:00,148
vehicle_positions_05_054912.parquet,OK,21853,423,False,False,,0,2026-05-16T05:49:11.961311+00:00,2026-05-16T05:49:11.961311+00:00,148
vehicle_positions_05_054943.parquet,OK,21816,422,False,False,,0,2026-05-16T05:49:42.686586+00:00,2026-05-16T05:49:42.686586+00:00,148
vehicle_positions_05_055013.parquet,OK,21890,423,False,False,,0,2026-05-16T05:50:13.442087+00:00,2026-05-16T05:50:13.442087+00:00,147
vehicle_positions_05_055044.parquet,OK,21847,424,False,False,,0,2026-05-16T05:50:44.183037+00:00,2026-05-16T05:50:44.183037+00:00,147
vehicle_positions_05_055115.parquet,OK,21841,422,False,False,,0,2026-05-16T05:51:14.870603+00:00,2026-05-16T05:51:14.870603+00:00,146
vehicle_positions_05_055146.parquet,OK,21777,420,False,False,,0,2026-05-16T05:51:45.716310+00:00,2026-05-16T05:51:45.716310+00:00,145
vehicle_positions_05_055216.parquet,OK,21754,418,False,False,,0,2026-05-16T05:52:16.448697+00:00,2026-05-16T05:52:16.448697+00:00,146
vehicle_positions_05_055247.parquet,OK,21754,419,False,False,,0,2026-05-16T05:52:47.221991+00:00,2026-05-16T05:52:47.221991+00:00,145
vehicle_positions_05_055318.parquet,OK,21816,418,False,False,,0,2026-05-16T05:53:17.961306+00:00,2026-05-16T05:53:17.961306+00:00,144
vehicle_positions_05_055349.parquet,OK,21724,418,False,False,,0,2026-05-16T05:53:48.759957+00:00,2026-05-16T05:53:48.759957+00:00,145
vehicle_positions_05_055419.parquet,OK,21758,417,False,False,,0,2026-05-16T05:54:19.509013+00:00,2026-05-16T05:54:19.509013+00:00,144
vehicle_positions_05_055450.parquet,OK,21627,415,False,False,,0,2026-05-16T05:54:50.392092+00:00,2026-05-16T05:54:50.392092+00:00,143
vehicle_positions_05_055521.parquet,OK,21511,413,False,False,,0,2026-05-16T05:55:21.111201+00:00,2026-05-16T05:55:21.111201+00:00,144
vehicle_positions_05_055552.parquet,OK,21564,413,False,False,,0,2026-05-16T05:55:51.851820+00:00,2026-05-16T05:55:51.851820+00:00,145
vehicle_positions_05_055623.parquet,OK,21456,412,False,False,,0,2026-05-16T05:56:22.649421+00:00,2026-05-16T05:56:22.649421+00:00,144
vehicle_positions_05_055653.parquet,OK,21441,410,False,False,,0,2026-05-16T05:56:53.305831+00:00,2026-05-16T05:56:53.305831+00:00,143
vehicle_positions_05_055724.parquet,OK,21410,410,False,False,,0,2026-05-16T05:57:24.166513+00:00,2026-05-16T05:57:24.166513+00:00,144
vehicle_positions_05_055755.parquet,OK,21478,413,False,False,,0,2026-05-16T05:57:54.862555+00:00,2026-05-16T05:57:54.862555+00:00,145
vehicle_positions_05_055825.parquet,OK,21550,414,False,False,,0,2026-05-16T05:58:25.564695+00:00,2026-05-16T05:58:25.564695+00:00,145
vehicle_positions_05_055856.parquet,OK,21480,413,False,False,,0,2026-05-16T05:58:56.314336+00:00,2026-05-16T05:58:56.314336+00:00,146
vehicle_positions_05_055927.parquet,OK,21541,413,False,False,,0,2026-05-16T05:59:27.135246+00:00,2026-05-16T05:59:27.135246+00:00,146
vehicle_positions_05_055958.parquet,OK,21551,412,False,False,,0,2026-05-16T05:59:57.938031+00:00,2026-05-16T05:59:57.938031+00:00,145
vehicle_positions_06_060029.parquet,OK,21527,414,False,False,,0,2026-05-16T06:00:28.616405+00:00,2026-05-16T06:00:28.616405+00:00,145
vehicle_positions_06_060059.parquet,OK,21519,415,False,False,,0,2026-05-16T06:00:59.561673+00:00,2026-05-16T06:00:59.561673+00:00,146
vehicle_positions_06_060130.parquet,OK,21463,415,False,False,,0,2026-05-16T06:01:30.369586+00:00,2026-05-16T06:01:30.369586+00:00,146
vehicle_positions_06_060201.parquet,OK,21474,415,False,False,,0,2026-05-16T06:02:01.017846+00:00,2026-05-16T06:02:01.017846+00:00,146
vehicle_positions_06_060232.parquet,OK,21536,415,False,False,,0,2026-05-16T06:02:31.743688+00:00,2026-05-16T06:02:31.743688+00:00,146
vehicle_positions_06_060302.parquet,OK,21410,414,False,False,,0,2026-05-16T06:03:02.530372+00:00,2026-05-16T06:03:02.530372+00:00,146
vehicle_positions_06_060333.parquet,OK,21432,413,False,False,,0,2026-05-16T06:03:33.303350+00:00,2026-05-16T06:03:33.303350+00:00,146
vehicle_positions_06_060404.parquet,OK,21427,413,False,False,,0,2026-05-16T06:04:04.130293+00:00,2026-05-16T06:04:04.130293+00:00,146
vehicle_positions_06_060435.parquet,OK,21526,414,False,False,,0,2026-05-16T06:04:34.866832+00:00,2026-05-16T06:04:34.866832+00:00,146
vehicle_positions_06_060505.parquet,OK,21549,413,False,False,,0,2026-05-16T06:05:05.532244+00:00,2026-05-16T06:05:05.532244+00:00,146
vehicle_positions_06_060536.parquet,OK,21614,416,False,False,,0,2026-05-16T06:05:36.314654+00:00,2026-05-16T06:05:36.314654+00:00,146
vehicle_positions_06_060607.parquet,OK,21528,413,False,False,,0,2026-05-16T06:06:07.094060+00:00,2026-05-16T06:06:07.094060+00:00,145
vehicle_positions_06_060638.parquet,OK,21487,412,False,False,,0,2026-05-16T06:06:37.894398+00:00,2026-05-16T06:06:37.894398+00:00,145
vehicle_positions_06_060709.parquet,OK,21597,413,False,False,,0,2026-05-16T06:07:08.638854+00:00,2026-05-16T06:07:08.638854+00:00,145
vehicle_positions_06_060739.parquet,OK,21584,413,False,False,,0,2026-05-16T06:07:39.534644+00:00,2026-05-16T06:07:39.534644+00:00,145
vehicle_positions_06_060810.parquet,OK,21507,410,False,False,,0,2026-05-16T06:08:10.184047+00:00,2026-05-16T06:08:10.184047+00:00,144
vehicle_positions_06_060841.parquet,OK,21351,407,False,False,,0,2026-05-16T06:08:40.860977+00:00,2026-05-16T06:08:40.860977+00:00,144
vehicle_positions_06_060912.parquet,OK,21270,404,False,False,,0,2026-05-16T06:09:11.631760+00:00,2026-05-16T06:09:11.631760+00:00,144
vehicle_positions_06_060942.parquet,OK,21247,405,False,False,,0,2026-05-16T06:09:42.414501+00:00,2026-05-16T06:09:42.414501+00:00,144
vehicle_positions_06_061013.parquet,OK,21242,404,False,False,,0,2026-05-16T06:10:13.084420+00:00,2026-05-16T06:10:13.084420+00:00,143
vehicle_positions_06_061044.parquet,OK,21239,405,False,False,,0,2026-05-16T06:10:43.768530+00:00,2026-05-16T06:10:43.768530+00:00,144
vehicle_positions_06_061114.parquet,OK,21211,404,False,False,,0,2026-05-16T06:11:14.566583+00:00,2026-05-16T06:11:14.566583+00:00,143
vehicle_positions_06_061145.parquet,OK,21050,400,False,False,,0,2026-05-16T06:11:45.344447+00:00,2026-05-16T06:11:45.344447+00:00,143
vehicle_positions_06_061216.parquet,OK,21224,402,False,False,,0,2026-05-16T06:12:16.197858+00:00,2026-05-16T06:12:16.197858+00:00,143
vehicle_positions_06_061247.parquet,OK,21151,401,False,False,,0,2026-05-16T06:12:47.047097+00:00,2026-05-16T06:12:47.047097+00:00,143
vehicle_positions_06_061318.parquet,OK,21192,401,False,False,,0,2026-05-16T06:13:17.768220+00:00,2026-05-16T06:13:17.768220+00:00,144
vehicle_positions_06_061349.parquet,OK,21179,402,False,False,,0,2026-05-16T06:13:49.411537+00:00,2026-05-16T06:13:49.411537+00:00,145
vehicle_positions_06_061420.parquet,OK,21272,403,False,False,,0,2026-05-16T06:14:20.134869+00:00,2026-05-16T06:14:20.134869+00:00,147
vehicle_positions_06_061451.parquet,OK,21297,403,False,False,,0,2026-05-16T06:14:51.055491+00:00,2026-05-16T06:14:51.055491+00:00,147
vehicle_positions_06_061522.parquet,OK,21047,399,False,False,,0,2026-05-16T06:15:21.743760+00:00,2026-05-16T06:15:21.743760+00:00,145
vehicle_positions_06_061553.parquet,OK,21074,399,False,False,,0,2026-05-16T06:15:52.615090+00:00,2026-05-16T06:15:52.615090+00:00,145
vehicle_positions_06_061623.parquet,OK,21043,399,False,False,,0,2026-05-16T06:16:23.452405+00:00,2026-05-16T06:16:23.452405+00:00,145
vehicle_positions_06_061654.parquet,OK,20995,397,False,False,,0,2026-05-16T06:16:54.154674+00:00,2026-05-16T06:16:54.154674+00:00,145
vehicle_positions_06_061725.parquet,OK,20954,396,False,False,,0,2026-05-16T06:17:25.113033+00:00,2026-05-16T06:17:25.113033+00:00,145
vehicle_positions_06_061756.parquet,OK,20974,396,False,False,,0,2026-05-16T06:17:55.880733+00:00,2026-05-16T06:17:55.880733+00:00,145
vehicle_positions_06_061827.parquet,OK,20968,397,False,False,,0,2026-05-16T06:18:26.568860+00:00,2026-05-16T06:18:26.568860+00:00,144
vehicle_positions_06_061857.parquet,OK,20973,395,False,False,,0,2026-05-16T06:18:57.266666+00:00,2026-05-16T06:18:57.266666+00:00,143
vehicle_positions_06_061928.parquet,OK,20977,395,False,False,,0,2026-05-16T06:19:27.959899+00:00,2026-05-16T06:19:27.959899+00:00,143
vehicle_positions_06_061959.parquet,OK,20974,396,False,False,,0,2026-05-16T06:19:58.727939+00:00,2026-05-16T06:19:58.727939+00:00,143
vehicle_positions_06_062029.parquet,OK,21012,396,False,False,,0,2026-05-16T06:20:29.468093+00:00,2026-05-16T06:20:29.468093+00:00,143
vehicle_positions_06_062101.parquet,OK,20978,395,False,False,,0,2026-05-16T06:21:00.138000+00:00,2026-05-16T06:21:00.138000+00:00,142
vehicle_positions_06_062131.parquet,OK,20879,393,False,False,,0,2026-05-16T06:21:31.237887+00:00,2026-05-16T06:21:31.237887+00:00,140
vehicle_positions_06_062202.parquet,OK,20730,389,False,False,,0,2026-05-16T06:22:01.991064+00:00,2026-05-16T06:22:01.991064+00:00,138
vehicle_positions_06_062233.parquet,OK,20756,389,False,False,,0,2026-05-16T06:22:32.691614+00:00,2026-05-16T06:22:32.691614+00:00,139
vehicle_positions_06_062303.parquet,OK,20766,391,False,False,,0,2026-05-16T06:23:03.473324+00:00,2026-05-16T06:23:03.473324+00:00,139
vehicle_positions_06_062334.parquet,OK,20819,391,False,False,,0,2026-05-16T06:23:34.141707+00:00,2026-05-16T06:23:34.141707+00:00,139
vehicle_positions_06_062405.parquet,OK,20510,385,False,False,,0,2026-05-16T06:24:04.896228+00:00,2026-05-16T06:24:04.896228+00:00,136
vehicle_positions_06_062436.parquet,OK,20531,384,False,False,,0,2026-05-16T06:24:35.639039+00:00,2026-05-16T06:24:35.639039+00:00,136
vehicle_positions_06_062506.parquet,OK,20508,383,False,False,,0,2026-05-16T06:25:06.451172+00:00,2026-05-16T06:25:06.451172+00:00,136
vehicle_positions_06_062537.parquet,OK,20665,387,False,False,,0,2026-05-16T06:25:37.163911+00:00,2026-05-16T06:25:37.163911+00:00,136
vehicle_positions_06_062608.parquet,OK,20657,386,False,False,,0,2026-05-16T06:26:08.031874+00:00,2026-05-16T06:26:08.031874+00:00,136
vehicle_positions_06_062639.parquet,OK,20621,386,False,False,,0,2026-05-16T06:26:38.762867+00:00,2026-05-16T06:26:38.762867+00:00,136
vehicle_positions_06_062709.parquet,OK,20682,386,False,False,,0,2026-05-16T06:27:09.510823+00:00,2026-05-16T06:27:09.510823+00:00,136
vehicle_positions_06_062740.parquet,OK,20702,389,False,False,,0,2026-05-16T06:27:40.161195+00:00,2026-05-16T06:27:40.161195+00:00,136
vehicle_positions_06_062811.parquet,OK,20684,387,False,False,,0,2026-05-16T06:28:10.933529+00:00,2026-05-16T06:28:10.933529+00:00,135
vehicle_positions_06_062842.parquet,OK,20560,385,False,False,,0,2026-05-16T06:28:41.631367+00:00,2026-05-16T06:28:41.631367+00:00,134
vehicle_positions_06_062912.parquet,OK,20516,382,False,False,,0,2026-05-16T06:29:12.527832+00:00,2026-05-16T06:29:12.527832+00:00,135
vehicle_positions_06_062943.parquet,OK,20422,380,False,False,,0,2026-05-16T06:29:43.206148+00:00,2026-05-16T06:29:43.206148+00:00,135
vehicle_positions_06_063014.parquet,OK,20403,379,False,False,,0,2026-05-16T06:30:13.974354+00:00,2026-05-16T06:30:13.974354+00:00,136
vehicle_positions_06_063045.parquet,OK,20351,379,False,False,,0,2026-05-16T06:30:44.783566+00:00,2026-05-16T06:30:44.783566+00:00,136
vehicle_positions_06_063115.parquet,OK,20403,379,False,False,,0,2026-05-16T06:31:15.495385+00:00,2026-05-16T06:31:15.495385+00:00,136
vehicle_positions_06_063146.parquet,OK,20414,378,False,False,,0,2026-05-16T06:31:46.278905+00:00,2026-05-16T06:31:46.278905+00:00,137
vehicle_positions_06_063217.parquet,OK,20250,376,False,False,,0,2026-05-16T06:32:17.037670+00:00,2026-05-16T06:32:17.037670+00:00,136
vehicle_positions_06_063248.parquet,OK,20294,376,False,False,,0,2026-05-16T06:32:47.685148+00:00,2026-05-16T06:32:47.685148+00:00,136
vehicle_positions_06_063318.parquet,OK,20168,372,False,False,,0,2026-05-16T06:33:18.346041+00:00,2026-05-16T06:33:18.346041+00:00,136
vehicle_positions_06_063349.parquet,OK,20205,373,False,False,,0,2026-05-16T06:33:49.073913+00:00,2026-05-16T06:33:49.073913+00:00,137
vehicle_positions_06_063420.parquet,OK,20156,372,False,False,,0,2026-05-16T06:34:19.834085+00:00,2026-05-16T06:34:19.834085+00:00,137
vehicle_positions_06_063450.parquet,OK,20053,369,False,False,,0,2026-05-16T06:34:50.527714+00:00,2026-05-16T06:34:50.527714+00:00,137
vehicle_positions_06_063521.parquet,OK,19951,367,False,False,,0,2026-05-16T06:35:21.274693+00:00,2026-05-16T06:35:21.274693+00:00,136
vehicle_positions_06_063552.parquet,OK,19956,367,False,False,,0,2026-05-16T06:35:51.962367+00:00,2026-05-16T06:35:51.962367+00:00,136
vehicle_positions_06_063623.parquet,OK,19861,364,False,False,,0,2026-05-16T06:36:22.714926+00:00,2026-05-16T06:36:22.714926+00:00,135
vehicle_positions_06_063653.parquet,OK,20013,365,False,False,,0,2026-05-16T06:36:53.417402+00:00,2026-05-16T06:36:53.417402+00:00,135
vehicle_positions_18_185045.parquet,OK,33676,777,False,False,,0,2026-05-16T18:50:40.614545+00:00,2026-05-16T18:50:40.614545+00:00,178
vehicle_positions_18_185120.parquet,OK,33601,776,False,False,,0,2026-05-16T18:51:19.765366+00:00,2026-05-16T18:51:19.765366+00:00,178
vehicle_positions_18_185151.parquet,OK,33576,774,False,False,,0,2026-05-16T18:51:50.542915+00:00,2026-05-16T18:51:50.542915+00:00,178
vehicle_positions_18_185221.parquet,OK,33473,773,False,False,,0,2026-05-16T18:52:21.437307+00:00,2026-05-16T18:52:21.437307+00:00,176
vehicle_positions_18_185252.parquet,OK,33348,772,False,False,,0,2026-05-16T18:52:52.227236+00:00,2026-05-16T18:52:52.227236+00:00,176
vehicle_positions_18_185323.parquet,OK,33631,775,False,False,,0,2026-05-16T18:53:23.048097+00:00,2026-05-16T18:53:23.048097+00:00,176
vehicle_positions_18_185355.parquet,OK,33651,777,False,False,,0,2026-05-16T18:53:55.374676+00:00,2026-05-16T18:53:55.374676+00:00,176
vehicle_positions_18_185426.parquet,OK,33818,781,False,False,,0,2026-05-16T18:54:26.302647+00:00,2026-05-16T18:54:26.302647+00:00,176
vehicle_positions_18_185457.parquet,OK,33774,779,False,False,,0,2026-05-16T18:54:57.148081+00:00,2026-05-16T18:54:57.148081+00:00,176
vehicle_positions_18_185528.parquet,OK,33921,782,False,False,,0,2026-05-16T18:55:28.024002+00:00,2026-05-16T18:55:28.024002+00:00,175
vehicle_positions_18_185559.parquet,OK,33867,782,False,False,,0,2026-05-16T18:55:58.955755+00:00,2026-05-16T18:55:58.955755+00:00,175
vehicle_positions_18_185630.parquet,OK,33965,782,False,False,,0,2026-05-16T18:56:29.853610+00:00,2026-05-16T18:56:29.853610+00:00,175
vehicle_positions_18_185701.parquet,OK,33951,785,False,False,,0,2026-05-16T18:57:00.690206+00:00,2026-05-16T18:57:00.690206+00:00,175
vehicle_positions_18_185732.parquet,OK,34018,786,False,False,,0,2026-05-16T18:57:31.693068+00:00,2026-05-16T18:57:31.693068+00:00,175
vehicle_positions_18_185803.parquet,OK,33953,785,False,False,,0,2026-05-16T18:58:02.510242+00:00,2026-05-16T18:58:02.510242+00:00,174
vehicle_positions_18_185834.parquet,OK,34019,786,False,False,,0,2026-05-16T18:58:33.553457+00:00,2026-05-16T18:58:33.553457+00:00,175
vehicle_positions_18_185904.parquet,OK,34127,786,False,False,,0,2026-05-16T18:59:04.324950+00:00,2026-05-16T18:59:04.324950+00:00,177
vehicle_positions_18_185935.parquet,OK,33873,785,False,False,,0,2026-05-16T18:59:35.082649+00:00,2026-05-16T18:59:35.082649+00:00,176
vehicle_positions_19_190006.parquet,OK,33957,785,False,False,,0,2026-05-16T19:00:05.850428+00:00,2026-05-16T19:00:05.850428+00:00,176
vehicle_positions_19_190037.parquet,OK,33864,783,False,False,,0,2026-05-16T19:00:36.834332+00:00,2026-05-16T19:00:36.834332+00:00,176
vehicle_positions_19_190108.parquet,OK,33960,786,False,False,,0,2026-05-16T19:01:07.627338+00:00,2026-05-16T19:01:07.627338+00:00,176
vehicle_positions_19_190139.parquet,OK,34185,786,False,False,,0,2026-05-16T19:01:38.434417+00:00,2026-05-16T19:01:38.434417+00:00,176
vehicle_positions_19_190209.parquet,OK,34150,786,False,False,,0,2026-05-16T19:02:09.386688+00:00,2026-05-16T19:02:09.386688+00:00,174
vehicle_positions_19_190240.parquet,OK,33803,785,False,False,,0,2026-05-16T19:02:40.278699+00:00,2026-05-16T19:02:40.278699+00:00,175
vehicle_positions_19_190311.parquet,OK,33734,781,False,False,,0,2026-05-16T19:03:11.047699+00:00,2026-05-16T19:03:11.047699+00:00,174
vehicle_positions_19_190342.parquet,OK,33668,784,False,False,,0,2026-05-16T19:03:41.957964+00:00,2026-05-16T19:03:41.957964+00:00,174
vehicle_positions_19_190413.parquet,OK,33932,786,False,False,,0,2026-05-16T19:04:12.780794+00:00,2026-05-16T19:04:12.780794+00:00,174
vehicle_positions_19_190444.parquet,OK,33908,784,False,False,,0,2026-05-16T19:04:43.541839+00:00,2026-05-16T19:04:43.541839+00:00,174
vehicle_positions_19_190514.parquet,OK,33925,784,False,False,,0,2026-05-16T19:05:14.361601+00:00,2026-05-16T19:05:14.361601+00:00,173
vehicle_positions_19_190545.parquet,OK,33881,788,False,False,,0,2026-05-16T19:05:45.155707+00:00,2026-05-16T19:05:45.155707+00:00,173
vehicle_positions_19_190616.parquet,OK,33890,787,False,False,,0,2026-05-16T19:06:15.961340+00:00,2026-05-16T19:06:15.961340+00:00,173
vehicle_positions_19_190647.parquet,OK,33841,789,False,False,,0,2026-05-16T19:06:47.059531+00:00,2026-05-16T19:06:47.059531+00:00,172
vehicle_positions_19_190718.parquet,OK,33919,788,False,False,,0,2026-05-16T19:07:17.929132+00:00,2026-05-16T19:07:17.929132+00:00,173
vehicle_positions_19_190749.parquet,OK,34008,792,False,False,,0,2026-05-16T19:07:48.750348+00:00,2026-05-16T19:07:48.750348+00:00,173
vehicle_positions_19_190820.parquet,OK,34262,793,False,False,,0,2026-05-16T19:08:19.528500+00:00,2026-05-16T19:08:19.528500+00:00,175
vehicle_positions_19_190850.parquet,OK,34198,793,False,False,,0,2026-05-16T19:08:50.349813+00:00,2026-05-16T19:08:50.349813+00:00,175
vehicle_positions_19_190921.parquet,OK,34291,792,False,False,,0,2026-05-16T19:09:21.090947+00:00,2026-05-16T19:09:21.090947+00:00,175
vehicle_positions_19_190952.parquet,OK,34297,792,False,False,,0,2026-05-16T19:09:51.891096+00:00,2026-05-16T19:09:51.891096+00:00,177
vehicle_positions_19_191023.parquet,OK,34289,793,False,False,,0,2026-05-16T19:10:22.821102+00:00,2026-05-16T19:10:22.821102+00:00,177
vehicle_positions_19_191054.parquet,OK,34088,792,False,False,,0,2026-05-16T19:10:53.553315+00:00,2026-05-16T19:10:53.553315+00:00,177
vehicle_positions_19_191124.parquet,OK,34080,791,False,False,,0,2026-05-16T19:11:24.342178+00:00,2026-05-16T19:11:24.342178+00:00,177
vehicle_positions_19_191155.parquet,OK,34314,794,False,False,,0,2026-05-16T19:11:55.264868+00:00,2026-05-16T19:11:55.264868+00:00,176
vehicle_positions_19_191226.parquet,OK,34287,795,False,False,,0,2026-05-16T19:12:26.233300+00:00,2026-05-16T19:12:26.233300+00:00,176
vehicle_positions_19_191257.parquet,OK,34310,797,False,False,,0,2026-05-16T19:12:57.039271+00:00,2026-05-16T19:12:57.039271+00:00,176
vehicle_positions_19_191328.parquet,OK,34321,800,False,False,,0,2026-05-16T19:13:27.837252+00:00,2026-05-16T19:13:27.837252+00:00,176
vehicle_positions_19_191359.parquet,OK,34377,799,False,False,,0,2026-05-16T19:13:58.606663+00:00,2026-05-16T19:13:58.606663+00:00,176
vehicle_positions_19_191429.parquet,OK,34554,799,False,False,,0,2026-05-16T19:14:29.349405+00:00,2026-05-16T19:14:29.349405+00:00,175
vehicle_positions_19_191500.parquet,OK,34326,799,False,False,,0,2026-05-16T19:15:00.223433+00:00,2026-05-16T19:15:00.223433+00:00,175
vehicle_positions_19_191531.parquet,OK,34282,800,False,False,,0,2026-05-16T19:15:31.092939+00:00,2026-05-16T19:15:31.092939+00:00,174
vehicle_positions_19_191602.parquet,OK,34483,802,False,False,,0,2026-05-16T19:16:02.179985+00:00,2026-05-16T19:16:02.179985+00:00,175
vehicle_positions_19_191633.parquet,OK,34591,802,False,False,,0,2026-05-16T19:16:33.102764+00:00,2026-05-16T19:16:33.102764+00:00,175
vehicle_positions_19_191704.parquet,OK,34476,800,False,False,,0,2026-05-16T19:17:03.888976+00:00,2026-05-16T19:17:03.888976+00:00,175
vehicle_positions_19_191735.parquet,OK,34314,799,False,False,,0,2026-05-16T19:17:34.666672+00:00,2026-05-16T19:17:34.666672+00:00,175
vehicle_positions_19_191805.parquet,OK,34359,799,False,False,,0,2026-05-16T19:18:05.432648+00:00,2026-05-16T19:18:05.432648+00:00,175
vehicle_positions_19_191836.parquet,OK,34323,798,False,False,,0,2026-05-16T19:18:36.330013+00:00,2026-05-16T19:18:36.330013+00:00,175
vehicle_positions_19_191907.parquet,OK,34424,799,False,False,,0,2026-05-16T19:19:07.168960+00:00,2026-05-16T19:19:07.168960+00:00,175
vehicle_positions_19_191938.parquet,OK,34268,797,False,False,,0,2026-05-16T19:19:37.957985+00:00,2026-05-16T19:19:37.957985+00:00,175
vehicle_positions_19_192009.parquet,OK,34391,799,False,False,,0,2026-05-16T19:20:08.801154+00:00,2026-05-16T19:20:08.801154+00:00,175
vehicle_positions_19_192040.parquet,OK,34635,803,False,False,,0,2026-05-16T19:20:39.729829+00:00,2026-05-16T19:20:39.729829+00:00,175
vehicle_positions_19_192110.parquet,OK,34590,805,False,False,,0,2026-05-16T19:21:10.485833+00:00,2026-05-16T19:21:10.485833+00:00,175
vehicle_positions_19_192141.parquet,OK,34484,801,False,False,,0,2026-05-16T19:21:41.219884+00:00,2026-05-16T19:21:41.219884+00:00,175
vehicle_positions_19_192213.parquet,OK,34398,801,False,False,,0,2026-05-16T19:22:12.562482+00:00,2026-05-16T19:22:12.562482+00:00,175
vehicle_positions_19_192244.parquet,OK,34199,797,False,False,,0,2026-05-16T19:22:43.502570+00:00,2026-05-16T19:22:43.502570+00:00,175
vehicle_positions_19_192344.parquet,OK,34230,797,False,False,,0,2026-05-16T19:23:44.170900+00:00,2026-05-16T19:23:44.170900+00:00,175
vehicle_positions_19_192415.parquet,OK,34288,799,False,False,,0,2026-05-16T19:24:14.994677+00:00,2026-05-16T19:24:14.994677+00:00,175
vehicle_positions_19_192446.parquet,OK,34277,800,False,False,,0,2026-05-16T19:24:45.941921+00:00,2026-05-16T19:24:45.941921+00:00,176
vehicle_positions_19_192517.parquet,OK,34316,801,False,False,,0,2026-05-16T19:25:16.918442+00:00,2026-05-16T19:25:16.918442+00:00,174
vehicle_positions_19_192548.parquet,OK,34528,802,False,False,,0,2026-05-16T19:25:47.704144+00:00,2026-05-16T19:25:47.704144+00:00,174
vehicle_positions_19_192618.parquet,OK,34468,803,False,False,,0,2026-05-16T19:26:18.455211+00:00,2026-05-16T19:26:18.455211+00:00,174
vehicle_positions_19_192649.parquet,OK,34291,801,False,False,,0,2026-05-16T19:26:49.249226+00:00,2026-05-16T19:26:49.249226+00:00,175
vehicle_positions_19_192720.parquet,OK,34311,799,False,False,,0,2026-05-16T19:27:20.098762+00:00,2026-05-16T19:27:20.098762+00:00,174
vehicle_positions_19_192751.parquet,OK,34335,800,False,False,,0,2026-05-16T19:27:50.901682+00:00,2026-05-16T19:27:50.901682+00:00,175
vehicle_positions_19_192822.parquet,OK,34436,802,False,False,,0,2026-05-16T19:28:21.885052+00:00,2026-05-16T19:28:21.885052+00:00,175
vehicle_positions_19_192853.parquet,OK,34554,806,False,False,,0,2026-05-16T19:28:53.209242+00:00,2026-05-16T19:28:53.209242+00:00,176
vehicle_positions_19_192924.parquet,OK,34575,807,False,False,,0,2026-05-16T19:29:23.988877+00:00,2026-05-16T19:29:23.988877+00:00,176
vehicle_positions_19_192955.parquet,OK,34470,804,False,False,,0,2026-05-16T19:29:54.898820+00:00,2026-05-16T19:29:54.898820+00:00,175
vehicle_positions_19_193026.parquet,OK,34475,807,False,False,,0,2026-05-16T19:30:25.746150+00:00,2026-05-16T19:30:25.746150+00:00,175
vehicle_positions_19_193057.parquet,OK,34542,808,False,False,,0,2026-05-16T19:30:56.726980+00:00,2026-05-16T19:30:56.726980+00:00,175
vehicle_positions_19_193128.parquet,OK,34651,809,False,False,,0,2026-05-16T19:31:27.572133+00:00,2026-05-16T19:31:27.572133+00:00,175
vehicle_positions_19_193159.parquet,OK,34618,811,False,False,,0,2026-05-16T19:31:58.397843+00:00,2026-05-16T19:31:58.397843+00:00,174
vehicle_positions_19_193230.parquet,OK,34706,809,False,False,,0,2026-05-16T19:32:29.614729+00:00,2026-05-16T19:32:29.614729+00:00,174
vehicle_positions_19_193300.parquet,OK,34645,810,False,False,,0,2026-05-16T19:33:00.453434+00:00,2026-05-16T19:33:00.453434+00:00,175
vehicle_positions_19_193331.parquet,OK,34588,808,False,False,,0,2026-05-16T19:33:31.254573+00:00,2026-05-16T19:33:31.254573+00:00,175
vehicle_positions_19_193402.parquet,OK,34475,807,False,False,,0,2026-05-16T19:34:02.125373+00:00,2026-05-16T19:34:02.125373+00:00,176
vehicle_positions_19_193433.parquet,OK,34466,807,False,False,,0,2026-05-16T19:34:33.518127+00:00,2026-05-16T19:34:33.518127+00:00,176
vehicle_positions_19_193504.parquet,OK,34634,810,False,False,,0,2026-05-16T19:35:04.334495+00:00,2026-05-16T19:35:04.334495+00:00,176
vehicle_positions_19_193535.parquet,OK,34700,810,False,False,,0,2026-05-16T19:35:35.151156+00:00,2026-05-16T19:35:35.151156+00:00,176
vehicle_positions_19_193606.parquet,OK,34783,812,False,False,,0,2026-05-16T19:36:05.868218+00:00,2026-05-16T19:36:05.868218+00:00,176
vehicle_positions_19_193637.parquet,OK,34668,814,False,False,,0,2026-05-16T19:36:36.616392+00:00,2026-05-16T19:36:36.616392+00:00,176
vehicle_positions_19_193707.parquet,OK,34767,815,False,False,,0,2026-05-16T19:37:07.493296+00:00,2026-05-16T19:37:07.493296+00:00,175
vehicle_positions_19_193738.parquet,OK,34838,816,False,False,,0,2026-05-16T19:37:38.280749+00:00,2026-05-16T19:37:38.280749+00:00,175
vehicle_positions_19_193809.parquet,OK,34844,815,False,False,,0,2026-05-16T19:38:09.053127+00:00,2026-05-16T19:38:09.053127+00:00,175
vehicle_positions_19_193840.parquet,OK,34784,815,False,False,,0,2026-05-16T19:38:39.854087+00:00,2026-05-16T19:38:39.854087+00:00,176
vehicle_positions_19_193911.parquet,OK,34791,814,False,False,,0,2026-05-16T19:39:10.715584+00:00,2026-05-16T19:39:10.715584+00:00,176
vehicle_positions_19_193942.parquet,OK,34836,811,False,False,,0,2026-05-16T19:39:41.555481+00:00,2026-05-16T19:39:41.555481+00:00,176
vehicle_positions_19_194013.parquet,OK,34709,810,False,False,,0,2026-05-16T19:40:12.478088+00:00,2026-05-16T19:40:12.478088+00:00,176
vehicle_positions_19_194044.parquet,OK,34746,812,False,False,,0,2026-05-16T19:40:43.514968+00:00,2026-05-16T19:40:43.514968+00:00,176
vehicle_positions_19_194115.parquet,OK,34950,813,False,False,,0,2026-05-16T19:41:14.655902+00:00,2026-05-16T19:41:14.655902+00:00,176
vehicle_positions_19_194145.parquet,OK,34912,814,False,False,,0,2026-05-16T19:41:45.481416+00:00,2026-05-16T19:41:45.481416+00:00,176
vehicle_positions_19_194216.parquet,OK,34867,814,False,False,,0,2026-05-16T19:42:16.296299+00:00,2026-05-16T19:42:16.296299+00:00,176
vehicle_positions_19_194249.parquet,OK,34958,814,False,False,,0,2026-05-16T19:42:48.559432+00:00,2026-05-16T19:42:48.559432+00:00,176
vehicle_positions_19_194319.parquet,OK,34836,812,False,False,,0,2026-05-16T19:43:19.351070+00:00,2026-05-16T19:43:19.351070+00:00,176
vehicle_positions_19_194350.parquet,OK,34742,809,False,False,,0,2026-05-16T19:43:50.156734+00:00,2026-05-16T19:43:50.156734+00:00,176
vehicle_positions_19_194421.parquet,OK,34587,805,False,False,,0,2026-05-16T19:44:20.940732+00:00,2026-05-16T19:44:20.940732+00:00,176
vehicle_positions_19_194452.parquet,OK,34823,810,False,False,,0,2026-05-16T19:44:51.720401+00:00,2026-05-16T19:44:51.720401+00:00,176
vehicle_positions_19_194523.parquet,OK,34936,813,False,False,,0,2026-05-16T19:45:22.566730+00:00,2026-05-16T19:45:22.566730+00:00,176
vehicle_positions_19_194553.parquet,OK,34887,816,False,False,,0,2026-05-16T19:45:53.312566+00:00,2026-05-16T19:45:53.312566+00:00,176
vehicle_positions_19_194624.parquet,OK,35133,819,False,False,,0,2026-05-16T19:46:24.098625+00:00,2026-05-16T19:46:24.098625+00:00,176
vehicle_positions_19_194655.parquet,OK,35117,821,False,False,,0,2026-05-16T19:46:55.137285+00:00,2026-05-16T19:46:55.137285+00:00,176
vehicle_positions_19_194726.parquet,OK,35186,820,False,False,,0,2026-05-16T19:47:26.087192+00:00,2026-05-16T19:47:26.087192+00:00,175
vehicle_positions_19_194757.parquet,OK,34956,818,False,False,,0,2026-05-16T19:47:56.856187+00:00,2026-05-16T19:47:56.856187+00:00,175
vehicle_positions_19_194828.parquet,OK,35045,819,False,False,,0,2026-05-16T19:48:27.644755+00:00,2026-05-16T19:48:27.644755+00:00,175
vehicle_positions_19_194858.parquet,OK,35091,818,False,False,,0,2026-05-16T19:48:58.388547+00:00,2026-05-16T19:48:58.388547+00:00,175
vehicle_positions_19_194929.parquet,OK,35121,818,False,False,,0,2026-05-16T19:49:29.215071+00:00,2026-05-16T19:49:29.215071+00:00,174
vehicle_positions_19_195000.parquet,OK,35139,819,False,False,,0,2026-05-16T19:50:00.095054+00:00,2026-05-16T19:50:00.095054+00:00,175
vehicle_positions_19_195031.parquet,OK,35133,821,False,False,,0,2026-05-16T19:50:30.992142+00:00,2026-05-16T19:50:30.992142+00:00,175
vehicle_positions_19_195102.parquet,OK,35141,819,False,False,,0,2026-05-16T19:51:01.851163+00:00,2026-05-16T19:51:01.851163+00:00,175
vehicle_positions_19_195133.parquet,OK,35013,818,False,False,,0,2026-05-16T19:51:32.777414+00:00,2026-05-16T19:51:32.777414+00:00,173
vehicle_positions_19_195203.parquet,OK,34924,818,False,False,,0,2026-05-16T19:52:03.519756+00:00,2026-05-16T19:52:03.519756+00:00,173
vehicle_positions_19_195234.parquet,OK,35008,821,False,False,,0,2026-05-16T19:52:34.271292+00:00,2026-05-16T19:52:34.271292+00:00,175
vehicle_positions_19_195306.parquet,OK,35115,823,False,False,,0,2026-05-16T19:53:05.089799+00:00,2026-05-16T19:53:05.089799+00:00,175
vehicle_positions_19_195336.parquet,OK,35060,821,False,False,,0,2026-05-16T19:53:36.376414+00:00,2026-05-16T19:53:36.376414+00:00,174
vehicle_positions_19_195407.parquet,OK,35010,821,False,False,,0,2026-05-16T19:54:07.173592+00:00,2026-05-16T19:54:07.173592+00:00,173
vehicle_positions_19_195438.parquet,OK,34950,820,False,False,,0,2026-05-16T19:54:37.903325+00:00,2026-05-16T19:54:37.903325+00:00,173
vehicle_positions_19_195509.parquet,OK,34962,819,False,False,,0,2026-05-16T19:55:08.759305+00:00,2026-05-16T19:55:08.759305+00:00,173
vehicle_positions_19_195540.parquet,OK,34995,821,False,False,,0,2026-05-16T19:55:39.597830+00:00,2026-05-16T19:55:39.597830+00:00,175
vehicle_positions_19_195611.parquet,OK,35087,823,False,False,,0,2026-05-16T19:56:10.966997+00:00,2026-05-16T19:56:10.966997+00:00,174
vehicle_positions_19_195642.parquet,OK,35127,823,False,False,,0,2026-05-16T19:56:41.842188+00:00,2026-05-16T19:56:41.842188+00:00,174
vehicle_positions_19_195713.parquet,OK,35053,821,False,False,,0,2026-05-16T19:57:12.671872+00:00,2026-05-16T19:57:12.671872+00:00,174
vehicle_positions_19_195743.parquet,OK,35197,823,False,False,,0,2026-05-16T19:57:43.534586+00:00,2026-05-16T19:57:43.534586+00:00,174
vehicle_positions_19_195814.parquet,OK,35345,825,False,False,,0,2026-05-16T19:58:14.303013+00:00,2026-05-16T19:58:14.303013+00:00,174
vehicle_positions_19_195845.parquet,OK,35180,824,False,False,,0,2026-05-16T19:58:44.980167+00:00,2026-05-16T19:58:44.980167+00:00,175
vehicle_positions_19_195916.parquet,OK,35151,821,False,False,,0,2026-05-16T19:59:15.822298+00:00,2026-05-16T19:59:15.822298+00:00,174
vehicle_positions_19_195947.parquet,OK,35200,822,False,False,,0,2026-05-16T19:59:46.840182+00:00,2026-05-16T19:59:46.840182+00:00,174
vehicle_positions_20_200018.parquet,OK,35016,822,False,False,,0,2026-05-16T20:00:17.608044+00:00,2026-05-16T20:00:17.608044+00:00,174
vehicle_positions_20_200049.parquet,OK,35121,824,False,False,,0,2026-05-16T20:00:48.620231+00:00,2026-05-16T20:00:48.620231+00:00,174
vehicle_positions_20_200119.parquet,OK,35121,822,False,False,,0,2026-05-16T20:01:19.365784+00:00,2026-05-16T20:01:19.365784+00:00,174
vehicle_positions_20_200150.parquet,OK,35011,822,False,False,,0,2026-05-16T20:01:50.212325+00:00,2026-05-16T20:01:50.212325+00:00,174
vehicle_positions_20_200221.parquet,OK,35156,825,False,False,,0,2026-05-16T20:02:20.912869+00:00,2026-05-16T20:02:20.912869+00:00,173
vehicle_positions_20_200252.parquet,OK,35230,826,False,False,,0,2026-05-16T20:02:51.622305+00:00,2026-05-16T20:02:51.622305+00:00,174
vehicle_positions_20_200323.parquet,OK,35216,827,False,False,,0,2026-05-16T20:03:22.659701+00:00,2026-05-16T20:03:22.659701+00:00,173
vehicle_positions_20_200355.parquet,OK,35264,831,False,False,,0,2026-05-16T20:03:54.879048+00:00,2026-05-16T20:03:54.879048+00:00,173
vehicle_positions_20_200426.parquet,OK,35251,829,False,False,,0,2026-05-16T20:04:25.653259+00:00,2026-05-16T20:04:25.653259+00:00,174
vehicle_positions_20_200456.parquet,OK,35217,830,False,False,,0,2026-05-16T20:04:56.412507+00:00,2026-05-16T20:04:56.412507+00:00,174
vehicle_positions_20_200528.parquet,OK,35406,833,False,False,,0,2026-05-16T20:05:27.361927+00:00,2026-05-16T20:05:27.361927+00:00,175
vehicle_positions_20_200558.parquet,OK,35555,838,False,False,,0,2026-05-16T20:05:58.309334+00:00,2026-05-16T20:05:58.309334+00:00,176
vehicle_positions_20_200629.parquet,OK,35725,838,False,False,,0,2026-05-16T20:06:29.069119+00:00,2026-05-16T20:06:29.069119+00:00,176
vehicle_positions_20_200700.parquet,OK,35479,834,False,False,,0,2026-05-16T20:06:59.951493+00:00,2026-05-16T20:06:59.951493+00:00,176
vehicle_positions_20_200731.parquet,OK,35374,835,False,False,,0,2026-05-16T20:07:30.709412+00:00,2026-05-16T20:07:30.709412+00:00,176
vehicle_positions_20_200802.parquet,OK,35530,834,False,False,,0,2026-05-16T20:08:01.778472+00:00,2026-05-16T20:08:01.778472+00:00,176
vehicle_positions_20_200833.parquet,OK,35513,835,False,False,,0,2026-05-16T20:08:32.544422+00:00,2026-05-16T20:08:32.544422+00:00,177
vehicle_positions_20_200903.parquet,OK,35454,835,False,False,,0,2026-05-16T20:09:03.381836+00:00,2026-05-16T20:09:03.381836+00:00,178
vehicle_positions_20_200934.parquet,OK,35574,837,False,False,,0,2026-05-16T20:09:34.111558+00:00,2026-05-16T20:09:34.111558+00:00,177
vehicle_positions_20_201007.parquet,OK,35485,838,False,False,,0,2026-05-16T20:10:07.075804+00:00,2026-05-16T20:10:07.075804+00:00,177
vehicle_positions_20_201039.parquet,OK,35603,839,False,False,,0,2026-05-16T20:10:38.497346+00:00,2026-05-16T20:10:38.497346+00:00,176
vehicle_positions_20_201109.parquet,OK,35664,839,False,False,,0,2026-05-16T20:11:09.457380+00:00,2026-05-16T20:11:09.457380+00:00,176
vehicle_positions_20_201140.parquet,OK,35684,838,False,False,,0,2026-05-16T20:11:40.187402+00:00,2026-05-16T20:11:40.187402+00:00,176
vehicle_positions_20_201211.parquet,OK,35554,838,False,False,,0,2026-05-16T20:12:10.985693+00:00,2026-05-16T20:12:10.985693+00:00,176
vehicle_positions_20_201242.parquet,OK,35833,838,False,False,,0,2026-05-16T20:12:41.817738+00:00,2026-05-16T20:12:41.817738+00:00,176
vehicle_positions_20_201313.parquet,OK,35734,840,False,False,,0,2026-05-16T20:13:12.783092+00:00,2026-05-16T20:13:12.783092+00:00,177
vehicle_positions_20_201344.parquet,OK,35560,838,False,False,,0,2026-05-16T20:13:43.594049+00:00,2026-05-16T20:13:43.594049+00:00,177
vehicle_positions_20_201414.parquet,OK,35886,839,False,False,,0,2026-05-16T20:14:14.410261+00:00,2026-05-16T20:14:14.410261+00:00,177
vehicle_positions_20_201445.parquet,OK,35655,838,False,False,,0,2026-05-16T20:14:45.292549+00:00,2026-05-16T20:14:45.292549+00:00,177
vehicle_positions_20_201516.parquet,OK,35560,837,False,False,,0,2026-05-16T20:15:16.160132+00:00,2026-05-16T20:15:16.160132+00:00,175
vehicle_positions_20_201547.parquet,OK,35518,838,False,False,,0,2026-05-16T20:15:47.021224+00:00,2026-05-16T20:15:47.021224+00:00,176
vehicle_positions_20_201620.parquet,OK,35562,839,False,False,,0,2026-05-16T20:16:19.515830+00:00,2026-05-16T20:16:19.515830+00:00,177
vehicle_positions_20_201651.parquet,OK,35669,841,False,False,,0,2026-05-16T20:16:50.589542+00:00,2026-05-16T20:16:50.589542+00:00,177
vehicle_positions_20_201721.parquet,OK,35598,839,False,False,,0,2026-05-16T20:17:21.351715+00:00,2026-05-16T20:17:21.351715+00:00,176
vehicle_positions_20_201752.parquet,OK,35685,840,False,False,,0,2026-05-16T20:17:52.273002+00:00,2026-05-16T20:17:52.273002+00:00,176
vehicle_positions_20_201823.parquet,OK,35621,840,False,False,,0,2026-05-16T20:18:23.079653+00:00,2026-05-16T20:18:23.079653+00:00,176
vehicle_positions_20_201854.parquet,OK,35907,843,False,False,,0,2026-05-16T20:18:54.068318+00:00,2026-05-16T20:18:54.068318+00:00,176
vehicle_positions_20_201925.parquet,OK,35678,842,False,False,,0,2026-05-16T20:19:24.847494+00:00,2026-05-16T20:19:24.847494+00:00,176
vehicle_positions_20_201956.parquet,OK,35644,842,False,False,,0,2026-05-16T20:19:55.684767+00:00,2026-05-16T20:19:55.684767+00:00,176
vehicle_positions_20_202027.parquet,OK,35763,844,False,False,,0,2026-05-16T20:20:26.514642+00:00,2026-05-16T20:20:26.514642+00:00,176
vehicle_positions_20_202057.parquet,OK,35662,845,False,False,,0,2026-05-16T20:20:57.340566+00:00,2026-05-16T20:20:57.340566+00:00,176
vehicle_positions_20_202128.parquet,OK,35685,846,False,False,,0,2026-05-16T20:21:28.125896+00:00,2026-05-16T20:21:28.125896+00:00,176
vehicle_positions_20_202201.parquet,OK,35878,846,False,False,,0,2026-05-16T20:22:01.394519+00:00,2026-05-16T20:22:01.394519+00:00,175
vehicle_positions_20_202232.parquet,OK,35799,848,False,False,,0,2026-05-16T20:22:32.283859+00:00,2026-05-16T20:22:32.283859+00:00,175
vehicle_positions_20_202303.parquet,OK,35984,849,False,False,,0,2026-05-16T20:23:03.207256+00:00,2026-05-16T20:23:03.207256+00:00,175
vehicle_positions_20_202334.parquet,OK,35907,848,False,False,,0,2026-05-16T20:23:34.124516+00:00,2026-05-16T20:23:34.124516+00:00,175
vehicle_positions_20_202405.parquet,OK,36059,851,False,False,,0,2026-05-16T20:24:04.913511+00:00,2026-05-16T20:24:04.913511+00:00,175
vehicle_positions_20_202436.parquet,OK,35899,847,False,False,,0,2026-05-16T20:24:35.921715+00:00,2026-05-16T20:24:35.921715+00:00,175
vehicle_positions_20_202507.parquet,OK,35669,845,False,False,,0,2026-05-16T20:25:06.683024+00:00,2026-05-16T20:25:06.683024+00:00,175
vehicle_positions_20_202538.parquet,OK,35828,845,False,False,,0,2026-05-16T20:25:37.585638+00:00,2026-05-16T20:25:37.585638+00:00,173
vehicle_positions_20_202608.parquet,OK,35733,845,False,False,,0,2026-05-16T20:26:08.402879+00:00,2026-05-16T20:26:08.402879+00:00,173
vehicle_positions_20_202639.parquet,OK,35676,844,False,False,,0,2026-05-16T20:26:39.137648+00:00,2026-05-16T20:26:39.137648+00:00,173
vehicle_positions_20_202710.parquet,OK,35647,846,False,False,,0,2026-05-16T20:27:09.919280+00:00,2026-05-16T20:27:09.919280+00:00,174
vehicle_positions_20_202741.parquet,OK,35851,848,False,False,,0,2026-05-16T20:27:40.888324+00:00,2026-05-16T20:27:40.888324+00:00,175
vehicle_positions_20_202812.parquet,OK,35707,848,False,False,,0,2026-05-16T20:28:11.727280+00:00,2026-05-16T20:28:11.727280+00:00,175
vehicle_positions_20_202842.parquet,OK,35853,849,False,False,,0,2026-05-16T20:28:42.443140+00:00,2026-05-16T20:28:42.443140+00:00,175
vehicle_positions_21_211223.parquet,OK,36295,862,False,False,,0,2026-05-16T21:12:22.917894+00:00,2026-05-16T21:12:22.917894+00:00,175
vehicle_positions_21_211256.parquet,OK,36437,861,False,False,,0,2026-05-16T21:12:54.823102+00:00,2026-05-16T21:12:54.823102+00:00,175
vehicle_positions_21_211326.parquet,OK,36474,863,False,False,,0,2026-05-16T21:13:26.278585+00:00,2026-05-16T21:13:26.278585+00:00,174
vehicle_positions_21_211357.parquet,OK,36422,860,False,False,,0,2026-05-16T21:13:57.128056+00:00,2026-05-16T21:13:57.128056+00:00,174
vehicle_positions_21_211428.parquet,OK,36488,860,False,False,,0,2026-05-16T21:14:27.884330+00:00,2026-05-16T21:14:27.884330+00:00,175
vehicle_positions_21_211459.parquet,OK,36541,863,False,False,,0,2026-05-16T21:14:58.756294+00:00,2026-05-16T21:14:58.756294+00:00,176
vehicle_positions_21_211530.parquet,OK,36561,865,False,False,,0,2026-05-16T21:15:29.944106+00:00,2026-05-16T21:15:29.944106+00:00,177
vehicle_positions_21_211601.parquet,OK,36511,863,False,False,,0,2026-05-16T21:16:00.715783+00:00,2026-05-16T21:16:00.715783+00:00,176
vehicle_positions_21_211634.parquet,OK,36354,863,False,False,,0,2026-05-16T21:16:34.040364+00:00,2026-05-16T21:16:34.040364+00:00,176
vehicle_positions_21_211706.parquet,OK,36569,864,False,False,,0,2026-05-16T21:17:04.762531+00:00,2026-05-16T21:17:04.762531+00:00,176
vehicle_positions_21_211737.parquet,OK,36401,863,False,False,,0,2026-05-16T21:17:37.061485+00:00,2026-05-16T21:17:37.061485+00:00,176
vehicle_positions_21_211808.parquet,OK,36356,864,False,False,,0,2026-05-16T21:18:07.828791+00:00,2026-05-16T21:18:07.828791+00:00,176
vehicle_positions_21_211839.parquet,OK,36563,864,False,False,,0,2026-05-16T21:18:38.708102+00:00,2026-05-16T21:18:38.708102+00:00,176
vehicle_positions_21_211910.parquet,OK,36569,864,False,False,,0,2026-05-16T21:19:09.504800+00:00,2026-05-16T21:19:09.504800+00:00,176
vehicle_positions_21_211941.parquet,OK,36259,861,False,False,,0,2026-05-16T21:19:40.590318+00:00,2026-05-16T21:19:40.590318+00:00,177
vehicle_positions_21_212011.parquet,OK,36219,859,False,False,,0,2026-05-16T21:20:11.408775+00:00,2026-05-16T21:20:11.408775+00:00,177
vehicle_positions_21_212042.parquet,OK,36088,858,False,False,,0,2026-05-16T21:20:42.290856+00:00,2026-05-16T21:20:42.290856+00:00,178
vehicle_positions_21_212113.parquet,OK,36287,862,False,False,,0,2026-05-16T21:21:13.065114+00:00,2026-05-16T21:21:13.065114+00:00,179
vehicle_positions_21_212144.parquet,OK,36300,862,False,False,,0,2026-05-16T21:21:44.428309+00:00,2026-05-16T21:21:44.428309+00:00,179
vehicle_positions_21_212215.parquet,OK,36126,862,False,False,,0,2026-05-16T21:22:15.289694+00:00,2026-05-16T21:22:15.289694+00:00,178
vehicle_positions_21_212246.parquet,OK,36160,862,False,False,,0,2026-05-16T21:22:46.099738+00:00,2026-05-16T21:22:46.099738+00:00,178
vehicle_positions_21_212317.parquet,OK,36174,861,False,False,,0,2026-05-16T21:23:16.963023+00:00,2026-05-16T21:23:16.963023+00:00,178
vehicle_positions_21_212348.parquet,OK,36037,860,False,False,,0,2026-05-16T21:23:47.805913+00:00,2026-05-16T21:23:47.805913+00:00,178
vehicle_positions_21_212419.parquet,OK,36096,862,False,False,,0,2026-05-16T21:24:18.562965+00:00,2026-05-16T21:24:18.562965+00:00,177
vehicle_positions_21_212449.parquet,OK,36373,865,False,False,,0,2026-05-16T21:24:49.380345+00:00,2026-05-16T21:24:49.380345+00:00,176
vehicle_positions_21_212520.parquet,OK,36154,862,False,False,,0,2026-05-16T21:25:20.202872+00:00,2026-05-16T21:25:20.202872+00:00,175
vehicle_positions_21_212551.parquet,OK,36136,864,False,False,,0,2026-05-16T21:25:51.030793+00:00,2026-05-16T21:25:51.030793+00:00,175
vehicle_positions_21_212622.parquet,OK,36160,864,False,False,,0,2026-05-16T21:26:21.865289+00:00,2026-05-16T21:26:21.865289+00:00,177
vehicle_positions_21_212653.parquet,OK,36437,866,False,False,,0,2026-05-16T21:26:52.794495+00:00,2026-05-16T21:26:52.794495+00:00,178
vehicle_positions_21_212724.parquet,OK,36544,869,False,False,,0,2026-05-16T21:27:23.668315+00:00,2026-05-16T21:27:23.668315+00:00,178
vehicle_positions_21_212755.parquet,OK,36561,870,False,False,,0,2026-05-16T21:27:54.533065+00:00,2026-05-16T21:27:54.533065+00:00,178
vehicle_positions_21_212825.parquet,OK,36721,871,False,False,,0,2026-05-16T21:28:25.368419+00:00,2026-05-16T21:28:25.368419+00:00,178
vehicle_positions_21_212856.parquet,OK,36890,874,False,False,,0,2026-05-16T21:28:56.240438+00:00,2026-05-16T21:28:56.240438+00:00,176
vehicle_positions_21_212927.parquet,OK,36859,875,False,False,,0,2026-05-16T21:29:27.049645+00:00,2026-05-16T21:29:27.049645+00:00,176
vehicle_positions_21_212958.parquet,OK,36881,876,False,False,,0,2026-05-16T21:29:57.949504+00:00,2026-05-16T21:29:57.949504+00:00,175
vehicle_positions_21_213029.parquet,OK,36891,878,False,False,,0,2026-05-16T21:30:28.744582+00:00,2026-05-16T21:30:28.744582+00:00,175
vehicle_positions_21_213100.parquet,OK,36792,878,False,False,,0,2026-05-16T21:30:59.522727+00:00,2026-05-16T21:30:59.522727+00:00,176
vehicle_positions_21_213130.parquet,OK,36960,880,False,False,,0,2026-05-16T21:31:30.348434+00:00,2026-05-16T21:31:30.348434+00:00,175
vehicle_positions_21_213201.parquet,OK,36857,879,False,False,,0,2026-05-16T21:32:01.158278+00:00,2026-05-16T21:32:01.158278+00:00,174
vehicle_positions_21_213232.parquet,OK,36774,878,False,False,,0,2026-05-16T21:32:32.054858+00:00,2026-05-16T21:32:32.054858+00:00,174
vehicle_positions_21_213303.parquet,OK,36825,879,False,False,,0,2026-05-16T21:33:02.893265+00:00,2026-05-16T21:33:02.893265+00:00,174
vehicle_positions_21_213334.parquet,OK,36843,878,False,False,,0,2026-05-16T21:33:33.748783+00:00,2026-05-16T21:33:33.748783+00:00,174
vehicle_positions_21_213405.parquet,OK,36670,877,False,False,,0,2026-05-16T21:34:04.548125+00:00,2026-05-16T21:34:04.548125+00:00,175
vehicle_positions_21_213436.parquet,OK,36841,878,False,False,,0,2026-05-16T21:34:35.532872+00:00,2026-05-16T21:34:35.532872+00:00,175
vehicle_positions_21_213506.parquet,OK,36759,877,False,False,,0,2026-05-16T21:35:06.306392+00:00,2026-05-16T21:35:06.306392+00:00,175
vehicle_positions_21_213537.parquet,OK,36727,876,False,False,,0,2026-05-16T21:35:37.136759+00:00,2026-05-16T21:35:37.136759+00:00,176
vehicle_positions_21_213608.parquet,OK,36669,875,False,False,,0,2026-05-16T21:36:07.974415+00:00,2026-05-16T21:36:07.974415+00:00,177
vehicle_positions_21_213639.parquet,OK,36701,875,False,False,,0,2026-05-16T21:36:39.034260+00:00,2026-05-16T21:36:39.034260+00:00,177
vehicle_positions_21_213710.parquet,OK,36858,876,False,False,,0,2026-05-16T21:37:10.011633+00:00,2026-05-16T21:37:10.011633+00:00,177
vehicle_positions_21_213741.parquet,OK,36844,876,False,False,,0,2026-05-16T21:37:41.161331+00:00,2026-05-16T21:37:41.161331+00:00,177
vehicle_positions_21_213812.parquet,OK,36911,877,False,False,,0,2026-05-16T21:38:12.138508+00:00,2026-05-16T21:38:12.138508+00:00,177
vehicle_positions_21_213843.parquet,OK,36793,879,False,False,,0,2026-05-16T21:38:43.072402+00:00,2026-05-16T21:38:43.072402+00:00,177
vehicle_positions_21_213914.parquet,OK,36879,879,False,False,,0,2026-05-16T21:39:13.851741+00:00,2026-05-16T21:39:13.851741+00:00,177
vehicle_positions_21_213945.parquet,OK,37038,879,False,False,,0,2026-05-16T21:39:44.646359+00:00,2026-05-16T21:39:44.646359+00:00,177
vehicle_positions_21_214016.parquet,OK,37095,880,False,False,,0,2026-05-16T21:40:15.385768+00:00,2026-05-16T21:40:15.385768+00:00,177
vehicle_positions_21_214047.parquet,OK,37094,881,False,False,,0,2026-05-16T21:40:46.619114+00:00,2026-05-16T21:40:46.619114+00:00,177
vehicle_positions_21_214118.parquet,OK,37009,881,False,False,,0,2026-05-16T21:41:17.488522+00:00,2026-05-16T21:41:17.488522+00:00,177
vehicle_positions_21_214148.parquet,OK,37056,882,False,False,,0,2026-05-16T21:41:48.475102+00:00,2026-05-16T21:41:48.475102+00:00,177
vehicle_positions_21_214219.parquet,OK,37101,882,False,False,,0,2026-05-16T21:42:19.286664+00:00,2026-05-16T21:42:19.286664+00:00,177
vehicle_positions_21_214250.parquet,OK,37050,882,False,False,,0,2026-05-16T21:42:50.125114+00:00,2026-05-16T21:42:50.125114+00:00,177
vehicle_positions_21_214321.parquet,OK,37067,881,False,False,,0,2026-05-16T21:43:20.895002+00:00,2026-05-16T21:43:20.895002+00:00,177
vehicle_positions_21_214352.parquet,OK,36961,878,False,False,,0,2026-05-16T21:43:51.836511+00:00,2026-05-16T21:43:51.836511+00:00,177
vehicle_positions_21_214423.parquet,OK,36785,877,False,False,,0,2026-05-16T21:44:22.672143+00:00,2026-05-16T21:44:22.672143+00:00,178
vehicle_positions_21_214455.parquet,OK,36986,878,False,False,,0,2026-05-16T21:44:54.544628+00:00,2026-05-16T21:44:54.544628+00:00,178
vehicle_positions_21_214525.parquet,OK,37007,878,False,False,,0,2026-05-16T21:45:25.385274+00:00,2026-05-16T21:45:25.385274+00:00,178
vehicle_positions_21_214556.parquet,OK,36798,875,False,False,,0,2026-05-16T21:45:56.084855+00:00,2026-05-16T21:45:56.084855+00:00,178
vehicle_positions_21_214627.parquet,OK,36893,875,False,False,,0,2026-05-16T21:46:26.957631+00:00,2026-05-16T21:46:26.957631+00:00,178
vehicle_positions_21_214658.parquet,OK,36850,875,False,False,,0,2026-05-16T21:46:58.323883+00:00,2026-05-16T21:46:58.323883+00:00,178
vehicle_positions_21_214729.parquet,OK,37093,877,False,False,,0,2026-05-16T21:47:29.146484+00:00,2026-05-16T21:47:29.146484+00:00,178
vehicle_positions_21_214800.parquet,OK,36853,876,False,False,,0,2026-05-16T21:48:00.183037+00:00,2026-05-16T21:48:00.183037+00:00,178
vehicle_positions_21_214831.parquet,OK,37018,876,False,False,,0,2026-05-16T21:48:30.965090+00:00,2026-05-16T21:48:30.965090+00:00,178
vehicle_positions_21_214902.parquet,OK,36894,877,False,False,,0,2026-05-16T21:49:01.967311+00:00,2026-05-16T21:49:01.967311+00:00,178
vehicle_positions_21_214933.parquet,OK,36942,877,False,False,,0,2026-05-16T21:49:32.743902+00:00,2026-05-16T21:49:32.743902+00:00,179
vehicle_positions_21_215003.parquet,OK,36868,875,False,False,,0,2026-05-16T21:50:03.482933+00:00,2026-05-16T21:50:03.482933+00:00,179
vehicle_positions_21_215034.parquet,OK,36891,874,False,False,,0,2026-05-16T21:50:34.293447+00:00,2026-05-16T21:50:34.293447+00:00,179
vehicle_positions_21_215105.parquet,OK,36885,875,False,False,,0,2026-05-16T21:51:05.218644+00:00,2026-05-16T21:51:05.218644+00:00,178
vehicle_positions_21_215136.parquet,OK,36869,878,False,False,,0,2026-05-16T21:51:36.092306+00:00,2026-05-16T21:51:36.092306+00:00,177
vehicle_positions_21_215207.parquet,OK,36957,879,False,False,,0,2026-05-16T21:52:06.912051+00:00,2026-05-16T21:52:06.912051+00:00,176
vehicle_positions_21_215238.parquet,OK,37074,881,False,False,,0,2026-05-16T21:52:38.003583+00:00,2026-05-16T21:52:38.003583+00:00,176
vehicle_positions_21_215309.parquet,OK,36870,879,False,False,,0,2026-05-16T21:53:08.915322+00:00,2026-05-16T21:53:08.915322+00:00,176
vehicle_positions_21_215340.parquet,OK,36867,878,False,False,,0,2026-05-16T21:53:39.825307+00:00,2026-05-16T21:53:39.825307+00:00,176
vehicle_positions_21_215411.parquet,OK,36872,878,False,False,,0,2026-05-16T21:54:10.715152+00:00,2026-05-16T21:54:10.715152+00:00,176
vehicle_positions_21_215442.parquet,OK,36882,878,False,False,,0,2026-05-16T21:54:41.559999+00:00,2026-05-16T21:54:41.559999+00:00,176
vehicle_positions_21_215513.parquet,OK,36898,879,False,False,,0,2026-05-16T21:55:12.794557+00:00,2026-05-16T21:55:12.794557+00:00,177
vehicle_positions_21_215544.parquet,OK,37001,881,False,False,,0,2026-05-16T21:55:43.674306+00:00,2026-05-16T21:55:43.674306+00:00,177
vehicle_positions_22_223139.parquet,OK,36968,881,False,False,,0,2026-05-16T22:31:38.934679+00:00,2026-05-16T22:31:38.934679+00:00,177
vehicle_positions_00_001154.parquet,OK,37057,883,False,False,,0,2026-05-17T00:11:52.288416+00:00,2026-05-17T00:11:52.288416+00:00,175
vehicle_positions_00_001226.parquet,OK,37119,884,False,False,,0,2026-05-17T00:12:25.847449+00:00,2026-05-17T00:12:25.847449+00:00,175
vehicle_positions_00_001257.parquet,OK,36963,883,False,False,,0,2026-05-17T00:12:56.934227+00:00,2026-05-17T00:12:56.934227+00:00,175
vehicle_positions_00_001328.parquet,OK,36864,878,False,False,,0,2026-05-17T00:13:27.931376+00:00,2026-05-17T00:13:27.931376+00:00,175
vehicle_positions_00_001400.parquet,OK,36874,879,False,False,,0,2026-05-17T00:13:59.561852+00:00,2026-05-17T00:13:59.561852+00:00,175
vehicle_positions_00_001431.parquet,OK,36880,880,False,False,,0,2026-05-17T00:14:30.900242+00:00,2026-05-17T00:14:30.900242+00:00,175
vehicle_positions_00_001502.parquet,OK,36968,880,False,False,,0,2026-05-17T00:15:02.125109+00:00,2026-05-17T00:15:02.125109+00:00,176
vehicle_positions_00_001534.parquet,OK,36937,880,False,False,,0,2026-05-17T00:15:33.559030+00:00,2026-05-17T00:15:33.559030+00:00,175
vehicle_positions_00_001605.parquet,OK,36868,880,False,False,,0,2026-05-17T00:16:04.985325+00:00,2026-05-17T00:16:04.985325+00:00,175
vehicle_positions_00_001636.parquet,OK,37077,881,False,False,,0,2026-05-17T00:16:36.125859+00:00,2026-05-17T00:16:36.125859+00:00,176
vehicle_positions_00_001708.parquet,OK,36907,881,False,False,,0,2026-05-17T00:17:07.562226+00:00,2026-05-17T00:17:07.562226+00:00,176
vehicle_positions_00_001740.parquet,OK,36959,881,False,False,,0,2026-05-17T00:17:38.967588+00:00,2026-05-17T00:17:38.967588+00:00,176
vehicle_positions_00_001811.parquet,OK,37023,885,False,False,,0,2026-05-17T00:18:11.220808+00:00,2026-05-17T00:18:11.220808+00:00,176
vehicle_positions_00_001843.parquet,OK,37018,883,False,False,,0,2026-05-17T00:18:42.281844+00:00,2026-05-17T00:18:42.281844+00:00,177
vehicle_positions_00_001914.parquet,OK,37050,883,False,False,,0,2026-05-17T00:19:13.477646+00:00,2026-05-17T00:19:13.477646+00:00,177
vehicle_positions_00_001945.parquet,OK,37111,885,False,False,,0,2026-05-17T00:19:44.645241+00:00,2026-05-17T00:19:44.645241+00:00,178
vehicle_positions_00_003807.parquet,OK,37137,876,False,False,,0,2026-05-17T00:38:07.036817+00:00,2026-05-17T00:38:07.036817+00:00,177
vehicle_positions_00_003840.parquet,OK,37088,875,False,False,,0,2026-05-17T00:38:38.330297+00:00,2026-05-17T00:38:38.330297+00:00,177
vehicle_positions_00_003911.parquet,OK,36960,875,False,False,,0,2026-05-17T00:39:10.731143+00:00,2026-05-17T00:39:10.731143+00:00,178
vehicle_positions_00_003942.parquet,OK,37089,875,False,False,,0,2026-05-17T00:39:42.022641+00:00,2026-05-17T00:39:42.022641+00:00,178
vehicle_positions_00_004014.parquet,OK,37114,874,False,False,,0,2026-05-17T00:40:13.354904+00:00,2026-05-17T00:40:13.354904+00:00,178
vehicle_positions_00_004045.parquet,OK,37066,874,False,False,,0,2026-05-17T00:40:44.490366+00:00,2026-05-17T00:40:44.490366+00:00,178
vehicle_positions_00_004116.parquet,OK,37062,873,False,False,,0,2026-05-17T00:41:15.718539+00:00,2026-05-17T00:41:15.718539+00:00,178
vehicle_positions_00_004147.parquet,OK,36860,873,False,False,,0,2026-05-17T00:41:47.255992+00:00,2026-05-17T00:41:47.255992+00:00,178
vehicle_positions_00_004219.parquet,OK,36958,872,False,False,,0,2026-05-17T00:42:18.387300+00:00,2026-05-17T00:42:18.387300+00:00,178
vehicle_positions_00_004250.parquet,OK,36818,872,False,False,,0,2026-05-17T00:42:49.722409+00:00,2026-05-17T00:42:49.722409+00:00,178
vehicle_positions_00_004321.parquet,OK,36962,873,False,False,,0,2026-05-17T00:43:21.158482+00:00,2026-05-17T00:43:21.158482+00:00,178
vehicle_positions_00_004353.parquet,OK,37016,874,False,False,,0,2026-05-17T00:43:52.390660+00:00,2026-05-17T00:43:52.390660+00:00,178
vehicle_positions_00_004424.parquet,OK,37136,874,False,False,,0,2026-05-17T00:44:23.765444+00:00,2026-05-17T00:44:23.765444+00:00,178
vehicle_positions_00_004455.parquet,OK,36921,872,False,False,,0,2026-05-17T00:44:54.854083+00:00,2026-05-17T00:44:54.854083+00:00,178
vehicle_positions_00_004527.parquet,OK,36936,872,False,False,,0,2026-05-17T00:45:26.299826+00:00,2026-05-17T00:45:26.299826+00:00,178
vehicle_positions_00_004558.parquet,OK,37016,874,False,False,,0,2026-05-17T00:45:57.523811+00:00,2026-05-17T00:45:57.523811+00:00,178
vehicle_positions_00_004629.parquet,OK,37011,874,False,False,,0,2026-05-17T00:46:28.656580+00:00,2026-05-17T00:46:28.656580+00:00,178
vehicle_positions_00_004700.parquet,OK,36888,870,False,False,,0,2026-05-17T00:46:59.890444+00:00,2026-05-17T00:46:59.890444+00:00,179
vehicle_positions_00_004731.parquet,OK,36838,866,False,False,,0,2026-05-17T00:47:31.223261+00:00,2026-05-17T00:47:31.223261+00:00,178
vehicle_positions_00_004802.parquet,OK,36712,867,False,False,,0,2026-05-17T00:48:02.251945+00:00,2026-05-17T00:48:02.251945+00:00,178
vehicle_positions_00_004833.parquet,OK,36718,868,False,False,,0,2026-05-17T00:48:33.080183+00:00,2026-05-17T00:48:33.080183+00:00,178
vehicle_positions_00_004904.parquet,OK,36687,865,False,False,,0,2026-05-17T00:49:04.088811+00:00,2026-05-17T00:49:04.088811+00:00,178
vehicle_positions_00_004936.parquet,OK,36608,860,False,False,,0,2026-05-17T00:49:35.474511+00:00,2026-05-17T00:49:35.474511+00:00,178
vehicle_positions_00_005007.parquet,OK,36589,859,False,False,,0,2026-05-17T00:50:06.564872+00:00,2026-05-17T00:50:06.564872+00:00,179
vehicle_positions_00_005038.parquet,OK,36867,865,False,False,,0,2026-05-17T00:50:37.853383+00:00,2026-05-17T00:50:37.853383+00:00,178
vehicle_positions_00_005109.parquet,OK,36620,861,False,False,,0,2026-05-17T00:51:08.927335+00:00,2026-05-17T00:51:08.927335+00:00,178
vehicle_positions_01_010836.parquet,OK,35848,846,False,False,,0,2026-05-17T01:08:36.197786+00:00,2026-05-17T01:08:36.197786+00:00,176
vehicle_positions_01_010909.parquet,OK,35798,847,False,False,,0,2026-05-17T01:09:07.612058+00:00,2026-05-17T01:09:07.612058+00:00,176
vehicle_positions_01_010940.parquet,OK,35874,844,False,False,,0,2026-05-17T01:09:39.799073+00:00,2026-05-17T01:09:39.799073+00:00,175
vehicle_positions_01_011011.parquet,OK,36040,843,False,False,,0,2026-05-17T01:10:11.105021+00:00,2026-05-17T01:10:11.105021+00:00,175
vehicle_positions_01_011043.parquet,OK,35770,840,False,False,,0,2026-05-17T01:10:42.504472+00:00,2026-05-17T01:10:42.504472+00:00,175
vehicle_positions_01_011114.parquet,OK,35830,843,False,False,,0,2026-05-17T01:11:13.672837+00:00,2026-05-17T01:11:13.672837+00:00,175
vehicle_positions_01_011145.parquet,OK,36010,841,False,False,,0,2026-05-17T01:11:44.804341+00:00,2026-05-17T01:11:44.804341+00:00,175
vehicle_positions_01_011216.parquet,OK,35838,840,False,False,,0,2026-05-17T01:12:15.827967+00:00,2026-05-17T01:12:15.827967+00:00,176
vehicle_positions_01_011247.parquet,OK,35735,840,False,False,,0,2026-05-17T01:12:47.049736+00:00,2026-05-17T01:12:47.049736+00:00,176
vehicle_positions_01_011318.parquet,OK,35739,838,False,False,,0,2026-05-17T01:13:17.916902+00:00,2026-05-17T01:13:17.916902+00:00,176
vehicle_positions_01_011349.parquet,OK,35838,841,False,False,,0,2026-05-17T01:13:49.117318+00:00,2026-05-17T01:13:49.117318+00:00,176
vehicle_positions_01_011421.parquet,OK,35743,837,False,False,,0,2026-05-17T01:14:20.630947+00:00,2026-05-17T01:14:20.630947+00:00,176
vehicle_positions_01_011452.parquet,OK,35818,840,False,False,,0,2026-05-17T01:14:51.671459+00:00,2026-05-17T01:14:51.671459+00:00,176
vehicle_positions_03_031648.parquet,OK,29267,640,False,False,,0,2026-05-17T03:16:47.747430+00:00,2026-05-17T03:16:47.747430+00:00,163
vehicle_positions_03_031719.parquet,OK,29472,642,False,False,,0,2026-05-17T03:17:19.257995+00:00,2026-05-17T03:17:19.257995+00:00,163
vehicle_positions_03_031750.parquet,OK,29545,643,False,False,,0,2026-05-17T03:17:50.482562+00:00,2026-05-17T03:17:50.482562+00:00,163
vehicle_positions_03_031822.parquet,OK,29263,641,False,False,,0,2026-05-17T03:18:21.381020+00:00,2026-05-17T03:18:21.381020+00:00,163
vehicle_positions_03_031852.parquet,OK,29419,642,False,False,,0,2026-05-17T03:18:52.355400+00:00,2026-05-17T03:18:52.355400+00:00,163
vehicle_positions_03_031923.parquet,OK,29328,639,False,False,,0,2026-05-17T03:19:23.178852+00:00,2026-05-17T03:19:23.178852+00:00,161
vehicle_positions_03_031954.parquet,OK,29299,639,False,False,,0,2026-05-17T03:19:54.170587+00:00,2026-05-17T03:19:54.170587+00:00,160
vehicle_positions_03_032025.parquet,OK,29229,637,False,False,,0,2026-05-17T03:20:24.930910+00:00,2026-05-17T03:20:24.930910+00:00,161
vehicle_positions_03_032056.parquet,OK,29117,634,False,False,,0,2026-05-17T03:20:55.752713+00:00,2026-05-17T03:20:55.752713+00:00,160
vehicle_positions_03_032127.parquet,OK,29049,633,False,False,,0,2026-05-17T03:21:26.552860+00:00,2026-05-17T03:21:26.552860+00:00,160
vehicle_positions_03_032158.parquet,OK,28934,632,False,False,,0,2026-05-17T03:21:57.411331+00:00,2026-05-17T03:21:57.411331+00:00,161
vehicle_positions_03_032229.parquet,OK,28959,631,False,False,,0,2026-05-17T03:22:28.950800+00:00,2026-05-17T03:22:28.950800+00:00,161
vehicle_positions_03_032300.parquet,OK,28912,629,False,False,,0,2026-05-17T03:22:59.827377+00:00,2026-05-17T03:22:59.827377+00:00,161
vehicle_positions_03_032331.parquet,OK,28739,625,False,False,,0,2026-05-17T03:23:30.871780+00:00,2026-05-17T03:23:30.871780+00:00,162
vehicle_positions_03_032402.parquet,OK,28680,621,False,False,,0,2026-05-17T03:24:01.594010+00:00,2026-05-17T03:24:01.594010+00:00,162
vehicle_positions_03_032432.parquet,OK,28531,618,False,False,,0,2026-05-17T03:24:32.385186+00:00,2026-05-17T03:24:32.385186+00:00,163
vehicle_positions_03_032503.parquet,OK,28368,612,False,False,,0,2026-05-17T03:25:03.221231+00:00,2026-05-17T03:25:03.221231+00:00,163
vehicle_positions_03_032534.parquet,OK,28310,613,False,False,,0,2026-05-17T03:25:33.997407+00:00,2026-05-17T03:25:33.997407+00:00,163
vehicle_positions_03_032605.parquet,OK,28329,613,False,False,,0,2026-05-17T03:26:04.834128+00:00,2026-05-17T03:26:04.834128+00:00,163
vehicle_positions_03_032636.parquet,OK,28432,615,False,False,,0,2026-05-17T03:26:35.650733+00:00,2026-05-17T03:26:35.650733+00:00,163
vehicle_positions_03_033137.parquet,OK,28545,620,False,False,,0,2026-05-17T03:31:37.075825+00:00,2026-05-17T03:31:37.075825+00:00,161
vehicle_positions_03_033208.parquet,OK,28520,620,False,False,,0,2026-05-17T03:32:08.061864+00:00,2026-05-17T03:32:08.061864+00:00,160
vehicle_positions_03_033239.parquet,OK,28527,621,False,False,,0,2026-05-17T03:32:39.109794+00:00,2026-05-17T03:32:39.109794+00:00,160
vehicle_positions_03_033310.parquet,OK,28476,620,False,False,,0,2026-05-17T03:33:10.087684+00:00,2026-05-17T03:33:10.087684+00:00,160
vehicle_positions_03_033341.parquet,OK,28537,620,False,False,,0,2026-05-17T03:33:41.028425+00:00,2026-05-17T03:33:41.028425+00:00,160
vehicle_positions_03_033412.parquet,OK,28417,616,False,False,,0,2026-05-17T03:34:11.823972+00:00,2026-05-17T03:34:11.823972+00:00,160
vehicle_positions_03_033443.parquet,OK,28503,617,False,False,,0,2026-05-17T03:34:42.899715+00:00,2026-05-17T03:34:42.899715+00:00,160
vehicle_positions_03_033514.parquet,OK,28510,617,False,False,,0,2026-05-17T03:35:13.866693+00:00,2026-05-17T03:35:13.866693+00:00,160
vehicle_positions_03_033545.parquet,OK,28589,618,False,False,,0,2026-05-17T03:35:44.642615+00:00,2026-05-17T03:35:44.642615+00:00,161
vehicle_positions_03_033615.parquet,OK,28546,620,False,False,,0,2026-05-17T03:36:15.462066+00:00,2026-05-17T03:36:15.462066+00:00,161
vehicle_positions_03_033646.parquet,OK,28438,615,False,False,,0,2026-05-17T03:36:46.266047+00:00,2026-05-17T03:36:46.266047+00:00,162
vehicle_positions_03_033717.parquet,OK,28381,614,False,False,,0,2026-05-17T03:37:17.156206+00:00,2026-05-17T03:37:17.156206+00:00,162
vehicle_positions_03_033748.parquet,OK,28246,611,False,False,,0,2026-05-17T03:37:47.962414+00:00,2026-05-17T03:37:47.962414+00:00,162
vehicle_positions_03_033819.parquet,OK,28252,607,False,False,,0,2026-05-17T03:38:18.738892+00:00,2026-05-17T03:38:18.738892+00:00,162
vehicle_positions_03_033849.parquet,OK,28213,606,False,False,,0,2026-05-17T03:38:49.481284+00:00,2026-05-17T03:38:49.481284+00:00,162
vehicle_positions_03_033920.parquet,OK,28247,608,False,False,,0,2026-05-17T03:39:20.379926+00:00,2026-05-17T03:39:20.379926+00:00,163
vehicle_positions_03_033951.parquet,OK,28354,611,False,False,,0,2026-05-17T03:39:51.179977+00:00,2026-05-17T03:39:51.179977+00:00,163
vehicle_positions_03_034022.parquet,OK,28293,609,False,False,,0,2026-05-17T03:40:21.936925+00:00,2026-05-17T03:40:21.936925+00:00,163
vehicle_positions_03_034053.parquet,OK,28173,608,False,False,,0,2026-05-17T03:40:52.676593+00:00,2026-05-17T03:40:52.676593+00:00,164
vehicle_positions_03_034124.parquet,OK,28175,607,False,False,,0,2026-05-17T03:41:24.103154+00:00,2026-05-17T03:41:24.103154+00:00,165
vehicle_positions_03_034155.parquet,OK,28285,609,False,False,,0,2026-05-17T03:41:55.000159+00:00,2026-05-17T03:41:55.000159+00:00,165
vehicle_positions_03_034226.parquet,OK,28226,609,False,False,,0,2026-05-17T03:42:25.774947+00:00,2026-05-17T03:42:25.774947+00:00,165
vehicle_positions_03_034256.parquet,OK,28336,610,False,False,,0,2026-05-17T03:42:56.492709+00:00,2026-05-17T03:42:56.492709+00:00,165
vehicle_positions_03_034327.parquet,OK,28303,609,False,False,,0,2026-05-17T03:43:27.263131+00:00,2026-05-17T03:43:27.263131+00:00,164
vehicle_positions_03_034358.parquet,OK,28208,608,False,False,,0,2026-05-17T03:43:58.063139+00:00,2026-05-17T03:43:58.063139+00:00,164
vehicle_positions_03_034429.parquet,OK,28197,607,False,False,,0,2026-05-17T03:44:28.815773+00:00,2026-05-17T03:44:28.815773+00:00,164
vehicle_positions_03_034500.parquet,OK,28062,607,False,False,,0,2026-05-17T03:44:59.629705+00:00,2026-05-17T03:44:59.629705+00:00,162
vehicle_positions_03_034530.parquet,OK,28196,606,False,False,,0,2026-05-17T03:45:30.466088+00:00,2026-05-17T03:45:30.466088+00:00,163
vehicle_positions_03_034601.parquet,OK,27866,599,False,False,,0,2026-05-17T03:46:01.223403+00:00,2026-05-17T03:46:01.223403+00:00,163
vehicle_positions_03_034632.parquet,OK,27776,598,False,False,,0,2026-05-17T03:46:32.073280+00:00,2026-05-17T03:46:32.073280+00:00,164
vehicle_positions_03_034703.parquet,OK,27785,597,False,False,,0,2026-05-17T03:47:02.832799+00:00,2026-05-17T03:47:02.832799+00:00,164
vehicle_positions_03_034734.parquet,OK,27792,595,False,False,,0,2026-05-17T03:47:33.691280+00:00,2026-05-17T03:47:33.691280+00:00,164
vehicle_positions_03_034805.parquet,OK,27789,594,False,False,,0,2026-05-17T03:48:04.560902+00:00,2026-05-17T03:48:04.560902+00:00,164
vehicle_positions_03_034835.parquet,OK,27764,594,False,False,,0,2026-05-17T03:48:35.422617+00:00,2026-05-17T03:48:35.422617+00:00,164
vehicle_positions_03_034906.parquet,OK,27719,593,False,False,,0,2026-05-17T03:49:06.189384+00:00,2026-05-17T03:49:06.189384+00:00,165
vehicle_positions_03_034937.parquet,OK,27770,594,False,False,,0,2026-05-17T03:49:37.076399+00:00,2026-05-17T03:49:37.076399+00:00,165
vehicle_positions_03_035008.parquet,OK,27848,594,False,False,,0,2026-05-17T03:50:07.863065+00:00,2026-05-17T03:50:07.863065+00:00,164
vehicle_positions_03_035039.parquet,OK,27863,596,False,False,,0,2026-05-17T03:50:38.596293+00:00,2026-05-17T03:50:38.596293+00:00,162
vehicle_positions_03_035109.parquet,OK,27803,596,False,False,,0,2026-05-17T03:51:09.353008+00:00,2026-05-17T03:51:09.353008+00:00,161
vehicle_positions_03_035140.parquet,OK,27708,593,False,False,,0,2026-05-17T03:51:40.223522+00:00,2026-05-17T03:51:40.223522+00:00,160
vehicle_positions_03_035212.parquet,OK,27642,593,False,False,,0,2026-05-17T03:52:11.132630+00:00,2026-05-17T03:52:11.132630+00:00,160
vehicle_positions_03_035243.parquet,OK,27663,590,False,False,,0,2026-05-17T03:52:42.608561+00:00,2026-05-17T03:52:42.608561+00:00,160
vehicle_positions_03_035313.parquet,OK,27568,591,False,False,,0,2026-05-17T03:53:13.460338+00:00,2026-05-17T03:53:13.460338+00:00,160
vehicle_positions_03_035344.parquet,OK,27698,591,False,False,,0,2026-05-17T03:53:44.372623+00:00,2026-05-17T03:53:44.372623+00:00,160
vehicle_positions_03_035415.parquet,OK,27758,592,False,False,,0,2026-05-17T03:54:15.213406+00:00,2026-05-17T03:54:15.213406+00:00,161
vehicle_positions_03_035446.parquet,OK,27695,590,False,False,,0,2026-05-17T03:54:46.099983+00:00,2026-05-17T03:54:46.099983+00:00,161
vehicle_positions_03_035517.parquet,OK,27614,587,False,False,,0,2026-05-17T03:55:17.001883+00:00,2026-05-17T03:55:17.001883+00:00,162
vehicle_positions_03_035549.parquet,OK,27452,585,False,False,,0,2026-05-17T03:55:48.528254+00:00,2026-05-17T03:55:48.528254+00:00,160
vehicle_positions_03_035620.parquet,OK,27442,586,False,False,,0,2026-05-17T03:56:19.536676+00:00,2026-05-17T03:56:19.536676+00:00,160
vehicle_positions_03_035650.parquet,OK,27594,586,False,False,,0,2026-05-17T03:56:50.373609+00:00,2026-05-17T03:56:50.373609+00:00,160
vehicle_positions_03_035721.parquet,OK,27543,586,False,False,,0,2026-05-17T03:57:21.092252+00:00,2026-05-17T03:57:21.092252+00:00,160
vehicle_positions_03_035752.parquet,OK,27326,584,False,False,,0,2026-05-17T03:57:52.207537+00:00,2026-05-17T03:57:52.207537+00:00,160
vehicle_positions_03_035823.parquet,OK,27373,582,False,False,,0,2026-05-17T03:58:22.969206+00:00,2026-05-17T03:58:22.969206+00:00,160
vehicle_positions_03_035854.parquet,OK,27458,582,False,False,,0,2026-05-17T03:58:53.718204+00:00,2026-05-17T03:58:53.718204+00:00,160
vehicle_positions_03_035924.parquet,OK,27492,582,False,False,,0,2026-05-17T03:59:24.486325+00:00,2026-05-17T03:59:24.486325+00:00,159
vehicle_positions_03_035955.parquet,OK,27388,584,False,False,,0,2026-05-17T03:59:55.335093+00:00,2026-05-17T03:59:55.335093+00:00,158
vehicle_positions_04_040026.parquet,OK,27416,587,False,False,,0,2026-05-17T04:00:26.106416+00:00,2026-05-17T04:00:26.106416+00:00,158
vehicle_positions_04_040057.parquet,OK,27477,588,False,False,,0,2026-05-17T04:00:56.875955+00:00,2026-05-17T04:00:56.875955+00:00,157
vehicle_positions_04_040128.parquet,OK,27473,588,False,False,,0,2026-05-17T04:01:27.656046+00:00,2026-05-17T04:01:27.656046+00:00,157
vehicle_positions_04_040159.parquet,OK,27409,584,False,False,,0,2026-05-17T04:01:58.493664+00:00,2026-05-17T04:01:58.493664+00:00,158
vehicle_positions_04_040229.parquet,OK,27237,582,False,False,,0,2026-05-17T04:02:29.394369+00:00,2026-05-17T04:02:29.394369+00:00,158
vehicle_positions_04_040300.parquet,OK,27275,582,False,False,,0,2026-05-17T04:03:00.203047+00:00,2026-05-17T04:03:00.203047+00:00,161
vehicle_positions_04_040331.parquet,OK,27192,581,False,False,,0,2026-05-17T04:03:31.006626+00:00,2026-05-17T04:03:31.006626+00:00,160
vehicle_positions_04_040402.parquet,OK,27333,581,False,False,,0,2026-05-17T04:04:01.850524+00:00,2026-05-17T04:04:01.850524+00:00,160
vehicle_positions_04_040433.parquet,OK,27246,580,False,False,,0,2026-05-17T04:04:32.648994+00:00,2026-05-17T04:04:32.648994+00:00,158
vehicle_positions_04_040504.parquet,OK,27215,580,False,False,,0,2026-05-17T04:05:03.542869+00:00,2026-05-17T04:05:03.542869+00:00,159
vehicle_positions_04_040535.parquet,OK,27160,578,False,False,,0,2026-05-17T04:05:34.358143+00:00,2026-05-17T04:05:34.358143+00:00,159
vehicle_positions_04_040605.parquet,OK,27109,575,False,False,,0,2026-05-17T04:06:05.257321+00:00,2026-05-17T04:06:05.257321+00:00,160
vehicle_positions_04_040636.parquet,OK,27040,574,False,False,,0,2026-05-17T04:06:36.127780+00:00,2026-05-17T04:06:36.127780+00:00,159
vehicle_positions_04_040707.parquet,OK,27115,574,False,False,,0,2026-05-17T04:07:06.987575+00:00,2026-05-17T04:07:06.987575+00:00,159
vehicle_positions_04_040738.parquet,OK,27130,571,False,False,,0,2026-05-17T04:07:37.697605+00:00,2026-05-17T04:07:37.697605+00:00,159
vehicle_positions_04_040808.parquet,OK,26969,570,False,False,,0,2026-05-17T04:08:08.555371+00:00,2026-05-17T04:08:08.555371+00:00,159
vehicle_positions_04_040839.parquet,OK,26968,569,False,False,,0,2026-05-17T04:08:39.281362+00:00,2026-05-17T04:08:39.281362+00:00,159
vehicle_positions_04_040910.parquet,OK,26811,567,False,False,,0,2026-05-17T04:09:10.025014+00:00,2026-05-17T04:09:10.025014+00:00,159
vehicle_positions_04_040941.parquet,OK,26827,565,False,False,,0,2026-05-17T04:09:40.772751+00:00,2026-05-17T04:09:40.772751+00:00,159
vehicle_positions_04_041011.parquet,OK,26672,562,False,False,,0,2026-05-17T04:10:11.459348+00:00,2026-05-17T04:10:11.459348+00:00,159
vehicle_positions_04_041042.parquet,OK,26745,563,False,False,,0,2026-05-17T04:10:42.172239+00:00,2026-05-17T04:10:42.172239+00:00,159
vehicle_positions_04_041113.parquet,OK,26614,560,False,False,,0,2026-05-17T04:11:12.911163+00:00,2026-05-17T04:11:12.911163+00:00,160
vehicle_positions_04_041144.parquet,OK,26557,559,False,False,,0,2026-05-17T04:11:43.717762+00:00,2026-05-17T04:11:43.717762+00:00,160
vehicle_positions_04_041214.parquet,OK,26609,559,False,False,,0,2026-05-17T04:12:14.554205+00:00,2026-05-17T04:12:14.554205+00:00,159
vehicle_positions_04_041245.parquet,OK,26691,561,False,False,,0,2026-05-17T04:12:45.325060+00:00,2026-05-17T04:12:45.325060+00:00,160
vehicle_positions_04_041316.parquet,OK,26663,561,False,False,,0,2026-05-17T04:13:16.115614+00:00,2026-05-17T04:13:16.115614+00:00,158
vehicle_positions_04_041347.parquet,OK,26700,561,False,False,,0,2026-05-17T04:13:46.909139+00:00,2026-05-17T04:13:46.909139+00:00,158
vehicle_positions_04_041419.parquet,OK,26553,557,False,False,,0,2026-05-17T04:14:17.684952+00:00,2026-05-17T04:14:17.684952+00:00,158
vehicle_positions_04_041450.parquet,OK,26378,554,False,False,,0,2026-05-17T04:14:50.139384+00:00,2026-05-17T04:14:50.139384+00:00,158
vehicle_positions_04_041521.parquet,OK,26546,554,False,False,,0,2026-05-17T04:15:20.896692+00:00,2026-05-17T04:15:20.896692+00:00,158
vehicle_positions_04_041552.parquet,OK,26522,559,False,False,,0,2026-05-17T04:15:51.695808+00:00,2026-05-17T04:15:51.695808+00:00,160
vehicle_positions_04_041623.parquet,OK,26754,562,False,False,,0,2026-05-17T04:16:23.480394+00:00,2026-05-17T04:16:23.480394+00:00,159
vehicle_positions_04_041654.parquet,OK,26791,561,False,False,,0,2026-05-17T04:16:54.397149+00:00,2026-05-17T04:16:54.397149+00:00,159
vehicle_positions_04_041725.parquet,OK,26738,561,False,False,,0,2026-05-17T04:17:25.163083+00:00,2026-05-17T04:17:25.163083+00:00,159
vehicle_positions_04_041756.parquet,OK,26600,560,False,False,,0,2026-05-17T04:17:56.017614+00:00,2026-05-17T04:17:56.017614+00:00,159
vehicle_positions_04_041827.parquet,OK,26689,563,False,False,,0,2026-05-17T04:18:26.832895+00:00,2026-05-17T04:18:26.832895+00:00,159
vehicle_positions_04_041858.parquet,OK,26672,561,False,False,,0,2026-05-17T04:18:57.617046+00:00,2026-05-17T04:18:57.617046+00:00,160
vehicle_positions_04_041928.parquet,OK,26746,561,False,False,,0,2026-05-17T04:19:28.397380+00:00,2026-05-17T04:19:28.397380+00:00,160
vehicle_positions_04_041959.parquet,OK,26506,558,False,False,,0,2026-05-17T04:19:59.173383+00:00,2026-05-17T04:19:59.173383+00:00,160
vehicle_positions_04_042030.parquet,OK,26648,558,False,False,,0,2026-05-17T04:20:29.934902+00:00,2026-05-17T04:20:29.934902+00:00,159
vehicle_positions_04_042101.parquet,OK,26571,557,False,False,,0,2026-05-17T04:21:00.673263+00:00,2026-05-17T04:21:00.673263+00:00,158
vehicle_positions_04_042132.parquet,OK,26523,557,False,False,,0,2026-05-17T04:21:31.783784+00:00,2026-05-17T04:21:31.783784+00:00,155
vehicle_positions_04_042203.parquet,OK,26443,555,False,False,,0,2026-05-17T04:22:02.557002+00:00,2026-05-17T04:22:02.557002+00:00,155
vehicle_positions_04_042233.parquet,OK,26284,549,False,False,,0,2026-05-17T04:22:33.438715+00:00,2026-05-17T04:22:33.438715+00:00,155
vehicle_positions_04_042304.parquet,OK,26337,550,False,False,,0,2026-05-17T04:23:04.275405+00:00,2026-05-17T04:23:04.275405+00:00,155
vehicle_positions_04_042335.parquet,OK,26190,547,False,False,,0,2026-05-17T04:23:35.286925+00:00,2026-05-17T04:23:35.286925+00:00,155
vehicle_positions_04_042406.parquet,OK,26180,546,False,False,,0,2026-05-17T04:24:06.034422+00:00,2026-05-17T04:24:06.034422+00:00,154
vehicle_positions_04_042437.parquet,OK,26012,544,False,False,,0,2026-05-17T04:24:36.755175+00:00,2026-05-17T04:24:36.755175+00:00,154
vehicle_positions_04_042508.parquet,OK,26121,544,False,False,,0,2026-05-17T04:25:07.582943+00:00,2026-05-17T04:25:07.582943+00:00,155
vehicle_positions_04_042538.parquet,OK,26011,540,False,False,,0,2026-05-17T04:25:38.383719+00:00,2026-05-17T04:25:38.383719+00:00,157
vehicle_positions_04_042609.parquet,OK,25881,538,False,False,,0,2026-05-17T04:26:09.071287+00:00,2026-05-17T04:26:09.071287+00:00,157
vehicle_positions_04_042640.parquet,OK,25933,537,False,False,,0,2026-05-17T04:26:39.728439+00:00,2026-05-17T04:26:39.728439+00:00,157
vehicle_positions_04_042711.parquet,OK,25807,533,False,False,,0,2026-05-17T04:27:10.656095+00:00,2026-05-17T04:27:10.656095+00:00,157
vehicle_positions_04_042741.parquet,OK,25867,536,False,False,,0,2026-05-17T04:27:41.353562+00:00,2026-05-17T04:27:41.353562+00:00,157
vehicle_positions_04_042812.parquet,OK,25779,535,False,False,,0,2026-05-17T04:28:12.061421+00:00,2026-05-17T04:28:12.061421+00:00,156
vehicle_positions_04_042843.parquet,OK,25707,534,False,False,,0,2026-05-17T04:28:42.761083+00:00,2026-05-17T04:28:42.761083+00:00,156
vehicle_positions_04_042914.parquet,OK,25812,536,False,False,,0,2026-05-17T04:29:13.455349+00:00,2026-05-17T04:29:13.455349+00:00,156
vehicle_positions_04_042945.parquet,OK,25943,539,False,False,,0,2026-05-17T04:29:45.370373+00:00,2026-05-17T04:29:45.370373+00:00,157
vehicle_positions_04_043016.parquet,OK,26082,541,False,False,,0,2026-05-17T04:30:16.124471+00:00,2026-05-17T04:30:16.124471+00:00,157
vehicle_positions_04_043047.parquet,OK,26156,542,False,False,,0,2026-05-17T04:30:46.892975+00:00,2026-05-17T04:30:46.892975+00:00,158
vehicle_positions_04_043118.parquet,OK,26141,540,False,False,,0,2026-05-17T04:31:17.623267+00:00,2026-05-17T04:31:17.623267+00:00,157
vehicle_positions_04_043148.parquet,OK,26035,538,False,False,,0,2026-05-17T04:31:48.456675+00:00,2026-05-17T04:31:48.456675+00:00,156
vehicle_positions_04_043219.parquet,OK,25970,537,False,False,,0,2026-05-17T04:32:19.181529+00:00,2026-05-17T04:32:19.181529+00:00,156
vehicle_positions_04_043250.parquet,OK,25721,536,False,False,,0,2026-05-17T04:32:49.896085+00:00,2026-05-17T04:32:49.896085+00:00,156
vehicle_positions_04_043321.parquet,OK,25884,536,False,False,,0,2026-05-17T04:33:20.719258+00:00,2026-05-17T04:33:20.719258+00:00,156
vehicle_positions_04_043352.parquet,OK,25881,537,False,False,,0,2026-05-17T04:33:51.605402+00:00,2026-05-17T04:33:51.605402+00:00,156
vehicle_positions_04_043423.parquet,OK,25776,536,False,False,,0,2026-05-17T04:34:22.676255+00:00,2026-05-17T04:34:22.676255+00:00,156
vehicle_positions_04_043453.parquet,OK,26095,538,False,False,,0,2026-05-17T04:34:53.521730+00:00,2026-05-17T04:34:53.521730+00:00,156
vehicle_positions_04_043524.parquet,OK,26012,535,False,False,,0,2026-05-17T04:35:24.181622+00:00,2026-05-17T04:35:24.181622+00:00,156
vehicle_positions_04_043555.parquet,OK,25948,538,False,False,,0,2026-05-17T04:35:55.185226+00:00,2026-05-17T04:35:55.185226+00:00,157
vehicle_positions_04_043626.parquet,OK,25869,535,False,False,,0,2026-05-17T04:36:26.271491+00:00,2026-05-17T04:36:26.271491+00:00,156
vehicle_positions_04_043657.parquet,OK,25900,535,False,False,,0,2026-05-17T04:36:57.091795+00:00,2026-05-17T04:36:57.091795+00:00,156
vehicle_positions_04_043728.parquet,OK,25874,535,False,False,,0,2026-05-17T04:37:27.797850+00:00,2026-05-17T04:37:27.797850+00:00,156
vehicle_positions_04_043759.parquet,OK,25840,534,False,False,,0,2026-05-17T04:37:58.655429+00:00,2026-05-17T04:37:58.655429+00:00,155
vehicle_positions_04_043829.parquet,OK,25751,532,False,False,,0,2026-05-17T04:38:29.486537+00:00,2026-05-17T04:38:29.486537+00:00,155
vehicle_positions_04_043900.parquet,OK,25565,528,False,False,,0,2026-05-17T04:39:00.207076+00:00,2026-05-17T04:39:00.207076+00:00,156
vehicle_positions_04_043931.parquet,OK,25586,527,False,False,,0,2026-05-17T04:39:31.042565+00:00,2026-05-17T04:39:31.042565+00:00,156
vehicle_positions_04_044002.parquet,OK,25639,529,False,False,,0,2026-05-17T04:40:01.864794+00:00,2026-05-17T04:40:01.864794+00:00,157
vehicle_positions_04_044033.parquet,OK,25376,527,False,False,,0,2026-05-17T04:40:32.599006+00:00,2026-05-17T04:40:32.599006+00:00,157
vehicle_positions_04_044103.parquet,OK,25456,526,False,False,,0,2026-05-17T04:41:03.275954+00:00,2026-05-17T04:41:03.275954+00:00,158
vehicle_positions_04_044134.parquet,OK,25226,522,False,False,,0,2026-05-17T04:41:33.938079+00:00,2026-05-17T04:41:33.938079+00:00,159
vehicle_positions_04_044205.parquet,OK,25143,519,False,False,,0,2026-05-17T04:42:04.833910+00:00,2026-05-17T04:42:04.833910+00:00,159
vehicle_positions_04_044236.parquet,OK,25125,517,False,False,,0,2026-05-17T04:42:35.708559+00:00,2026-05-17T04:42:35.708559+00:00,159
vehicle_positions_04_044307.parquet,OK,25093,517,False,False,,0,2026-05-17T04:43:06.972490+00:00,2026-05-17T04:43:06.972490+00:00,159
vehicle_positions_04_044338.parquet,OK,24960,514,False,False,,0,2026-05-17T04:43:37.667924+00:00,2026-05-17T04:43:37.667924+00:00,159
vehicle_positions_04_044408.parquet,OK,24994,514,False,False,,0,2026-05-17T04:44:08.466139+00:00,2026-05-17T04:44:08.466139+00:00,158
vehicle_positions_04_044439.parquet,OK,24930,513,False,False,,0,2026-05-17T04:44:39.106500+00:00,2026-05-17T04:44:39.106500+00:00,158
vehicle_positions_04_044510.parquet,OK,24602,509,False,False,,0,2026-05-17T04:45:09.868654+00:00,2026-05-17T04:45:09.868654+00:00,158
vehicle_positions_04_044541.parquet,OK,24954,513,False,False,,0,2026-05-17T04:45:40.620207+00:00,2026-05-17T04:45:40.620207+00:00,158
vehicle_positions_04_044611.parquet,OK,24616,511,False,False,,0,2026-05-17T04:46:11.455859+00:00,2026-05-17T04:46:11.455859+00:00,157
vehicle_positions_04_044642.parquet,OK,24667,510,False,False,,0,2026-05-17T04:46:42.132701+00:00,2026-05-17T04:46:42.132701+00:00,157
vehicle_positions_04_044713.parquet,OK,24633,511,False,False,,0,2026-05-17T04:47:12.859552+00:00,2026-05-17T04:47:12.859552+00:00,157
vehicle_positions_04_044743.parquet,OK,24605,509,False,False,,0,2026-05-17T04:47:43.540008+00:00,2026-05-17T04:47:43.540008+00:00,157
vehicle_positions_04_044814.parquet,OK,24549,506,False,False,,0,2026-05-17T04:48:14.367646+00:00,2026-05-17T04:48:14.367646+00:00,157
vehicle_positions_04_044845.parquet,OK,24499,506,False,False,,0,2026-05-17T04:48:45.121091+00:00,2026-05-17T04:48:45.121091+00:00,157
vehicle_positions_04_044916.parquet,OK,24473,504,False,False,,0,2026-05-17T04:49:15.903375+00:00,2026-05-17T04:49:15.903375+00:00,157
vehicle_positions_04_044947.parquet,OK,24502,505,False,False,,0,2026-05-17T04:49:46.611258+00:00,2026-05-17T04:49:46.611258+00:00,157
vehicle_positions_04_045018.parquet,OK,24449,503,False,False,,0,2026-05-17T04:50:18.499302+00:00,2026-05-17T04:50:18.499302+00:00,156
vehicle_positions_04_045049.parquet,OK,24444,504,False,False,,0,2026-05-17T04:50:49.182810+00:00,2026-05-17T04:50:49.182810+00:00,155
vehicle_positions_04_045120.parquet,OK,24430,504,False,False,,0,2026-05-17T04:51:19.962805+00:00,2026-05-17T04:51:19.962805+00:00,154
vehicle_positions_04_045151.parquet,OK,24338,504,False,False,,0,2026-05-17T04:51:50.621328+00:00,2026-05-17T04:51:50.621328+00:00,152
vehicle_positions_04_045222.parquet,OK,24474,505,False,False,,0,2026-05-17T04:52:21.611070+00:00,2026-05-17T04:52:21.611070+00:00,152
vehicle_positions_04_045252.parquet,OK,24390,504,False,False,,0,2026-05-17T04:52:52.324551+00:00,2026-05-17T04:52:52.324551+00:00,152
vehicle_positions_04_045323.parquet,OK,24370,503,False,False,,0,2026-05-17T04:53:23.150853+00:00,2026-05-17T04:53:23.150853+00:00,151
vehicle_positions_04_045354.parquet,OK,24230,501,False,False,,0,2026-05-17T04:53:53.865824+00:00,2026-05-17T04:53:53.865824+00:00,151
vehicle_positions_04_045425.parquet,OK,24218,497,False,False,,0,2026-05-17T04:54:24.761646+00:00,2026-05-17T04:54:24.761646+00:00,151
vehicle_positions_04_045456.parquet,OK,24317,500,False,False,,0,2026-05-17T04:54:55.533897+00:00,2026-05-17T04:54:55.533897+00:00,152
vehicle_positions_04_045526.parquet,OK,24320,499,False,False,,0,2026-05-17T04:55:26.351366+00:00,2026-05-17T04:55:26.351366+00:00,152
vehicle_positions_04_045557.parquet,OK,24168,496,False,False,,0,2026-05-17T04:55:57.106523+00:00,2026-05-17T04:55:57.106523+00:00,152
vehicle_positions_04_045628.parquet,OK,24302,498,False,False,,0,2026-05-17T04:56:28.049676+00:00,2026-05-17T04:56:28.049676+00:00,151
vehicle_positions_04_045659.parquet,OK,24176,496,False,False,,0,2026-05-17T04:56:58.806146+00:00,2026-05-17T04:56:58.806146+00:00,149
vehicle_positions_04_045729.parquet,OK,24197,495,False,False,,0,2026-05-17T04:57:29.511594+00:00,2026-05-17T04:57:29.511594+00:00,149
vehicle_positions_04_045800.parquet,OK,24178,496,False,False,,0,2026-05-17T04:58:00.194981+00:00,2026-05-17T04:58:00.194981+00:00,149
vehicle_positions_04_045831.parquet,OK,24184,493,False,False,,0,2026-05-17T04:58:31.035934+00:00,2026-05-17T04:58:31.035934+00:00,149
vehicle_positions_04_045902.parquet,OK,24064,492,False,False,,0,2026-05-17T04:59:01.879490+00:00,2026-05-17T04:59:01.879490+00:00,149
vehicle_positions_04_045933.parquet,OK,24152,491,False,False,,0,2026-05-17T04:59:32.644003+00:00,2026-05-17T04:59:32.644003+00:00,149
vehicle_positions_05_050003.parquet,OK,24178,494,False,False,,0,2026-05-17T05:00:03.471551+00:00,2026-05-17T05:00:03.471551+00:00,150
vehicle_positions_05_050034.parquet,OK,24124,493,False,False,,0,2026-05-17T05:00:34.225021+00:00,2026-05-17T05:00:34.225021+00:00,150
vehicle_positions_05_050105.parquet,OK,24045,491,False,False,,0,2026-05-17T05:01:04.939261+00:00,2026-05-17T05:01:04.939261+00:00,150
vehicle_positions_05_050136.parquet,OK,23979,490,False,False,,0,2026-05-17T05:01:35.684669+00:00,2026-05-17T05:01:35.684669+00:00,150
vehicle_positions_05_050206.parquet,OK,24117,489,False,False,,0,2026-05-17T05:02:06.433784+00:00,2026-05-17T05:02:06.433784+00:00,151
vehicle_positions_05_050237.parquet,OK,24036,489,False,False,,0,2026-05-17T05:02:37.377271+00:00,2026-05-17T05:02:37.377271+00:00,151
vehicle_positions_05_050308.parquet,OK,24034,490,False,False,,0,2026-05-17T05:03:08.125513+00:00,2026-05-17T05:03:08.125513+00:00,151
vehicle_positions_05_050339.parquet,OK,24166,493,False,False,,0,2026-05-17T05:03:38.913044+00:00,2026-05-17T05:03:38.913044+00:00,151
vehicle_positions_05_050410.parquet,OK,24179,493,False,False,,0,2026-05-17T05:04:09.649052+00:00,2026-05-17T05:04:09.649052+00:00,151
vehicle_positions_05_050440.parquet,OK,24121,491,False,False,,0,2026-05-17T05:04:40.425913+00:00,2026-05-17T05:04:40.425913+00:00,152
vehicle_positions_05_050511.parquet,OK,24090,489,False,False,,0,2026-05-17T05:05:11.189875+00:00,2026-05-17T05:05:11.189875+00:00,151
vehicle_positions_05_050542.parquet,OK,23859,487,False,False,,0,2026-05-17T05:05:41.901200+00:00,2026-05-17T05:05:41.901200+00:00,152
vehicle_positions_05_050614.parquet,OK,23882,484,False,False,,0,2026-05-17T05:06:13.012877+00:00,2026-05-17T05:06:13.012877+00:00,151
vehicle_positions_05_050645.parquet,OK,23805,484,False,False,,0,2026-05-17T05:06:45.112161+00:00,2026-05-17T05:06:45.112161+00:00,152
vehicle_positions_05_050716.parquet,OK,23684,481,False,False,,0,2026-05-17T05:07:15.782459+00:00,2026-05-17T05:07:15.782459+00:00,151
vehicle_positions_05_051743.parquet,OK,23819,481,False,False,,0,2026-05-17T05:07:46.549974+00:00,2026-05-17T05:07:46.549974+00:00,150
vehicle_positions_05_051854.parquet,OK,23233,469,False,False,,0,2026-05-17T05:18:53.209076+00:00,2026-05-17T05:18:53.209076+00:00,147
vehicle_positions_05_051925.parquet,OK,23181,466,False,False,,0,2026-05-17T05:19:25.573652+00:00,2026-05-17T05:19:25.573652+00:00,146
vehicle_positions_05_051957.parquet,OK,23236,466,False,False,,0,2026-05-17T05:19:56.268247+00:00,2026-05-17T05:19:56.268247+00:00,145
vehicle_positions_05_052028.parquet,OK,23218,468,False,False,,0,2026-05-17T05:20:27.651745+00:00,2026-05-17T05:20:27.651745+00:00,146
vehicle_positions_05_052059.parquet,OK,23156,468,False,False,,0,2026-05-17T05:20:58.477433+00:00,2026-05-17T05:20:58.477433+00:00,146
vehicle_positions_05_052130.parquet,OK,23199,466,False,False,,0,2026-05-17T05:21:29.611583+00:00,2026-05-17T05:21:29.611583+00:00,146
vehicle_positions_05_052200.parquet,OK,23149,467,False,False,,0,2026-05-17T05:22:00.376717+00:00,2026-05-17T05:22:00.376717+00:00,146
vehicle_positions_05_052231.parquet,OK,23252,467,False,False,,0,2026-05-17T05:22:31.210725+00:00,2026-05-17T05:22:31.210725+00:00,147
vehicle_positions_05_052302.parquet,OK,23152,465,False,False,,0,2026-05-17T05:23:02.088230+00:00,2026-05-17T05:23:02.088230+00:00,146
vehicle_positions_05_052333.parquet,OK,22903,459,False,False,,0,2026-05-17T05:23:32.794641+00:00,2026-05-17T05:23:32.794641+00:00,145
vehicle_positions_05_052403.parquet,OK,22860,458,False,False,,0,2026-05-17T05:24:03.481152+00:00,2026-05-17T05:24:03.481152+00:00,147
vehicle_positions_05_052434.parquet,OK,22837,458,False,False,,0,2026-05-17T05:24:34.261304+00:00,2026-05-17T05:24:34.261304+00:00,147
vehicle_positions_05_052505.parquet,OK,22888,457,False,False,,0,2026-05-17T05:25:04.960973+00:00,2026-05-17T05:25:04.960973+00:00,147
vehicle_positions_05_052536.parquet,OK,22728,454,False,False,,0,2026-05-17T05:25:35.779524+00:00,2026-05-17T05:25:35.779524+00:00,147
vehicle_positions_05_052607.parquet,OK,22775,454,False,False,,0,2026-05-17T05:26:06.831614+00:00,2026-05-17T05:26:06.831614+00:00,146
vehicle_positions_05_052637.parquet,OK,22808,456,False,False,,0,2026-05-17T05:26:37.532182+00:00,2026-05-17T05:26:37.532182+00:00,147
vehicle_positions_05_052709.parquet,OK,22888,456,False,False,,0,2026-05-17T05:27:08.367379+00:00,2026-05-17T05:27:08.367379+00:00,146
vehicle_positions_05_052739.parquet,OK,22853,455,False,False,,0,2026-05-17T05:27:39.465856+00:00,2026-05-17T05:27:39.465856+00:00,146
vehicle_positions_05_052810.parquet,OK,22930,455,False,False,,0,2026-05-17T05:28:10.351364+00:00,2026-05-17T05:28:10.351364+00:00,146
vehicle_positions_05_052841.parquet,OK,22953,454,False,False,,0,2026-05-17T05:28:41.129473+00:00,2026-05-17T05:28:41.129473+00:00,146
vehicle_positions_05_052912.parquet,OK,22914,454,False,False,,0,2026-05-17T05:29:11.954658+00:00,2026-05-17T05:29:11.954658+00:00,145
vehicle_positions_05_052943.parquet,OK,22917,455,False,False,,0,2026-05-17T05:29:42.767964+00:00,2026-05-17T05:29:42.767964+00:00,146
vehicle_positions_05_053014.parquet,OK,22817,453,False,False,,0,2026-05-17T05:30:13.576294+00:00,2026-05-17T05:30:13.576294+00:00,146
vehicle_positions_05_053044.parquet,OK,22873,455,False,False,,0,2026-05-17T05:30:44.259331+00:00,2026-05-17T05:30:44.259331+00:00,146
vehicle_positions_05_053115.parquet,OK,22838,455,False,False,,0,2026-05-17T05:31:15.110978+00:00,2026-05-17T05:31:15.110978+00:00,146
vehicle_positions_05_053146.parquet,OK,22826,453,False,False,,0,2026-05-17T05:31:46.104936+00:00,2026-05-17T05:31:46.104936+00:00,147
vehicle_positions_05_053217.parquet,OK,22804,451,False,False,,0,2026-05-17T05:32:16.807970+00:00,2026-05-17T05:32:16.807970+00:00,147
vehicle_positions_05_053247.parquet,OK,22742,449,False,False,,0,2026-05-17T05:32:47.482694+00:00,2026-05-17T05:32:47.482694+00:00,146
vehicle_positions_05_053319.parquet,OK,22696,450,False,False,,0,2026-05-17T05:33:18.383549+00:00,2026-05-17T05:33:18.383549+00:00,146
vehicle_positions_05_053350.parquet,OK,22782,451,False,False,,0,2026-05-17T05:33:49.672116+00:00,2026-05-17T05:33:49.672116+00:00,146
vehicle_positions_05_053421.parquet,OK,22724,449,False,False,,0,2026-05-17T05:34:20.881808+00:00,2026-05-17T05:34:20.881808+00:00,144
vehicle_positions_05_053452.parquet,OK,22605,447,False,False,,0,2026-05-17T05:34:51.791174+00:00,2026-05-17T05:34:51.791174+00:00,142
vehicle_positions_05_053523.parquet,OK,22491,444,False,False,,0,2026-05-17T05:35:22.566348+00:00,2026-05-17T05:35:22.566348+00:00,142
vehicle_positions_05_053554.parquet,OK,22481,444,False,False,,0,2026-05-17T05:35:53.907400+00:00,2026-05-17T05:35:53.907400+00:00,142
vehicle_positions_05_053625.parquet,OK,22470,443,False,False,,0,2026-05-17T05:36:24.690324+00:00,2026-05-17T05:36:24.690324+00:00,143
vehicle_positions_05_053656.parquet,OK,22406,442,False,False,,0,2026-05-17T05:36:55.508294+00:00,2026-05-17T05:36:55.508294+00:00,143
vehicle_positions_05_053727.parquet,OK,22233,437,False,False,,0,2026-05-17T05:37:26.552056+00:00,2026-05-17T05:37:26.552056+00:00,143
vehicle_positions_05_053757.parquet,OK,22215,437,False,False,,0,2026-05-17T05:37:57.399120+00:00,2026-05-17T05:37:57.399120+00:00,143
vehicle_positions_05_053828.parquet,OK,22159,436,False,False,,0,2026-05-17T05:38:28.119367+00:00,2026-05-17T05:38:28.119367+00:00,143
vehicle_positions_05_053859.parquet,OK,22213,437,False,False,,0,2026-05-17T05:38:58.872498+00:00,2026-05-17T05:38:58.872498+00:00,143
vehicle_positions_05_053930.parquet,OK,22150,434,False,False,,0,2026-05-17T05:39:29.574609+00:00,2026-05-17T05:39:29.574609+00:00,143
vehicle_positions_05_054000.parquet,OK,22153,434,False,False,,0,2026-05-17T05:40:00.313902+00:00,2026-05-17T05:40:00.313902+00:00,143
vehicle_positions_05_054031.parquet,OK,21988,432,False,False,,0,2026-05-17T05:40:31.117603+00:00,2026-05-17T05:40:31.117603+00:00,142
vehicle_positions_05_054102.parquet,OK,22003,431,False,False,,0,2026-05-17T05:41:01.829806+00:00,2026-05-17T05:41:01.829806+00:00,143
vehicle_positions_05_054133.parquet,OK,22033,429,False,False,,0,2026-05-17T05:41:32.641017+00:00,2026-05-17T05:41:32.641017+00:00,141
vehicle_positions_05_054203.parquet,OK,21979,430,False,False,,0,2026-05-17T05:42:03.314340+00:00,2026-05-17T05:42:03.314340+00:00,142
vehicle_positions_05_054234.parquet,OK,21860,426,False,False,,0,2026-05-17T05:42:34.098376+00:00,2026-05-17T05:42:34.098376+00:00,142
vehicle_positions_05_054305.parquet,OK,21841,427,False,False,,0,2026-05-17T05:43:04.784890+00:00,2026-05-17T05:43:04.784890+00:00,142
vehicle_positions_05_054335.parquet,OK,21806,427,False,False,,0,2026-05-17T05:43:35.526633+00:00,2026-05-17T05:43:35.526633+00:00,142
vehicle_positions_05_054406.parquet,OK,21799,428,False,False,,0,2026-05-17T05:44:06.303774+00:00,2026-05-17T05:44:06.303774+00:00,141
vehicle_positions_05_054437.parquet,OK,21661,423,False,False,,0,2026-05-17T05:44:37.085188+00:00,2026-05-17T05:44:37.085188+00:00,141
vehicle_positions_05_054508.parquet,OK,21635,418,False,False,,0,2026-05-17T05:45:07.838544+00:00,2026-05-17T05:45:07.838544+00:00,141
vehicle_positions_05_054539.parquet,OK,21543,418,False,False,,0,2026-05-17T05:45:38.597420+00:00,2026-05-17T05:45:38.597420+00:00,141
vehicle_positions_05_054609.parquet,OK,21578,420,False,False,,0,2026-05-17T05:46:09.420358+00:00,2026-05-17T05:46:09.420358+00:00,142
vehicle_positions_05_054640.parquet,OK,21549,419,False,False,,0,2026-05-17T05:46:40.255808+00:00,2026-05-17T05:46:40.255808+00:00,143
vehicle_positions_13_132901.parquet,OK,14219,218,False,False,,0,2026-05-17T13:28:57.202906+00:00,2026-05-17T13:28:57.202906+00:00,73
vehicle_positions_13_132932.parquet,OK,14340,221,False,False,,0,2026-05-17T13:29:31.874331+00:00,2026-05-17T13:29:31.874331+00:00,75
vehicle_positions_13_133003.parquet,OK,14557,226,False,False,,0,2026-05-17T13:30:02.691508+00:00,2026-05-17T13:30:02.691508+00:00,76
vehicle_positions_13_133033.parquet,OK,14576,228,False,False,,0,2026-05-17T13:30:33.349304+00:00,2026-05-17T13:30:33.349304+00:00,76
vehicle_positions_13_133104.parquet,OK,14670,231,False,False,,0,2026-05-17T13:31:04.064728+00:00,2026-05-17T13:31:04.064728+00:00,77
vehicle_positions_13_133135.parquet,OK,14781,234,False,False,,0,2026-05-17T13:31:34.790693+00:00,2026-05-17T13:31:34.790693+00:00,77
vehicle_positions_13_133206.parquet,OK,14790,234,False,False,,0,2026-05-17T13:32:05.585348+00:00,2026-05-17T13:32:05.585348+00:00,77
vehicle_positions_13_133236.parquet,OK,14808,234,False,False,,0,2026-05-17T13:32:36.536499+00:00,2026-05-17T13:32:36.536499+00:00,77
vehicle_positions_13_133307.parquet,OK,14838,235,False,False,,0,2026-05-17T13:33:07.213957+00:00,2026-05-17T13:33:07.213957+00:00,78
vehicle_positions_13_133338.parquet,OK,14963,237,False,False,,0,2026-05-17T13:33:37.982358+00:00,2026-05-17T13:33:37.982358+00:00,78
vehicle_positions_13_133409.parquet,OK,15025,240,False,False,,0,2026-05-17T13:34:08.694491+00:00,2026-05-17T13:34:08.694491+00:00,79
vehicle_positions_13_133439.parquet,OK,14997,239,False,False,,0,2026-05-17T13:34:39.420529+00:00,2026-05-17T13:34:39.420529+00:00,79
vehicle_positions_13_133511.parquet,OK,15082,240,False,False,,0,2026-05-17T13:35:10.084563+00:00,2026-05-17T13:35:10.084563+00:00,80
vehicle_positions_13_133541.parquet,OK,15100,242,False,False,,0,2026-05-17T13:35:41.311946+00:00,2026-05-17T13:35:41.311946+00:00,80
vehicle_positions_13_133612.parquet,OK,15223,243,False,False,,0,2026-05-17T13:36:12.000168+00:00,2026-05-17T13:36:12.000168+00:00,80
vehicle_positions_13_133643.parquet,OK,15098,242,False,False,,0,2026-05-17T13:36:42.653457+00:00,2026-05-17T13:36:42.653457+00:00,80
vehicle_positions_13_133713.parquet,OK,15097,242,False,False,,0,2026-05-17T13:37:13.364820+00:00,2026-05-17T13:37:13.364820+00:00,81
vehicle_positions_13_133744.parquet,OK,15048,241,False,False,,0,2026-05-17T13:37:44.025065+00:00,2026-05-17T13:37:44.025065+00:00,81
vehicle_positions_13_133815.parquet,OK,15182,245,False,False,,0,2026-05-17T13:38:14.770454+00:00,2026-05-17T13:38:14.770454+00:00,82
vehicle_positions_13_133845.parquet,OK,15156,245,False,False,,0,2026-05-17T13:38:45.488984+00:00,2026-05-17T13:38:45.488984+00:00,81
vehicle_positions_13_133916.parquet,OK,15196,247,False,False,,0,2026-05-17T13:39:16.163878+00:00,2026-05-17T13:39:16.163878+00:00,82
vehicle_positions_13_133947.parquet,OK,15352,250,False,False,,0,2026-05-17T13:39:46.986337+00:00,2026-05-17T13:39:46.986337+00:00,82
vehicle_positions_13_134018.parquet,OK,15389,251,False,False,,0,2026-05-17T13:40:17.688105+00:00,2026-05-17T13:40:17.688105+00:00,82
vehicle_positions_13_134049.parquet,OK,15437,254,False,False,,0,2026-05-17T13:40:49.021515+00:00,2026-05-17T13:40:49.021515+00:00,83
vehicle_positions_13_134120.parquet,OK,15454,254,False,False,,0,2026-05-17T13:41:19.696748+00:00,2026-05-17T13:41:19.696748+00:00,83
vehicle_positions_13_134150.parquet,OK,15485,256,False,False,,0,2026-05-17T13:41:50.494475+00:00,2026-05-17T13:41:50.494475+00:00,85
vehicle_positions_13_134221.parquet,OK,15471,256,False,False,,0,2026-05-17T13:42:21.207284+00:00,2026-05-17T13:42:21.207284+00:00,86
vehicle_positions_13_134252.parquet,OK,15692,259,False,False,,0,2026-05-17T13:42:51.928094+00:00,2026-05-17T13:42:51.928094+00:00,87
vehicle_positions_13_134323.parquet,OK,15819,261,False,False,,0,2026-05-17T13:43:22.621018+00:00,2026-05-17T13:43:22.621018+00:00,87
vehicle_positions_13_134353.parquet,OK,15810,263,False,False,,0,2026-05-17T13:43:53.387753+00:00,2026-05-17T13:43:53.387753+00:00,87
vehicle_positions_13_134424.parquet,OK,15911,264,False,False,,0,2026-05-17T13:44:24.067819+00:00,2026-05-17T13:44:24.067819+00:00,88
vehicle_positions_13_134455.parquet,OK,16035,266,False,False,,0,2026-05-17T13:44:54.866200+00:00,2026-05-17T13:44:54.866200+00:00,89
vehicle_positions_13_134525.parquet,OK,16042,267,False,False,,0,2026-05-17T13:45:25.543296+00:00,2026-05-17T13:45:25.543296+00:00,89
vehicle_positions_13_134556.parquet,OK,16108,269,False,False,,0,2026-05-17T13:45:56.425002+00:00,2026-05-17T13:45:56.425002+00:00,89
vehicle_positions_13_134627.parquet,OK,16062,271,False,False,,0,2026-05-17T13:46:27.140203+00:00,2026-05-17T13:46:27.140203+00:00,90
vehicle_positions_13_134658.parquet,OK,16241,273,False,False,,0,2026-05-17T13:46:57.868769+00:00,2026-05-17T13:46:57.868769+00:00,90
vehicle_positions_13_134728.parquet,OK,16260,273,False,False,,0,2026-05-17T13:47:28.550017+00:00,2026-05-17T13:47:28.550017+00:00,90
vehicle_positions_13_134759.parquet,OK,16280,274,False,False,,0,2026-05-17T13:47:59.305745+00:00,2026-05-17T13:47:59.305745+00:00,91
vehicle_positions_13_134830.parquet,OK,16301,273,False,False,,0,2026-05-17T13:48:30.042040+00:00,2026-05-17T13:48:30.042040+00:00,91
vehicle_positions_13_134901.parquet,OK,16434,277,False,False,,0,2026-05-17T13:49:00.830745+00:00,2026-05-17T13:49:00.830745+00:00,92
vehicle_positions_13_134931.parquet,OK,16422,280,False,False,,0,2026-05-17T13:49:31.496658+00:00,2026-05-17T13:49:31.496658+00:00,92
vehicle_positions_13_135002.parquet,OK,16504,280,False,False,,0,2026-05-17T13:50:02.352267+00:00,2026-05-17T13:50:02.352267+00:00,93
vehicle_positions_13_135033.parquet,OK,16539,282,False,False,,0,2026-05-17T13:50:33.005994+00:00,2026-05-17T13:50:33.005994+00:00,93
vehicle_positions_13_135104.parquet,OK,16599,283,False,False,,0,2026-05-17T13:51:03.799230+00:00,2026-05-17T13:51:03.799230+00:00,93
vehicle_positions_13_135134.parquet,OK,16673,286,False,False,,0,2026-05-17T13:51:34.477590+00:00,2026-05-17T13:51:34.477590+00:00,94
vehicle_positions_13_135205.parquet,OK,16818,289,False,False,,0,2026-05-17T13:52:05.245823+00:00,2026-05-17T13:52:05.245823+00:00,95
vehicle_positions_13_135236.parquet,OK,16789,289,False,False,,0,2026-05-17T13:52:35.884908+00:00,2026-05-17T13:52:35.884908+00:00,95
vehicle_positions_13_135306.parquet,OK,16893,291,False,False,,0,2026-05-17T13:53:06.532596+00:00,2026-05-17T13:53:06.532596+00:00,94
vehicle_positions_13_135337.parquet,OK,17028,294,False,False,,0,2026-05-17T13:53:37.220194+00:00,2026-05-17T13:53:37.220194+00:00,95
vehicle_positions_13_135408.parquet,OK,17084,296,False,False,,0,2026-05-17T13:54:07.929500+00:00,2026-05-17T13:54:07.929500+00:00,96
vehicle_positions_13_135438.parquet,OK,17139,298,False,False,,0,2026-05-17T13:54:38.573717+00:00,2026-05-17T13:54:38.573717+00:00,96
vehicle_positions_13_135509.parquet,OK,17204,298,False,False,,0,2026-05-17T13:55:09.305083+00:00,2026-05-17T13:55:09.305083+00:00,96
vehicle_positions_13_135540.parquet,OK,17185,299,False,False,,0,2026-05-17T13:55:39.971603+00:00,2026-05-17T13:55:39.971603+00:00,97
vehicle_positions_13_135611.parquet,OK,17217,299,False,False,,0,2026-05-17T13:56:10.768576+00:00,2026-05-17T13:56:10.768576+00:00,97
vehicle_positions_13_135641.parquet,OK,17203,300,False,False,,0,2026-05-17T13:56:41.441680+00:00,2026-05-17T13:56:41.441680+00:00,97
vehicle_positions_13_135713.parquet,OK,17078,296,False,False,,0,2026-05-17T13:57:12.135943+00:00,2026-05-17T13:57:12.135943+00:00,97
vehicle_positions_13_135744.parquet,OK,17019,296,False,False,,0,2026-05-17T13:57:43.800957+00:00,2026-05-17T13:57:43.800957+00:00,98
vehicle_positions_13_135815.parquet,OK,17224,298,False,False,,0,2026-05-17T13:58:14.670696+00:00,2026-05-17T13:58:14.670696+00:00,100
vehicle_positions_13_135845.parquet,OK,17303,302,False,False,,0,2026-05-17T13:58:45.312491+00:00,2026-05-17T13:58:45.312491+00:00,102
vehicle_positions_13_135916.parquet,OK,17326,302,False,False,,0,2026-05-17T13:59:16.169634+00:00,2026-05-17T13:59:16.169634+00:00,102
vehicle_positions_13_135947.parquet,OK,17323,304,False,False,,0,2026-05-17T13:59:47.096330+00:00,2026-05-17T13:59:47.096330+00:00,102
vehicle_positions_14_140018.parquet,OK,17362,305,False,False,,0,2026-05-17T14:00:17.915695+00:00,2026-05-17T14:00:17.915695+00:00,101
vehicle_positions_14_140049.parquet,OK,17425,306,False,False,,0,2026-05-17T14:00:49.097254+00:00,2026-05-17T14:00:49.097254+00:00,101
vehicle_positions_14_140120.parquet,OK,17478,307,False,False,,0,2026-05-17T14:01:19.769644+00:00,2026-05-17T14:01:19.769644+00:00,102
vehicle_positions_14_140150.parquet,OK,17467,308,False,False,,0,2026-05-17T14:01:50.506397+00:00,2026-05-17T14:01:50.506397+00:00,102
vehicle_positions_14_140221.parquet,OK,17499,310,False,False,,0,2026-05-17T14:02:21.383583+00:00,2026-05-17T14:02:21.383583+00:00,102
vehicle_positions_14_140252.parquet,OK,17592,312,False,False,,0,2026-05-17T14:02:52.099862+00:00,2026-05-17T14:02:52.099862+00:00,101
vehicle_positions_14_140324.parquet,OK,17654,313,False,False,,0,2026-05-17T14:03:23.770345+00:00,2026-05-17T14:03:23.770345+00:00,101
vehicle_positions_14_140354.parquet,OK,17607,312,False,False,,0,2026-05-17T14:03:54.557144+00:00,2026-05-17T14:03:54.557144+00:00,101
vehicle_positions_14_140425.parquet,OK,17599,312,False,False,,0,2026-05-17T14:04:25.341385+00:00,2026-05-17T14:04:25.341385+00:00,101
vehicle_positions_14_140456.parquet,OK,17573,312,False,False,,0,2026-05-17T14:04:56.053423+00:00,2026-05-17T14:04:56.053423+00:00,101
vehicle_positions_14_140527.parquet,OK,17638,313,False,False,,0,2026-05-17T14:05:26.740108+00:00,2026-05-17T14:05:26.740108+00:00,103
vehicle_positions_14_140557.parquet,OK,17541,313,False,False,,0,2026-05-17T14:05:57.449642+00:00,2026-05-17T14:05:57.449642+00:00,103
vehicle_positions_14_140628.parquet,OK,17589,311,False,False,,0,2026-05-17T14:06:28.070016+00:00,2026-05-17T14:06:28.070016+00:00,103
vehicle_positions_14_140659.parquet,OK,17606,312,False,False,,0,2026-05-17T14:06:58.771071+00:00,2026-05-17T14:06:58.771071+00:00,103
vehicle_positions_14_140729.parquet,OK,17693,313,False,False,,0,2026-05-17T14:07:29.474991+00:00,2026-05-17T14:07:29.474991+00:00,104
vehicle_positions_14_140800.parquet,OK,17679,314,False,False,,0,2026-05-17T14:08:00.164024+00:00,2026-05-17T14:08:00.164024+00:00,103
vehicle_positions_14_140831.parquet,OK,17682,316,False,False,,0,2026-05-17T14:08:30.848628+00:00,2026-05-17T14:08:30.848628+00:00,103
vehicle_positions_14_140901.parquet,OK,17801,318,False,False,,0,2026-05-17T14:09:01.551309+00:00,2026-05-17T14:09:01.551309+00:00,103
vehicle_positions_14_140932.parquet,OK,17943,321,False,False,,0,2026-05-17T14:09:32.443747+00:00,2026-05-17T14:09:32.443747+00:00,103
vehicle_positions_14_141003.parquet,OK,17973,322,False,False,,0,2026-05-17T14:10:03.192804+00:00,2026-05-17T14:10:03.192804+00:00,104
vehicle_positions_14_141034.parquet,OK,18008,324,False,False,,0,2026-05-17T14:10:33.927645+00:00,2026-05-17T14:10:33.927645+00:00,106
vehicle_positions_14_141104.parquet,OK,18201,329,False,False,,0,2026-05-17T14:11:04.608454+00:00,2026-05-17T14:11:04.608454+00:00,106
vehicle_positions_14_141135.parquet,OK,18273,329,False,False,,0,2026-05-17T14:11:35.254585+00:00,2026-05-17T14:11:35.254585+00:00,106
vehicle_positions_14_141206.parquet,OK,18176,326,False,False,,0,2026-05-17T14:12:05.936909+00:00,2026-05-17T14:12:05.936909+00:00,106
vehicle_positions_14_141237.parquet,OK,18275,329,False,False,,0,2026-05-17T14:12:36.675165+00:00,2026-05-17T14:12:36.675165+00:00,106
vehicle_positions_14_141307.parquet,OK,18269,330,False,False,,0,2026-05-17T14:13:07.397974+00:00,2026-05-17T14:13:07.397974+00:00,106
vehicle_positions_14_141338.parquet,OK,18239,331,False,False,,0,2026-05-17T14:13:38.112941+00:00,2026-05-17T14:13:38.112941+00:00,106
vehicle_positions_14_141409.parquet,OK,18281,331,False,False,,0,2026-05-17T14:14:08.801609+00:00,2026-05-17T14:14:08.801609+00:00,107
vehicle_positions_14_141440.parquet,OK,18380,332,False,False,,0,2026-05-17T14:14:39.556707+00:00,2026-05-17T14:14:39.556707+00:00,108
vehicle_positions_14_141510.parquet,OK,18421,332,False,False,,0,2026-05-17T14:15:10.327408+00:00,2026-05-17T14:15:10.327408+00:00,108
vehicle_positions_14_141541.parquet,OK,18460,334,False,False,,0,2026-05-17T14:15:41.062535+00:00,2026-05-17T14:15:41.062535+00:00,111
vehicle_positions_14_141612.parquet,OK,18438,334,False,False,,0,2026-05-17T14:16:11.893246+00:00,2026-05-17T14:16:11.893246+00:00,111
vehicle_positions_14_141643.parquet,OK,18603,338,False,False,,0,2026-05-17T14:16:42.620269+00:00,2026-05-17T14:16:42.620269+00:00,113
vehicle_positions_14_141713.parquet,OK,18588,340,False,False,,0,2026-05-17T14:17:13.325234+00:00,2026-05-17T14:17:13.325234+00:00,114
vehicle_positions_14_141744.parquet,OK,18635,341,False,False,,0,2026-05-17T14:17:44.020820+00:00,2026-05-17T14:17:44.020820+00:00,114
vehicle_positions_14_141815.parquet,OK,18679,341,False,False,,0,2026-05-17T14:18:14.744596+00:00,2026-05-17T14:18:14.744596+00:00,114
vehicle_positions_14_141845.parquet,OK,18732,344,False,False,,0,2026-05-17T14:18:45.512416+00:00,2026-05-17T14:18:45.512416+00:00,116
vehicle_positions_14_141916.parquet,OK,18823,345,False,False,,0,2026-05-17T14:19:16.195778+00:00,2026-05-17T14:19:16.195778+00:00,116
vehicle_positions_14_141947.parquet,OK,18774,344,False,False,,0,2026-05-17T14:19:46.873791+00:00,2026-05-17T14:19:46.873791+00:00,115
vehicle_positions_14_142018.parquet,OK,18905,346,False,False,,0,2026-05-17T14:20:17.750493+00:00,2026-05-17T14:20:17.750493+00:00,114
vehicle_positions_14_142048.parquet,OK,18913,347,False,False,,0,2026-05-17T14:20:48.466977+00:00,2026-05-17T14:20:48.466977+00:00,114
vehicle_positions_14_142119.parquet,OK,18967,348,False,False,,0,2026-05-17T14:21:19.138723+00:00,2026-05-17T14:21:19.138723+00:00,115
vehicle_positions_14_142150.parquet,OK,18899,348,False,False,,0,2026-05-17T14:21:49.879555+00:00,2026-05-17T14:21:49.879555+00:00,115
vehicle_positions_14_142221.parquet,OK,18860,348,False,False,,0,2026-05-17T14:22:20.610683+00:00,2026-05-17T14:22:20.610683+00:00,115
vehicle_positions_14_142251.parquet,OK,18927,350,False,False,,0,2026-05-17T14:22:51.359235+00:00,2026-05-17T14:22:51.359235+00:00,116
vehicle_positions_14_142322.parquet,OK,18914,351,False,False,,0,2026-05-17T14:23:22.104528+00:00,2026-05-17T14:23:22.104528+00:00,115
vehicle_positions_14_142353.parquet,OK,18933,351,False,False,,0,2026-05-17T14:23:52.822261+00:00,2026-05-17T14:23:52.822261+00:00,116
vehicle_positions_14_142423.parquet,OK,18978,352,False,False,,0,2026-05-17T14:24:23.494426+00:00,2026-05-17T14:24:23.494426+00:00,116
vehicle_positions_14_142454.parquet,OK,19125,356,False,False,,0,2026-05-17T14:24:54.240236+00:00,2026-05-17T14:24:54.240236+00:00,118
vehicle_positions_14_142525.parquet,OK,19196,358,False,False,,0,2026-05-17T14:25:25.014880+00:00,2026-05-17T14:25:25.014880+00:00,118
vehicle_positions_14_142556.parquet,OK,19254,360,False,False,,0,2026-05-17T14:25:55.834287+00:00,2026-05-17T14:25:55.834287+00:00,119
vehicle_positions_14_142627.parquet,OK,19350,362,False,False,,0,2026-05-17T14:26:26.495606+00:00,2026-05-17T14:26:26.495606+00:00,119
vehicle_positions_14_142657.parquet,OK,19349,361,False,False,,0,2026-05-17T14:26:57.450960+00:00,2026-05-17T14:26:57.450960+00:00,119
vehicle_positions_14_142728.parquet,OK,19411,362,False,False,,0,2026-05-17T14:27:28.153407+00:00,2026-05-17T14:27:28.153407+00:00,118
vehicle_positions_14_142759.parquet,OK,19437,363,False,False,,0,2026-05-17T14:27:58.827008+00:00,2026-05-17T14:27:58.827008+00:00,118
vehicle_positions_14_142829.parquet,OK,19367,361,False,False,,0,2026-05-17T14:28:29.569368+00:00,2026-05-17T14:28:29.569368+00:00,118
vehicle_positions_14_142900.parquet,OK,19464,363,False,False,,0,2026-05-17T14:29:00.276264+00:00,2026-05-17T14:29:00.276264+00:00,119
vehicle_positions_14_142931.parquet,OK,19671,369,False,False,,0,2026-05-17T14:29:30.996626+00:00,2026-05-17T14:29:30.996626+00:00,121
vehicle_positions_14_143002.parquet,OK,19616,369,False,False,,0,2026-05-17T14:30:01.688934+00:00,2026-05-17T14:30:01.688934+00:00,122
vehicle_positions_14_143032.parquet,OK,19535,370,False,False,,0,2026-05-17T14:30:32.410406+00:00,2026-05-17T14:30:32.410406+00:00,123
vehicle_positions_14_143103.parquet,OK,19566,370,False,False,,0,2026-05-17T14:31:03.195168+00:00,2026-05-17T14:31:03.195168+00:00,123
vehicle_positions_14_143134.parquet,OK,19600,371,False,False,,0,2026-05-17T14:31:33.871616+00:00,2026-05-17T14:31:33.871616+00:00,124
vehicle_positions_14_143204.parquet,OK,19609,372,False,False,,0,2026-05-17T14:32:04.538114+00:00,2026-05-17T14:32:04.538114+00:00,125
vehicle_positions_14_143235.parquet,OK,19571,372,False,False,,0,2026-05-17T14:32:35.178162+00:00,2026-05-17T14:32:35.178162+00:00,125
vehicle_positions_14_143306.parquet,OK,19658,373,False,False,,0,2026-05-17T14:33:05.988382+00:00,2026-05-17T14:33:05.988382+00:00,126
vehicle_positions_14_143340.parquet,OK,19672,373,False,False,,0,2026-05-17T14:33:36.782394+00:00,2026-05-17T14:33:36.782394+00:00,128
vehicle_positions_14_143411.parquet,OK,19730,375,False,False,,0,2026-05-17T14:34:10.658552+00:00,2026-05-17T14:34:10.658552+00:00,129
vehicle_positions_14_143441.parquet,OK,19781,376,False,False,,0,2026-05-17T14:34:41.272809+00:00,2026-05-17T14:34:41.272809+00:00,129
vehicle_positions_14_143512.parquet,OK,19888,377,False,False,,0,2026-05-17T14:35:12.027267+00:00,2026-05-17T14:35:12.027267+00:00,129
vehicle_positions_14_143543.parquet,OK,20024,382,False,False,,0,2026-05-17T14:35:42.759958+00:00,2026-05-17T14:35:42.759958+00:00,130
vehicle_positions_14_143613.parquet,OK,20016,382,False,False,,0,2026-05-17T14:36:13.485358+00:00,2026-05-17T14:36:13.485358+00:00,130
vehicle_positions_14_143644.parquet,OK,20023,382,False,False,,0,2026-05-17T14:36:44.201200+00:00,2026-05-17T14:36:44.201200+00:00,129
vehicle_positions_14_143715.parquet,OK,19957,382,False,False,,0,2026-05-17T14:37:14.903130+00:00,2026-05-17T14:37:14.903130+00:00,129
vehicle_positions_14_143746.parquet,OK,20159,386,False,False,,0,2026-05-17T14:37:45.629856+00:00,2026-05-17T14:37:45.629856+00:00,130
vehicle_positions_14_143816.parquet,OK,20190,388,False,False,,0,2026-05-17T14:38:16.448404+00:00,2026-05-17T14:38:16.448404+00:00,130
vehicle_positions_14_143847.parquet,OK,20212,389,False,False,,0,2026-05-17T14:38:47.136788+00:00,2026-05-17T14:38:47.136788+00:00,130
vehicle_positions_14_143918.parquet,OK,20203,389,False,False,,0,2026-05-17T14:39:17.862832+00:00,2026-05-17T14:39:17.862832+00:00,129
vehicle_positions_14_143949.parquet,OK,20201,388,False,False,,0,2026-05-17T14:39:48.588332+00:00,2026-05-17T14:39:48.588332+00:00,131
vehicle_positions_14_144019.parquet,OK,20157,386,False,False,,0,2026-05-17T14:40:19.304754+00:00,2026-05-17T14:40:19.304754+00:00,131
vehicle_positions_14_144050.parquet,OK,20248,389,False,False,,0,2026-05-17T14:40:49.936505+00:00,2026-05-17T14:40:49.936505+00:00,133
vehicle_positions_14_144121.parquet,OK,20286,390,False,False,,0,2026-05-17T14:41:20.645676+00:00,2026-05-17T14:41:20.645676+00:00,133
vehicle_positions_14_144151.parquet,OK,20344,390,False,False,,0,2026-05-17T14:41:51.299177+00:00,2026-05-17T14:41:51.299177+00:00,133
vehicle_positions_14_144222.parquet,OK,20569,394,False,False,,0,2026-05-17T14:42:22.053808+00:00,2026-05-17T14:42:22.053808+00:00,135
vehicle_positions_14_144253.parquet,OK,20609,395,False,False,,0,2026-05-17T14:42:52.757409+00:00,2026-05-17T14:42:52.757409+00:00,136
vehicle_positions_14_144323.parquet,OK,20578,394,False,False,,0,2026-05-17T14:43:23.499014+00:00,2026-05-17T14:43:23.499014+00:00,136
vehicle_positions_14_144354.parquet,OK,20650,397,False,False,,0,2026-05-17T14:43:54.247625+00:00,2026-05-17T14:43:54.247625+00:00,136
vehicle_positions_14_144425.parquet,OK,20715,399,False,False,,0,2026-05-17T14:44:24.989239+00:00,2026-05-17T14:44:24.989239+00:00,136
vehicle_positions_14_144456.parquet,OK,20866,403,False,False,,0,2026-05-17T14:44:55.679665+00:00,2026-05-17T14:44:55.679665+00:00,136
vehicle_positions_14_144526.parquet,OK,20955,406,False,False,,0,2026-05-17T14:45:26.329784+00:00,2026-05-17T14:45:26.329784+00:00,140
vehicle_positions_14_144557.parquet,OK,21083,410,False,False,,0,2026-05-17T14:45:57.142865+00:00,2026-05-17T14:45:57.142865+00:00,141
vehicle_positions_14_144628.parquet,OK,21188,412,False,False,,0,2026-05-17T14:46:27.869554+00:00,2026-05-17T14:46:27.869554+00:00,141
vehicle_positions_14_144658.parquet,OK,21130,413,False,False,,0,2026-05-17T14:46:58.590426+00:00,2026-05-17T14:46:58.590426+00:00,141
vehicle_positions_14_144729.parquet,OK,21299,416,False,False,,0,2026-05-17T14:47:29.254805+00:00,2026-05-17T14:47:29.254805+00:00,143
vehicle_positions_14_144800.parquet,OK,21334,417,False,False,,0,2026-05-17T14:48:00.045811+00:00,2026-05-17T14:48:00.045811+00:00,143
vehicle_positions_14_144831.parquet,OK,21436,420,False,False,,0,2026-05-17T14:48:30.661154+00:00,2026-05-17T14:48:30.661154+00:00,143
vehicle_positions_14_144901.parquet,OK,21523,421,False,False,,0,2026-05-17T14:49:01.320855+00:00,2026-05-17T14:49:01.320855+00:00,143
vehicle_positions_14_144932.parquet,OK,21437,421,False,False,,0,2026-05-17T14:49:32.119887+00:00,2026-05-17T14:49:32.119887+00:00,142
vehicle_positions_14_145003.parquet,OK,21506,423,False,False,,0,2026-05-17T14:50:02.810403+00:00,2026-05-17T14:50:02.810403+00:00,143
vehicle_positions_14_145033.parquet,OK,21618,426,False,False,,0,2026-05-17T14:50:33.541926+00:00,2026-05-17T14:50:33.541926+00:00,144
vehicle_positions_14_145104.parquet,OK,21694,427,False,False,,0,2026-05-17T14:51:04.225571+00:00,2026-05-17T14:51:04.225571+00:00,144
vehicle_positions_14_145135.parquet,OK,21652,430,False,False,,0,2026-05-17T14:51:34.952172+00:00,2026-05-17T14:51:34.952172+00:00,145
vehicle_positions_14_145206.parquet,OK,21670,428,False,False,,0,2026-05-17T14:52:05.670084+00:00,2026-05-17T14:52:05.670084+00:00,146
vehicle_positions_14_145236.parquet,OK,21695,427,False,False,,0,2026-05-17T14:52:36.332113+00:00,2026-05-17T14:52:36.332113+00:00,146
vehicle_positions_14_145307.parquet,OK,21702,430,False,False,,0,2026-05-17T14:53:07.089199+00:00,2026-05-17T14:53:07.089199+00:00,146
vehicle_positions_14_145338.parquet,OK,21716,429,False,False,,0,2026-05-17T14:53:37.735901+00:00,2026-05-17T14:53:37.735901+00:00,146
vehicle_positions_14_145408.parquet,OK,21657,426,False,False,,0,2026-05-17T14:54:08.447003+00:00,2026-05-17T14:54:08.447003+00:00,146
vehicle_positions_14_145439.parquet,OK,21610,425,False,False,,0,2026-05-17T14:54:39.098692+00:00,2026-05-17T14:54:39.098692+00:00,146
vehicle_positions_14_145510.parquet,OK,21572,425,False,False,,0,2026-05-17T14:55:09.855604+00:00,2026-05-17T14:55:09.855604+00:00,146
vehicle_positions_14_145540.parquet,OK,21603,426,False,False,,0,2026-05-17T14:55:40.481497+00:00,2026-05-17T14:55:40.481497+00:00,146
vehicle_positions_14_145611.parquet,OK,21720,428,False,False,,0,2026-05-17T14:56:11.188578+00:00,2026-05-17T14:56:11.188578+00:00,146
vehicle_positions_14_145642.parquet,OK,21674,428,False,False,,0,2026-05-17T14:56:41.961547+00:00,2026-05-17T14:56:41.961547+00:00,146
vehicle_positions_14_145713.parquet,OK,21721,429,False,False,,0,2026-05-17T14:57:12.657258+00:00,2026-05-17T14:57:12.657258+00:00,146
vehicle_positions_14_145743.parquet,OK,21774,431,False,False,,0,2026-05-17T14:57:43.364622+00:00,2026-05-17T14:57:43.364622+00:00,147
vehicle_positions_14_145814.parquet,OK,21903,434,False,False,,0,2026-05-17T14:58:14.063396+00:00,2026-05-17T14:58:14.063396+00:00,147
vehicle_positions_14_145845.parquet,OK,21945,437,False,False,,0,2026-05-17T14:58:45.443948+00:00,2026-05-17T14:58:45.443948+00:00,147
vehicle_positions_14_145916.parquet,OK,22213,446,False,False,,0,2026-05-17T14:59:16.217752+00:00,2026-05-17T14:59:16.217752+00:00,148
vehicle_positions_14_145947.parquet,OK,22243,447,False,False,,0,2026-05-17T14:59:46.916560+00:00,2026-05-17T14:59:46.916560+00:00,148
vehicle_positions_15_150018.parquet,OK,22191,447,False,False,,0,2026-05-17T15:00:17.612778+00:00,2026-05-17T15:00:17.612778+00:00,147
vehicle_positions_15_150048.parquet,OK,22447,453,False,False,,0,2026-05-17T15:00:48.310597+00:00,2026-05-17T15:00:48.310597+00:00,149
vehicle_positions_15_150119.parquet,OK,22569,456,False,False,,0,2026-05-17T15:01:18.952235+00:00,2026-05-17T15:01:18.952235+00:00,150
vehicle_positions_15_150150.parquet,OK,22685,457,False,False,,0,2026-05-17T15:01:49.635508+00:00,2026-05-17T15:01:49.635508+00:00,151
vehicle_positions_15_150220.parquet,OK,22647,460,False,False,,0,2026-05-17T15:02:20.339779+00:00,2026-05-17T15:02:20.339779+00:00,151
vehicle_positions_15_150251.parquet,OK,22667,460,False,False,,0,2026-05-17T15:02:51.012864+00:00,2026-05-17T15:02:51.012864+00:00,151
vehicle_positions_15_150322.parquet,OK,22716,460,False,False,,0,2026-05-17T15:03:21.704343+00:00,2026-05-17T15:03:21.704343+00:00,151
vehicle_positions_15_150352.parquet,OK,22642,457,False,False,,0,2026-05-17T15:03:52.455363+00:00,2026-05-17T15:03:52.455363+00:00,152
vehicle_positions_15_150423.parquet,OK,22770,460,False,False,,0,2026-05-17T15:04:23.154325+00:00,2026-05-17T15:04:23.154325+00:00,152
vehicle_positions_15_150454.parquet,OK,22782,463,False,False,,0,2026-05-17T15:04:53.871047+00:00,2026-05-17T15:04:53.871047+00:00,152
vehicle_positions_15_150524.parquet,OK,22776,464,False,False,,0,2026-05-17T15:05:24.563858+00:00,2026-05-17T15:05:24.563858+00:00,152
vehicle_positions_15_150555.parquet,OK,22864,465,False,False,,0,2026-05-17T15:05:55.380032+00:00,2026-05-17T15:05:55.380032+00:00,153
vehicle_positions_15_150626.parquet,OK,22861,465,False,False,,0,2026-05-17T15:06:26.174230+00:00,2026-05-17T15:06:26.174230+00:00,153
vehicle_positions_15_150657.parquet,OK,22746,464,False,False,,0,2026-05-17T15:06:56.925300+00:00,2026-05-17T15:06:56.925300+00:00,153
vehicle_positions_15_150728.parquet,OK,22745,463,False,False,,0,2026-05-17T15:07:27.681474+00:00,2026-05-17T15:07:27.681474+00:00,153
vehicle_positions_15_150758.parquet,OK,22777,464,False,False,,0,2026-05-17T15:07:58.355483+00:00,2026-05-17T15:07:58.355483+00:00,153
vehicle_positions_15_150829.parquet,OK,22853,465,False,False,,0,2026-05-17T15:08:29.109381+00:00,2026-05-17T15:08:29.109381+00:00,152
vehicle_positions_15_150900.parquet,OK,22877,465,False,False,,0,2026-05-17T15:08:59.910158+00:00,2026-05-17T15:08:59.910158+00:00,153
vehicle_positions_15_150931.parquet,OK,22873,466,False,False,,0,2026-05-17T15:09:30.583273+00:00,2026-05-17T15:09:30.583273+00:00,154
vehicle_positions_15_151001.parquet,OK,22927,467,False,False,,0,2026-05-17T15:10:01.295389+00:00,2026-05-17T15:10:01.295389+00:00,154
vehicle_positions_15_151032.parquet,OK,22959,468,False,False,,0,2026-05-17T15:10:32.098149+00:00,2026-05-17T15:10:32.098149+00:00,154
vehicle_positions_15_151103.parquet,OK,23074,470,False,False,,0,2026-05-17T15:11:02.864932+00:00,2026-05-17T15:11:02.864932+00:00,155
vehicle_positions_15_151133.parquet,OK,23046,470,False,False,,0,2026-05-17T15:11:33.565406+00:00,2026-05-17T15:11:33.565406+00:00,155
vehicle_positions_15_151204.parquet,OK,23079,470,False,False,,0,2026-05-17T15:12:04.253743+00:00,2026-05-17T15:12:04.253743+00:00,156
vehicle_positions_15_151235.parquet,OK,23076,470,False,False,,0,2026-05-17T15:12:34.948763+00:00,2026-05-17T15:12:34.948763+00:00,156
vehicle_positions_15_151306.parquet,OK,23180,471,False,False,,0,2026-05-17T15:13:05.706711+00:00,2026-05-17T15:13:05.706711+00:00,156
vehicle_positions_15_151336.parquet,OK,23178,473,False,False,,0,2026-05-17T15:13:36.438373+00:00,2026-05-17T15:13:36.438373+00:00,157
vehicle_positions_15_151407.parquet,OK,23154,473,False,False,,0,2026-05-17T15:14:07.175352+00:00,2026-05-17T15:14:07.175352+00:00,157
vehicle_positions_15_151438.parquet,OK,23136,474,False,False,,0,2026-05-17T15:14:37.828021+00:00,2026-05-17T15:14:37.828021+00:00,156
vehicle_positions_15_151509.parquet,OK,23179,475,False,False,,0,2026-05-17T15:15:08.698604+00:00,2026-05-17T15:15:08.698604+00:00,157
vehicle_positions_15_151539.parquet,OK,23230,477,False,False,,0,2026-05-17T15:15:39.392152+00:00,2026-05-17T15:15:39.392152+00:00,157
vehicle_positions_15_151610.parquet,OK,23201,475,False,False,,0,2026-05-17T15:16:10.076276+00:00,2026-05-17T15:16:10.076276+00:00,157
vehicle_positions_15_151641.parquet,OK,23266,478,False,False,,0,2026-05-17T15:16:40.799673+00:00,2026-05-17T15:16:40.799673+00:00,158
vehicle_positions_15_151712.parquet,OK,23469,481,False,False,,0,2026-05-17T15:17:11.716203+00:00,2026-05-17T15:17:11.716203+00:00,158
vehicle_positions_15_151742.parquet,OK,23465,482,False,False,,0,2026-05-17T15:17:42.451033+00:00,2026-05-17T15:17:42.451033+00:00,158
vehicle_positions_15_151813.parquet,OK,23456,482,False,False,,0,2026-05-17T15:18:13.144225+00:00,2026-05-17T15:18:13.144225+00:00,158
vehicle_positions_15_151844.parquet,OK,23361,479,False,False,,0,2026-05-17T15:18:43.884000+00:00,2026-05-17T15:18:43.884000+00:00,156
vehicle_positions_15_151915.parquet,OK,23443,482,False,False,,0,2026-05-17T15:19:14.652314+00:00,2026-05-17T15:19:14.652314+00:00,156
vehicle_positions_15_151946.parquet,OK,23419,483,False,False,,0,2026-05-17T15:19:45.359431+00:00,2026-05-17T15:19:45.359431+00:00,156
vehicle_positions_15_152016.parquet,OK,23381,483,False,False,,0,2026-05-17T15:20:16.332111+00:00,2026-05-17T15:20:16.332111+00:00,156
vehicle_positions_15_152047.parquet,OK,23445,485,False,False,,0,2026-05-17T15:20:47.024903+00:00,2026-05-17T15:20:47.024903+00:00,156
vehicle_positions_15_152118.parquet,OK,23426,485,False,False,,0,2026-05-17T15:21:17.972759+00:00,2026-05-17T15:21:17.972759+00:00,154
vehicle_positions_15_152149.parquet,OK,23462,487,False,False,,0,2026-05-17T15:21:48.864844+00:00,2026-05-17T15:21:48.864844+00:00,155
vehicle_positions_15_152220.parquet,OK,23431,487,False,False,,0,2026-05-17T15:22:19.604373+00:00,2026-05-17T15:22:19.604373+00:00,155
vehicle_positions_15_152250.parquet,OK,23361,486,False,False,,0,2026-05-17T15:22:50.513345+00:00,2026-05-17T15:22:50.513345+00:00,155
vehicle_positions_15_152321.parquet,OK,23297,482,False,False,,0,2026-05-17T15:23:21.391208+00:00,2026-05-17T15:23:21.391208+00:00,155
vehicle_positions_15_152352.parquet,OK,23468,485,False,False,,0,2026-05-17T15:23:52.374855+00:00,2026-05-17T15:23:52.374855+00:00,155
vehicle_positions_15_152423.parquet,OK,23379,485,False,False,,0,2026-05-17T15:24:23.111001+00:00,2026-05-17T15:24:23.111001+00:00,153
vehicle_positions_15_152454.parquet,OK,23454,487,False,False,,0,2026-05-17T15:24:53.829589+00:00,2026-05-17T15:24:53.829589+00:00,154
vehicle_positions_15_152525.parquet,OK,23609,490,False,False,,0,2026-05-17T15:25:24.826388+00:00,2026-05-17T15:25:24.826388+00:00,154
vehicle_positions_15_152555.parquet,OK,23474,488,False,False,,0,2026-05-17T15:25:55.545472+00:00,2026-05-17T15:25:55.545472+00:00,154
vehicle_positions_15_152626.parquet,OK,23517,488,False,False,,0,2026-05-17T15:26:26.226314+00:00,2026-05-17T15:26:26.226314+00:00,154
vehicle_positions_15_152657.parquet,OK,23502,488,False,False,,0,2026-05-17T15:26:57.001435+00:00,2026-05-17T15:26:57.001435+00:00,153
vehicle_positions_15_152728.parquet,OK,23498,487,False,False,,0,2026-05-17T15:27:27.813094+00:00,2026-05-17T15:27:27.813094+00:00,153
vehicle_positions_15_152758.parquet,OK,23657,490,False,False,,0,2026-05-17T15:27:58.527040+00:00,2026-05-17T15:27:58.527040+00:00,155
vehicle_positions_15_152829.parquet,OK,23647,492,False,False,,0,2026-05-17T15:28:29.221888+00:00,2026-05-17T15:28:29.221888+00:00,155
vehicle_positions_15_152900.parquet,OK,23662,492,False,False,,0,2026-05-17T15:29:00.010012+00:00,2026-05-17T15:29:00.010012+00:00,155
vehicle_positions_15_152931.parquet,OK,23767,496,False,False,,0,2026-05-17T15:29:30.828048+00:00,2026-05-17T15:29:30.828048+00:00,155
vehicle_positions_15_153002.parquet,OK,23922,499,False,False,,0,2026-05-17T15:30:01.617195+00:00,2026-05-17T15:30:01.617195+00:00,157
vehicle_positions_15_153032.parquet,OK,23820,499,False,False,,0,2026-05-17T15:30:32.345939+00:00,2026-05-17T15:30:32.345939+00:00,157
vehicle_positions_15_153103.parquet,OK,23892,501,False,False,,0,2026-05-17T15:31:03.041644+00:00,2026-05-17T15:31:03.041644+00:00,157
vehicle_positions_15_153136.parquet,OK,24116,506,False,False,,0,2026-05-17T15:31:36.482607+00:00,2026-05-17T15:31:36.482607+00:00,157
vehicle_positions_15_153207.parquet,OK,24225,509,False,False,,0,2026-05-17T15:32:07.187769+00:00,2026-05-17T15:32:07.187769+00:00,157
vehicle_positions_15_153238.parquet,OK,24325,512,False,False,,0,2026-05-17T15:32:37.957015+00:00,2026-05-17T15:32:37.957015+00:00,158
vehicle_positions_15_153309.parquet,OK,24554,515,False,False,,0,2026-05-17T15:33:08.703082+00:00,2026-05-17T15:33:08.703082+00:00,159
vehicle_positions_15_153339.parquet,OK,24596,515,False,False,,0,2026-05-17T15:33:39.442707+00:00,2026-05-17T15:33:39.442707+00:00,159
vehicle_positions_15_153410.parquet,OK,24706,517,False,False,,0,2026-05-17T15:34:10.113035+00:00,2026-05-17T15:34:10.113035+00:00,160
vehicle_positions_15_153441.parquet,OK,24704,518,False,False,,0,2026-05-17T15:34:40.788128+00:00,2026-05-17T15:34:40.788128+00:00,160
vehicle_positions_15_153511.parquet,OK,24587,516,False,False,,0,2026-05-17T15:35:11.517683+00:00,2026-05-17T15:35:11.517683+00:00,160
vehicle_positions_15_153542.parquet,OK,24611,514,False,False,,0,2026-05-17T15:35:42.256796+00:00,2026-05-17T15:35:42.256796+00:00,160
vehicle_positions_15_153613.parquet,OK,24611,514,False,False,,0,2026-05-17T15:36:12.996202+00:00,2026-05-17T15:36:12.996202+00:00,160
vehicle_positions_15_153644.parquet,OK,24521,515,False,False,,0,2026-05-17T15:36:43.686881+00:00,2026-05-17T15:36:43.686881+00:00,160
vehicle_positions_15_153714.parquet,OK,24601,516,False,False,,0,2026-05-17T15:37:14.438027+00:00,2026-05-17T15:37:14.438027+00:00,160
vehicle_positions_15_153745.parquet,OK,24555,514,False,False,,0,2026-05-17T15:37:45.173846+00:00,2026-05-17T15:37:45.173846+00:00,159
vehicle_positions_15_153816.parquet,OK,24670,515,False,False,,0,2026-05-17T15:38:15.913713+00:00,2026-05-17T15:38:15.913713+00:00,161
vehicle_positions_15_153847.parquet,OK,24628,517,False,False,,0,2026-05-17T15:38:46.687239+00:00,2026-05-17T15:38:46.687239+00:00,161
vehicle_positions_15_153917.parquet,OK,24616,516,False,False,,0,2026-05-17T15:39:17.362654+00:00,2026-05-17T15:39:17.362654+00:00,161
vehicle_positions_15_153948.parquet,OK,24647,516,False,False,,0,2026-05-17T15:39:48.086831+00:00,2026-05-17T15:39:48.086831+00:00,162
vehicle_positions_15_154019.parquet,OK,24638,514,False,False,,0,2026-05-17T15:40:18.843120+00:00,2026-05-17T15:40:18.843120+00:00,161
vehicle_positions_15_154049.parquet,OK,24654,515,False,False,,0,2026-05-17T15:40:49.504134+00:00,2026-05-17T15:40:49.504134+00:00,162
vehicle_positions_15_154122.parquet,OK,24635,515,False,False,,0,2026-05-17T15:41:21.612237+00:00,2026-05-17T15:41:21.612237+00:00,162
vehicle_positions_15_154152.parquet,OK,24636,514,False,False,,0,2026-05-17T15:41:52.522393+00:00,2026-05-17T15:41:52.522393+00:00,161
vehicle_positions_15_154223.parquet,OK,24381,511,False,False,,0,2026-05-17T15:42:23.250085+00:00,2026-05-17T15:42:23.250085+00:00,161
vehicle_positions_15_154254.parquet,OK,24313,512,False,False,,0,2026-05-17T15:42:54.054842+00:00,2026-05-17T15:42:54.054842+00:00,161
vehicle_positions_15_155222.parquet,OK,25243,527,False,False,,0,2026-05-17T15:52:22.497453+00:00,2026-05-17T15:52:22.497453+00:00,163
vehicle_positions_15_155255.parquet,OK,25235,529,False,False,,0,2026-05-17T15:52:53.429733+00:00,2026-05-17T15:52:53.429733+00:00,162
vehicle_positions_15_155326.parquet,OK,25148,527,False,False,,0,2026-05-17T15:53:25.946815+00:00,2026-05-17T15:53:25.946815+00:00,161
vehicle_positions_15_155357.parquet,OK,25115,528,False,False,,0,2026-05-17T15:53:56.728408+00:00,2026-05-17T15:53:56.728408+00:00,161
vehicle_positions_15_155428.parquet,OK,25194,526,False,False,,0,2026-05-17T15:54:27.533352+00:00,2026-05-17T15:54:27.533352+00:00,161
vehicle_positions_15_155458.parquet,OK,25090,524,False,False,,0,2026-05-17T15:54:58.377582+00:00,2026-05-17T15:54:58.377582+00:00,161
vehicle_positions_15_155529.parquet,OK,25155,527,False,False,,0,2026-05-17T15:55:29.196785+00:00,2026-05-17T15:55:29.196785+00:00,161
vehicle_positions_15_155601.parquet,OK,25217,528,False,False,,0,2026-05-17T15:56:00.202449+00:00,2026-05-17T15:56:00.202449+00:00,162
vehicle_positions_15_155631.parquet,OK,25178,527,False,False,,0,2026-05-17T15:56:31.452300+00:00,2026-05-17T15:56:31.452300+00:00,162
vehicle_positions_15_155702.parquet,OK,25232,529,False,False,,0,2026-05-17T15:57:02.208643+00:00,2026-05-17T15:57:02.208643+00:00,162
vehicle_positions_15_155733.parquet,OK,25286,532,False,False,,0,2026-05-17T15:57:32.891238+00:00,2026-05-17T15:57:32.891238+00:00,162
vehicle_positions_15_155804.parquet,OK,25471,535,False,False,,0,2026-05-17T15:58:03.725608+00:00,2026-05-17T15:58:03.725608+00:00,163
vehicle_positions_15_155834.parquet,OK,25435,535,False,False,,0,2026-05-17T15:58:34.429306+00:00,2026-05-17T15:58:34.429306+00:00,163
vehicle_positions_15_155905.parquet,OK,25611,538,False,False,,0,2026-05-17T15:59:05.132996+00:00,2026-05-17T15:59:05.132996+00:00,163
vehicle_positions_15_155936.parquet,OK,25609,540,False,False,,0,2026-05-17T15:59:35.891445+00:00,2026-05-17T15:59:35.891445+00:00,164
vehicle_positions_16_160007.parquet,OK,25667,543,False,False,,0,2026-05-17T16:00:06.769206+00:00,2026-05-17T16:00:06.769206+00:00,164
vehicle_positions_16_160038.parquet,OK,25534,543,False,False,,0,2026-05-17T16:00:37.647824+00:00,2026-05-17T16:00:37.647824+00:00,163
vehicle_positions_16_160108.parquet,OK,25803,547,False,False,,0,2026-05-17T16:01:08.340163+00:00,2026-05-17T16:01:08.340163+00:00,163
vehicle_positions_16_160139.parquet,OK,25768,546,False,False,,0,2026-05-17T16:01:39.173488+00:00,2026-05-17T16:01:39.173488+00:00,162
vehicle_positions_16_160210.parquet,OK,25746,545,False,False,,0,2026-05-17T16:02:10.264781+00:00,2026-05-17T16:02:10.264781+00:00,162
vehicle_positions_16_160241.parquet,OK,25796,546,False,False,,0,2026-05-17T16:02:41.011434+00:00,2026-05-17T16:02:41.011434+00:00,163
vehicle_positions_16_160312.parquet,OK,25772,545,False,False,,0,2026-05-17T16:03:11.731844+00:00,2026-05-17T16:03:11.731844+00:00,163
vehicle_positions_16_160343.parquet,OK,25771,548,False,False,,0,2026-05-17T16:03:42.684277+00:00,2026-05-17T16:03:42.684277+00:00,164
vehicle_positions_16_160413.parquet,OK,25780,547,False,False,,0,2026-05-17T16:04:13.523234+00:00,2026-05-17T16:04:13.523234+00:00,164
vehicle_positions_16_160444.parquet,OK,25758,548,False,False,,0,2026-05-17T16:04:44.199550+00:00,2026-05-17T16:04:44.199550+00:00,164
vehicle_positions_16_160515.parquet,OK,25941,552,False,False,,0,2026-05-17T16:05:15.351336+00:00,2026-05-17T16:05:15.351336+00:00,166
vehicle_positions_16_160546.parquet,OK,26044,556,False,False,,0,2026-05-17T16:05:46.123677+00:00,2026-05-17T16:05:46.123677+00:00,167
vehicle_positions_16_160617.parquet,OK,26046,558,False,False,,0,2026-05-17T16:06:16.947749+00:00,2026-05-17T16:06:16.947749+00:00,167
vehicle_positions_16_160648.parquet,OK,26116,559,False,False,,0,2026-05-17T16:06:47.861074+00:00,2026-05-17T16:06:47.861074+00:00,167
vehicle_positions_16_160719.parquet,OK,26639,556,False,False,,0,2026-05-17T16:07:18.582488+00:00,2026-05-17T16:07:18.582488+00:00,167
vehicle_positions_16_160750.parquet,OK,26674,557,False,False,,0,2026-05-17T16:07:50.309231+00:00,2026-05-17T16:07:50.309231+00:00,167
vehicle_positions_16_160822.parquet,OK,26618,556,False,False,,0,2026-05-17T16:08:21.796812+00:00,2026-05-17T16:08:21.796812+00:00,166
vehicle_positions_16_160852.parquet,OK,26573,555,False,False,,0,2026-05-17T16:08:52.510948+00:00,2026-05-17T16:08:52.510948+00:00,166
vehicle_positions_16_160923.parquet,OK,26633,558,False,False,,0,2026-05-17T16:09:23.171711+00:00,2026-05-17T16:09:23.171711+00:00,166
vehicle_positions_16_160954.parquet,OK,26530,558,False,False,,0,2026-05-17T16:09:54.062428+00:00,2026-05-17T16:09:54.062428+00:00,166
vehicle_positions_16_161025.parquet,OK,26683,558,False,False,,0,2026-05-17T16:10:24.830110+00:00,2026-05-17T16:10:24.830110+00:00,166
vehicle_positions_16_161056.parquet,OK,26661,556,False,False,,0,2026-05-17T16:10:55.677553+00:00,2026-05-17T16:10:55.677553+00:00,166
vehicle_positions_16_161126.parquet,OK,26391,552,False,False,,0,2026-05-17T16:11:26.350347+00:00,2026-05-17T16:11:26.350347+00:00,165
vehicle_positions_16_161157.parquet,OK,26423,553,False,False,,0,2026-05-17T16:11:57.113786+00:00,2026-05-17T16:11:57.113786+00:00,165
vehicle_positions_16_161228.parquet,OK,26528,555,False,False,,0,2026-05-17T16:12:27.857057+00:00,2026-05-17T16:12:27.857057+00:00,164
vehicle_positions_16_161259.parquet,OK,26554,555,False,False,,0,2026-05-17T16:12:58.865390+00:00,2026-05-17T16:12:58.865390+00:00,164
vehicle_positions_16_161330.parquet,OK,26347,551,False,False,,0,2026-05-17T16:13:29.661496+00:00,2026-05-17T16:13:29.661496+00:00,163
vehicle_positions_16_161401.parquet,OK,26180,552,False,False,,0,2026-05-17T16:14:00.374982+00:00,2026-05-17T16:14:00.374982+00:00,163
vehicle_positions_16_161432.parquet,OK,26355,552,False,False,,0,2026-05-17T16:14:31.658214+00:00,2026-05-17T16:14:31.658214+00:00,163
vehicle_positions_16_161502.parquet,OK,26527,553,False,False,,0,2026-05-17T16:15:02.358329+00:00,2026-05-17T16:15:02.358329+00:00,163
vehicle_positions_16_161533.parquet,OK,26620,559,False,False,,0,2026-05-17T16:15:33.093636+00:00,2026-05-17T16:15:33.093636+00:00,162
vehicle_positions_16_161604.parquet,OK,26646,559,False,False,,0,2026-05-17T16:16:03.839105+00:00,2026-05-17T16:16:03.839105+00:00,162
vehicle_positions_16_161635.parquet,OK,26575,559,False,False,,0,2026-05-17T16:16:34.683897+00:00,2026-05-17T16:16:34.683897+00:00,163
vehicle_positions_16_161705.parquet,OK,26656,559,False,False,,0,2026-05-17T16:17:05.423342+00:00,2026-05-17T16:17:05.423342+00:00,163
vehicle_positions_16_161736.parquet,OK,26787,561,False,False,,0,2026-05-17T16:17:36.221233+00:00,2026-05-17T16:17:36.221233+00:00,163
vehicle_positions_16_161807.parquet,OK,26788,563,False,False,,0,2026-05-17T16:18:07.013843+00:00,2026-05-17T16:18:07.013843+00:00,162
vehicle_positions_16_161838.parquet,OK,26974,566,False,False,,0,2026-05-17T16:18:37.810554+00:00,2026-05-17T16:18:37.810554+00:00,162
vehicle_positions_16_161908.parquet,OK,27065,569,False,False,,0,2026-05-17T16:19:08.499043+00:00,2026-05-17T16:19:08.499043+00:00,162
vehicle_positions_16_161939.parquet,OK,27114,571,False,False,,0,2026-05-17T16:19:39.243509+00:00,2026-05-17T16:19:39.243509+00:00,162
vehicle_positions_16_162010.parquet,OK,27078,571,False,False,,0,2026-05-17T16:20:10.044905+00:00,2026-05-17T16:20:10.044905+00:00,162
vehicle_positions_16_162041.parquet,OK,27145,572,False,False,,0,2026-05-17T16:20:40.830806+00:00,2026-05-17T16:20:40.830806+00:00,161
vehicle_positions_16_162112.parquet,OK,27078,571,False,False,,0,2026-05-17T16:21:11.619083+00:00,2026-05-17T16:21:11.619083+00:00,161
vehicle_positions_16_162142.parquet,OK,26916,568,False,False,,0,2026-05-17T16:21:42.407892+00:00,2026-05-17T16:21:42.407892+00:00,160
vehicle_positions_16_162213.parquet,OK,27097,569,False,False,,0,2026-05-17T16:22:13.254392+00:00,2026-05-17T16:22:13.254392+00:00,162
vehicle_positions_16_162244.parquet,OK,27083,572,False,False,,0,2026-05-17T16:22:44.246047+00:00,2026-05-17T16:22:44.246047+00:00,163
vehicle_positions_16_162315.parquet,OK,27063,571,False,False,,0,2026-05-17T16:23:15.204969+00:00,2026-05-17T16:23:15.204969+00:00,163
vehicle_positions_16_162346.parquet,OK,26948,569,False,False,,0,2026-05-17T16:23:46.072803+00:00,2026-05-17T16:23:46.072803+00:00,163
vehicle_positions_16_162417.parquet,OK,26869,567,False,False,,0,2026-05-17T16:24:16.742917+00:00,2026-05-17T16:24:16.742917+00:00,164
vehicle_positions_16_162448.parquet,OK,26875,568,False,False,,0,2026-05-17T16:24:48.115768+00:00,2026-05-17T16:24:48.115768+00:00,164
vehicle_positions_16_162519.parquet,OK,26907,566,False,False,,0,2026-05-17T16:25:18.869204+00:00,2026-05-17T16:25:18.869204+00:00,164
vehicle_positions_16_162550.parquet,OK,26884,566,False,False,,0,2026-05-17T16:25:49.952865+00:00,2026-05-17T16:25:49.952865+00:00,164
vehicle_positions_16_162621.parquet,OK,27004,569,False,False,,0,2026-05-17T16:26:20.758879+00:00,2026-05-17T16:26:20.758879+00:00,164
vehicle_positions_16_162652.parquet,OK,27078,570,False,False,,0,2026-05-17T16:26:51.616773+00:00,2026-05-17T16:26:51.616773+00:00,164
vehicle_positions_16_162722.parquet,OK,27177,574,False,False,,0,2026-05-17T16:27:22.307943+00:00,2026-05-17T16:27:22.307943+00:00,166
vehicle_positions_16_162753.parquet,OK,27213,576,False,False,,0,2026-05-17T16:27:53.489214+00:00,2026-05-17T16:27:53.489214+00:00,165
vehicle_positions_16_162824.parquet,OK,27315,577,False,False,,0,2026-05-17T16:28:24.126249+00:00,2026-05-17T16:28:24.126249+00:00,165
vehicle_positions_16_162855.parquet,OK,27274,577,False,False,,0,2026-05-17T16:28:55.067195+00:00,2026-05-17T16:28:55.067195+00:00,165
vehicle_positions_16_162926.parquet,OK,27350,578,False,False,,0,2026-05-17T16:29:25.850298+00:00,2026-05-17T16:29:25.850298+00:00,165
vehicle_positions_16_162957.parquet,OK,27378,577,False,False,,0,2026-05-17T16:29:56.661530+00:00,2026-05-17T16:29:56.661530+00:00,165
vehicle_positions_16_163027.parquet,OK,27430,581,False,False,,0,2026-05-17T16:30:27.378366+00:00,2026-05-17T16:30:27.378366+00:00,165
vehicle_positions_16_163058.parquet,OK,27449,586,False,False,,0,2026-05-17T16:30:58.259680+00:00,2026-05-17T16:30:58.259680+00:00,165
vehicle_positions_16_163129.parquet,OK,27422,584,False,False,,0,2026-05-17T16:31:29.046141+00:00,2026-05-17T16:31:29.046141+00:00,165
vehicle_positions_16_163200.parquet,OK,27355,583,False,False,,0,2026-05-17T16:31:59.833709+00:00,2026-05-17T16:31:59.833709+00:00,164
vehicle_positions_16_163231.parquet,OK,27481,585,False,False,,0,2026-05-17T16:32:31.094727+00:00,2026-05-17T16:32:31.094727+00:00,164
vehicle_positions_16_163302.parquet,OK,27498,585,False,False,,0,2026-05-17T16:33:01.942174+00:00,2026-05-17T16:33:01.942174+00:00,165
vehicle_positions_16_163333.parquet,OK,27557,587,False,False,,0,2026-05-17T16:33:32.666272+00:00,2026-05-17T16:33:32.666272+00:00,165
vehicle_positions_16_163403.parquet,OK,27737,590,False,False,,0,2026-05-17T16:34:03.439156+00:00,2026-05-17T16:34:03.439156+00:00,165
vehicle_positions_16_163434.parquet,OK,27848,592,False,False,,0,2026-05-17T16:34:34.220094+00:00,2026-05-17T16:34:34.220094+00:00,165
vehicle_positions_16_163505.parquet,OK,27850,592,False,False,,0,2026-05-17T16:35:05.038017+00:00,2026-05-17T16:35:05.038017+00:00,165
vehicle_positions_16_163536.parquet,OK,27933,595,False,False,,0,2026-05-17T16:35:35.874339+00:00,2026-05-17T16:35:35.874339+00:00,164
vehicle_positions_16_163607.parquet,OK,27920,596,False,False,,0,2026-05-17T16:36:06.658878+00:00,2026-05-17T16:36:06.658878+00:00,166
vehicle_positions_16_163638.parquet,OK,27871,593,False,False,,0,2026-05-17T16:36:37.505172+00:00,2026-05-17T16:36:37.505172+00:00,165
vehicle_positions_16_163708.parquet,OK,27965,594,False,False,,0,2026-05-17T16:37:08.368348+00:00,2026-05-17T16:37:08.368348+00:00,165
vehicle_positions_16_163739.parquet,OK,27802,590,False,False,,0,2026-05-17T16:37:39.138660+00:00,2026-05-17T16:37:39.138660+00:00,165
vehicle_positions_16_163810.parquet,OK,27690,587,False,False,,0,2026-05-17T16:38:09.912365+00:00,2026-05-17T16:38:09.912365+00:00,165
vehicle_positions_16_163841.parquet,OK,27490,584,False,False,,0,2026-05-17T16:38:40.694249+00:00,2026-05-17T16:38:40.694249+00:00,165
vehicle_positions_16_163912.parquet,OK,27420,581,False,False,,0,2026-05-17T16:39:11.649230+00:00,2026-05-17T16:39:11.649230+00:00,165
vehicle_positions_16_163943.parquet,OK,27409,582,False,False,,0,2026-05-17T16:39:42.511887+00:00,2026-05-17T16:39:42.511887+00:00,164
vehicle_positions_16_164014.parquet,OK,27570,585,False,False,,0,2026-05-17T16:40:13.651721+00:00,2026-05-17T16:40:13.651721+00:00,165
vehicle_positions_16_164045.parquet,OK,27658,588,False,False,,0,2026-05-17T16:40:44.558515+00:00,2026-05-17T16:40:44.558515+00:00,167
vehicle_positions_16_164115.parquet,OK,27630,589,False,False,,0,2026-05-17T16:41:15.315522+00:00,2026-05-17T16:41:15.315522+00:00,167
vehicle_positions_16_164146.parquet,OK,27701,591,False,False,,0,2026-05-17T16:41:46.171171+00:00,2026-05-17T16:41:46.171171+00:00,166
vehicle_positions_16_164217.parquet,OK,27666,590,False,False,,0,2026-05-17T16:42:16.967922+00:00,2026-05-17T16:42:16.967922+00:00,166
vehicle_positions_16_164248.parquet,OK,27832,593,False,False,,0,2026-05-17T16:42:47.876522+00:00,2026-05-17T16:42:47.876522+00:00,166
vehicle_positions_16_164319.parquet,OK,27792,592,False,False,,0,2026-05-17T16:43:18.743603+00:00,2026-05-17T16:43:18.743603+00:00,165
vehicle_positions_16_164349.parquet,OK,27805,592,False,False,,0,2026-05-17T16:43:49.517426+00:00,2026-05-17T16:43:49.517426+00:00,165
vehicle_positions_16_164420.parquet,OK,27700,590,False,False,,0,2026-05-17T16:44:20.277352+00:00,2026-05-17T16:44:20.277352+00:00,166
vehicle_positions_16_164451.parquet,OK,27581,588,False,False,,0,2026-05-17T16:44:51.018271+00:00,2026-05-17T16:44:51.018271+00:00,166
vehicle_positions_16_164522.parquet,OK,27603,590,False,False,,0,2026-05-17T16:45:21.803546+00:00,2026-05-17T16:45:21.803546+00:00,166
vehicle_positions_16_164553.parquet,OK,27842,595,False,False,,0,2026-05-17T16:45:52.577169+00:00,2026-05-17T16:45:52.577169+00:00,167
vehicle_positions_16_164623.parquet,OK,27951,595,False,False,,0,2026-05-17T16:46:23.334243+00:00,2026-05-17T16:46:23.334243+00:00,167
vehicle_positions_16_164654.parquet,OK,27624,592,False,False,,0,2026-05-17T16:46:54.126481+00:00,2026-05-17T16:46:54.126481+00:00,168
vehicle_positions_16_164725.parquet,OK,27802,593,False,False,,0,2026-05-17T16:47:24.965918+00:00,2026-05-17T16:47:24.965918+00:00,168
vehicle_positions_16_164756.parquet,OK,28014,598,False,False,,0,2026-05-17T16:47:55.744790+00:00,2026-05-17T16:47:55.744790+00:00,168
vehicle_positions_16_164826.parquet,OK,28021,598,False,False,,0,2026-05-17T16:48:26.501985+00:00,2026-05-17T16:48:26.501985+00:00,168
vehicle_positions_16_164857.parquet,OK,27984,599,False,False,,0,2026-05-17T16:48:57.267204+00:00,2026-05-17T16:48:57.267204+00:00,167
vehicle_positions_16_164928.parquet,OK,28156,601,False,False,,0,2026-05-17T16:49:28.010855+00:00,2026-05-17T16:49:28.010855+00:00,167
vehicle_positions_16_164959.parquet,OK,28090,601,False,False,,0,2026-05-17T16:49:58.787191+00:00,2026-05-17T16:49:58.787191+00:00,167
vehicle_positions_16_165030.parquet,OK,28189,602,False,False,,0,2026-05-17T16:50:29.530564+00:00,2026-05-17T16:50:29.530564+00:00,168
vehicle_positions_16_165101.parquet,OK,27978,601,False,False,,0,2026-05-17T16:51:00.337901+00:00,2026-05-17T16:51:00.337901+00:00,168
vehicle_positions_16_165132.parquet,OK,27943,600,False,False,,0,2026-05-17T16:51:32.195431+00:00,2026-05-17T16:51:32.195431+00:00,169
vehicle_positions_16_165203.parquet,OK,28097,601,False,False,,0,2026-05-17T16:52:02.964022+00:00,2026-05-17T16:52:02.964022+00:00,168
vehicle_positions_16_165235.parquet,OK,28160,601,False,False,,0,2026-05-17T16:52:34.491640+00:00,2026-05-17T16:52:34.491640+00:00,169
vehicle_positions_16_165305.parquet,OK,28227,603,False,False,,0,2026-05-17T16:53:05.309522+00:00,2026-05-17T16:53:05.309522+00:00,169
vehicle_positions_16_165336.parquet,OK,28217,604,False,False,,0,2026-05-17T16:53:36.078754+00:00,2026-05-17T16:53:36.078754+00:00,169
vehicle_positions_16_165407.parquet,OK,28231,604,False,False,,0,2026-05-17T16:54:06.855643+00:00,2026-05-17T16:54:06.855643+00:00,169
vehicle_positions_16_165438.parquet,OK,28290,603,False,False,,0,2026-05-17T16:54:37.706934+00:00,2026-05-17T16:54:37.706934+00:00,169
vehicle_positions_16_165508.parquet,OK,28301,603,False,False,,0,2026-05-17T16:55:08.466360+00:00,2026-05-17T16:55:08.466360+00:00,170
vehicle_positions_16_165539.parquet,OK,28046,598,False,False,,0,2026-05-17T16:55:39.194330+00:00,2026-05-17T16:55:39.194330+00:00,169
vehicle_positions_16_165610.parquet,OK,27976,596,False,False,,0,2026-05-17T16:56:09.940492+00:00,2026-05-17T16:56:09.940492+00:00,169
vehicle_positions_16_165641.parquet,OK,27990,597,False,False,,0,2026-05-17T16:56:40.879149+00:00,2026-05-17T16:56:40.879149+00:00,169
vehicle_positions_16_165712.parquet,OK,27951,597,False,False,,0,2026-05-17T16:57:11.625414+00:00,2026-05-17T16:57:11.625414+00:00,168
vehicle_positions_16_165742.parquet,OK,28124,601,False,False,,0,2026-05-17T16:57:42.397163+00:00,2026-05-17T16:57:42.397163+00:00,168
vehicle_positions_16_165813.parquet,OK,28138,601,False,False,,0,2026-05-17T16:58:13.224770+00:00,2026-05-17T16:58:13.224770+00:00,168
vehicle_positions_16_165844.parquet,OK,28189,601,False,False,,0,2026-05-17T16:58:43.918261+00:00,2026-05-17T16:58:43.918261+00:00,168
vehicle_positions_16_165915.parquet,OK,28123,601,False,False,,0,2026-05-17T16:59:14.693921+00:00,2026-05-17T16:59:14.693921+00:00,167
vehicle_positions_16_165946.parquet,OK,28139,605,False,False,,0,2026-05-17T16:59:45.668701+00:00,2026-05-17T16:59:45.668701+00:00,167
vehicle_positions_17_170017.parquet,OK,28277,606,False,False,,0,2026-05-17T17:00:16.939959+00:00,2026-05-17T17:00:16.939959+00:00,167
vehicle_positions_17_170048.parquet,OK,28507,611,False,False,,0,2026-05-17T17:00:47.777404+00:00,2026-05-17T17:00:47.777404+00:00,167
vehicle_positions_17_170119.parquet,OK,28603,611,False,False,,0,2026-05-17T17:01:18.779622+00:00,2026-05-17T17:01:18.779622+00:00,167
vehicle_positions_17_170150.parquet,OK,28579,610,False,False,,0,2026-05-17T17:01:49.575039+00:00,2026-05-17T17:01:49.575039+00:00,167
vehicle_positions_17_170220.parquet,OK,28551,613,False,False,,0,2026-05-17T17:02:20.372173+00:00,2026-05-17T17:02:20.372173+00:00,167
vehicle_positions_17_170251.parquet,OK,28462,611,False,False,,0,2026-05-17T17:02:51.157954+00:00,2026-05-17T17:02:51.157954+00:00,168
vehicle_positions_17_170322.parquet,OK,28455,609,False,False,,0,2026-05-17T17:03:22.059595+00:00,2026-05-17T17:03:22.059595+00:00,166
vehicle_positions_17_170353.parquet,OK,28441,610,False,False,,0,2026-05-17T17:03:52.999831+00:00,2026-05-17T17:03:52.999831+00:00,166
vehicle_positions_17_170424.parquet,OK,28481,611,False,False,,0,2026-05-17T17:04:23.842952+00:00,2026-05-17T17:04:23.842952+00:00,166
vehicle_positions_17_170455.parquet,OK,28431,611,False,False,,0,2026-05-17T17:04:54.562694+00:00,2026-05-17T17:04:54.562694+00:00,167
vehicle_positions_17_170525.parquet,OK,28403,612,False,False,,0,2026-05-17T17:05:25.449801+00:00,2026-05-17T17:05:25.449801+00:00,166
vehicle_positions_17_170556.parquet,OK,28544,614,False,False,,0,2026-05-17T17:05:56.202148+00:00,2026-05-17T17:05:56.202148+00:00,168
vehicle_positions_17_170627.parquet,OK,28490,612,False,False,,0,2026-05-17T17:06:26.967720+00:00,2026-05-17T17:06:26.967720+00:00,168
vehicle_positions_17_170658.parquet,OK,28518,612,False,False,,0,2026-05-17T17:06:57.781637+00:00,2026-05-17T17:06:57.781637+00:00,168
vehicle_positions_17_170729.parquet,OK,28457,613,False,False,,0,2026-05-17T17:07:28.648019+00:00,2026-05-17T17:07:28.648019+00:00,168
vehicle_positions_17_170759.parquet,OK,28496,615,False,False,,0,2026-05-17T17:07:59.406926+00:00,2026-05-17T17:07:59.406926+00:00,168
vehicle_positions_17_170830.parquet,OK,28579,616,False,False,,0,2026-05-17T17:08:30.292087+00:00,2026-05-17T17:08:30.292087+00:00,168
vehicle_positions_17_170901.parquet,OK,28801,617,False,False,,0,2026-05-17T17:09:01.040759+00:00,2026-05-17T17:09:01.040759+00:00,169
vehicle_positions_17_170932.parquet,OK,28646,616,False,False,,0,2026-05-17T17:09:31.950837+00:00,2026-05-17T17:09:31.950837+00:00,168
vehicle_positions_17_171003.parquet,OK,28682,615,False,False,,0,2026-05-17T17:10:02.801324+00:00,2026-05-17T17:10:02.801324+00:00,168
vehicle_positions_17_171034.parquet,OK,28364,610,False,False,,0,2026-05-17T17:10:33.538379+00:00,2026-05-17T17:10:33.538379+00:00,168
vehicle_positions_17_171105.parquet,OK,28401,612,False,False,,0,2026-05-17T17:11:04.883108+00:00,2026-05-17T17:11:04.883108+00:00,168
vehicle_positions_17_171136.parquet,OK,28432,611,False,False,,0,2026-05-17T17:11:35.763378+00:00,2026-05-17T17:11:35.763378+00:00,167
vehicle_positions_17_171207.parquet,OK,28323,610,False,False,,0,2026-05-17T17:12:06.566977+00:00,2026-05-17T17:12:06.566977+00:00,167
vehicle_positions_17_171237.parquet,OK,28290,611,False,False,,0,2026-05-17T17:12:37.381779+00:00,2026-05-17T17:12:37.381779+00:00,167
vehicle_positions_17_171308.parquet,OK,28509,612,False,False,,0,2026-05-17T17:13:08.221919+00:00,2026-05-17T17:13:08.221919+00:00,167
vehicle_positions_17_171339.parquet,OK,28536,613,False,False,,0,2026-05-17T17:13:38.984176+00:00,2026-05-17T17:13:38.984176+00:00,169
vehicle_positions_17_171410.parquet,OK,28488,611,False,False,,0,2026-05-17T17:14:09.793911+00:00,2026-05-17T17:14:09.793911+00:00,169
vehicle_positions_17_171441.parquet,OK,28497,613,False,False,,0,2026-05-17T17:14:40.541921+00:00,2026-05-17T17:14:40.541921+00:00,169
vehicle_positions_17_171511.parquet,OK,28567,613,False,False,,0,2026-05-17T17:15:11.446461+00:00,2026-05-17T17:15:11.446461+00:00,170
vehicle_positions_17_171542.parquet,OK,28722,619,False,False,,0,2026-05-17T17:15:42.173727+00:00,2026-05-17T17:15:42.173727+00:00,171
vehicle_positions_17_171614.parquet,OK,28669,620,False,False,,0,2026-05-17T17:16:13.937817+00:00,2026-05-17T17:16:13.937817+00:00,171
vehicle_positions_17_171647.parquet,OK,28664,620,False,False,,0,2026-05-17T17:16:46.499099+00:00,2026-05-17T17:16:46.499099+00:00,170
vehicle_positions_17_171718.parquet,OK,28601,618,False,False,,0,2026-05-17T17:17:17.520538+00:00,2026-05-17T17:17:17.520538+00:00,169
vehicle_positions_17_171748.parquet,OK,28688,619,False,False,,0,2026-05-17T17:17:48.329369+00:00,2026-05-17T17:17:48.329369+00:00,168
vehicle_positions_17_171819.parquet,OK,28660,619,False,False,,0,2026-05-17T17:18:19.110824+00:00,2026-05-17T17:18:19.110824+00:00,169
vehicle_positions_17_171920.parquet,OK,28642,618,False,False,,0,2026-05-17T17:19:19.734944+00:00,2026-05-17T17:19:19.734944+00:00,169
vehicle_positions_17_171952.parquet,OK,28791,619,False,False,,0,2026-05-17T17:19:51.786069+00:00,2026-05-17T17:19:51.786069+00:00,169
vehicle_positions_17_172023.parquet,OK,28862,621,False,False,,0,2026-05-17T17:20:22.610723+00:00,2026-05-17T17:20:22.610723+00:00,170
vehicle_positions_17_172053.parquet,OK,28974,624,False,False,,0,2026-05-17T17:20:53.373796+00:00,2026-05-17T17:20:53.373796+00:00,170
vehicle_positions_17_172124.parquet,OK,28902,623,False,False,,0,2026-05-17T17:21:24.277412+00:00,2026-05-17T17:21:24.277412+00:00,170
vehicle_positions_17_172155.parquet,OK,28805,621,False,False,,0,2026-05-17T17:21:55.049535+00:00,2026-05-17T17:21:55.049535+00:00,170
vehicle_positions_17_172226.parquet,OK,28901,621,False,False,,0,2026-05-17T17:22:25.899851+00:00,2026-05-17T17:22:25.899851+00:00,171
vehicle_positions_17_172257.parquet,OK,28762,620,False,False,,0,2026-05-17T17:22:56.646587+00:00,2026-05-17T17:22:56.646587+00:00,171
vehicle_positions_17_172328.parquet,OK,28768,620,False,False,,0,2026-05-17T17:23:27.772828+00:00,2026-05-17T17:23:27.772828+00:00,170
vehicle_positions_17_172358.parquet,OK,28751,621,False,False,,0,2026-05-17T17:23:58.451119+00:00,2026-05-17T17:23:58.451119+00:00,169
vehicle_positions_17_172429.parquet,OK,28804,620,False,False,,0,2026-05-17T17:24:29.245268+00:00,2026-05-17T17:24:29.245268+00:00,169
vehicle_positions_17_172500.parquet,OK,28842,622,False,False,,0,2026-05-17T17:25:00.050272+00:00,2026-05-17T17:25:00.050272+00:00,169
vehicle_positions_17_172531.parquet,OK,28747,619,False,False,,0,2026-05-17T17:25:30.939310+00:00,2026-05-17T17:25:30.939310+00:00,167
vehicle_positions_17_172602.parquet,OK,28795,618,False,False,,0,2026-05-17T17:26:01.668263+00:00,2026-05-17T17:26:01.668263+00:00,166
vehicle_positions_17_172632.parquet,OK,28776,618,False,False,,0,2026-05-17T17:26:32.377806+00:00,2026-05-17T17:26:32.377806+00:00,166
vehicle_positions_17_172703.parquet,OK,28792,619,False,False,,0,2026-05-17T17:27:03.192607+00:00,2026-05-17T17:27:03.192607+00:00,167
vehicle_positions_17_172734.parquet,OK,28864,621,False,False,,0,2026-05-17T17:27:34.201195+00:00,2026-05-17T17:27:34.201195+00:00,168
vehicle_positions_17_172805.parquet,OK,28792,622,False,False,,0,2026-05-17T17:28:04.929591+00:00,2026-05-17T17:28:04.929591+00:00,168
vehicle_positions_17_172836.parquet,OK,28766,620,False,False,,0,2026-05-17T17:28:35.743949+00:00,2026-05-17T17:28:35.743949+00:00,168
vehicle_positions_17_172907.parquet,OK,28673,619,False,False,,0,2026-05-17T17:29:06.504960+00:00,2026-05-17T17:29:06.504960+00:00,168
vehicle_positions_17_172937.parquet,OK,28772,622,False,False,,0,2026-05-17T17:29:37.397923+00:00,2026-05-17T17:29:37.397923+00:00,168
vehicle_positions_17_173008.parquet,OK,28977,626,False,False,,0,2026-05-17T17:30:08.186232+00:00,2026-05-17T17:30:08.186232+00:00,168
vehicle_positions_17_173039.parquet,OK,29050,629,False,False,,0,2026-05-17T17:30:38.997269+00:00,2026-05-17T17:30:38.997269+00:00,167
vehicle_positions_17_173110.parquet,OK,29078,629,False,False,,0,2026-05-17T17:31:09.822559+00:00,2026-05-17T17:31:09.822559+00:00,168
vehicle_positions_17_173141.parquet,OK,29221,633,False,False,,0,2026-05-17T17:31:40.796125+00:00,2026-05-17T17:31:40.796125+00:00,167
vehicle_positions_17_173212.parquet,OK,29143,633,False,False,,0,2026-05-17T17:32:11.581475+00:00,2026-05-17T17:32:11.581475+00:00,167
vehicle_positions_17_173242.parquet,OK,29250,636,False,False,,0,2026-05-17T17:32:42.350543+00:00,2026-05-17T17:32:42.350543+00:00,169
vehicle_positions_17_173313.parquet,OK,29270,635,False,False,,0,2026-05-17T17:33:13.287582+00:00,2026-05-17T17:33:13.287582+00:00,169
vehicle_positions_17_173344.parquet,OK,29227,634,False,False,,0,2026-05-17T17:33:44.173378+00:00,2026-05-17T17:33:44.173378+00:00,169
vehicle_positions_17_173416.parquet,OK,29138,634,False,False,,0,2026-05-17T17:34:15.667297+00:00,2026-05-17T17:34:15.667297+00:00,170
vehicle_positions_17_173446.parquet,OK,29246,634,False,False,,0,2026-05-17T17:34:46.469193+00:00,2026-05-17T17:34:46.469193+00:00,170
vehicle_positions_17_173517.parquet,OK,29319,635,False,False,,0,2026-05-17T17:35:17.198276+00:00,2026-05-17T17:35:17.198276+00:00,171
vehicle_positions_17_173548.parquet,OK,29276,636,False,False,,0,2026-05-17T17:35:48.051597+00:00,2026-05-17T17:35:48.051597+00:00,171
vehicle_positions_17_173619.parquet,OK,29174,633,False,False,,0,2026-05-17T17:36:19.447796+00:00,2026-05-17T17:36:19.447796+00:00,170
vehicle_positions_17_173651.parquet,OK,29077,630,False,False,,0,2026-05-17T17:36:51.346066+00:00,2026-05-17T17:36:51.346066+00:00,170
vehicle_positions_17_173722.parquet,OK,29137,631,False,False,,0,2026-05-17T17:37:22.216900+00:00,2026-05-17T17:37:22.216900+00:00,169
vehicle_positions_17_173753.parquet,OK,29101,630,False,False,,0,2026-05-17T17:37:53.035175+00:00,2026-05-17T17:37:53.035175+00:00,170
vehicle_positions_17_173824.parquet,OK,28970,629,False,False,,0,2026-05-17T17:38:23.771265+00:00,2026-05-17T17:38:23.771265+00:00,170
vehicle_positions_17_173855.parquet,OK,28981,631,False,False,,0,2026-05-17T17:38:54.555192+00:00,2026-05-17T17:38:54.555192+00:00,170
vehicle_positions_17_173925.parquet,OK,28945,629,False,False,,0,2026-05-17T17:39:25.352223+00:00,2026-05-17T17:39:25.352223+00:00,170
vehicle_positions_17_173956.parquet,OK,29057,629,False,False,,0,2026-05-17T17:39:56.288999+00:00,2026-05-17T17:39:56.288999+00:00,170
vehicle_positions_17_174027.parquet,OK,28979,627,False,False,,0,2026-05-17T17:40:27.091729+00:00,2026-05-17T17:40:27.091729+00:00,169
vehicle_positions_17_174058.parquet,OK,29007,629,False,False,,0,2026-05-17T17:40:58.014232+00:00,2026-05-17T17:40:58.014232+00:00,169
vehicle_positions_17_174129.parquet,OK,28808,627,False,False,,0,2026-05-17T17:41:28.857719+00:00,2026-05-17T17:41:28.857719+00:00,169
vehicle_positions_17_174200.parquet,OK,29087,632,False,False,,0,2026-05-17T17:41:59.647024+00:00,2026-05-17T17:41:59.647024+00:00,169
vehicle_positions_17_174231.parquet,OK,29015,632,False,False,,0,2026-05-17T17:42:30.368349+00:00,2026-05-17T17:42:30.368349+00:00,169
vehicle_positions_17_174301.parquet,OK,29161,633,False,False,,0,2026-05-17T17:43:01.466322+00:00,2026-05-17T17:43:01.466322+00:00,169
vehicle_positions_17_174332.parquet,OK,29022,632,False,False,,0,2026-05-17T17:43:32.356541+00:00,2026-05-17T17:43:32.356541+00:00,169
vehicle_positions_17_174403.parquet,OK,29106,633,False,False,,0,2026-05-17T17:44:03.134628+00:00,2026-05-17T17:44:03.134628+00:00,169
vehicle_positions_17_174434.parquet,OK,29173,633,False,False,,0,2026-05-17T17:44:33.894282+00:00,2026-05-17T17:44:33.894282+00:00,169
vehicle_positions_17_174505.parquet,OK,29250,635,False,False,,0,2026-05-17T17:45:04.660878+00:00,2026-05-17T17:45:04.660878+00:00,169
vehicle_positions_17_174535.parquet,OK,29157,638,False,False,,0,2026-05-17T17:45:35.431269+00:00,2026-05-17T17:45:35.431269+00:00,170
vehicle_positions_17_174606.parquet,OK,29162,636,False,False,,0,2026-05-17T17:46:06.217149+00:00,2026-05-17T17:46:06.217149+00:00,170
vehicle_positions_17_174637.parquet,OK,29196,636,False,False,,0,2026-05-17T17:46:36.950924+00:00,2026-05-17T17:46:36.950924+00:00,169
vehicle_positions_17_174708.parquet,OK,29317,638,False,False,,0,2026-05-17T17:47:07.705165+00:00,2026-05-17T17:47:07.705165+00:00,170
vehicle_positions_17_174738.parquet,OK,29591,643,False,False,,0,2026-05-17T17:47:38.461786+00:00,2026-05-17T17:47:38.461786+00:00,172
vehicle_positions_17_174809.parquet,OK,29583,643,False,False,,0,2026-05-17T17:48:09.273790+00:00,2026-05-17T17:48:09.273790+00:00,172
vehicle_positions_17_174840.parquet,OK,29660,644,False,False,,0,2026-05-17T17:48:40.095405+00:00,2026-05-17T17:48:40.095405+00:00,172
vehicle_positions_17_174911.parquet,OK,29577,643,False,False,,0,2026-05-17T17:49:11.016815+00:00,2026-05-17T17:49:11.016815+00:00,172
vehicle_positions_17_174942.parquet,OK,29637,645,False,False,,0,2026-05-17T17:49:41.770086+00:00,2026-05-17T17:49:41.770086+00:00,171
vehicle_positions_17_175013.parquet,OK,29760,648,False,False,,0,2026-05-17T17:50:12.549672+00:00,2026-05-17T17:50:12.549672+00:00,172
vehicle_positions_17_175043.parquet,OK,29731,647,False,False,,0,2026-05-17T17:50:43.402643+00:00,2026-05-17T17:50:43.402643+00:00,172
vehicle_positions_17_175114.parquet,OK,29679,646,False,False,,0,2026-05-17T17:51:14.254489+00:00,2026-05-17T17:51:14.254489+00:00,172
vehicle_positions_17_175145.parquet,OK,29769,647,False,False,,0,2026-05-17T17:51:45.047939+00:00,2026-05-17T17:51:45.047939+00:00,172
vehicle_positions_17_175216.parquet,OK,29744,648,False,False,,0,2026-05-17T17:52:15.807802+00:00,2026-05-17T17:52:15.807802+00:00,172
vehicle_positions_17_175247.parquet,OK,29613,647,False,False,,0,2026-05-17T17:52:46.645190+00:00,2026-05-17T17:52:46.645190+00:00,172
vehicle_positions_17_175317.parquet,OK,29611,646,False,False,,0,2026-05-17T17:53:17.465996+00:00,2026-05-17T17:53:17.465996+00:00,171
vehicle_positions_17_175348.parquet,OK,29667,648,False,False,,0,2026-05-17T17:53:48.275841+00:00,2026-05-17T17:53:48.275841+00:00,171
vehicle_positions_17_175419.parquet,OK,29629,648,False,False,,0,2026-05-17T17:54:19.009191+00:00,2026-05-17T17:54:19.009191+00:00,172
vehicle_positions_17_175450.parquet,OK,29684,647,False,False,,0,2026-05-17T17:54:49.712403+00:00,2026-05-17T17:54:49.712403+00:00,172
vehicle_positions_17_175521.parquet,OK,29657,646,False,False,,0,2026-05-17T17:55:20.571902+00:00,2026-05-17T17:55:20.571902+00:00,171
vehicle_positions_17_175551.parquet,OK,29510,643,False,False,,0,2026-05-17T17:55:51.395717+00:00,2026-05-17T17:55:51.395717+00:00,171
vehicle_positions_17_175622.parquet,OK,29543,644,False,False,,0,2026-05-17T17:56:22.269675+00:00,2026-05-17T17:56:22.269675+00:00,173
vehicle_positions_17_175653.parquet,OK,29543,645,False,False,,0,2026-05-17T17:56:53.199165+00:00,2026-05-17T17:56:53.199165+00:00,173
vehicle_positions_17_175724.parquet,OK,29598,643,False,False,,0,2026-05-17T17:57:23.919555+00:00,2026-05-17T17:57:23.919555+00:00,173
vehicle_positions_17_175755.parquet,OK,29405,640,False,False,,0,2026-05-17T17:57:54.775639+00:00,2026-05-17T17:57:54.775639+00:00,174
vehicle_positions_17_175826.parquet,OK,29344,639,False,False,,0,2026-05-17T17:58:26.256392+00:00,2026-05-17T17:58:26.256392+00:00,173
vehicle_positions_17_175857.parquet,OK,29323,638,False,False,,0,2026-05-17T17:58:57.039284+00:00,2026-05-17T17:58:57.039284+00:00,173
vehicle_positions_18_182306.parquet,OK,30470,670,False,False,,0,2026-05-17T18:23:05.233780+00:00,2026-05-17T18:23:05.233780+00:00,170
vehicle_positions_18_182337.parquet,OK,30309,670,False,False,,0,2026-05-17T18:23:37.302145+00:00,2026-05-17T18:23:37.302145+00:00,170
vehicle_positions_18_182409.parquet,OK,30290,670,False,False,,0,2026-05-17T18:24:08.100125+00:00,2026-05-17T18:24:08.100125+00:00,171
vehicle_positions_18_182440.parquet,OK,30387,669,False,False,,0,2026-05-17T18:24:39.692277+00:00,2026-05-17T18:24:39.692277+00:00,170
vehicle_positions_18_182511.parquet,OK,30440,671,False,False,,0,2026-05-17T18:25:10.469027+00:00,2026-05-17T18:25:10.469027+00:00,170
vehicle_positions_18_182541.parquet,OK,30346,671,False,False,,0,2026-05-17T18:25:41.418540+00:00,2026-05-17T18:25:41.418540+00:00,173
vehicle_positions_18_182612.parquet,OK,30324,669,False,False,,0,2026-05-17T18:26:12.259888+00:00,2026-05-17T18:26:12.259888+00:00,173
vehicle_positions_18_182643.parquet,OK,30347,670,False,False,,0,2026-05-17T18:26:43.079496+00:00,2026-05-17T18:26:43.079496+00:00,173
vehicle_positions_18_182714.parquet,OK,30354,669,False,False,,0,2026-05-17T18:27:13.963548+00:00,2026-05-17T18:27:13.963548+00:00,172
vehicle_positions_18_182745.parquet,OK,30358,669,False,False,,0,2026-05-17T18:27:44.804246+00:00,2026-05-17T18:27:44.804246+00:00,172
vehicle_positions_18_182816.parquet,OK,30458,671,False,False,,0,2026-05-17T18:28:15.565123+00:00,2026-05-17T18:28:15.565123+00:00,174
vehicle_positions_18_182847.parquet,OK,30322,670,False,False,,0,2026-05-17T18:28:46.533050+00:00,2026-05-17T18:28:46.533050+00:00,174
vehicle_positions_18_182917.parquet,OK,30416,672,False,False,,0,2026-05-17T18:29:17.454218+00:00,2026-05-17T18:29:17.454218+00:00,172
vehicle_positions_18_182948.parquet,OK,30451,676,False,False,,0,2026-05-17T18:29:48.259777+00:00,2026-05-17T18:29:48.259777+00:00,172
vehicle_positions_18_183019.parquet,OK,30612,677,False,False,,0,2026-05-17T18:30:18.977887+00:00,2026-05-17T18:30:18.977887+00:00,171
vehicle_positions_18_183050.parquet,OK,30479,679,False,False,,0,2026-05-17T18:30:49.729434+00:00,2026-05-17T18:30:49.729434+00:00,171
vehicle_positions_18_183121.parquet,OK,30531,678,False,False,,0,2026-05-17T18:31:20.643187+00:00,2026-05-17T18:31:20.643187+00:00,171
vehicle_positions_18_183151.parquet,OK,30451,676,False,False,,0,2026-05-17T18:31:51.392106+00:00,2026-05-17T18:31:51.392106+00:00,170
vehicle_positions_18_183222.parquet,OK,30495,677,False,False,,0,2026-05-17T18:32:22.224699+00:00,2026-05-17T18:32:22.224699+00:00,170
vehicle_positions_18_183253.parquet,OK,30472,677,False,False,,0,2026-05-17T18:32:53.042269+00:00,2026-05-17T18:32:53.042269+00:00,170
vehicle_positions_18_183324.parquet,OK,30538,679,False,False,,0,2026-05-17T18:33:23.890139+00:00,2026-05-17T18:33:23.890139+00:00,170
vehicle_positions_18_183355.parquet,OK,30489,679,False,False,,0,2026-05-17T18:33:54.649993+00:00,2026-05-17T18:33:54.649993+00:00,170
vehicle_positions_18_183425.parquet,OK,30536,678,False,False,,0,2026-05-17T18:34:25.486114+00:00,2026-05-17T18:34:25.486114+00:00,170
vehicle_positions_18_183456.parquet,OK,30635,680,False,False,,0,2026-05-17T18:34:56.294443+00:00,2026-05-17T18:34:56.294443+00:00,170
vehicle_positions_18_183527.parquet,OK,30486,676,False,False,,0,2026-05-17T18:35:27.069890+00:00,2026-05-17T18:35:27.069890+00:00,169
vehicle_positions_18_183558.parquet,OK,30437,678,False,False,,0,2026-05-17T18:35:57.903769+00:00,2026-05-17T18:35:57.903769+00:00,170
vehicle_positions_18_183629.parquet,OK,30475,678,False,False,,0,2026-05-17T18:36:28.721705+00:00,2026-05-17T18:36:28.721705+00:00,170
vehicle_positions_18_183700.parquet,OK,30602,681,False,False,,0,2026-05-17T18:36:59.621129+00:00,2026-05-17T18:36:59.621129+00:00,169
vehicle_positions_18_183731.parquet,OK,30654,680,False,False,,0,2026-05-17T18:37:30.379860+00:00,2026-05-17T18:37:30.379860+00:00,169
vehicle_positions_18_183802.parquet,OK,30577,678,False,False,,0,2026-05-17T18:38:01.607832+00:00,2026-05-17T18:38:01.607832+00:00,170
vehicle_positions_18_183832.parquet,OK,30576,678,False,False,,0,2026-05-17T18:38:32.391285+00:00,2026-05-17T18:38:32.391285+00:00,170
vehicle_positions_18_183903.parquet,OK,30580,678,False,False,,0,2026-05-17T18:39:03.264806+00:00,2026-05-17T18:39:03.264806+00:00,170
vehicle_positions_18_183934.parquet,OK,30485,675,False,False,,0,2026-05-17T18:39:34.145639+00:00,2026-05-17T18:39:34.145639+00:00,170
vehicle_positions_18_184005.parquet,OK,30472,676,False,False,,0,2026-05-17T18:40:04.883377+00:00,2026-05-17T18:40:04.883377+00:00,172
vehicle_positions_18_184036.parquet,OK,30568,677,False,False,,0,2026-05-17T18:40:35.712561+00:00,2026-05-17T18:40:35.712561+00:00,172
vehicle_positions_18_184107.parquet,OK,30565,678,False,False,,0,2026-05-17T18:41:06.704618+00:00,2026-05-17T18:41:06.704618+00:00,172
vehicle_positions_18_184138.parquet,OK,30563,678,False,False,,0,2026-05-17T18:41:37.520908+00:00,2026-05-17T18:41:37.520908+00:00,172
vehicle_positions_18_184208.parquet,OK,30607,675,False,False,,0,2026-05-17T18:42:08.366628+00:00,2026-05-17T18:42:08.366628+00:00,172
vehicle_positions_18_184239.parquet,OK,30485,674,False,False,,0,2026-05-17T18:42:39.151246+00:00,2026-05-17T18:42:39.151246+00:00,172
vehicle_positions_18_184310.parquet,OK,30541,676,False,False,,0,2026-05-17T18:43:10.088579+00:00,2026-05-17T18:43:10.088579+00:00,172
vehicle_positions_18_184341.parquet,OK,30554,677,False,False,,0,2026-05-17T18:43:40.888947+00:00,2026-05-17T18:43:40.888947+00:00,172
vehicle_positions_18_184412.parquet,OK,30629,678,False,False,,0,2026-05-17T18:44:11.721437+00:00,2026-05-17T18:44:11.721437+00:00,172
vehicle_positions_18_184443.parquet,OK,30640,677,False,False,,0,2026-05-17T18:44:42.645900+00:00,2026-05-17T18:44:42.645900+00:00,172
vehicle_positions_18_184514.parquet,OK,30548,677,False,False,,0,2026-05-17T18:45:13.518127+00:00,2026-05-17T18:45:13.518127+00:00,172
vehicle_positions_18_184544.parquet,OK,30727,684,False,False,,0,2026-05-17T18:45:44.282004+00:00,2026-05-17T18:45:44.282004+00:00,172
vehicle_positions_18_184615.parquet,OK,30679,684,False,False,,0,2026-05-17T18:46:15.113270+00:00,2026-05-17T18:46:15.113270+00:00,172
vehicle_positions_18_184646.parquet,OK,30671,685,False,False,,0,2026-05-17T18:46:46.156144+00:00,2026-05-17T18:46:46.156144+00:00,172
vehicle_positions_18_184717.parquet,OK,30560,685,False,False,,0,2026-05-17T18:47:16.904361+00:00,2026-05-17T18:47:16.904361+00:00,173
vehicle_positions_18_184748.parquet,OK,30711,688,False,False,,0,2026-05-17T18:47:47.629117+00:00,2026-05-17T18:47:47.629117+00:00,174
vehicle_positions_18_184819.parquet,OK,30925,690,False,False,,0,2026-05-17T18:48:18.565100+00:00,2026-05-17T18:48:18.565100+00:00,174
vehicle_positions_18_184849.parquet,OK,30943,691,False,False,,0,2026-05-17T18:48:49.387638+00:00,2026-05-17T18:48:49.387638+00:00,174
vehicle_positions_18_184920.parquet,OK,30861,689,False,False,,0,2026-05-17T18:49:20.232597+00:00,2026-05-17T18:49:20.232597+00:00,174
vehicle_positions_18_184951.parquet,OK,30836,687,False,False,,0,2026-05-17T18:49:51.006680+00:00,2026-05-17T18:49:51.006680+00:00,174
vehicle_positions_18_185022.parquet,OK,30892,689,False,False,,0,2026-05-17T18:50:21.804241+00:00,2026-05-17T18:50:21.804241+00:00,173
vehicle_positions_18_185053.parquet,OK,30967,690,False,False,,0,2026-05-17T18:50:52.602705+00:00,2026-05-17T18:50:52.602705+00:00,173
vehicle_positions_18_185123.parquet,OK,30904,690,False,False,,0,2026-05-17T18:51:23.418750+00:00,2026-05-17T18:51:23.418750+00:00,173
vehicle_positions_18_185154.parquet,OK,30911,687,False,False,,0,2026-05-17T18:51:54.192562+00:00,2026-05-17T18:51:54.192562+00:00,173
vehicle_positions_18_185225.parquet,OK,30940,690,False,False,,0,2026-05-17T18:52:24.936990+00:00,2026-05-17T18:52:24.936990+00:00,174
vehicle_positions_18_185256.parquet,OK,30855,688,False,False,,0,2026-05-17T18:52:55.852179+00:00,2026-05-17T18:52:55.852179+00:00,174
vehicle_positions_18_185327.parquet,OK,30810,687,False,False,,0,2026-05-17T18:53:26.670056+00:00,2026-05-17T18:53:26.670056+00:00,174
vehicle_positions_18_185357.parquet,OK,30923,688,False,False,,0,2026-05-17T18:53:57.460509+00:00,2026-05-17T18:53:57.460509+00:00,174
vehicle_positions_18_185428.parquet,OK,30973,689,False,False,,0,2026-05-17T18:54:28.220180+00:00,2026-05-17T18:54:28.220180+00:00,173
vehicle_positions_18_185459.parquet,OK,30888,686,False,False,,0,2026-05-17T18:54:58.985829+00:00,2026-05-17T18:54:58.985829+00:00,172
vehicle_positions_18_185530.parquet,OK,30951,687,False,False,,0,2026-05-17T18:55:29.759157+00:00,2026-05-17T18:55:29.759157+00:00,171
vehicle_positions_18_185601.parquet,OK,30901,686,False,False,,0,2026-05-17T18:56:00.734975+00:00,2026-05-17T18:56:00.734975+00:00,171
vehicle_positions_18_185632.parquet,OK,30832,685,False,False,,0,2026-05-17T18:56:31.550108+00:00,2026-05-17T18:56:31.550108+00:00,171
vehicle_positions_18_185703.parquet,OK,30874,685,False,False,,0,2026-05-17T18:57:02.633894+00:00,2026-05-17T18:57:02.633894+00:00,170
vehicle_positions_18_185733.parquet,OK,30729,683,False,False,,0,2026-05-17T18:57:33.339969+00:00,2026-05-17T18:57:33.339969+00:00,169
vehicle_positions_18_185804.parquet,OK,30704,685,False,False,,0,2026-05-17T18:58:04.073656+00:00,2026-05-17T18:58:04.073656+00:00,170
vehicle_positions_18_185835.parquet,OK,30762,685,False,False,,0,2026-05-17T18:58:34.820331+00:00,2026-05-17T18:58:34.820331+00:00,171
vehicle_positions_18_185906.parquet,OK,30878,689,False,False,,0,2026-05-17T18:59:05.636788+00:00,2026-05-17T18:59:05.636788+00:00,171
vehicle_positions_18_185936.parquet,OK,30884,685,False,False,,0,2026-05-17T18:59:36.347467+00:00,2026-05-17T18:59:36.347467+00:00,171
vehicle_positions_19_190007.parquet,OK,30808,684,False,False,,0,2026-05-17T19:00:07.158985+00:00,2026-05-17T19:00:07.158985+00:00,171
vehicle_positions_19_190038.parquet,OK,31105,693,False,False,,0,2026-05-17T19:00:38.058362+00:00,2026-05-17T19:00:38.058362+00:00,171
vehicle_positions_19_190109.parquet,OK,31144,694,False,False,,0,2026-05-17T19:01:08.978788+00:00,2026-05-17T19:01:08.978788+00:00,171
vehicle_positions_19_190140.parquet,OK,31170,693,False,False,,0,2026-05-17T19:01:39.789656+00:00,2026-05-17T19:01:39.789656+00:00,171
vehicle_positions_19_190211.parquet,OK,31019,689,False,False,,0,2026-05-17T19:02:10.758251+00:00,2026-05-17T19:02:10.758251+00:00,173
vehicle_positions_19_190242.parquet,OK,30983,691,False,False,,0,2026-05-17T19:02:41.615066+00:00,2026-05-17T19:02:41.615066+00:00,173
vehicle_positions_19_190313.parquet,OK,30957,691,False,False,,0,2026-05-17T19:03:12.442721+00:00,2026-05-17T19:03:12.442721+00:00,173
vehicle_positions_19_190343.parquet,OK,31236,695,False,False,,0,2026-05-17T19:03:43.334762+00:00,2026-05-17T19:03:43.334762+00:00,172
vehicle_positions_19_190414.parquet,OK,31517,701,False,False,,0,2026-05-17T19:04:14.103670+00:00,2026-05-17T19:04:14.103670+00:00,172
vehicle_positions_19_190445.parquet,OK,31387,701,False,False,,0,2026-05-17T19:04:44.939134+00:00,2026-05-17T19:04:44.939134+00:00,172
vehicle_positions_19_190516.parquet,OK,31298,699,False,False,,0,2026-05-17T19:05:15.782611+00:00,2026-05-17T19:05:15.782611+00:00,172
vehicle_positions_19_190547.parquet,OK,31376,700,False,False,,0,2026-05-17T19:05:46.783703+00:00,2026-05-17T19:05:46.783703+00:00,173
vehicle_positions_19_190618.parquet,OK,31422,701,False,False,,0,2026-05-17T19:06:17.666824+00:00,2026-05-17T19:06:17.666824+00:00,172
vehicle_positions_19_190649.parquet,OK,31373,701,False,False,,0,2026-05-17T19:06:48.535352+00:00,2026-05-17T19:06:48.535352+00:00,172
vehicle_positions_19_190720.parquet,OK,31423,702,False,False,,0,2026-05-17T19:07:19.625639+00:00,2026-05-17T19:07:19.625639+00:00,173
vehicle_positions_19_190750.parquet,OK,31456,701,False,False,,0,2026-05-17T19:07:50.493130+00:00,2026-05-17T19:07:50.493130+00:00,174
vehicle_positions_19_190821.parquet,OK,31324,699,False,False,,0,2026-05-17T19:08:21.318475+00:00,2026-05-17T19:08:21.318475+00:00,173
vehicle_positions_19_190852.parquet,OK,31504,701,False,False,,0,2026-05-17T19:08:52.051452+00:00,2026-05-17T19:08:52.051452+00:00,173
vehicle_positions_19_190923.parquet,OK,31276,698,False,False,,0,2026-05-17T19:09:22.882008+00:00,2026-05-17T19:09:22.882008+00:00,172
vehicle_positions_19_190954.parquet,OK,31328,699,False,False,,0,2026-05-17T19:09:53.667547+00:00,2026-05-17T19:09:53.667547+00:00,172
vehicle_positions_19_191024.parquet,OK,31401,699,False,False,,0,2026-05-17T19:10:24.447427+00:00,2026-05-17T19:10:24.447427+00:00,172
vehicle_positions_19_191055.parquet,OK,31267,697,False,False,,0,2026-05-17T19:10:55.258722+00:00,2026-05-17T19:10:55.258722+00:00,171
vehicle_positions_19_191126.parquet,OK,30928,693,False,False,,0,2026-05-17T19:11:26.141582+00:00,2026-05-17T19:11:26.141582+00:00,171
vehicle_positions_19_191157.parquet,OK,31046,693,False,False,,0,2026-05-17T19:11:56.903011+00:00,2026-05-17T19:11:56.903011+00:00,171
vehicle_positions_19_191228.parquet,OK,30942,692,False,False,,0,2026-05-17T19:12:27.941189+00:00,2026-05-17T19:12:27.941189+00:00,170
vehicle_positions_19_191259.parquet,OK,30863,691,False,False,,0,2026-05-17T19:12:58.673036+00:00,2026-05-17T19:12:58.673036+00:00,170
vehicle_positions_19_191329.parquet,OK,30883,689,False,False,,0,2026-05-17T19:13:29.454820+00:00,2026-05-17T19:13:29.454820+00:00,169
vehicle_positions_19_191400.parquet,OK,31008,691,False,False,,0,2026-05-17T19:14:00.266770+00:00,2026-05-17T19:14:00.266770+00:00,169
vehicle_positions_19_191431.parquet,OK,31023,693,False,False,,0,2026-05-17T19:14:31.011051+00:00,2026-05-17T19:14:31.011051+00:00,170
vehicle_positions_19_191502.parquet,OK,31072,696,False,False,,0,2026-05-17T19:15:01.801243+00:00,2026-05-17T19:15:01.801243+00:00,170
vehicle_positions_19_191533.parquet,OK,31276,701,False,False,,0,2026-05-17T19:15:32.900901+00:00,2026-05-17T19:15:32.900901+00:00,169
vehicle_positions_19_191604.parquet,OK,31344,703,False,False,,0,2026-05-17T19:16:03.603046+00:00,2026-05-17T19:16:03.603046+00:00,169
vehicle_positions_19_191634.parquet,OK,31430,705,False,False,,0,2026-05-17T19:16:34.328193+00:00,2026-05-17T19:16:34.328193+00:00,170
vehicle_positions_19_191705.parquet,OK,31306,704,False,False,,0,2026-05-17T19:17:05.110223+00:00,2026-05-17T19:17:05.110223+00:00,170
vehicle_positions_19_191736.parquet,OK,31290,703,False,False,,0,2026-05-17T19:17:35.866567+00:00,2026-05-17T19:17:35.866567+00:00,170
vehicle_positions_19_191807.parquet,OK,31475,707,False,False,,0,2026-05-17T19:18:06.628386+00:00,2026-05-17T19:18:06.628386+00:00,170
vehicle_positions_19_191837.parquet,OK,31453,707,False,False,,0,2026-05-17T19:18:37.299805+00:00,2026-05-17T19:18:37.299805+00:00,170
vehicle_positions_19_191908.parquet,OK,31465,707,False,False,,0,2026-05-17T19:19:08.139612+00:00,2026-05-17T19:19:08.139612+00:00,169
vehicle_positions_19_191939.parquet,OK,31544,709,False,False,,0,2026-05-17T19:19:38.873650+00:00,2026-05-17T19:19:38.873650+00:00,169
vehicle_positions_19_192010.parquet,OK,31615,712,False,False,,0,2026-05-17T19:20:09.685369+00:00,2026-05-17T19:20:09.685369+00:00,169
vehicle_positions_19_192040.parquet,OK,31569,713,False,False,,0,2026-05-17T19:20:40.404416+00:00,2026-05-17T19:20:40.404416+00:00,169
vehicle_positions_19_192111.parquet,OK,31652,716,False,False,,0,2026-05-17T19:21:11.145116+00:00,2026-05-17T19:21:11.145116+00:00,169
vehicle_positions_19_192142.parquet,OK,31629,716,False,False,,0,2026-05-17T19:21:41.906349+00:00,2026-05-17T19:21:41.906349+00:00,169
vehicle_positions_19_192213.parquet,OK,31797,717,False,False,,0,2026-05-17T19:22:12.945845+00:00,2026-05-17T19:22:12.945845+00:00,171
vehicle_positions_19_192244.parquet,OK,31791,717,False,False,,0,2026-05-17T19:22:43.692871+00:00,2026-05-17T19:22:43.692871+00:00,172
vehicle_positions_19_192315.parquet,OK,31827,720,False,False,,0,2026-05-17T19:23:14.853921+00:00,2026-05-17T19:23:14.853921+00:00,172
vehicle_positions_19_192346.parquet,OK,31888,719,False,False,,0,2026-05-17T19:23:45.671257+00:00,2026-05-17T19:23:45.671257+00:00,172
vehicle_positions_19_194749.parquet,OK,31714,714,False,False,,0,2026-05-17T19:47:48.461469+00:00,2026-05-17T19:47:48.461469+00:00,171
vehicle_positions_19_194821.parquet,OK,31722,715,False,False,,0,2026-05-17T19:48:19.938136+00:00,2026-05-17T19:48:19.938136+00:00,171
vehicle_positions_19_194852.parquet,OK,31834,718,False,False,,0,2026-05-17T19:48:52.437255+00:00,2026-05-17T19:48:52.437255+00:00,171
vehicle_positions_19_194923.parquet,OK,31728,719,False,False,,0,2026-05-17T19:49:23.207685+00:00,2026-05-17T19:49:23.207685+00:00,172
vehicle_positions_19_194954.parquet,OK,31906,719,False,False,,0,2026-05-17T19:49:53.939671+00:00,2026-05-17T19:49:53.939671+00:00,172
vehicle_positions_19_195025.parquet,OK,31863,720,False,False,,0,2026-05-17T19:50:24.679352+00:00,2026-05-17T19:50:24.679352+00:00,173
vehicle_positions_19_195056.parquet,OK,31781,718,False,False,,0,2026-05-17T19:50:55.635979+00:00,2026-05-17T19:50:55.635979+00:00,173
vehicle_positions_19_195127.parquet,OK,31811,720,False,False,,0,2026-05-17T19:51:26.485243+00:00,2026-05-17T19:51:26.485243+00:00,173
vehicle_positions_19_195157.parquet,OK,31806,720,False,False,,0,2026-05-17T19:51:57.408536+00:00,2026-05-17T19:51:57.408536+00:00,174
vehicle_positions_19_195228.parquet,OK,31943,720,False,False,,0,2026-05-17T19:52:28.143354+00:00,2026-05-17T19:52:28.143354+00:00,174
vehicle_positions_19_195300.parquet,OK,31920,719,False,False,,0,2026-05-17T19:52:59.456832+00:00,2026-05-17T19:52:59.456832+00:00,173
vehicle_positions_19_195331.parquet,OK,31791,718,False,False,,0,2026-05-17T19:53:30.347971+00:00,2026-05-17T19:53:30.347971+00:00,171
vehicle_positions_19_195402.parquet,OK,31929,719,False,False,,0,2026-05-17T19:54:01.650213+00:00,2026-05-17T19:54:01.650213+00:00,172
vehicle_positions_19_195433.parquet,OK,31932,720,False,False,,0,2026-05-17T19:54:32.612257+00:00,2026-05-17T19:54:32.612257+00:00,171
vehicle_positions_19_195503.parquet,OK,31959,720,False,False,,0,2026-05-17T19:55:03.389131+00:00,2026-05-17T19:55:03.389131+00:00,171
vehicle_positions_19_195534.parquet,OK,31866,719,False,False,,0,2026-05-17T19:55:34.217798+00:00,2026-05-17T19:55:34.217798+00:00,170
vehicle_positions_19_195605.parquet,OK,31831,716,False,False,,0,2026-05-17T19:56:05.020513+00:00,2026-05-17T19:56:05.020513+00:00,170
vehicle_positions_19_195636.parquet,OK,31767,717,False,False,,0,2026-05-17T19:56:35.958317+00:00,2026-05-17T19:56:35.958317+00:00,170
vehicle_positions_19_195707.parquet,OK,31861,718,False,False,,0,2026-05-17T19:57:06.970889+00:00,2026-05-17T19:57:06.970889+00:00,170
vehicle_positions_19_195738.parquet,OK,32034,720,False,False,,0,2026-05-17T19:57:37.716892+00:00,2026-05-17T19:57:37.716892+00:00,170
vehicle_positions_19_195809.parquet,OK,32079,723,False,False,,0,2026-05-17T19:58:08.604393+00:00,2026-05-17T19:58:08.604393+00:00,170
vehicle_positions_19_195839.parquet,OK,32062,724,False,False,,0,2026-05-17T19:58:39.489636+00:00,2026-05-17T19:58:39.489636+00:00,170
vehicle_positions_19_195910.parquet,OK,32146,724,False,False,,0,2026-05-17T19:59:10.289398+00:00,2026-05-17T19:59:10.289398+00:00,170
vehicle_positions_19_195941.parquet,OK,32028,722,False,False,,0,2026-05-17T19:59:41.102805+00:00,2026-05-17T19:59:41.102805+00:00,170
vehicle_positions_20_200012.parquet,OK,32104,725,False,False,,0,2026-05-17T20:00:11.866059+00:00,2026-05-17T20:00:11.866059+00:00,171
vehicle_positions_20_200043.parquet,OK,32163,732,False,False,,0,2026-05-17T20:00:42.734067+00:00,2026-05-17T20:00:42.734067+00:00,171
vehicle_positions_20_200114.parquet,OK,32167,730,False,False,,0,2026-05-17T20:01:13.589408+00:00,2026-05-17T20:01:13.589408+00:00,171
vehicle_positions_20_200144.parquet,OK,32230,732,False,False,,0,2026-05-17T20:01:44.423620+00:00,2026-05-17T20:01:44.423620+00:00,171
vehicle_positions_20_200217.parquet,OK,32284,733,False,False,,0,2026-05-17T20:02:17.171461+00:00,2026-05-17T20:02:17.171461+00:00,171
vehicle_positions_20_200248.parquet,OK,32331,734,False,False,,0,2026-05-17T20:02:48.114807+00:00,2026-05-17T20:02:48.114807+00:00,171
vehicle_positions_20_200319.parquet,OK,32387,736,False,False,,0,2026-05-17T20:03:18.889730+00:00,2026-05-17T20:03:18.889730+00:00,172
vehicle_positions_20_200350.parquet,OK,32456,737,False,False,,0,2026-05-17T20:03:49.674585+00:00,2026-05-17T20:03:49.674585+00:00,171
vehicle_positions_20_200420.parquet,OK,32360,736,False,False,,0,2026-05-17T20:04:20.417341+00:00,2026-05-17T20:04:20.417341+00:00,171
vehicle_positions_20_200451.parquet,OK,32302,735,False,False,,0,2026-05-17T20:04:51.379398+00:00,2026-05-17T20:04:51.379398+00:00,171
vehicle_positions_20_200522.parquet,OK,32225,733,False,False,,0,2026-05-17T20:05:22.176618+00:00,2026-05-17T20:05:22.176618+00:00,171
vehicle_positions_20_200553.parquet,OK,32339,735,False,False,,0,2026-05-17T20:05:52.979540+00:00,2026-05-17T20:05:52.979540+00:00,170
vehicle_positions_20_200624.parquet,OK,32295,736,False,False,,0,2026-05-17T20:06:23.731060+00:00,2026-05-17T20:06:23.731060+00:00,170
vehicle_positions_20_200655.parquet,OK,32297,736,False,False,,0,2026-05-17T20:06:54.673110+00:00,2026-05-17T20:06:54.673110+00:00,171
vehicle_positions_20_200726.parquet,OK,32250,733,False,False,,0,2026-05-17T20:07:25.513247+00:00,2026-05-17T20:07:25.513247+00:00,172
vehicle_positions_20_200756.parquet,OK,32334,735,False,False,,0,2026-05-17T20:07:56.293188+00:00,2026-05-17T20:07:56.293188+00:00,172
vehicle_positions_20_200827.parquet,OK,32219,734,False,False,,0,2026-05-17T20:08:27.002564+00:00,2026-05-17T20:08:27.002564+00:00,172
vehicle_positions_20_200858.parquet,OK,32343,736,False,False,,0,2026-05-17T20:08:57.942656+00:00,2026-05-17T20:08:57.942656+00:00,172
vehicle_positions_20_200929.parquet,OK,32470,736,False,False,,0,2026-05-17T20:09:28.778467+00:00,2026-05-17T20:09:28.778467+00:00,171
vehicle_positions_20_201000.parquet,OK,32381,736,False,False,,0,2026-05-17T20:09:59.591654+00:00,2026-05-17T20:09:59.591654+00:00,171
vehicle_positions_20_201030.parquet,OK,32452,737,False,False,,0,2026-05-17T20:10:30.357981+00:00,2026-05-17T20:10:30.357981+00:00,171
vehicle_positions_20_201101.parquet,OK,32254,734,False,False,,0,2026-05-17T20:11:01.192111+00:00,2026-05-17T20:11:01.192111+00:00,170
vehicle_positions_20_201132.parquet,OK,32389,736,False,False,,0,2026-05-17T20:11:32.290157+00:00,2026-05-17T20:11:32.290157+00:00,170
vehicle_positions_20_201203.parquet,OK,32505,737,False,False,,0,2026-05-17T20:12:03.070665+00:00,2026-05-17T20:12:03.070665+00:00,170
vehicle_positions_20_201234.parquet,OK,32522,737,False,False,,0,2026-05-17T20:12:33.905694+00:00,2026-05-17T20:12:33.905694+00:00,171
vehicle_positions_20_201305.parquet,OK,32554,738,False,False,,0,2026-05-17T20:13:04.751695+00:00,2026-05-17T20:13:04.751695+00:00,171
vehicle_positions_20_201336.parquet,OK,32483,740,False,False,,0,2026-05-17T20:13:35.541757+00:00,2026-05-17T20:13:35.541757+00:00,172
vehicle_positions_20_201406.parquet,OK,32555,740,False,False,,0,2026-05-17T20:14:06.434147+00:00,2026-05-17T20:14:06.434147+00:00,172
vehicle_positions_20_201437.parquet,OK,32580,739,False,False,,0,2026-05-17T20:14:37.262850+00:00,2026-05-17T20:14:37.262850+00:00,172
vehicle_positions_20_201508.parquet,OK,32560,740,False,False,,0,2026-05-17T20:15:08.078788+00:00,2026-05-17T20:15:08.078788+00:00,173
vehicle_positions_20_201539.parquet,OK,32553,741,False,False,,0,2026-05-17T20:15:38.840682+00:00,2026-05-17T20:15:38.840682+00:00,173
vehicle_positions_20_201610.parquet,OK,32573,741,False,False,,0,2026-05-17T20:16:09.731794+00:00,2026-05-17T20:16:09.731794+00:00,172
vehicle_positions_20_201640.parquet,OK,32496,741,False,False,,0,2026-05-17T20:16:40.490174+00:00,2026-05-17T20:16:40.490174+00:00,171
vehicle_positions_20_201711.parquet,OK,32653,743,False,False,,0,2026-05-17T20:17:11.351004+00:00,2026-05-17T20:17:11.351004+00:00,171
vehicle_positions_20_201742.parquet,OK,32595,744,False,False,,0,2026-05-17T20:17:42.206392+00:00,2026-05-17T20:17:42.206392+00:00,172
vehicle_positions_20_201813.parquet,OK,32712,745,False,False,,0,2026-05-17T20:18:12.961330+00:00,2026-05-17T20:18:12.961330+00:00,172
vehicle_positions_20_201844.parquet,OK,32663,743,False,False,,0,2026-05-17T20:18:43.838018+00:00,2026-05-17T20:18:43.838018+00:00,172
vehicle_positions_20_201915.parquet,OK,32532,743,False,False,,0,2026-05-17T20:19:14.680856+00:00,2026-05-17T20:19:14.680856+00:00,172
vehicle_positions_20_201946.parquet,OK,32539,744,False,False,,0,2026-05-17T20:19:45.502326+00:00,2026-05-17T20:19:45.502326+00:00,171
vehicle_positions_20_202017.parquet,OK,32595,744,False,False,,0,2026-05-17T20:20:16.739292+00:00,2026-05-17T20:20:16.739292+00:00,170
vehicle_positions_20_202048.parquet,OK,32641,744,False,False,,0,2026-05-17T20:20:47.524313+00:00,2026-05-17T20:20:47.524313+00:00,169
vehicle_positions_20_202118.parquet,OK,32550,743,False,False,,0,2026-05-17T20:21:18.385795+00:00,2026-05-17T20:21:18.385795+00:00,169
vehicle_positions_20_202149.parquet,OK,32600,744,False,False,,0,2026-05-17T20:21:49.244941+00:00,2026-05-17T20:21:49.244941+00:00,169
vehicle_positions_20_202220.parquet,OK,32648,744,False,False,,0,2026-05-17T20:22:19.988080+00:00,2026-05-17T20:22:19.988080+00:00,169
vehicle_positions_20_202251.parquet,OK,32518,743,False,False,,0,2026-05-17T20:22:50.764486+00:00,2026-05-17T20:22:50.764486+00:00,170
vehicle_positions_20_202322.parquet,OK,32613,741,False,False,,0,2026-05-17T20:23:21.548347+00:00,2026-05-17T20:23:21.548347+00:00,170
vehicle_positions_20_202352.parquet,OK,32555,741,False,False,,0,2026-05-17T20:23:52.409667+00:00,2026-05-17T20:23:52.409667+00:00,171
vehicle_positions_20_202423.parquet,OK,32506,741,False,False,,0,2026-05-17T20:24:23.253982+00:00,2026-05-17T20:24:23.253982+00:00,171
vehicle_positions_20_202454.parquet,OK,32520,741,False,False,,0,2026-05-17T20:24:54.100257+00:00,2026-05-17T20:24:54.100257+00:00,171
vehicle_positions_20_202525.parquet,OK,32553,743,False,False,,0,2026-05-17T20:25:25.040946+00:00,2026-05-17T20:25:25.040946+00:00,171
vehicle_positions_20_202556.parquet,OK,32618,744,False,False,,0,2026-05-17T20:25:55.919941+00:00,2026-05-17T20:25:55.919941+00:00,171
vehicle_positions_20_202628.parquet,OK,32542,744,False,False,,0,2026-05-17T20:26:26.924155+00:00,2026-05-17T20:26:26.924155+00:00,170
vehicle_positions_20_202700.parquet,OK,32520,741,False,False,,0,2026-05-17T20:26:59.393835+00:00,2026-05-17T20:26:59.393835+00:00,170
vehicle_positions_20_202731.parquet,OK,32583,740,False,False,,0,2026-05-17T20:27:30.421821+00:00,2026-05-17T20:27:30.421821+00:00,170
vehicle_positions_20_202802.parquet,OK,32579,742,False,False,,0,2026-05-17T20:28:01.502566+00:00,2026-05-17T20:28:01.502566+00:00,171
vehicle_positions_20_202833.parquet,OK,32580,741,False,False,,0,2026-05-17T20:28:32.721707+00:00,2026-05-17T20:28:32.721707+00:00,171
vehicle_positions_20_202904.parquet,OK,32559,742,False,False,,0,2026-05-17T20:29:03.511866+00:00,2026-05-17T20:29:03.511866+00:00,171
vehicle_positions_20_202934.parquet,OK,32657,744,False,False,,0,2026-05-17T20:29:34.326059+00:00,2026-05-17T20:29:34.326059+00:00,172
vehicle_positions_20_203005.parquet,OK,32804,745,False,False,,0,2026-05-17T20:30:05.230957+00:00,2026-05-17T20:30:05.230957+00:00,171
vehicle_positions_20_203036.parquet,OK,32691,746,False,False,,0,2026-05-17T20:30:35.973988+00:00,2026-05-17T20:30:35.973988+00:00,171
vehicle_positions_20_203107.parquet,OK,32705,747,False,False,,0,2026-05-17T20:31:06.902537+00:00,2026-05-17T20:31:06.902537+00:00,170
vehicle_positions_20_203138.parquet,OK,32574,745,False,False,,0,2026-05-17T20:31:37.837764+00:00,2026-05-17T20:31:37.837764+00:00,168
vehicle_positions_20_203209.parquet,OK,32475,743,False,False,,0,2026-05-17T20:32:08.679797+00:00,2026-05-17T20:32:08.679797+00:00,169
vehicle_positions_20_203239.parquet,OK,32467,741,False,False,,0,2026-05-17T20:32:39.501061+00:00,2026-05-17T20:32:39.501061+00:00,169
vehicle_positions_20_203310.parquet,OK,32513,743,False,False,,0,2026-05-17T20:33:10.242819+00:00,2026-05-17T20:33:10.242819+00:00,169
vehicle_positions_20_203341.parquet,OK,32839,747,False,False,,0,2026-05-17T20:33:41.145163+00:00,2026-05-17T20:33:41.145163+00:00,169
vehicle_positions_20_203911.parquet,OK,32660,742,False,False,,0,2026-05-17T20:39:09.956380+00:00,2026-05-17T20:39:09.956380+00:00,171
vehicle_positions_20_203942.parquet,OK,32467,740,False,False,,0,2026-05-17T20:39:42.098231+00:00,2026-05-17T20:39:42.098231+00:00,171
vehicle_positions_20_204013.parquet,OK,32373,738,False,False,,0,2026-05-17T20:40:12.924077+00:00,2026-05-17T20:40:12.924077+00:00,171
vehicle_positions_20_204044.parquet,OK,32339,738,False,False,,0,2026-05-17T20:40:43.839058+00:00,2026-05-17T20:40:43.839058+00:00,172
vehicle_positions_20_204115.parquet,OK,32435,740,False,False,,0,2026-05-17T20:41:14.628617+00:00,2026-05-17T20:41:14.628617+00:00,172
vehicle_positions_20_204145.parquet,OK,32269,736,False,False,,0,2026-05-17T20:41:45.428518+00:00,2026-05-17T20:41:45.428518+00:00,172
vehicle_positions_20_204216.parquet,OK,32510,738,False,False,,0,2026-05-17T20:42:16.267497+00:00,2026-05-17T20:42:16.267497+00:00,172
vehicle_positions_20_204247.parquet,OK,32324,735,False,False,,0,2026-05-17T20:42:47.121656+00:00,2026-05-17T20:42:47.121656+00:00,172
vehicle_positions_20_204318.parquet,OK,32334,734,False,False,,0,2026-05-17T20:43:17.890309+00:00,2026-05-17T20:43:17.890309+00:00,172
vehicle_positions_20_204349.parquet,OK,32354,735,False,False,,0,2026-05-17T20:43:48.603603+00:00,2026-05-17T20:43:48.603603+00:00,172
vehicle_positions_20_204419.parquet,OK,32529,737,False,False,,0,2026-05-17T20:44:19.334941+00:00,2026-05-17T20:44:19.334941+00:00,171
vehicle_positions_20_204450.parquet,OK,32521,739,False,False,,0,2026-05-17T20:44:50.165828+00:00,2026-05-17T20:44:50.165828+00:00,171
vehicle_positions_20_204521.parquet,OK,32477,740,False,False,,0,2026-05-17T20:45:20.953917+00:00,2026-05-17T20:45:20.953917+00:00,171
vehicle_positions_20_204552.parquet,OK,32436,739,False,False,,0,2026-05-17T20:45:51.736553+00:00,2026-05-17T20:45:51.736553+00:00,170
vehicle_positions_20_204623.parquet,OK,32562,740,False,False,,0,2026-05-17T20:46:22.549299+00:00,2026-05-17T20:46:22.549299+00:00,171
vehicle_positions_20_204653.parquet,OK,32644,739,False,False,,0,2026-05-17T20:46:53.428140+00:00,2026-05-17T20:46:53.428140+00:00,171
vehicle_positions_20_204724.parquet,OK,32693,742,False,False,,0,2026-05-17T20:47:24.284818+00:00,2026-05-17T20:47:24.284818+00:00,172
vehicle_positions_20_204755.parquet,OK,32734,743,False,False,,0,2026-05-17T20:47:55.067993+00:00,2026-05-17T20:47:55.067993+00:00,172
vehicle_positions_20_204826.parquet,OK,32833,743,False,False,,0,2026-05-17T20:48:25.806495+00:00,2026-05-17T20:48:25.806495+00:00,172
vehicle_positions_20_204857.parquet,OK,32831,745,False,False,,0,2026-05-17T20:48:56.626075+00:00,2026-05-17T20:48:56.626075+00:00,172
vehicle_positions_20_204927.parquet,OK,32820,746,False,False,,0,2026-05-17T20:49:27.352786+00:00,2026-05-17T20:49:27.352786+00:00,172
vehicle_positions_20_204958.parquet,OK,32750,745,False,False,,0,2026-05-17T20:49:58.106230+00:00,2026-05-17T20:49:58.106230+00:00,172
vehicle_positions_20_205029.parquet,OK,32821,746,False,False,,0,2026-05-17T20:50:28.838593+00:00,2026-05-17T20:50:28.838593+00:00,172
vehicle_positions_20_205100.parquet,OK,32840,746,False,False,,0,2026-05-17T20:50:59.742153+00:00,2026-05-17T20:50:59.742153+00:00,172
vehicle_positions_20_205131.parquet,OK,32803,746,False,False,,0,2026-05-17T20:51:30.522266+00:00,2026-05-17T20:51:30.522266+00:00,172
vehicle_positions_20_205202.parquet,OK,32674,743,False,False,,0,2026-05-17T20:52:01.588304+00:00,2026-05-17T20:52:01.588304+00:00,172
vehicle_positions_20_205232.parquet,OK,32603,742,False,False,,0,2026-05-17T20:52:32.327844+00:00,2026-05-17T20:52:32.327844+00:00,172
vehicle_positions_20_205303.parquet,OK,32555,739,False,False,,0,2026-05-17T20:53:03.144551+00:00,2026-05-17T20:53:03.144551+00:00,172
vehicle_positions_20_205334.parquet,OK,32553,738,False,False,,0,2026-05-17T20:53:33.924498+00:00,2026-05-17T20:53:33.924498+00:00,172
vehicle_positions_20_205405.parquet,OK,32442,737,False,False,,0,2026-05-17T20:54:05.341927+00:00,2026-05-17T20:54:05.341927+00:00,172
vehicle_positions_20_205436.parquet,OK,32372,735,False,False,,0,2026-05-17T20:54:36.136193+00:00,2026-05-17T20:54:36.136193+00:00,172
vehicle_positions_20_205507.parquet,OK,32523,738,False,False,,0,2026-05-17T20:55:06.896808+00:00,2026-05-17T20:55:06.896808+00:00,172
vehicle_positions_20_205538.parquet,OK,32456,737,False,False,,0,2026-05-17T20:55:37.692659+00:00,2026-05-17T20:55:37.692659+00:00,173
vehicle_positions_20_205608.parquet,OK,32542,738,False,False,,0,2026-05-17T20:56:08.402448+00:00,2026-05-17T20:56:08.402448+00:00,173
vehicle_positions_20_205640.parquet,OK,32584,738,False,False,,0,2026-05-17T20:56:39.381564+00:00,2026-05-17T20:56:39.381564+00:00,173
vehicle_positions_20_205710.parquet,OK,32538,739,False,False,,0,2026-05-17T20:57:10.282253+00:00,2026-05-17T20:57:10.282253+00:00,173
vehicle_positions_20_205741.parquet,OK,32635,739,False,False,,0,2026-05-17T20:57:41.043773+00:00,2026-05-17T20:57:41.043773+00:00,173
vehicle_positions_20_205812.parquet,OK,32667,739,False,False,,0,2026-05-17T20:58:11.823003+00:00,2026-05-17T20:58:11.823003+00:00,171
vehicle_positions_20_205843.parquet,OK,32778,742,False,False,,0,2026-05-17T20:58:42.735447+00:00,2026-05-17T20:58:42.735447+00:00,172
vehicle_positions_20_205913.parquet,OK,32799,745,False,False,,0,2026-05-17T20:59:13.520215+00:00,2026-05-17T20:59:13.520215+00:00,173
vehicle_positions_20_205944.parquet,OK,32761,744,False,False,,0,2026-05-17T20:59:44.228325+00:00,2026-05-17T20:59:44.228325+00:00,173
vehicle_positions_21_210015.parquet,OK,32835,747,False,False,,0,2026-05-17T21:00:15.117064+00:00,2026-05-17T21:00:15.117064+00:00,173
vehicle_positions_21_210046.parquet,OK,32934,752,False,False,,0,2026-05-17T21:00:45.973959+00:00,2026-05-17T21:00:45.973959+00:00,173
vehicle_positions_21_210117.parquet,OK,32960,752,False,False,,0,2026-05-17T21:01:16.845486+00:00,2026-05-17T21:01:16.845486+00:00,172
vehicle_positions_21_210148.parquet,OK,33096,756,False,False,,0,2026-05-17T21:01:48.101014+00:00,2026-05-17T21:01:48.101014+00:00,172
vehicle_positions_21_210219.parquet,OK,33113,758,False,False,,0,2026-05-17T21:02:18.936111+00:00,2026-05-17T21:02:18.936111+00:00,172
vehicle_positions_21_210250.parquet,OK,33260,760,False,False,,0,2026-05-17T21:02:49.711641+00:00,2026-05-17T21:02:49.711641+00:00,172
vehicle_positions_21_210321.parquet,OK,33087,756,False,False,,0,2026-05-17T21:03:20.747807+00:00,2026-05-17T21:03:20.747807+00:00,172
vehicle_positions_21_210352.parquet,OK,33111,756,False,False,,0,2026-05-17T21:03:51.525524+00:00,2026-05-17T21:03:51.525524+00:00,172
vehicle_positions_21_210422.parquet,OK,33188,760,False,False,,0,2026-05-17T21:04:22.294247+00:00,2026-05-17T21:04:22.294247+00:00,172
vehicle_positions_21_210453.parquet,OK,33325,761,False,False,,0,2026-05-17T21:04:53.286074+00:00,2026-05-17T21:04:53.286074+00:00,174
vehicle_positions_21_210524.parquet,OK,33292,760,False,False,,0,2026-05-17T21:05:24.076815+00:00,2026-05-17T21:05:24.076815+00:00,174
vehicle_positions_21_210555.parquet,OK,33217,759,False,False,,0,2026-05-17T21:05:54.776661+00:00,2026-05-17T21:05:54.776661+00:00,173
vehicle_positions_21_210626.parquet,OK,33230,758,False,False,,0,2026-05-17T21:06:25.511835+00:00,2026-05-17T21:06:25.511835+00:00,173
vehicle_positions_21_210656.parquet,OK,33069,755,False,False,,0,2026-05-17T21:06:56.257045+00:00,2026-05-17T21:06:56.257045+00:00,173
vehicle_positions_21_210727.parquet,OK,33088,755,False,False,,0,2026-05-17T21:07:27.036275+00:00,2026-05-17T21:07:27.036275+00:00,173
vehicle_positions_21_210758.parquet,OK,33138,756,False,False,,0,2026-05-17T21:07:57.778388+00:00,2026-05-17T21:07:57.778388+00:00,173
vehicle_positions_21_210829.parquet,OK,33228,757,False,False,,0,2026-05-17T21:08:28.611170+00:00,2026-05-17T21:08:28.611170+00:00,172
vehicle_positions_21_210859.parquet,OK,33232,756,False,False,,0,2026-05-17T21:08:59.367799+00:00,2026-05-17T21:08:59.367799+00:00,171
vehicle_positions_21_210930.parquet,OK,33191,756,False,False,,0,2026-05-17T21:09:30.100205+00:00,2026-05-17T21:09:30.100205+00:00,171
vehicle_positions_21_211001.parquet,OK,33247,755,False,False,,0,2026-05-17T21:10:01.040896+00:00,2026-05-17T21:10:01.040896+00:00,171
vehicle_positions_21_211032.parquet,OK,33170,753,False,False,,0,2026-05-17T21:10:31.891237+00:00,2026-05-17T21:10:31.891237+00:00,171
vehicle_positions_21_211103.parquet,OK,33106,753,False,False,,0,2026-05-17T21:11:02.925107+00:00,2026-05-17T21:11:02.925107+00:00,171
vehicle_positions_21_211134.parquet,OK,33122,754,False,False,,0,2026-05-17T21:11:33.819777+00:00,2026-05-17T21:11:33.819777+00:00,171
vehicle_positions_21_211205.parquet,OK,33055,753,False,False,,0,2026-05-17T21:12:04.780769+00:00,2026-05-17T21:12:04.780769+00:00,172
vehicle_positions_21_211236.parquet,OK,32857,752,False,False,,0,2026-05-17T21:12:35.538225+00:00,2026-05-17T21:12:35.538225+00:00,172
vehicle_positions_21_211306.parquet,OK,32691,749,False,False,,0,2026-05-17T21:13:06.309133+00:00,2026-05-17T21:13:06.309133+00:00,172
vehicle_positions_21_211337.parquet,OK,32750,748,False,False,,0,2026-05-17T21:13:37.060093+00:00,2026-05-17T21:13:37.060093+00:00,171
vehicle_positions_21_211408.parquet,OK,32786,748,False,False,,0,2026-05-17T21:14:07.894234+00:00,2026-05-17T21:14:07.894234+00:00,171
vehicle_positions_21_211439.parquet,OK,32653,745,False,False,,0,2026-05-17T21:14:38.764210+00:00,2026-05-17T21:14:38.764210+00:00,169
vehicle_positions_21_211510.parquet,OK,32680,749,False,False,,0,2026-05-17T21:15:09.651251+00:00,2026-05-17T21:15:09.651251+00:00,169
vehicle_positions_21_211540.parquet,OK,32925,754,False,False,,0,2026-05-17T21:15:40.449040+00:00,2026-05-17T21:15:40.449040+00:00,169
vehicle_positions_21_211613.parquet,OK,32966,757,False,False,,0,2026-05-17T21:16:12.619999+00:00,2026-05-17T21:16:12.619999+00:00,169
vehicle_positions_21_211646.parquet,OK,32971,756,False,False,,0,2026-05-17T21:16:45.520547+00:00,2026-05-17T21:16:45.520547+00:00,170
vehicle_positions_21_211717.parquet,OK,32920,757,False,False,,0,2026-05-17T21:17:16.521784+00:00,2026-05-17T21:17:16.521784+00:00,169
vehicle_positions_21_211747.parquet,OK,33099,758,False,False,,0,2026-05-17T21:17:47.355046+00:00,2026-05-17T21:17:47.355046+00:00,169
vehicle_positions_21_211818.parquet,OK,33049,761,False,False,,0,2026-05-17T21:18:18.189650+00:00,2026-05-17T21:18:18.189650+00:00,170
vehicle_positions_21_211849.parquet,OK,33009,760,False,False,,0,2026-05-17T21:18:48.917738+00:00,2026-05-17T21:18:48.917738+00:00,169
vehicle_positions_21_211920.parquet,OK,32965,759,False,False,,0,2026-05-17T21:19:19.753751+00:00,2026-05-17T21:19:19.753751+00:00,168
vehicle_positions_21_211951.parquet,OK,32899,756,False,False,,0,2026-05-17T21:19:50.614760+00:00,2026-05-17T21:19:50.614760+00:00,167
vehicle_positions_21_212022.parquet,OK,33031,758,False,False,,0,2026-05-17T21:20:21.530925+00:00,2026-05-17T21:20:21.530925+00:00,167
vehicle_positions_21_212053.parquet,OK,33136,760,False,False,,0,2026-05-17T21:20:52.986410+00:00,2026-05-17T21:20:52.986410+00:00,168
vehicle_positions_21_212124.parquet,OK,32987,760,False,False,,0,2026-05-17T21:21:23.924813+00:00,2026-05-17T21:21:23.924813+00:00,168
vehicle_positions_21_212155.parquet,OK,33068,759,False,False,,0,2026-05-17T21:21:54.667817+00:00,2026-05-17T21:21:54.667817+00:00,168
vehicle_positions_21_212225.parquet,OK,33036,757,False,False,,0,2026-05-17T21:22:25.455153+00:00,2026-05-17T21:22:25.455153+00:00,169
vehicle_positions_00_000851.parquet,OK,33785,774,False,False,,0,2026-05-18T00:08:51.018781+00:00,2026-05-18T00:08:51.018781+00:00,173
vehicle_positions_00_000923.parquet,OK,33533,772,False,False,,0,2026-05-18T00:09:22.721160+00:00,2026-05-18T00:09:22.721160+00:00,173
vehicle_positions_00_000954.parquet,OK,33524,771,False,False,,0,2026-05-18T00:09:54.318849+00:00,2026-05-18T00:09:54.318849+00:00,172
vehicle_positions_00_001025.parquet,OK,33592,772,False,False,,0,2026-05-18T00:10:25.083646+00:00,2026-05-18T00:10:25.083646+00:00,171
vehicle_positions_00_001056.parquet,OK,33533,773,False,False,,0,2026-05-18T00:10:55.979116+00:00,2026-05-18T00:10:55.979116+00:00,171
vehicle_positions_00_001127.parquet,OK,33629,773,False,False,,0,2026-05-18T00:11:26.811743+00:00,2026-05-18T00:11:26.811743+00:00,171
vehicle_positions_00_001158.parquet,OK,33606,776,False,False,,0,2026-05-18T00:11:57.715753+00:00,2026-05-18T00:11:57.715753+00:00,170
vehicle_positions_00_001229.parquet,OK,33672,776,False,False,,0,2026-05-18T00:12:28.541050+00:00,2026-05-18T00:12:28.541050+00:00,170
vehicle_positions_00_001259.parquet,OK,33668,777,False,False,,0,2026-05-18T00:12:59.352409+00:00,2026-05-18T00:12:59.352409+00:00,170
vehicle_positions_00_001330.parquet,OK,33478,775,False,False,,0,2026-05-18T00:13:30.244544+00:00,2026-05-18T00:13:30.244544+00:00,170
vehicle_positions_00_001401.parquet,OK,33626,774,False,False,,0,2026-05-18T00:14:01.195337+00:00,2026-05-18T00:14:01.195337+00:00,169
vehicle_positions_00_001432.parquet,OK,33461,773,False,False,,0,2026-05-18T00:14:32.148096+00:00,2026-05-18T00:14:32.148096+00:00,169
vehicle_positions_00_001503.parquet,OK,33540,772,False,False,,0,2026-05-18T00:15:02.935164+00:00,2026-05-18T00:15:02.935164+00:00,169
vehicle_positions_00_001534.parquet,OK,33460,771,False,False,,0,2026-05-18T00:15:33.904222+00:00,2026-05-18T00:15:33.904222+00:00,170
vehicle_positions_00_001605.parquet,OK,33440,772,False,False,,0,2026-05-18T00:16:04.868358+00:00,2026-05-18T00:16:04.868358+00:00,171
vehicle_positions_00_001636.parquet,OK,33482,772,False,False,,0,2026-05-18T00:16:35.645883+00:00,2026-05-18T00:16:35.645883+00:00,171
vehicle_positions_00_001706.parquet,OK,33478,771,False,False,,0,2026-05-18T00:17:06.424474+00:00,2026-05-18T00:17:06.424474+00:00,171
vehicle_positions_00_001737.parquet,OK,33546,773,False,False,,0,2026-05-18T00:17:37.330102+00:00,2026-05-18T00:17:37.330102+00:00,171
vehicle_positions_00_001808.parquet,OK,33657,773,False,False,,0,2026-05-18T00:18:08.178042+00:00,2026-05-18T00:18:08.178042+00:00,170
vehicle_positions_00_001839.parquet,OK,33616,774,False,False,,0,2026-05-18T00:18:38.936383+00:00,2026-05-18T00:18:38.936383+00:00,170
vehicle_positions_00_001910.parquet,OK,33589,774,False,False,,0,2026-05-18T00:19:09.819733+00:00,2026-05-18T00:19:09.819733+00:00,170
vehicle_positions_00_001941.parquet,OK,33565,772,False,False,,0,2026-05-18T00:19:40.739704+00:00,2026-05-18T00:19:40.739704+00:00,169
vehicle_positions_00_002012.parquet,OK,33578,772,False,False,,0,2026-05-18T00:20:11.548561+00:00,2026-05-18T00:20:11.548561+00:00,168
vehicle_positions_00_002042.parquet,OK,33541,769,False,False,,0,2026-05-18T00:20:42.430236+00:00,2026-05-18T00:20:42.430236+00:00,167
vehicle_positions_00_002113.parquet,OK,33393,770,False,False,,0,2026-05-18T00:21:13.211976+00:00,2026-05-18T00:21:13.211976+00:00,166
vehicle_positions_00_002144.parquet,OK,33567,770,False,False,,0,2026-05-18T00:21:43.993559+00:00,2026-05-18T00:21:43.993559+00:00,168
vehicle_positions_00_002215.parquet,OK,33542,772,False,False,,0,2026-05-18T00:22:14.925637+00:00,2026-05-18T00:22:14.925637+00:00,169
vehicle_positions_00_002246.parquet,OK,33530,771,False,False,,0,2026-05-18T00:22:45.754802+00:00,2026-05-18T00:22:45.754802+00:00,169
vehicle_positions_00_002317.parquet,OK,33546,770,False,False,,0,2026-05-18T00:23:16.709901+00:00,2026-05-18T00:23:16.709901+00:00,170
vehicle_positions_00_002348.parquet,OK,33527,769,False,False,,0,2026-05-18T00:23:47.983027+00:00,2026-05-18T00:23:47.983027+00:00,172
vehicle_positions_00_002419.parquet,OK,33561,770,False,False,,0,2026-05-18T00:24:18.728932+00:00,2026-05-18T00:24:18.728932+00:00,173
vehicle_positions_00_002450.parquet,OK,33369,766,False,False,,0,2026-05-18T00:24:49.921165+00:00,2026-05-18T00:24:49.921165+00:00,172
vehicle_positions_00_002521.parquet,OK,33372,764,False,False,,0,2026-05-18T00:25:20.820887+00:00,2026-05-18T00:25:20.820887+00:00,172
vehicle_positions_00_002552.parquet,OK,33475,768,False,False,,0,2026-05-18T00:25:51.720703+00:00,2026-05-18T00:25:51.720703+00:00,172
vehicle_positions_00_002623.parquet,OK,33353,768,False,False,,0,2026-05-18T00:26:22.429842+00:00,2026-05-18T00:26:22.429842+00:00,172
vehicle_positions_00_002653.parquet,OK,33486,771,False,False,,0,2026-05-18T00:26:53.357160+00:00,2026-05-18T00:26:53.357160+00:00,172
vehicle_positions_00_002724.parquet,OK,33584,771,False,False,,0,2026-05-18T00:27:24.100966+00:00,2026-05-18T00:27:24.100966+00:00,172
vehicle_positions_00_002755.parquet,OK,33502,770,False,False,,0,2026-05-18T00:27:55.196064+00:00,2026-05-18T00:27:55.196064+00:00,172
vehicle_positions_00_002826.parquet,OK,33472,769,False,False,,0,2026-05-18T00:28:25.924975+00:00,2026-05-18T00:28:25.924975+00:00,170
vehicle_positions_00_002857.parquet,OK,33417,768,False,False,,0,2026-05-18T00:28:56.846867+00:00,2026-05-18T00:28:56.846867+00:00,170
vehicle_positions_00_002928.parquet,OK,33587,769,False,False,,0,2026-05-18T00:29:27.552705+00:00,2026-05-18T00:29:27.552705+00:00,170
vehicle_positions_00_002958.parquet,OK,33515,770,False,False,,0,2026-05-18T00:29:58.290886+00:00,2026-05-18T00:29:58.290886+00:00,169
vehicle_positions_00_003029.parquet,OK,33474,771,False,False,,0,2026-05-18T00:30:28.996968+00:00,2026-05-18T00:30:28.996968+00:00,169
vehicle_positions_00_003100.parquet,OK,33570,774,False,False,,0,2026-05-18T00:30:59.820871+00:00,2026-05-18T00:30:59.820871+00:00,169
vehicle_positions_00_003131.parquet,OK,33757,776,False,False,,0,2026-05-18T00:31:30.540814+00:00,2026-05-18T00:31:30.540814+00:00,170
vehicle_positions_00_003202.parquet,OK,33581,775,False,False,,0,2026-05-18T00:32:01.702059+00:00,2026-05-18T00:32:01.702059+00:00,169
vehicle_positions_00_003233.parquet,OK,33516,774,False,False,,0,2026-05-18T00:32:32.613148+00:00,2026-05-18T00:32:32.613148+00:00,170
vehicle_positions_00_003304.parquet,OK,33720,775,False,False,,0,2026-05-18T00:33:03.483464+00:00,2026-05-18T00:33:03.483464+00:00,170
vehicle_positions_00_003334.parquet,OK,33417,770,False,False,,0,2026-05-18T00:33:34.308320+00:00,2026-05-18T00:33:34.308320+00:00,169
vehicle_positions_00_003405.parquet,OK,33478,770,False,False,,0,2026-05-18T00:34:04.994225+00:00,2026-05-18T00:34:04.994225+00:00,169
vehicle_positions_00_003436.parquet,OK,33302,768,False,False,,0,2026-05-18T00:34:35.732989+00:00,2026-05-18T00:34:35.732989+00:00,169
vehicle_positions_00_003507.parquet,OK,33197,762,False,False,,0,2026-05-18T00:35:06.476330+00:00,2026-05-18T00:35:06.476330+00:00,169
vehicle_positions_00_003537.parquet,OK,33356,767,False,False,,0,2026-05-18T00:35:37.330082+00:00,2026-05-18T00:35:37.330082+00:00,170
vehicle_positions_00_003608.parquet,OK,33387,768,False,False,,0,2026-05-18T00:36:08.067867+00:00,2026-05-18T00:36:08.067867+00:00,170
vehicle_positions_00_003639.parquet,OK,33337,766,False,False,,0,2026-05-18T00:36:38.850166+00:00,2026-05-18T00:36:38.850166+00:00,169
vehicle_positions_00_003710.parquet,OK,33298,764,False,False,,0,2026-05-18T00:37:09.628837+00:00,2026-05-18T00:37:09.628837+00:00,169
vehicle_positions_00_003740.parquet,OK,33306,765,False,False,,0,2026-05-18T00:37:40.471382+00:00,2026-05-18T00:37:40.471382+00:00,169
vehicle_positions_00_003811.parquet,OK,33381,763,False,False,,0,2026-05-18T00:38:11.201638+00:00,2026-05-18T00:38:11.201638+00:00,169
vehicle_positions_00_003842.parquet,OK,33356,764,False,False,,0,2026-05-18T00:38:42.127091+00:00,2026-05-18T00:38:42.127091+00:00,169
vehicle_positions_00_003913.parquet,OK,33392,764,False,False,,0,2026-05-18T00:39:12.952833+00:00,2026-05-18T00:39:12.952833+00:00,170
vehicle_positions_00_003944.parquet,OK,33377,764,False,False,,0,2026-05-18T00:39:43.755321+00:00,2026-05-18T00:39:43.755321+00:00,170
vehicle_positions_00_004015.parquet,OK,33388,762,False,False,,0,2026-05-18T00:40:14.529654+00:00,2026-05-18T00:40:14.529654+00:00,170
vehicle_positions_00_004045.parquet,OK,33262,762,False,False,,0,2026-05-18T00:40:45.291073+00:00,2026-05-18T00:40:45.291073+00:00,170
vehicle_positions_00_004116.parquet,OK,33173,760,False,False,,0,2026-05-18T00:41:16.167456+00:00,2026-05-18T00:41:16.167456+00:00,171
vehicle_positions_00_004147.parquet,OK,33290,758,False,False,,0,2026-05-18T00:41:47.074989+00:00,2026-05-18T00:41:47.074989+00:00,171
vehicle_positions_00_004218.parquet,OK,32996,754,False,False,,0,2026-05-18T00:42:17.912369+00:00,2026-05-18T00:42:17.912369+00:00,172
vehicle_positions_00_004249.parquet,OK,33027,755,False,False,,0,2026-05-18T00:42:48.659856+00:00,2026-05-18T00:42:48.659856+00:00,172
vehicle_positions_00_004320.parquet,OK,33028,755,False,False,,0,2026-05-18T00:43:19.628821+00:00,2026-05-18T00:43:19.628821+00:00,172
vehicle_positions_00_004350.parquet,OK,33042,753,False,False,,0,2026-05-18T00:43:50.389859+00:00,2026-05-18T00:43:50.389859+00:00,172
vehicle_positions_00_004421.parquet,OK,32801,751,False,False,,0,2026-05-18T00:44:21.263836+00:00,2026-05-18T00:44:21.263836+00:00,172
vehicle_positions_00_004452.parquet,OK,32966,756,False,False,,0,2026-05-18T00:44:52.015401+00:00,2026-05-18T00:44:52.015401+00:00,172
vehicle_positions_00_004523.parquet,OK,33080,758,False,False,,0,2026-05-18T00:45:22.965153+00:00,2026-05-18T00:45:22.965153+00:00,172
vehicle_positions_00_004554.parquet,OK,33320,763,False,False,,0,2026-05-18T00:45:53.835342+00:00,2026-05-18T00:45:53.835342+00:00,172
vehicle_positions_00_004748.parquet,OK,33400,765,False,False,,0,2026-05-18T00:47:47.355052+00:00,2026-05-18T00:47:47.355052+00:00,173
vehicle_positions_00_004821.parquet,OK,33418,766,False,False,,0,2026-05-18T00:48:18.945063+00:00,2026-05-18T00:48:18.945063+00:00,174
vehicle_positions_00_004851.parquet,OK,33412,768,False,False,,0,2026-05-18T00:48:51.469710+00:00,2026-05-18T00:48:51.469710+00:00,174
vehicle_positions_00_004922.parquet,OK,33495,769,False,False,,0,2026-05-18T00:49:22.175883+00:00,2026-05-18T00:49:22.175883+00:00,174
vehicle_positions_00_004953.parquet,OK,33227,766,False,False,,0,2026-05-18T00:49:53.035039+00:00,2026-05-18T00:49:53.035039+00:00,174
vehicle_positions_00_005024.parquet,OK,33206,767,False,False,,0,2026-05-18T00:50:23.871145+00:00,2026-05-18T00:50:23.871145+00:00,173
vehicle_positions_00_005125.parquet,OK,33042,761,False,False,,0,2026-05-18T00:51:24.964289+00:00,2026-05-18T00:51:24.964289+00:00,172
vehicle_positions_00_005156.parquet,OK,33106,760,False,False,,0,2026-05-18T00:51:55.871748+00:00,2026-05-18T00:51:55.871748+00:00,173
vehicle_positions_00_005227.parquet,OK,33194,759,False,False,,0,2026-05-18T00:52:26.746704+00:00,2026-05-18T00:52:26.746704+00:00,173
vehicle_positions_00_005258.parquet,OK,33006,759,False,False,,0,2026-05-18T00:52:57.576635+00:00,2026-05-18T00:52:57.576635+00:00,172
vehicle_positions_00_005329.parquet,OK,33167,759,False,False,,0,2026-05-18T00:53:28.568137+00:00,2026-05-18T00:53:28.568137+00:00,172
vehicle_positions_00_005400.parquet,OK,33179,758,False,False,,0,2026-05-18T00:53:59.474681+00:00,2026-05-18T00:53:59.474681+00:00,172
vehicle_positions_00_005430.parquet,OK,33120,756,False,False,,0,2026-05-18T00:54:30.389212+00:00,2026-05-18T00:54:30.389212+00:00,172
vehicle_positions_00_005501.parquet,OK,33056,756,False,False,,0,2026-05-18T00:55:01.211653+00:00,2026-05-18T00:55:01.211653+00:00,171
vehicle_positions_00_005532.parquet,OK,32794,752,False,False,,0,2026-05-18T00:55:32.073157+00:00,2026-05-18T00:55:32.073157+00:00,171
vehicle_positions_00_005603.parquet,OK,33063,752,False,False,,0,2026-05-18T00:56:02.906156+00:00,2026-05-18T00:56:02.906156+00:00,171
vehicle_positions_00_005634.parquet,OK,32868,751,False,False,,0,2026-05-18T00:56:33.644878+00:00,2026-05-18T00:56:33.644878+00:00,170
vehicle_positions_00_005705.parquet,OK,33007,753,False,False,,0,2026-05-18T00:57:04.532207+00:00,2026-05-18T00:57:04.532207+00:00,171
vehicle_positions_00_005735.parquet,OK,33013,753,False,False,,0,2026-05-18T00:57:35.428473+00:00,2026-05-18T00:57:35.428473+00:00,170
vehicle_positions_00_005806.parquet,OK,33100,754,False,False,,0,2026-05-18T00:58:06.239918+00:00,2026-05-18T00:58:06.239918+00:00,170
vehicle_positions_00_005837.parquet,OK,33077,754,False,False,,0,2026-05-18T00:58:37.146212+00:00,2026-05-18T00:58:37.146212+00:00,170
vehicle_positions_06_060418.parquet,OK,19878,366,False,False,,0,2026-05-18T06:04:16.434682+00:00,2026-05-18T06:04:16.434682+00:00,137
vehicle_positions_06_060449.parquet,OK,19868,365,False,False,,0,2026-05-18T06:04:48.998421+00:00,2026-05-18T06:04:48.998421+00:00,137
vehicle_positions_06_060520.parquet,OK,19843,365,False,False,,0,2026-05-18T06:05:19.740458+00:00,2026-05-18T06:05:19.740458+00:00,137
vehicle_positions_06_060550.parquet,OK,19853,365,False,False,,0,2026-05-18T06:05:50.578661+00:00,2026-05-18T06:05:50.578661+00:00,136
vehicle_positions_06_060621.parquet,OK,19817,365,False,False,,0,2026-05-18T06:06:21.410519+00:00,2026-05-18T06:06:21.410519+00:00,135
vehicle_positions_06_060652.parquet,OK,19871,365,False,False,,0,2026-05-18T06:06:52.157589+00:00,2026-05-18T06:06:52.157589+00:00,135
vehicle_positions_06_060723.parquet,OK,19918,365,False,False,,0,2026-05-18T06:07:23.094792+00:00,2026-05-18T06:07:23.094792+00:00,135
vehicle_positions_06_060754.parquet,OK,19914,367,False,False,,0,2026-05-18T06:07:53.807784+00:00,2026-05-18T06:07:53.807784+00:00,135
vehicle_positions_06_060825.parquet,OK,19799,365,False,False,,0,2026-05-18T06:08:24.590142+00:00,2026-05-18T06:08:24.590142+00:00,134
vehicle_positions_06_060855.parquet,OK,19862,365,False,False,,0,2026-05-18T06:08:55.279692+00:00,2026-05-18T06:08:55.279692+00:00,134
vehicle_positions_06_060926.parquet,OK,19874,365,False,False,,0,2026-05-18T06:09:25.929693+00:00,2026-05-18T06:09:25.929693+00:00,134
vehicle_positions_06_060957.parquet,OK,19900,366,False,False,,0,2026-05-18T06:09:56.729018+00:00,2026-05-18T06:09:56.729018+00:00,134
vehicle_positions_06_061027.parquet,OK,19910,367,False,False,,0,2026-05-18T06:10:27.468794+00:00,2026-05-18T06:10:27.468794+00:00,134
vehicle_positions_06_061058.parquet,OK,19915,366,False,False,,0,2026-05-18T06:10:58.362454+00:00,2026-05-18T06:10:58.362454+00:00,134
vehicle_positions_06_061129.parquet,OK,19913,366,False,False,,0,2026-05-18T06:11:29.179954+00:00,2026-05-18T06:11:29.179954+00:00,134
vehicle_positions_06_061200.parquet,OK,19893,364,False,False,,0,2026-05-18T06:11:59.932754+00:00,2026-05-18T06:11:59.932754+00:00,133
vehicle_positions_06_061231.parquet,OK,19822,363,False,False,,0,2026-05-18T06:12:30.738767+00:00,2026-05-18T06:12:30.738767+00:00,132
vehicle_positions_06_061301.parquet,OK,19792,362,False,False,,0,2026-05-18T06:13:01.528437+00:00,2026-05-18T06:13:01.528437+00:00,132
vehicle_positions_06_061332.parquet,OK,19872,363,False,False,,0,2026-05-18T06:13:32.344480+00:00,2026-05-18T06:13:32.344480+00:00,133
vehicle_positions_06_061403.parquet,OK,19759,362,False,False,,0,2026-05-18T06:14:03.053386+00:00,2026-05-18T06:14:03.053386+00:00,132
vehicle_positions_06_061434.parquet,OK,19764,361,False,False,,0,2026-05-18T06:14:33.821139+00:00,2026-05-18T06:14:33.821139+00:00,131
vehicle_positions_06_061505.parquet,OK,19718,360,False,False,,0,2026-05-18T06:15:04.615895+00:00,2026-05-18T06:15:04.615895+00:00,132
vehicle_positions_06_061535.parquet,OK,19803,363,False,False,,0,2026-05-18T06:15:35.355863+00:00,2026-05-18T06:15:35.355863+00:00,135
vehicle_positions_06_061606.parquet,OK,19807,362,False,False,,0,2026-05-18T06:16:06.107205+00:00,2026-05-18T06:16:06.107205+00:00,135
vehicle_positions_06_061637.parquet,OK,19808,361,False,False,,0,2026-05-18T06:16:36.914909+00:00,2026-05-18T06:16:36.914909+00:00,135
vehicle_positions_06_061708.parquet,OK,19680,359,False,False,,0,2026-05-18T06:17:07.609377+00:00,2026-05-18T06:17:07.609377+00:00,135
vehicle_positions_06_061738.parquet,OK,19642,357,False,False,,0,2026-05-18T06:17:38.317447+00:00,2026-05-18T06:17:38.317447+00:00,135
vehicle_positions_06_061809.parquet,OK,19599,357,False,False,,0,2026-05-18T06:18:09.060454+00:00,2026-05-18T06:18:09.060454+00:00,135
vehicle_positions_06_061840.parquet,OK,19651,357,False,False,,0,2026-05-18T06:18:39.826062+00:00,2026-05-18T06:18:39.826062+00:00,137
vehicle_positions_06_061911.parquet,OK,19710,356,False,False,,0,2026-05-18T06:19:10.596411+00:00,2026-05-18T06:19:10.596411+00:00,136
vehicle_positions_06_061941.parquet,OK,19579,353,False,False,,0,2026-05-18T06:19:41.248609+00:00,2026-05-18T06:19:41.248609+00:00,136
vehicle_positions_06_062012.parquet,OK,19518,351,False,False,,0,2026-05-18T06:20:11.981050+00:00,2026-05-18T06:20:11.981050+00:00,136
vehicle_positions_06_062043.parquet,OK,19484,350,False,False,,0,2026-05-18T06:20:42.713034+00:00,2026-05-18T06:20:42.713034+00:00,136
vehicle_positions_06_062113.parquet,OK,19465,348,False,False,,0,2026-05-18T06:21:13.410602+00:00,2026-05-18T06:21:13.410602+00:00,135
vehicle_positions_06_062144.parquet,OK,19499,350,False,False,,0,2026-05-18T06:21:44.124076+00:00,2026-05-18T06:21:44.124076+00:00,135
vehicle_positions_06_062215.parquet,OK,19314,347,False,False,,0,2026-05-18T06:22:14.826976+00:00,2026-05-18T06:22:14.826976+00:00,133
vehicle_positions_06_062246.parquet,OK,19257,345,False,False,,0,2026-05-18T06:22:45.582105+00:00,2026-05-18T06:22:45.582105+00:00,133
vehicle_positions_06_062316.parquet,OK,19143,343,False,False,,0,2026-05-18T06:23:16.348288+00:00,2026-05-18T06:23:16.348288+00:00,132
vehicle_positions_06_062347.parquet,OK,19185,341,False,False,,0,2026-05-18T06:23:47.064892+00:00,2026-05-18T06:23:47.064892+00:00,132
vehicle_positions_06_062418.parquet,OK,19116,339,False,False,,0,2026-05-18T06:24:17.737877+00:00,2026-05-18T06:24:17.737877+00:00,131
vehicle_positions_06_062448.parquet,OK,19063,339,False,False,,0,2026-05-18T06:24:48.456123+00:00,2026-05-18T06:24:48.456123+00:00,131
vehicle_positions_06_062519.parquet,OK,19100,338,False,False,,0,2026-05-18T06:25:19.145600+00:00,2026-05-18T06:25:19.145600+00:00,131
vehicle_positions_06_062550.parquet,OK,19039,337,False,False,,0,2026-05-18T06:25:49.873999+00:00,2026-05-18T06:25:49.873999+00:00,131
vehicle_positions_06_062621.parquet,OK,18929,336,False,False,,0,2026-05-18T06:26:20.592049+00:00,2026-05-18T06:26:20.592049+00:00,132
vehicle_positions_06_062651.parquet,OK,18828,334,False,False,,0,2026-05-18T06:26:51.351048+00:00,2026-05-18T06:26:51.351048+00:00,131
vehicle_positions_06_062722.parquet,OK,18841,332,False,False,,0,2026-05-18T06:27:22.086813+00:00,2026-05-18T06:27:22.086813+00:00,131
vehicle_positions_06_062753.parquet,OK,18793,331,False,False,,0,2026-05-18T06:27:52.804978+00:00,2026-05-18T06:27:52.804978+00:00,131
vehicle_positions_06_062823.parquet,OK,18718,330,False,False,,0,2026-05-18T06:28:23.523211+00:00,2026-05-18T06:28:23.523211+00:00,129
vehicle_positions_06_062854.parquet,OK,18723,329,False,False,,0,2026-05-18T06:28:54.308697+00:00,2026-05-18T06:28:54.308697+00:00,129
vehicle_positions_06_062925.parquet,OK,18658,327,False,False,,0,2026-05-18T06:29:25.044298+00:00,2026-05-18T06:29:25.044298+00:00,129
vehicle_positions_06_062956.parquet,OK,18773,331,False,False,,0,2026-05-18T06:29:55.755593+00:00,2026-05-18T06:29:55.755593+00:00,131
vehicle_positions_06_063026.parquet,OK,18530,328,False,False,,0,2026-05-18T06:30:26.482865+00:00,2026-05-18T06:30:26.482865+00:00,129
vehicle_positions_06_063057.parquet,OK,18548,327,False,False,,0,2026-05-18T06:30:57.258304+00:00,2026-05-18T06:30:57.258304+00:00,129
vehicle_positions_06_063128.parquet,OK,18517,326,False,False,,0,2026-05-18T06:31:28.330794+00:00,2026-05-18T06:31:28.330794+00:00,129
vehicle_positions_06_063159.parquet,OK,18649,329,False,False,,0,2026-05-18T06:31:59.015272+00:00,2026-05-18T06:31:59.015272+00:00,129
vehicle_positions_06_063230.parquet,OK,18741,330,False,False,,0,2026-05-18T06:32:29.836982+00:00,2026-05-18T06:32:29.836982+00:00,130
vehicle_positions_06_063301.parquet,OK,18463,325,False,False,,0,2026-05-18T06:33:00.616852+00:00,2026-05-18T06:33:00.616852+00:00,127
vehicle_positions_06_063331.parquet,OK,18358,322,False,False,,0,2026-05-18T06:33:31.363707+00:00,2026-05-18T06:33:31.363707+00:00,125
vehicle_positions_06_063402.parquet,OK,18422,323,False,False,,0,2026-05-18T06:34:02.101852+00:00,2026-05-18T06:34:02.101852+00:00,125
vehicle_positions_06_063433.parquet,OK,18389,323,False,False,,0,2026-05-18T06:34:33.012500+00:00,2026-05-18T06:34:33.012500+00:00,125
vehicle_positions_06_063504.parquet,OK,18433,324,False,False,,0,2026-05-18T06:35:03.802517+00:00,2026-05-18T06:35:03.802517+00:00,126
vehicle_positions_06_063534.parquet,OK,18319,322,False,False,,0,2026-05-18T06:35:34.524462+00:00,2026-05-18T06:35:34.524462+00:00,126
vehicle_positions_06_063605.parquet,OK,18407,323,False,False,,0,2026-05-18T06:36:05.202903+00:00,2026-05-18T06:36:05.202903+00:00,126
vehicle_positions_06_063636.parquet,OK,18365,322,False,False,,0,2026-05-18T06:36:35.927673+00:00,2026-05-18T06:36:35.927673+00:00,126
vehicle_positions_06_063707.parquet,OK,18357,321,False,False,,0,2026-05-18T06:37:06.786393+00:00,2026-05-18T06:37:06.786393+00:00,126
vehicle_positions_06_063737.parquet,OK,18290,320,False,False,,0,2026-05-18T06:37:37.508402+00:00,2026-05-18T06:37:37.508402+00:00,126
vehicle_positions_06_063808.parquet,OK,18347,319,False,False,,0,2026-05-18T06:38:08.228157+00:00,2026-05-18T06:38:08.228157+00:00,126
vehicle_positions_06_063839.parquet,OK,18262,318,False,False,,0,2026-05-18T06:38:38.977494+00:00,2026-05-18T06:38:38.977494+00:00,126
vehicle_positions_06_063910.parquet,OK,18205,316,False,False,,0,2026-05-18T06:39:09.863314+00:00,2026-05-18T06:39:09.863314+00:00,126
vehicle_positions_06_063941.parquet,OK,18125,313,False,False,,0,2026-05-18T06:39:40.627622+00:00,2026-05-18T06:39:40.627622+00:00,125
vehicle_positions_06_064011.parquet,OK,18133,313,False,False,,0,2026-05-18T06:40:11.378425+00:00,2026-05-18T06:40:11.378425+00:00,125
vehicle_positions_06_064042.parquet,OK,18070,313,False,False,,0,2026-05-18T06:40:42.205636+00:00,2026-05-18T06:40:42.205636+00:00,125
vehicle_positions_06_064113.parquet,OK,17941,312,False,False,,0,2026-05-18T06:41:12.957955+00:00,2026-05-18T06:41:12.957955+00:00,124
vehicle_positions_06_064144.parquet,OK,17842,310,False,False,,0,2026-05-18T06:41:43.785777+00:00,2026-05-18T06:41:43.785777+00:00,124
vehicle_positions_06_064214.parquet,OK,17896,310,False,False,,0,2026-05-18T06:42:14.510028+00:00,2026-05-18T06:42:14.510028+00:00,124
vehicle_positions_06_064245.parquet,OK,17953,312,False,False,,0,2026-05-18T06:42:45.206937+00:00,2026-05-18T06:42:45.206937+00:00,125
vehicle_positions_06_064316.parquet,OK,17929,311,False,False,,0,2026-05-18T06:43:15.989241+00:00,2026-05-18T06:43:15.989241+00:00,125
vehicle_positions_06_064347.parquet,OK,17919,310,False,False,,0,2026-05-18T06:43:46.691419+00:00,2026-05-18T06:43:46.691419+00:00,125
vehicle_positions_06_064417.parquet,OK,17855,308,False,False,,0,2026-05-18T06:44:17.495943+00:00,2026-05-18T06:44:17.495943+00:00,124
vehicle_positions_06_064448.parquet,OK,17898,310,False,False,,0,2026-05-18T06:44:48.177353+00:00,2026-05-18T06:44:48.177353+00:00,124
vehicle_positions_06_064519.parquet,OK,17844,309,False,False,,0,2026-05-18T06:45:18.963257+00:00,2026-05-18T06:45:18.963257+00:00,124
vehicle_positions_06_064550.parquet,OK,17944,311,False,False,,0,2026-05-18T06:45:49.734630+00:00,2026-05-18T06:45:49.734630+00:00,125
vehicle_positions_06_064620.parquet,OK,17836,309,False,False,,0,2026-05-18T06:46:20.418859+00:00,2026-05-18T06:46:20.418859+00:00,125
vehicle_positions_06_064651.parquet,OK,17864,308,False,False,,0,2026-05-18T06:46:51.105365+00:00,2026-05-18T06:46:51.105365+00:00,123
vehicle_positions_06_064722.parquet,OK,17813,306,False,False,,0,2026-05-18T06:47:21.878458+00:00,2026-05-18T06:47:21.878458+00:00,123
vehicle_positions_06_064753.parquet,OK,17763,305,False,False,,0,2026-05-18T06:47:52.605682+00:00,2026-05-18T06:47:52.605682+00:00,123
vehicle_positions_06_064823.parquet,OK,17718,304,False,False,,0,2026-05-18T06:48:23.414231+00:00,2026-05-18T06:48:23.414231+00:00,123
vehicle_positions_06_064854.parquet,OK,17681,302,False,False,,0,2026-05-18T06:48:54.161136+00:00,2026-05-18T06:48:54.161136+00:00,123
vehicle_positions_06_064925.parquet,OK,17724,302,False,False,,0,2026-05-18T06:49:25.095202+00:00,2026-05-18T06:49:25.095202+00:00,122
vehicle_positions_06_064956.parquet,OK,17577,298,False,False,,0,2026-05-18T06:49:55.827153+00:00,2026-05-18T06:49:55.827153+00:00,121
vehicle_positions_06_065026.parquet,OK,17585,299,False,False,,0,2026-05-18T06:50:26.456032+00:00,2026-05-18T06:50:26.456032+00:00,121
vehicle_positions_06_065057.parquet,OK,17549,298,False,False,,0,2026-05-18T06:50:57.148711+00:00,2026-05-18T06:50:57.148711+00:00,120
vehicle_positions_06_065128.parquet,OK,17612,300,False,False,,0,2026-05-18T06:51:27.941160+00:00,2026-05-18T06:51:27.941160+00:00,121
vehicle_positions_06_065159.parquet,OK,17615,300,False,False,,0,2026-05-18T06:51:58.619053+00:00,2026-05-18T06:51:58.619053+00:00,121
vehicle_positions_06_065229.parquet,OK,17641,299,False,False,,0,2026-05-18T06:52:29.368536+00:00,2026-05-18T06:52:29.368536+00:00,121
vehicle_positions_06_065300.parquet,OK,17580,297,False,False,,0,2026-05-18T06:53:00.109296+00:00,2026-05-18T06:53:00.109296+00:00,120
vehicle_positions_06_065331.parquet,OK,17533,296,False,False,,0,2026-05-18T06:53:30.813948+00:00,2026-05-18T06:53:30.813948+00:00,120
vehicle_positions_06_065401.parquet,OK,17475,292,False,False,,0,2026-05-18T06:54:01.490489+00:00,2026-05-18T06:54:01.490489+00:00,120
vehicle_positions_06_065432.parquet,OK,17468,293,False,False,,0,2026-05-18T06:54:32.315213+00:00,2026-05-18T06:54:32.315213+00:00,120
vehicle_positions_06_065503.parquet,OK,17454,292,False,False,,0,2026-05-18T06:55:03.005933+00:00,2026-05-18T06:55:03.005933+00:00,119
vehicle_positions_06_065534.parquet,OK,17427,293,False,False,,0,2026-05-18T06:55:33.826937+00:00,2026-05-18T06:55:33.826937+00:00,120
vehicle_positions_06_065604.parquet,OK,17387,292,False,False,,0,2026-05-18T06:56:04.551351+00:00,2026-05-18T06:56:04.551351+00:00,120
vehicle_positions_06_065635.parquet,OK,17372,291,False,False,,0,2026-05-18T06:56:35.239188+00:00,2026-05-18T06:56:35.239188+00:00,120
vehicle_positions_06_065706.parquet,OK,17417,291,False,False,,0,2026-05-18T06:57:05.925686+00:00,2026-05-18T06:57:05.925686+00:00,122
vehicle_positions_06_065737.parquet,OK,17353,289,False,False,,0,2026-05-18T06:57:36.727196+00:00,2026-05-18T06:57:36.727196+00:00,122
vehicle_positions_06_065807.parquet,OK,17178,287,False,False,,0,2026-05-18T06:58:07.366469+00:00,2026-05-18T06:58:07.366469+00:00,122
vehicle_positions_06_065838.parquet,OK,17129,285,False,False,,0,2026-05-18T06:58:38.005902+00:00,2026-05-18T06:58:38.005902+00:00,121
vehicle_positions_06_065909.parquet,OK,17171,286,False,False,,0,2026-05-18T06:59:08.731442+00:00,2026-05-18T06:59:08.731442+00:00,121
vehicle_positions_06_065939.parquet,OK,17178,284,False,False,,0,2026-05-18T06:59:39.421590+00:00,2026-05-18T06:59:39.421590+00:00,121
vehicle_positions_07_070010.parquet,OK,17082,284,False,False,,0,2026-05-18T07:00:10.147233+00:00,2026-05-18T07:00:10.147233+00:00,120
vehicle_positions_07_070042.parquet,OK,17057,285,False,False,,0,2026-05-18T07:00:41.610923+00:00,2026-05-18T07:00:41.610923+00:00,119
vehicle_positions_07_070112.parquet,OK,17016,283,False,False,,0,2026-05-18T07:01:12.422524+00:00,2026-05-18T07:01:12.422524+00:00,117
vehicle_positions_07_070143.parquet,OK,17083,284,False,False,,0,2026-05-18T07:01:43.324418+00:00,2026-05-18T07:01:43.324418+00:00,117
vehicle_positions_07_070214.parquet,OK,16888,279,False,False,,0,2026-05-18T07:02:14.009984+00:00,2026-05-18T07:02:14.009984+00:00,116
vehicle_positions_07_070245.parquet,OK,16875,278,False,False,,0,2026-05-18T07:02:44.789824+00:00,2026-05-18T07:02:44.789824+00:00,117
vehicle_positions_07_070315.parquet,OK,16935,278,False,False,,0,2026-05-18T07:03:15.580189+00:00,2026-05-18T07:03:15.580189+00:00,117
vehicle_positions_07_070347.parquet,OK,16924,280,False,False,,0,2026-05-18T07:03:46.302859+00:00,2026-05-18T07:03:46.302859+00:00,117
vehicle_positions_07_070417.parquet,OK,16873,279,False,False,,0,2026-05-18T07:04:17.372115+00:00,2026-05-18T07:04:17.372115+00:00,115
vehicle_positions_07_070448.parquet,OK,16819,278,False,False,,0,2026-05-18T07:04:48.059120+00:00,2026-05-18T07:04:48.059120+00:00,115
vehicle_positions_07_070519.parquet,OK,16806,277,False,False,,0,2026-05-18T07:05:18.836697+00:00,2026-05-18T07:05:18.836697+00:00,116
vehicle_positions_07_070549.parquet,OK,16815,276,False,False,,0,2026-05-18T07:05:49.519391+00:00,2026-05-18T07:05:49.519391+00:00,115
vehicle_positions_07_070620.parquet,OK,16778,274,False,False,,0,2026-05-18T07:06:20.254696+00:00,2026-05-18T07:06:20.254696+00:00,116
vehicle_positions_07_070651.parquet,OK,16779,273,False,False,,0,2026-05-18T07:06:51.041395+00:00,2026-05-18T07:06:51.041395+00:00,116
vehicle_positions_07_070722.parquet,OK,16733,274,False,False,,0,2026-05-18T07:07:21.810630+00:00,2026-05-18T07:07:21.810630+00:00,116
vehicle_positions_07_070752.parquet,OK,16619,272,False,False,,0,2026-05-18T07:07:52.516636+00:00,2026-05-18T07:07:52.516636+00:00,115
vehicle_positions_07_070823.parquet,OK,16605,271,False,False,,0,2026-05-18T07:08:23.298925+00:00,2026-05-18T07:08:23.298925+00:00,115
vehicle_positions_07_070854.parquet,OK,16579,270,False,False,,0,2026-05-18T07:08:53.992079+00:00,2026-05-18T07:08:53.992079+00:00,114
vehicle_positions_07_070925.parquet,OK,16651,270,False,False,,0,2026-05-18T07:09:24.685429+00:00,2026-05-18T07:09:24.685429+00:00,114
vehicle_positions_07_070955.parquet,OK,16627,271,False,False,,0,2026-05-18T07:09:55.371745+00:00,2026-05-18T07:09:55.371745+00:00,114
vehicle_positions_07_071026.parquet,OK,16592,269,False,False,,0,2026-05-18T07:10:26.057718+00:00,2026-05-18T07:10:26.057718+00:00,114
vehicle_positions_07_071057.parquet,OK,16572,270,False,False,,0,2026-05-18T07:10:56.733603+00:00,2026-05-18T07:10:56.733603+00:00,114
vehicle_positions_07_071127.parquet,OK,16645,270,False,False,,0,2026-05-18T07:11:27.374414+00:00,2026-05-18T07:11:27.374414+00:00,115
vehicle_positions_07_071158.parquet,OK,16580,268,False,False,,0,2026-05-18T07:11:58.015131+00:00,2026-05-18T07:11:58.015131+00:00,114
vehicle_positions_07_071229.parquet,OK,16504,266,False,False,,0,2026-05-18T07:12:28.679060+00:00,2026-05-18T07:12:28.679060+00:00,113
vehicle_positions_07_071259.parquet,OK,16564,268,False,False,,0,2026-05-18T07:12:59.316943+00:00,2026-05-18T07:12:59.316943+00:00,114
vehicle_positions_07_071330.parquet,OK,16585,268,False,False,,0,2026-05-18T07:13:30.038943+00:00,2026-05-18T07:13:30.038943+00:00,115
vehicle_positions_07_071401.parquet,OK,16562,267,False,False,,0,2026-05-18T07:14:00.757083+00:00,2026-05-18T07:14:00.757083+00:00,115
vehicle_positions_07_071431.parquet,OK,16632,268,False,False,,0,2026-05-18T07:14:31.476447+00:00,2026-05-18T07:14:31.476447+00:00,115
vehicle_positions_07_071502.parquet,OK,16455,264,False,False,,0,2026-05-18T07:15:02.132576+00:00,2026-05-18T07:15:02.132576+00:00,113
vehicle_positions_07_071533.parquet,OK,16539,265,False,False,,0,2026-05-18T07:15:32.845247+00:00,2026-05-18T07:15:32.845247+00:00,114
vehicle_positions_07_071603.parquet,OK,16373,263,False,False,,0,2026-05-18T07:16:03.534113+00:00,2026-05-18T07:16:03.534113+00:00,113
vehicle_positions_07_071634.parquet,OK,16348,263,False,False,,0,2026-05-18T07:16:34.227843+00:00,2026-05-18T07:16:34.227843+00:00,113
vehicle_positions_07_071705.parquet,OK,16389,263,False,False,,0,2026-05-18T07:17:04.906715+00:00,2026-05-18T07:17:04.906715+00:00,113
vehicle_positions_07_071735.parquet,OK,16250,260,False,False,,0,2026-05-18T07:17:35.591713+00:00,2026-05-18T07:17:35.591713+00:00,112
vehicle_positions_07_071806.parquet,OK,16256,258,False,False,,0,2026-05-18T07:18:06.250871+00:00,2026-05-18T07:18:06.250871+00:00,109
vehicle_positions_07_071837.parquet,OK,15943,255,False,False,,0,2026-05-18T07:18:36.862207+00:00,2026-05-18T07:18:36.862207+00:00,108
vehicle_positions_07_071908.parquet,OK,15834,252,False,False,,0,2026-05-18T07:19:07.676747+00:00,2026-05-18T07:19:07.676747+00:00,107
vehicle_positions_07_071938.parquet,OK,15859,250,False,False,,0,2026-05-18T07:19:38.360712+00:00,2026-05-18T07:19:38.360712+00:00,107
vehicle_positions_07_072009.parquet,OK,15720,248,False,False,,0,2026-05-18T07:20:09.059922+00:00,2026-05-18T07:20:09.059922+00:00,106
vehicle_positions_07_072040.parquet,OK,15684,248,False,False,,0,2026-05-18T07:20:39.881250+00:00,2026-05-18T07:20:39.881250+00:00,104
vehicle_positions_08_083810.parquet,OK,10796,110,False,False,,0,2026-05-18T08:38:09.836336+00:00,2026-05-18T08:38:09.836336+00:00,57
vehicle_positions_10_100753.parquet,OK,7714,34,False,False,,0,2026-05-18T10:07:52.340468+00:00,2026-05-18T10:07:52.340468+00:00,15
vehicle_positions_11_113006.parquet,OK,7515,27,False,False,,0,2026-05-18T11:30:04.953421+00:00,2026-05-18T11:30:04.953421+00:00,13
vehicle_positions_11_113038.parquet,OK,7505,27,False,False,,0,2026-05-18T11:30:37.922227+00:00,2026-05-18T11:30:37.922227+00:00,13
