filename,status,size_bytes,row_count,is_empty,is_corrupted,missing_columns,duplicate_count,earliest_timestamp,latest_timestamp,unique_routes
vehicle_positions_00_000022.parquet,FAIL,33626,771,False,True,,0,,,0
vehicle_positions_00_000053.parquet,FAIL,33684,777,False,True,,0,,,0
vehicle_positions_00_000127.parquet,FAIL,33662,776,False,True,,0,,,0
vehicle_positions_00_000158.parquet,FAIL,33759,778,False,True,,0,,,0
vehicle_positions_00_000228.parquet,FAIL,33823,778,False,True,,0,,,0
vehicle_positions_00_000259.parquet,FAIL,33867,777,False,True,,0,,,0
vehicle_positions_00_000330.parquet,FAIL,33882,779,False,True,,0,,,0
vehicle_positions_00_000401.parquet,FAIL,33942,782,False,True,,0,,,0
vehicle_positions_00_000431.parquet,FAIL,33842,783,False,True,,0,,,0
vehicle_positions_00_000502.parquet,FAIL,33868,780,False,True,,0,,,0
vehicle_positions_00_000533.parquet,FAIL,33890,781,False,True,,0,,,0
vehicle_positions_00_000604.parquet,FAIL,34134,783,False,True,,0,,,0
vehicle_positions_00_000635.parquet,FAIL,34158,780,False,True,,0,,,0
vehicle_positions_00_000705.parquet,FAIL,33921,781,False,True,,0,,,0
vehicle_positions_00_000736.parquet,FAIL,34002,780,False,True,,0,,,0
vehicle_positions_00_000807.parquet,FAIL,33937,779,False,True,,0,,,0
vehicle_positions_00_000837.parquet,FAIL,33943,778,False,True,,0,,,0
vehicle_positions_00_000908.parquet,FAIL,34029,776,False,True,,0,,,0
vehicle_positions_00_000939.parquet,FAIL,34134,777,False,True,,0,,,0
vehicle_positions_00_001009.parquet,FAIL,33893,776,False,True,,0,,,0
vehicle_positions_00_001040.parquet,FAIL,33782,772,False,True,,0,,,0
vehicle_positions_00_001111.parquet,FAIL,33746,770,False,True,,0,,,0
vehicle_positions_00_001141.parquet,FAIL,33535,766,False,True,,0,,,0
vehicle_positions_00_001212.parquet,FAIL,33474,765,False,True,,0,,,0
vehicle_positions_00_001243.parquet,FAIL,33420,764,False,True,,0,,,0
vehicle_positions_00_001314.parquet,FAIL,33427,762,False,True,,0,,,0
vehicle_positions_00_001344.parquet,FAIL,33388,762,False,True,,0,,,0
vehicle_positions_00_001415.parquet,FAIL,33129,760,False,True,,0,,,0
vehicle_positions_00_001448.parquet,FAIL,33472,762,False,True,,0,,,0
vehicle_positions_00_001519.parquet,FAIL,33481,763,False,True,,0,,,0
vehicle_positions_00_001549.parquet,FAIL,33494,765,False,True,,0,,,0
vehicle_positions_00_001620.parquet,FAIL,33776,768,False,True,,0,,,0
vehicle_positions_00_001650.parquet,FAIL,33556,769,False,True,,0,,,0
vehicle_positions_00_001721.parquet,FAIL,33428,765,False,True,,0,,,0
vehicle_positions_00_001752.parquet,FAIL,33505,764,False,True,,0,,,0
vehicle_positions_00_001822.parquet,FAIL,33385,762,False,True,,0,,,0
vehicle_positions_00_001853.parquet,FAIL,33474,767,False,True,,0,,,0
vehicle_positions_00_001924.parquet,FAIL,33525,767,False,True,,0,,,0
vehicle_positions_00_001954.parquet,FAIL,33772,769,False,True,,0,,,0
vehicle_positions_00_002025.parquet,FAIL,33657,768,False,True,,0,,,0
vehicle_positions_00_002056.parquet,FAIL,33523,766,False,True,,0,,,0
vehicle_positions_00_002126.parquet,FAIL,33555,764,False,True,,0,,,0
vehicle_positions_00_002157.parquet,FAIL,33145,760,False,True,,0,,,0
vehicle_positions_00_002228.parquet,FAIL,33268,760,False,True,,0,,,0
vehicle_positions_00_002258.parquet,FAIL,33362,761,False,True,,0,,,0
vehicle_positions_00_002329.parquet,FAIL,33299,759,False,True,,0,,,0
vehicle_positions_00_002400.parquet,FAIL,33120,757,False,True,,0,,,0
vehicle_positions_00_002430.parquet,FAIL,33272,760,False,True,,0,,,0
vehicle_positions_00_002501.parquet,FAIL,33343,764,False,True,,0,,,0
vehicle_positions_00_002532.parquet,FAIL,33239,764,False,True,,0,,,0
vehicle_positions_00_002602.parquet,FAIL,33430,766,False,True,,0,,,0
vehicle_positions_00_002633.parquet,FAIL,33444,763,False,True,,0,,,0
vehicle_positions_00_002704.parquet,FAIL,33496,763,False,True,,0,,,0
vehicle_positions_00_002734.parquet,FAIL,33388,763,False,True,,0,,,0
vehicle_positions_00_002805.parquet,FAIL,33366,762,False,True,,0,,,0
vehicle_positions_00_002836.parquet,FAIL,33254,759,False,True,,0,,,0
vehicle_positions_00_002906.parquet,FAIL,33275,756,False,True,,0,,,0
vehicle_positions_00_002937.parquet,FAIL,33487,762,False,True,,0,,,0
vehicle_positions_00_003008.parquet,FAIL,33531,760,False,True,,0,,,0
vehicle_positions_00_003039.parquet,FAIL,33526,763,False,True,,0,,,0
vehicle_positions_00_003109.parquet,FAIL,33373,764,False,True,,0,,,0
vehicle_positions_00_003140.parquet,FAIL,33510,767,False,True,,0,,,0
vehicle_positions_00_003211.parquet,FAIL,33488,768,False,True,,0,,,0
vehicle_positions_00_003241.parquet,FAIL,33466,768,False,True,,0,,,0
vehicle_positions_00_003312.parquet,FAIL,33631,769,False,True,,0,,,0
vehicle_positions_00_003343.parquet,FAIL,33637,769,False,True,,0,,,0
vehicle_positions_00_003414.parquet,FAIL,33638,768,False,True,,0,,,0
vehicle_positions_00_003446.parquet,FAIL,33690,765,False,True,,0,,,0
vehicle_positions_00_003517.parquet,FAIL,33735,770,False,True,,0,,,0
vehicle_positions_00_003548.parquet,FAIL,33589,769,False,True,,0,,,0
vehicle_positions_00_003618.parquet,FAIL,33488,766,False,True,,0,,,0
vehicle_positions_00_003649.parquet,FAIL,33454,766,False,True,,0,,,0
vehicle_positions_00_003719.parquet,FAIL,33545,763,False,True,,0,,,0
vehicle_positions_00_003750.parquet,FAIL,33295,759,False,True,,0,,,0
vehicle_positions_00_003821.parquet,FAIL,33190,756,False,True,,0,,,0
vehicle_positions_00_003851.parquet,FAIL,32973,752,False,True,,0,,,0
vehicle_positions_00_003922.parquet,FAIL,32986,751,False,True,,0,,,0
vehicle_positions_00_003953.parquet,FAIL,33075,754,False,True,,0,,,0
vehicle_positions_00_004025.parquet,FAIL,32982,752,False,True,,0,,,0
vehicle_positions_00_004056.parquet,FAIL,33075,752,False,True,,0,,,0
vehicle_positions_00_004126.parquet,FAIL,33003,752,False,True,,0,,,0
vehicle_positions_00_004157.parquet,FAIL,33112,753,False,True,,0,,,0
vehicle_positions_00_004228.parquet,FAIL,33309,757,False,True,,0,,,0
vehicle_positions_00_004258.parquet,FAIL,33142,755,False,True,,0,,,0
vehicle_positions_00_004329.parquet,FAIL,33277,756,False,True,,0,,,0
vehicle_positions_00_004400.parquet,FAIL,33141,757,False,True,,0,,,0
vehicle_positions_00_004430.parquet,FAIL,33417,758,False,True,,0,,,0
vehicle_positions_00_004501.parquet,FAIL,33271,760,False,True,,0,,,0
vehicle_positions_00_004532.parquet,FAIL,33210,758,False,True,,0,,,0
vehicle_positions_00_004602.parquet,FAIL,33377,763,False,True,,0,,,0
vehicle_positions_00_004633.parquet,FAIL,33342,763,False,True,,0,,,0
vehicle_positions_00_004704.parquet,FAIL,33412,765,False,True,,0,,,0
vehicle_positions_00_004734.parquet,FAIL,33464,762,False,True,,0,,,0
vehicle_positions_00_004805.parquet,FAIL,33292,763,False,True,,0,,,0
vehicle_positions_00_004836.parquet,FAIL,33535,764,False,True,,0,,,0
vehicle_positions_00_004906.parquet,FAIL,33614,765,False,True,,0,,,0
vehicle_positions_00_004937.parquet,FAIL,33561,766,False,True,,0,,,0
vehicle_positions_00_005008.parquet,FAIL,33513,761,False,True,,0,,,0
vehicle_positions_00_005038.parquet,FAIL,33523,762,False,True,,0,,,0
vehicle_positions_00_005109.parquet,FAIL,33438,761,False,True,,0,,,0
vehicle_positions_00_005140.parquet,FAIL,33436,761,False,True,,0,,,0
vehicle_positions_00_005210.parquet,FAIL,33385,761,False,True,,0,,,0
vehicle_positions_00_005241.parquet,FAIL,33360,762,False,True,,0,,,0
vehicle_positions_00_005311.parquet,FAIL,33348,758,False,True,,0,,,0
vehicle_positions_00_005342.parquet,FAIL,33343,757,False,True,,0,,,0
vehicle_positions_00_005413.parquet,FAIL,33503,759,False,True,,0,,,0
vehicle_positions_00_005443.parquet,FAIL,33306,756,False,True,,0,,,0
vehicle_positions_00_005514.parquet,FAIL,33266,755,False,True,,0,,,0
vehicle_positions_00_005545.parquet,FAIL,33372,757,False,True,,0,,,0
vehicle_positions_00_005616.parquet,FAIL,33169,756,False,True,,0,,,0
vehicle_positions_00_005646.parquet,FAIL,33017,754,False,True,,0,,,0
vehicle_positions_00_005717.parquet,FAIL,33147,753,False,True,,0,,,0
vehicle_positions_00_005747.parquet,FAIL,33082,752,False,True,,0,,,0
vehicle_positions_00_005818.parquet,FAIL,33036,751,False,True,,0,,,0
vehicle_positions_00_005849.parquet,FAIL,33230,754,False,True,,0,,,0
vehicle_positions_00_005919.parquet,FAIL,33233,756,False,True,,0,,,0
vehicle_positions_00_005950.parquet,FAIL,33240,755,False,True,,0,,,0
vehicle_positions_01_010021.parquet,FAIL,33171,754,False,True,,0,,,0
vehicle_positions_01_010052.parquet,FAIL,33216,753,False,True,,0,,,0
vehicle_positions_01_010122.parquet,FAIL,33256,755,False,True,,0,,,0
vehicle_positions_01_010153.parquet,FAIL,33384,756,False,True,,0,,,0
vehicle_positions_01_010224.parquet,FAIL,33223,755,False,True,,0,,,0
vehicle_positions_01_010254.parquet,FAIL,33261,756,False,True,,0,,,0
vehicle_positions_01_010325.parquet,FAIL,33215,755,False,True,,0,,,0
vehicle_positions_01_010355.parquet,FAIL,33167,755,False,True,,0,,,0
vehicle_positions_01_010426.parquet,FAIL,33255,754,False,True,,0,,,0
vehicle_positions_01_010457.parquet,FAIL,33113,756,False,True,,0,,,0
vehicle_positions_01_010528.parquet,FAIL,33182,757,False,True,,0,,,0
vehicle_positions_01_010558.parquet,FAIL,33247,758,False,True,,0,,,0
vehicle_positions_01_010629.parquet,FAIL,33389,757,False,True,,0,,,0
vehicle_positions_01_010700.parquet,FAIL,33367,756,False,True,,0,,,0
vehicle_positions_01_010730.parquet,FAIL,33230,755,False,True,,0,,,0
vehicle_positions_01_010801.parquet,FAIL,33019,750,False,True,,0,,,0
vehicle_positions_01_010832.parquet,FAIL,32945,748,False,True,,0,,,0
vehicle_positions_01_010902.parquet,FAIL,33099,749,False,True,,0,,,0
vehicle_positions_01_010933.parquet,FAIL,32953,748,False,True,,0,,,0
vehicle_positions_01_011003.parquet,FAIL,32911,749,False,True,,0,,,0
vehicle_positions_01_011034.parquet,FAIL,32881,746,False,True,,0,,,0
vehicle_positions_01_011105.parquet,FAIL,32883,746,False,True,,0,,,0
vehicle_positions_01_011136.parquet,FAIL,32969,747,False,True,,0,,,0
vehicle_positions_01_011206.parquet,FAIL,32935,746,False,True,,0,,,0
vehicle_positions_01_011237.parquet,FAIL,32781,747,False,True,,0,,,0
vehicle_positions_01_011308.parquet,FAIL,32960,749,False,True,,0,,,0
vehicle_positions_01_011338.parquet,FAIL,32789,746,False,True,,0,,,0
vehicle_positions_01_011409.parquet,FAIL,32989,745,False,True,,0,,,0
vehicle_positions_01_011440.parquet,FAIL,32786,745,False,True,,0,,,0
vehicle_positions_01_011511.parquet,FAIL,32855,746,False,True,,0,,,0
vehicle_positions_01_011541.parquet,FAIL,32727,744,False,True,,0,,,0
vehicle_positions_01_011612.parquet,FAIL,32658,744,False,True,,0,,,0
vehicle_positions_01_011643.parquet,FAIL,32848,745,False,True,,0,,,0
vehicle_positions_01_011713.parquet,FAIL,32671,742,False,True,,0,,,0
vehicle_positions_01_011744.parquet,FAIL,32509,741,False,True,,0,,,0
vehicle_positions_01_011815.parquet,FAIL,32697,741,False,True,,0,,,0
vehicle_positions_01_011845.parquet,FAIL,32728,743,False,True,,0,,,0
vehicle_positions_01_011916.parquet,FAIL,32755,742,False,True,,0,,,0
vehicle_positions_01_011947.parquet,FAIL,32716,740,False,True,,0,,,0
vehicle_positions_01_012017.parquet,FAIL,32631,738,False,True,,0,,,0
vehicle_positions_01_012048.parquet,FAIL,32703,739,False,True,,0,,,0
vehicle_positions_01_012119.parquet,FAIL,32535,736,False,True,,0,,,0
vehicle_positions_01_012149.parquet,FAIL,32462,735,False,True,,0,,,0
vehicle_positions_01_012220.parquet,FAIL,32437,733,False,True,,0,,,0
vehicle_positions_01_012251.parquet,FAIL,32437,734,False,True,,0,,,0
vehicle_positions_01_012321.parquet,FAIL,32457,734,False,True,,0,,,0
vehicle_positions_01_012352.parquet,FAIL,32370,731,False,True,,0,,,0
vehicle_positions_01_012423.parquet,FAIL,32577,733,False,True,,0,,,0
vehicle_positions_01_012453.parquet,FAIL,32364,732,False,True,,0,,,0
vehicle_positions_01_012524.parquet,FAIL,32483,730,False,True,,0,,,0
vehicle_positions_01_012555.parquet,FAIL,32675,732,False,True,,0,,,0
vehicle_positions_01_012625.parquet,FAIL,32589,733,False,True,,0,,,0
vehicle_positions_01_012656.parquet,FAIL,32582,731,False,True,,0,,,0
vehicle_positions_01_012727.parquet,FAIL,32636,729,False,True,,0,,,0
vehicle_positions_01_012757.parquet,FAIL,32435,727,False,True,,0,,,0
vehicle_positions_01_012828.parquet,FAIL,32103,723,False,True,,0,,,0
vehicle_positions_01_012858.parquet,FAIL,32286,725,False,True,,0,,,0
vehicle_positions_01_012929.parquet,FAIL,32330,726,False,True,,0,,,0
vehicle_positions_01_013000.parquet,FAIL,32269,725,False,True,,0,,,0
vehicle_positions_01_013031.parquet,FAIL,32559,729,False,True,,0,,,0
vehicle_positions_01_013101.parquet,FAIL,32373,729,False,True,,0,,,0
vehicle_positions_01_013132.parquet,FAIL,32303,728,False,True,,0,,,0
vehicle_positions_01_013203.parquet,FAIL,32331,730,False,True,,0,,,0
vehicle_positions_01_013233.parquet,FAIL,32316,730,False,True,,0,,,0
vehicle_positions_01_013304.parquet,FAIL,32398,730,False,True,,0,,,0
vehicle_positions_01_013335.parquet,FAIL,32191,726,False,True,,0,,,0
vehicle_positions_01_013405.parquet,FAIL,32280,727,False,True,,0,,,0
vehicle_positions_01_013436.parquet,FAIL,32179,724,False,True,,0,,,0
vehicle_positions_01_013507.parquet,FAIL,32382,725,False,True,,0,,,0
vehicle_positions_01_013537.parquet,FAIL,32244,723,False,True,,0,,,0
vehicle_positions_01_013608.parquet,FAIL,32109,722,False,True,,0,,,0
vehicle_positions_01_013639.parquet,FAIL,32140,723,False,True,,0,,,0
vehicle_positions_01_013710.parquet,FAIL,31850,718,False,True,,0,,,0
vehicle_positions_01_013740.parquet,FAIL,31831,715,False,True,,0,,,0
vehicle_positions_01_013811.parquet,FAIL,31841,714,False,True,,0,,,0
vehicle_positions_01_013841.parquet,FAIL,31720,711,False,True,,0,,,0
vehicle_positions_01_013912.parquet,FAIL,31691,710,False,True,,0,,,0
vehicle_positions_01_013943.parquet,FAIL,31740,710,False,True,,0,,,0
vehicle_positions_01_014013.parquet,FAIL,31662,709,False,True,,0,,,0
vehicle_positions_01_014044.parquet,FAIL,31702,708,False,True,,0,,,0
vehicle_positions_01_014115.parquet,FAIL,31550,706,False,True,,0,,,0
vehicle_positions_01_014145.parquet,FAIL,31546,706,False,True,,0,,,0
vehicle_positions_01_014216.parquet,FAIL,31683,706,False,True,,0,,,0
vehicle_positions_01_014247.parquet,FAIL,31408,702,False,True,,0,,,0
vehicle_positions_01_014317.parquet,FAIL,31538,704,False,True,,0,,,0
vehicle_positions_01_014348.parquet,FAIL,31557,703,False,True,,0,,,0
vehicle_positions_01_014419.parquet,FAIL,31527,703,False,True,,0,,,0
vehicle_positions_01_014449.parquet,FAIL,31547,705,False,True,,0,,,0
vehicle_positions_01_014520.parquet,FAIL,31560,706,False,True,,0,,,0
vehicle_positions_01_014551.parquet,FAIL,31528,705,False,True,,0,,,0
vehicle_positions_01_014621.parquet,FAIL,31569,705,False,True,,0,,,0
vehicle_positions_01_014652.parquet,FAIL,31352,702,False,True,,0,,,0
vehicle_positions_01_014723.parquet,FAIL,31338,700,False,True,,0,,,0
vehicle_positions_01_014753.parquet,FAIL,31451,701,False,True,,0,,,0
vehicle_positions_01_014824.parquet,FAIL,31331,699,False,True,,0,,,0
vehicle_positions_01_014854.parquet,FAIL,31423,700,False,True,,0,,,0
vehicle_positions_01_014925.parquet,FAIL,31488,702,False,True,,0,,,0
vehicle_positions_01_014956.parquet,FAIL,31300,698,False,True,,0,,,0
vehicle_positions_01_015026.parquet,FAIL,31219,697,False,True,,0,,,0
vehicle_positions_01_015057.parquet,FAIL,31256,697,False,True,,0,,,0
vehicle_positions_01_015128.parquet,FAIL,31157,696,False,True,,0,,,0
vehicle_positions_01_015158.parquet,FAIL,31094,694,False,True,,0,,,0
vehicle_positions_01_015229.parquet,FAIL,31063,692,False,True,,0,,,0
vehicle_positions_01_015300.parquet,FAIL,31122,692,False,True,,0,,,0
vehicle_positions_01_015330.parquet,FAIL,31262,692,False,True,,0,,,0
vehicle_positions_01_015401.parquet,FAIL,31161,693,False,True,,0,,,0
vehicle_positions_01_015432.parquet,FAIL,31171,695,False,True,,0,,,0
vehicle_positions_01_015503.parquet,FAIL,31372,697,False,True,,0,,,0
vehicle_positions_01_015534.parquet,FAIL,31133,691,False,True,,0,,,0
vehicle_positions_01_015604.parquet,FAIL,31231,691,False,True,,0,,,0
vehicle_positions_01_015635.parquet,FAIL,31321,690,False,True,,0,,,0
vehicle_positions_01_015705.parquet,FAIL,31345,691,False,True,,0,,,0
vehicle_positions_01_015736.parquet,FAIL,31293,692,False,True,,0,,,0
vehicle_positions_01_015807.parquet,FAIL,31225,688,False,True,,0,,,0
vehicle_positions_01_015837.parquet,FAIL,31116,684,False,True,,0,,,0
vehicle_positions_01_015908.parquet,FAIL,30977,681,False,True,,0,,,0
vehicle_positions_01_015939.parquet,FAIL,30758,677,False,True,,0,,,0
vehicle_positions_02_020009.parquet,FAIL,30723,678,False,True,,0,,,0
vehicle_positions_02_020040.parquet,FAIL,30834,681,False,True,,0,,,0
vehicle_positions_02_020111.parquet,FAIL,30823,682,False,True,,0,,,0
vehicle_positions_02_020141.parquet,FAIL,30802,684,False,True,,0,,,0
vehicle_positions_02_020212.parquet,FAIL,30920,685,False,True,,0,,,0
vehicle_positions_02_020243.parquet,FAIL,30739,682,False,True,,0,,,0
vehicle_positions_02_020313.parquet,FAIL,30813,684,False,True,,0,,,0
vehicle_positions_02_020344.parquet,FAIL,30859,685,False,True,,0,,,0
vehicle_positions_02_020415.parquet,FAIL,30849,685,False,True,,0,,,0
vehicle_positions_02_020446.parquet,FAIL,30808,686,False,True,,0,,,0
vehicle_positions_02_020516.parquet,FAIL,30925,687,False,True,,0,,,0
vehicle_positions_02_020547.parquet,FAIL,31066,689,False,True,,0,,,0
vehicle_positions_02_020618.parquet,FAIL,31173,688,False,True,,0,,,0
vehicle_positions_02_020649.parquet,FAIL,31046,687,False,True,,0,,,0
vehicle_positions_02_020719.parquet,FAIL,30790,684,False,True,,0,,,0
vehicle_positions_02_020750.parquet,FAIL,30626,679,False,True,,0,,,0
vehicle_positions_02_020821.parquet,FAIL,30738,678,False,True,,0,,,0
vehicle_positions_02_020851.parquet,FAIL,30615,677,False,True,,0,,,0
vehicle_positions_02_020922.parquet,FAIL,30605,676,False,True,,0,,,0
vehicle_positions_02_020952.parquet,FAIL,30633,676,False,True,,0,,,0
vehicle_positions_02_021023.parquet,FAIL,30623,675,False,True,,0,,,0
vehicle_positions_02_021054.parquet,FAIL,30643,676,False,True,,0,,,0
vehicle_positions_02_021124.parquet,FAIL,30509,672,False,True,,0,,,0
vehicle_positions_02_021155.parquet,FAIL,30539,674,False,True,,0,,,0
vehicle_positions_02_021226.parquet,FAIL,30402,672,False,True,,0,,,0
vehicle_positions_02_021256.parquet,FAIL,30550,673,False,True,,0,,,0
vehicle_positions_02_021327.parquet,FAIL,30440,670,False,True,,0,,,0
vehicle_positions_02_021358.parquet,FAIL,30447,671,False,True,,0,,,0
vehicle_positions_02_021429.parquet,FAIL,30363,670,False,True,,0,,,0
vehicle_positions_02_021459.parquet,FAIL,30338,667,False,True,,0,,,0
vehicle_positions_02_021530.parquet,FAIL,30390,671,False,True,,0,,,0
vehicle_positions_02_021601.parquet,FAIL,30390,672,False,True,,0,,,0
vehicle_positions_02_021631.parquet,FAIL,30286,669,False,True,,0,,,0
vehicle_positions_02_021703.parquet,FAIL,30307,667,False,True,,0,,,0
vehicle_positions_02_021733.parquet,FAIL,30321,665,False,True,,0,,,0
vehicle_positions_02_021804.parquet,FAIL,30334,665,False,True,,0,,,0
vehicle_positions_02_021835.parquet,FAIL,30269,662,False,True,,0,,,0
vehicle_positions_02_021905.parquet,FAIL,30217,662,False,True,,0,,,0
vehicle_positions_02_021936.parquet,FAIL,30138,663,False,True,,0,,,0
vehicle_positions_02_022007.parquet,FAIL,30166,663,False,True,,0,,,0
vehicle_positions_02_022037.parquet,FAIL,30078,661,False,True,,0,,,0
vehicle_positions_02_022108.parquet,FAIL,30167,661,False,True,,0,,,0
vehicle_positions_02_022139.parquet,FAIL,29999,659,False,True,,0,,,0
vehicle_positions_02_022209.parquet,FAIL,30127,661,False,True,,0,,,0
vehicle_positions_02_022240.parquet,FAIL,30114,660,False,True,,0,,,0
vehicle_positions_02_022311.parquet,FAIL,29992,657,False,True,,0,,,0
vehicle_positions_02_022341.parquet,FAIL,29998,656,False,True,,0,,,0
vehicle_positions_02_022412.parquet,FAIL,30077,657,False,True,,0,,,0
vehicle_positions_02_022443.parquet,FAIL,30185,658,False,True,,0,,,0
vehicle_positions_02_022513.parquet,FAIL,29927,656,False,True,,0,,,0
vehicle_positions_02_022544.parquet,FAIL,29903,656,False,True,,0,,,0
vehicle_positions_02_022615.parquet,FAIL,30010,654,False,True,,0,,,0
vehicle_positions_02_022645.parquet,FAIL,29875,653,False,True,,0,,,0
vehicle_positions_02_022716.parquet,FAIL,29848,652,False,True,,0,,,0
vehicle_positions_02_022747.parquet,FAIL,29861,652,False,True,,0,,,0
vehicle_positions_02_022818.parquet,FAIL,29898,652,False,True,,0,,,0
vehicle_positions_02_022848.parquet,FAIL,29816,649,False,True,,0,,,0
vehicle_positions_02_022919.parquet,FAIL,29864,649,False,True,,0,,,0
vehicle_positions_02_022949.parquet,FAIL,30103,651,False,True,,0,,,0
vehicle_positions_02_023020.parquet,FAIL,29960,649,False,True,,0,,,0
vehicle_positions_02_023051.parquet,FAIL,29825,651,False,True,,0,,,0
vehicle_positions_02_023122.parquet,FAIL,29721,650,False,True,,0,,,0
vehicle_positions_02_023152.parquet,FAIL,29809,651,False,True,,0,,,0
vehicle_positions_02_023223.parquet,FAIL,29795,650,False,True,,0,,,0
vehicle_positions_02_023253.parquet,FAIL,29770,650,False,True,,0,,,0
vehicle_positions_02_023324.parquet,FAIL,29840,650,False,True,,0,,,0
vehicle_positions_02_023355.parquet,FAIL,29696,650,False,True,,0,,,0
vehicle_positions_02_023425.parquet,FAIL,29932,653,False,True,,0,,,0
vehicle_positions_02_023456.parquet,FAIL,29890,656,False,True,,0,,,0
vehicle_positions_02_023527.parquet,FAIL,29943,654,False,True,,0,,,0
vehicle_positions_02_023557.parquet,FAIL,29940,654,False,True,,0,,,0
vehicle_positions_02_023628.parquet,FAIL,29836,651,False,True,,0,,,0
vehicle_positions_02_023659.parquet,FAIL,29593,646,False,True,,0,,,0
vehicle_positions_02_023729.parquet,FAIL,29446,642,False,True,,0,,,0
vehicle_positions_02_023800.parquet,FAIL,29453,641,False,True,,0,,,0
vehicle_positions_02_023831.parquet,FAIL,29339,640,False,True,,0,,,0
vehicle_positions_02_023901.parquet,FAIL,29350,637,False,True,,0,,,0
vehicle_positions_02_023932.parquet,FAIL,29375,637,False,True,,0,,,0
vehicle_positions_02_024003.parquet,FAIL,29449,637,False,True,,0,,,0
vehicle_positions_02_024033.parquet,FAIL,29359,637,False,True,,0,,,0
vehicle_positions_02_024104.parquet,FAIL,29512,638,False,True,,0,,,0
vehicle_positions_02_024135.parquet,FAIL,29404,636,False,True,,0,,,0
vehicle_positions_02_024205.parquet,FAIL,29316,634,False,True,,0,,,0
vehicle_positions_02_024236.parquet,FAIL,29214,634,False,True,,0,,,0
vehicle_positions_02_024306.parquet,FAIL,29345,637,False,True,,0,,,0
vehicle_positions_02_024337.parquet,FAIL,29264,637,False,True,,0,,,0
vehicle_positions_02_024408.parquet,FAIL,29366,639,False,True,,0,,,0
vehicle_positions_02_024439.parquet,FAIL,29485,638,False,True,,0,,,0
vehicle_positions_02_024509.parquet,FAIL,29434,636,False,True,,0,,,0
vehicle_positions_02_024540.parquet,FAIL,29365,638,False,True,,0,,,0
vehicle_positions_02_024610.parquet,FAIL,29365,637,False,True,,0,,,0
vehicle_positions_02_024641.parquet,FAIL,29147,632,False,True,,0,,,0
vehicle_positions_02_024712.parquet,FAIL,29124,632,False,True,,0,,,0
vehicle_positions_02_024742.parquet,FAIL,29021,630,False,True,,0,,,0
vehicle_positions_02_024813.parquet,FAIL,28958,626,False,True,,0,,,0
vehicle_positions_02_024843.parquet,FAIL,28945,625,False,True,,0,,,0
vehicle_positions_02_024914.parquet,FAIL,29043,626,False,True,,0,,,0
vehicle_positions_02_024945.parquet,FAIL,28856,623,False,True,,0,,,0
vehicle_positions_02_025015.parquet,FAIL,28980,624,False,True,,0,,,0
vehicle_positions_02_025046.parquet,FAIL,28918,623,False,True,,0,,,0
vehicle_positions_02_025117.parquet,FAIL,28609,620,False,True,,0,,,0
vehicle_positions_02_025147.parquet,FAIL,28854,621,False,True,,0,,,0
vehicle_positions_02_025218.parquet,FAIL,28704,618,False,True,,0,,,0
vehicle_positions_02_025248.parquet,FAIL,28607,616,False,True,,0,,,0
vehicle_positions_02_025319.parquet,FAIL,28587,616,False,True,,0,,,0
vehicle_positions_02_025350.parquet,FAIL,28770,617,False,True,,0,,,0
vehicle_positions_02_025420.parquet,FAIL,28630,615,False,True,,0,,,0
vehicle_positions_02_025451.parquet,FAIL,28607,615,False,True,,0,,,0
vehicle_positions_02_025522.parquet,FAIL,28663,616,False,True,,0,,,0
vehicle_positions_02_025552.parquet,FAIL,28716,617,False,True,,0,,,0
vehicle_positions_02_025623.parquet,FAIL,28805,617,False,True,,0,,,0
vehicle_positions_02_025654.parquet,FAIL,28708,614,False,True,,0,,,0
vehicle_positions_02_025724.parquet,FAIL,28696,615,False,True,,0,,,0
vehicle_positions_02_025755.parquet,FAIL,28649,612,False,True,,0,,,0
vehicle_positions_02_025826.parquet,FAIL,28430,609,False,True,,0,,,0
vehicle_positions_02_025857.parquet,FAIL,28528,609,False,True,,0,,,0
vehicle_positions_02_025927.parquet,FAIL,28432,608,False,True,,0,,,0
vehicle_positions_02_025958.parquet,FAIL,28373,606,False,True,,0,,,0
vehicle_positions_03_030029.parquet,FAIL,28335,606,False,True,,0,,,0
vehicle_positions_03_030059.parquet,FAIL,28399,610,False,True,,0,,,0
vehicle_positions_03_030130.parquet,FAIL,28474,611,False,True,,0,,,0
vehicle_positions_03_030201.parquet,FAIL,28331,610,False,True,,0,,,0
vehicle_positions_03_030231.parquet,FAIL,28495,612,False,True,,0,,,0
vehicle_positions_03_030302.parquet,FAIL,28278,611,False,True,,0,,,0
vehicle_positions_03_030333.parquet,FAIL,28358,611,False,True,,0,,,0
vehicle_positions_03_030403.parquet,FAIL,28301,608,False,True,,0,,,0
vehicle_positions_03_030434.parquet,FAIL,28354,611,False,True,,0,,,0
vehicle_positions_03_030505.parquet,FAIL,28380,608,False,True,,0,,,0
vehicle_positions_03_030536.parquet,FAIL,28325,609,False,True,,0,,,0
vehicle_positions_03_030607.parquet,FAIL,28511,609,False,True,,0,,,0
vehicle_positions_03_030637.parquet,FAIL,28520,610,False,True,,0,,,0
vehicle_positions_03_030708.parquet,FAIL,28208,607,False,True,,0,,,0
vehicle_positions_03_030739.parquet,FAIL,28280,609,False,True,,0,,,0
vehicle_positions_03_030809.parquet,FAIL,28271,608,False,True,,0,,,0
vehicle_positions_03_030840.parquet,FAIL,28209,607,False,True,,0,,,0
vehicle_positions_03_030911.parquet,FAIL,28090,603,False,True,,0,,,0
vehicle_positions_03_030941.parquet,FAIL,28014,602,False,True,,0,,,0
vehicle_positions_03_031012.parquet,FAIL,28146,601,False,True,,0,,,0
vehicle_positions_03_031043.parquet,FAIL,28135,602,False,True,,0,,,0
vehicle_positions_03_031113.parquet,FAIL,28058,599,False,True,,0,,,0
vehicle_positions_03_031144.parquet,FAIL,28107,600,False,True,,0,,,0
vehicle_positions_03_031215.parquet,FAIL,28032,598,False,True,,0,,,0
vehicle_positions_03_031245.parquet,FAIL,27887,597,False,True,,0,,,0
vehicle_positions_03_031316.parquet,FAIL,27864,594,False,True,,0,,,0
vehicle_positions_03_031347.parquet,FAIL,27888,593,False,True,,0,,,0
vehicle_positions_03_031418.parquet,FAIL,28006,593,False,True,,0,,,0
vehicle_positions_03_031448.parquet,FAIL,27773,591,False,True,,0,,,0
vehicle_positions_03_031519.parquet,FAIL,27918,594,False,True,,0,,,0
vehicle_positions_03_031550.parquet,FAIL,27886,595,False,True,,0,,,0
vehicle_positions_03_031621.parquet,FAIL,27960,594,False,True,,0,,,0
vehicle_positions_03_031651.parquet,FAIL,27896,594,False,True,,0,,,0
vehicle_positions_03_031722.parquet,FAIL,27776,591,False,True,,0,,,0
vehicle_positions_03_031753.parquet,FAIL,27832,592,False,True,,0,,,0
vehicle_positions_03_031823.parquet,FAIL,27769,591,False,True,,0,,,0
vehicle_positions_03_031854.parquet,FAIL,27691,591,False,True,,0,,,0
vehicle_positions_03_031925.parquet,FAIL,27785,589,False,True,,0,,,0
vehicle_positions_03_031955.parquet,FAIL,27793,588,False,True,,0,,,0
vehicle_positions_03_032026.parquet,FAIL,27702,589,False,True,,0,,,0
vehicle_positions_03_032056.parquet,FAIL,27811,591,False,True,,0,,,0
vehicle_positions_03_032127.parquet,FAIL,27620,589,False,True,,0,,,0
vehicle_positions_03_032158.parquet,FAIL,27695,589,False,True,,0,,,0
vehicle_positions_03_032229.parquet,FAIL,27642,587,False,True,,0,,,0
vehicle_positions_03_032259.parquet,FAIL,27615,587,False,True,,0,,,0
vehicle_positions_03_032330.parquet,FAIL,27775,588,False,True,,0,,,0
vehicle_positions_03_032401.parquet,FAIL,27579,586,False,True,,0,,,0
vehicle_positions_03_032431.parquet,FAIL,27558,584,False,True,,0,,,0
vehicle_positions_03_032502.parquet,FAIL,27470,580,False,True,,0,,,0
vehicle_positions_03_032533.parquet,FAIL,27287,576,False,True,,0,,,0
vehicle_positions_03_032604.parquet,FAIL,27458,577,False,True,,0,,,0
vehicle_positions_03_032634.parquet,FAIL,27093,574,False,True,,0,,,0
vehicle_positions_03_032705.parquet,FAIL,27183,572,False,True,,0,,,0
vehicle_positions_03_032736.parquet,FAIL,27348,575,False,True,,0,,,0
vehicle_positions_03_032806.parquet,FAIL,27276,574,False,True,,0,,,0
vehicle_positions_03_032837.parquet,FAIL,27092,570,False,True,,0,,,0
vehicle_positions_03_032907.parquet,FAIL,27022,569,False,True,,0,,,0
vehicle_positions_03_032938.parquet,FAIL,27018,567,False,True,,0,,,0
vehicle_positions_03_033009.parquet,FAIL,26973,567,False,True,,0,,,0
vehicle_positions_03_033039.parquet,FAIL,27163,571,False,True,,0,,,0
vehicle_positions_03_033110.parquet,FAIL,27218,574,False,True,,0,,,0
vehicle_positions_03_033141.parquet,FAIL,27153,570,False,True,,0,,,0
vehicle_positions_03_033212.parquet,FAIL,27143,569,False,True,,0,,,0
vehicle_positions_03_033243.parquet,FAIL,27033,570,False,True,,0,,,0
vehicle_positions_03_033313.parquet,FAIL,27057,570,False,True,,0,,,0
vehicle_positions_03_033344.parquet,FAIL,26927,567,False,True,,0,,,0
vehicle_positions_03_033415.parquet,FAIL,27007,567,False,True,,0,,,0
vehicle_positions_03_033445.parquet,FAIL,27123,569,False,True,,0,,,0
vehicle_positions_03_033516.parquet,FAIL,27115,570,False,True,,0,,,0
vehicle_positions_03_033547.parquet,FAIL,26948,567,False,True,,0,,,0
vehicle_positions_03_033617.parquet,FAIL,27068,569,False,True,,0,,,0
vehicle_positions_03_033648.parquet,FAIL,26883,566,False,True,,0,,,0
vehicle_positions_03_033719.parquet,FAIL,26992,568,False,True,,0,,,0
vehicle_positions_03_033749.parquet,FAIL,26923,564,False,True,,0,,,0
vehicle_positions_03_033820.parquet,FAIL,26942,564,False,True,,0,,,0
vehicle_positions_03_033851.parquet,FAIL,26904,562,False,True,,0,,,0
vehicle_positions_03_033921.parquet,FAIL,26718,558,False,True,,0,,,0
vehicle_positions_03_033952.parquet,FAIL,26769,559,False,True,,0,,,0
vehicle_positions_03_034023.parquet,FAIL,26723,559,False,True,,0,,,0
vehicle_positions_03_034053.parquet,FAIL,26775,560,False,True,,0,,,0
vehicle_positions_03_034124.parquet,FAIL,26686,557,False,True,,0,,,0
vehicle_positions_03_034155.parquet,FAIL,26653,556,False,True,,0,,,0
vehicle_positions_03_034225.parquet,FAIL,26692,555,False,True,,0,,,0
vehicle_positions_03_034256.parquet,FAIL,26644,555,False,True,,0,,,0
vehicle_positions_03_034327.parquet,FAIL,26669,557,False,True,,0,,,0
vehicle_positions_03_034358.parquet,FAIL,26822,559,False,True,,0,,,0
vehicle_positions_03_034428.parquet,FAIL,26798,556,False,True,,0,,,0
vehicle_positions_03_034459.parquet,FAIL,26532,552,False,True,,0,,,0
vehicle_positions_03_034530.parquet,FAIL,26582,552,False,True,,0,,,0
vehicle_positions_03_034601.parquet,FAIL,26552,551,False,True,,0,,,0
vehicle_positions_03_034631.parquet,FAIL,26646,551,False,True,,0,,,0
vehicle_positions_03_034702.parquet,FAIL,26532,550,False,True,,0,,,0
vehicle_positions_03_034733.parquet,FAIL,26459,549,False,True,,0,,,0
vehicle_positions_03_034803.parquet,FAIL,26360,546,False,True,,0,,,0
vehicle_positions_03_034835.parquet,FAIL,26385,546,False,True,,0,,,0
vehicle_positions_03_034906.parquet,FAIL,26438,546,False,True,,0,,,0
vehicle_positions_03_034936.parquet,FAIL,26229,542,False,True,,0,,,0
vehicle_positions_03_035007.parquet,FAIL,26276,542,False,True,,0,,,0
vehicle_positions_03_035037.parquet,FAIL,26258,542,False,True,,0,,,0
vehicle_positions_03_035108.parquet,FAIL,26312,541,False,True,,0,,,0
vehicle_positions_03_035139.parquet,FAIL,26277,540,False,True,,0,,,0
vehicle_positions_03_035209.parquet,FAIL,26244,538,False,True,,0,,,0
vehicle_positions_03_035240.parquet,FAIL,26184,538,False,True,,0,,,0
vehicle_positions_03_035311.parquet,FAIL,26118,538,False,True,,0,,,0
vehicle_positions_03_035341.parquet,FAIL,26307,541,False,True,,0,,,0
vehicle_positions_03_035415.parquet,FAIL,26358,542,False,True,,0,,,0
vehicle_positions_03_035446.parquet,FAIL,26239,539,False,True,,0,,,0
vehicle_positions_03_035517.parquet,FAIL,26122,537,False,True,,0,,,0
vehicle_positions_03_035548.parquet,FAIL,26031,537,False,True,,0,,,0
vehicle_positions_03_035618.parquet,FAIL,26096,537,False,True,,0,,,0
vehicle_positions_03_035649.parquet,FAIL,25898,534,False,True,,0,,,0
vehicle_positions_03_035720.parquet,FAIL,25885,533,False,True,,0,,,0
vehicle_positions_03_035750.parquet,FAIL,26019,535,False,True,,0,,,0
vehicle_positions_03_035822.parquet,FAIL,25966,534,False,True,,0,,,0
vehicle_positions_03_035852.parquet,FAIL,26026,533,False,True,,0,,,0
vehicle_positions_03_035923.parquet,FAIL,26046,533,False,True,,0,,,0
vehicle_positions_03_035953.parquet,FAIL,25995,531,False,True,,0,,,0
vehicle_positions_04_040024.parquet,FAIL,25834,530,False,True,,0,,,0
vehicle_positions_04_040057.parquet,FAIL,25764,530,False,True,,0,,,0
vehicle_positions_04_040127.parquet,FAIL,25760,530,False,True,,0,,,0
vehicle_positions_04_040158.parquet,FAIL,25740,530,False,True,,0,,,0
vehicle_positions_04_040229.parquet,FAIL,25874,532,False,True,,0,,,0
vehicle_positions_04_040259.parquet,FAIL,25868,532,False,True,,0,,,0
vehicle_positions_04_040330.parquet,FAIL,25880,531,False,True,,0,,,0
vehicle_positions_04_040401.parquet,FAIL,26003,534,False,True,,0,,,0
vehicle_positions_04_040432.parquet,FAIL,25936,535,False,True,,0,,,0
vehicle_positions_04_040502.parquet,FAIL,26045,536,False,True,,0,,,0
vehicle_positions_04_040533.parquet,FAIL,25876,533,False,True,,0,,,0
vehicle_positions_04_040604.parquet,FAIL,25687,528,False,True,,0,,,0
vehicle_positions_04_040634.parquet,FAIL,25323,519,False,True,,0,,,0
vehicle_positions_04_040705.parquet,FAIL,25241,519,False,True,,0,,,0
vehicle_positions_04_040736.parquet,FAIL,25181,518,False,True,,0,,,0
vehicle_positions_04_040806.parquet,FAIL,25105,516,False,True,,0,,,0
vehicle_positions_04_040837.parquet,FAIL,24843,512,False,True,,0,,,0
vehicle_positions_04_040907.parquet,FAIL,24834,510,False,True,,0,,,0
vehicle_positions_04_040938.parquet,FAIL,25084,513,False,True,,0,,,0
vehicle_positions_04_041009.parquet,FAIL,24765,512,False,True,,0,,,0
vehicle_positions_04_041040.parquet,FAIL,25138,513,False,True,,0,,,0
vehicle_positions_04_041110.parquet,FAIL,24739,512,False,True,,0,,,0
vehicle_positions_04_041141.parquet,FAIL,24727,512,False,True,,0,,,0
vehicle_positions_04_041212.parquet,FAIL,25019,513,False,True,,0,,,0
vehicle_positions_04_041242.parquet,FAIL,24686,509,False,True,,0,,,0
vehicle_positions_04_041313.parquet,FAIL,24719,511,False,True,,0,,,0
vehicle_positions_04_041344.parquet,FAIL,24841,511,False,True,,0,,,0
vehicle_positions_04_041414.parquet,FAIL,24818,510,False,True,,0,,,0
vehicle_positions_04_041445.parquet,FAIL,25184,513,False,True,,0,,,0
vehicle_positions_04_041515.parquet,FAIL,24925,512,False,True,,0,,,0
vehicle_positions_04_041546.parquet,FAIL,25254,516,False,True,,0,,,0
vehicle_positions_04_041617.parquet,FAIL,25225,514,False,True,,0,,,0
vehicle_positions_04_041648.parquet,FAIL,25238,517,False,True,,0,,,0
vehicle_positions_04_041718.parquet,FAIL,25320,516,False,True,,0,,,0
vehicle_positions_04_041749.parquet,FAIL,25174,513,False,True,,0,,,0
vehicle_positions_04_041819.parquet,FAIL,25168,513,False,True,,0,,,0
vehicle_positions_04_041850.parquet,FAIL,24961,511,False,True,,0,,,0
vehicle_positions_04_041921.parquet,FAIL,24803,510,False,True,,0,,,0
vehicle_positions_04_041951.parquet,FAIL,24791,510,False,True,,0,,,0
vehicle_positions_04_042022.parquet,FAIL,24996,511,False,True,,0,,,0
vehicle_positions_04_042053.parquet,FAIL,24847,512,False,True,,0,,,0
vehicle_positions_04_042123.parquet,FAIL,24852,511,False,True,,0,,,0
vehicle_positions_04_042154.parquet,FAIL,24817,511,False,True,,0,,,0
vehicle_positions_04_042224.parquet,FAIL,24827,510,False,True,,0,,,0
vehicle_positions_04_042255.parquet,FAIL,24571,504,False,True,,0,,,0
vehicle_positions_04_042326.parquet,FAIL,24516,503,False,True,,0,,,0
vehicle_positions_04_042356.parquet,FAIL,24578,504,False,True,,0,,,0
vehicle_positions_04_042427.parquet,FAIL,24455,500,False,True,,0,,,0
vehicle_positions_04_042457.parquet,FAIL,24410,497,False,True,,0,,,0
vehicle_positions_04_042528.parquet,FAIL,24336,493,False,True,,0,,,0
vehicle_positions_04_042559.parquet,FAIL,24172,490,False,True,,0,,,0
vehicle_positions_04_042629.parquet,FAIL,24057,488,False,True,,0,,,0
vehicle_positions_04_042700.parquet,FAIL,24157,491,False,True,,0,,,0
vehicle_positions_04_042730.parquet,FAIL,24200,491,False,True,,0,,,0
vehicle_positions_04_042801.parquet,FAIL,24191,492,False,True,,0,,,0
vehicle_positions_04_042832.parquet,FAIL,24188,492,False,True,,0,,,0
vehicle_positions_04_042904.parquet,FAIL,24125,491,False,True,,0,,,0
vehicle_positions_04_042935.parquet,FAIL,24045,487,False,True,,0,,,0
vehicle_positions_04_043005.parquet,FAIL,23874,484,False,True,,0,,,0
vehicle_positions_04_043036.parquet,FAIL,23966,486,False,True,,0,,,0
vehicle_positions_04_043106.parquet,FAIL,23929,486,False,True,,0,,,0
vehicle_positions_04_043137.parquet,FAIL,23903,483,False,True,,0,,,0
vehicle_positions_04_043208.parquet,FAIL,23841,481,False,True,,0,,,0
vehicle_positions_04_043238.parquet,FAIL,23899,482,False,True,,0,,,0
vehicle_positions_04_043309.parquet,FAIL,23944,485,False,True,,0,,,0
vehicle_positions_04_043340.parquet,FAIL,23944,487,False,True,,0,,,0
vehicle_positions_04_043410.parquet,FAIL,23904,486,False,True,,0,,,0
vehicle_positions_04_043441.parquet,FAIL,23995,486,False,True,,0,,,0
vehicle_positions_04_043511.parquet,FAIL,23984,484,False,True,,0,,,0
vehicle_positions_04_043542.parquet,FAIL,24002,484,False,True,,0,,,0
vehicle_positions_04_043613.parquet,FAIL,24014,485,False,True,,0,,,0
vehicle_positions_04_043643.parquet,FAIL,23922,483,False,True,,0,,,0
vehicle_positions_04_043714.parquet,FAIL,23793,480,False,True,,0,,,0
vehicle_positions_04_043745.parquet,FAIL,23911,481,False,True,,0,,,0
vehicle_positions_04_043815.parquet,FAIL,23987,481,False,True,,0,,,0
vehicle_positions_04_043846.parquet,FAIL,23782,478,False,True,,0,,,0
vehicle_positions_04_043916.parquet,FAIL,23670,476,False,True,,0,,,0
vehicle_positions_04_043947.parquet,FAIL,23654,474,False,True,,0,,,0
vehicle_positions_04_044018.parquet,FAIL,23460,471,False,True,,0,,,0
vehicle_positions_04_044048.parquet,FAIL,23512,472,False,True,,0,,,0
vehicle_positions_04_044119.parquet,FAIL,23465,470,False,True,,0,,,0
vehicle_positions_04_044149.parquet,FAIL,23478,469,False,True,,0,,,0
vehicle_positions_04_044220.parquet,FAIL,23579,470,False,True,,0,,,0
vehicle_positions_04_044251.parquet,FAIL,23503,468,False,True,,0,,,0
vehicle_positions_04_044321.parquet,FAIL,23399,466,False,True,,0,,,0
vehicle_positions_04_044352.parquet,FAIL,23405,466,False,True,,0,,,0
vehicle_positions_04_044422.parquet,FAIL,23460,467,False,True,,0,,,0
vehicle_positions_04_044453.parquet,FAIL,23433,466,False,True,,0,,,0
vehicle_positions_04_044524.parquet,FAIL,23365,465,False,True,,0,,,0
vehicle_positions_04_044554.parquet,FAIL,23283,462,False,True,,0,,,0
vehicle_positions_04_044625.parquet,FAIL,23261,460,False,True,,0,,,0
vehicle_positions_04_044656.parquet,FAIL,23337,461,False,True,,0,,,0
vehicle_positions_04_044730.parquet,FAIL,23354,462,False,True,,0,,,0
vehicle_positions_04_044800.parquet,FAIL,23362,463,False,True,,0,,,0
vehicle_positions_04_044831.parquet,FAIL,23230,459,False,True,,0,,,0
vehicle_positions_04_044902.parquet,FAIL,23218,459,False,True,,0,,,0
vehicle_positions_04_044932.parquet,FAIL,23178,457,False,True,,0,,,0
vehicle_positions_04_045003.parquet,FAIL,23053,453,False,True,,0,,,0
vehicle_positions_04_045033.parquet,FAIL,22941,451,False,True,,0,,,0
vehicle_positions_04_045104.parquet,FAIL,22809,450,False,True,,0,,,0
vehicle_positions_04_045135.parquet,FAIL,23014,454,False,True,,0,,,0
vehicle_positions_04_045205.parquet,FAIL,22971,453,False,True,,0,,,0
vehicle_positions_04_045236.parquet,FAIL,23037,452,False,True,,0,,,0
vehicle_positions_04_045306.parquet,FAIL,22973,449,False,True,,0,,,0
vehicle_positions_04_045337.parquet,FAIL,23019,451,False,True,,0,,,0
vehicle_positions_04_045407.parquet,FAIL,23053,452,False,True,,0,,,0
vehicle_positions_04_045438.parquet,FAIL,23019,452,False,True,,0,,,0
vehicle_positions_04_045509.parquet,FAIL,22985,451,False,True,,0,,,0
vehicle_positions_04_045539.parquet,FAIL,22912,450,False,True,,0,,,0
vehicle_positions_04_045610.parquet,FAIL,23028,451,False,True,,0,,,0
vehicle_positions_04_045640.parquet,FAIL,22944,448,False,True,,0,,,0
vehicle_positions_04_045712.parquet,FAIL,22993,448,False,True,,0,,,0
vehicle_positions_04_045743.parquet,FAIL,22776,445,False,True,,0,,,0
vehicle_positions_04_045814.parquet,FAIL,22688,441,False,True,,0,,,0
vehicle_positions_04_045844.parquet,FAIL,22555,438,False,True,,0,,,0
vehicle_positions_04_045915.parquet,FAIL,22526,439,False,True,,0,,,0
vehicle_positions_04_045945.parquet,FAIL,22566,441,False,True,,0,,,0
vehicle_positions_05_050016.parquet,FAIL,22504,440,False,True,,0,,,0
vehicle_positions_05_050046.parquet,FAIL,22519,441,False,True,,0,,,0
vehicle_positions_05_050117.parquet,FAIL,22454,438,False,True,,0,,,0
vehicle_positions_05_050148.parquet,FAIL,22470,438,False,True,,0,,,0
vehicle_positions_05_050218.parquet,FAIL,22371,436,False,True,,0,,,0
vehicle_positions_05_050249.parquet,FAIL,22326,435,False,True,,0,,,0
vehicle_positions_05_050319.parquet,FAIL,22373,437,False,True,,0,,,0
vehicle_positions_05_050350.parquet,FAIL,22373,438,False,True,,0,,,0
vehicle_positions_05_050420.parquet,FAIL,22254,435,False,True,,0,,,0
vehicle_positions_05_050451.parquet,FAIL,22332,435,False,True,,0,,,0
vehicle_positions_05_050522.parquet,FAIL,22273,433,False,True,,0,,,0
vehicle_positions_05_050553.parquet,FAIL,22137,431,False,True,,0,,,0
vehicle_positions_05_050623.parquet,FAIL,22259,431,False,True,,0,,,0
vehicle_positions_05_050654.parquet,FAIL,22303,434,False,True,,0,,,0
vehicle_positions_05_050724.parquet,FAIL,22289,435,False,True,,0,,,0
vehicle_positions_05_050755.parquet,FAIL,22297,433,False,True,,0,,,0
vehicle_positions_05_050825.parquet,FAIL,22122,432,False,True,,0,,,0
vehicle_positions_05_050856.parquet,FAIL,22136,431,False,True,,0,,,0
vehicle_positions_05_050926.parquet,FAIL,22268,430,False,True,,0,,,0
vehicle_positions_05_050957.parquet,FAIL,22177,428,False,True,,0,,,0
vehicle_positions_05_051028.parquet,FAIL,22144,428,False,True,,0,,,0
vehicle_positions_05_051058.parquet,FAIL,22145,429,False,True,,0,,,0
vehicle_positions_05_051129.parquet,FAIL,22259,429,False,True,,0,,,0
vehicle_positions_05_051200.parquet,FAIL,22106,428,False,True,,0,,,0
vehicle_positions_05_051230.parquet,FAIL,22121,427,False,True,,0,,,0
vehicle_positions_05_051301.parquet,FAIL,22126,426,False,True,,0,,,0
vehicle_positions_05_051332.parquet,FAIL,21986,423,False,True,,0,,,0
vehicle_positions_05_051402.parquet,FAIL,21877,420,False,True,,0,,,0
vehicle_positions_05_051433.parquet,FAIL,21982,421,False,True,,0,,,0
vehicle_positions_05_051503.parquet,FAIL,22063,423,False,True,,0,,,0
vehicle_positions_05_051534.parquet,FAIL,21949,422,False,True,,0,,,0
vehicle_positions_05_051605.parquet,FAIL,21807,420,False,True,,0,,,0
vehicle_positions_05_051635.parquet,FAIL,21847,418,False,True,,0,,,0
vehicle_positions_05_051706.parquet,FAIL,21713,416,False,True,,0,,,0
vehicle_positions_05_051736.parquet,FAIL,21661,415,False,True,,0,,,0
vehicle_positions_05_051807.parquet,FAIL,21776,416,False,True,,0,,,0
vehicle_positions_05_051837.parquet,FAIL,21807,416,False,True,,0,,,0
vehicle_positions_05_051908.parquet,FAIL,21745,413,False,True,,0,,,0
vehicle_positions_05_051938.parquet,FAIL,21685,412,False,True,,0,,,0
vehicle_positions_05_052010.parquet,FAIL,21535,409,False,True,,0,,,0
vehicle_positions_05_052040.parquet,FAIL,21568,409,False,True,,0,,,0
vehicle_positions_05_052111.parquet,FAIL,21426,407,False,True,,0,,,0
vehicle_positions_05_052141.parquet,FAIL,21503,409,False,True,,0,,,0
vehicle_positions_05_052214.parquet,FAIL,21457,406,False,True,,0,,,0
vehicle_positions_05_052244.parquet,FAIL,21358,406,False,True,,0,,,0
vehicle_positions_05_052315.parquet,FAIL,21375,404,False,True,,0,,,0
vehicle_positions_05_052346.parquet,FAIL,21361,405,False,True,,0,,,0
vehicle_positions_05_052416.parquet,FAIL,21436,409,False,True,,0,,,0
vehicle_positions_05_052447.parquet,FAIL,21601,410,False,True,,0,,,0
vehicle_positions_05_052518.parquet,FAIL,21545,409,False,True,,0,,,0
vehicle_positions_05_052548.parquet,FAIL,21434,407,False,True,,0,,,0
vehicle_positions_05_052619.parquet,FAIL,21337,406,False,True,,0,,,0
vehicle_positions_05_052650.parquet,FAIL,21342,404,False,True,,0,,,0
vehicle_positions_05_052720.parquet,FAIL,21248,402,False,True,,0,,,0
vehicle_positions_05_052751.parquet,FAIL,21175,401,False,True,,0,,,0
vehicle_positions_05_052821.parquet,FAIL,21207,401,False,True,,0,,,0
vehicle_positions_05_052852.parquet,FAIL,21072,399,False,True,,0,,,0
vehicle_positions_05_052922.parquet,FAIL,21034,397,False,True,,0,,,0
vehicle_positions_05_052953.parquet,FAIL,20995,396,False,True,,0,,,0
vehicle_positions_05_053024.parquet,FAIL,20977,397,False,True,,0,,,0
vehicle_positions_05_053054.parquet,FAIL,21010,397,False,True,,0,,,0
vehicle_positions_05_053127.parquet,FAIL,21073,397,False,True,,0,,,0
vehicle_positions_05_053158.parquet,FAIL,20988,394,False,True,,0,,,0
vehicle_positions_05_053229.parquet,FAIL,20942,394,False,True,,0,,,0
vehicle_positions_05_053259.parquet,FAIL,21012,393,False,True,,0,,,0
vehicle_positions_05_053330.parquet,FAIL,20849,391,False,True,,0,,,0
vehicle_positions_05_053400.parquet,FAIL,20722,389,False,True,,0,,,0
vehicle_positions_05_053431.parquet,FAIL,20812,390,False,True,,0,,,0
vehicle_positions_05_053503.parquet,FAIL,20627,386,False,True,,0,,,0
vehicle_positions_05_053534.parquet,FAIL,20570,384,False,True,,0,,,0
vehicle_positions_05_053604.parquet,FAIL,20550,383,False,True,,0,,,0
vehicle_positions_05_053635.parquet,FAIL,20578,385,False,True,,0,,,0
vehicle_positions_05_053706.parquet,FAIL,20644,384,False,True,,0,,,0
vehicle_positions_05_053736.parquet,FAIL,20677,386,False,True,,0,,,0
vehicle_positions_05_053807.parquet,FAIL,20701,385,False,True,,0,,,0
vehicle_positions_05_053838.parquet,FAIL,20657,384,False,True,,0,,,0
vehicle_positions_05_053908.parquet,FAIL,20650,384,False,True,,0,,,0
vehicle_positions_05_053939.parquet,FAIL,20504,381,False,True,,0,,,0
vehicle_positions_05_054010.parquet,FAIL,20499,382,False,True,,0,,,0
vehicle_positions_05_054040.parquet,FAIL,20368,379,False,True,,0,,,0
vehicle_positions_05_054111.parquet,FAIL,20430,381,False,True,,0,,,0
vehicle_positions_05_054141.parquet,FAIL,20357,378,False,True,,0,,,0
vehicle_positions_05_054212.parquet,FAIL,20418,380,False,True,,0,,,0
vehicle_positions_05_054243.parquet,FAIL,20470,381,False,True,,0,,,0
vehicle_positions_05_054313.parquet,FAIL,20481,381,False,True,,0,,,0
vehicle_positions_05_054344.parquet,FAIL,20444,381,False,True,,0,,,0
vehicle_positions_05_054414.parquet,FAIL,20472,378,False,True,,0,,,0
vehicle_positions_05_054445.parquet,FAIL,20452,380,False,True,,0,,,0
vehicle_positions_05_054515.parquet,FAIL,20391,378,False,True,,0,,,0
vehicle_positions_05_054546.parquet,FAIL,20542,382,False,True,,0,,,0
vehicle_positions_05_054617.parquet,FAIL,20628,384,False,True,,0,,,0
vehicle_positions_05_054647.parquet,FAIL,20564,382,False,True,,0,,,0
vehicle_positions_05_054718.parquet,FAIL,20435,378,False,True,,0,,,0
vehicle_positions_05_054749.parquet,FAIL,20318,376,False,True,,0,,,0
vehicle_positions_05_054819.parquet,FAIL,20216,374,False,True,,0,,,0
vehicle_positions_05_054850.parquet,FAIL,20251,373,False,True,,0,,,0
vehicle_positions_05_054921.parquet,FAIL,20257,372,False,True,,0,,,0
vehicle_positions_05_054951.parquet,FAIL,20346,373,False,True,,0,,,0
vehicle_positions_05_055022.parquet,FAIL,20255,372,False,True,,0,,,0
vehicle_positions_05_055052.parquet,FAIL,20304,371,False,True,,0,,,0
vehicle_positions_05_055123.parquet,FAIL,20271,371,False,True,,0,,,0
vehicle_positions_05_055153.parquet,FAIL,20232,369,False,True,,0,,,0
vehicle_positions_05_055224.parquet,FAIL,20090,368,False,True,,0,,,0
vehicle_positions_05_055255.parquet,FAIL,20173,368,False,True,,0,,,0
vehicle_positions_05_055325.parquet,FAIL,20135,367,False,True,,0,,,0
vehicle_positions_05_055356.parquet,FAIL,20082,368,False,True,,0,,,0
vehicle_positions_05_055426.parquet,FAIL,20112,368,False,True,,0,,,0
vehicle_positions_05_055457.parquet,FAIL,20187,369,False,True,,0,,,0
vehicle_positions_05_055527.parquet,FAIL,20194,371,False,True,,0,,,0
vehicle_positions_05_055558.parquet,FAIL,20205,371,False,True,,0,,,0
vehicle_positions_05_055629.parquet,FAIL,20058,368,False,True,,0,,,0
vehicle_positions_05_055659.parquet,FAIL,20029,368,False,True,,0,,,0
vehicle_positions_05_055730.parquet,FAIL,20162,369,False,True,,0,,,0
vehicle_positions_05_055800.parquet,FAIL,20134,366,False,True,,0,,,0
vehicle_positions_05_055831.parquet,FAIL,20072,367,False,True,,0,,,0
vehicle_positions_05_055901.parquet,FAIL,19961,366,False,True,,0,,,0
vehicle_positions_05_055932.parquet,FAIL,19876,363,False,True,,0,,,0
vehicle_positions_06_060003.parquet,FAIL,19945,365,False,True,,0,,,0
vehicle_positions_06_060033.parquet,FAIL,20016,368,False,True,,0,,,0
vehicle_positions_06_060104.parquet,FAIL,20132,369,False,True,,0,,,0
vehicle_positions_06_060135.parquet,FAIL,20211,370,False,True,,0,,,0
vehicle_positions_06_060206.parquet,FAIL,20047,369,False,True,,0,,,0
vehicle_positions_06_060236.parquet,FAIL,20103,370,False,True,,0,,,0
vehicle_positions_06_060307.parquet,FAIL,20088,368,False,True,,0,,,0
vehicle_positions_06_060337.parquet,FAIL,20103,369,False,True,,0,,,0
vehicle_positions_06_060408.parquet,FAIL,19945,366,False,True,,0,,,0
vehicle_positions_06_060438.parquet,FAIL,19964,366,False,True,,0,,,0
vehicle_positions_06_060509.parquet,FAIL,20038,368,False,True,,0,,,0
vehicle_positions_06_060540.parquet,FAIL,19900,364,False,True,,0,,,0
vehicle_positions_06_060610.parquet,FAIL,20036,364,False,True,,0,,,0
vehicle_positions_06_060641.parquet,FAIL,20015,365,False,True,,0,,,0
vehicle_positions_06_060711.parquet,FAIL,20005,365,False,True,,0,,,0
vehicle_positions_06_060742.parquet,FAIL,19990,365,False,True,,0,,,0
vehicle_positions_06_060812.parquet,FAIL,20010,365,False,True,,0,,,0
vehicle_positions_06_060843.parquet,FAIL,19970,365,False,True,,0,,,0
vehicle_positions_06_060914.parquet,FAIL,19889,365,False,True,,0,,,0
vehicle_positions_06_060944.parquet,FAIL,19836,364,False,True,,0,,,0
vehicle_positions_06_061015.parquet,FAIL,19846,363,False,True,,0,,,0
vehicle_positions_06_061045.parquet,FAIL,19897,365,False,True,,0,,,0
vehicle_positions_06_061116.parquet,FAIL,19957,366,False,True,,0,,,0
vehicle_positions_06_061146.parquet,FAIL,19937,363,False,True,,0,,,0
vehicle_positions_06_061217.parquet,FAIL,19942,363,False,True,,0,,,0
vehicle_positions_06_061248.parquet,FAIL,19736,360,False,True,,0,,,0
vehicle_positions_06_061319.parquet,FAIL,19642,357,False,True,,0,,,0
vehicle_positions_06_061349.parquet,FAIL,19697,356,False,True,,0,,,0
vehicle_positions_06_061420.parquet,FAIL,19763,358,False,True,,0,,,0
vehicle_positions_06_061450.parquet,FAIL,19753,358,False,True,,0,,,0
vehicle_positions_06_061521.parquet,FAIL,19776,358,False,True,,0,,,0
vehicle_positions_06_061551.parquet,FAIL,19813,359,False,True,,0,,,0
vehicle_positions_06_061622.parquet,FAIL,19782,357,False,True,,0,,,0
vehicle_positions_06_061653.parquet,FAIL,19734,357,False,True,,0,,,0
vehicle_positions_06_061724.parquet,FAIL,19731,355,False,True,,0,,,0
vehicle_positions_06_061754.parquet,FAIL,19760,355,False,True,,0,,,0
vehicle_positions_06_061825.parquet,FAIL,19676,355,False,True,,0,,,0
vehicle_positions_06_061855.parquet,FAIL,19685,354,False,True,,0,,,0
vehicle_positions_06_061926.parquet,FAIL,19541,352,False,True,,0,,,0
vehicle_positions_06_061957.parquet,FAIL,19486,349,False,True,,0,,,0
vehicle_positions_06_062027.parquet,FAIL,19544,349,False,True,,0,,,0
vehicle_positions_06_062058.parquet,FAIL,19508,349,False,True,,0,,,0
vehicle_positions_06_062129.parquet,FAIL,19474,349,False,True,,0,,,0
vehicle_positions_06_062159.parquet,FAIL,19435,349,False,True,,0,,,0
vehicle_positions_06_062230.parquet,FAIL,19409,347,False,True,,0,,,0
vehicle_positions_06_062301.parquet,FAIL,19364,345,False,True,,0,,,0
vehicle_positions_06_062331.parquet,FAIL,19266,343,False,True,,0,,,0
vehicle_positions_06_062402.parquet,FAIL,19216,342,False,True,,0,,,0
vehicle_positions_06_062432.parquet,FAIL,19153,341,False,True,,0,,,0
vehicle_positions_06_062503.parquet,FAIL,19131,340,False,True,,0,,,0
vehicle_positions_06_062534.parquet,FAIL,19094,337,False,True,,0,,,0
vehicle_positions_06_062604.parquet,FAIL,19166,338,False,True,,0,,,0
vehicle_positions_06_062635.parquet,FAIL,19080,336,False,True,,0,,,0
vehicle_positions_06_062705.parquet,FAIL,19139,336,False,True,,0,,,0
vehicle_positions_06_062736.parquet,FAIL,19042,334,False,True,,0,,,0
vehicle_positions_06_062807.parquet,FAIL,18963,333,False,True,,0,,,0
vehicle_positions_06_062837.parquet,FAIL,18855,331,False,True,,0,,,0
vehicle_positions_06_062908.parquet,FAIL,18845,329,False,True,,0,,,0
vehicle_positions_06_062938.parquet,FAIL,18789,329,False,True,,0,,,0
vehicle_positions_06_063009.parquet,FAIL,18759,330,False,True,,0,,,0
vehicle_positions_06_063040.parquet,FAIL,18851,331,False,True,,0,,,0
vehicle_positions_06_063111.parquet,FAIL,18855,331,False,True,,0,,,0
vehicle_positions_06_063142.parquet,FAIL,18843,331,False,True,,0,,,0
vehicle_positions_06_063212.parquet,FAIL,18712,329,False,True,,0,,,0
vehicle_positions_06_063243.parquet,FAIL,18627,328,False,True,,0,,,0
vehicle_positions_06_063314.parquet,FAIL,18621,327,False,True,,0,,,0
vehicle_positions_06_063344.parquet,FAIL,18590,326,False,True,,0,,,0
vehicle_positions_06_063415.parquet,FAIL,18615,324,False,True,,0,,,0
vehicle_positions_06_063446.parquet,FAIL,18526,321,False,True,,0,,,0
vehicle_positions_06_063516.parquet,FAIL,18371,320,False,True,,0,,,0
vehicle_positions_06_063547.parquet,FAIL,18491,322,False,True,,0,,,0
vehicle_positions_06_063618.parquet,FAIL,18511,321,False,True,,0,,,0
vehicle_positions_06_063648.parquet,FAIL,18380,317,False,True,,0,,,0
vehicle_positions_06_063719.parquet,FAIL,18357,315,False,True,,0,,,0
vehicle_positions_06_063749.parquet,FAIL,18359,316,False,True,,0,,,0
vehicle_positions_06_063820.parquet,FAIL,18304,315,False,True,,0,,,0
vehicle_positions_06_063851.parquet,FAIL,18267,314,False,True,,0,,,0
vehicle_positions_06_063921.parquet,FAIL,18272,314,False,True,,0,,,0
vehicle_positions_06_063952.parquet,FAIL,18299,313,False,True,,0,,,0
vehicle_positions_06_064022.parquet,FAIL,18075,310,False,True,,0,,,0
vehicle_positions_06_064053.parquet,FAIL,18028,309,False,True,,0,,,0
vehicle_positions_06_064123.parquet,FAIL,18085,309,False,True,,0,,,0
vehicle_positions_06_064154.parquet,FAIL,18089,308,False,True,,0,,,0
vehicle_positions_06_064225.parquet,FAIL,18082,307,False,True,,0,,,0
vehicle_positions_06_064255.parquet,FAIL,17986,306,False,True,,0,,,0
vehicle_positions_06_064326.parquet,FAIL,17886,304,False,True,,0,,,0
vehicle_positions_06_064356.parquet,FAIL,17926,304,False,True,,0,,,0
vehicle_positions_06_064427.parquet,FAIL,17875,302,False,True,,0,,,0
vehicle_positions_06_064457.parquet,FAIL,17817,302,False,True,,0,,,0
vehicle_positions_06_064528.parquet,FAIL,17763,302,False,True,,0,,,0
vehicle_positions_06_064559.parquet,FAIL,17687,302,False,True,,0,,,0
vehicle_positions_06_064630.parquet,FAIL,17667,299,False,True,,0,,,0
vehicle_positions_06_064700.parquet,FAIL,17694,299,False,True,,0,,,0
vehicle_positions_06_064731.parquet,FAIL,17749,298,False,True,,0,,,0
vehicle_positions_06_064801.parquet,FAIL,17699,299,False,True,,0,,,0
vehicle_positions_06_064832.parquet,FAIL,17731,301,False,True,,0,,,0
vehicle_positions_06_064903.parquet,FAIL,17760,300,False,True,,0,,,0
vehicle_positions_06_064933.parquet,FAIL,17723,300,False,True,,0,,,0
vehicle_positions_06_065004.parquet,FAIL,17692,299,False,True,,0,,,0
vehicle_positions_06_065035.parquet,FAIL,17769,301,False,True,,0,,,0
vehicle_positions_06_065106.parquet,FAIL,17755,301,False,True,,0,,,0
vehicle_positions_06_065137.parquet,FAIL,17893,302,False,True,,0,,,0
vehicle_positions_06_065208.parquet,FAIL,17847,301,False,True,,0,,,0
vehicle_positions_06_065238.parquet,FAIL,17846,302,False,True,,0,,,0
vehicle_positions_06_065309.parquet,FAIL,17749,299,False,True,,0,,,0
vehicle_positions_06_065339.parquet,FAIL,17744,298,False,True,,0,,,0
vehicle_positions_06_065410.parquet,FAIL,17684,299,False,True,,0,,,0
vehicle_positions_06_065441.parquet,FAIL,17656,298,False,True,,0,,,0
vehicle_positions_06_065511.parquet,FAIL,17555,296,False,True,,0,,,0
vehicle_positions_06_065542.parquet,FAIL,17550,295,False,True,,0,,,0
vehicle_positions_06_065612.parquet,FAIL,17558,295,False,True,,0,,,0
vehicle_positions_06_065643.parquet,FAIL,17495,293,False,True,,0,,,0
vehicle_positions_06_065714.parquet,FAIL,17471,292,False,True,,0,,,0
vehicle_positions_06_065744.parquet,FAIL,17521,291,False,True,,0,,,0
vehicle_positions_06_065815.parquet,FAIL,17441,290,False,True,,0,,,0
vehicle_positions_06_065846.parquet,FAIL,17239,286,False,True,,0,,,0
vehicle_positions_06_065916.parquet,FAIL,17261,286,False,True,,0,,,0
vehicle_positions_06_065947.parquet,FAIL,17287,288,False,True,,0,,,0
vehicle_positions_07_070017.parquet,FAIL,17318,288,False,True,,0,,,0
vehicle_positions_07_070049.parquet,FAIL,17326,288,False,True,,0,,,0
vehicle_positions_07_070121.parquet,FAIL,17336,288,False,True,,0,,,0
vehicle_positions_07_070152.parquet,FAIL,17333,288,False,True,,0,,,0
vehicle_positions_07_070222.parquet,FAIL,17182,286,False,True,,0,,,0
vehicle_positions_07_070253.parquet,FAIL,17195,284,False,True,,0,,,0
vehicle_positions_07_070323.parquet,FAIL,17221,283,False,True,,0,,,0
vehicle_positions_07_070354.parquet,FAIL,17331,284,False,True,,0,,,0
vehicle_positions_07_070425.parquet,FAIL,17242,283,False,True,,0,,,0
vehicle_positions_07_070455.parquet,FAIL,17304,283,False,True,,0,,,0
vehicle_positions_07_070526.parquet,FAIL,17125,280,False,True,,0,,,0
vehicle_positions_07_070556.parquet,FAIL,17092,279,False,True,,0,,,0
vehicle_positions_07_070627.parquet,FAIL,17031,276,False,True,,0,,,0
vehicle_positions_07_070658.parquet,FAIL,17105,277,False,True,,0,,,0
vehicle_positions_07_070728.parquet,FAIL,17001,275,False,True,,0,,,0
vehicle_positions_07_070759.parquet,FAIL,16973,273,False,True,,0,,,0
vehicle_positions_07_070829.parquet,FAIL,16744,270,False,True,,0,,,0
vehicle_positions_07_070900.parquet,FAIL,16789,270,False,True,,0,,,0
vehicle_positions_07_070930.parquet,FAIL,16793,271,False,True,,0,,,0
vehicle_positions_07_071001.parquet,FAIL,16730,269,False,True,,0,,,0
vehicle_positions_07_071032.parquet,FAIL,16719,269,False,True,,0,,,0
vehicle_positions_07_071102.parquet,FAIL,16721,270,False,True,,0,,,0
vehicle_positions_07_071133.parquet,FAIL,16698,268,False,True,,0,,,0
vehicle_positions_07_071203.parquet,FAIL,16745,267,False,True,,0,,,0
vehicle_positions_07_071234.parquet,FAIL,16751,269,False,True,,0,,,0
vehicle_positions_07_071305.parquet,FAIL,16758,268,False,True,,0,,,0
vehicle_positions_07_071335.parquet,FAIL,16734,267,False,True,,0,,,0
vehicle_positions_07_071406.parquet,FAIL,16650,265,False,True,,0,,,0
vehicle_positions_07_071436.parquet,FAIL,16467,262,False,True,,0,,,0
vehicle_positions_07_071507.parquet,FAIL,16398,261,False,True,,0,,,0
vehicle_positions_07_071538.parquet,FAIL,16277,258,False,True,,0,,,0
vehicle_positions_07_071608.parquet,FAIL,16105,256,False,True,,0,,,0
vehicle_positions_07_071639.parquet,FAIL,16132,256,False,True,,0,,,0
vehicle_positions_07_071709.parquet,FAIL,16101,254,False,True,,0,,,0
vehicle_positions_07_071740.parquet,FAIL,16067,254,False,True,,0,,,0
vehicle_positions_07_071811.parquet,FAIL,16034,252,False,True,,0,,,0
vehicle_positions_07_071841.parquet,FAIL,16002,250,False,True,,0,,,0
vehicle_positions_07_071912.parquet,FAIL,16001,250,False,True,,0,,,0
vehicle_positions_07_071942.parquet,FAIL,16027,250,False,True,,0,,,0
vehicle_positions_07_072013.parquet,FAIL,15960,249,False,True,,0,,,0
vehicle_positions_07_072043.parquet,FAIL,15962,249,False,True,,0,,,0
vehicle_positions_07_072114.parquet,FAIL,15863,248,False,True,,0,,,0
vehicle_positions_07_072144.parquet,FAIL,15776,245,False,True,,0,,,0
vehicle_positions_07_072215.parquet,FAIL,15674,243,False,True,,0,,,0
vehicle_positions_07_072246.parquet,FAIL,15730,243,False,True,,0,,,0
vehicle_positions_07_072316.parquet,FAIL,15784,243,False,True,,0,,,0
vehicle_positions_07_072347.parquet,FAIL,15769,242,False,True,,0,,,0
vehicle_positions_07_072417.parquet,FAIL,15639,241,False,True,,0,,,0
vehicle_positions_07_072448.parquet,FAIL,15477,238,False,True,,0,,,0
vehicle_positions_07_072518.parquet,FAIL,15482,239,False,True,,0,,,0
vehicle_positions_07_072549.parquet,FAIL,15492,238,False,True,,0,,,0
vehicle_positions_07_072620.parquet,FAIL,15465,236,False,True,,0,,,0
vehicle_positions_07_072650.parquet,FAIL,15431,235,False,True,,0,,,0
vehicle_positions_07_072721.parquet,FAIL,15403,233,False,True,,0,,,0
vehicle_positions_07_072751.parquet,FAIL,15399,234,False,True,,0,,,0
vehicle_positions_07_072822.parquet,FAIL,15400,234,False,True,,0,,,0
vehicle_positions_07_072853.parquet,FAIL,15160,228,False,True,,0,,,0
vehicle_positions_07_072923.parquet,FAIL,15129,228,False,True,,0,,,0
vehicle_positions_07_072954.parquet,FAIL,15094,226,False,True,,0,,,0
vehicle_positions_07_073024.parquet,FAIL,15155,228,False,True,,0,,,0
vehicle_positions_07_073055.parquet,FAIL,15132,226,False,True,,0,,,0
vehicle_positions_07_073126.parquet,FAIL,14882,223,False,True,,0,,,0
vehicle_positions_07_073156.parquet,FAIL,15005,223,False,True,,0,,,0
vehicle_positions_07_073227.parquet,FAIL,15006,224,False,True,,0,,,0
vehicle_positions_07_073258.parquet,FAIL,14993,223,False,True,,0,,,0
vehicle_positions_07_073328.parquet,FAIL,15029,223,False,True,,0,,,0
vehicle_positions_07_073359.parquet,FAIL,15011,222,False,True,,0,,,0
vehicle_positions_07_073429.parquet,FAIL,14913,220,False,True,,0,,,0
vehicle_positions_07_073500.parquet,FAIL,14956,221,False,True,,0,,,0
vehicle_positions_07_073530.parquet,FAIL,14805,218,False,True,,0,,,0
vehicle_positions_07_073601.parquet,FAIL,14697,215,False,True,,0,,,0
vehicle_positions_07_073632.parquet,FAIL,14744,215,False,True,,0,,,0
vehicle_positions_07_073702.parquet,FAIL,14718,214,False,True,,0,,,0
vehicle_positions_07_073733.parquet,FAIL,14696,213,False,True,,0,,,0
vehicle_positions_07_073804.parquet,FAIL,14704,214,False,True,,0,,,0
vehicle_positions_07_073834.parquet,FAIL,14684,213,False,True,,0,,,0
vehicle_positions_07_073905.parquet,FAIL,14767,214,False,True,,0,,,0
vehicle_positions_07_073935.parquet,FAIL,14643,211,False,True,,0,,,0
vehicle_positions_07_074006.parquet,FAIL,14631,211,False,True,,0,,,0
vehicle_positions_07_074036.parquet,FAIL,14614,211,False,True,,0,,,0
vehicle_positions_07_074107.parquet,FAIL,14603,210,False,True,,0,,,0
vehicle_positions_07_074138.parquet,FAIL,14334,207,False,True,,0,,,0
vehicle_positions_07_074208.parquet,FAIL,14262,205,False,True,,0,,,0
vehicle_positions_07_074239.parquet,FAIL,14190,202,False,True,,0,,,0
vehicle_positions_07_074310.parquet,FAIL,14120,200,False,True,,0,,,0
vehicle_positions_07_074340.parquet,FAIL,14203,200,False,True,,0,,,0
vehicle_positions_07_074411.parquet,FAIL,14117,199,False,True,,0,,,0
vehicle_positions_07_074441.parquet,FAIL,14053,199,False,True,,0,,,0
vehicle_positions_07_074512.parquet,FAIL,14086,199,False,True,,0,,,0
vehicle_positions_07_074542.parquet,FAIL,14162,200,False,True,,0,,,0
vehicle_positions_07_074615.parquet,FAIL,14187,200,False,True,,0,,,0
vehicle_positions_07_074646.parquet,FAIL,14182,199,False,True,,0,,,0
vehicle_positions_07_074716.parquet,FAIL,14085,198,False,True,,0,,,0
vehicle_positions_07_074747.parquet,FAIL,14032,197,False,True,,0,,,0
vehicle_positions_07_074817.parquet,FAIL,14065,196,False,True,,0,,,0
vehicle_positions_07_074848.parquet,FAIL,14059,196,False,True,,0,,,0
vehicle_positions_07_074918.parquet,FAIL,14007,195,False,True,,0,,,0
vehicle_positions_07_074949.parquet,FAIL,14024,196,False,True,,0,,,0
vehicle_positions_07_075019.parquet,FAIL,14010,196,False,True,,0,,,0
vehicle_positions_07_075050.parquet,FAIL,14019,195,False,True,,0,,,0
vehicle_positions_07_075121.parquet,FAIL,13821,191,False,True,,0,,,0
vehicle_positions_07_075151.parquet,FAIL,13870,191,False,True,,0,,,0
vehicle_positions_07_075222.parquet,FAIL,13847,189,False,True,,0,,,0
vehicle_positions_07_075252.parquet,FAIL,13766,187,False,True,,0,,,0
vehicle_positions_07_075323.parquet,FAIL,13773,187,False,True,,0,,,0
vehicle_positions_07_075353.parquet,FAIL,13653,186,False,True,,0,,,0
vehicle_positions_07_075424.parquet,FAIL,13474,183,False,True,,0,,,0
vehicle_positions_07_075455.parquet,FAIL,13374,180,False,True,,0,,,0
vehicle_positions_07_075525.parquet,FAIL,13258,177,False,True,,0,,,0
vehicle_positions_07_075556.parquet,FAIL,13275,176,False,True,,0,,,0
vehicle_positions_07_075626.parquet,FAIL,13154,176,False,True,,0,,,0
vehicle_positions_07_075657.parquet,FAIL,13186,173,False,True,,0,,,0
vehicle_positions_07_075728.parquet,FAIL,13134,173,False,True,,0,,,0
vehicle_positions_07_075758.parquet,FAIL,13134,173,False,True,,0,,,0
vehicle_positions_07_075829.parquet,FAIL,13095,172,False,True,,0,,,0
vehicle_positions_07_075859.parquet,FAIL,13143,173,False,True,,0,,,0
vehicle_positions_07_075930.parquet,FAIL,13109,171,False,True,,0,,,0
vehicle_positions_08_080000.parquet,FAIL,13152,173,False,True,,0,,,0
vehicle_positions_08_080031.parquet,FAIL,13099,171,False,True,,0,,,0
vehicle_positions_08_080101.parquet,FAIL,12961,168,False,True,,0,,,0
vehicle_positions_08_080132.parquet,FAIL,12934,168,False,True,,0,,,0
vehicle_positions_08_080203.parquet,FAIL,12919,166,False,True,,0,,,0
vehicle_positions_08_080233.parquet,FAIL,12980,168,False,True,,0,,,0
vehicle_positions_08_080304.parquet,FAIL,12964,167,False,True,,0,,,0
vehicle_positions_08_080334.parquet,FAIL,12960,167,False,True,,0,,,0
vehicle_positions_08_080405.parquet,FAIL,12929,166,False,True,,0,,,0
vehicle_positions_08_080436.parquet,FAIL,12949,166,False,True,,0,,,0
vehicle_positions_08_080506.parquet,FAIL,12941,165,False,True,,0,,,0
vehicle_positions_08_080537.parquet,FAIL,12840,164,False,True,,0,,,0
vehicle_positions_08_080607.parquet,FAIL,12830,162,False,True,,0,,,0
vehicle_positions_08_080638.parquet,FAIL,12850,163,False,True,,0,,,0
vehicle_positions_08_080708.parquet,FAIL,12815,162,False,True,,0,,,0
vehicle_positions_08_080739.parquet,FAIL,12836,163,False,True,,0,,,0
vehicle_positions_08_080809.parquet,FAIL,12821,162,False,True,,0,,,0
vehicle_positions_08_080840.parquet,FAIL,12698,160,False,True,,0,,,0
vehicle_positions_08_080910.parquet,FAIL,12797,162,False,True,,0,,,0
vehicle_positions_08_080941.parquet,FAIL,12774,163,False,True,,0,,,0
vehicle_positions_08_081011.parquet,FAIL,12766,161,False,True,,0,,,0
vehicle_positions_08_081042.parquet,FAIL,12717,160,False,True,,0,,,0
vehicle_positions_08_081113.parquet,FAIL,12697,159,False,True,,0,,,0
vehicle_positions_08_081144.parquet,FAIL,12661,157,False,True,,0,,,0
vehicle_positions_08_081214.parquet,FAIL,12648,156,False,True,,0,,,0
vehicle_positions_08_081245.parquet,FAIL,12613,155,False,True,,0,,,0
vehicle_positions_08_081315.parquet,FAIL,12618,155,False,True,,0,,,0
vehicle_positions_08_081346.parquet,FAIL,12622,155,False,True,,0,,,0
vehicle_positions_08_081416.parquet,FAIL,12570,154,False,True,,0,,,0
vehicle_positions_08_081447.parquet,FAIL,12535,154,False,True,,0,,,0
vehicle_positions_08_081518.parquet,FAIL,12530,154,False,True,,0,,,0
vehicle_positions_08_081548.parquet,FAIL,12401,151,False,True,,0,,,0
vehicle_positions_08_081620.parquet,FAIL,12433,150,False,True,,0,,,0
vehicle_positions_08_081650.parquet,FAIL,12351,148,False,True,,0,,,0
vehicle_positions_08_081722.parquet,FAIL,12256,146,False,True,,0,,,0
vehicle_positions_08_081753.parquet,FAIL,12274,146,False,True,,0,,,0
vehicle_positions_08_081823.parquet,FAIL,12125,142,False,True,,0,,,0
vehicle_positions_08_081854.parquet,FAIL,12081,140,False,True,,0,,,0
vehicle_positions_08_081924.parquet,FAIL,12100,142,False,True,,0,,,0
vehicle_positions_08_081955.parquet,FAIL,12090,140,False,True,,0,,,0
vehicle_positions_08_082025.parquet,FAIL,12080,139,False,True,,0,,,0
vehicle_positions_08_082056.parquet,FAIL,11917,136,False,True,,0,,,0
vehicle_positions_08_082126.parquet,FAIL,11888,135,False,True,,0,,,0
vehicle_positions_08_082157.parquet,FAIL,11791,133,False,True,,0,,,0
vehicle_positions_08_082227.parquet,FAIL,11828,134,False,True,,0,,,0
vehicle_positions_08_082258.parquet,FAIL,11860,134,False,True,,0,,,0
vehicle_positions_08_082328.parquet,FAIL,11845,134,False,True,,0,,,0
vehicle_positions_08_082359.parquet,FAIL,11792,134,False,True,,0,,,0
vehicle_positions_08_082429.parquet,FAIL,11867,135,False,True,,0,,,0
vehicle_positions_08_082500.parquet,FAIL,11824,133,False,True,,0,,,0
vehicle_positions_08_082531.parquet,FAIL,11764,131,False,True,,0,,,0
vehicle_positions_08_082602.parquet,FAIL,11640,129,False,True,,0,,,0
vehicle_positions_08_082632.parquet,FAIL,11502,128,False,True,,0,,,0
vehicle_positions_08_082703.parquet,FAIL,11472,126,False,True,,0,,,0
vehicle_positions_08_082733.parquet,FAIL,11480,126,False,True,,0,,,0
vehicle_positions_08_082804.parquet,FAIL,11494,126,False,True,,0,,,0
vehicle_positions_08_082835.parquet,FAIL,11441,124,False,True,,0,,,0
vehicle_positions_08_082906.parquet,FAIL,11445,124,False,True,,0,,,0
vehicle_positions_08_082936.parquet,FAIL,11327,122,False,True,,0,,,0
vehicle_positions_08_083007.parquet,FAIL,11294,121,False,True,,0,,,0
vehicle_positions_08_083037.parquet,FAIL,11322,121,False,True,,0,,,0
vehicle_positions_08_083108.parquet,FAIL,11294,121,False,True,,0,,,0
vehicle_positions_08_083138.parquet,FAIL,11318,121,False,True,,0,,,0
vehicle_positions_08_083209.parquet,FAIL,11206,120,False,True,,0,,,0
vehicle_positions_08_083239.parquet,FAIL,11204,119,False,True,,0,,,0
vehicle_positions_08_083310.parquet,FAIL,11169,118,False,True,,0,,,0
vehicle_positions_08_083340.parquet,FAIL,11114,116,False,True,,0,,,0
vehicle_positions_08_083411.parquet,FAIL,11029,113,False,True,,0,,,0
vehicle_positions_08_083441.parquet,FAIL,10976,112,False,True,,0,,,0
vehicle_positions_08_083512.parquet,FAIL,11056,113,False,True,,0,,,0
vehicle_positions_08_083542.parquet,FAIL,10971,112,False,True,,0,,,0
vehicle_positions_08_083613.parquet,FAIL,10917,111,False,True,,0,,,0
vehicle_positions_08_083643.parquet,FAIL,10884,110,False,True,,0,,,0
vehicle_positions_08_083714.parquet,FAIL,10843,109,False,True,,0,,,0
vehicle_positions_08_083744.parquet,FAIL,10843,108,False,True,,0,,,0
vehicle_positions_08_083815.parquet,FAIL,10805,107,False,True,,0,,,0
vehicle_positions_08_083845.parquet,FAIL,10717,105,False,True,,0,,,0
vehicle_positions_08_083916.parquet,FAIL,10651,103,False,True,,0,,,0
vehicle_positions_08_083946.parquet,FAIL,10684,104,False,True,,0,,,0
vehicle_positions_08_084017.parquet,FAIL,10687,104,False,True,,0,,,0
vehicle_positions_08_084047.parquet,FAIL,10724,104,False,True,,0,,,0
vehicle_positions_08_084118.parquet,FAIL,10620,102,False,True,,0,,,0
vehicle_positions_08_084148.parquet,FAIL,10735,105,False,True,,0,,,0
vehicle_positions_08_084219.parquet,FAIL,10752,105,False,True,,0,,,0
vehicle_positions_08_084250.parquet,FAIL,10760,105,False,True,,0,,,0
vehicle_positions_08_084320.parquet,FAIL,10571,101,False,True,,0,,,0
vehicle_positions_08_084351.parquet,FAIL,10539,100,False,True,,0,,,0
vehicle_positions_08_084421.parquet,FAIL,10578,100,False,True,,0,,,0
vehicle_positions_08_084452.parquet,FAIL,10614,101,False,True,,0,,,0
vehicle_positions_08_084522.parquet,FAIL,10571,100,False,True,,0,,,0
vehicle_positions_08_084553.parquet,FAIL,10402,96,False,True,,0,,,0
vehicle_positions_08_084623.parquet,FAIL,10447,97,False,True,,0,,,0
vehicle_positions_08_084654.parquet,FAIL,10371,96,False,True,,0,,,0
vehicle_positions_08_084724.parquet,FAIL,10436,98,False,True,,0,,,0
vehicle_positions_08_084755.parquet,FAIL,10482,98,False,True,,0,,,0
vehicle_positions_08_084825.parquet,FAIL,10349,96,False,True,,0,,,0
vehicle_positions_08_084857.parquet,FAIL,10322,95,False,True,,0,,,0
vehicle_positions_08_084928.parquet,FAIL,10319,94,False,True,,0,,,0
vehicle_positions_08_084958.parquet,FAIL,10240,92,False,True,,0,,,0
vehicle_positions_08_085029.parquet,FAIL,10236,91,False,True,,0,,,0
vehicle_positions_08_085059.parquet,FAIL,10211,91,False,True,,0,,,0
vehicle_positions_08_085130.parquet,FAIL,10201,90,False,True,,0,,,0
vehicle_positions_08_085201.parquet,FAIL,10212,90,False,True,,0,,,0
vehicle_positions_08_085232.parquet,FAIL,10154,89,False,True,,0,,,0
vehicle_positions_08_085302.parquet,FAIL,10040,86,False,True,,0,,,0
vehicle_positions_08_085333.parquet,FAIL,10012,85,False,True,,0,,,0
vehicle_positions_08_085403.parquet,FAIL,9935,83,False,True,,0,,,0
vehicle_positions_08_085434.parquet,FAIL,9911,82,False,True,,0,,,0
vehicle_positions_08_085504.parquet,FAIL,9897,82,False,True,,0,,,0
vehicle_positions_08_085535.parquet,FAIL,9884,81,False,True,,0,,,0
vehicle_positions_08_085605.parquet,FAIL,9907,81,False,True,,0,,,0
vehicle_positions_08_085636.parquet,FAIL,9900,81,False,True,,0,,,0
vehicle_positions_08_085707.parquet,FAIL,9842,81,False,True,,0,,,0
vehicle_positions_08_085737.parquet,FAIL,9758,80,False,True,,0,,,0
vehicle_positions_08_085808.parquet,FAIL,9732,79,False,True,,0,,,0
vehicle_positions_08_085839.parquet,FAIL,9721,78,False,True,,0,,,0
vehicle_positions_08_085909.parquet,FAIL,9718,78,False,True,,0,,,0
vehicle_positions_08_085940.parquet,FAIL,9670,76,False,True,,0,,,0
vehicle_positions_09_090010.parquet,FAIL,9641,76,False,True,,0,,,0
vehicle_positions_09_090041.parquet,FAIL,9538,73,False,True,,0,,,0
vehicle_positions_09_090112.parquet,FAIL,9571,73,False,True,,0,,,0
vehicle_positions_09_090142.parquet,FAIL,9555,73,False,True,,0,,,0
vehicle_positions_09_090213.parquet,FAIL,9382,71,False,True,,0,,,0
vehicle_positions_09_090243.parquet,FAIL,9441,71,False,True,,0,,,0
vehicle_positions_09_090314.parquet,FAIL,9415,70,False,True,,0,,,0
vehicle_positions_09_090344.parquet,FAIL,9425,70,False,True,,0,,,0
vehicle_positions_09_090415.parquet,FAIL,9406,70,False,True,,0,,,0
vehicle_positions_09_090445.parquet,FAIL,9398,70,False,True,,0,,,0
vehicle_positions_09_090516.parquet,FAIL,9372,69,False,True,,0,,,0
vehicle_positions_09_090547.parquet,FAIL,9438,70,False,True,,0,,,0
vehicle_positions_09_090617.parquet,FAIL,9384,70,False,True,,0,,,0
vehicle_positions_09_090648.parquet,FAIL,9431,70,False,True,,0,,,0
vehicle_positions_09_090718.parquet,FAIL,9405,69,False,True,,0,,,0
vehicle_positions_09_090749.parquet,FAIL,9422,69,False,True,,0,,,0
vehicle_positions_09_090819.parquet,FAIL,9377,68,False,True,,0,,,0
vehicle_positions_09_090850.parquet,FAIL,9374,69,False,True,,0,,,0
vehicle_positions_09_090920.parquet,FAIL,9356,68,False,True,,0,,,0
vehicle_positions_09_090951.parquet,FAIL,9389,69,False,True,,0,,,0
vehicle_positions_09_091021.parquet,FAIL,9336,69,False,True,,0,,,0
vehicle_positions_09_091052.parquet,FAIL,9320,68,False,True,,0,,,0
vehicle_positions_09_091122.parquet,FAIL,9358,68,False,True,,0,,,0
vehicle_positions_09_091153.parquet,FAIL,9370,68,False,True,,0,,,0
vehicle_positions_09_091223.parquet,FAIL,9328,68,False,True,,0,,,0
vehicle_positions_09_091254.parquet,FAIL,9324,66,False,True,,0,,,0
vehicle_positions_09_091325.parquet,FAIL,9237,66,False,True,,0,,,0
vehicle_positions_09_091355.parquet,FAIL,9321,66,False,True,,0,,,0
vehicle_positions_09_091426.parquet,FAIL,9290,66,False,True,,0,,,0
vehicle_positions_09_091456.parquet,FAIL,9266,65,False,True,,0,,,0
vehicle_positions_09_091527.parquet,FAIL,9233,65,False,True,,0,,,0
vehicle_positions_09_091557.parquet,FAIL,9257,65,False,True,,0,,,0
vehicle_positions_09_091628.parquet,FAIL,9120,64,False,True,,0,,,0
vehicle_positions_09_091658.parquet,FAIL,8970,62,False,True,,0,,,0
vehicle_positions_09_091729.parquet,FAIL,9041,63,False,True,,0,,,0
vehicle_positions_09_091759.parquet,FAIL,9127,64,False,True,,0,,,0
vehicle_positions_09_091830.parquet,FAIL,9069,63,False,True,,0,,,0
vehicle_positions_09_091900.parquet,FAIL,9025,62,False,True,,0,,,0
vehicle_positions_09_091931.parquet,FAIL,9034,62,False,True,,0,,,0
vehicle_positions_09_092001.parquet,FAIL,8992,61,False,True,,0,,,0
vehicle_positions_09_092032.parquet,FAIL,8899,59,False,True,,0,,,0
vehicle_positions_09_092103.parquet,FAIL,8825,57,False,True,,0,,,0
vehicle_positions_09_092133.parquet,FAIL,8837,57,False,True,,0,,,0
vehicle_positions_09_092204.parquet,FAIL,8824,57,False,True,,0,,,0
vehicle_positions_09_092234.parquet,FAIL,8761,56,False,True,,0,,,0
vehicle_positions_09_092305.parquet,FAIL,8741,56,False,True,,0,,,0
vehicle_positions_09_092335.parquet,FAIL,8639,54,False,True,,0,,,0
vehicle_positions_09_092406.parquet,FAIL,8633,54,False,True,,0,,,0
vehicle_positions_09_092436.parquet,FAIL,8656,54,False,True,,0,,,0
vehicle_positions_09_092507.parquet,FAIL,8616,53,False,True,,0,,,0
vehicle_positions_09_092537.parquet,FAIL,8557,51,False,True,,0,,,0
vehicle_positions_09_092607.parquet,FAIL,8532,50,False,True,,0,,,0
vehicle_positions_09_092638.parquet,FAIL,8517,50,False,True,,0,,,0
vehicle_positions_09_092708.parquet,FAIL,8377,47,False,True,,0,,,0
vehicle_positions_09_092739.parquet,FAIL,8306,46,False,True,,0,,,0
vehicle_positions_09_092809.parquet,FAIL,8223,44,False,True,,0,,,0
vehicle_positions_09_092840.parquet,FAIL,8232,45,False,True,,0,,,0
vehicle_positions_09_092911.parquet,FAIL,8276,45,False,True,,0,,,0
vehicle_positions_09_092941.parquet,FAIL,8193,44,False,True,,0,,,0
vehicle_positions_09_093012.parquet,FAIL,8249,44,False,True,,0,,,0
vehicle_positions_09_093042.parquet,FAIL,8276,45,False,True,,0,,,0
vehicle_positions_09_093113.parquet,FAIL,8315,46,False,True,,0,,,0
vehicle_positions_09_093143.parquet,FAIL,8327,46,False,True,,0,,,0
vehicle_positions_09_093214.parquet,FAIL,8344,46,False,True,,0,,,0
vehicle_positions_09_093244.parquet,FAIL,8322,46,False,True,,0,,,0
vehicle_positions_09_093315.parquet,FAIL,8345,46,False,True,,0,,,0
vehicle_positions_09_093345.parquet,FAIL,8335,46,False,True,,0,,,0
vehicle_positions_09_093416.parquet,FAIL,8273,44,False,True,,0,,,0
vehicle_positions_09_093446.parquet,FAIL,8267,44,False,True,,0,,,0
vehicle_positions_09_093517.parquet,FAIL,8252,44,False,True,,0,,,0
vehicle_positions_09_093547.parquet,FAIL,8231,44,False,True,,0,,,0
vehicle_positions_09_093618.parquet,FAIL,8273,44,False,True,,0,,,0
vehicle_positions_09_093648.parquet,FAIL,8221,43,False,True,,0,,,0
vehicle_positions_09_093719.parquet,FAIL,8185,43,False,True,,0,,,0
vehicle_positions_09_093749.parquet,FAIL,8170,43,False,True,,0,,,0
vehicle_positions_09_093820.parquet,FAIL,8166,42,False,True,,0,,,0
vehicle_positions_09_093850.parquet,FAIL,8153,42,False,True,,0,,,0
vehicle_positions_09_093921.parquet,FAIL,8153,42,False,True,,0,,,0
vehicle_positions_09_093951.parquet,FAIL,8121,41,False,True,,0,,,0
vehicle_positions_09_094022.parquet,FAIL,8029,40,False,True,,0,,,0
vehicle_positions_09_094052.parquet,FAIL,8045,40,False,True,,0,,,0
vehicle_positions_09_094123.parquet,FAIL,7972,39,False,True,,0,,,0
vehicle_positions_09_094153.parquet,FAIL,7986,39,False,True,,0,,,0
vehicle_positions_09_094224.parquet,FAIL,7990,39,False,True,,0,,,0
vehicle_positions_09_094254.parquet,FAIL,7985,39,False,True,,0,,,0
vehicle_positions_09_094325.parquet,FAIL,7987,39,False,True,,0,,,0
vehicle_positions_09_094356.parquet,FAIL,7995,39,False,True,,0,,,0
vehicle_positions_09_094426.parquet,FAIL,7977,39,False,True,,0,,,0
vehicle_positions_09_094456.parquet,FAIL,7969,39,False,True,,0,,,0
vehicle_positions_09_094527.parquet,FAIL,8000,39,False,True,,0,,,0
vehicle_positions_09_094558.parquet,FAIL,7981,39,False,True,,0,,,0
vehicle_positions_09_094628.parquet,FAIL,7993,39,False,True,,0,,,0
vehicle_positions_09_094659.parquet,FAIL,7997,39,False,True,,0,,,0
vehicle_positions_09_094730.parquet,FAIL,8001,39,False,True,,0,,,0
vehicle_positions_09_094801.parquet,FAIL,7979,39,False,True,,0,,,0
vehicle_positions_09_094831.parquet,FAIL,8002,39,False,True,,0,,,0
vehicle_positions_09_094902.parquet,FAIL,8015,39,False,True,,0,,,0
vehicle_positions_09_094932.parquet,FAIL,7960,38,False,True,,0,,,0
vehicle_positions_09_095003.parquet,FAIL,7961,38,False,True,,0,,,0
vehicle_positions_09_095033.parquet,FAIL,7952,38,False,True,,0,,,0
vehicle_positions_09_095103.parquet,FAIL,7956,37,False,True,,0,,,0
vehicle_positions_09_095135.parquet,FAIL,7914,37,False,True,,0,,,0
vehicle_positions_09_095205.parquet,FAIL,7930,37,False,True,,0,,,0
vehicle_positions_09_095236.parquet,FAIL,7904,37,False,True,,0,,,0
vehicle_positions_09_095306.parquet,FAIL,7918,37,False,True,,0,,,0
vehicle_positions_09_095337.parquet,FAIL,7937,37,False,True,,0,,,0
vehicle_positions_09_095407.parquet,FAIL,7832,35,False,True,,0,,,0
vehicle_positions_09_095438.parquet,FAIL,7878,35,False,True,,0,,,0
vehicle_positions_09_095508.parquet,FAIL,7831,35,False,True,,0,,,0
vehicle_positions_09_095539.parquet,FAIL,7834,35,False,True,,0,,,0
vehicle_positions_09_095609.parquet,FAIL,7846,35,False,True,,0,,,0
vehicle_positions_09_095640.parquet,FAIL,7847,35,False,True,,0,,,0
vehicle_positions_09_095710.parquet,FAIL,7864,35,False,True,,0,,,0
vehicle_positions_09_095741.parquet,FAIL,7807,34,False,True,,0,,,0
vehicle_positions_09_095811.parquet,FAIL,7829,34,False,True,,0,,,0
vehicle_positions_09_095842.parquet,FAIL,7810,34,False,True,,0,,,0
vehicle_positions_09_095912.parquet,FAIL,7781,33,False,True,,0,,,0
vehicle_positions_09_095943.parquet,FAIL,7778,33,False,True,,0,,,0
vehicle_positions_10_100013.parquet,FAIL,7774,33,False,True,,0,,,0
vehicle_positions_10_100044.parquet,FAIL,7774,33,False,True,,0,,,0
vehicle_positions_10_100114.parquet,FAIL,7774,33,False,True,,0,,,0
vehicle_positions_10_100145.parquet,FAIL,7774,33,False,True,,0,,,0
vehicle_positions_10_100216.parquet,FAIL,7774,33,False,True,,0,,,0
vehicle_positions_10_100246.parquet,FAIL,7774,33,False,True,,0,,,0
vehicle_positions_10_100317.parquet,FAIL,7693,32,False,True,,0,,,0
vehicle_positions_10_100347.parquet,FAIL,7693,32,False,True,,0,,,0
vehicle_positions_10_100418.parquet,FAIL,7820,34,False,True,,0,,,0
vehicle_positions_10_100448.parquet,FAIL,7831,34,False,True,,0,,,0
vehicle_positions_10_100519.parquet,FAIL,7790,34,False,True,,0,,,0
vehicle_positions_10_100550.parquet,FAIL,7761,33,False,True,,0,,,0
vehicle_positions_10_100620.parquet,FAIL,7725,32,False,True,,0,,,0
vehicle_positions_10_100650.parquet,FAIL,7729,32,False,True,,0,,,0
vehicle_positions_10_100721.parquet,FAIL,7642,32,False,True,,0,,,0
vehicle_positions_10_100752.parquet,FAIL,7694,32,False,True,,0,,,0
vehicle_positions_10_100822.parquet,FAIL,7699,32,False,True,,0,,,0
vehicle_positions_10_100853.parquet,FAIL,7808,33,False,True,,0,,,0
vehicle_positions_10_100923.parquet,FAIL,7783,33,False,True,,0,,,0
vehicle_positions_10_100954.parquet,FAIL,7818,33,False,True,,0,,,0
vehicle_positions_10_101024.parquet,FAIL,7830,33,False,True,,0,,,0
vehicle_positions_10_101055.parquet,FAIL,7726,33,False,True,,0,,,0
vehicle_positions_10_101125.parquet,FAIL,7797,33,False,True,,0,,,0
vehicle_positions_10_101156.parquet,FAIL,7826,33,False,True,,0,,,0
vehicle_positions_10_101226.parquet,FAIL,7826,33,False,True,,0,,,0
vehicle_positions_10_101257.parquet,FAIL,7802,33,False,True,,0,,,0
vehicle_positions_10_101327.parquet,FAIL,7823,33,False,True,,0,,,0
vehicle_positions_10_101358.parquet,FAIL,7719,32,False,True,,0,,,0
vehicle_positions_10_101429.parquet,FAIL,7675,31,False,True,,0,,,0
vehicle_positions_10_101459.parquet,FAIL,7639,30,False,True,,0,,,0
vehicle_positions_10_101529.parquet,FAIL,7601,29,False,True,,0,,,0
vehicle_positions_10_101600.parquet,FAIL,7608,31,False,True,,0,,,0
vehicle_positions_10_101631.parquet,FAIL,7673,31,False,True,,0,,,0
vehicle_positions_10_101701.parquet,FAIL,7667,31,False,True,,0,,,0
vehicle_positions_10_101732.parquet,FAIL,7677,31,False,True,,0,,,0
vehicle_positions_10_101802.parquet,FAIL,7711,32,False,True,,0,,,0
vehicle_positions_10_101833.parquet,FAIL,7758,32,False,True,,0,,,0
vehicle_positions_10_101903.parquet,FAIL,7736,32,False,True,,0,,,0
vehicle_positions_10_101934.parquet,FAIL,7732,32,False,True,,0,,,0
vehicle_positions_10_102004.parquet,FAIL,7725,32,False,True,,0,,,0
vehicle_positions_10_102035.parquet,FAIL,7675,32,False,True,,0,,,0
vehicle_positions_10_102105.parquet,FAIL,7709,32,False,True,,0,,,0
vehicle_positions_10_102136.parquet,FAIL,7725,32,False,True,,0,,,0
vehicle_positions_10_102206.parquet,FAIL,7706,32,False,True,,0,,,0
vehicle_positions_10_102237.parquet,FAIL,7728,32,False,True,,0,,,0
vehicle_positions_10_102307.parquet,FAIL,7729,32,False,True,,0,,,0
vehicle_positions_10_102338.parquet,FAIL,7693,32,False,True,,0,,,0
vehicle_positions_10_102409.parquet,FAIL,7754,32,False,True,,0,,,0
vehicle_positions_10_102439.parquet,FAIL,7738,32,False,True,,0,,,0
vehicle_positions_10_102510.parquet,FAIL,7733,32,False,True,,0,,,0
vehicle_positions_10_102540.parquet,FAIL,7722,31,False,True,,0,,,0
vehicle_positions_10_102611.parquet,FAIL,7668,30,False,True,,0,,,0
vehicle_positions_10_102641.parquet,FAIL,7676,30,False,True,,0,,,0
vehicle_positions_10_102712.parquet,FAIL,7611,28,False,True,,0,,,0
vehicle_positions_10_102742.parquet,FAIL,7609,28,False,True,,0,,,0
vehicle_positions_10_102813.parquet,FAIL,7574,27,False,True,,0,,,0
vehicle_positions_10_102843.parquet,FAIL,7558,27,False,True,,0,,,0
vehicle_positions_10_102914.parquet,FAIL,7546,27,False,True,,0,,,0
vehicle_positions_10_102944.parquet,FAIL,7585,28,False,True,,0,,,0
vehicle_positions_10_103015.parquet,FAIL,7579,28,False,True,,0,,,0
vehicle_positions_10_103045.parquet,FAIL,7591,28,False,True,,0,,,0
vehicle_positions_10_103116.parquet,FAIL,7581,28,False,True,,0,,,0
vehicle_positions_10_103146.parquet,FAIL,7596,29,False,True,,0,,,0
vehicle_positions_10_103217.parquet,FAIL,7626,29,False,True,,0,,,0
vehicle_positions_10_103247.parquet,FAIL,7602,29,False,True,,0,,,0
vehicle_positions_10_103318.parquet,FAIL,7535,27,False,True,,0,,,0
vehicle_positions_10_103348.parquet,FAIL,7541,27,False,True,,0,,,0
vehicle_positions_10_103419.parquet,FAIL,7518,27,False,True,,0,,,0
vehicle_positions_10_103449.parquet,FAIL,7553,27,False,True,,0,,,0
vehicle_positions_10_103520.parquet,FAIL,7565,28,False,True,,0,,,0
vehicle_positions_10_103550.parquet,FAIL,7592,28,False,True,,0,,,0
vehicle_positions_10_103621.parquet,FAIL,7603,28,False,True,,0,,,0
vehicle_positions_10_103651.parquet,FAIL,7591,28,False,True,,0,,,0
vehicle_positions_10_103722.parquet,FAIL,7611,28,False,True,,0,,,0
vehicle_positions_10_103752.parquet,FAIL,7605,28,False,True,,0,,,0
vehicle_positions_10_103823.parquet,FAIL,7602,28,False,True,,0,,,0
vehicle_positions_10_103853.parquet,FAIL,7594,28,False,True,,0,,,0
vehicle_positions_10_103924.parquet,FAIL,7519,26,False,True,,0,,,0
vehicle_positions_10_103954.parquet,FAIL,7513,26,False,True,,0,,,0
vehicle_positions_10_104025.parquet,FAIL,7504,26,False,True,,0,,,0
vehicle_positions_10_104055.parquet,FAIL,7506,26,False,True,,0,,,0
vehicle_positions_10_104126.parquet,FAIL,7507,26,False,True,,0,,,0
vehicle_positions_10_104157.parquet,FAIL,7535,26,False,True,,0,,,0
vehicle_positions_10_104227.parquet,FAIL,7471,25,False,True,,0,,,0
vehicle_positions_10_104258.parquet,FAIL,7472,25,False,True,,0,,,0
vehicle_positions_10_104328.parquet,FAIL,7490,25,False,True,,0,,,0
vehicle_positions_10_104359.parquet,FAIL,7486,25,False,True,,0,,,0
vehicle_positions_10_104429.parquet,FAIL,7432,24,False,True,,0,,,0
vehicle_positions_10_104500.parquet,FAIL,7421,24,False,True,,0,,,0
vehicle_positions_10_104530.parquet,FAIL,7425,24,False,True,,0,,,0
vehicle_positions_10_104601.parquet,FAIL,7385,23,False,True,,0,,,0
vehicle_positions_10_104631.parquet,FAIL,7384,23,False,True,,0,,,0
vehicle_positions_10_104702.parquet,FAIL,7374,23,False,True,,0,,,0
vehicle_positions_10_104732.parquet,FAIL,7395,23,False,True,,0,,,0
vehicle_positions_10_104803.parquet,FAIL,7379,23,False,True,,0,,,0
vehicle_positions_10_104833.parquet,FAIL,7387,23,False,True,,0,,,0
vehicle_positions_10_104904.parquet,FAIL,7389,23,False,True,,0,,,0
vehicle_positions_10_104934.parquet,FAIL,7393,23,False,True,,0,,,0
vehicle_positions_10_105005.parquet,FAIL,7378,23,False,True,,0,,,0
vehicle_positions_10_105035.parquet,FAIL,7374,23,False,True,,0,,,0
vehicle_positions_10_105106.parquet,FAIL,7366,23,False,True,,0,,,0
vehicle_positions_10_105137.parquet,FAIL,7332,22,False,True,,0,,,0
vehicle_positions_10_105207.parquet,FAIL,7348,22,False,True,,0,,,0
vehicle_positions_10_105238.parquet,FAIL,7303,21,False,True,,0,,,0
vehicle_positions_10_105308.parquet,FAIL,7300,21,False,True,,0,,,0
vehicle_positions_10_105339.parquet,FAIL,7315,21,False,True,,0,,,0
vehicle_positions_10_105410.parquet,FAIL,7301,21,False,True,,0,,,0
vehicle_positions_10_105440.parquet,FAIL,7357,22,False,True,,0,,,0
vehicle_positions_10_105511.parquet,FAIL,7342,22,False,True,,0,,,0
vehicle_positions_10_105541.parquet,FAIL,7337,22,False,True,,0,,,0
vehicle_positions_10_105612.parquet,FAIL,7311,21,False,True,,0,,,0
vehicle_positions_10_105643.parquet,FAIL,7283,20,False,True,,0,,,0
vehicle_positions_10_105713.parquet,FAIL,7284,20,False,True,,0,,,0
vehicle_positions_10_105743.parquet,FAIL,7258,20,False,True,,0,,,0
vehicle_positions_10_105814.parquet,FAIL,7266,20,False,True,,0,,,0
vehicle_positions_10_105844.parquet,FAIL,7296,20,False,True,,0,,,0
vehicle_positions_10_105915.parquet,FAIL,7270,20,False,True,,0,,,0
vehicle_positions_10_105946.parquet,FAIL,7303,21,False,True,,0,,,0
vehicle_positions_11_110016.parquet,FAIL,7316,21,False,True,,0,,,0
vehicle_positions_11_110047.parquet,FAIL,7363,22,False,True,,0,,,0
vehicle_positions_11_110117.parquet,FAIL,7359,22,False,True,,0,,,0
vehicle_positions_11_110149.parquet,FAIL,7339,22,False,True,,0,,,0
vehicle_positions_11_110220.parquet,FAIL,7370,23,False,True,,0,,,0
vehicle_positions_11_110250.parquet,FAIL,7379,23,False,True,,0,,,0
vehicle_positions_11_110321.parquet,FAIL,7394,23,False,True,,0,,,0
vehicle_positions_11_110352.parquet,FAIL,7357,22,False,True,,0,,,0
vehicle_positions_11_110422.parquet,FAIL,7400,23,False,True,,0,,,0
vehicle_positions_11_110453.parquet,FAIL,7401,23,False,True,,0,,,0
vehicle_positions_11_110523.parquet,FAIL,7396,23,False,True,,0,,,0
vehicle_positions_11_110554.parquet,FAIL,7390,23,False,True,,0,,,0
vehicle_positions_11_110624.parquet,FAIL,7388,23,False,True,,0,,,0
vehicle_positions_11_110655.parquet,FAIL,7399,23,False,True,,0,,,0
vehicle_positions_11_110725.parquet,FAIL,7414,23,False,True,,0,,,0
vehicle_positions_11_110756.parquet,FAIL,7435,24,False,True,,0,,,0
vehicle_positions_11_110826.parquet,FAIL,7452,24,False,True,,0,,,0
vehicle_positions_11_110857.parquet,FAIL,7509,25,False,True,,0,,,0
vehicle_positions_11_110927.parquet,FAIL,7573,26,False,True,,0,,,0
vehicle_positions_11_110958.parquet,FAIL,7566,26,False,True,,0,,,0
vehicle_positions_11_111028.parquet,FAIL,7610,27,False,True,,0,,,0
vehicle_positions_11_111059.parquet,FAIL,7608,27,False,True,,0,,,0
vehicle_positions_11_111129.parquet,FAIL,7581,27,False,True,,0,,,0
vehicle_positions_11_111200.parquet,FAIL,7671,29,False,True,,0,,,0
vehicle_positions_11_111230.parquet,FAIL,7642,29,False,True,,0,,,0
vehicle_positions_11_111301.parquet,FAIL,7739,30,False,True,,0,,,0
vehicle_positions_11_111332.parquet,FAIL,7734,30,False,True,,0,,,0
vehicle_positions_11_111403.parquet,FAIL,7732,30,False,True,,0,,,0
vehicle_positions_11_111433.parquet,FAIL,7777,31,False,True,,0,,,0
vehicle_positions_11_111504.parquet,FAIL,7895,33,False,True,,0,,,0
vehicle_positions_11_111534.parquet,FAIL,7903,34,False,True,,0,,,0
vehicle_positions_11_111605.parquet,FAIL,7944,34,False,True,,0,,,0
vehicle_positions_11_111635.parquet,FAIL,7966,35,False,True,,0,,,0
vehicle_positions_11_111706.parquet,FAIL,7960,35,False,True,,0,,,0
vehicle_positions_11_111736.parquet,FAIL,7925,34,False,True,,0,,,0
vehicle_positions_11_111807.parquet,FAIL,8012,36,False,True,,0,,,0
vehicle_positions_11_111837.parquet,FAIL,8030,36,False,True,,0,,,0
vehicle_positions_11_111908.parquet,FAIL,8021,36,False,True,,0,,,0
vehicle_positions_11_111939.parquet,FAIL,8027,36,False,True,,0,,,0
vehicle_positions_11_112009.parquet,FAIL,8044,36,False,True,,0,,,0
vehicle_positions_11_112040.parquet,FAIL,8068,38,False,True,,0,,,0
vehicle_positions_11_112110.parquet,FAIL,8260,42,False,True,,0,,,0
vehicle_positions_11_112141.parquet,FAIL,8350,44,False,True,,0,,,0
vehicle_positions_11_112211.parquet,FAIL,8320,43,False,True,,0,,,0
vehicle_positions_11_112242.parquet,FAIL,8289,43,False,True,,0,,,0
vehicle_positions_11_112312.parquet,FAIL,8324,44,False,True,,0,,,0
vehicle_positions_11_112343.parquet,FAIL,8432,47,False,True,,0,,,0
vehicle_positions_11_112413.parquet,FAIL,8443,47,False,True,,0,,,0
vehicle_positions_11_112444.parquet,FAIL,8506,48,False,True,,0,,,0
vehicle_positions_11_112514.parquet,FAIL,8496,48,False,True,,0,,,0
vehicle_positions_11_112545.parquet,FAIL,8490,48,False,True,,0,,,0
vehicle_positions_11_112615.parquet,FAIL,8466,48,False,True,,0,,,0
vehicle_positions_11_112646.parquet,FAIL,8436,47,False,True,,0,,,0
vehicle_positions_11_112717.parquet,FAIL,8436,48,False,True,,0,,,0
vehicle_positions_11_112747.parquet,FAIL,8595,50,False,True,,0,,,0
vehicle_positions_11_112818.parquet,FAIL,8588,50,False,True,,0,,,0
vehicle_positions_11_112848.parquet,FAIL,8619,51,False,True,,0,,,0
vehicle_positions_11_112919.parquet,FAIL,8642,51,False,True,,0,,,0
vehicle_positions_11_112949.parquet,FAIL,8671,53,False,True,,0,,,0
vehicle_positions_11_113020.parquet,FAIL,8809,56,False,True,,0,,,0
vehicle_positions_11_113050.parquet,FAIL,8877,57,False,True,,0,,,0
vehicle_positions_11_113121.parquet,FAIL,8890,58,False,True,,0,,,0
vehicle_positions_11_113151.parquet,FAIL,8917,59,False,True,,0,,,0
vehicle_positions_11_113222.parquet,FAIL,8948,59,False,True,,0,,,0
vehicle_positions_11_113252.parquet,FAIL,8993,62,False,True,,0,,,0
vehicle_positions_11_113323.parquet,FAIL,8958,61,False,True,,0,,,0
vehicle_positions_11_113353.parquet,FAIL,9022,62,False,True,,0,,,0
vehicle_positions_11_113424.parquet,FAIL,9044,63,False,True,,0,,,0
vehicle_positions_11_113454.parquet,FAIL,9254,66,False,True,,0,,,0
vehicle_positions_11_113525.parquet,FAIL,9256,66,False,True,,0,,,0
vehicle_positions_11_113555.parquet,FAIL,9291,66,False,True,,0,,,0
vehicle_positions_11_113626.parquet,FAIL,9308,67,False,True,,0,,,0
vehicle_positions_11_113656.parquet,FAIL,9395,70,False,True,,0,,,0
vehicle_positions_11_113727.parquet,FAIL,9579,74,False,True,,0,,,0
vehicle_positions_11_113757.parquet,FAIL,9684,77,False,True,,0,,,0
vehicle_positions_11_113828.parquet,FAIL,9628,76,False,True,,0,,,0
vehicle_positions_11_113858.parquet,FAIL,9789,80,False,True,,0,,,0
vehicle_positions_11_113929.parquet,FAIL,9856,82,False,True,,0,,,0
vehicle_positions_11_113959.parquet,FAIL,9969,84,False,True,,0,,,0
vehicle_positions_11_114030.parquet,FAIL,9990,85,False,True,,0,,,0
vehicle_positions_11_114100.parquet,FAIL,10138,89,False,True,,0,,,0
vehicle_positions_11_114131.parquet,FAIL,10189,91,False,True,,0,,,0
vehicle_positions_11_114201.parquet,FAIL,10248,92,False,True,,0,,,0
vehicle_positions_11_114232.parquet,FAIL,10257,93,False,True,,0,,,0
vehicle_positions_11_114302.parquet,FAIL,10261,93,False,True,,0,,,0
vehicle_positions_11_114333.parquet,FAIL,10216,93,False,True,,0,,,0
vehicle_positions_11_114403.parquet,FAIL,10294,95,False,True,,0,,,0
vehicle_positions_11_114434.parquet,FAIL,10408,98,False,True,,0,,,0
vehicle_positions_11_114504.parquet,FAIL,10573,102,False,True,,0,,,0
vehicle_positions_11_114535.parquet,FAIL,10601,103,False,True,,0,,,0
vehicle_positions_11_114605.parquet,FAIL,10566,103,False,True,,0,,,0
vehicle_positions_11_114636.parquet,FAIL,10587,104,False,True,,0,,,0
vehicle_positions_11_114706.parquet,FAIL,10731,106,False,True,,0,,,0
vehicle_positions_11_114737.parquet,FAIL,10841,109,False,True,,0,,,0
vehicle_positions_11_114807.parquet,FAIL,10983,113,False,True,,0,,,0
vehicle_positions_11_114838.parquet,FAIL,10987,115,False,True,,0,,,0
vehicle_positions_11_114908.parquet,FAIL,10948,114,False,True,,0,,,0
vehicle_positions_11_114939.parquet,FAIL,11042,116,False,True,,0,,,0
vehicle_positions_11_115010.parquet,FAIL,11063,118,False,True,,0,,,0
vehicle_positions_11_115040.parquet,FAIL,11250,122,False,True,,0,,,0
vehicle_positions_11_115111.parquet,FAIL,11354,124,False,True,,0,,,0
vehicle_positions_11_115141.parquet,FAIL,11466,128,False,True,,0,,,0
vehicle_positions_11_115212.parquet,FAIL,11721,132,False,True,,0,,,0
vehicle_positions_11_115242.parquet,FAIL,11752,135,False,True,,0,,,0
vehicle_positions_11_115313.parquet,FAIL,11918,138,False,True,,0,,,0
vehicle_positions_11_115344.parquet,FAIL,11962,140,False,True,,0,,,0
vehicle_positions_11_115414.parquet,FAIL,12059,142,False,True,,0,,,0
vehicle_positions_11_115445.parquet,FAIL,12089,143,False,True,,0,,,0
vehicle_positions_11_115515.parquet,FAIL,12224,145,False,True,,0,,,0
vehicle_positions_11_115546.parquet,FAIL,12233,147,False,True,,0,,,0
vehicle_positions_11_115616.parquet,FAIL,12488,153,False,True,,0,,,0
vehicle_positions_11_115647.parquet,FAIL,12711,158,False,True,,0,,,0
vehicle_positions_11_115717.parquet,FAIL,12873,163,False,True,,0,,,0
vehicle_positions_11_115748.parquet,FAIL,13008,167,False,True,,0,,,0
vehicle_positions_11_115818.parquet,FAIL,13231,173,False,True,,0,,,0
vehicle_positions_11_115849.parquet,FAIL,13241,174,False,True,,0,,,0
vehicle_positions_11_115919.parquet,FAIL,13374,177,False,True,,0,,,0
vehicle_positions_11_115950.parquet,FAIL,13541,181,False,True,,0,,,0
vehicle_positions_12_120021.parquet,FAIL,13543,183,False,True,,0,,,0
vehicle_positions_12_120051.parquet,FAIL,13641,187,False,True,,0,,,0
vehicle_positions_12_120123.parquet,FAIL,13957,197,False,True,,0,,,0
vehicle_positions_12_120154.parquet,FAIL,14054,200,False,True,,0,,,0
vehicle_positions_12_120224.parquet,FAIL,14066,199,False,True,,0,,,0
vehicle_positions_12_120255.parquet,FAIL,14127,201,False,True,,0,,,0
vehicle_positions_12_120325.parquet,FAIL,14156,201,False,True,,0,,,0
vehicle_positions_12_120356.parquet,FAIL,14205,203,False,True,,0,,,0
vehicle_positions_12_120426.parquet,FAIL,14458,209,False,True,,0,,,0
vehicle_positions_12_120457.parquet,FAIL,14439,210,False,True,,0,,,0
vehicle_positions_12_120528.parquet,FAIL,14519,213,False,True,,0,,,0
vehicle_positions_12_120558.parquet,FAIL,14749,217,False,True,,0,,,0
vehicle_positions_12_120629.parquet,FAIL,14822,222,False,True,,0,,,0
vehicle_positions_12_120659.parquet,FAIL,15040,226,False,True,,0,,,0
vehicle_positions_12_120730.parquet,FAIL,15164,230,False,True,,0,,,0
vehicle_positions_12_120801.parquet,FAIL,15238,232,False,True,,0,,,0
vehicle_positions_12_120831.parquet,FAIL,15335,233,False,True,,0,,,0
vehicle_positions_12_120902.parquet,FAIL,15367,235,False,True,,0,,,0
vehicle_positions_12_120932.parquet,FAIL,15538,243,False,True,,0,,,0
vehicle_positions_12_121003.parquet,FAIL,15689,245,False,True,,0,,,0
vehicle_positions_12_121034.parquet,FAIL,15574,244,False,True,,0,,,0
vehicle_positions_12_121104.parquet,FAIL,15617,245,False,True,,0,,,0
vehicle_positions_12_121135.parquet,FAIL,15664,248,False,True,,0,,,0
vehicle_positions_12_121206.parquet,FAIL,15737,248,False,True,,0,,,0
vehicle_positions_12_121236.parquet,FAIL,15792,250,False,True,,0,,,0
vehicle_positions_12_121307.parquet,FAIL,15808,252,False,True,,0,,,0
vehicle_positions_12_121339.parquet,FAIL,16322,260,False,True,,0,,,0
vehicle_positions_12_121410.parquet,FAIL,16303,262,False,True,,0,,,0
vehicle_positions_12_121441.parquet,FAIL,16434,266,False,True,,0,,,0
vehicle_positions_12_121511.parquet,FAIL,16640,269,False,True,,0,,,0
vehicle_positions_12_121542.parquet,FAIL,16767,273,False,True,,0,,,0
vehicle_positions_12_121613.parquet,FAIL,16584,272,False,True,,0,,,0
vehicle_positions_12_121643.parquet,FAIL,16953,280,False,True,,0,,,0
vehicle_positions_12_121714.parquet,FAIL,17157,285,False,True,,0,,,0
vehicle_positions_12_121744.parquet,FAIL,17382,295,False,True,,0,,,0
vehicle_positions_12_121815.parquet,FAIL,17383,295,False,True,,0,,,0
vehicle_positions_12_121846.parquet,FAIL,17553,297,False,True,,0,,,0
vehicle_positions_12_121916.parquet,FAIL,17733,302,False,True,,0,,,0
vehicle_positions_12_121947.parquet,FAIL,17888,307,False,True,,0,,,0
vehicle_positions_12_122018.parquet,FAIL,18145,315,False,True,,0,,,0
vehicle_positions_12_122048.parquet,FAIL,18412,322,False,True,,0,,,0
vehicle_positions_12_122119.parquet,FAIL,18544,326,False,True,,0,,,0
vehicle_positions_12_122149.parquet,FAIL,18815,332,False,True,,0,,,0
vehicle_positions_12_122220.parquet,FAIL,18761,333,False,True,,0,,,0
vehicle_positions_12_122251.parquet,FAIL,18790,334,False,True,,0,,,0
vehicle_positions_12_122321.parquet,FAIL,18733,334,False,True,,0,,,0
vehicle_positions_12_122352.parquet,FAIL,19246,347,False,True,,0,,,0
vehicle_positions_12_122423.parquet,FAIL,19394,352,False,True,,0,,,0
vehicle_positions_12_122454.parquet,FAIL,19634,360,False,True,,0,,,0
vehicle_positions_12_122524.parquet,FAIL,19874,366,False,True,,0,,,0
vehicle_positions_12_122555.parquet,FAIL,20075,371,False,True,,0,,,0
vehicle_positions_12_122626.parquet,FAIL,20207,376,False,True,,0,,,0
vehicle_positions_12_122657.parquet,FAIL,20612,385,False,True,,0,,,0
vehicle_positions_12_122727.parquet,FAIL,20819,393,False,True,,0,,,0
vehicle_positions_12_122758.parquet,FAIL,21016,398,False,True,,0,,,0
vehicle_positions_12_122829.parquet,FAIL,21250,404,False,True,,0,,,0
vehicle_positions_12_122859.parquet,FAIL,21474,410,False,True,,0,,,0
vehicle_positions_12_122930.parquet,FAIL,21453,409,False,True,,0,,,0
vehicle_positions_12_123000.parquet,FAIL,21769,419,False,True,,0,,,0
vehicle_positions_12_123031.parquet,FAIL,21829,424,False,True,,0,,,0
vehicle_positions_12_123101.parquet,FAIL,22029,429,False,True,,0,,,0
vehicle_positions_12_123132.parquet,FAIL,22185,433,False,True,,0,,,0
vehicle_positions_12_123203.parquet,FAIL,22261,434,False,True,,0,,,0
vehicle_positions_12_123233.parquet,FAIL,22263,437,False,True,,0,,,0
vehicle_positions_12_123304.parquet,FAIL,22560,444,False,True,,0,,,0
vehicle_positions_12_123334.parquet,FAIL,22517,445,False,True,,0,,,0
vehicle_positions_12_123405.parquet,FAIL,22639,447,False,True,,0,,,0
vehicle_positions_12_123436.parquet,FAIL,22719,449,False,True,,0,,,0
vehicle_positions_12_123506.parquet,FAIL,22779,450,False,True,,0,,,0
vehicle_positions_12_123537.parquet,FAIL,23084,462,False,True,,0,,,0
vehicle_positions_12_123608.parquet,FAIL,23163,463,False,True,,0,,,0
vehicle_positions_12_123638.parquet,FAIL,23325,467,False,True,,0,,,0
vehicle_positions_12_123709.parquet,FAIL,23390,469,False,True,,0,,,0
vehicle_positions_12_123739.parquet,FAIL,23427,472,False,True,,0,,,0
vehicle_positions_12_123811.parquet,FAIL,23560,473,False,True,,0,,,0
vehicle_positions_12_123842.parquet,FAIL,23579,480,False,True,,0,,,0
vehicle_positions_12_123912.parquet,FAIL,23677,480,False,True,,0,,,0
vehicle_positions_12_123943.parquet,FAIL,23842,484,False,True,,0,,,0
vehicle_positions_12_124022.parquet,FAIL,24153,491,False,True,,0,,,0
vehicle_positions_12_124100.parquet,FAIL,24374,497,False,True,,0,,,0
vehicle_positions_12_124131.parquet,FAIL,24455,500,False,True,,0,,,0
vehicle_positions_12_124213.parquet,FAIL,24819,509,False,True,,0,,,0
vehicle_positions_12_124252.parquet,FAIL,25377,520,False,True,,0,,,0
vehicle_positions_12_124323.parquet,FAIL,25580,525,False,True,,0,,,0
vehicle_positions_12_124354.parquet,FAIL,25875,532,False,True,,0,,,0
vehicle_positions_12_124424.parquet,FAIL,25927,535,False,True,,0,,,0
vehicle_positions_12_124455.parquet,FAIL,26205,540,False,True,,0,,,0
vehicle_positions_12_124526.parquet,FAIL,26326,543,False,True,,0,,,0
vehicle_positions_12_124603.parquet,FAIL,26646,553,False,True,,0,,,0
vehicle_positions_12_124634.parquet,FAIL,26621,554,False,True,,0,,,0
vehicle_positions_12_124705.parquet,FAIL,26733,556,False,True,,0,,,0
vehicle_positions_12_124735.parquet,FAIL,26874,560,False,True,,0,,,0
vehicle_positions_12_124806.parquet,FAIL,27045,561,False,True,,0,,,0
vehicle_positions_12_124837.parquet,FAIL,26983,564,False,True,,0,,,0
vehicle_positions_12_124907.parquet,FAIL,27231,572,False,True,,0,,,0
vehicle_positions_12_124938.parquet,FAIL,27468,578,False,True,,0,,,0
vehicle_positions_12_125009.parquet,FAIL,27575,581,False,True,,0,,,0
vehicle_positions_12_125039.parquet,FAIL,27621,584,False,True,,0,,,0
vehicle_positions_12_125110.parquet,FAIL,27771,587,False,True,,0,,,0
vehicle_positions_12_125141.parquet,FAIL,27962,593,False,True,,0,,,0
vehicle_positions_12_125212.parquet,FAIL,28022,593,False,True,,0,,,0
vehicle_positions_12_125242.parquet,FAIL,28124,598,False,True,,0,,,0
vehicle_positions_12_125313.parquet,FAIL,28131,600,False,True,,0,,,0
vehicle_positions_12_125344.parquet,FAIL,28553,611,False,True,,0,,,0
vehicle_positions_12_125414.parquet,FAIL,28670,614,False,True,,0,,,0
vehicle_positions_12_125445.parquet,FAIL,28686,616,False,True,,0,,,0
vehicle_positions_12_125516.parquet,FAIL,28872,620,False,True,,0,,,0
vehicle_positions_12_125546.parquet,FAIL,28871,623,False,True,,0,,,0
vehicle_positions_12_125617.parquet,FAIL,29113,626,False,True,,0,,,0
vehicle_positions_12_125648.parquet,FAIL,29150,631,False,True,,0,,,0
vehicle_positions_12_125719.parquet,FAIL,29405,635,False,True,,0,,,0
vehicle_positions_12_125749.parquet,FAIL,29427,640,False,True,,0,,,0
vehicle_positions_12_125820.parquet,FAIL,29449,639,False,True,,0,,,0
vehicle_positions_12_125850.parquet,FAIL,29890,650,False,True,,0,,,0
vehicle_positions_12_125921.parquet,FAIL,29874,653,False,True,,0,,,0
vehicle_positions_12_125952.parquet,FAIL,29950,656,False,True,,0,,,0
vehicle_positions_13_130022.parquet,FAIL,30425,666,False,True,,0,,,0
vehicle_positions_13_130053.parquet,FAIL,30428,671,False,True,,0,,,0
vehicle_positions_13_130125.parquet,FAIL,30537,672,False,True,,0,,,0
vehicle_positions_13_130156.parquet,FAIL,30911,682,False,True,,0,,,0
vehicle_positions_13_130226.parquet,FAIL,30992,688,False,True,,0,,,0
vehicle_positions_13_130257.parquet,FAIL,31181,691,False,True,,0,,,0
vehicle_positions_13_130328.parquet,FAIL,31209,692,False,True,,0,,,0
vehicle_positions_13_130359.parquet,FAIL,31374,696,False,True,,0,,,0
vehicle_positions_13_130429.parquet,FAIL,31450,699,False,True,,0,,,0
vehicle_positions_13_130500.parquet,FAIL,31631,707,False,True,,0,,,0
vehicle_positions_13_130531.parquet,FAIL,31571,707,False,True,,0,,,0
vehicle_positions_13_130601.parquet,FAIL,31869,713,False,True,,0,,,0
vehicle_positions_13_130632.parquet,FAIL,31921,719,False,True,,0,,,0
vehicle_positions_13_130703.parquet,FAIL,32256,726,False,True,,0,,,0
vehicle_positions_13_130734.parquet,FAIL,32340,729,False,True,,0,,,0
vehicle_positions_13_130805.parquet,FAIL,32346,730,False,True,,0,,,0
vehicle_positions_13_130835.parquet,FAIL,32368,731,False,True,,0,,,0
vehicle_positions_13_130906.parquet,FAIL,32533,737,False,True,,0,,,0
vehicle_positions_13_130936.parquet,FAIL,32674,738,False,True,,0,,,0
vehicle_positions_13_131007.parquet,FAIL,32747,743,False,True,,0,,,0
vehicle_positions_13_131038.parquet,FAIL,33146,748,False,True,,0,,,0
vehicle_positions_13_131109.parquet,FAIL,33076,748,False,True,,0,,,0
vehicle_positions_13_131139.parquet,FAIL,32878,745,False,True,,0,,,0
vehicle_positions_13_131210.parquet,FAIL,33185,748,False,True,,0,,,0
vehicle_positions_13_131241.parquet,FAIL,33268,753,False,True,,0,,,0
vehicle_positions_13_131311.parquet,FAIL,33316,757,False,True,,0,,,0
vehicle_positions_13_131342.parquet,FAIL,33205,758,False,True,,0,,,0
vehicle_positions_13_131413.parquet,FAIL,33461,763,False,True,,0,,,0
vehicle_positions_13_131444.parquet,FAIL,33456,766,False,True,,0,,,0
vehicle_positions_13_131514.parquet,FAIL,33749,770,False,True,,0,,,0
vehicle_positions_13_131545.parquet,FAIL,33755,779,False,True,,0,,,0
vehicle_positions_13_131616.parquet,FAIL,33942,784,False,True,,0,,,0
vehicle_positions_13_131648.parquet,FAIL,34202,785,False,True,,0,,,0
vehicle_positions_13_131719.parquet,FAIL,34047,779,False,True,,0,,,0
vehicle_positions_13_131750.parquet,FAIL,34165,785,False,True,,0,,,0
vehicle_positions_13_131821.parquet,FAIL,34490,789,False,True,,0,,,0
vehicle_positions_13_131852.parquet,FAIL,34820,796,False,True,,0,,,0
vehicle_positions_13_131922.parquet,FAIL,34884,802,False,True,,0,,,0
vehicle_positions_13_131953.parquet,FAIL,34971,804,False,True,,0,,,0
vehicle_positions_13_132024.parquet,FAIL,34892,806,False,True,,0,,,0
vehicle_positions_13_132054.parquet,FAIL,35089,809,False,True,,0,,,0
vehicle_positions_13_132125.parquet,FAIL,35118,813,False,True,,0,,,0
vehicle_positions_13_132156.parquet,FAIL,35303,817,False,True,,0,,,0
vehicle_positions_13_132226.parquet,FAIL,35372,822,False,True,,0,,,0
vehicle_positions_13_132257.parquet,FAIL,35728,826,False,True,,0,,,0
vehicle_positions_13_132327.parquet,FAIL,35446,823,False,True,,0,,,0
vehicle_positions_13_132358.parquet,FAIL,35769,830,False,True,,0,,,0
vehicle_positions_13_132429.parquet,FAIL,36085,835,False,True,,0,,,0
vehicle_positions_13_132500.parquet,FAIL,36255,841,False,True,,0,,,0
vehicle_positions_13_132530.parquet,FAIL,36268,843,False,True,,0,,,0
vehicle_positions_13_132601.parquet,FAIL,36233,846,False,True,,0,,,0
vehicle_positions_13_132632.parquet,FAIL,36473,850,False,True,,0,,,0
vehicle_positions_13_132703.parquet,FAIL,36386,849,False,True,,0,,,0
vehicle_positions_13_132733.parquet,FAIL,36548,852,False,True,,0,,,0
vehicle_positions_13_132804.parquet,FAIL,36795,859,False,True,,0,,,0
vehicle_positions_13_132834.parquet,FAIL,36850,863,False,True,,0,,,0
vehicle_positions_13_132905.parquet,FAIL,36959,868,False,True,,0,,,0
vehicle_positions_13_132936.parquet,FAIL,37089,870,False,True,,0,,,0
vehicle_positions_13_133007.parquet,FAIL,37064,870,False,True,,0,,,0
vehicle_positions_13_133038.parquet,FAIL,37368,877,False,True,,0,,,0
vehicle_positions_13_133109.parquet,FAIL,37066,880,False,True,,0,,,0
vehicle_positions_13_133139.parquet,FAIL,37333,881,False,True,,0,,,0
vehicle_positions_13_133210.parquet,FAIL,37272,880,False,True,,0,,,0
vehicle_positions_13_133241.parquet,FAIL,37427,881,False,True,,0,,,0
vehicle_positions_13_133311.parquet,FAIL,37445,886,False,True,,0,,,0
vehicle_positions_13_133342.parquet,FAIL,37645,892,False,True,,0,,,0
vehicle_positions_13_133413.parquet,FAIL,37759,893,False,True,,0,,,0
vehicle_positions_13_133443.parquet,FAIL,37718,892,False,True,,0,,,0
vehicle_positions_13_133514.parquet,FAIL,37824,890,False,True,,0,,,0
vehicle_positions_13_133544.parquet,FAIL,37845,895,False,True,,0,,,0
vehicle_positions_13_133615.parquet,FAIL,37750,893,False,True,,0,,,0
vehicle_positions_13_133646.parquet,FAIL,38063,897,False,True,,0,,,0
vehicle_positions_13_133716.parquet,FAIL,38149,901,False,True,,0,,,0
vehicle_positions_13_133747.parquet,FAIL,38075,903,False,True,,0,,,0
vehicle_positions_13_133818.parquet,FAIL,38013,904,False,True,,0,,,0
vehicle_positions_13_133848.parquet,FAIL,38209,906,False,True,,0,,,0
vehicle_positions_13_133919.parquet,FAIL,38134,906,False,True,,0,,,0
vehicle_positions_13_133950.parquet,FAIL,38284,906,False,True,,0,,,0
vehicle_positions_13_134021.parquet,FAIL,38363,910,False,True,,0,,,0
vehicle_positions_13_134051.parquet,FAIL,38459,910,False,True,,0,,,0
vehicle_positions_13_134123.parquet,FAIL,38444,912,False,True,,0,,,0
vehicle_positions_13_134153.parquet,FAIL,38275,910,False,True,,0,,,0
vehicle_positions_13_134224.parquet,FAIL,38540,913,False,True,,0,,,0
vehicle_positions_13_134255.parquet,FAIL,38780,922,False,True,,0,,,0
vehicle_positions_13_134326.parquet,FAIL,38797,920,False,True,,0,,,0
vehicle_positions_13_134356.parquet,FAIL,38914,925,False,True,,0,,,0
vehicle_positions_13_134427.parquet,FAIL,38874,932,False,True,,0,,,0
vehicle_positions_13_134458.parquet,FAIL,39031,933,False,True,,0,,,0
vehicle_positions_13_134529.parquet,FAIL,39377,938,False,True,,0,,,0
vehicle_positions_13_134559.parquet,FAIL,39822,952,False,True,,0,,,0
vehicle_positions_13_134630.parquet,FAIL,39673,951,False,True,,0,,,0
vehicle_positions_13_134701.parquet,FAIL,39834,958,False,True,,0,,,0
vehicle_positions_13_134731.parquet,FAIL,39946,963,False,True,,0,,,0
vehicle_positions_13_134802.parquet,FAIL,39902,961,False,True,,0,,,0
vehicle_positions_13_134833.parquet,FAIL,40223,964,False,True,,0,,,0
vehicle_positions_13_134903.parquet,FAIL,40109,965,False,True,,0,,,0
vehicle_positions_13_134934.parquet,FAIL,40195,968,False,True,,0,,,0
vehicle_positions_13_135005.parquet,FAIL,40340,972,False,True,,0,,,0
vehicle_positions_13_135036.parquet,FAIL,40492,976,False,True,,0,,,0
vehicle_positions_13_135108.parquet,FAIL,40564,977,False,True,,0,,,0
vehicle_positions_13_135138.parquet,FAIL,40486,980,False,True,,0,,,0
vehicle_positions_13_135209.parquet,FAIL,40545,979,False,True,,0,,,0
vehicle_positions_13_135240.parquet,FAIL,40399,976,False,True,,0,,,0
vehicle_positions_13_135311.parquet,FAIL,40438,975,False,True,,0,,,0
vehicle_positions_13_135341.parquet,FAIL,40504,978,False,True,,0,,,0
vehicle_positions_13_135412.parquet,FAIL,40573,980,False,True,,0,,,0
vehicle_positions_13_135443.parquet,FAIL,40740,981,False,True,,0,,,0
vehicle_positions_13_135513.parquet,FAIL,40698,980,False,True,,0,,,0
vehicle_positions_13_135544.parquet,FAIL,40567,981,False,True,,0,,,0
vehicle_positions_13_135615.parquet,FAIL,40721,987,False,True,,0,,,0
vehicle_positions_13_135646.parquet,FAIL,40951,993,False,True,,0,,,0
vehicle_positions_13_135716.parquet,FAIL,41012,995,False,True,,0,,,0
vehicle_positions_13_135747.parquet,FAIL,40823,990,False,True,,0,,,0
vehicle_positions_13_135818.parquet,FAIL,40834,990,False,True,,0,,,0
vehicle_positions_13_135849.parquet,FAIL,41025,995,False,True,,0,,,0
vehicle_positions_13_135919.parquet,FAIL,41161,998,False,True,,0,,,0
vehicle_positions_13_135950.parquet,FAIL,41231,996,False,True,,0,,,0
vehicle_positions_14_140021.parquet,FAIL,41475,1005,False,True,,0,,,0
vehicle_positions_14_140052.parquet,FAIL,41509,1011,False,True,,0,,,0
vehicle_positions_14_140123.parquet,FAIL,41769,1011,False,True,,0,,,0
vehicle_positions_14_140153.parquet,FAIL,41640,1014,False,True,,0,,,0
vehicle_positions_14_140224.parquet,FAIL,41511,1010,False,True,,0,,,0
vehicle_positions_14_140255.parquet,FAIL,41507,1008,False,True,,0,,,0
vehicle_positions_14_140326.parquet,FAIL,41718,1014,False,True,,0,,,0
vehicle_positions_14_140356.parquet,FAIL,42005,1022,False,True,,0,,,0
vehicle_positions_14_140427.parquet,FAIL,41976,1023,False,True,,0,,,0
vehicle_positions_14_140458.parquet,FAIL,42482,1025,False,True,,0,,,0
vehicle_positions_14_140528.parquet,FAIL,42711,1030,False,True,,0,,,0
vehicle_positions_14_140559.parquet,FAIL,42582,1030,False,True,,0,,,0
vehicle_positions_14_140630.parquet,FAIL,42598,1032,False,True,,0,,,0
vehicle_positions_14_140701.parquet,FAIL,42731,1036,False,True,,0,,,0
vehicle_positions_14_140732.parquet,FAIL,42902,1036,False,True,,0,,,0
vehicle_positions_14_140802.parquet,FAIL,42801,1038,False,True,,0,,,0
vehicle_positions_14_140833.parquet,FAIL,43237,1049,False,True,,0,,,0
vehicle_positions_14_140904.parquet,FAIL,43188,1049,False,True,,0,,,0
vehicle_positions_14_140934.parquet,FAIL,43118,1048,False,True,,0,,,0
vehicle_positions_14_141005.parquet,FAIL,43372,1052,False,True,,0,,,0
vehicle_positions_14_141036.parquet,FAIL,43387,1050,False,True,,0,,,0
vehicle_positions_14_141107.parquet,FAIL,43316,1054,False,True,,0,,,0
vehicle_positions_14_141138.parquet,FAIL,43480,1056,False,True,,0,,,0
vehicle_positions_14_141208.parquet,FAIL,43416,1056,False,True,,0,,,0
vehicle_positions_14_141239.parquet,FAIL,43564,1057,False,True,,0,,,0
vehicle_positions_14_141310.parquet,FAIL,43780,1058,False,True,,0,,,0
vehicle_positions_14_141340.parquet,FAIL,43763,1059,False,True,,0,,,0
vehicle_positions_14_141411.parquet,FAIL,43708,1059,False,True,,0,,,0
vehicle_positions_14_141442.parquet,FAIL,43792,1062,False,True,,0,,,0
vehicle_positions_14_141513.parquet,FAIL,43919,1067,False,True,,0,,,0
vehicle_positions_14_141543.parquet,FAIL,43792,1068,False,True,,0,,,0
vehicle_positions_14_141614.parquet,FAIL,43953,1071,False,True,,0,,,0
vehicle_positions_14_141645.parquet,FAIL,44143,1073,False,True,,0,,,0
vehicle_positions_14_141716.parquet,FAIL,44295,1074,False,True,,0,,,0
vehicle_positions_14_141746.parquet,FAIL,44319,1079,False,True,,0,,,0
vehicle_positions_14_141817.parquet,FAIL,44621,1083,False,True,,0,,,0
vehicle_positions_14_141848.parquet,FAIL,44538,1085,False,True,,0,,,0
vehicle_positions_14_141919.parquet,FAIL,44698,1086,False,True,,0,,,0
vehicle_positions_14_141949.parquet,FAIL,44521,1085,False,True,,0,,,0
vehicle_positions_14_142020.parquet,FAIL,44685,1085,False,True,,0,,,0
vehicle_positions_14_142051.parquet,FAIL,44826,1095,False,True,,0,,,0
vehicle_positions_14_142122.parquet,FAIL,45022,1097,False,True,,0,,,0
vehicle_positions_14_142153.parquet,FAIL,45020,1101,False,True,,0,,,0
vehicle_positions_14_142223.parquet,FAIL,45579,1108,False,True,,0,,,0
vehicle_positions_14_142254.parquet,FAIL,45724,1114,False,True,,0,,,0
vehicle_positions_14_142325.parquet,FAIL,45766,1116,False,True,,0,,,0
vehicle_positions_14_142356.parquet,FAIL,45683,1113,False,True,,0,,,0
vehicle_positions_14_142426.parquet,FAIL,45687,1114,False,True,,0,,,0
vehicle_positions_14_142458.parquet,FAIL,45654,1114,False,True,,0,,,0
vehicle_positions_14_142528.parquet,FAIL,45533,1114,False,True,,0,,,0
vehicle_positions_14_142559.parquet,FAIL,45571,1111,False,True,,0,,,0
vehicle_positions_14_142630.parquet,FAIL,45642,1112,False,True,,0,,,0
vehicle_positions_14_142700.parquet,FAIL,45851,1117,False,True,,0,,,0
vehicle_positions_14_142731.parquet,FAIL,45759,1114,False,True,,0,,,0
vehicle_positions_14_142802.parquet,FAIL,45635,1112,False,True,,0,,,0
vehicle_positions_14_142833.parquet,FAIL,45587,1112,False,True,,0,,,0
vehicle_positions_14_142903.parquet,FAIL,45637,1115,False,True,,0,,,0
vehicle_positions_14_142934.parquet,FAIL,45675,1114,False,True,,0,,,0
vehicle_positions_14_143005.parquet,FAIL,45641,1118,False,True,,0,,,0
vehicle_positions_14_143036.parquet,FAIL,45947,1123,False,True,,0,,,0
vehicle_positions_14_143107.parquet,FAIL,46204,1129,False,True,,0,,,0
vehicle_positions_14_143138.parquet,FAIL,46205,1134,False,True,,0,,,0
vehicle_positions_14_143208.parquet,FAIL,46412,1135,False,True,,0,,,0
vehicle_positions_14_143239.parquet,FAIL,46246,1134,False,True,,0,,,0
vehicle_positions_14_143310.parquet,FAIL,46511,1137,False,True,,0,,,0
vehicle_positions_14_143340.parquet,FAIL,46327,1136,False,True,,0,,,0
vehicle_positions_14_143411.parquet,FAIL,46377,1136,False,True,,0,,,0
vehicle_positions_14_143442.parquet,FAIL,46482,1142,False,True,,0,,,0
vehicle_positions_14_143513.parquet,FAIL,46499,1143,False,True,,0,,,0
vehicle_positions_14_143545.parquet,FAIL,46714,1150,False,True,,0,,,0
vehicle_positions_14_143616.parquet,FAIL,46867,1150,False,True,,0,,,0
vehicle_positions_14_143647.parquet,FAIL,46786,1148,False,True,,0,,,0
vehicle_positions_14_143717.parquet,FAIL,46712,1147,False,True,,0,,,0
vehicle_positions_14_143749.parquet,FAIL,46989,1151,False,True,,0,,,0
vehicle_positions_14_143820.parquet,FAIL,47008,1155,False,True,,0,,,0
vehicle_positions_14_143851.parquet,FAIL,46943,1152,False,True,,0,,,0
vehicle_positions_14_143921.parquet,FAIL,47070,1155,False,True,,0,,,0
vehicle_positions_14_143952.parquet,FAIL,46874,1153,False,True,,0,,,0
vehicle_positions_14_144023.parquet,FAIL,47125,1156,False,True,,0,,,0
vehicle_positions_14_144054.parquet,FAIL,47231,1159,False,True,,0,,,0
vehicle_positions_14_144125.parquet,FAIL,47223,1161,False,True,,0,,,0
vehicle_positions_14_144155.parquet,FAIL,47240,1163,False,True,,0,,,0
vehicle_positions_14_144226.parquet,FAIL,47445,1163,False,True,,0,,,0
vehicle_positions_14_144257.parquet,FAIL,47490,1164,False,True,,0,,,0
vehicle_positions_14_144327.parquet,FAIL,47322,1164,False,True,,0,,,0
vehicle_positions_14_144358.parquet,FAIL,47180,1159,False,True,,0,,,0
vehicle_positions_14_144429.parquet,FAIL,47050,1158,False,True,,0,,,0
vehicle_positions_14_144500.parquet,FAIL,47033,1158,False,True,,0,,,0
vehicle_positions_14_144530.parquet,FAIL,47333,1163,False,True,,0,,,0
vehicle_positions_14_144601.parquet,FAIL,47373,1165,False,True,,0,,,0
vehicle_positions_14_144632.parquet,FAIL,47301,1166,False,True,,0,,,0
vehicle_positions_14_144703.parquet,FAIL,47470,1171,False,True,,0,,,0
vehicle_positions_14_144733.parquet,FAIL,47603,1170,False,True,,0,,,0
vehicle_positions_14_144804.parquet,FAIL,47609,1173,False,True,,0,,,0
vehicle_positions_14_144837.parquet,FAIL,47689,1178,False,True,,0,,,0
vehicle_positions_14_144908.parquet,FAIL,47814,1180,False,True,,0,,,0
vehicle_positions_14_144938.parquet,FAIL,48071,1183,False,True,,0,,,0
vehicle_positions_14_145009.parquet,FAIL,48032,1186,False,True,,0,,,0
vehicle_positions_14_145040.parquet,FAIL,48225,1190,False,True,,0,,,0
vehicle_positions_14_145111.parquet,FAIL,48086,1187,False,True,,0,,,0
vehicle_positions_14_145141.parquet,FAIL,47856,1183,False,True,,0,,,0
vehicle_positions_14_145212.parquet,FAIL,47814,1184,False,True,,0,,,0
vehicle_positions_14_145243.parquet,FAIL,47867,1182,False,True,,0,,,0
vehicle_positions_14_145314.parquet,FAIL,47716,1181,False,True,,0,,,0
vehicle_positions_14_145345.parquet,FAIL,47731,1181,False,True,,0,,,0
vehicle_positions_14_145415.parquet,FAIL,47573,1179,False,True,,0,,,0
vehicle_positions_14_145446.parquet,FAIL,47744,1177,False,True,,0,,,0
vehicle_positions_14_145517.parquet,FAIL,47752,1177,False,True,,0,,,0
vehicle_positions_14_145547.parquet,FAIL,47560,1176,False,True,,0,,,0
vehicle_positions_14_145618.parquet,FAIL,47877,1180,False,True,,0,,,0
vehicle_positions_14_145649.parquet,FAIL,47736,1180,False,True,,0,,,0
vehicle_positions_14_145720.parquet,FAIL,47892,1186,False,True,,0,,,0
vehicle_positions_14_145750.parquet,FAIL,47813,1185,False,True,,0,,,0
vehicle_positions_14_145821.parquet,FAIL,47714,1182,False,True,,0,,,0
vehicle_positions_14_145852.parquet,FAIL,47920,1183,False,True,,0,,,0
vehicle_positions_14_145923.parquet,FAIL,48012,1185,False,True,,0,,,0
vehicle_positions_14_145954.parquet,FAIL,47775,1186,False,True,,0,,,0
vehicle_positions_15_150025.parquet,FAIL,47983,1185,False,True,,0,,,0
vehicle_positions_15_150055.parquet,FAIL,48044,1189,False,True,,0,,,0
vehicle_positions_15_150126.parquet,FAIL,47960,1188,False,True,,0,,,0
vehicle_positions_15_150157.parquet,FAIL,47906,1188,False,True,,0,,,0
vehicle_positions_15_150228.parquet,FAIL,47976,1189,False,True,,0,,,0
vehicle_positions_15_150259.parquet,FAIL,47923,1189,False,True,,0,,,0
vehicle_positions_15_150329.parquet,FAIL,47979,1186,False,True,,0,,,0
vehicle_positions_15_150400.parquet,FAIL,47863,1187,False,True,,0,,,0
vehicle_positions_15_150431.parquet,FAIL,47951,1186,False,True,,0,,,0
vehicle_positions_15_150502.parquet,FAIL,47971,1188,False,True,,0,,,0
vehicle_positions_15_150532.parquet,FAIL,48094,1188,False,True,,0,,,0
vehicle_positions_15_150603.parquet,FAIL,48017,1186,False,True,,0,,,0
vehicle_positions_15_150634.parquet,FAIL,47934,1190,False,True,,0,,,0
vehicle_positions_15_150705.parquet,FAIL,48114,1191,False,True,,0,,,0
vehicle_positions_15_150735.parquet,FAIL,47988,1191,False,True,,0,,,0
vehicle_positions_15_150806.parquet,FAIL,48135,1191,False,True,,0,,,0
vehicle_positions_15_150838.parquet,FAIL,47910,1190,False,True,,0,,,0
vehicle_positions_15_150908.parquet,FAIL,47846,1188,False,True,,0,,,0
vehicle_positions_15_150939.parquet,FAIL,47929,1189,False,True,,0,,,0
vehicle_positions_15_151010.parquet,FAIL,47827,1187,False,True,,0,,,0
vehicle_positions_15_151040.parquet,FAIL,48007,1188,False,True,,0,,,0
vehicle_positions_15_151111.parquet,FAIL,47849,1189,False,True,,0,,,0
vehicle_positions_15_151142.parquet,FAIL,48101,1192,False,True,,0,,,0
vehicle_positions_15_151213.parquet,FAIL,47819,1186,False,True,,0,,,0
vehicle_positions_15_151244.parquet,FAIL,47847,1184,False,True,,0,,,0
vehicle_positions_15_151314.parquet,FAIL,47750,1183,False,True,,0,,,0
vehicle_positions_15_151345.parquet,FAIL,47742,1186,False,True,,0,,,0
vehicle_positions_15_151416.parquet,FAIL,47881,1190,False,True,,0,,,0
vehicle_positions_15_151447.parquet,FAIL,47825,1187,False,True,,0,,,0
vehicle_positions_15_151517.parquet,FAIL,47742,1182,False,True,,0,,,0
vehicle_positions_15_151548.parquet,FAIL,47730,1182,False,True,,0,,,0
vehicle_positions_15_151621.parquet,FAIL,47782,1184,False,True,,0,,,0
vehicle_positions_15_151653.parquet,FAIL,47900,1189,False,True,,0,,,0
vehicle_positions_15_151723.parquet,FAIL,47979,1189,False,True,,0,,,0
vehicle_positions_15_151754.parquet,FAIL,47930,1190,False,True,,0,,,0
vehicle_positions_15_151825.parquet,FAIL,48026,1192,False,True,,0,,,0
vehicle_positions_15_151855.parquet,FAIL,48100,1193,False,True,,0,,,0
vehicle_positions_15_151926.parquet,FAIL,48170,1193,False,True,,0,,,0
vehicle_positions_15_151957.parquet,FAIL,47916,1190,False,True,,0,,,0
vehicle_positions_15_152027.parquet,FAIL,47854,1189,False,True,,0,,,0
vehicle_positions_15_152058.parquet,FAIL,47709,1184,False,True,,0,,,0
vehicle_positions_15_152129.parquet,FAIL,47662,1182,False,True,,0,,,0
vehicle_positions_15_152200.parquet,FAIL,47619,1180,False,True,,0,,,0
vehicle_positions_15_152230.parquet,FAIL,47660,1179,False,True,,0,,,0
vehicle_positions_15_152301.parquet,FAIL,47473,1178,False,True,,0,,,0
vehicle_positions_15_152332.parquet,FAIL,47615,1180,False,True,,0,,,0
vehicle_positions_15_152403.parquet,FAIL,47619,1176,False,True,,0,,,0
vehicle_positions_15_152434.parquet,FAIL,47683,1178,False,True,,0,,,0
vehicle_positions_15_152504.parquet,FAIL,47697,1179,False,True,,0,,,0
vehicle_positions_15_152535.parquet,FAIL,47599,1179,False,True,,0,,,0
vehicle_positions_15_152606.parquet,FAIL,47801,1182,False,True,,0,,,0
vehicle_positions_15_152636.parquet,FAIL,47827,1183,False,True,,0,,,0
vehicle_positions_15_152708.parquet,FAIL,47877,1181,False,True,,0,,,0
vehicle_positions_15_152738.parquet,FAIL,47754,1181,False,True,,0,,,0
vehicle_positions_15_152809.parquet,FAIL,47707,1176,False,True,,0,,,0
vehicle_positions_15_152840.parquet,FAIL,47571,1176,False,True,,0,,,0
vehicle_positions_15_152911.parquet,FAIL,47287,1174,False,True,,0,,,0
vehicle_positions_15_152941.parquet,FAIL,47354,1173,False,True,,0,,,0
vehicle_positions_15_153012.parquet,FAIL,47462,1175,False,True,,0,,,0
vehicle_positions_15_153043.parquet,FAIL,47380,1174,False,True,,0,,,0
vehicle_positions_15_153114.parquet,FAIL,47516,1176,False,True,,0,,,0
vehicle_positions_15_153145.parquet,FAIL,47218,1168,False,True,,0,,,0
vehicle_positions_15_153216.parquet,FAIL,47275,1167,False,True,,0,,,0
vehicle_positions_15_153246.parquet,FAIL,47263,1167,False,True,,0,,,0
vehicle_positions_15_153317.parquet,FAIL,47202,1169,False,True,,0,,,0
vehicle_positions_15_153348.parquet,FAIL,47242,1168,False,True,,0,,,0
vehicle_positions_15_153419.parquet,FAIL,47205,1165,False,True,,0,,,0
vehicle_positions_15_153449.parquet,FAIL,47122,1164,False,True,,0,,,0
vehicle_positions_15_153520.parquet,FAIL,47118,1161,False,True,,0,,,0
vehicle_positions_15_153551.parquet,FAIL,47127,1167,False,True,,0,,,0
vehicle_positions_15_153621.parquet,FAIL,47514,1169,False,True,,0,,,0
vehicle_positions_15_153653.parquet,FAIL,47268,1165,False,True,,0,,,0
vehicle_positions_15_153723.parquet,FAIL,47156,1165,False,True,,0,,,0
vehicle_positions_15_153754.parquet,FAIL,47204,1164,False,True,,0,,,0
vehicle_positions_15_153825.parquet,FAIL,47039,1160,False,True,,0,,,0
vehicle_positions_15_153856.parquet,FAIL,47097,1163,False,True,,0,,,0
vehicle_positions_15_153927.parquet,FAIL,47072,1160,False,True,,0,,,0
vehicle_positions_15_153957.parquet,FAIL,46943,1158,False,True,,0,,,0
vehicle_positions_15_154028.parquet,FAIL,46888,1155,False,True,,0,,,0
vehicle_positions_15_154059.parquet,FAIL,46818,1158,False,True,,0,,,0
vehicle_positions_15_154130.parquet,FAIL,46858,1157,False,True,,0,,,0
vehicle_positions_15_154200.parquet,FAIL,46852,1159,False,True,,0,,,0
vehicle_positions_15_154231.parquet,FAIL,46924,1160,False,True,,0,,,0
vehicle_positions_15_154302.parquet,FAIL,46893,1159,False,True,,0,,,0
vehicle_positions_15_154333.parquet,FAIL,47072,1159,False,True,,0,,,0
vehicle_positions_15_154403.parquet,FAIL,46875,1157,False,True,,0,,,0
vehicle_positions_15_154434.parquet,FAIL,46697,1150,False,True,,0,,,0
vehicle_positions_15_154505.parquet,FAIL,46599,1148,False,True,,0,,,0
vehicle_positions_15_154536.parquet,FAIL,46294,1144,False,True,,0,,,0
vehicle_positions_15_154606.parquet,FAIL,46651,1148,False,True,,0,,,0
vehicle_positions_15_154638.parquet,FAIL,46585,1145,False,True,,0,,,0
vehicle_positions_15_154708.parquet,FAIL,46317,1141,False,True,,0,,,0
vehicle_positions_15_154739.parquet,FAIL,46318,1142,False,True,,0,,,0
vehicle_positions_15_154810.parquet,FAIL,46290,1140,False,True,,0,,,0
vehicle_positions_15_154840.parquet,FAIL,46304,1137,False,True,,0,,,0
vehicle_positions_15_154911.parquet,FAIL,46282,1138,False,True,,0,,,0
vehicle_positions_15_154942.parquet,FAIL,46144,1136,False,True,,0,,,0
vehicle_positions_15_155013.parquet,FAIL,46354,1138,False,True,,0,,,0
vehicle_positions_15_155043.parquet,FAIL,46213,1137,False,True,,0,,,0
vehicle_positions_15_155114.parquet,FAIL,46094,1134,False,True,,0,,,0
vehicle_positions_15_155145.parquet,FAIL,46136,1132,False,True,,0,,,0
vehicle_positions_15_155215.parquet,FAIL,46007,1131,False,True,,0,,,0
vehicle_positions_15_155246.parquet,FAIL,46076,1132,False,True,,0,,,0
vehicle_positions_15_155317.parquet,FAIL,45610,1128,False,True,,0,,,0
vehicle_positions_15_155347.parquet,FAIL,45902,1130,False,True,,0,,,0
vehicle_positions_15_155418.parquet,FAIL,45835,1127,False,True,,0,,,0
vehicle_positions_15_155449.parquet,FAIL,45867,1124,False,True,,0,,,0
vehicle_positions_15_155520.parquet,FAIL,45436,1117,False,True,,0,,,0
vehicle_positions_15_155551.parquet,FAIL,45593,1119,False,True,,0,,,0
vehicle_positions_15_155622.parquet,FAIL,45278,1117,False,True,,0,,,0
vehicle_positions_15_155653.parquet,FAIL,45423,1116,False,True,,0,,,0
vehicle_positions_15_155723.parquet,FAIL,45454,1115,False,True,,0,,,0
vehicle_positions_15_155754.parquet,FAIL,45458,1114,False,True,,0,,,0
vehicle_positions_15_155825.parquet,FAIL,45546,1113,False,True,,0,,,0
vehicle_positions_15_155855.parquet,FAIL,45350,1110,False,True,,0,,,0
vehicle_positions_15_155926.parquet,FAIL,45311,1110,False,True,,0,,,0
vehicle_positions_15_155957.parquet,FAIL,45352,1109,False,True,,0,,,0
vehicle_positions_16_160029.parquet,FAIL,45170,1106,False,True,,0,,,0
vehicle_positions_16_160059.parquet,FAIL,45433,1110,False,True,,0,,,0
vehicle_positions_16_160130.parquet,FAIL,45279,1109,False,True,,0,,,0
vehicle_positions_16_160201.parquet,FAIL,45156,1107,False,True,,0,,,0
vehicle_positions_16_160232.parquet,FAIL,45018,1103,False,True,,0,,,0
vehicle_positions_16_160302.parquet,FAIL,44998,1102,False,True,,0,,,0
vehicle_positions_16_160333.parquet,FAIL,44993,1098,False,True,,0,,,0
vehicle_positions_16_160404.parquet,FAIL,44954,1097,False,True,,0,,,0
vehicle_positions_16_160435.parquet,FAIL,44858,1095,False,True,,0,,,0
vehicle_positions_16_160506.parquet,FAIL,44762,1095,False,True,,0,,,0
vehicle_positions_16_160536.parquet,FAIL,44857,1093,False,True,,0,,,0
vehicle_positions_16_160607.parquet,FAIL,44831,1094,False,True,,0,,,0
vehicle_positions_16_160638.parquet,FAIL,44676,1090,False,True,,0,,,0
vehicle_positions_16_160709.parquet,FAIL,44737,1092,False,True,,0,,,0
vehicle_positions_16_160739.parquet,FAIL,44679,1092,False,True,,0,,,0
vehicle_positions_16_160810.parquet,FAIL,44605,1089,False,True,,0,,,0
vehicle_positions_16_160841.parquet,FAIL,44626,1088,False,True,,0,,,0
vehicle_positions_16_160911.parquet,FAIL,44560,1089,False,True,,0,,,0
vehicle_positions_16_160942.parquet,FAIL,44585,1087,False,True,,0,,,0
vehicle_positions_16_161013.parquet,FAIL,44440,1085,False,True,,0,,,0
vehicle_positions_16_161044.parquet,FAIL,44389,1083,False,True,,0,,,0
vehicle_positions_16_161114.parquet,FAIL,44362,1083,False,True,,0,,,0
vehicle_positions_16_161145.parquet,FAIL,44443,1082,False,True,,0,,,0
vehicle_positions_16_161216.parquet,FAIL,44381,1081,False,True,,0,,,0
vehicle_positions_16_161247.parquet,FAIL,44339,1077,False,True,,0,,,0
vehicle_positions_16_161318.parquet,FAIL,43999,1071,False,True,,0,,,0
vehicle_positions_16_161348.parquet,FAIL,43808,1070,False,True,,0,,,0
vehicle_positions_16_161419.parquet,FAIL,43754,1065,False,True,,0,,,0
vehicle_positions_16_161450.parquet,FAIL,43515,1061,False,True,,0,,,0
vehicle_positions_16_161521.parquet,FAIL,43518,1062,False,True,,0,,,0
vehicle_positions_16_161552.parquet,FAIL,43603,1062,False,True,,0,,,0
vehicle_positions_16_161623.parquet,FAIL,43388,1054,False,True,,0,,,0
vehicle_positions_16_161654.parquet,FAIL,43271,1052,False,True,,0,,,0
vehicle_positions_16_161725.parquet,FAIL,43247,1051,False,True,,0,,,0
vehicle_positions_16_161755.parquet,FAIL,43257,1053,False,True,,0,,,0
vehicle_positions_16_161826.parquet,FAIL,43219,1052,False,True,,0,,,0
vehicle_positions_16_161857.parquet,FAIL,42821,1042,False,True,,0,,,0
vehicle_positions_16_161928.parquet,FAIL,42694,1037,False,True,,0,,,0
vehicle_positions_16_161958.parquet,FAIL,42898,1038,False,True,,0,,,0
vehicle_positions_16_162029.parquet,FAIL,42703,1038,False,True,,0,,,0
vehicle_positions_16_162100.parquet,FAIL,42806,1038,False,True,,0,,,0
vehicle_positions_16_162131.parquet,FAIL,42795,1038,False,True,,0,,,0
vehicle_positions_16_162201.parquet,FAIL,42814,1038,False,True,,0,,,0
vehicle_positions_16_162232.parquet,FAIL,42640,1037,False,True,,0,,,0
vehicle_positions_16_162303.parquet,FAIL,42743,1036,False,True,,0,,,0
vehicle_positions_16_162334.parquet,FAIL,42819,1036,False,True,,0,,,0
vehicle_positions_16_162404.parquet,FAIL,42795,1034,False,True,,0,,,0
vehicle_positions_16_162435.parquet,FAIL,42586,1029,False,True,,0,,,0
vehicle_positions_16_162506.parquet,FAIL,42538,1029,False,True,,0,,,0
vehicle_positions_16_162536.parquet,FAIL,42514,1030,False,True,,0,,,0
vehicle_positions_16_162608.parquet,FAIL,42382,1026,False,True,,0,,,0
vehicle_positions_16_162638.parquet,FAIL,41909,1022,False,True,,0,,,0
vehicle_positions_16_162709.parquet,FAIL,41891,1020,False,True,,0,,,0
vehicle_positions_16_162740.parquet,FAIL,41810,1018,False,True,,0,,,0
vehicle_positions_16_162811.parquet,FAIL,41699,1015,False,True,,0,,,0
vehicle_positions_16_162841.parquet,FAIL,41597,1010,False,True,,0,,,0
vehicle_positions_16_162912.parquet,FAIL,41584,1010,False,True,,0,,,0
vehicle_positions_16_162943.parquet,FAIL,41521,1006,False,True,,0,,,0
vehicle_positions_16_163014.parquet,FAIL,41208,1000,False,True,,0,,,0
vehicle_positions_16_163044.parquet,FAIL,41176,996,False,True,,0,,,0
vehicle_positions_16_163115.parquet,FAIL,41119,995,False,True,,0,,,0
vehicle_positions_16_163146.parquet,FAIL,41025,993,False,True,,0,,,0
vehicle_positions_16_163216.parquet,FAIL,40941,990,False,True,,0,,,0
vehicle_positions_16_163248.parquet,FAIL,40864,989,False,True,,0,,,0
vehicle_positions_16_163319.parquet,FAIL,40652,986,False,True,,0,,,0
vehicle_positions_16_163349.parquet,FAIL,40778,986,False,True,,0,,,0
vehicle_positions_16_163420.parquet,FAIL,40835,986,False,True,,0,,,0
vehicle_positions_16_163451.parquet,FAIL,40759,986,False,True,,0,,,0
vehicle_positions_16_163521.parquet,FAIL,40837,986,False,True,,0,,,0
vehicle_positions_16_163552.parquet,FAIL,40885,985,False,True,,0,,,0
vehicle_positions_16_163623.parquet,FAIL,40735,983,False,True,,0,,,0
vehicle_positions_16_163654.parquet,FAIL,40617,976,False,True,,0,,,0
vehicle_positions_16_163725.parquet,FAIL,40421,972,False,True,,0,,,0
vehicle_positions_16_163755.parquet,FAIL,40199,967,False,True,,0,,,0
vehicle_positions_16_163826.parquet,FAIL,40334,969,False,True,,0,,,0
vehicle_positions_16_163857.parquet,FAIL,40390,971,False,True,,0,,,0
vehicle_positions_16_163927.parquet,FAIL,40172,967,False,True,,0,,,0
vehicle_positions_16_163958.parquet,FAIL,40052,964,False,True,,0,,,0
vehicle_positions_16_164029.parquet,FAIL,39819,960,False,True,,0,,,0
vehicle_positions_16_164059.parquet,FAIL,39778,958,False,True,,0,,,0
vehicle_positions_16_164130.parquet,FAIL,39688,954,False,True,,0,,,0
vehicle_positions_16_164201.parquet,FAIL,39803,958,False,True,,0,,,0
vehicle_positions_16_164232.parquet,FAIL,39913,959,False,True,,0,,,0
vehicle_positions_16_164302.parquet,FAIL,39815,958,False,True,,0,,,0
vehicle_positions_16_164333.parquet,FAIL,39499,951,False,True,,0,,,0
vehicle_positions_16_164404.parquet,FAIL,39363,948,False,True,,0,,,0
vehicle_positions_16_164434.parquet,FAIL,39592,949,False,True,,0,,,0
vehicle_positions_16_164505.parquet,FAIL,39488,945,False,True,,0,,,0
vehicle_positions_16_164536.parquet,FAIL,39364,941,False,True,,0,,,0
vehicle_positions_16_164606.parquet,FAIL,39264,941,False,True,,0,,,0
vehicle_positions_16_164639.parquet,FAIL,39280,941,False,True,,0,,,0
vehicle_positions_16_164709.parquet,FAIL,39301,943,False,True,,0,,,0
vehicle_positions_16_164740.parquet,FAIL,39228,942,False,True,,0,,,0
vehicle_positions_16_164811.parquet,FAIL,39257,941,False,True,,0,,,0
vehicle_positions_16_164842.parquet,FAIL,39124,938,False,True,,0,,,0
vehicle_positions_16_164912.parquet,FAIL,38981,936,False,True,,0,,,0
vehicle_positions_16_164943.parquet,FAIL,39098,936,False,True,,0,,,0
vehicle_positions_16_165014.parquet,FAIL,39223,938,False,True,,0,,,0
vehicle_positions_16_165044.parquet,FAIL,38981,936,False,True,,0,,,0
vehicle_positions_16_165115.parquet,FAIL,38947,936,False,True,,0,,,0
vehicle_positions_16_165147.parquet,FAIL,39046,934,False,True,,0,,,0
vehicle_positions_16_165217.parquet,FAIL,38898,929,False,True,,0,,,0
vehicle_positions_16_165248.parquet,FAIL,38684,925,False,True,,0,,,0
vehicle_positions_16_165319.parquet,FAIL,38732,927,False,True,,0,,,0
vehicle_positions_16_165349.parquet,FAIL,38655,924,False,True,,0,,,0
vehicle_positions_16_165420.parquet,FAIL,38538,920,False,True,,0,,,0
vehicle_positions_16_165451.parquet,FAIL,38310,917,False,True,,0,,,0
vehicle_positions_16_165521.parquet,FAIL,38273,916,False,True,,0,,,0
vehicle_positions_16_165552.parquet,FAIL,38697,921,False,True,,0,,,0
vehicle_positions_16_165623.parquet,FAIL,38602,918,False,True,,0,,,0
vehicle_positions_16_165654.parquet,FAIL,38406,915,False,True,,0,,,0
vehicle_positions_16_165724.parquet,FAIL,38144,909,False,True,,0,,,0
vehicle_positions_16_165755.parquet,FAIL,38146,907,False,True,,0,,,0
vehicle_positions_16_165826.parquet,FAIL,38041,904,False,True,,0,,,0
vehicle_positions_16_165856.parquet,FAIL,37999,905,False,True,,0,,,0
vehicle_positions_16_165927.parquet,FAIL,38025,906,False,True,,0,,,0
vehicle_positions_16_165958.parquet,FAIL,38096,907,False,True,,0,,,0
vehicle_positions_17_170028.parquet,FAIL,38222,909,False,True,,0,,,0
vehicle_positions_17_170059.parquet,FAIL,38227,908,False,True,,0,,,0
vehicle_positions_17_170130.parquet,FAIL,38254,908,False,True,,0,,,0
vehicle_positions_17_170200.parquet,FAIL,38263,906,False,True,,0,,,0
vehicle_positions_17_170231.parquet,FAIL,38159,905,False,True,,0,,,0
vehicle_positions_17_170302.parquet,FAIL,37859,902,False,True,,0,,,0
vehicle_positions_17_170332.parquet,FAIL,37706,896,False,True,,0,,,0
vehicle_positions_17_170403.parquet,FAIL,37640,893,False,True,,0,,,0
vehicle_positions_17_170434.parquet,FAIL,37442,888,False,True,,0,,,0
vehicle_positions_17_170504.parquet,FAIL,37335,883,False,True,,0,,,0
vehicle_positions_17_170535.parquet,FAIL,37256,888,False,True,,0,,,0
vehicle_positions_17_170606.parquet,FAIL,37604,896,False,True,,0,,,0
vehicle_positions_17_170637.parquet,FAIL,37877,895,False,True,,0,,,0
vehicle_positions_17_170707.parquet,FAIL,37940,895,False,True,,0,,,0
vehicle_positions_17_170738.parquet,FAIL,38017,896,False,True,,0,,,0
vehicle_positions_17_170811.parquet,FAIL,37952,894,False,True,,0,,,0
vehicle_positions_17_170842.parquet,FAIL,37923,893,False,True,,0,,,0
vehicle_positions_17_170912.parquet,FAIL,37897,892,False,True,,0,,,0
vehicle_positions_17_170943.parquet,FAIL,37724,888,False,True,,0,,,0
vehicle_positions_17_171014.parquet,FAIL,37600,884,False,True,,0,,,0
vehicle_positions_17_171044.parquet,FAIL,37524,881,False,True,,0,,,0
vehicle_positions_17_171115.parquet,FAIL,37408,879,False,True,,0,,,0
vehicle_positions_17_171146.parquet,FAIL,37259,874,False,True,,0,,,0
vehicle_positions_17_171217.parquet,FAIL,36962,865,False,True,,0,,,0
vehicle_positions_17_171247.parquet,FAIL,36704,859,False,True,,0,,,0
vehicle_positions_17_171318.parquet,FAIL,35914,837,False,True,,0,,,0
vehicle_positions_17_171349.parquet,FAIL,35629,830,False,True,,0,,,0
vehicle_positions_17_171419.parquet,FAIL,35435,827,False,True,,0,,,0
vehicle_positions_17_171450.parquet,FAIL,35283,824,False,True,,0,,,0
vehicle_positions_17_171521.parquet,FAIL,32281,731,False,True,,0,,,0
vehicle_positions_17_171552.parquet,FAIL,26184,547,False,True,,0,,,0
vehicle_positions_17_171622.parquet,FAIL,21663,424,False,True,,0,,,0
vehicle_positions_17_171653.parquet,FAIL,16052,257,False,True,,0,,,0
vehicle_positions_18_185751.parquet,FAIL,15423,248,False,True,,0,,,0
vehicle_positions_18_185822.parquet,FAIL,28474,626,False,True,,0,,,0
vehicle_positions_18_185853.parquet,FAIL,28474,626,False,True,,0,,,0
vehicle_positions_18_185924.parquet,FAIL,28474,626,False,True,,0,,,0
vehicle_positions_18_185954.parquet,FAIL,28474,626,False,True,,0,,,0
vehicle_positions_19_190026.parquet,FAIL,28474,626,False,True,,0,,,0
vehicle_positions_19_190056.parquet,FAIL,28474,626,False,True,,0,,,0
vehicle_positions_19_190127.parquet,FAIL,32312,745,False,True,,0,,,0
vehicle_positions_19_190157.parquet,FAIL,32408,745,False,True,,0,,,0
vehicle_positions_19_190228.parquet,FAIL,32570,745,False,True,,0,,,0
vehicle_positions_19_190259.parquet,FAIL,32692,745,False,True,,0,,,0
vehicle_positions_19_190329.parquet,FAIL,32838,745,False,True,,0,,,0
vehicle_positions_19_190400.parquet,FAIL,33073,749,False,True,,0,,,0
vehicle_positions_19_190431.parquet,FAIL,33313,752,False,True,,0,,,0
vehicle_positions_19_190501.parquet,FAIL,33594,755,False,True,,0,,,0
vehicle_positions_19_190532.parquet,FAIL,33658,755,False,True,,0,,,0
vehicle_positions_19_190603.parquet,FAIL,32280,719,False,True,,0,,,0
vehicle_positions_19_190634.parquet,FAIL,31188,688,False,True,,0,,,0
vehicle_positions_19_190705.parquet,FAIL,31636,699,False,True,,0,,,0
vehicle_positions_19_190735.parquet,FAIL,32207,714,False,True,,0,,,0
vehicle_positions_19_190806.parquet,FAIL,32403,715,False,True,,0,,,0
vehicle_positions_19_190837.parquet,FAIL,32573,721,False,True,,0,,,0
vehicle_positions_19_190907.parquet,FAIL,32780,723,False,True,,0,,,0
vehicle_positions_19_190938.parquet,FAIL,32920,726,False,True,,0,,,0
vehicle_positions_19_191008.parquet,FAIL,33019,727,False,True,,0,,,0
vehicle_positions_19_191039.parquet,FAIL,33426,734,False,True,,0,,,0
vehicle_positions_19_191110.parquet,FAIL,33521,736,False,True,,0,,,0
vehicle_positions_19_191141.parquet,FAIL,33662,746,False,True,,0,,,0
vehicle_positions_19_191211.parquet,FAIL,33895,761,False,True,,0,,,0
vehicle_positions_19_191242.parquet,FAIL,34198,786,False,True,,0,,,0
vehicle_positions_19_191313.parquet,FAIL,34810,801,False,True,,0,,,0
vehicle_positions_19_191343.parquet,FAIL,35046,809,False,True,,0,,,0
vehicle_positions_19_191414.parquet,FAIL,35241,819,False,True,,0,,,0
vehicle_positions_19_191445.parquet,FAIL,35338,824,False,True,,0,,,0
vehicle_positions_19_191517.parquet,FAIL,35659,825,False,True,,0,,,0
vehicle_positions_19_191547.parquet,FAIL,35785,827,False,True,,0,,,0
vehicle_positions_19_191618.parquet,FAIL,35611,827,False,True,,0,,,0
vehicle_positions_19_191649.parquet,FAIL,35601,826,False,True,,0,,,0
vehicle_positions_19_191719.parquet,FAIL,35303,823,False,True,,0,,,0
vehicle_positions_19_191750.parquet,FAIL,35244,822,False,True,,0,,,0
vehicle_positions_19_191821.parquet,FAIL,35191,824,False,True,,0,,,0
vehicle_positions_19_191852.parquet,FAIL,35192,824,False,True,,0,,,0
vehicle_positions_19_191922.parquet,FAIL,35340,827,False,True,,0,,,0
vehicle_positions_19_191953.parquet,FAIL,35422,826,False,True,,0,,,0
vehicle_positions_19_192024.parquet,FAIL,35424,826,False,True,,0,,,0
vehicle_positions_19_192055.parquet,FAIL,35462,826,False,True,,0,,,0
vehicle_positions_19_192125.parquet,FAIL,35354,827,False,True,,0,,,0
vehicle_positions_19_192156.parquet,FAIL,35221,823,False,True,,0,,,0
vehicle_positions_19_192226.parquet,FAIL,35261,822,False,True,,0,,,0
vehicle_positions_19_192257.parquet,FAIL,35220,821,False,True,,0,,,0
vehicle_positions_19_192328.parquet,FAIL,35213,822,False,True,,0,,,0
vehicle_positions_19_192359.parquet,FAIL,35237,824,False,True,,0,,,0
vehicle_positions_19_192430.parquet,FAIL,35469,825,False,True,,0,,,0
vehicle_positions_19_192501.parquet,FAIL,35522,825,False,True,,0,,,0
vehicle_positions_19_192532.parquet,FAIL,35240,823,False,True,,0,,,0
vehicle_positions_19_192602.parquet,FAIL,35296,820,False,True,,0,,,0
vehicle_positions_19_192633.parquet,FAIL,35286,822,False,True,,0,,,0
vehicle_positions_19_192704.parquet,FAIL,35098,821,False,True,,0,,,0
vehicle_positions_19_192734.parquet,FAIL,35271,822,False,True,,0,,,0
vehicle_positions_19_192805.parquet,FAIL,35270,824,False,True,,0,,,0
vehicle_positions_19_192836.parquet,FAIL,35233,824,False,True,,0,,,0
vehicle_positions_19_192906.parquet,FAIL,35301,820,False,True,,0,,,0
vehicle_positions_19_192937.parquet,FAIL,35304,818,False,True,,0,,,0
vehicle_positions_19_193008.parquet,FAIL,35178,817,False,True,,0,,,0
vehicle_positions_19_193038.parquet,FAIL,35234,820,False,True,,0,,,0
vehicle_positions_19_193109.parquet,FAIL,35460,822,False,True,,0,,,0
vehicle_positions_19_193140.parquet,FAIL,35123,816,False,True,,0,,,0
vehicle_positions_19_193211.parquet,FAIL,35208,817,False,True,,0,,,0
vehicle_positions_19_193241.parquet,FAIL,35037,814,False,True,,0,,,0
vehicle_positions_19_193312.parquet,FAIL,35054,812,False,True,,0,,,0
vehicle_positions_19_193342.parquet,FAIL,35201,817,False,True,,0,,,0
vehicle_positions_19_193413.parquet,FAIL,35064,815,False,True,,0,,,0
vehicle_positions_19_193444.parquet,FAIL,35183,816,False,True,,0,,,0
vehicle_positions_19_193515.parquet,FAIL,35454,819,False,True,,0,,,0
vehicle_positions_19_193545.parquet,FAIL,35387,820,False,True,,0,,,0
vehicle_positions_19_193616.parquet,FAIL,35207,817,False,True,,0,,,0
vehicle_positions_19_193646.parquet,FAIL,35159,816,False,True,,0,,,0
vehicle_positions_19_193717.parquet,FAIL,35152,814,False,True,,0,,,0
vehicle_positions_19_193748.parquet,FAIL,34968,812,False,True,,0,,,0
vehicle_positions_19_193818.parquet,FAIL,35085,811,False,True,,0,,,0
vehicle_positions_19_193849.parquet,FAIL,35176,813,False,True,,0,,,0
vehicle_positions_19_193920.parquet,FAIL,35238,814,False,True,,0,,,0
vehicle_positions_19_193950.parquet,FAIL,35127,812,False,True,,0,,,0
vehicle_positions_19_194021.parquet,FAIL,35041,812,False,True,,0,,,0
vehicle_positions_19_194052.parquet,FAIL,35077,813,False,True,,0,,,0
vehicle_positions_19_194123.parquet,FAIL,35121,813,False,True,,0,,,0
vehicle_positions_19_194153.parquet,FAIL,35005,813,False,True,,0,,,0
vehicle_positions_19_194224.parquet,FAIL,35137,815,False,True,,0,,,0
vehicle_positions_19_194255.parquet,FAIL,35111,816,False,True,,0,,,0
vehicle_positions_19_194325.parquet,FAIL,35118,816,False,True,,0,,,0
vehicle_positions_19_194356.parquet,FAIL,35098,816,False,True,,0,,,0
vehicle_positions_19_194426.parquet,FAIL,35166,816,False,True,,0,,,0
vehicle_positions_19_194457.parquet,FAIL,35106,814,False,True,,0,,,0
vehicle_positions_19_194528.parquet,FAIL,35220,812,False,True,,0,,,0
vehicle_positions_19_194558.parquet,FAIL,34938,811,False,True,,0,,,0
vehicle_positions_19_194629.parquet,FAIL,34869,808,False,True,,0,,,0
vehicle_positions_19_194700.parquet,FAIL,34946,810,False,True,,0,,,0
vehicle_positions_19_194730.parquet,FAIL,35029,810,False,True,,0,,,0
vehicle_positions_19_194801.parquet,FAIL,34984,809,False,True,,0,,,0
vehicle_positions_19_194832.parquet,FAIL,34947,809,False,True,,0,,,0
vehicle_positions_19_194902.parquet,FAIL,35173,812,False,True,,0,,,0
vehicle_positions_19_194933.parquet,FAIL,35009,811,False,True,,0,,,0
vehicle_positions_19_195004.parquet,FAIL,35148,812,False,True,,0,,,0
vehicle_positions_19_195034.parquet,FAIL,34943,812,False,True,,0,,,0
vehicle_positions_19_195105.parquet,FAIL,34991,813,False,True,,0,,,0
vehicle_positions_19_195136.parquet,FAIL,35038,814,False,True,,0,,,0
vehicle_positions_19_195206.parquet,FAIL,35037,813,False,True,,0,,,0
vehicle_positions_19_195237.parquet,FAIL,35014,812,False,True,,0,,,0
vehicle_positions_19_195307.parquet,FAIL,35083,810,False,True,,0,,,0
vehicle_positions_19_195339.parquet,FAIL,35015,809,False,True,,0,,,0
vehicle_positions_19_195409.parquet,FAIL,35021,813,False,True,,0,,,0
vehicle_positions_19_195440.parquet,FAIL,35077,810,False,True,,0,,,0
vehicle_positions_19_195510.parquet,FAIL,35048,810,False,True,,0,,,0
vehicle_positions_19_195541.parquet,FAIL,35032,812,False,True,,0,,,0
vehicle_positions_19_195612.parquet,FAIL,34952,812,False,True,,0,,,0
vehicle_positions_19_195642.parquet,FAIL,35029,814,False,True,,0,,,0
vehicle_positions_19_195713.parquet,FAIL,35063,814,False,True,,0,,,0
vehicle_positions_19_195744.parquet,FAIL,34901,811,False,True,,0,,,0
vehicle_positions_19_195814.parquet,FAIL,34992,810,False,True,,0,,,0
vehicle_positions_19_195845.parquet,FAIL,34849,809,False,True,,0,,,0
vehicle_positions_19_195916.parquet,FAIL,34917,809,False,True,,0,,,0
vehicle_positions_19_195947.parquet,FAIL,35073,812,False,True,,0,,,0
vehicle_positions_20_200018.parquet,FAIL,34957,811,False,True,,0,,,0
vehicle_positions_20_200048.parquet,FAIL,34990,814,False,True,,0,,,0
vehicle_positions_20_200119.parquet,FAIL,35106,816,False,True,,0,,,0
vehicle_positions_20_200150.parquet,FAIL,35061,816,False,True,,0,,,0
vehicle_positions_20_200220.parquet,FAIL,35112,816,False,True,,0,,,0
vehicle_positions_20_200251.parquet,FAIL,35116,815,False,True,,0,,,0
vehicle_positions_20_200322.parquet,FAIL,35062,815,False,True,,0,,,0
vehicle_positions_20_200352.parquet,FAIL,34957,815,False,True,,0,,,0
vehicle_positions_20_200423.parquet,FAIL,35115,819,False,True,,0,,,0
vehicle_positions_20_200454.parquet,FAIL,35223,819,False,True,,0,,,0
vehicle_positions_20_200524.parquet,FAIL,35314,820,False,True,,0,,,0
vehicle_positions_20_200555.parquet,FAIL,35307,820,False,True,,0,,,0
vehicle_positions_20_200626.parquet,FAIL,35358,819,False,True,,0,,,0
vehicle_positions_20_200657.parquet,FAIL,35277,821,False,True,,0,,,0
vehicle_positions_20_200728.parquet,FAIL,35248,819,False,True,,0,,,0
vehicle_positions_20_200758.parquet,FAIL,35118,821,False,True,,0,,,0
vehicle_positions_20_200829.parquet,FAIL,35108,821,False,True,,0,,,0
vehicle_positions_20_200900.parquet,FAIL,35392,827,False,True,,0,,,0
vehicle_positions_20_200930.parquet,FAIL,35553,828,False,True,,0,,,0
vehicle_positions_20_201001.parquet,FAIL,35490,828,False,True,,0,,,0
vehicle_positions_20_201032.parquet,FAIL,35472,828,False,True,,0,,,0
vehicle_positions_20_201103.parquet,FAIL,35451,827,False,True,,0,,,0
vehicle_positions_20_201133.parquet,FAIL,35359,824,False,True,,0,,,0
vehicle_positions_20_201204.parquet,FAIL,35268,824,False,True,,0,,,0
vehicle_positions_20_201235.parquet,FAIL,35368,824,False,True,,0,,,0
vehicle_positions_20_201305.parquet,FAIL,35299,823,False,True,,0,,,0
vehicle_positions_20_201336.parquet,FAIL,35274,823,False,True,,0,,,0
vehicle_positions_20_201407.parquet,FAIL,35471,824,False,True,,0,,,0
vehicle_positions_20_201437.parquet,FAIL,35394,826,False,True,,0,,,0
vehicle_positions_20_201508.parquet,FAIL,35474,826,False,True,,0,,,0
vehicle_positions_20_201539.parquet,FAIL,35515,828,False,True,,0,,,0
vehicle_positions_20_201610.parquet,FAIL,35711,830,False,True,,0,,,0
vehicle_positions_20_201640.parquet,FAIL,35635,829,False,True,,0,,,0
vehicle_positions_20_201711.parquet,FAIL,35637,829,False,True,,0,,,0
vehicle_positions_20_201742.parquet,FAIL,35460,829,False,True,,0,,,0
vehicle_positions_20_201813.parquet,FAIL,35813,830,False,True,,0,,,0
vehicle_positions_20_201844.parquet,FAIL,35567,828,False,True,,0,,,0
vehicle_positions_20_201914.parquet,FAIL,35389,826,False,True,,0,,,0
vehicle_positions_20_201945.parquet,FAIL,35409,826,False,True,,0,,,0
vehicle_positions_20_202016.parquet,FAIL,35497,828,False,True,,0,,,0
vehicle_positions_20_202046.parquet,FAIL,35389,829,False,True,,0,,,0
vehicle_positions_20_202117.parquet,FAIL,35580,833,False,True,,0,,,0
vehicle_positions_20_202148.parquet,FAIL,35622,834,False,True,,0,,,0
vehicle_positions_20_202219.parquet,FAIL,35491,832,False,True,,0,,,0
vehicle_positions_20_202249.parquet,FAIL,35423,829,False,True,,0,,,0
vehicle_positions_20_202320.parquet,FAIL,35330,826,False,True,,0,,,0
vehicle_positions_20_202350.parquet,FAIL,35429,828,False,True,,0,,,0
vehicle_positions_20_202421.parquet,FAIL,35342,827,False,True,,0,,,0
vehicle_positions_20_202452.parquet,FAIL,35268,827,False,True,,0,,,0
vehicle_positions_20_202523.parquet,FAIL,35488,831,False,True,,0,,,0
vehicle_positions_20_202553.parquet,FAIL,35480,830,False,True,,0,,,0
vehicle_positions_20_202624.parquet,FAIL,35463,829,False,True,,0,,,0
vehicle_positions_20_202655.parquet,FAIL,35492,829,False,True,,0,,,0
vehicle_positions_20_202725.parquet,FAIL,35472,826,False,True,,0,,,0
vehicle_positions_20_202756.parquet,FAIL,35399,825,False,True,,0,,,0
vehicle_positions_20_202827.parquet,FAIL,35528,827,False,True,,0,,,0
vehicle_positions_20_202858.parquet,FAIL,35391,825,False,True,,0,,,0
vehicle_positions_20_202928.parquet,FAIL,35428,823,False,True,,0,,,0
vehicle_positions_20_202959.parquet,FAIL,35373,826,False,True,,0,,,0
vehicle_positions_20_203030.parquet,FAIL,35361,827,False,True,,0,,,0
vehicle_positions_20_203101.parquet,FAIL,35513,831,False,True,,0,,,0
vehicle_positions_20_203132.parquet,FAIL,35604,832,False,True,,0,,,0
vehicle_positions_20_203203.parquet,FAIL,35735,834,False,True,,0,,,0
vehicle_positions_20_203234.parquet,FAIL,35633,833,False,True,,0,,,0
vehicle_positions_20_203304.parquet,FAIL,35701,835,False,True,,0,,,0
vehicle_positions_20_203335.parquet,FAIL,35490,831,False,True,,0,,,0
vehicle_positions_20_203406.parquet,FAIL,35550,831,False,True,,0,,,0
vehicle_positions_20_203437.parquet,FAIL,35596,833,False,True,,0,,,0
vehicle_positions_20_203508.parquet,FAIL,35589,833,False,True,,0,,,0
vehicle_positions_20_203539.parquet,FAIL,35635,834,False,True,,0,,,0
vehicle_positions_20_203609.parquet,FAIL,35805,837,False,True,,0,,,0
vehicle_positions_20_203640.parquet,FAIL,35767,838,False,True,,0,,,0
vehicle_positions_20_203711.parquet,FAIL,35760,838,False,True,,0,,,0
vehicle_positions_20_203741.parquet,FAIL,36025,840,False,True,,0,,,0
vehicle_positions_20_203812.parquet,FAIL,35985,839,False,True,,0,,,0
vehicle_positions_20_203843.parquet,FAIL,35913,838,False,True,,0,,,0
vehicle_positions_20_203913.parquet,FAIL,35806,839,False,True,,0,,,0
vehicle_positions_20_203945.parquet,FAIL,36032,840,False,True,,0,,,0
vehicle_positions_20_204015.parquet,FAIL,36125,843,False,True,,0,,,0
vehicle_positions_20_204046.parquet,FAIL,36115,847,False,True,,0,,,0
vehicle_positions_20_204117.parquet,FAIL,36069,845,False,True,,0,,,0
vehicle_positions_20_204148.parquet,FAIL,36086,843,False,True,,0,,,0
vehicle_positions_20_204218.parquet,FAIL,35781,841,False,True,,0,,,0
vehicle_positions_20_204249.parquet,FAIL,35894,843,False,True,,0,,,0
vehicle_positions_20_204320.parquet,FAIL,35955,844,False,True,,0,,,0
vehicle_positions_20_204350.parquet,FAIL,36103,847,False,True,,0,,,0
vehicle_positions_20_204421.parquet,FAIL,36031,846,False,True,,0,,,0
vehicle_positions_20_204452.parquet,FAIL,35799,844,False,True,,0,,,0
vehicle_positions_20_204522.parquet,FAIL,35987,843,False,True,,0,,,0
vehicle_positions_20_204553.parquet,FAIL,36023,846,False,True,,0,,,0
vehicle_positions_20_204624.parquet,FAIL,35977,846,False,True,,0,,,0
vehicle_positions_20_204654.parquet,FAIL,36091,847,False,True,,0,,,0
vehicle_positions_20_204725.parquet,FAIL,35985,845,False,True,,0,,,0
vehicle_positions_20_204756.parquet,FAIL,35959,844,False,True,,0,,,0
vehicle_positions_20_204827.parquet,FAIL,36011,846,False,True,,0,,,0
vehicle_positions_20_204858.parquet,FAIL,35978,845,False,True,,0,,,0
vehicle_positions_20_204929.parquet,FAIL,36056,845,False,True,,0,,,0
vehicle_positions_20_204959.parquet,FAIL,36198,849,False,True,,0,,,0
vehicle_positions_20_205030.parquet,FAIL,36190,851,False,True,,0,,,0
vehicle_positions_20_205100.parquet,FAIL,36323,856,False,True,,0,,,0
vehicle_positions_20_205131.parquet,FAIL,36329,855,False,True,,0,,,0
vehicle_positions_20_205202.parquet,FAIL,36501,857,False,True,,0,,,0
vehicle_positions_20_205232.parquet,FAIL,36510,858,False,True,,0,,,0
vehicle_positions_20_205303.parquet,FAIL,36515,860,False,True,,0,,,0
vehicle_positions_20_205334.parquet,FAIL,36612,862,False,True,,0,,,0
vehicle_positions_20_205404.parquet,FAIL,36519,862,False,True,,0,,,0
vehicle_positions_20_205435.parquet,FAIL,36483,862,False,True,,0,,,0
vehicle_positions_20_205506.parquet,FAIL,36522,864,False,True,,0,,,0
vehicle_positions_20_205537.parquet,FAIL,36596,863,False,True,,0,,,0
vehicle_positions_20_205607.parquet,FAIL,36533,863,False,True,,0,,,0
vehicle_positions_20_205638.parquet,FAIL,36578,862,False,True,,0,,,0
vehicle_positions_20_205709.parquet,FAIL,36504,860,False,True,,0,,,0
vehicle_positions_20_205739.parquet,FAIL,36380,856,False,True,,0,,,0
vehicle_positions_20_205810.parquet,FAIL,36419,857,False,True,,0,,,0
vehicle_positions_20_205841.parquet,FAIL,36837,864,False,True,,0,,,0
vehicle_positions_20_205911.parquet,FAIL,36842,866,False,True,,0,,,0
vehicle_positions_20_205942.parquet,FAIL,36737,865,False,True,,0,,,0
vehicle_positions_21_210013.parquet,FAIL,36876,867,False,True,,0,,,0
vehicle_positions_21_210043.parquet,FAIL,36846,870,False,True,,0,,,0
vehicle_positions_21_210114.parquet,FAIL,36808,869,False,True,,0,,,0
vehicle_positions_21_210145.parquet,FAIL,36719,869,False,True,,0,,,0
vehicle_positions_21_210216.parquet,FAIL,36794,869,False,True,,0,,,0
vehicle_positions_21_210247.parquet,FAIL,36906,872,False,True,,0,,,0
vehicle_positions_21_210318.parquet,FAIL,36931,871,False,True,,0,,,0
vehicle_positions_21_210349.parquet,FAIL,36937,872,False,True,,0,,,0
vehicle_positions_21_210419.parquet,FAIL,37028,873,False,True,,0,,,0
vehicle_positions_21_210450.parquet,FAIL,36988,874,False,True,,0,,,0
vehicle_positions_21_210521.parquet,FAIL,37062,877,False,True,,0,,,0
vehicle_positions_21_210552.parquet,FAIL,37153,881,False,True,,0,,,0
vehicle_positions_21_210622.parquet,FAIL,37368,883,False,True,,0,,,0
vehicle_positions_21_210653.parquet,FAIL,37511,887,False,True,,0,,,0
vehicle_positions_21_210724.parquet,FAIL,37500,889,False,True,,0,,,0
vehicle_positions_21_210755.parquet,FAIL,37319,887,False,True,,0,,,0
vehicle_positions_21_210825.parquet,FAIL,37368,887,False,True,,0,,,0
vehicle_positions_21_210856.parquet,FAIL,37612,890,False,True,,0,,,0
vehicle_positions_21_210927.parquet,FAIL,37862,893,False,True,,0,,,0
vehicle_positions_21_210957.parquet,FAIL,37568,893,False,True,,0,,,0
vehicle_positions_21_211028.parquet,FAIL,37575,893,False,True,,0,,,0
vehicle_positions_21_211059.parquet,FAIL,37764,899,False,True,,0,,,0
vehicle_positions_21_211130.parquet,FAIL,37908,902,False,True,,0,,,0
vehicle_positions_21_211200.parquet,FAIL,38021,900,False,True,,0,,,0
vehicle_positions_21_211231.parquet,FAIL,38016,903,False,True,,0,,,0
vehicle_positions_21_211302.parquet,FAIL,38080,904,False,True,,0,,,0
vehicle_positions_21_211333.parquet,FAIL,38018,905,False,True,,0,,,0
vehicle_positions_21_211404.parquet,FAIL,38142,908,False,True,,0,,,0
vehicle_positions_21_211434.parquet,FAIL,38047,907,False,True,,0,,,0
vehicle_positions_21_211505.parquet,FAIL,38436,911,False,True,,0,,,0
vehicle_positions_21_211536.parquet,FAIL,38323,912,False,True,,0,,,0
vehicle_positions_21_211607.parquet,FAIL,38482,913,False,True,,0,,,0
vehicle_positions_21_211638.parquet,FAIL,38427,913,False,True,,0,,,0
vehicle_positions_21_211709.parquet,FAIL,38533,916,False,True,,0,,,0
vehicle_positions_21_211740.parquet,FAIL,38456,912,False,True,,0,,,0
vehicle_positions_21_211810.parquet,FAIL,38163,911,False,True,,0,,,0
vehicle_positions_21_211841.parquet,FAIL,38441,913,False,True,,0,,,0
vehicle_positions_21_211912.parquet,FAIL,38201,913,False,True,,0,,,0
vehicle_positions_21_211942.parquet,FAIL,38337,913,False,True,,0,,,0
vehicle_positions_21_212013.parquet,FAIL,38188,913,False,True,,0,,,0
vehicle_positions_21_212044.parquet,FAIL,38372,920,False,True,,0,,,0
vehicle_positions_21_212114.parquet,FAIL,38488,921,False,True,,0,,,0
vehicle_positions_21_212145.parquet,FAIL,38498,924,False,True,,0,,,0
vehicle_positions_21_212216.parquet,FAIL,38543,926,False,True,,0,,,0
vehicle_positions_21_212247.parquet,FAIL,38563,927,False,True,,0,,,0
vehicle_positions_21_212318.parquet,FAIL,38742,931,False,True,,0,,,0
vehicle_positions_21_212348.parquet,FAIL,38895,932,False,True,,0,,,0
vehicle_positions_21_212419.parquet,FAIL,38979,932,False,True,,0,,,0
vehicle_positions_21_212450.parquet,FAIL,38977,939,False,True,,0,,,0
vehicle_positions_21_212520.parquet,FAIL,39202,940,False,True,,0,,,0
vehicle_positions_21_212551.parquet,FAIL,39087,942,False,True,,0,,,0
vehicle_positions_21_212622.parquet,FAIL,39180,943,False,True,,0,,,0
vehicle_positions_21_212652.parquet,FAIL,39473,949,False,True,,0,,,0
vehicle_positions_21_212723.parquet,FAIL,39556,953,False,True,,0,,,0
vehicle_positions_21_212754.parquet,FAIL,39566,956,False,True,,0,,,0
vehicle_positions_21_212825.parquet,FAIL,39700,958,False,True,,0,,,0
vehicle_positions_21_212855.parquet,FAIL,39726,959,False,True,,0,,,0
vehicle_positions_21_212926.parquet,FAIL,39824,958,False,True,,0,,,0
vehicle_positions_21_212957.parquet,FAIL,39851,963,False,True,,0,,,0
vehicle_positions_21_213027.parquet,FAIL,39933,962,False,True,,0,,,0
vehicle_positions_21_213058.parquet,FAIL,39832,964,False,True,,0,,,0
vehicle_positions_21_213129.parquet,FAIL,39901,968,False,True,,0,,,0
vehicle_positions_21_213200.parquet,FAIL,39968,968,False,True,,0,,,0
vehicle_positions_21_213231.parquet,FAIL,39884,966,False,True,,0,,,0
vehicle_positions_21_213301.parquet,FAIL,40127,970,False,True,,0,,,0
vehicle_positions_21_213332.parquet,FAIL,40097,973,False,True,,0,,,0
vehicle_positions_21_213403.parquet,FAIL,40328,974,False,True,,0,,,0
vehicle_positions_21_213434.parquet,FAIL,40081,976,False,True,,0,,,0
vehicle_positions_21_213504.parquet,FAIL,40189,976,False,True,,0,,,0
vehicle_positions_21_213535.parquet,FAIL,40234,976,False,True,,0,,,0
vehicle_positions_21_213606.parquet,FAIL,40442,978,False,True,,0,,,0
vehicle_positions_21_213637.parquet,FAIL,40335,978,False,True,,0,,,0
vehicle_positions_21_213707.parquet,FAIL,40505,983,False,True,,0,,,0
vehicle_positions_21_213738.parquet,FAIL,40515,981,False,True,,0,,,0
vehicle_positions_21_213809.parquet,FAIL,40602,982,False,True,,0,,,0
vehicle_positions_21_213839.parquet,FAIL,40718,987,False,True,,0,,,0
vehicle_positions_21_213910.parquet,FAIL,40878,989,False,True,,0,,,0
vehicle_positions_21_213941.parquet,FAIL,40796,987,False,True,,0,,,0
vehicle_positions_21_214012.parquet,FAIL,40749,986,False,True,,0,,,0
vehicle_positions_21_214042.parquet,FAIL,41004,992,False,True,,0,,,0
vehicle_positions_21_214113.parquet,FAIL,40815,993,False,True,,0,,,0
vehicle_positions_21_214144.parquet,FAIL,41045,995,False,True,,0,,,0
vehicle_positions_21_214214.parquet,FAIL,40859,994,False,True,,0,,,0
vehicle_positions_21_214245.parquet,FAIL,40847,992,False,True,,0,,,0
vehicle_positions_21_214316.parquet,FAIL,40643,991,False,True,,0,,,0
vehicle_positions_21_214347.parquet,FAIL,40886,998,False,True,,0,,,0
vehicle_positions_21_214418.parquet,FAIL,40755,995,False,True,,0,,,0
vehicle_positions_21_214449.parquet,FAIL,40992,1000,False,True,,0,,,0
vehicle_positions_21_214519.parquet,FAIL,41295,1003,False,True,,0,,,0
vehicle_positions_21_214550.parquet,FAIL,41057,1007,False,True,,0,,,0
vehicle_positions_21_214621.parquet,FAIL,41362,1012,False,True,,0,,,0
vehicle_positions_21_214651.parquet,FAIL,41399,1018,False,True,,0,,,0
vehicle_positions_21_214722.parquet,FAIL,41639,1020,False,True,,0,,,0
vehicle_positions_21_214753.parquet,FAIL,41678,1022,False,True,,0,,,0
vehicle_positions_21_214824.parquet,FAIL,41701,1020,False,True,,0,,,0
vehicle_positions_21_214855.parquet,FAIL,41654,1019,False,True,,0,,,0
vehicle_positions_21_214925.parquet,FAIL,41638,1020,False,True,,0,,,0
vehicle_positions_21_214956.parquet,FAIL,41824,1023,False,True,,0,,,0
vehicle_positions_21_215027.parquet,FAIL,42502,1028,False,True,,0,,,0
vehicle_positions_21_215057.parquet,FAIL,42313,1032,False,True,,0,,,0
vehicle_positions_21_215128.parquet,FAIL,42510,1033,False,True,,0,,,0
vehicle_positions_21_215159.parquet,FAIL,42648,1035,False,True,,0,,,0
vehicle_positions_21_215229.parquet,FAIL,42692,1044,False,True,,0,,,0
vehicle_positions_21_215300.parquet,FAIL,42900,1052,False,True,,0,,,0
vehicle_positions_21_215331.parquet,FAIL,43547,1061,False,True,,0,,,0
vehicle_positions_21_215402.parquet,FAIL,43706,1065,False,True,,0,,,0
vehicle_positions_21_215433.parquet,FAIL,43775,1066,False,True,,0,,,0
vehicle_positions_21_215504.parquet,FAIL,43837,1065,False,True,,0,,,0
vehicle_positions_21_215534.parquet,FAIL,43881,1068,False,True,,0,,,0
vehicle_positions_21_215605.parquet,FAIL,44158,1075,False,True,,0,,,0
vehicle_positions_21_215636.parquet,FAIL,44042,1073,False,True,,0,,,0
vehicle_positions_21_215707.parquet,FAIL,44192,1077,False,True,,0,,,0
vehicle_positions_21_215738.parquet,FAIL,43982,1073,False,True,,0,,,0
vehicle_positions_21_215808.parquet,FAIL,44112,1076,False,True,,0,,,0
vehicle_positions_21_215839.parquet,FAIL,44117,1077,False,True,,0,,,0
vehicle_positions_21_215910.parquet,FAIL,44103,1079,False,True,,0,,,0
vehicle_positions_21_215941.parquet,FAIL,44174,1080,False,True,,0,,,0
vehicle_positions_22_220011.parquet,FAIL,44364,1082,False,True,,0,,,0
vehicle_positions_22_220042.parquet,FAIL,44464,1089,False,True,,0,,,0
vehicle_positions_22_220113.parquet,FAIL,44501,1094,False,True,,0,,,0
vehicle_positions_22_220144.parquet,FAIL,44757,1098,False,True,,0,,,0
vehicle_positions_22_220214.parquet,FAIL,44691,1100,False,True,,0,,,0
vehicle_positions_22_220245.parquet,FAIL,44876,1100,False,True,,0,,,0
vehicle_positions_22_220316.parquet,FAIL,45144,1106,False,True,,0,,,0
vehicle_positions_22_220346.parquet,FAIL,44925,1105,False,True,,0,,,0
vehicle_positions_22_220419.parquet,FAIL,45000,1105,False,True,,0,,,0
vehicle_positions_22_220450.parquet,FAIL,45054,1107,False,True,,0,,,0
vehicle_positions_22_220521.parquet,FAIL,45342,1114,False,True,,0,,,0
vehicle_positions_22_220552.parquet,FAIL,45479,1120,False,True,,0,,,0
vehicle_positions_22_220623.parquet,FAIL,45801,1123,False,True,,0,,,0
vehicle_positions_22_220654.parquet,FAIL,46056,1127,False,True,,0,,,0
vehicle_positions_22_220724.parquet,FAIL,45986,1129,False,True,,0,,,0
vehicle_positions_22_220755.parquet,FAIL,45959,1131,False,True,,0,,,0
vehicle_positions_22_220826.parquet,FAIL,46224,1135,False,True,,0,,,0
vehicle_positions_22_220857.parquet,FAIL,46389,1134,False,True,,0,,,0
vehicle_positions_22_220927.parquet,FAIL,46382,1141,False,True,,0,,,0
vehicle_positions_22_220958.parquet,FAIL,46387,1142,False,True,,0,,,0
vehicle_positions_22_221029.parquet,FAIL,46337,1139,False,True,,0,,,0
vehicle_positions_22_221100.parquet,FAIL,46485,1145,False,True,,0,,,0
vehicle_positions_22_221130.parquet,FAIL,46561,1148,False,True,,0,,,0
vehicle_positions_22_221201.parquet,FAIL,46553,1151,False,True,,0,,,0
vehicle_positions_22_221232.parquet,FAIL,46855,1153,False,True,,0,,,0
vehicle_positions_22_221303.parquet,FAIL,46866,1158,False,True,,0,,,0
vehicle_positions_22_221334.parquet,FAIL,47089,1161,False,True,,0,,,0
vehicle_positions_22_221405.parquet,FAIL,47069,1162,False,True,,0,,,0
vehicle_positions_22_221436.parquet,FAIL,47095,1166,False,True,,0,,,0
vehicle_positions_22_221506.parquet,FAIL,47191,1167,False,True,,0,,,0
vehicle_positions_22_221537.parquet,FAIL,47095,1168,False,True,,0,,,0
vehicle_positions_22_221608.parquet,FAIL,47225,1170,False,True,,0,,,0
vehicle_positions_22_221639.parquet,FAIL,47233,1169,False,True,,0,,,0
vehicle_positions_22_221710.parquet,FAIL,47034,1171,False,True,,0,,,0
vehicle_positions_22_221740.parquet,FAIL,47211,1174,False,True,,0,,,0
vehicle_positions_22_221811.parquet,FAIL,47348,1172,False,True,,0,,,0
vehicle_positions_22_221842.parquet,FAIL,47234,1172,False,True,,0,,,0
vehicle_positions_22_221912.parquet,FAIL,47339,1176,False,True,,0,,,0
vehicle_positions_22_221943.parquet,FAIL,47122,1175,False,True,,0,,,0
vehicle_positions_22_222014.parquet,FAIL,47157,1177,False,True,,0,,,0
vehicle_positions_22_222044.parquet,FAIL,47323,1183,False,True,,0,,,0
vehicle_positions_22_222115.parquet,FAIL,47772,1185,False,True,,0,,,0
vehicle_positions_22_222146.parquet,FAIL,47544,1188,False,True,,0,,,0
vehicle_positions_22_222217.parquet,FAIL,47589,1187,False,True,,0,,,0
vehicle_positions_22_222247.parquet,FAIL,47677,1193,False,True,,0,,,0
vehicle_positions_22_222318.parquet,FAIL,47867,1198,False,True,,0,,,0
vehicle_positions_22_222349.parquet,FAIL,47905,1196,False,True,,0,,,0
vehicle_positions_22_222420.parquet,FAIL,47824,1196,False,True,,0,,,0
vehicle_positions_22_222450.parquet,FAIL,47825,1198,False,True,,0,,,0
vehicle_positions_22_222521.parquet,FAIL,47874,1198,False,True,,0,,,0
vehicle_positions_22_222552.parquet,FAIL,48247,1203,False,True,,0,,,0
vehicle_positions_22_222622.parquet,FAIL,48534,1209,False,True,,0,,,0
vehicle_positions_22_222653.parquet,FAIL,48603,1211,False,True,,0,,,0
vehicle_positions_22_222724.parquet,FAIL,48681,1216,False,True,,0,,,0
vehicle_positions_22_222755.parquet,FAIL,48825,1221,False,True,,0,,,0
vehicle_positions_22_222825.parquet,FAIL,49019,1224,False,True,,0,,,0
vehicle_positions_22_222856.parquet,FAIL,48989,1221,False,True,,0,,,0
vehicle_positions_22_222927.parquet,FAIL,48882,1220,False,True,,0,,,0
vehicle_positions_22_222957.parquet,FAIL,48774,1222,False,True,,0,,,0
vehicle_positions_22_223028.parquet,FAIL,49040,1225,False,True,,0,,,0
vehicle_positions_22_223059.parquet,FAIL,49063,1225,False,True,,0,,,0
vehicle_positions_22_223130.parquet,FAIL,49248,1228,False,True,,0,,,0
vehicle_positions_22_223200.parquet,FAIL,49265,1227,False,True,,0,,,0
vehicle_positions_22_223231.parquet,FAIL,49124,1229,False,True,,0,,,0
vehicle_positions_22_223302.parquet,FAIL,49128,1224,False,True,,0,,,0
vehicle_positions_22_223333.parquet,FAIL,49012,1223,False,True,,0,,,0
vehicle_positions_22_223404.parquet,FAIL,48991,1223,False,True,,0,,,0
vehicle_positions_22_223434.parquet,FAIL,48960,1223,False,True,,0,,,0
vehicle_positions_22_223505.parquet,FAIL,49120,1225,False,True,,0,,,0
vehicle_positions_22_223536.parquet,FAIL,49168,1231,False,True,,0,,,0
vehicle_positions_22_223606.parquet,FAIL,49248,1231,False,True,,0,,,0
vehicle_positions_22_223637.parquet,FAIL,49210,1232,False,True,,0,,,0
vehicle_positions_22_223708.parquet,FAIL,49531,1234,False,True,,0,,,0
vehicle_positions_22_223739.parquet,FAIL,49542,1234,False,True,,0,,,0
vehicle_positions_22_223809.parquet,FAIL,49565,1237,False,True,,0,,,0
vehicle_positions_22_223840.parquet,FAIL,49564,1236,False,True,,0,,,0
vehicle_positions_22_223911.parquet,FAIL,49515,1236,False,True,,0,,,0
vehicle_positions_22_223941.parquet,FAIL,49245,1234,False,True,,0,,,0
vehicle_positions_22_224012.parquet,FAIL,49190,1232,False,True,,0,,,0
vehicle_positions_22_224043.parquet,FAIL,49398,1233,False,True,,0,,,0
vehicle_positions_22_224114.parquet,FAIL,49140,1232,False,True,,0,,,0
vehicle_positions_22_224145.parquet,FAIL,49368,1234,False,True,,0,,,0
vehicle_positions_22_224215.parquet,FAIL,49348,1237,False,True,,0,,,0
vehicle_positions_22_224246.parquet,FAIL,49444,1236,False,True,,0,,,0
vehicle_positions_22_224317.parquet,FAIL,49271,1234,False,True,,0,,,0
vehicle_positions_22_224348.parquet,FAIL,49277,1233,False,True,,0,,,0
vehicle_positions_22_224419.parquet,FAIL,49256,1234,False,True,,0,,,0
vehicle_positions_22_224449.parquet,FAIL,49292,1234,False,True,,0,,,0
vehicle_positions_22_224520.parquet,FAIL,49287,1233,False,True,,0,,,0
vehicle_positions_22_224551.parquet,FAIL,49333,1236,False,True,,0,,,0
vehicle_positions_22_224622.parquet,FAIL,49446,1240,False,True,,0,,,0
vehicle_positions_22_224652.parquet,FAIL,49582,1244,False,True,,0,,,0
vehicle_positions_22_224723.parquet,FAIL,49702,1244,False,True,,0,,,0
vehicle_positions_22_224754.parquet,FAIL,49516,1245,False,True,,0,,,0
vehicle_positions_22_224825.parquet,FAIL,49449,1243,False,True,,0,,,0
vehicle_positions_22_224855.parquet,FAIL,49592,1244,False,True,,0,,,0
vehicle_positions_22_224926.parquet,FAIL,49699,1245,False,True,,0,,,0
vehicle_positions_22_224957.parquet,FAIL,49652,1243,False,True,,0,,,0
vehicle_positions_22_225027.parquet,FAIL,49650,1248,False,True,,0,,,0
vehicle_positions_22_225058.parquet,FAIL,49742,1249,False,True,,0,,,0
vehicle_positions_22_225129.parquet,FAIL,49743,1252,False,True,,0,,,0
vehicle_positions_22_225200.parquet,FAIL,50043,1255,False,True,,0,,,0
vehicle_positions_22_225230.parquet,FAIL,49968,1255,False,True,,0,,,0
vehicle_positions_22_225302.parquet,FAIL,50220,1259,False,True,,0,,,0
vehicle_positions_22_225332.parquet,FAIL,50264,1262,False,True,,0,,,0
vehicle_positions_22_225403.parquet,FAIL,50287,1263,False,True,,0,,,0
vehicle_positions_22_225434.parquet,FAIL,50107,1261,False,True,,0,,,0
vehicle_positions_22_225504.parquet,FAIL,50118,1260,False,True,,0,,,0
vehicle_positions_22_225535.parquet,FAIL,50228,1265,False,True,,0,,,0
vehicle_positions_22_225606.parquet,FAIL,50173,1264,False,True,,0,,,0
vehicle_positions_22_225637.parquet,FAIL,50231,1265,False,True,,0,,,0
vehicle_positions_22_225707.parquet,FAIL,50235,1268,False,True,,0,,,0
vehicle_positions_22_225738.parquet,FAIL,50260,1270,False,True,,0,,,0
vehicle_positions_22_225809.parquet,FAIL,50493,1272,False,True,,0,,,0
vehicle_positions_22_225840.parquet,FAIL,50330,1271,False,True,,0,,,0
vehicle_positions_22_225910.parquet,FAIL,50346,1271,False,True,,0,,,0
vehicle_positions_22_225941.parquet,FAIL,50266,1269,False,True,,0,,,0
vehicle_positions_23_230012.parquet,FAIL,50301,1268,False,True,,0,,,0
vehicle_positions_23_230043.parquet,FAIL,50357,1270,False,True,,0,,,0
vehicle_positions_23_230114.parquet,FAIL,50583,1273,False,True,,0,,,0
vehicle_positions_23_230144.parquet,FAIL,50399,1275,False,True,,0,,,0
vehicle_positions_23_230215.parquet,FAIL,50611,1277,False,True,,0,,,0
vehicle_positions_23_230246.parquet,FAIL,50648,1278,False,True,,0,,,0
vehicle_positions_23_230317.parquet,FAIL,50743,1278,False,True,,0,,,0
vehicle_positions_23_230347.parquet,FAIL,50711,1280,False,True,,0,,,0
vehicle_positions_23_230418.parquet,FAIL,50732,1280,False,True,,0,,,0
vehicle_positions_23_230449.parquet,FAIL,50807,1282,False,True,,0,,,0
vehicle_positions_23_230520.parquet,FAIL,50952,1282,False,True,,0,,,0
vehicle_positions_23_230551.parquet,FAIL,51086,1282,False,True,,0,,,0
vehicle_positions_23_230622.parquet,FAIL,51112,1283,False,True,,0,,,0
vehicle_positions_23_230652.parquet,FAIL,51163,1285,False,True,,0,,,0
vehicle_positions_23_230723.parquet,FAIL,50840,1288,False,True,,0,,,0
vehicle_positions_23_230754.parquet,FAIL,50943,1288,False,True,,0,,,0
vehicle_positions_23_230824.parquet,FAIL,51096,1289,False,True,,0,,,0
vehicle_positions_23_230855.parquet,FAIL,50948,1288,False,True,,0,,,0
vehicle_positions_23_230926.parquet,FAIL,51033,1289,False,True,,0,,,0
vehicle_positions_23_230957.parquet,FAIL,51021,1285,False,True,,0,,,0
vehicle_positions_23_231028.parquet,FAIL,50920,1283,False,True,,0,,,0
vehicle_positions_23_231058.parquet,FAIL,50856,1281,False,True,,0,,,0
vehicle_positions_23_231129.parquet,FAIL,50787,1281,False,True,,0,,,0
vehicle_positions_23_231200.parquet,FAIL,50799,1285,False,True,,0,,,0
vehicle_positions_23_231232.parquet,FAIL,50825,1283,False,True,,0,,,0
vehicle_positions_23_231302.parquet,FAIL,50954,1287,False,True,,0,,,0
vehicle_positions_23_231333.parquet,FAIL,51085,1288,False,True,,0,,,0
vehicle_positions_23_231404.parquet,FAIL,51023,1291,False,True,,0,,,0
vehicle_positions_23_231435.parquet,FAIL,51265,1294,False,True,,0,,,0
vehicle_positions_23_231505.parquet,FAIL,51306,1296,False,True,,0,,,0
vehicle_positions_23_231536.parquet,FAIL,51283,1296,False,True,,0,,,0
vehicle_positions_23_231607.parquet,FAIL,51232,1295,False,True,,0,,,0
vehicle_positions_23_231638.parquet,FAIL,51232,1295,False,True,,0,,,0
vehicle_positions_23_231708.parquet,FAIL,51342,1299,False,True,,0,,,0
vehicle_positions_23_231739.parquet,FAIL,51396,1298,False,True,,0,,,0
vehicle_positions_23_231810.parquet,FAIL,51436,1295,False,True,,0,,,0
vehicle_positions_23_231841.parquet,FAIL,51192,1295,False,True,,0,,,0
vehicle_positions_23_231912.parquet,FAIL,51284,1296,False,True,,0,,,0
vehicle_positions_23_231942.parquet,FAIL,51273,1297,False,True,,0,,,0
vehicle_positions_23_232013.parquet,FAIL,51265,1298,False,True,,0,,,0
vehicle_positions_23_232044.parquet,FAIL,51184,1296,False,True,,0,,,0
vehicle_positions_23_232114.parquet,FAIL,51120,1294,False,True,,0,,,0
vehicle_positions_23_232145.parquet,FAIL,51137,1296,False,True,,0,,,0
vehicle_positions_23_232216.parquet,FAIL,51191,1295,False,True,,0,,,0
vehicle_positions_23_232247.parquet,FAIL,51140,1292,False,True,,0,,,0
vehicle_positions_23_232317.parquet,FAIL,51244,1293,False,True,,0,,,0
vehicle_positions_23_232348.parquet,FAIL,51300,1297,False,True,,0,,,0
vehicle_positions_23_232419.parquet,FAIL,51003,1292,False,True,,0,,,0
vehicle_positions_23_232450.parquet,FAIL,50966,1290,False,True,,0,,,0
vehicle_positions_23_232520.parquet,FAIL,50788,1290,False,True,,0,,,0
vehicle_positions_23_232551.parquet,FAIL,50894,1290,False,True,,0,,,0
vehicle_positions_23_232622.parquet,FAIL,50972,1291,False,True,,0,,,0
vehicle_positions_23_232653.parquet,FAIL,51120,1294,False,True,,0,,,0
vehicle_positions_23_232723.parquet,FAIL,51268,1294,False,True,,0,,,0
vehicle_positions_23_232754.parquet,FAIL,51192,1294,False,True,,0,,,0
vehicle_positions_23_232825.parquet,FAIL,51080,1292,False,True,,0,,,0
vehicle_positions_23_232856.parquet,FAIL,51135,1290,False,True,,0,,,0
vehicle_positions_23_232926.parquet,FAIL,51414,1298,False,True,,0,,,0
vehicle_positions_23_232957.parquet,FAIL,51104,1295,False,True,,0,,,0
vehicle_positions_23_233028.parquet,FAIL,51192,1293,False,True,,0,,,0
vehicle_positions_23_233059.parquet,FAIL,51258,1297,False,True,,0,,,0
vehicle_positions_23_233129.parquet,FAIL,51297,1297,False,True,,0,,,0
vehicle_positions_23_233200.parquet,FAIL,51223,1299,False,True,,0,,,0
vehicle_positions_23_233231.parquet,FAIL,51496,1300,False,True,,0,,,0
vehicle_positions_23_233302.parquet,FAIL,51454,1302,False,True,,0,,,0
vehicle_positions_23_233333.parquet,FAIL,51474,1304,False,True,,0,,,0
vehicle_positions_23_233404.parquet,FAIL,51534,1303,False,True,,0,,,0
vehicle_positions_23_233434.parquet,FAIL,51659,1308,False,True,,0,,,0
vehicle_positions_23_233505.parquet,FAIL,51696,1309,False,True,,0,,,0
vehicle_positions_23_233536.parquet,FAIL,51741,1308,False,True,,0,,,0
vehicle_positions_23_233607.parquet,FAIL,51736,1309,False,True,,0,,,0
vehicle_positions_23_233637.parquet,FAIL,51642,1308,False,True,,0,,,0
vehicle_positions_23_233708.parquet,FAIL,51671,1310,False,True,,0,,,0
vehicle_positions_23_233739.parquet,FAIL,51669,1312,False,True,,0,,,0
vehicle_positions_23_233809.parquet,FAIL,51531,1311,False,True,,0,,,0
vehicle_positions_23_233840.parquet,FAIL,51655,1311,False,True,,0,,,0
vehicle_positions_23_233911.parquet,FAIL,51677,1310,False,True,,0,,,0
vehicle_positions_23_233942.parquet,FAIL,51565,1310,False,True,,0,,,0
vehicle_positions_23_234012.parquet,FAIL,51571,1311,False,True,,0,,,0
vehicle_positions_23_234043.parquet,FAIL,51832,1312,False,True,,0,,,0
vehicle_positions_23_234114.parquet,FAIL,51578,1308,False,True,,0,,,0
vehicle_positions_23_234145.parquet,FAIL,51726,1309,False,True,,0,,,0
vehicle_positions_23_234215.parquet,FAIL,51732,1310,False,True,,0,,,0
vehicle_positions_23_234247.parquet,FAIL,51612,1309,False,True,,0,,,0
vehicle_positions_23_234317.parquet,FAIL,51850,1310,False,True,,0,,,0
vehicle_positions_23_234348.parquet,FAIL,51548,1308,False,True,,0,,,0
vehicle_positions_23_234419.parquet,FAIL,51591,1307,False,True,,0,,,0
vehicle_positions_23_234449.parquet,FAIL,51647,1309,False,True,,0,,,0
vehicle_positions_23_234520.parquet,FAIL,51781,1310,False,True,,0,,,0
vehicle_positions_23_234551.parquet,FAIL,51673,1307,False,True,,0,,,0
vehicle_positions_23_234622.parquet,FAIL,51503,1306,False,True,,0,,,0
vehicle_positions_23_234652.parquet,FAIL,51608,1308,False,True,,0,,,0
vehicle_positions_23_234723.parquet,FAIL,51687,1308,False,True,,0,,,0
vehicle_positions_23_234754.parquet,FAIL,51674,1309,False,True,,0,,,0
vehicle_positions_23_234824.parquet,FAIL,51723,1310,False,True,,0,,,0
vehicle_positions_23_234855.parquet,FAIL,51472,1310,False,True,,0,,,0
vehicle_positions_23_234926.parquet,FAIL,51670,1309,False,True,,0,,,0
vehicle_positions_23_234957.parquet,FAIL,51743,1312,False,True,,0,,,0
vehicle_positions_23_235027.parquet,FAIL,51596,1310,False,True,,0,,,0
vehicle_positions_23_235058.parquet,FAIL,51738,1311,False,True,,0,,,0
vehicle_positions_23_235129.parquet,FAIL,51588,1311,False,True,,0,,,0
vehicle_positions_23_235200.parquet,FAIL,51685,1313,False,True,,0,,,0
vehicle_positions_23_235230.parquet,FAIL,51857,1315,False,True,,0,,,0
vehicle_positions_23_235302.parquet,FAIL,51866,1316,False,True,,0,,,0
vehicle_positions_23_235332.parquet,FAIL,51735,1315,False,True,,0,,,0
vehicle_positions_23_235403.parquet,FAIL,51718,1316,False,True,,0,,,0
vehicle_positions_23_235434.parquet,FAIL,51533,1316,False,True,,0,,,0
vehicle_positions_23_235505.parquet,FAIL,51712,1315,False,True,,0,,,0
vehicle_positions_23_235535.parquet,FAIL,51595,1315,False,True,,0,,,0
vehicle_positions_23_235606.parquet,FAIL,51599,1317,False,True,,0,,,0
vehicle_positions_23_235637.parquet,FAIL,51609,1313,False,True,,0,,,0
vehicle_positions_23_235708.parquet,FAIL,51508,1310,False,True,,0,,,0
vehicle_positions_23_235738.parquet,FAIL,51495,1311,False,True,,0,,,0
vehicle_positions_23_235809.parquet,FAIL,51668,1311,False,True,,0,,,0
vehicle_positions_23_235840.parquet,FAIL,51683,1313,False,True,,0,,,0
vehicle_positions_23_235911.parquet,FAIL,51728,1313,False,True,,0,,,0
vehicle_positions_23_235942.parquet,FAIL,51739,1314,False,True,,0,,,0
