filename,status,size_bytes,row_count,is_empty,is_corrupted,missing_columns,duplicate_count,earliest_timestamp,latest_timestamp,unique_routes
vehicle_positions_21.parquet,FAIL,821606,63757,False,True,,0,,,0
vehicle_positions_22.parquet,FAIL,564598,41020,False,True,,0,,,0
vehicle_positions_23.parquet,FAIL,383633,26984,False,True,,0,,,0
vehicle_positions_22.parquet,FAIL,158289,9669,False,True,,0,,,0
vehicle_positions_23.parquet,FAIL,534962,39909,False,True,,0,,,0
vehicle_positions_07_070951.parquet,OK,18080,309,False,False,,0,2026-05-10T07:09:50.721157+00:00,2026-05-10T07:09:50.721157+00:00,119
vehicle_positions_07_071021.parquet,OK,18022,309,False,False,,0,2026-05-10T07:10:21.539111+00:00,2026-05-10T07:10:21.539111+00:00,119
vehicle_positions_07_071052.parquet,OK,17829,305,False,False,,0,2026-05-10T07:10:52.171686+00:00,2026-05-10T07:10:52.171686+00:00,118
vehicle_positions_07_071123.parquet,OK,17792,304,False,False,,0,2026-05-10T07:11:22.885134+00:00,2026-05-10T07:11:22.885134+00:00,117
vehicle_positions_17_175459.parquet,OK,35891,834,False,False,,0,2026-05-14T17:54:59.192399+00:00,2026-05-14T17:54:59.192399+00:00,181
vehicle_positions_17_175530.parquet,OK,35734,832,False,False,,0,2026-05-14T17:55:30.213845+00:00,2026-05-14T17:55:30.213845+00:00,180
vehicle_positions_17_175932.parquet,OK,35406,830,False,False,,0,2026-05-14T17:59:31.323288+00:00,2026-05-14T17:59:31.323288+00:00,182
vehicle_positions_18_180003.parquet,OK,35531,831,False,False,,0,2026-05-14T18:00:02.582652+00:00,2026-05-14T18:00:02.582652+00:00,182
vehicle_positions_18_180033.parquet,OK,35621,834,False,False,,0,2026-05-14T18:00:33.369891+00:00,2026-05-14T18:00:33.369891+00:00,182
vehicle_positions_18_180106.parquet,OK,35669,836,False,False,,0,2026-05-14T18:01:06.220037+00:00,2026-05-14T18:01:06.220037+00:00,182
vehicle_positions_18_180138.parquet,OK,35574,831,False,False,,0,2026-05-14T18:01:37.728775+00:00,2026-05-14T18:01:37.728775+00:00,182
vehicle_positions_18_180208.parquet,OK,35705,833,False,False,,0,2026-05-14T18:02:08.460536+00:00,2026-05-14T18:02:08.460536+00:00,182
vehicle_positions_18_180240.parquet,OK,35718,833,False,False,,0,2026-05-14T18:02:39.492334+00:00,2026-05-14T18:02:39.492334+00:00,182
vehicle_positions_18_180310.parquet,OK,35709,834,False,False,,0,2026-05-14T18:03:10.385441+00:00,2026-05-14T18:03:10.385441+00:00,182
vehicle_positions_18_180342.parquet,OK,35531,831,False,False,,0,2026-05-14T18:03:41.338205+00:00,2026-05-14T18:03:41.338205+00:00,182
vehicle_positions_18_180412.parquet,OK,35612,830,False,False,,0,2026-05-14T18:04:12.466348+00:00,2026-05-14T18:04:12.466348+00:00,182
vehicle_positions_18_180443.parquet,OK,35671,831,False,False,,0,2026-05-14T18:04:43.351347+00:00,2026-05-14T18:04:43.351347+00:00,182
vehicle_positions_18_180514.parquet,OK,35710,834,False,False,,0,2026-05-14T18:05:14.390867+00:00,2026-05-14T18:05:14.390867+00:00,181
vehicle_positions_18_180545.parquet,OK,35726,834,False,False,,0,2026-05-14T18:05:45.279939+00:00,2026-05-14T18:05:45.279939+00:00,181
vehicle_positions_18_180616.parquet,OK,35902,834,False,False,,0,2026-05-14T18:06:16.046236+00:00,2026-05-14T18:06:16.046236+00:00,181
vehicle_positions_18_180647.parquet,OK,35740,833,False,False,,0,2026-05-14T18:06:46.920344+00:00,2026-05-14T18:06:46.920344+00:00,181
vehicle_positions_18_180718.parquet,OK,35652,831,False,False,,0,2026-05-14T18:07:17.746671+00:00,2026-05-14T18:07:17.746671+00:00,181
vehicle_positions_18_180749.parquet,OK,35545,828,False,False,,0,2026-05-14T18:07:48.625277+00:00,2026-05-14T18:07:48.625277+00:00,182
vehicle_positions_18_180820.parquet,OK,35548,827,False,False,,0,2026-05-14T18:08:19.566242+00:00,2026-05-14T18:08:19.566242+00:00,181
vehicle_positions_18_180850.parquet,OK,35588,828,False,False,,0,2026-05-14T18:08:50.452487+00:00,2026-05-14T18:08:50.452487+00:00,181
vehicle_positions_18_180921.parquet,OK,35171,824,False,False,,0,2026-05-14T18:09:21.166563+00:00,2026-05-14T18:09:21.166563+00:00,182
vehicle_positions_18_180953.parquet,OK,35265,826,False,False,,0,2026-05-14T18:09:52.704528+00:00,2026-05-14T18:09:52.704528+00:00,180
vehicle_positions_18_181054.parquet,OK,35624,831,False,False,,0,2026-05-14T18:10:54.434812+00:00,2026-05-14T18:10:54.434812+00:00,180
vehicle_positions_18_181125.parquet,OK,35605,827,False,False,,0,2026-05-14T18:11:25.236813+00:00,2026-05-14T18:11:25.236813+00:00,180
vehicle_positions_18_181258.parquet,OK,35421,822,False,False,,0,2026-05-14T18:12:57.752854+00:00,2026-05-14T18:12:57.752854+00:00,179
vehicle_positions_18_181329.parquet,OK,35324,823,False,False,,0,2026-05-14T18:13:28.547360+00:00,2026-05-14T18:13:28.547360+00:00,179
vehicle_positions_18_181359.parquet,OK,35456,821,False,False,,0,2026-05-14T18:13:59.335180+00:00,2026-05-14T18:13:59.335180+00:00,180
vehicle_positions_18_181430.parquet,OK,35392,820,False,False,,0,2026-05-14T18:14:30.202081+00:00,2026-05-14T18:14:30.202081+00:00,180
vehicle_positions_18_181501.parquet,OK,35385,822,False,False,,0,2026-05-14T18:15:00.970080+00:00,2026-05-14T18:15:00.970080+00:00,181
vehicle_positions_18_181533.parquet,OK,35650,828,False,False,,0,2026-05-14T18:15:33.113802+00:00,2026-05-14T18:15:33.113802+00:00,182
vehicle_positions_18_181604.parquet,OK,35681,826,False,False,,0,2026-05-14T18:16:03.933726+00:00,2026-05-14T18:16:03.933726+00:00,182
vehicle_positions_18_181635.parquet,OK,35539,826,False,False,,0,2026-05-14T18:16:35.096666+00:00,2026-05-14T18:16:35.096666+00:00,182
vehicle_positions_18_181706.parquet,OK,35511,824,False,False,,0,2026-05-14T18:17:05.918345+00:00,2026-05-14T18:17:05.918345+00:00,182
vehicle_positions_18_181737.parquet,OK,35405,820,False,False,,0,2026-05-14T18:17:36.748761+00:00,2026-05-14T18:17:36.748761+00:00,183
vehicle_positions_18_181808.parquet,OK,35317,819,False,False,,0,2026-05-14T18:18:07.965292+00:00,2026-05-14T18:18:07.965292+00:00,183
vehicle_positions_18_181839.parquet,OK,35307,817,False,False,,0,2026-05-14T18:18:38.888572+00:00,2026-05-14T18:18:38.888572+00:00,182
vehicle_positions_18_181910.parquet,OK,35297,817,False,False,,0,2026-05-14T18:19:09.756542+00:00,2026-05-14T18:19:09.756542+00:00,182
vehicle_positions_18_181941.parquet,OK,35140,812,False,False,,0,2026-05-14T18:19:40.577311+00:00,2026-05-14T18:19:40.577311+00:00,182
vehicle_positions_18_182011.parquet,OK,35002,812,False,False,,0,2026-05-14T18:20:11.455144+00:00,2026-05-14T18:20:11.455144+00:00,181
vehicle_positions_18_182042.parquet,OK,35185,816,False,False,,0,2026-05-14T18:20:42.347710+00:00,2026-05-14T18:20:42.347710+00:00,181
vehicle_positions_18_182113.parquet,OK,35190,812,False,False,,0,2026-05-14T18:21:13.186546+00:00,2026-05-14T18:21:13.186546+00:00,181
vehicle_positions_18_182144.parquet,OK,35057,815,False,False,,0,2026-05-14T18:21:44.045554+00:00,2026-05-14T18:21:44.045554+00:00,182
vehicle_positions_18_182215.parquet,OK,35034,816,False,False,,0,2026-05-14T18:22:14.944718+00:00,2026-05-14T18:22:14.944718+00:00,182
vehicle_positions_18_182246.parquet,OK,35173,816,False,False,,0,2026-05-14T18:22:45.735601+00:00,2026-05-14T18:22:45.735601+00:00,182
vehicle_positions_18_182317.parquet,OK,35049,813,False,False,,0,2026-05-14T18:23:16.577708+00:00,2026-05-14T18:23:16.577708+00:00,182
vehicle_positions_18_182347.parquet,OK,35123,816,False,False,,0,2026-05-14T18:23:47.338880+00:00,2026-05-14T18:23:47.338880+00:00,182
vehicle_positions_18_182419.parquet,OK,35179,813,False,False,,0,2026-05-14T18:24:18.203020+00:00,2026-05-14T18:24:18.203020+00:00,182
vehicle_positions_18_182449.parquet,OK,35263,816,False,False,,0,2026-05-14T18:24:49.461419+00:00,2026-05-14T18:24:49.461419+00:00,182
vehicle_positions_18_182520.parquet,OK,35185,812,False,False,,0,2026-05-14T18:25:20.215606+00:00,2026-05-14T18:25:20.215606+00:00,181
vehicle_positions_18_182551.parquet,OK,35092,814,False,False,,0,2026-05-14T18:25:51.094927+00:00,2026-05-14T18:25:51.094927+00:00,180
vehicle_positions_18_182622.parquet,OK,35229,817,False,False,,0,2026-05-14T18:26:21.895726+00:00,2026-05-14T18:26:21.895726+00:00,180
vehicle_positions_18_182653.parquet,OK,35172,815,False,False,,0,2026-05-14T18:26:52.725521+00:00,2026-05-14T18:26:52.725521+00:00,180
vehicle_positions_18_182724.parquet,OK,35007,814,False,False,,0,2026-05-14T18:27:23.592361+00:00,2026-05-14T18:27:23.592361+00:00,179
vehicle_positions_18_182754.parquet,OK,35183,814,False,False,,0,2026-05-14T18:27:54.394000+00:00,2026-05-14T18:27:54.394000+00:00,180
vehicle_positions_18_182825.parquet,OK,35043,812,False,False,,0,2026-05-14T18:28:25.245363+00:00,2026-05-14T18:28:25.245363+00:00,180
vehicle_positions_18_182856.parquet,OK,34968,814,False,False,,0,2026-05-14T18:28:55.967595+00:00,2026-05-14T18:28:55.967595+00:00,181
vehicle_positions_18_182927.parquet,OK,34976,816,False,False,,0,2026-05-14T18:29:27.305076+00:00,2026-05-14T18:29:27.305076+00:00,181
vehicle_positions_18_182958.parquet,OK,34959,816,False,False,,0,2026-05-14T18:29:58.061976+00:00,2026-05-14T18:29:58.061976+00:00,181
vehicle_positions_18_183029.parquet,OK,34998,815,False,False,,0,2026-05-14T18:30:28.893477+00:00,2026-05-14T18:30:28.893477+00:00,181
vehicle_positions_18_183100.parquet,OK,35099,818,False,False,,0,2026-05-14T18:30:59.717665+00:00,2026-05-14T18:30:59.717665+00:00,181
vehicle_positions_18_183131.parquet,OK,34961,813,False,False,,0,2026-05-14T18:31:30.758804+00:00,2026-05-14T18:31:30.758804+00:00,181
vehicle_positions_18_183202.parquet,OK,35033,812,False,False,,0,2026-05-14T18:32:01.561697+00:00,2026-05-14T18:32:01.561697+00:00,182
vehicle_positions_18_183233.parquet,OK,34859,811,False,False,,0,2026-05-14T18:32:32.933519+00:00,2026-05-14T18:32:32.933519+00:00,182
vehicle_positions_18_183304.parquet,OK,34940,811,False,False,,0,2026-05-14T18:33:03.765422+00:00,2026-05-14T18:33:03.765422+00:00,182
vehicle_positions_18_183335.parquet,OK,34992,812,False,False,,0,2026-05-14T18:33:34.580955+00:00,2026-05-14T18:33:34.580955+00:00,182
vehicle_positions_18_183405.parquet,OK,35052,811,False,False,,0,2026-05-14T18:34:05.345864+00:00,2026-05-14T18:34:05.345864+00:00,182
vehicle_positions_18_183436.parquet,OK,34885,811,False,False,,0,2026-05-14T18:34:36.267269+00:00,2026-05-14T18:34:36.267269+00:00,182
vehicle_positions_18_183507.parquet,OK,35010,811,False,False,,0,2026-05-14T18:35:07.077058+00:00,2026-05-14T18:35:07.077058+00:00,182
vehicle_positions_18_183538.parquet,OK,34812,811,False,False,,0,2026-05-14T18:35:37.907797+00:00,2026-05-14T18:35:37.907797+00:00,182
vehicle_positions_18_183609.parquet,OK,34929,814,False,False,,0,2026-05-14T18:36:08.630608+00:00,2026-05-14T18:36:08.630608+00:00,182
vehicle_positions_18_183639.parquet,OK,34865,815,False,False,,0,2026-05-14T18:36:39.437587+00:00,2026-05-14T18:36:39.437587+00:00,182
vehicle_positions_18_183710.parquet,OK,35116,816,False,False,,0,2026-05-14T18:37:10.204193+00:00,2026-05-14T18:37:10.204193+00:00,182
vehicle_positions_18_183741.parquet,OK,34979,814,False,False,,0,2026-05-14T18:37:41.158886+00:00,2026-05-14T18:37:41.158886+00:00,182
vehicle_positions_18_183812.parquet,OK,35036,814,False,False,,0,2026-05-14T18:38:12.259695+00:00,2026-05-14T18:38:12.259695+00:00,182
vehicle_positions_18_183843.parquet,OK,34969,814,False,False,,0,2026-05-14T18:38:43.349135+00:00,2026-05-14T18:38:43.349135+00:00,182
vehicle_positions_18_183914.parquet,OK,35117,816,False,False,,0,2026-05-14T18:39:14.187627+00:00,2026-05-14T18:39:14.187627+00:00,182
vehicle_positions_18_183945.parquet,OK,35030,815,False,False,,0,2026-05-14T18:39:45.047976+00:00,2026-05-14T18:39:45.047976+00:00,182
vehicle_positions_18_184016.parquet,OK,35070,813,False,False,,0,2026-05-14T18:40:15.825532+00:00,2026-05-14T18:40:15.825532+00:00,182
vehicle_positions_18_184047.parquet,OK,34977,812,False,False,,0,2026-05-14T18:40:46.647968+00:00,2026-05-14T18:40:46.647968+00:00,182
vehicle_positions_18_184117.parquet,OK,34954,811,False,False,,0,2026-05-14T18:41:17.417866+00:00,2026-05-14T18:41:17.417866+00:00,182
vehicle_positions_18_184148.parquet,OK,34973,811,False,False,,0,2026-05-14T18:41:48.251013+00:00,2026-05-14T18:41:48.251013+00:00,182
vehicle_positions_18_184219.parquet,OK,34987,811,False,False,,0,2026-05-14T18:42:19.027063+00:00,2026-05-14T18:42:19.027063+00:00,182
vehicle_positions_18_184250.parquet,OK,35112,810,False,False,,0,2026-05-14T18:42:49.834386+00:00,2026-05-14T18:42:49.834386+00:00,181
vehicle_positions_18_184321.parquet,OK,35114,813,False,False,,0,2026-05-14T18:43:20.626294+00:00,2026-05-14T18:43:20.626294+00:00,181
vehicle_positions_18_184351.parquet,OK,34980,814,False,False,,0,2026-05-14T18:43:51.387657+00:00,2026-05-14T18:43:51.387657+00:00,181
vehicle_positions_18_184422.parquet,OK,34866,812,False,False,,0,2026-05-14T18:44:22.126058+00:00,2026-05-14T18:44:22.126058+00:00,181
vehicle_positions_18_184453.parquet,OK,35009,813,False,False,,0,2026-05-14T18:44:52.898618+00:00,2026-05-14T18:44:52.898618+00:00,181
vehicle_positions_18_184524.parquet,OK,35092,816,False,False,,0,2026-05-14T18:45:23.701831+00:00,2026-05-14T18:45:23.701831+00:00,182
vehicle_positions_18_184555.parquet,OK,35104,819,False,False,,0,2026-05-14T18:45:54.517566+00:00,2026-05-14T18:45:54.517566+00:00,182
vehicle_positions_18_184625.parquet,OK,35269,820,False,False,,0,2026-05-14T18:46:25.367796+00:00,2026-05-14T18:46:25.367796+00:00,183
vehicle_positions_18_184656.parquet,OK,35190,818,False,False,,0,2026-05-14T18:46:56.267865+00:00,2026-05-14T18:46:56.267865+00:00,183
vehicle_positions_18_184727.parquet,OK,35078,817,False,False,,0,2026-05-14T18:47:27.119393+00:00,2026-05-14T18:47:27.119393+00:00,182
vehicle_positions_18_184758.parquet,OK,35013,816,False,False,,0,2026-05-14T18:47:58.083775+00:00,2026-05-14T18:47:58.083775+00:00,183
vehicle_positions_18_184829.parquet,OK,35022,816,False,False,,0,2026-05-14T18:48:28.931362+00:00,2026-05-14T18:48:28.931362+00:00,183
vehicle_positions_18_184900.parquet,OK,34946,811,False,False,,0,2026-05-14T18:48:59.742054+00:00,2026-05-14T18:48:59.742054+00:00,184
vehicle_positions_18_184931.parquet,OK,34939,811,False,False,,0,2026-05-14T18:49:30.626703+00:00,2026-05-14T18:49:30.626703+00:00,184
vehicle_positions_18_185002.parquet,OK,34912,811,False,False,,0,2026-05-14T18:50:01.538380+00:00,2026-05-14T18:50:01.538380+00:00,183
vehicle_positions_18_185033.parquet,OK,34947,810,False,False,,0,2026-05-14T18:50:32.310012+00:00,2026-05-14T18:50:32.310012+00:00,183
vehicle_positions_18_185103.parquet,OK,34962,809,False,False,,0,2026-05-14T18:51:03.317475+00:00,2026-05-14T18:51:03.317475+00:00,183
vehicle_positions_18_185134.parquet,OK,34796,810,False,False,,0,2026-05-14T18:51:34.085859+00:00,2026-05-14T18:51:34.085859+00:00,183
vehicle_positions_18_185205.parquet,OK,34869,810,False,False,,0,2026-05-14T18:52:05.000796+00:00,2026-05-14T18:52:05.000796+00:00,182
vehicle_positions_18_185236.parquet,OK,34892,810,False,False,,0,2026-05-14T18:52:35.866316+00:00,2026-05-14T18:52:35.866316+00:00,181
vehicle_positions_18_185307.parquet,OK,34823,809,False,False,,0,2026-05-14T18:53:06.585984+00:00,2026-05-14T18:53:06.585984+00:00,181
vehicle_positions_18_185337.parquet,OK,34914,811,False,False,,0,2026-05-14T18:53:37.355630+00:00,2026-05-14T18:53:37.355630+00:00,181
vehicle_positions_18_185408.parquet,OK,34914,811,False,False,,0,2026-05-14T18:54:08.274560+00:00,2026-05-14T18:54:08.274560+00:00,181
vehicle_positions_18_185439.parquet,OK,34758,807,False,False,,0,2026-05-14T18:54:39.037177+00:00,2026-05-14T18:54:39.037177+00:00,182
vehicle_positions_18_185510.parquet,OK,34841,808,False,False,,0,2026-05-14T18:55:09.875202+00:00,2026-05-14T18:55:09.875202+00:00,182
vehicle_positions_18_185541.parquet,OK,34772,809,False,False,,0,2026-05-14T18:55:40.669347+00:00,2026-05-14T18:55:40.669347+00:00,179
vehicle_positions_18_185612.parquet,OK,34862,808,False,False,,0,2026-05-14T18:56:11.530167+00:00,2026-05-14T18:56:11.530167+00:00,180
vehicle_positions_18_185643.parquet,OK,34778,808,False,False,,0,2026-05-14T18:56:42.378032+00:00,2026-05-14T18:56:42.378032+00:00,180
vehicle_positions_18_185714.parquet,OK,34812,808,False,False,,0,2026-05-14T18:57:13.503525+00:00,2026-05-14T18:57:13.503525+00:00,180
vehicle_positions_18_185744.parquet,OK,34805,809,False,False,,0,2026-05-14T18:57:44.402433+00:00,2026-05-14T18:57:44.402433+00:00,181
vehicle_positions_18_185815.parquet,OK,34934,811,False,False,,0,2026-05-14T18:58:15.359829+00:00,2026-05-14T18:58:15.359829+00:00,181
vehicle_positions_18_185847.parquet,OK,34811,810,False,False,,0,2026-05-14T18:58:46.236141+00:00,2026-05-14T18:58:46.236141+00:00,181
vehicle_positions_18_185917.parquet,OK,34847,811,False,False,,0,2026-05-14T18:59:17.312628+00:00,2026-05-14T18:59:17.312628+00:00,181
vehicle_positions_19_190517.parquet,OK,34898,813,False,False,,0,2026-05-14T19:05:15.326139+00:00,2026-05-14T19:05:15.326139+00:00,180
vehicle_positions_20_200359.parquet,OK,35037,821,False,False,,0,2026-05-14T20:03:58.679189+00:00,2026-05-14T20:03:58.679189+00:00,179
vehicle_positions_20_200431.parquet,OK,35099,821,False,False,,0,2026-05-14T20:04:30.386847+00:00,2026-05-14T20:04:30.386847+00:00,179
vehicle_positions_20_200502.parquet,OK,35258,822,False,False,,0,2026-05-14T20:05:01.546080+00:00,2026-05-14T20:05:01.546080+00:00,179
vehicle_positions_20_200532.parquet,OK,35237,824,False,False,,0,2026-05-14T20:05:32.309091+00:00,2026-05-14T20:05:32.309091+00:00,179
vehicle_positions_20_200604.parquet,OK,35398,823,False,False,,0,2026-05-14T20:06:03.144063+00:00,2026-05-14T20:06:03.144063+00:00,178
vehicle_positions_20_200635.parquet,OK,35367,821,False,False,,0,2026-05-14T20:06:34.559517+00:00,2026-05-14T20:06:34.559517+00:00,178
vehicle_positions_20_200706.parquet,OK,35033,821,False,False,,0,2026-05-14T20:07:05.611411+00:00,2026-05-14T20:07:05.611411+00:00,178
vehicle_positions_20_200737.parquet,OK,35096,822,False,False,,0,2026-05-14T20:07:36.508204+00:00,2026-05-14T20:07:36.508204+00:00,179
vehicle_positions_20_200807.parquet,OK,35098,821,False,False,,0,2026-05-14T20:08:07.305156+00:00,2026-05-14T20:08:07.305156+00:00,179
vehicle_positions_20_200838.parquet,OK,35442,825,False,False,,0,2026-05-14T20:08:38.100023+00:00,2026-05-14T20:08:38.100023+00:00,179
vehicle_positions_20_200909.parquet,OK,35290,824,False,False,,0,2026-05-14T20:09:08.988254+00:00,2026-05-14T20:09:08.988254+00:00,179
vehicle_positions_20_200940.parquet,OK,35226,824,False,False,,0,2026-05-14T20:09:39.782475+00:00,2026-05-14T20:09:39.782475+00:00,179
vehicle_positions_20_201011.parquet,OK,35150,824,False,False,,0,2026-05-14T20:10:10.739933+00:00,2026-05-14T20:10:10.739933+00:00,179
vehicle_positions_20_201041.parquet,OK,35279,827,False,False,,0,2026-05-14T20:10:41.486728+00:00,2026-05-14T20:10:41.486728+00:00,179
vehicle_positions_20_201112.parquet,OK,35393,825,False,False,,0,2026-05-14T20:11:12.410678+00:00,2026-05-14T20:11:12.410678+00:00,179
vehicle_positions_20_201143.parquet,OK,35329,822,False,False,,0,2026-05-14T20:11:43.298190+00:00,2026-05-14T20:11:43.298190+00:00,179
vehicle_positions_20_201214.parquet,OK,35332,822,False,False,,0,2026-05-14T20:12:14.226873+00:00,2026-05-14T20:12:14.226873+00:00,179
vehicle_positions_20_201245.parquet,OK,35257,820,False,False,,0,2026-05-14T20:12:45.076990+00:00,2026-05-14T20:12:45.076990+00:00,178
vehicle_positions_20_201316.parquet,OK,35107,819,False,False,,0,2026-05-14T20:13:15.878782+00:00,2026-05-14T20:13:15.878782+00:00,179
vehicle_positions_20_201347.parquet,OK,35162,824,False,False,,0,2026-05-14T20:13:46.756847+00:00,2026-05-14T20:13:46.756847+00:00,178
vehicle_positions_20_201418.parquet,OK,35362,824,False,False,,0,2026-05-14T20:14:17.563497+00:00,2026-05-14T20:14:17.563497+00:00,178
vehicle_positions_20_201449.parquet,OK,35392,826,False,False,,0,2026-05-14T20:14:49.062115+00:00,2026-05-14T20:14:49.062115+00:00,180
vehicle_positions_20_201520.parquet,OK,35178,822,False,False,,0,2026-05-14T20:15:19.928621+00:00,2026-05-14T20:15:19.928621+00:00,180
vehicle_positions_20_201551.parquet,OK,35349,826,False,False,,0,2026-05-14T20:15:50.842347+00:00,2026-05-14T20:15:50.842347+00:00,179
vehicle_positions_20_201622.parquet,OK,35405,827,False,False,,0,2026-05-14T20:16:21.629092+00:00,2026-05-14T20:16:21.629092+00:00,180
vehicle_positions_20_201653.parquet,OK,35442,829,False,False,,0,2026-05-14T20:16:52.522082+00:00,2026-05-14T20:16:52.522082+00:00,180
vehicle_positions_20_201723.parquet,OK,35486,828,False,False,,0,2026-05-14T20:17:23.388042+00:00,2026-05-14T20:17:23.388042+00:00,180
vehicle_positions_20_201754.parquet,OK,35457,828,False,False,,0,2026-05-14T20:17:54.116887+00:00,2026-05-14T20:17:54.116887+00:00,180
vehicle_positions_20_201825.parquet,OK,35490,828,False,False,,0,2026-05-14T20:18:25.011258+00:00,2026-05-14T20:18:25.011258+00:00,180
vehicle_positions_20_201856.parquet,OK,35465,829,False,False,,0,2026-05-14T20:18:55.813385+00:00,2026-05-14T20:18:55.813385+00:00,180
vehicle_positions_20_201927.parquet,OK,35449,830,False,False,,0,2026-05-14T20:19:26.610898+00:00,2026-05-14T20:19:26.610898+00:00,180
vehicle_positions_20_201957.parquet,OK,35467,831,False,False,,0,2026-05-14T20:19:57.475047+00:00,2026-05-14T20:19:57.475047+00:00,180
vehicle_positions_20_202029.parquet,OK,35561,830,False,False,,0,2026-05-14T20:20:28.612630+00:00,2026-05-14T20:20:28.612630+00:00,180
vehicle_positions_20_202100.parquet,OK,35575,832,False,False,,0,2026-05-14T20:20:59.519781+00:00,2026-05-14T20:20:59.519781+00:00,180
vehicle_positions_20_202131.parquet,OK,35621,832,False,False,,0,2026-05-14T20:21:30.464183+00:00,2026-05-14T20:21:30.464183+00:00,180
vehicle_positions_20_202201.parquet,OK,35631,833,False,False,,0,2026-05-14T20:22:01.277347+00:00,2026-05-14T20:22:01.277347+00:00,180
vehicle_positions_20_202232.parquet,OK,35724,832,False,False,,0,2026-05-14T20:22:32.364325+00:00,2026-05-14T20:22:32.364325+00:00,179
vehicle_positions_20_202303.parquet,OK,35550,830,False,False,,0,2026-05-14T20:23:03.254016+00:00,2026-05-14T20:23:03.254016+00:00,180
vehicle_positions_20_202334.parquet,OK,35610,832,False,False,,0,2026-05-14T20:23:34.130848+00:00,2026-05-14T20:23:34.130848+00:00,180
vehicle_positions_20_202405.parquet,OK,35344,831,False,False,,0,2026-05-14T20:24:04.928399+00:00,2026-05-14T20:24:04.928399+00:00,181
vehicle_positions_20_202436.parquet,OK,35420,830,False,False,,0,2026-05-14T20:24:36.357226+00:00,2026-05-14T20:24:36.357226+00:00,181
vehicle_positions_20_202507.parquet,OK,35478,830,False,False,,0,2026-05-14T20:25:07.175416+00:00,2026-05-14T20:25:07.175416+00:00,180
vehicle_positions_20_202538.parquet,OK,35694,835,False,False,,0,2026-05-14T20:25:38.004113+00:00,2026-05-14T20:25:38.004113+00:00,180
vehicle_positions_20_202609.parquet,OK,35625,834,False,False,,0,2026-05-14T20:26:08.901792+00:00,2026-05-14T20:26:08.901792+00:00,180
vehicle_positions_20_202640.parquet,OK,35469,832,False,False,,0,2026-05-14T20:26:39.723149+00:00,2026-05-14T20:26:39.723149+00:00,178
vehicle_positions_20_202711.parquet,OK,35401,832,False,False,,0,2026-05-14T20:27:10.599282+00:00,2026-05-14T20:27:10.599282+00:00,178
vehicle_positions_20_202741.parquet,OK,35385,830,False,False,,0,2026-05-14T20:27:41.380336+00:00,2026-05-14T20:27:41.380336+00:00,179
vehicle_positions_20_202813.parquet,OK,35443,831,False,False,,0,2026-05-14T20:28:12.508082+00:00,2026-05-14T20:28:12.508082+00:00,179
vehicle_positions_20_202844.parquet,OK,35586,834,False,False,,0,2026-05-14T20:28:43.515510+00:00,2026-05-14T20:28:43.515510+00:00,180
vehicle_positions_20_202914.parquet,OK,35608,833,False,False,,0,2026-05-14T20:29:14.368203+00:00,2026-05-14T20:29:14.368203+00:00,180
vehicle_positions_20_202945.parquet,OK,35706,834,False,False,,0,2026-05-14T20:29:45.164619+00:00,2026-05-14T20:29:45.164619+00:00,180
vehicle_positions_22_221521.parquet,OK,47037,1169,False,False,,0,2026-05-14T22:15:20.975550+00:00,2026-05-14T22:15:20.975550+00:00,197
vehicle_positions_22_221554.parquet,OK,47008,1176,False,False,,0,2026-05-14T22:15:52.205591+00:00,2026-05-14T22:15:52.205591+00:00,196
vehicle_positions_22_221626.parquet,OK,47143,1176,False,False,,0,2026-05-14T22:16:25.774242+00:00,2026-05-14T22:16:25.774242+00:00,196
vehicle_positions_22_221657.parquet,OK,47032,1176,False,False,,0,2026-05-14T22:16:56.563500+00:00,2026-05-14T22:16:56.563500+00:00,196
vehicle_positions_22_221727.parquet,OK,47379,1182,False,False,,0,2026-05-14T22:17:27.364068+00:00,2026-05-14T22:17:27.364068+00:00,196
vehicle_positions_22_221758.parquet,OK,47551,1185,False,False,,0,2026-05-14T22:17:58.356180+00:00,2026-05-14T22:17:58.356180+00:00,196
vehicle_positions_22_221830.parquet,OK,47359,1183,False,False,,0,2026-05-14T22:18:29.320332+00:00,2026-05-14T22:18:29.320332+00:00,196
vehicle_positions_22_221901.parquet,OK,47792,1187,False,False,,0,2026-05-14T22:19:00.880013+00:00,2026-05-14T22:19:00.880013+00:00,196
vehicle_positions_22_221932.parquet,OK,48083,1194,False,False,,0,2026-05-14T22:19:31.791620+00:00,2026-05-14T22:19:31.791620+00:00,198
vehicle_positions_22_222003.parquet,OK,48099,1198,False,False,,0,2026-05-14T22:20:02.750574+00:00,2026-05-14T22:20:02.750574+00:00,198
vehicle_positions_22_222034.parquet,OK,48069,1199,False,False,,0,2026-05-14T22:20:33.699886+00:00,2026-05-14T22:20:33.699886+00:00,198
vehicle_positions_22_222105.parquet,OK,48198,1201,False,False,,0,2026-05-14T22:21:04.996633+00:00,2026-05-14T22:21:04.996633+00:00,197
vehicle_positions_22_222136.parquet,OK,48284,1201,False,False,,0,2026-05-14T22:21:36.010313+00:00,2026-05-14T22:21:36.010313+00:00,197
vehicle_positions_22_222207.parquet,OK,48332,1203,False,False,,0,2026-05-14T22:22:07.184187+00:00,2026-05-14T22:22:07.184187+00:00,197
vehicle_positions_22_222238.parquet,OK,48163,1204,False,False,,0,2026-05-14T22:22:38.152905+00:00,2026-05-14T22:22:38.152905+00:00,197
vehicle_positions_22_222310.parquet,OK,48149,1208,False,False,,0,2026-05-14T22:23:09.206988+00:00,2026-05-14T22:23:09.206988+00:00,197
vehicle_positions_22_222341.parquet,OK,48328,1207,False,False,,0,2026-05-14T22:23:40.949944+00:00,2026-05-14T22:23:40.949944+00:00,198
vehicle_positions_22_222412.parquet,OK,48259,1208,False,False,,0,2026-05-14T22:24:11.822238+00:00,2026-05-14T22:24:11.822238+00:00,198
vehicle_positions_22_222445.parquet,OK,48513,1207,False,False,,0,2026-05-14T22:24:43.257178+00:00,2026-05-14T22:24:43.257178+00:00,198
vehicle_positions_22_222516.parquet,OK,48495,1209,False,False,,0,2026-05-14T22:25:15.854266+00:00,2026-05-14T22:25:15.854266+00:00,198
vehicle_positions_22_222547.parquet,OK,48673,1215,False,False,,0,2026-05-14T22:25:46.689592+00:00,2026-05-14T22:25:46.689592+00:00,196
vehicle_positions_22_222618.parquet,OK,48826,1217,False,False,,0,2026-05-14T22:26:17.508808+00:00,2026-05-14T22:26:17.508808+00:00,196
vehicle_positions_22_222649.parquet,OK,48848,1217,False,False,,0,2026-05-14T22:26:48.508923+00:00,2026-05-14T22:26:48.508923+00:00,196
vehicle_positions_22_222720.parquet,OK,48796,1218,False,False,,0,2026-05-14T22:27:19.587449+00:00,2026-05-14T22:27:19.587449+00:00,197
vehicle_positions_22_222751.parquet,OK,48758,1220,False,False,,0,2026-05-14T22:27:50.672748+00:00,2026-05-14T22:27:50.672748+00:00,197
vehicle_positions_22_222822.parquet,OK,48908,1222,False,False,,0,2026-05-14T22:28:21.555925+00:00,2026-05-14T22:28:21.555925+00:00,197
vehicle_positions_22_222853.parquet,OK,48734,1220,False,False,,0,2026-05-14T22:28:52.635675+00:00,2026-05-14T22:28:52.635675+00:00,197
vehicle_positions_22_222924.parquet,OK,49092,1225,False,False,,0,2026-05-14T22:29:23.508052+00:00,2026-05-14T22:29:23.508052+00:00,196
vehicle_positions_22_222954.parquet,OK,49053,1225,False,False,,0,2026-05-14T22:29:54.365434+00:00,2026-05-14T22:29:54.365434+00:00,196
vehicle_positions_22_223026.parquet,OK,49051,1227,False,False,,0,2026-05-14T22:30:26.266285+00:00,2026-05-14T22:30:26.266285+00:00,197
vehicle_positions_22_223059.parquet,OK,49241,1231,False,False,,0,2026-05-14T22:30:58.543926+00:00,2026-05-14T22:30:58.543926+00:00,197
vehicle_positions_22_223130.parquet,OK,49281,1227,False,False,,0,2026-05-14T22:31:30.221019+00:00,2026-05-14T22:31:30.221019+00:00,198
vehicle_positions_22_223202.parquet,OK,49375,1229,False,False,,0,2026-05-14T22:32:01.146731+00:00,2026-05-14T22:32:01.146731+00:00,198
vehicle_positions_22_223233.parquet,OK,49138,1228,False,False,,0,2026-05-14T22:32:32.875337+00:00,2026-05-14T22:32:32.875337+00:00,198
vehicle_positions_22_223304.parquet,OK,49149,1225,False,False,,0,2026-05-14T22:33:03.820186+00:00,2026-05-14T22:33:03.820186+00:00,198
vehicle_positions_22_223335.parquet,OK,49224,1228,False,False,,0,2026-05-14T22:33:34.719076+00:00,2026-05-14T22:33:34.719076+00:00,198
vehicle_positions_22_223406.parquet,OK,49176,1225,False,False,,0,2026-05-14T22:34:05.604456+00:00,2026-05-14T22:34:05.604456+00:00,197
vehicle_positions_22_223437.parquet,OK,49125,1228,False,False,,0,2026-05-14T22:34:36.735318+00:00,2026-05-14T22:34:36.735318+00:00,197
vehicle_positions_22_223508.parquet,OK,49215,1229,False,False,,0,2026-05-14T22:35:07.570971+00:00,2026-05-14T22:35:07.570971+00:00,197
vehicle_positions_22_223540.parquet,OK,49234,1230,False,False,,0,2026-05-14T22:35:38.534450+00:00,2026-05-14T22:35:38.534450+00:00,197
vehicle_positions_22_223612.parquet,OK,49090,1232,False,False,,0,2026-05-14T22:36:12.018676+00:00,2026-05-14T22:36:12.018676+00:00,197
vehicle_positions_22_223643.parquet,OK,49224,1234,False,False,,0,2026-05-14T22:36:42.832027+00:00,2026-05-14T22:36:42.832027+00:00,197
vehicle_positions_22_223714.parquet,OK,49180,1232,False,False,,0,2026-05-14T22:37:14.016691+00:00,2026-05-14T22:37:14.016691+00:00,197
vehicle_positions_22_223745.parquet,OK,49160,1231,False,False,,0,2026-05-14T22:37:44.891969+00:00,2026-05-14T22:37:44.891969+00:00,197
vehicle_positions_22_223817.parquet,OK,49233,1229,False,False,,0,2026-05-14T22:38:16.434313+00:00,2026-05-14T22:38:16.434313+00:00,197
vehicle_positions_22_223848.parquet,OK,49372,1237,False,False,,0,2026-05-14T22:38:47.640669+00:00,2026-05-14T22:38:47.640669+00:00,197
vehicle_positions_22_223919.parquet,OK,49522,1241,False,False,,0,2026-05-14T22:39:18.602689+00:00,2026-05-14T22:39:18.602689+00:00,197
vehicle_positions_22_223950.parquet,OK,49569,1240,False,False,,0,2026-05-14T22:39:49.649810+00:00,2026-05-14T22:39:49.649810+00:00,197
vehicle_positions_22_224021.parquet,OK,49598,1241,False,False,,0,2026-05-14T22:40:20.540835+00:00,2026-05-14T22:40:20.540835+00:00,197
vehicle_positions_22_224052.parquet,OK,49505,1240,False,False,,0,2026-05-14T22:40:51.797673+00:00,2026-05-14T22:40:51.797673+00:00,196
vehicle_positions_22_224124.parquet,OK,49618,1241,False,False,,0,2026-05-14T22:41:24.157371+00:00,2026-05-14T22:41:24.157371+00:00,196
vehicle_positions_22_224155.parquet,OK,49600,1245,False,False,,0,2026-05-14T22:41:55.121262+00:00,2026-05-14T22:41:55.121262+00:00,196
vehicle_positions_22_224226.parquet,OK,49826,1249,False,False,,0,2026-05-14T22:42:25.959875+00:00,2026-05-14T22:42:25.959875+00:00,197
vehicle_positions_22_224257.parquet,OK,49680,1247,False,False,,0,2026-05-14T22:42:57.007107+00:00,2026-05-14T22:42:57.007107+00:00,197
vehicle_positions_22_224328.parquet,OK,49728,1247,False,False,,0,2026-05-14T22:43:27.953795+00:00,2026-05-14T22:43:27.953795+00:00,197
vehicle_positions_22_224359.parquet,OK,49709,1245,False,False,,0,2026-05-14T22:43:58.772574+00:00,2026-05-14T22:43:58.772574+00:00,195
vehicle_positions_22_224430.parquet,OK,49812,1249,False,False,,0,2026-05-14T22:44:30.063573+00:00,2026-05-14T22:44:30.063573+00:00,197
vehicle_positions_22_224501.parquet,OK,49812,1252,False,False,,0,2026-05-14T22:45:01.004907+00:00,2026-05-14T22:45:01.004907+00:00,197
vehicle_positions_22_224532.parquet,OK,49830,1253,False,False,,0,2026-05-14T22:45:32.200533+00:00,2026-05-14T22:45:32.200533+00:00,197
vehicle_positions_22_224605.parquet,OK,49886,1253,False,False,,0,2026-05-14T22:46:04.682781+00:00,2026-05-14T22:46:04.682781+00:00,197
vehicle_positions_22_224637.parquet,OK,50033,1254,False,False,,0,2026-05-14T22:46:36.681807+00:00,2026-05-14T22:46:36.681807+00:00,197
vehicle_positions_22_224708.parquet,OK,50031,1254,False,False,,0,2026-05-14T22:47:07.506031+00:00,2026-05-14T22:47:07.506031+00:00,197
vehicle_positions_22_224739.parquet,OK,49934,1256,False,False,,0,2026-05-14T22:47:38.554927+00:00,2026-05-14T22:47:38.554927+00:00,197
vehicle_positions_22_224810.parquet,OK,49837,1253,False,False,,0,2026-05-14T22:48:09.451799+00:00,2026-05-14T22:48:09.451799+00:00,197
vehicle_positions_22_224840.parquet,OK,49872,1254,False,False,,0,2026-05-14T22:48:40.322570+00:00,2026-05-14T22:48:40.322570+00:00,197
vehicle_positions_22_224911.parquet,OK,50031,1256,False,False,,0,2026-05-14T22:49:11.307044+00:00,2026-05-14T22:49:11.307044+00:00,197
vehicle_positions_22_224942.parquet,OK,49883,1257,False,False,,0,2026-05-14T22:49:42.164308+00:00,2026-05-14T22:49:42.164308+00:00,197
vehicle_positions_22_225013.parquet,OK,50028,1258,False,False,,0,2026-05-14T22:50:13.051427+00:00,2026-05-14T22:50:13.051427+00:00,197
vehicle_positions_22_225044.parquet,OK,50025,1263,False,False,,0,2026-05-14T22:50:43.841385+00:00,2026-05-14T22:50:43.841385+00:00,197
vehicle_positions_22_225115.parquet,OK,50098,1264,False,False,,0,2026-05-14T22:51:14.980720+00:00,2026-05-14T22:51:14.980720+00:00,197
vehicle_positions_22_225146.parquet,OK,50352,1268,False,False,,0,2026-05-14T22:51:45.862782+00:00,2026-05-14T22:51:45.862782+00:00,197
vehicle_positions_22_225217.parquet,OK,50459,1268,False,False,,0,2026-05-14T22:52:17.136408+00:00,2026-05-14T22:52:17.136408+00:00,197
vehicle_positions_22_225248.parquet,OK,50400,1268,False,False,,0,2026-05-14T22:52:47.974082+00:00,2026-05-14T22:52:47.974082+00:00,198
vehicle_positions_22_225319.parquet,OK,50742,1272,False,False,,0,2026-05-14T22:53:19.013821+00:00,2026-05-14T22:53:19.013821+00:00,198
vehicle_positions_22_225350.parquet,OK,50686,1275,False,False,,0,2026-05-14T22:53:50.082277+00:00,2026-05-14T22:53:50.082277+00:00,199
vehicle_positions_22_225421.parquet,OK,50638,1271,False,False,,0,2026-05-14T22:54:20.955167+00:00,2026-05-14T22:54:20.955167+00:00,199
vehicle_positions_22_225452.parquet,OK,50672,1274,False,False,,0,2026-05-14T22:54:51.736505+00:00,2026-05-14T22:54:51.736505+00:00,199
vehicle_positions_22_225523.parquet,OK,50695,1276,False,False,,0,2026-05-14T22:55:22.655021+00:00,2026-05-14T22:55:22.655021+00:00,197
vehicle_positions_22_225554.parquet,OK,50651,1276,False,False,,0,2026-05-14T22:55:53.516257+00:00,2026-05-14T22:55:53.516257+00:00,198
vehicle_positions_22_225625.parquet,OK,50609,1277,False,False,,0,2026-05-14T22:56:24.393955+00:00,2026-05-14T22:56:24.393955+00:00,198
vehicle_positions_22_225655.parquet,OK,50474,1273,False,False,,0,2026-05-14T22:56:55.358789+00:00,2026-05-14T22:56:55.358789+00:00,197
vehicle_positions_22_225727.parquet,OK,50590,1272,False,False,,0,2026-05-14T22:57:26.337055+00:00,2026-05-14T22:57:26.337055+00:00,197
vehicle_positions_22_225758.parquet,OK,50572,1274,False,False,,0,2026-05-14T22:57:57.432122+00:00,2026-05-14T22:57:57.432122+00:00,197
vehicle_positions_22_225829.parquet,OK,50358,1272,False,False,,0,2026-05-14T22:58:28.411259+00:00,2026-05-14T22:58:28.411259+00:00,197
vehicle_positions_22_225859.parquet,OK,50464,1269,False,False,,0,2026-05-14T22:58:59.362397+00:00,2026-05-14T22:58:59.362397+00:00,197
vehicle_positions_22_225930.parquet,OK,50648,1273,False,False,,0,2026-05-14T22:59:30.208772+00:00,2026-05-14T22:59:30.208772+00:00,197
vehicle_positions_23_230002.parquet,OK,50409,1272,False,False,,0,2026-05-14T23:00:01.163105+00:00,2026-05-14T23:00:01.163105+00:00,197
vehicle_positions_23_230033.parquet,OK,50551,1273,False,False,,0,2026-05-14T23:00:32.802246+00:00,2026-05-14T23:00:32.802246+00:00,197
vehicle_positions_23_230104.parquet,OK,50736,1279,False,False,,0,2026-05-14T23:01:03.984435+00:00,2026-05-14T23:01:03.984435+00:00,197
vehicle_positions_23_230240.parquet,OK,50655,1276,False,False,,0,2026-05-14T23:02:39.698848+00:00,2026-05-14T23:02:39.698848+00:00,197
vehicle_positions_23_230311.parquet,OK,50782,1281,False,False,,0,2026-05-14T23:03:10.757312+00:00,2026-05-14T23:03:10.757312+00:00,197
vehicle_positions_23_230342.parquet,OK,50891,1281,False,False,,0,2026-05-14T23:03:41.697103+00:00,2026-05-14T23:03:41.697103+00:00,198
vehicle_positions_23_230413.parquet,OK,50835,1281,False,False,,0,2026-05-14T23:04:12.620658+00:00,2026-05-14T23:04:12.620658+00:00,198
vehicle_positions_23_230444.parquet,OK,50866,1283,False,False,,0,2026-05-14T23:04:43.759183+00:00,2026-05-14T23:04:43.759183+00:00,199
vehicle_positions_23_230515.parquet,OK,50972,1284,False,False,,0,2026-05-14T23:05:14.928196+00:00,2026-05-14T23:05:14.928196+00:00,199
vehicle_positions_23_230546.parquet,OK,50942,1284,False,False,,0,2026-05-14T23:05:46.021970+00:00,2026-05-14T23:05:46.021970+00:00,199
vehicle_positions_23_230617.parquet,OK,50915,1286,False,False,,0,2026-05-14T23:06:16.985086+00:00,2026-05-14T23:06:16.985086+00:00,200
vehicle_positions_23_230648.parquet,OK,51002,1283,False,False,,0,2026-05-14T23:06:48.114872+00:00,2026-05-14T23:06:48.114872+00:00,200
vehicle_positions_23_230719.parquet,OK,51043,1285,False,False,,0,2026-05-14T23:07:19.105968+00:00,2026-05-14T23:07:19.105968+00:00,201
vehicle_positions_23_230750.parquet,OK,51056,1288,False,False,,0,2026-05-14T23:07:50.072979+00:00,2026-05-14T23:07:50.072979+00:00,201
vehicle_positions_23_230821.parquet,OK,51148,1290,False,False,,0,2026-05-14T23:08:21.108152+00:00,2026-05-14T23:08:21.108152+00:00,201
vehicle_positions_23_230852.parquet,OK,51142,1291,False,False,,0,2026-05-14T23:08:52.314250+00:00,2026-05-14T23:08:52.314250+00:00,201
vehicle_positions_23_230923.parquet,OK,51117,1291,False,False,,0,2026-05-14T23:09:23.296169+00:00,2026-05-14T23:09:23.296169+00:00,201
vehicle_positions_23_230954.parquet,OK,51187,1292,False,False,,0,2026-05-14T23:09:54.419708+00:00,2026-05-14T23:09:54.419708+00:00,201
vehicle_positions_23_231025.parquet,OK,51186,1290,False,False,,0,2026-05-14T23:10:25.305775+00:00,2026-05-14T23:10:25.305775+00:00,201
vehicle_positions_23_231056.parquet,OK,51096,1291,False,False,,0,2026-05-14T23:10:56.182970+00:00,2026-05-14T23:10:56.182970+00:00,201
vehicle_positions_23_231127.parquet,OK,51228,1291,False,False,,0,2026-05-14T23:11:27.246244+00:00,2026-05-14T23:11:27.246244+00:00,200
vehicle_positions_23_231158.parquet,OK,51261,1292,False,False,,0,2026-05-14T23:11:58.087675+00:00,2026-05-14T23:11:58.087675+00:00,199
vehicle_positions_23_231331.parquet,OK,50789,1288,False,False,,0,2026-05-14T23:13:30.875483+00:00,2026-05-14T23:13:30.875483+00:00,199
vehicle_positions_23_231402.parquet,OK,51010,1292,False,False,,0,2026-05-14T23:14:01.675725+00:00,2026-05-14T23:14:01.675725+00:00,199
vehicle_positions_23_231433.parquet,OK,51237,1294,False,False,,0,2026-05-14T23:14:32.811524+00:00,2026-05-14T23:14:32.811524+00:00,199
vehicle_positions_23_231504.parquet,OK,51396,1297,False,False,,0,2026-05-14T23:15:03.710283+00:00,2026-05-14T23:15:03.710283+00:00,199
vehicle_positions_23_231535.parquet,OK,51068,1292,False,False,,0,2026-05-14T23:15:34.952670+00:00,2026-05-14T23:15:34.952670+00:00,199
vehicle_positions_23_231606.parquet,OK,51179,1297,False,False,,0,2026-05-14T23:16:05.877295+00:00,2026-05-14T23:16:05.877295+00:00,199
vehicle_positions_23_231637.parquet,OK,50959,1294,False,False,,0,2026-05-14T23:16:36.655892+00:00,2026-05-14T23:16:36.655892+00:00,199
vehicle_positions_23_231708.parquet,OK,50945,1293,False,False,,0,2026-05-14T23:17:07.616199+00:00,2026-05-14T23:17:07.616199+00:00,199
vehicle_positions_23_231739.parquet,OK,51058,1293,False,False,,0,2026-05-14T23:17:38.549513+00:00,2026-05-14T23:17:38.549513+00:00,199
vehicle_positions_23_231809.parquet,OK,51152,1295,False,False,,0,2026-05-14T23:18:09.413844+00:00,2026-05-14T23:18:09.413844+00:00,199
vehicle_positions_23_231841.parquet,OK,51225,1295,False,False,,0,2026-05-14T23:18:40.406518+00:00,2026-05-14T23:18:40.406518+00:00,199
vehicle_positions_23_231912.parquet,OK,51375,1298,False,False,,0,2026-05-14T23:19:11.539409+00:00,2026-05-14T23:19:11.539409+00:00,199
vehicle_positions_23_231943.parquet,OK,51082,1295,False,False,,0,2026-05-14T23:19:42.510242+00:00,2026-05-14T23:19:42.510242+00:00,199
vehicle_positions_23_232013.parquet,OK,51217,1297,False,False,,0,2026-05-14T23:20:13.264175+00:00,2026-05-14T23:20:13.264175+00:00,199
vehicle_positions_23_232044.parquet,OK,51157,1296,False,False,,0,2026-05-14T23:20:44.152343+00:00,2026-05-14T23:20:44.152343+00:00,199
vehicle_positions_23_232115.parquet,OK,51334,1297,False,False,,0,2026-05-14T23:21:15.203573+00:00,2026-05-14T23:21:15.203573+00:00,199
vehicle_positions_23_232147.parquet,OK,51282,1301,False,False,,0,2026-05-14T23:21:46.176914+00:00,2026-05-14T23:21:46.176914+00:00,199
vehicle_positions_23_232218.parquet,OK,51312,1300,False,False,,0,2026-05-14T23:22:17.983250+00:00,2026-05-14T23:22:17.983250+00:00,200
vehicle_positions_23_232249.parquet,OK,51416,1302,False,False,,0,2026-05-14T23:22:48.867430+00:00,2026-05-14T23:22:48.867430+00:00,200
vehicle_positions_23_232320.parquet,OK,51257,1301,False,False,,0,2026-05-14T23:23:20.387621+00:00,2026-05-14T23:23:20.387621+00:00,200
vehicle_positions_23_232352.parquet,OK,51421,1301,False,False,,0,2026-05-14T23:23:51.333435+00:00,2026-05-14T23:23:51.333435+00:00,200
vehicle_positions_23_232423.parquet,OK,51732,1309,False,False,,0,2026-05-14T23:24:22.362795+00:00,2026-05-14T23:24:22.362795+00:00,200
vehicle_positions_23_232453.parquet,OK,51755,1310,False,False,,0,2026-05-14T23:24:53.373805+00:00,2026-05-14T23:24:53.373805+00:00,201
vehicle_positions_23_232524.parquet,OK,51784,1313,False,False,,0,2026-05-14T23:25:24.269326+00:00,2026-05-14T23:25:24.269326+00:00,201
vehicle_positions_23_232555.parquet,OK,51831,1313,False,False,,0,2026-05-14T23:25:55.227052+00:00,2026-05-14T23:25:55.227052+00:00,201
vehicle_positions_23_232626.parquet,OK,51997,1314,False,False,,0,2026-05-14T23:26:26.149346+00:00,2026-05-14T23:26:26.149346+00:00,201
vehicle_positions_23_232657.parquet,OK,51775,1312,False,False,,0,2026-05-14T23:26:57.028191+00:00,2026-05-14T23:26:57.028191+00:00,201
vehicle_positions_23_232728.parquet,OK,51468,1307,False,False,,0,2026-05-14T23:27:28.200460+00:00,2026-05-14T23:27:28.200460+00:00,201
vehicle_positions_23_232759.parquet,OK,51509,1310,False,False,,0,2026-05-14T23:27:59.091561+00:00,2026-05-14T23:27:59.091561+00:00,201
vehicle_positions_23_232830.parquet,OK,51554,1312,False,False,,0,2026-05-14T23:28:29.986671+00:00,2026-05-14T23:28:29.986671+00:00,201
vehicle_positions_23_232901.parquet,OK,51645,1311,False,False,,0,2026-05-14T23:29:00.988808+00:00,2026-05-14T23:29:00.988808+00:00,201
vehicle_positions_23_232932.parquet,OK,51693,1312,False,False,,0,2026-05-14T23:29:32.062528+00:00,2026-05-14T23:29:32.062528+00:00,202
vehicle_positions_23_233003.parquet,OK,51753,1313,False,False,,0,2026-05-14T23:30:02.958677+00:00,2026-05-14T23:30:02.958677+00:00,203
vehicle_positions_23_233034.parquet,OK,51686,1309,False,False,,0,2026-05-14T23:30:33.926333+00:00,2026-05-14T23:30:33.926333+00:00,203
vehicle_positions_23_233105.parquet,OK,51352,1309,False,False,,0,2026-05-14T23:31:04.807846+00:00,2026-05-14T23:31:04.807846+00:00,203
vehicle_positions_23_233136.parquet,OK,51439,1307,False,False,,0,2026-05-14T23:31:35.705553+00:00,2026-05-14T23:31:35.705553+00:00,203
vehicle_positions_23_233207.parquet,OK,51557,1310,False,False,,0,2026-05-14T23:32:06.901279+00:00,2026-05-14T23:32:06.901279+00:00,203
vehicle_positions_23_233238.parquet,OK,51507,1308,False,False,,0,2026-05-14T23:32:37.804174+00:00,2026-05-14T23:32:37.804174+00:00,202
vehicle_positions_23_233309.parquet,OK,51781,1310,False,False,,0,2026-05-14T23:33:08.779440+00:00,2026-05-14T23:33:08.779440+00:00,202
vehicle_positions_23_233340.parquet,OK,51613,1309,False,False,,0,2026-05-14T23:33:39.711763+00:00,2026-05-14T23:33:39.711763+00:00,202
vehicle_positions_23_233411.parquet,OK,51583,1310,False,False,,0,2026-05-14T23:34:10.886530+00:00,2026-05-14T23:34:10.886530+00:00,202
vehicle_positions_23_233442.parquet,OK,51551,1310,False,False,,0,2026-05-14T23:34:42.007714+00:00,2026-05-14T23:34:42.007714+00:00,202
vehicle_positions_23_233513.parquet,OK,51640,1311,False,False,,0,2026-05-14T23:35:13.134008+00:00,2026-05-14T23:35:13.134008+00:00,202
vehicle_positions_23_233544.parquet,OK,51773,1312,False,False,,0,2026-05-14T23:35:44.051300+00:00,2026-05-14T23:35:44.051300+00:00,202
vehicle_positions_23_233615.parquet,OK,51905,1313,False,False,,0,2026-05-14T23:36:14.978516+00:00,2026-05-14T23:36:14.978516+00:00,202
vehicle_positions_23_233647.parquet,OK,51506,1310,False,False,,0,2026-05-14T23:36:46.219038+00:00,2026-05-14T23:36:46.219038+00:00,201
vehicle_positions_23_233718.parquet,OK,51408,1306,False,False,,0,2026-05-14T23:37:18.200904+00:00,2026-05-14T23:37:18.200904+00:00,201
vehicle_positions_23_233749.parquet,OK,51501,1310,False,False,,0,2026-05-14T23:37:49.081475+00:00,2026-05-14T23:37:49.081475+00:00,201
vehicle_positions_23_233820.parquet,OK,51705,1312,False,False,,0,2026-05-14T23:38:19.989640+00:00,2026-05-14T23:38:19.989640+00:00,202
vehicle_positions_23_233851.parquet,OK,51717,1311,False,False,,0,2026-05-14T23:38:51.131247+00:00,2026-05-14T23:38:51.131247+00:00,202
vehicle_positions_23_233922.parquet,OK,51533,1312,False,False,,0,2026-05-14T23:39:22.082125+00:00,2026-05-14T23:39:22.082125+00:00,203
vehicle_positions_23_233953.parquet,OK,51800,1315,False,False,,0,2026-05-14T23:39:53.044376+00:00,2026-05-14T23:39:53.044376+00:00,203
vehicle_positions_23_234024.parquet,OK,51841,1316,False,False,,0,2026-05-14T23:40:23.936315+00:00,2026-05-14T23:40:23.936315+00:00,203
vehicle_positions_23_234055.parquet,OK,51817,1317,False,False,,0,2026-05-14T23:40:54.848187+00:00,2026-05-14T23:40:54.848187+00:00,203
vehicle_positions_23_234126.parquet,OK,51959,1318,False,False,,0,2026-05-14T23:41:25.819475+00:00,2026-05-14T23:41:25.819475+00:00,202
vehicle_positions_23_234157.parquet,OK,51826,1316,False,False,,0,2026-05-14T23:41:56.750825+00:00,2026-05-14T23:41:56.750825+00:00,202
vehicle_positions_23_234228.parquet,OK,51938,1318,False,False,,0,2026-05-14T23:42:28.210480+00:00,2026-05-14T23:42:28.210480+00:00,202
vehicle_positions_23_234259.parquet,OK,51935,1316,False,False,,0,2026-05-14T23:42:59.149665+00:00,2026-05-14T23:42:59.149665+00:00,202
vehicle_positions_23_234331.parquet,OK,51937,1314,False,False,,0,2026-05-14T23:43:30.487516+00:00,2026-05-14T23:43:30.487516+00:00,202
vehicle_positions_23_234402.parquet,OK,51679,1313,False,False,,0,2026-05-14T23:44:01.428293+00:00,2026-05-14T23:44:01.428293+00:00,202
vehicle_positions_23_234433.parquet,OK,51779,1317,False,False,,0,2026-05-14T23:44:32.930644+00:00,2026-05-14T23:44:32.930644+00:00,202
vehicle_positions_23_234504.parquet,OK,51889,1316,False,False,,0,2026-05-14T23:45:03.869015+00:00,2026-05-14T23:45:03.869015+00:00,203
vehicle_positions_23_234535.parquet,OK,51918,1317,False,False,,0,2026-05-14T23:45:34.800333+00:00,2026-05-14T23:45:34.800333+00:00,203
vehicle_positions_23_234606.parquet,OK,51926,1319,False,False,,0,2026-05-14T23:46:05.748125+00:00,2026-05-14T23:46:05.748125+00:00,203
vehicle_positions_23_234637.parquet,OK,51851,1317,False,False,,0,2026-05-14T23:46:36.759239+00:00,2026-05-14T23:46:36.759239+00:00,203
vehicle_positions_23_234708.parquet,OK,51985,1320,False,False,,0,2026-05-14T23:47:07.783506+00:00,2026-05-14T23:47:07.783506+00:00,203
vehicle_positions_23_234739.parquet,OK,52028,1320,False,False,,0,2026-05-14T23:47:38.771807+00:00,2026-05-14T23:47:38.771807+00:00,203
vehicle_positions_23_234810.parquet,OK,51944,1321,False,False,,0,2026-05-14T23:48:09.652876+00:00,2026-05-14T23:48:09.652876+00:00,203
vehicle_positions_23_234841.parquet,OK,51970,1317,False,False,,0,2026-05-14T23:48:40.768768+00:00,2026-05-14T23:48:40.768768+00:00,203
vehicle_positions_23_234912.parquet,OK,51939,1320,False,False,,0,2026-05-14T23:49:11.922516+00:00,2026-05-14T23:49:11.922516+00:00,203
vehicle_positions_23_234943.parquet,OK,51876,1318,False,False,,0,2026-05-14T23:49:42.860147+00:00,2026-05-14T23:49:42.860147+00:00,204
vehicle_positions_23_235014.parquet,OK,51774,1317,False,False,,0,2026-05-14T23:50:13.770666+00:00,2026-05-14T23:50:13.770666+00:00,203
vehicle_positions_23_235045.parquet,OK,51594,1313,False,False,,0,2026-05-14T23:50:44.720100+00:00,2026-05-14T23:50:44.720100+00:00,202
vehicle_positions_23_235116.parquet,OK,52023,1319,False,False,,0,2026-05-14T23:51:15.731155+00:00,2026-05-14T23:51:15.731155+00:00,202
vehicle_positions_23_235218.parquet,OK,51967,1317,False,False,,0,2026-05-14T23:52:17.940372+00:00,2026-05-14T23:52:17.940372+00:00,201
vehicle_positions_23_235249.parquet,OK,51792,1315,False,False,,0,2026-05-14T23:52:48.880234+00:00,2026-05-14T23:52:48.880234+00:00,201
vehicle_positions_23_235320.parquet,OK,51916,1317,False,False,,0,2026-05-14T23:53:19.714108+00:00,2026-05-14T23:53:19.714108+00:00,201
vehicle_positions_23_235351.parquet,OK,51804,1318,False,False,,0,2026-05-14T23:53:50.612021+00:00,2026-05-14T23:53:50.612021+00:00,201
vehicle_positions_23_235423.parquet,OK,52057,1323,False,False,,0,2026-05-14T23:54:22.667874+00:00,2026-05-14T23:54:22.667874+00:00,199
vehicle_positions_23_235454.parquet,OK,52062,1324,False,False,,0,2026-05-14T23:54:53.683748+00:00,2026-05-14T23:54:53.683748+00:00,199
vehicle_positions_23_235525.parquet,OK,52074,1321,False,False,,0,2026-05-14T23:55:24.560455+00:00,2026-05-14T23:55:24.560455+00:00,199
vehicle_positions_23_235556.parquet,OK,52040,1323,False,False,,0,2026-05-14T23:55:55.417666+00:00,2026-05-14T23:55:55.417666+00:00,200
vehicle_positions_23_235627.parquet,OK,52052,1320,False,False,,0,2026-05-14T23:56:26.598881+00:00,2026-05-14T23:56:26.598881+00:00,200
vehicle_positions_23_235658.parquet,OK,51892,1320,False,False,,0,2026-05-14T23:56:57.458069+00:00,2026-05-14T23:56:57.458069+00:00,200
vehicle_positions_23_235729.parquet,OK,51865,1320,False,False,,0,2026-05-14T23:57:28.401804+00:00,2026-05-14T23:57:28.401804+00:00,200
vehicle_positions_23_235800.parquet,OK,51803,1318,False,False,,0,2026-05-14T23:57:59.490806+00:00,2026-05-14T23:57:59.490806+00:00,200
vehicle_positions_23_235831.parquet,OK,51918,1319,False,False,,0,2026-05-14T23:58:30.655797+00:00,2026-05-14T23:58:30.655797+00:00,201
vehicle_positions_23_235902.parquet,OK,51793,1322,False,False,,0,2026-05-14T23:59:01.658822+00:00,2026-05-14T23:59:01.658822+00:00,201
vehicle_positions_23_235933.parquet,OK,52012,1324,False,False,,0,2026-05-14T23:59:32.847010+00:00,2026-05-14T23:59:32.847010+00:00,200
vehicle_positions_00_000004.parquet,OK,52046,1326,False,False,,0,2026-05-15T00:00:03.874568+00:00,2026-05-15T00:00:03.874568+00:00,200
vehicle_positions_00_000035.parquet,OK,52196,1328,False,False,,0,2026-05-15T00:00:34.743828+00:00,2026-05-15T00:00:34.743828+00:00,200
vehicle_positions_00_000106.parquet,OK,52178,1328,False,False,,0,2026-05-15T00:01:05.671347+00:00,2026-05-15T00:01:05.671347+00:00,200
vehicle_positions_00_000137.parquet,OK,52028,1325,False,False,,0,2026-05-15T00:01:36.596983+00:00,2026-05-15T00:01:36.596983+00:00,201
vehicle_positions_00_000208.parquet,OK,51999,1324,False,False,,0,2026-05-15T00:02:07.637689+00:00,2026-05-15T00:02:07.637689+00:00,201
vehicle_positions_00_000238.parquet,OK,52127,1325,False,False,,0,2026-05-15T00:02:38.449908+00:00,2026-05-15T00:02:38.449908+00:00,201
vehicle_positions_00_000309.parquet,OK,52183,1326,False,False,,0,2026-05-15T00:03:09.249484+00:00,2026-05-15T00:03:09.249484+00:00,202
vehicle_positions_00_000340.parquet,OK,52133,1323,False,False,,0,2026-05-15T00:03:40.070780+00:00,2026-05-15T00:03:40.070780+00:00,202
vehicle_positions_00_000411.parquet,OK,52320,1325,False,False,,0,2026-05-15T00:04:11.045429+00:00,2026-05-15T00:04:11.045429+00:00,201
vehicle_positions_00_000442.parquet,OK,52173,1323,False,False,,0,2026-05-15T00:04:42.150235+00:00,2026-05-15T00:04:42.150235+00:00,200
vehicle_positions_00_000513.parquet,OK,51997,1322,False,False,,0,2026-05-15T00:05:13.022638+00:00,2026-05-15T00:05:13.022638+00:00,200
vehicle_positions_00_000544.parquet,OK,52081,1326,False,False,,0,2026-05-15T00:05:43.883767+00:00,2026-05-15T00:05:43.883767+00:00,201
vehicle_positions_00_000615.parquet,OK,52139,1327,False,False,,0,2026-05-15T00:06:14.940231+00:00,2026-05-15T00:06:14.940231+00:00,201
vehicle_positions_00_000646.parquet,OK,52189,1324,False,False,,0,2026-05-15T00:06:45.815990+00:00,2026-05-15T00:06:45.815990+00:00,201
vehicle_positions_00_000717.parquet,OK,52033,1321,False,False,,0,2026-05-15T00:07:16.688292+00:00,2026-05-15T00:07:16.688292+00:00,201
vehicle_positions_00_000748.parquet,OK,51950,1320,False,False,,0,2026-05-15T00:07:47.966897+00:00,2026-05-15T00:07:47.966897+00:00,201
vehicle_positions_00_000819.parquet,OK,52023,1321,False,False,,0,2026-05-15T00:08:19.079380+00:00,2026-05-15T00:08:19.079380+00:00,201
vehicle_positions_00_000850.parquet,OK,51890,1321,False,False,,0,2026-05-15T00:08:50.015425+00:00,2026-05-15T00:08:50.015425+00:00,200
vehicle_positions_00_000921.parquet,OK,52187,1322,False,False,,0,2026-05-15T00:09:20.994225+00:00,2026-05-15T00:09:20.994225+00:00,200
vehicle_positions_00_000952.parquet,OK,52014,1323,False,False,,0,2026-05-15T00:09:52.147321+00:00,2026-05-15T00:09:52.147321+00:00,200
vehicle_positions_00_001023.parquet,OK,52263,1324,False,False,,0,2026-05-15T00:10:23.130724+00:00,2026-05-15T00:10:23.130724+00:00,200
vehicle_positions_00_001054.parquet,OK,52211,1325,False,False,,0,2026-05-15T00:10:54.094457+00:00,2026-05-15T00:10:54.094457+00:00,200
vehicle_positions_00_001126.parquet,OK,52258,1326,False,False,,0,2026-05-15T00:11:25.233285+00:00,2026-05-15T00:11:25.233285+00:00,199
vehicle_positions_00_001156.parquet,OK,52046,1325,False,False,,0,2026-05-15T00:11:56.379796+00:00,2026-05-15T00:11:56.379796+00:00,199
vehicle_positions_00_001227.parquet,OK,52112,1324,False,False,,0,2026-05-15T00:12:27.386154+00:00,2026-05-15T00:12:27.386154+00:00,199
vehicle_positions_00_001258.parquet,OK,52218,1325,False,False,,0,2026-05-15T00:12:58.264320+00:00,2026-05-15T00:12:58.264320+00:00,200
vehicle_positions_00_001329.parquet,OK,52084,1325,False,False,,0,2026-05-15T00:13:29.096156+00:00,2026-05-15T00:13:29.096156+00:00,200
vehicle_positions_00_001400.parquet,OK,52153,1325,False,False,,0,2026-05-15T00:14:00.081653+00:00,2026-05-15T00:14:00.081653+00:00,200
vehicle_positions_00_001431.parquet,OK,52102,1326,False,False,,0,2026-05-15T00:14:31.354102+00:00,2026-05-15T00:14:31.354102+00:00,200
vehicle_positions_00_001502.parquet,OK,52107,1324,False,False,,0,2026-05-15T00:15:02.298086+00:00,2026-05-15T00:15:02.298086+00:00,201
vehicle_positions_00_001533.parquet,OK,52118,1325,False,False,,0,2026-05-15T00:15:33.296955+00:00,2026-05-15T00:15:33.296955+00:00,201
vehicle_positions_00_001604.parquet,OK,52247,1321,False,False,,0,2026-05-15T00:16:04.244968+00:00,2026-05-15T00:16:04.244968+00:00,201
vehicle_positions_00_001636.parquet,OK,52042,1321,False,False,,0,2026-05-15T00:16:35.447051+00:00,2026-05-15T00:16:35.447051+00:00,201
vehicle_positions_00_001706.parquet,OK,51989,1322,False,False,,0,2026-05-15T00:17:06.426958+00:00,2026-05-15T00:17:06.426958+00:00,201
vehicle_positions_00_001738.parquet,OK,51909,1320,False,False,,0,2026-05-15T00:17:37.430867+00:00,2026-05-15T00:17:37.430867+00:00,201
vehicle_positions_00_001808.parquet,OK,51721,1318,False,False,,0,2026-05-15T00:18:08.300115+00:00,2026-05-15T00:18:08.300115+00:00,201
vehicle_positions_00_001839.parquet,OK,51823,1317,False,False,,0,2026-05-15T00:18:39.194422+00:00,2026-05-15T00:18:39.194422+00:00,202
vehicle_positions_00_001910.parquet,OK,51722,1315,False,False,,0,2026-05-15T00:19:10.057293+00:00,2026-05-15T00:19:10.057293+00:00,202
vehicle_positions_00_001941.parquet,OK,51615,1318,False,False,,0,2026-05-15T00:19:41.226802+00:00,2026-05-15T00:19:41.226802+00:00,202
vehicle_positions_00_002012.parquet,OK,51780,1319,False,False,,0,2026-05-15T00:20:12.275721+00:00,2026-05-15T00:20:12.275721+00:00,202
vehicle_positions_00_002043.parquet,OK,51902,1319,False,False,,0,2026-05-15T00:20:43.278122+00:00,2026-05-15T00:20:43.278122+00:00,202
vehicle_positions_00_002115.parquet,OK,51818,1316,False,False,,0,2026-05-15T00:21:14.272323+00:00,2026-05-15T00:21:14.272323+00:00,202
vehicle_positions_00_002146.parquet,OK,51689,1314,False,False,,0,2026-05-15T00:21:45.515017+00:00,2026-05-15T00:21:45.515017+00:00,202
vehicle_positions_00_002217.parquet,OK,51792,1314,False,False,,0,2026-05-15T00:22:16.585504+00:00,2026-05-15T00:22:16.585504+00:00,202
vehicle_positions_00_002249.parquet,OK,51818,1317,False,False,,0,2026-05-15T00:22:48.198949+00:00,2026-05-15T00:22:48.198949+00:00,202
vehicle_positions_00_002320.parquet,OK,51651,1312,False,False,,0,2026-05-15T00:23:19.386638+00:00,2026-05-15T00:23:19.386638+00:00,202
vehicle_positions_00_002351.parquet,OK,51965,1317,False,False,,0,2026-05-15T00:23:50.461364+00:00,2026-05-15T00:23:50.461364+00:00,202
vehicle_positions_00_002421.parquet,OK,51738,1317,False,False,,0,2026-05-15T00:24:21.333489+00:00,2026-05-15T00:24:21.333489+00:00,202
vehicle_positions_00_002452.parquet,OK,51430,1310,False,False,,0,2026-05-15T00:24:52.300245+00:00,2026-05-15T00:24:52.300245+00:00,202
vehicle_positions_00_002523.parquet,OK,51562,1312,False,False,,0,2026-05-15T00:25:23.154144+00:00,2026-05-15T00:25:23.154144+00:00,202
vehicle_positions_00_002554.parquet,OK,51703,1311,False,False,,0,2026-05-15T00:25:54.274706+00:00,2026-05-15T00:25:54.274706+00:00,202
vehicle_positions_00_002625.parquet,OK,51679,1311,False,False,,0,2026-05-15T00:26:25.217018+00:00,2026-05-15T00:26:25.217018+00:00,202
vehicle_positions_00_002656.parquet,OK,51484,1305,False,False,,0,2026-05-15T00:26:56.124580+00:00,2026-05-15T00:26:56.124580+00:00,202
vehicle_positions_00_002727.parquet,OK,51449,1306,False,False,,0,2026-05-15T00:27:27.252407+00:00,2026-05-15T00:27:27.252407+00:00,202
vehicle_positions_00_002758.parquet,OK,51297,1305,False,False,,0,2026-05-15T00:27:58.119811+00:00,2026-05-15T00:27:58.119811+00:00,202
vehicle_positions_00_002829.parquet,OK,51472,1308,False,False,,0,2026-05-15T00:28:29.148447+00:00,2026-05-15T00:28:29.148447+00:00,202
vehicle_positions_00_002900.parquet,OK,51673,1309,False,False,,0,2026-05-15T00:29:00.157442+00:00,2026-05-15T00:29:00.157442+00:00,202
vehicle_positions_00_002931.parquet,OK,51392,1305,False,False,,0,2026-05-15T00:29:31.115313+00:00,2026-05-15T00:29:31.115313+00:00,202
vehicle_positions_00_003002.parquet,OK,51441,1306,False,False,,0,2026-05-15T00:30:01.992970+00:00,2026-05-15T00:30:01.992970+00:00,202
vehicle_positions_00_003033.parquet,OK,51363,1307,False,False,,0,2026-05-15T00:30:32.902926+00:00,2026-05-15T00:30:32.902926+00:00,202
vehicle_positions_00_003107.parquet,OK,51286,1303,False,False,,0,2026-05-15T00:31:06.476071+00:00,2026-05-15T00:31:06.476071+00:00,203
vehicle_positions_00_003137.parquet,OK,51105,1300,False,False,,0,2026-05-15T00:31:37.395524+00:00,2026-05-15T00:31:37.395524+00:00,203
vehicle_positions_00_003208.parquet,OK,51399,1304,False,False,,0,2026-05-15T00:32:08.254043+00:00,2026-05-15T00:32:08.254043+00:00,203
vehicle_positions_00_003239.parquet,OK,51401,1303,False,False,,0,2026-05-15T00:32:39.162208+00:00,2026-05-15T00:32:39.162208+00:00,203
vehicle_positions_00_003310.parquet,OK,51434,1303,False,False,,0,2026-05-15T00:33:10.149866+00:00,2026-05-15T00:33:10.149866+00:00,203
vehicle_positions_00_003341.parquet,OK,51374,1303,False,False,,0,2026-05-15T00:33:41.279170+00:00,2026-05-15T00:33:41.279170+00:00,204
vehicle_positions_00_003412.parquet,OK,51273,1303,False,False,,0,2026-05-15T00:34:12.167919+00:00,2026-05-15T00:34:12.167919+00:00,204
vehicle_positions_00_003443.parquet,OK,51357,1303,False,False,,0,2026-05-15T00:34:43.197635+00:00,2026-05-15T00:34:43.197635+00:00,204
vehicle_positions_00_003514.parquet,OK,51405,1302,False,False,,0,2026-05-15T00:35:14.051456+00:00,2026-05-15T00:35:14.051456+00:00,204
vehicle_positions_00_003545.parquet,OK,51554,1304,False,False,,0,2026-05-15T00:35:45.364208+00:00,2026-05-15T00:35:45.364208+00:00,204
vehicle_positions_00_003617.parquet,OK,51751,1309,False,False,,0,2026-05-15T00:36:16.226755+00:00,2026-05-15T00:36:16.226755+00:00,204
vehicle_positions_00_003648.parquet,OK,51808,1306,False,False,,0,2026-05-15T00:36:47.522800+00:00,2026-05-15T00:36:47.522800+00:00,203
vehicle_positions_00_003718.parquet,OK,51689,1307,False,False,,0,2026-05-15T00:37:18.409730+00:00,2026-05-15T00:37:18.409730+00:00,203
vehicle_positions_00_003749.parquet,OK,51468,1304,False,False,,0,2026-05-15T00:37:49.279425+00:00,2026-05-15T00:37:49.279425+00:00,203
vehicle_positions_00_003820.parquet,OK,51618,1304,False,False,,0,2026-05-15T00:38:20.080388+00:00,2026-05-15T00:38:20.080388+00:00,203
vehicle_positions_00_003851.parquet,OK,51661,1307,False,False,,0,2026-05-15T00:38:51.086453+00:00,2026-05-15T00:38:51.086453+00:00,203
vehicle_positions_00_003922.parquet,OK,51569,1303,False,False,,0,2026-05-15T00:39:22.079859+00:00,2026-05-15T00:39:22.079859+00:00,203
vehicle_positions_00_003953.parquet,OK,51675,1303,False,False,,0,2026-05-15T00:39:52.928315+00:00,2026-05-15T00:39:52.928315+00:00,203
vehicle_positions_00_004025.parquet,OK,51521,1300,False,False,,0,2026-05-15T00:40:24.144494+00:00,2026-05-15T00:40:24.144494+00:00,203
vehicle_positions_00_004055.parquet,OK,51361,1295,False,False,,0,2026-05-15T00:40:55.340610+00:00,2026-05-15T00:40:55.340610+00:00,202
vehicle_positions_00_004126.parquet,OK,51198,1292,False,False,,0,2026-05-15T00:41:26.243271+00:00,2026-05-15T00:41:26.243271+00:00,202
vehicle_positions_00_004157.parquet,OK,51122,1293,False,False,,0,2026-05-15T00:41:57.182582+00:00,2026-05-15T00:41:57.182582+00:00,202
vehicle_positions_00_004228.parquet,OK,51300,1291,False,False,,0,2026-05-15T00:42:28.283589+00:00,2026-05-15T00:42:28.283589+00:00,202
vehicle_positions_00_004259.parquet,OK,51282,1291,False,False,,0,2026-05-15T00:42:59.106377+00:00,2026-05-15T00:42:59.106377+00:00,202
vehicle_positions_00_004330.parquet,OK,50942,1288,False,False,,0,2026-05-15T00:43:29.926340+00:00,2026-05-15T00:43:29.926340+00:00,202
vehicle_positions_00_004401.parquet,OK,51262,1292,False,False,,0,2026-05-15T00:44:00.797608+00:00,2026-05-15T00:44:00.797608+00:00,203
vehicle_positions_00_004432.parquet,OK,51024,1291,False,False,,0,2026-05-15T00:44:31.710352+00:00,2026-05-15T00:44:31.710352+00:00,203
vehicle_positions_00_004503.parquet,OK,50987,1289,False,False,,0,2026-05-15T00:45:02.931191+00:00,2026-05-15T00:45:02.931191+00:00,203
vehicle_positions_00_004534.parquet,OK,50869,1288,False,False,,0,2026-05-15T00:45:33.787394+00:00,2026-05-15T00:45:33.787394+00:00,203
vehicle_positions_00_004605.parquet,OK,50711,1282,False,False,,0,2026-05-15T00:46:04.731336+00:00,2026-05-15T00:46:04.731336+00:00,203
vehicle_positions_00_004636.parquet,OK,50804,1281,False,False,,0,2026-05-15T00:46:35.760680+00:00,2026-05-15T00:46:35.760680+00:00,202
vehicle_positions_00_004707.parquet,OK,50911,1282,False,False,,0,2026-05-15T00:47:06.663202+00:00,2026-05-15T00:47:06.663202+00:00,202
vehicle_positions_00_004738.parquet,OK,50903,1281,False,False,,0,2026-05-15T00:47:37.506295+00:00,2026-05-15T00:47:37.506295+00:00,202
vehicle_positions_00_004808.parquet,OK,50917,1281,False,False,,0,2026-05-15T00:48:08.299737+00:00,2026-05-15T00:48:08.299737+00:00,202
vehicle_positions_00_004839.parquet,OK,50663,1275,False,False,,0,2026-05-15T00:48:39.138887+00:00,2026-05-15T00:48:39.138887+00:00,202
vehicle_positions_00_004910.parquet,OK,50715,1275,False,False,,0,2026-05-15T00:49:10.196954+00:00,2026-05-15T00:49:10.196954+00:00,202
vehicle_positions_00_004941.parquet,OK,50600,1273,False,False,,0,2026-05-15T00:49:41.126634+00:00,2026-05-15T00:49:41.126634+00:00,201
vehicle_positions_00_005012.parquet,OK,50405,1272,False,False,,0,2026-05-15T00:50:12.018786+00:00,2026-05-15T00:50:12.018786+00:00,201
vehicle_positions_00_005043.parquet,OK,50593,1275,False,False,,0,2026-05-15T00:50:42.881580+00:00,2026-05-15T00:50:42.881580+00:00,203
vehicle_positions_00_005114.parquet,OK,50633,1272,False,False,,0,2026-05-15T00:51:13.701722+00:00,2026-05-15T00:51:13.701722+00:00,203
vehicle_positions_00_005145.parquet,OK,50580,1274,False,False,,0,2026-05-15T00:51:45.193320+00:00,2026-05-15T00:51:45.193320+00:00,203
vehicle_positions_00_005217.parquet,OK,50392,1271,False,False,,0,2026-05-15T00:52:16.030319+00:00,2026-05-15T00:52:16.030319+00:00,203
vehicle_positions_00_005248.parquet,OK,50381,1266,False,False,,0,2026-05-15T00:52:47.597075+00:00,2026-05-15T00:52:47.597075+00:00,203
vehicle_positions_00_005319.parquet,OK,50299,1266,False,False,,0,2026-05-15T00:53:18.782361+00:00,2026-05-15T00:53:18.782361+00:00,202
vehicle_positions_00_005350.parquet,OK,50271,1265,False,False,,0,2026-05-15T00:53:49.672263+00:00,2026-05-15T00:53:49.672263+00:00,202
vehicle_positions_00_005421.parquet,OK,50203,1267,False,False,,0,2026-05-15T00:54:20.463021+00:00,2026-05-15T00:54:20.463021+00:00,202
vehicle_positions_00_005452.parquet,OK,50278,1269,False,False,,0,2026-05-15T00:54:51.432538+00:00,2026-05-15T00:54:51.432538+00:00,202
vehicle_positions_00_005523.parquet,OK,50219,1266,False,False,,0,2026-05-15T00:55:22.355403+00:00,2026-05-15T00:55:22.355403+00:00,203
vehicle_positions_00_005554.parquet,OK,50185,1265,False,False,,0,2026-05-15T00:55:53.650588+00:00,2026-05-15T00:55:53.650588+00:00,203
vehicle_positions_00_005625.parquet,OK,50222,1265,False,False,,0,2026-05-15T00:56:24.571846+00:00,2026-05-15T00:56:24.571846+00:00,203
vehicle_positions_00_005656.parquet,OK,50057,1260,False,False,,0,2026-05-15T00:56:55.448116+00:00,2026-05-15T00:56:55.448116+00:00,203
vehicle_positions_00_005727.parquet,OK,50044,1259,False,False,,0,2026-05-15T00:57:26.639552+00:00,2026-05-15T00:57:26.639552+00:00,203
vehicle_positions_00_005758.parquet,OK,49890,1258,False,False,,0,2026-05-15T00:57:57.690450+00:00,2026-05-15T00:57:57.690450+00:00,203
vehicle_positions_00_005829.parquet,OK,50044,1260,False,False,,0,2026-05-15T00:58:28.792674+00:00,2026-05-15T00:58:28.792674+00:00,203
vehicle_positions_00_005900.parquet,OK,50078,1260,False,False,,0,2026-05-15T00:58:59.580270+00:00,2026-05-15T00:58:59.580270+00:00,203
vehicle_positions_00_005931.parquet,OK,49900,1254,False,False,,0,2026-05-15T00:59:30.644208+00:00,2026-05-15T00:59:30.644208+00:00,202
vehicle_positions_01_010002.parquet,OK,49863,1252,False,False,,0,2026-05-15T01:00:01.625196+00:00,2026-05-15T01:00:01.625196+00:00,202
vehicle_positions_01_010033.parquet,OK,49819,1254,False,False,,0,2026-05-15T01:00:33.008195+00:00,2026-05-15T01:00:33.008195+00:00,202
vehicle_positions_01_010106.parquet,OK,49843,1252,False,False,,0,2026-05-15T01:01:05.167431+00:00,2026-05-15T01:01:05.167431+00:00,202
vehicle_positions_01_010136.parquet,OK,49859,1253,False,False,,0,2026-05-15T01:01:36.329520+00:00,2026-05-15T01:01:36.329520+00:00,203
vehicle_positions_01_010207.parquet,OK,49981,1254,False,False,,0,2026-05-15T01:02:07.307341+00:00,2026-05-15T01:02:07.307341+00:00,203
vehicle_positions_01_010238.parquet,OK,49938,1253,False,False,,0,2026-05-15T01:02:38.185795+00:00,2026-05-15T01:02:38.185795+00:00,203
vehicle_positions_01_010309.parquet,OK,49729,1251,False,False,,0,2026-05-15T01:03:09.211845+00:00,2026-05-15T01:03:09.211845+00:00,202
vehicle_positions_01_010340.parquet,OK,49829,1251,False,False,,0,2026-05-15T01:03:40.231988+00:00,2026-05-15T01:03:40.231988+00:00,201
vehicle_positions_01_010411.parquet,OK,49794,1249,False,False,,0,2026-05-15T01:04:11.311768+00:00,2026-05-15T01:04:11.311768+00:00,201
vehicle_positions_01_010442.parquet,OK,49916,1252,False,False,,0,2026-05-15T01:04:42.222525+00:00,2026-05-15T01:04:42.222525+00:00,201
vehicle_positions_01_010513.parquet,OK,49881,1249,False,False,,0,2026-05-15T01:05:13.233273+00:00,2026-05-15T01:05:13.233273+00:00,200
vehicle_positions_01_010544.parquet,OK,49745,1252,False,False,,0,2026-05-15T01:05:44.165592+00:00,2026-05-15T01:05:44.165592+00:00,200
vehicle_positions_01_010616.parquet,OK,49732,1251,False,False,,0,2026-05-15T01:06:15.566729+00:00,2026-05-15T01:06:15.566729+00:00,200
vehicle_positions_01_010647.parquet,OK,49704,1246,False,False,,0,2026-05-15T01:06:46.509361+00:00,2026-05-15T01:06:46.509361+00:00,199
vehicle_positions_01_010718.parquet,OK,49682,1245,False,False,,0,2026-05-15T01:07:17.878264+00:00,2026-05-15T01:07:17.878264+00:00,199
vehicle_positions_01_010749.parquet,OK,49366,1239,False,False,,0,2026-05-15T01:07:48.743496+00:00,2026-05-15T01:07:48.743496+00:00,198
vehicle_positions_01_010820.parquet,OK,49494,1239,False,False,,0,2026-05-15T01:08:19.649646+00:00,2026-05-15T01:08:19.649646+00:00,198
vehicle_positions_01_010851.parquet,OK,49460,1239,False,False,,0,2026-05-15T01:08:50.509955+00:00,2026-05-15T01:08:50.509955+00:00,198
vehicle_positions_01_010921.parquet,OK,49332,1237,False,False,,0,2026-05-15T01:09:21.366102+00:00,2026-05-15T01:09:21.366102+00:00,198
vehicle_positions_01_010952.parquet,OK,49350,1236,False,False,,0,2026-05-15T01:09:52.192567+00:00,2026-05-15T01:09:52.192567+00:00,199
vehicle_positions_01_011024.parquet,OK,49466,1237,False,False,,0,2026-05-15T01:10:23.393927+00:00,2026-05-15T01:10:23.393927+00:00,199
vehicle_positions_01_011055.parquet,OK,49141,1232,False,False,,0,2026-05-15T01:10:54.478232+00:00,2026-05-15T01:10:54.478232+00:00,199
vehicle_positions_01_011125.parquet,OK,49129,1228,False,False,,0,2026-05-15T01:11:25.399616+00:00,2026-05-15T01:11:25.399616+00:00,198
vehicle_positions_01_011156.parquet,OK,49099,1227,False,False,,0,2026-05-15T01:11:56.283979+00:00,2026-05-15T01:11:56.283979+00:00,198
vehicle_positions_01_011227.parquet,OK,49021,1222,False,False,,0,2026-05-15T01:12:27.226073+00:00,2026-05-15T01:12:27.226073+00:00,198
vehicle_positions_01_011258.parquet,OK,48865,1219,False,False,,0,2026-05-15T01:12:58.170295+00:00,2026-05-15T01:12:58.170295+00:00,198
vehicle_positions_01_011329.parquet,OK,48966,1219,False,False,,0,2026-05-15T01:13:29.052873+00:00,2026-05-15T01:13:29.052873+00:00,199
vehicle_positions_01_011400.parquet,OK,48663,1213,False,False,,0,2026-05-15T01:13:59.892766+00:00,2026-05-15T01:13:59.892766+00:00,199
vehicle_positions_01_011431.parquet,OK,48663,1209,False,False,,0,2026-05-15T01:14:31.136858+00:00,2026-05-15T01:14:31.136858+00:00,199
vehicle_positions_01_011502.parquet,OK,48581,1213,False,False,,0,2026-05-15T01:15:02.187851+00:00,2026-05-15T01:15:02.187851+00:00,199
vehicle_positions_01_011533.parquet,OK,48489,1210,False,False,,0,2026-05-15T01:15:33.055675+00:00,2026-05-15T01:15:33.055675+00:00,199
vehicle_positions_01_011604.parquet,OK,48435,1207,False,False,,0,2026-05-15T01:16:04.152479+00:00,2026-05-15T01:16:04.152479+00:00,199
vehicle_positions_01_011635.parquet,OK,48388,1205,False,False,,0,2026-05-15T01:16:35.401677+00:00,2026-05-15T01:16:35.401677+00:00,199
vehicle_positions_01_011706.parquet,OK,48401,1201,False,False,,0,2026-05-15T01:17:06.294275+00:00,2026-05-15T01:17:06.294275+00:00,199
vehicle_positions_01_011738.parquet,OK,48300,1199,False,False,,0,2026-05-15T01:17:37.476163+00:00,2026-05-15T01:17:37.476163+00:00,199
vehicle_positions_01_011809.parquet,OK,48236,1196,False,False,,0,2026-05-15T01:18:08.407870+00:00,2026-05-15T01:18:08.407870+00:00,199
vehicle_positions_01_011840.parquet,OK,48104,1191,False,False,,0,2026-05-15T01:18:39.747125+00:00,2026-05-15T01:18:39.747125+00:00,200
vehicle_positions_01_011911.parquet,OK,48160,1193,False,False,,0,2026-05-15T01:19:10.610918+00:00,2026-05-15T01:19:10.610918+00:00,200
vehicle_positions_01_011942.parquet,OK,48117,1194,False,False,,0,2026-05-15T01:19:41.485778+00:00,2026-05-15T01:19:41.485778+00:00,200
vehicle_positions_01_012013.parquet,OK,47896,1191,False,False,,0,2026-05-15T01:20:12.770104+00:00,2026-05-15T01:20:12.770104+00:00,200
vehicle_positions_01_012044.parquet,OK,48026,1193,False,False,,0,2026-05-15T01:20:43.864087+00:00,2026-05-15T01:20:43.864087+00:00,200
vehicle_positions_01_012115.parquet,OK,47925,1189,False,False,,0,2026-05-15T01:21:14.787974+00:00,2026-05-15T01:21:14.787974+00:00,199
vehicle_positions_01_012146.parquet,OK,48045,1192,False,False,,0,2026-05-15T01:21:45.938074+00:00,2026-05-15T01:21:45.938074+00:00,200
vehicle_positions_01_012217.parquet,OK,47883,1189,False,False,,0,2026-05-15T01:22:17.096644+00:00,2026-05-15T01:22:17.096644+00:00,200
vehicle_positions_01_012249.parquet,OK,47916,1187,False,False,,0,2026-05-15T01:22:48.650209+00:00,2026-05-15T01:22:48.650209+00:00,200
vehicle_positions_01_012320.parquet,OK,47750,1184,False,False,,0,2026-05-15T01:23:19.718927+00:00,2026-05-15T01:23:19.718927+00:00,200
vehicle_positions_01_012352.parquet,OK,47622,1183,False,False,,0,2026-05-15T01:23:51.692952+00:00,2026-05-15T01:23:51.692952+00:00,200
vehicle_positions_01_012423.parquet,OK,47538,1179,False,False,,0,2026-05-15T01:24:22.713316+00:00,2026-05-15T01:24:22.713316+00:00,200
vehicle_positions_01_012454.parquet,OK,47665,1179,False,False,,0,2026-05-15T01:24:53.899227+00:00,2026-05-15T01:24:53.899227+00:00,200
vehicle_positions_01_012525.parquet,OK,47327,1174,False,False,,0,2026-05-15T01:25:24.837681+00:00,2026-05-15T01:25:24.837681+00:00,200
vehicle_positions_01_012556.parquet,OK,47487,1174,False,False,,0,2026-05-15T01:25:55.846869+00:00,2026-05-15T01:25:55.846869+00:00,200
vehicle_positions_01_012627.parquet,OK,47483,1175,False,False,,0,2026-05-15T01:26:26.690473+00:00,2026-05-15T01:26:26.690473+00:00,200
vehicle_positions_01_012658.parquet,OK,47400,1173,False,False,,0,2026-05-15T01:26:58.042462+00:00,2026-05-15T01:26:58.042462+00:00,201
vehicle_positions_01_012729.parquet,OK,47462,1173,False,False,,0,2026-05-15T01:27:29.065980+00:00,2026-05-15T01:27:29.065980+00:00,201
vehicle_positions_01_012800.parquet,OK,47263,1170,False,False,,0,2026-05-15T01:27:59.931021+00:00,2026-05-15T01:27:59.931021+00:00,201
vehicle_positions_01_012831.parquet,OK,47371,1171,False,False,,0,2026-05-15T01:28:30.840355+00:00,2026-05-15T01:28:30.840355+00:00,201
vehicle_positions_01_012902.parquet,OK,47331,1168,False,False,,0,2026-05-15T01:29:02.016713+00:00,2026-05-15T01:29:02.016713+00:00,201
vehicle_positions_01_012933.parquet,OK,47111,1163,False,False,,0,2026-05-15T01:29:33.313358+00:00,2026-05-15T01:29:33.313358+00:00,201
vehicle_positions_01_013004.parquet,OK,47144,1161,False,False,,0,2026-05-15T01:30:04.187942+00:00,2026-05-15T01:30:04.187942+00:00,201
vehicle_positions_01_013035.parquet,OK,46914,1158,False,False,,0,2026-05-15T01:30:35.088364+00:00,2026-05-15T01:30:35.088364+00:00,201
vehicle_positions_01_013106.parquet,OK,46877,1155,False,False,,0,2026-05-15T01:31:06.048789+00:00,2026-05-15T01:31:06.048789+00:00,201
vehicle_positions_01_013137.parquet,OK,46675,1152,False,False,,0,2026-05-15T01:31:37.002721+00:00,2026-05-15T01:31:37.002721+00:00,201
vehicle_positions_01_013220.parquet,OK,46743,1146,False,False,,0,2026-05-15T01:32:19.697092+00:00,2026-05-15T01:32:19.697092+00:00,201
vehicle_positions_01_013251.parquet,OK,46728,1145,False,False,,0,2026-05-15T01:32:50.655618+00:00,2026-05-15T01:32:50.655618+00:00,201
vehicle_positions_01_013322.parquet,OK,46476,1140,False,False,,0,2026-05-15T01:33:21.558915+00:00,2026-05-15T01:33:21.558915+00:00,201
vehicle_positions_01_013353.parquet,OK,46497,1137,False,False,,0,2026-05-15T01:33:52.523404+00:00,2026-05-15T01:33:52.523404+00:00,200
vehicle_positions_01_013423.parquet,OK,46415,1135,False,False,,0,2026-05-15T01:34:23.429713+00:00,2026-05-15T01:34:23.429713+00:00,201
vehicle_positions_01_013454.parquet,OK,46309,1132,False,False,,0,2026-05-15T01:34:54.329741+00:00,2026-05-15T01:34:54.329741+00:00,201
vehicle_positions_01_013525.parquet,OK,46023,1125,False,False,,0,2026-05-15T01:35:25.128497+00:00,2026-05-15T01:35:25.128497+00:00,201
vehicle_positions_01_013556.parquet,OK,46009,1125,False,False,,0,2026-05-15T01:35:56.005123+00:00,2026-05-15T01:35:56.005123+00:00,201
vehicle_positions_01_013627.parquet,OK,45960,1122,False,False,,0,2026-05-15T01:36:26.844774+00:00,2026-05-15T01:36:26.844774+00:00,201
vehicle_positions_01_013658.parquet,OK,45713,1117,False,False,,0,2026-05-15T01:36:57.662225+00:00,2026-05-15T01:36:57.662225+00:00,200
vehicle_positions_01_013729.parquet,OK,45710,1116,False,False,,0,2026-05-15T01:37:28.526866+00:00,2026-05-15T01:37:28.526866+00:00,200
vehicle_positions_01_013800.parquet,OK,45466,1112,False,False,,0,2026-05-15T01:37:59.679545+00:00,2026-05-15T01:37:59.679545+00:00,200
vehicle_positions_01_013831.parquet,OK,45147,1105,False,False,,0,2026-05-15T01:38:30.566921+00:00,2026-05-15T01:38:30.566921+00:00,200
vehicle_positions_01_013902.parquet,OK,45093,1105,False,False,,0,2026-05-15T01:39:01.415869+00:00,2026-05-15T01:39:01.415869+00:00,198
vehicle_positions_01_013933.parquet,OK,45376,1106,False,False,,0,2026-05-15T01:39:32.614707+00:00,2026-05-15T01:39:32.614707+00:00,198
vehicle_positions_01_014004.parquet,OK,45229,1105,False,False,,0,2026-05-15T01:40:03.627471+00:00,2026-05-15T01:40:03.627471+00:00,199
vehicle_positions_01_014035.parquet,OK,45037,1102,False,False,,0,2026-05-15T01:40:34.693456+00:00,2026-05-15T01:40:34.693456+00:00,199
vehicle_positions_01_014106.parquet,OK,45188,1105,False,False,,0,2026-05-15T01:41:05.679986+00:00,2026-05-15T01:41:05.679986+00:00,198
vehicle_positions_01_014137.parquet,OK,44971,1099,False,False,,0,2026-05-15T01:41:36.696272+00:00,2026-05-15T01:41:36.696272+00:00,198
vehicle_positions_01_014208.parquet,OK,45122,1100,False,False,,0,2026-05-15T01:42:07.681708+00:00,2026-05-15T01:42:07.681708+00:00,198
vehicle_positions_01_014239.parquet,OK,44799,1094,False,False,,0,2026-05-15T01:42:38.672589+00:00,2026-05-15T01:42:38.672589+00:00,198
vehicle_positions_01_014310.parquet,OK,44876,1096,False,False,,0,2026-05-15T01:43:09.704184+00:00,2026-05-15T01:43:09.704184+00:00,198
vehicle_positions_01_014341.parquet,OK,44744,1089,False,False,,0,2026-05-15T01:43:40.701658+00:00,2026-05-15T01:43:40.701658+00:00,198
vehicle_positions_01_014412.parquet,OK,44834,1091,False,False,,0,2026-05-15T01:44:11.554672+00:00,2026-05-15T01:44:11.554672+00:00,198
vehicle_positions_01_014443.parquet,OK,44434,1084,False,False,,0,2026-05-15T01:44:42.613910+00:00,2026-05-15T01:44:42.613910+00:00,198
vehicle_positions_01_014514.parquet,OK,44322,1080,False,False,,0,2026-05-15T01:45:13.500528+00:00,2026-05-15T01:45:13.500528+00:00,198
vehicle_positions_01_014544.parquet,OK,44412,1081,False,False,,0,2026-05-15T01:45:44.404425+00:00,2026-05-15T01:45:44.404425+00:00,198
vehicle_positions_01_014615.parquet,OK,44405,1082,False,False,,0,2026-05-15T01:46:15.349241+00:00,2026-05-15T01:46:15.349241+00:00,198
vehicle_positions_01_014647.parquet,OK,44232,1079,False,False,,0,2026-05-15T01:46:46.135696+00:00,2026-05-15T01:46:46.135696+00:00,198
vehicle_positions_01_014718.parquet,OK,43976,1066,False,False,,0,2026-05-15T01:47:17.412656+00:00,2026-05-15T01:47:17.412656+00:00,197
vehicle_positions_01_014749.parquet,OK,43993,1067,False,False,,0,2026-05-15T01:47:48.800455+00:00,2026-05-15T01:47:48.800455+00:00,196
vehicle_positions_01_014820.parquet,OK,43717,1062,False,False,,0,2026-05-15T01:48:20.078515+00:00,2026-05-15T01:48:20.078515+00:00,197
vehicle_positions_01_014851.parquet,OK,43531,1057,False,False,,0,2026-05-15T01:48:50.865050+00:00,2026-05-15T01:48:50.865050+00:00,197
vehicle_positions_01_014922.parquet,OK,43541,1055,False,False,,0,2026-05-15T01:49:21.717944+00:00,2026-05-15T01:49:21.717944+00:00,197
vehicle_positions_01_014953.parquet,OK,43503,1054,False,False,,0,2026-05-15T01:49:52.806214+00:00,2026-05-15T01:49:52.806214+00:00,197
vehicle_positions_01_015024.parquet,OK,43311,1049,False,False,,0,2026-05-15T01:50:23.782925+00:00,2026-05-15T01:50:23.782925+00:00,197
vehicle_positions_01_015055.parquet,OK,43158,1047,False,False,,0,2026-05-15T01:50:54.565898+00:00,2026-05-15T01:50:54.565898+00:00,198
vehicle_positions_01_015125.parquet,OK,43098,1043,False,False,,0,2026-05-15T01:51:25.426066+00:00,2026-05-15T01:51:25.426066+00:00,198
vehicle_positions_01_015156.parquet,OK,43051,1041,False,False,,0,2026-05-15T01:51:56.256006+00:00,2026-05-15T01:51:56.256006+00:00,198
vehicle_positions_01_015227.parquet,OK,42941,1039,False,False,,0,2026-05-15T01:52:27.088689+00:00,2026-05-15T01:52:27.088689+00:00,198
vehicle_positions_01_015258.parquet,OK,42882,1037,False,False,,0,2026-05-15T01:52:58.217562+00:00,2026-05-15T01:52:58.217562+00:00,198
vehicle_positions_01_015329.parquet,OK,42530,1031,False,False,,0,2026-05-15T01:53:29.105926+00:00,2026-05-15T01:53:29.105926+00:00,198
vehicle_positions_01_015400.parquet,OK,42602,1030,False,False,,0,2026-05-15T01:53:59.894372+00:00,2026-05-15T01:53:59.894372+00:00,198
vehicle_positions_01_015431.parquet,OK,42595,1028,False,False,,0,2026-05-15T01:54:30.712806+00:00,2026-05-15T01:54:30.712806+00:00,198
vehicle_positions_01_015502.parquet,OK,42612,1029,False,False,,0,2026-05-15T01:55:01.617045+00:00,2026-05-15T01:55:01.617045+00:00,197
vehicle_positions_01_015533.parquet,OK,42513,1030,False,False,,0,2026-05-15T01:55:32.677021+00:00,2026-05-15T01:55:32.677021+00:00,196
vehicle_positions_01_015604.parquet,OK,42377,1027,False,False,,0,2026-05-15T01:56:03.649555+00:00,2026-05-15T01:56:03.649555+00:00,196
vehicle_positions_01_015635.parquet,OK,42354,1026,False,False,,0,2026-05-15T01:56:34.503941+00:00,2026-05-15T01:56:34.503941+00:00,196
vehicle_positions_01_015706.parquet,OK,42045,1025,False,False,,0,2026-05-15T01:57:05.434526+00:00,2026-05-15T01:57:05.434526+00:00,196
vehicle_positions_01_015736.parquet,OK,41772,1022,False,False,,0,2026-05-15T01:57:36.356288+00:00,2026-05-15T01:57:36.356288+00:00,197
vehicle_positions_01_015807.parquet,OK,41757,1024,False,False,,0,2026-05-15T01:58:07.173465+00:00,2026-05-15T01:58:07.173465+00:00,197
vehicle_positions_01_015838.parquet,OK,41643,1016,False,False,,0,2026-05-15T01:58:37.961015+00:00,2026-05-15T01:58:37.961015+00:00,196
vehicle_positions_01_015909.parquet,OK,41586,1013,False,False,,0,2026-05-15T01:59:09.054699+00:00,2026-05-15T01:59:09.054699+00:00,196
vehicle_positions_01_015940.parquet,OK,41347,1007,False,False,,0,2026-05-15T01:59:39.819231+00:00,2026-05-15T01:59:39.819231+00:00,195
vehicle_positions_02_020011.parquet,OK,41531,1007,False,False,,0,2026-05-15T02:00:10.693037+00:00,2026-05-15T02:00:10.693037+00:00,197
vehicle_positions_02_020042.parquet,OK,41451,1008,False,False,,0,2026-05-15T02:00:41.605779+00:00,2026-05-15T02:00:41.605779+00:00,196
vehicle_positions_02_020113.parquet,OK,41542,1010,False,False,,0,2026-05-15T02:01:12.560262+00:00,2026-05-15T02:01:12.560262+00:00,195
vehicle_positions_02_020143.parquet,OK,41502,1008,False,False,,0,2026-05-15T02:01:43.408729+00:00,2026-05-15T02:01:43.408729+00:00,195
vehicle_positions_02_020214.parquet,OK,41527,1008,False,False,,0,2026-05-15T02:02:14.382392+00:00,2026-05-15T02:02:14.382392+00:00,195
vehicle_positions_02_020246.parquet,OK,41206,1001,False,False,,0,2026-05-15T02:02:45.256713+00:00,2026-05-15T02:02:45.256713+00:00,194
vehicle_positions_02_020317.parquet,OK,41351,1002,False,False,,0,2026-05-15T02:03:16.289360+00:00,2026-05-15T02:03:16.289360+00:00,196
vehicle_positions_02_020348.parquet,OK,41422,1001,False,False,,0,2026-05-15T02:03:47.730923+00:00,2026-05-15T02:03:47.730923+00:00,196
vehicle_positions_02_020419.parquet,OK,41243,1000,False,False,,0,2026-05-15T02:04:18.539002+00:00,2026-05-15T02:04:18.539002+00:00,196
vehicle_positions_02_020450.parquet,OK,41232,998,False,False,,0,2026-05-15T02:04:49.497021+00:00,2026-05-15T02:04:49.497021+00:00,195
vehicle_positions_02_020521.parquet,OK,41072,994,False,False,,0,2026-05-15T02:05:20.330322+00:00,2026-05-15T02:05:20.330322+00:00,195
vehicle_positions_02_020552.parquet,OK,40799,989,False,False,,0,2026-05-15T02:05:51.498940+00:00,2026-05-15T02:05:51.498940+00:00,194
vehicle_positions_02_020623.parquet,OK,40743,985,False,False,,0,2026-05-15T02:06:22.476484+00:00,2026-05-15T02:06:22.476484+00:00,194
vehicle_positions_02_020653.parquet,OK,40786,984,False,False,,0,2026-05-15T02:06:53.351160+00:00,2026-05-15T02:06:53.351160+00:00,194
vehicle_positions_02_020724.parquet,OK,40661,981,False,False,,0,2026-05-15T02:07:24.093172+00:00,2026-05-15T02:07:24.093172+00:00,194
vehicle_positions_02_020755.parquet,OK,40684,978,False,False,,0,2026-05-15T02:07:54.902289+00:00,2026-05-15T02:07:54.902289+00:00,194
vehicle_positions_02_020826.parquet,OK,40516,975,False,False,,0,2026-05-15T02:08:25.756941+00:00,2026-05-15T02:08:25.756941+00:00,194
vehicle_positions_02_020857.parquet,OK,40435,971,False,False,,0,2026-05-15T02:08:56.632237+00:00,2026-05-15T02:08:56.632237+00:00,194
vehicle_positions_02_020927.parquet,OK,40281,968,False,False,,0,2026-05-15T02:09:27.530939+00:00,2026-05-15T02:09:27.530939+00:00,194
vehicle_positions_02_020958.parquet,OK,40371,967,False,False,,0,2026-05-15T02:09:58.348442+00:00,2026-05-15T02:09:58.348442+00:00,194
vehicle_positions_02_021029.parquet,OK,40083,960,False,False,,0,2026-05-15T02:10:29.166659+00:00,2026-05-15T02:10:29.166659+00:00,193
vehicle_positions_02_021100.parquet,OK,40126,961,False,False,,0,2026-05-15T02:11:00.338811+00:00,2026-05-15T02:11:00.338811+00:00,193
vehicle_positions_02_021131.parquet,OK,39688,952,False,False,,0,2026-05-15T02:11:31.120043+00:00,2026-05-15T02:11:31.120043+00:00,192
vehicle_positions_02_021202.parquet,OK,39475,946,False,False,,0,2026-05-15T02:12:02.185241+00:00,2026-05-15T02:12:02.185241+00:00,191
vehicle_positions_02_021233.parquet,OK,39578,943,False,False,,0,2026-05-15T02:12:33.030609+00:00,2026-05-15T02:12:33.030609+00:00,192
vehicle_positions_02_021304.parquet,OK,39469,943,False,False,,0,2026-05-15T02:13:03.966821+00:00,2026-05-15T02:13:03.966821+00:00,192
vehicle_positions_02_021335.parquet,OK,39360,939,False,False,,0,2026-05-15T02:13:34.748524+00:00,2026-05-15T02:13:34.748524+00:00,192
vehicle_positions_02_021406.parquet,OK,39124,932,False,False,,0,2026-05-15T02:14:05.668186+00:00,2026-05-15T02:14:05.668186+00:00,191
vehicle_positions_02_021436.parquet,OK,39106,929,False,False,,0,2026-05-15T02:14:36.460192+00:00,2026-05-15T02:14:36.460192+00:00,191
vehicle_positions_02_021507.parquet,OK,39056,925,False,False,,0,2026-05-15T02:15:07.431122+00:00,2026-05-15T02:15:07.431122+00:00,191
vehicle_positions_02_021538.parquet,OK,38816,919,False,False,,0,2026-05-15T02:15:38.224411+00:00,2026-05-15T02:15:38.224411+00:00,191
vehicle_positions_02_021609.parquet,OK,38551,914,False,False,,0,2026-05-15T02:16:09.151183+00:00,2026-05-15T02:16:09.151183+00:00,191
vehicle_positions_02_021640.parquet,OK,38559,914,False,False,,0,2026-05-15T02:16:40.210307+00:00,2026-05-15T02:16:40.210307+00:00,193
vehicle_positions_02_021711.parquet,OK,38447,909,False,False,,0,2026-05-15T02:17:11.106795+00:00,2026-05-15T02:17:11.106795+00:00,193
vehicle_positions_02_021743.parquet,OK,38456,907,False,False,,0,2026-05-15T02:17:42.361809+00:00,2026-05-15T02:17:42.361809+00:00,193
vehicle_positions_02_021813.parquet,OK,38019,901,False,False,,0,2026-05-15T02:18:13.458946+00:00,2026-05-15T02:18:13.458946+00:00,193
vehicle_positions_02_021846.parquet,OK,37945,896,False,False,,0,2026-05-15T02:18:45.530303+00:00,2026-05-15T02:18:45.530303+00:00,192
vehicle_positions_02_021917.parquet,OK,37626,888,False,False,,0,2026-05-15T02:19:16.478462+00:00,2026-05-15T02:19:16.478462+00:00,191
vehicle_positions_02_021947.parquet,OK,37724,890,False,False,,0,2026-05-15T02:19:47.289598+00:00,2026-05-15T02:19:47.289598+00:00,191
vehicle_positions_02_022018.parquet,OK,37692,885,False,False,,0,2026-05-15T02:20:18.114348+00:00,2026-05-15T02:20:18.114348+00:00,191
vehicle_positions_02_022049.parquet,OK,37475,886,False,False,,0,2026-05-15T02:20:48.890730+00:00,2026-05-15T02:20:48.890730+00:00,190
vehicle_positions_02_022120.parquet,OK,37417,882,False,False,,0,2026-05-15T02:21:20.121059+00:00,2026-05-15T02:21:20.121059+00:00,190
vehicle_positions_02_022151.parquet,OK,37293,881,False,False,,0,2026-05-15T02:21:50.987794+00:00,2026-05-15T02:21:50.987794+00:00,190
vehicle_positions_02_022222.parquet,OK,37219,879,False,False,,0,2026-05-15T02:22:21.919453+00:00,2026-05-15T02:22:21.919453+00:00,190
vehicle_positions_02_022253.parquet,OK,37267,876,False,False,,0,2026-05-15T02:22:52.789675+00:00,2026-05-15T02:22:52.789675+00:00,189
vehicle_positions_02_022324.parquet,OK,37180,874,False,False,,0,2026-05-15T02:23:23.739399+00:00,2026-05-15T02:23:23.739399+00:00,189
vehicle_positions_02_022355.parquet,OK,37188,873,False,False,,0,2026-05-15T02:23:54.612522+00:00,2026-05-15T02:23:54.612522+00:00,191
vehicle_positions_02_022425.parquet,OK,37063,871,False,False,,0,2026-05-15T02:24:25.492461+00:00,2026-05-15T02:24:25.492461+00:00,191
vehicle_positions_02_022456.parquet,OK,37056,870,False,False,,0,2026-05-15T02:24:56.253979+00:00,2026-05-15T02:24:56.253979+00:00,191
vehicle_positions_02_022527.parquet,OK,37039,870,False,False,,0,2026-05-15T02:25:27.297834+00:00,2026-05-15T02:25:27.297834+00:00,191
vehicle_positions_02_022558.parquet,OK,36834,863,False,False,,0,2026-05-15T02:25:58.150088+00:00,2026-05-15T02:25:58.150088+00:00,191
vehicle_positions_02_022629.parquet,OK,36844,862,False,False,,0,2026-05-15T02:26:29.052144+00:00,2026-05-15T02:26:29.052144+00:00,191
vehicle_positions_02_022700.parquet,OK,36855,860,False,False,,0,2026-05-15T02:26:59.882262+00:00,2026-05-15T02:26:59.882262+00:00,190
vehicle_positions_02_022731.parquet,OK,36830,858,False,False,,0,2026-05-15T02:27:30.803262+00:00,2026-05-15T02:27:30.803262+00:00,190
vehicle_positions_02_022802.parquet,OK,36531,855,False,False,,0,2026-05-15T02:28:01.577820+00:00,2026-05-15T02:28:01.577820+00:00,189
vehicle_positions_02_022832.parquet,OK,36913,861,False,False,,0,2026-05-15T02:28:32.414602+00:00,2026-05-15T02:28:32.414602+00:00,190
vehicle_positions_02_022903.parquet,OK,36729,855,False,False,,0,2026-05-15T02:29:03.313154+00:00,2026-05-15T02:29:03.313154+00:00,190
vehicle_positions_02_022934.parquet,OK,36527,852,False,False,,0,2026-05-15T02:29:34.272355+00:00,2026-05-15T02:29:34.272355+00:00,190
vehicle_positions_02_023005.parquet,OK,36306,844,False,False,,0,2026-05-15T02:30:05.208464+00:00,2026-05-15T02:30:05.208464+00:00,190
vehicle_positions_02_023036.parquet,OK,36226,844,False,False,,0,2026-05-15T02:30:36.093280+00:00,2026-05-15T02:30:36.093280+00:00,189
vehicle_positions_02_023107.parquet,OK,36188,840,False,False,,0,2026-05-15T02:31:06.971626+00:00,2026-05-15T02:31:06.971626+00:00,189
vehicle_positions_02_023138.parquet,OK,36051,838,False,False,,0,2026-05-15T02:31:37.954773+00:00,2026-05-15T02:31:37.954773+00:00,188
vehicle_positions_02_023209.parquet,OK,36142,836,False,False,,0,2026-05-15T02:32:09.058440+00:00,2026-05-15T02:32:09.058440+00:00,188
vehicle_positions_02_023240.parquet,OK,36030,834,False,False,,0,2026-05-15T02:32:39.886515+00:00,2026-05-15T02:32:39.886515+00:00,189
vehicle_positions_02_023312.parquet,OK,35884,830,False,False,,0,2026-05-15T02:33:10.728437+00:00,2026-05-15T02:33:10.728437+00:00,188
vehicle_positions_02_023343.parquet,OK,35870,830,False,False,,0,2026-05-15T02:33:42.850109+00:00,2026-05-15T02:33:42.850109+00:00,188
vehicle_positions_02_023414.parquet,OK,35778,829,False,False,,0,2026-05-15T02:34:13.836826+00:00,2026-05-15T02:34:13.836826+00:00,188
vehicle_positions_02_023445.parquet,OK,35605,824,False,False,,0,2026-05-15T02:34:44.868258+00:00,2026-05-15T02:34:44.868258+00:00,188
vehicle_positions_02_023516.parquet,OK,35613,822,False,False,,0,2026-05-15T02:35:15.731083+00:00,2026-05-15T02:35:15.731083+00:00,188
vehicle_positions_02_023547.parquet,OK,35459,818,False,False,,0,2026-05-15T02:35:46.892587+00:00,2026-05-15T02:35:46.892587+00:00,189
vehicle_positions_02_023618.parquet,OK,35298,813,False,False,,0,2026-05-15T02:36:17.667461+00:00,2026-05-15T02:36:17.667461+00:00,189
vehicle_positions_02_023648.parquet,OK,35321,812,False,False,,0,2026-05-15T02:36:48.425972+00:00,2026-05-15T02:36:48.425972+00:00,189
vehicle_positions_02_023719.parquet,OK,35303,812,False,False,,0,2026-05-15T02:37:19.230235+00:00,2026-05-15T02:37:19.230235+00:00,188
vehicle_positions_02_023750.parquet,OK,35251,810,False,False,,0,2026-05-15T02:37:50.101849+00:00,2026-05-15T02:37:50.101849+00:00,188
vehicle_positions_02_023821.parquet,OK,35077,806,False,False,,0,2026-05-15T02:38:20.882973+00:00,2026-05-15T02:38:20.882973+00:00,187
vehicle_positions_02_023852.parquet,OK,35008,805,False,False,,0,2026-05-15T02:38:51.690732+00:00,2026-05-15T02:38:51.690732+00:00,185
vehicle_positions_02_023923.parquet,OK,34863,802,False,False,,0,2026-05-15T02:39:22.477274+00:00,2026-05-15T02:39:22.477274+00:00,185
vehicle_positions_02_023953.parquet,OK,34922,803,False,False,,0,2026-05-15T02:39:53.483770+00:00,2026-05-15T02:39:53.483770+00:00,185
vehicle_positions_02_024024.parquet,OK,34817,797,False,False,,0,2026-05-15T02:40:24.355932+00:00,2026-05-15T02:40:24.355932+00:00,185
vehicle_positions_02_024055.parquet,OK,34702,794,False,False,,0,2026-05-15T02:40:55.285214+00:00,2026-05-15T02:40:55.285214+00:00,183
vehicle_positions_02_024126.parquet,OK,34456,789,False,False,,0,2026-05-15T02:41:26.219232+00:00,2026-05-15T02:41:26.219232+00:00,183
vehicle_positions_02_024157.parquet,OK,34528,788,False,False,,0,2026-05-15T02:41:57.107642+00:00,2026-05-15T02:41:57.107642+00:00,183
vehicle_positions_02_024228.parquet,OK,34440,788,False,False,,0,2026-05-15T02:42:27.950956+00:00,2026-05-15T02:42:27.950956+00:00,183
vehicle_positions_02_024259.parquet,OK,34408,786,False,False,,0,2026-05-15T02:42:58.702972+00:00,2026-05-15T02:42:58.702972+00:00,184
vehicle_positions_02_024330.parquet,OK,34283,784,False,False,,0,2026-05-15T02:43:29.459547+00:00,2026-05-15T02:43:29.459547+00:00,184
vehicle_positions_02_024400.parquet,OK,34294,784,False,False,,0,2026-05-15T02:44:00.332649+00:00,2026-05-15T02:44:00.332649+00:00,185
vehicle_positions_02_024431.parquet,OK,34116,781,False,False,,0,2026-05-15T02:44:31.248146+00:00,2026-05-15T02:44:31.248146+00:00,185
vehicle_positions_02_024502.parquet,OK,34245,782,False,False,,0,2026-05-15T02:45:02.072373+00:00,2026-05-15T02:45:02.072373+00:00,185
vehicle_positions_02_024533.parquet,OK,34197,779,False,False,,0,2026-05-15T02:45:33.113100+00:00,2026-05-15T02:45:33.113100+00:00,185
vehicle_positions_02_024604.parquet,OK,34022,773,False,False,,0,2026-05-15T02:46:03.949855+00:00,2026-05-15T02:46:03.949855+00:00,185
vehicle_positions_02_024635.parquet,OK,34036,771,False,False,,0,2026-05-15T02:46:34.743576+00:00,2026-05-15T02:46:34.743576+00:00,185
vehicle_positions_02_024706.parquet,OK,34067,770,False,False,,0,2026-05-15T02:47:05.559500+00:00,2026-05-15T02:47:05.559500+00:00,185
vehicle_positions_02_024737.parquet,OK,33899,770,False,False,,0,2026-05-15T02:47:36.790202+00:00,2026-05-15T02:47:36.790202+00:00,186
vehicle_positions_02_024808.parquet,OK,33981,771,False,False,,0,2026-05-15T02:48:07.703602+00:00,2026-05-15T02:48:07.703602+00:00,186
vehicle_positions_02_024838.parquet,OK,33857,766,False,False,,0,2026-05-15T02:48:38.413092+00:00,2026-05-15T02:48:38.413092+00:00,185
vehicle_positions_02_024909.parquet,OK,33792,766,False,False,,0,2026-05-15T02:49:09.133464+00:00,2026-05-15T02:49:09.133464+00:00,184
vehicle_positions_02_024940.parquet,OK,33759,765,False,False,,0,2026-05-15T02:49:39.914494+00:00,2026-05-15T02:49:39.914494+00:00,183
vehicle_positions_02_025011.parquet,OK,33610,764,False,False,,0,2026-05-15T02:50:10.726797+00:00,2026-05-15T02:50:10.726797+00:00,182
vehicle_positions_02_025042.parquet,OK,33512,759,False,False,,0,2026-05-15T02:50:41.510489+00:00,2026-05-15T02:50:41.510489+00:00,181
vehicle_positions_02_025112.parquet,OK,33404,756,False,False,,0,2026-05-15T02:51:12.270423+00:00,2026-05-15T02:51:12.270423+00:00,181
vehicle_positions_02_025143.parquet,OK,33304,754,False,False,,0,2026-05-15T02:51:43.070222+00:00,2026-05-15T02:51:43.070222+00:00,181
vehicle_positions_02_025214.parquet,OK,33312,753,False,False,,0,2026-05-15T02:52:14.020670+00:00,2026-05-15T02:52:14.020670+00:00,182
vehicle_positions_02_025245.parquet,OK,33383,750,False,False,,0,2026-05-15T02:52:44.947441+00:00,2026-05-15T02:52:44.947441+00:00,182
vehicle_positions_02_025316.parquet,OK,33285,749,False,False,,0,2026-05-15T02:53:15.823238+00:00,2026-05-15T02:53:15.823238+00:00,182
vehicle_positions_02_025347.parquet,OK,32995,744,False,False,,0,2026-05-15T02:53:46.569643+00:00,2026-05-15T02:53:46.569643+00:00,180
vehicle_positions_02_025418.parquet,OK,33082,742,False,False,,0,2026-05-15T02:54:17.533174+00:00,2026-05-15T02:54:17.533174+00:00,179
vehicle_positions_02_025448.parquet,OK,32954,741,False,False,,0,2026-05-15T02:54:48.324038+00:00,2026-05-15T02:54:48.324038+00:00,178
vehicle_positions_02_025519.parquet,OK,32843,738,False,False,,0,2026-05-15T02:55:19.096971+00:00,2026-05-15T02:55:19.096971+00:00,177
vehicle_positions_02_025550.parquet,OK,32813,737,False,False,,0,2026-05-15T02:55:50.019339+00:00,2026-05-15T02:55:50.019339+00:00,176
vehicle_positions_02_025621.parquet,OK,32714,734,False,False,,0,2026-05-15T02:56:20.842360+00:00,2026-05-15T02:56:20.842360+00:00,176
vehicle_positions_02_025652.parquet,OK,32619,731,False,False,,0,2026-05-15T02:56:51.716439+00:00,2026-05-15T02:56:51.716439+00:00,176
vehicle_positions_02_025723.parquet,OK,32490,730,False,False,,0,2026-05-15T02:57:22.532536+00:00,2026-05-15T02:57:22.532536+00:00,177
vehicle_positions_02_025824.parquet,OK,32282,727,False,False,,0,2026-05-15T02:58:23.560453+00:00,2026-05-15T02:58:23.560453+00:00,176
vehicle_positions_02_025855.parquet,OK,32312,725,False,False,,0,2026-05-15T02:58:54.647666+00:00,2026-05-15T02:58:54.647666+00:00,177
vehicle_positions_02_025926.parquet,OK,32213,723,False,False,,0,2026-05-15T02:59:25.723524+00:00,2026-05-15T02:59:25.723524+00:00,176
vehicle_positions_02_025957.parquet,OK,32016,718,False,False,,0,2026-05-15T02:59:56.583013+00:00,2026-05-15T02:59:56.583013+00:00,175
vehicle_positions_03_030028.parquet,OK,31902,716,False,False,,0,2026-05-15T03:00:27.522079+00:00,2026-05-15T03:00:27.522079+00:00,172
vehicle_positions_03_030058.parquet,OK,31920,715,False,False,,0,2026-05-15T03:00:58.489419+00:00,2026-05-15T03:00:58.489419+00:00,173
vehicle_positions_03_030129.parquet,OK,31936,713,False,False,,0,2026-05-15T03:01:29.259582+00:00,2026-05-15T03:01:29.259582+00:00,173
vehicle_positions_03_030200.parquet,OK,31918,713,False,False,,0,2026-05-15T03:02:00.025230+00:00,2026-05-15T03:02:00.025230+00:00,173
vehicle_positions_03_030231.parquet,OK,31715,712,False,False,,0,2026-05-15T03:02:30.825608+00:00,2026-05-15T03:02:30.825608+00:00,172
vehicle_positions_03_030302.parquet,OK,31644,710,False,False,,0,2026-05-15T03:03:01.671156+00:00,2026-05-15T03:03:01.671156+00:00,172
vehicle_positions_03_030332.parquet,OK,31703,711,False,False,,0,2026-05-15T03:03:32.488383+00:00,2026-05-15T03:03:32.488383+00:00,171
vehicle_positions_03_030709.parquet,OK,31879,711,False,False,,0,2026-05-15T03:07:08.351533+00:00,2026-05-15T03:07:08.351533+00:00,170
vehicle_positions_13_135117.parquet,OK,40473,973,False,False,,0,2026-05-15T13:51:16.243610+00:00,2026-05-15T13:51:16.243610+00:00,193
vehicle_positions_13_135203.parquet,OK,40585,975,False,False,,0,2026-05-15T13:52:03.336985+00:00,2026-05-15T13:52:03.336985+00:00,193
vehicle_positions_13_135235.parquet,OK,40328,975,False,False,,0,2026-05-15T13:52:34.608997+00:00,2026-05-15T13:52:34.608997+00:00,193
vehicle_positions_13_135305.parquet,OK,40478,979,False,False,,0,2026-05-15T13:53:05.389551+00:00,2026-05-15T13:53:05.389551+00:00,193
vehicle_positions_13_135336.parquet,OK,40357,975,False,False,,0,2026-05-15T13:53:36.194837+00:00,2026-05-15T13:53:36.194837+00:00,193
vehicle_positions_13_135407.parquet,OK,40489,977,False,False,,0,2026-05-15T13:54:07.091514+00:00,2026-05-15T13:54:07.091514+00:00,193
vehicle_positions_13_135438.parquet,OK,40412,973,False,False,,0,2026-05-15T13:54:37.820669+00:00,2026-05-15T13:54:37.820669+00:00,193
vehicle_positions_13_135509.parquet,OK,40464,974,False,False,,0,2026-05-15T13:55:08.580003+00:00,2026-05-15T13:55:08.580003+00:00,193
vehicle_positions_13_135539.parquet,OK,40566,982,False,False,,0,2026-05-15T13:55:39.444702+00:00,2026-05-15T13:55:39.444702+00:00,194
vehicle_positions_13_135610.parquet,OK,40590,980,False,False,,0,2026-05-15T13:56:10.277685+00:00,2026-05-15T13:56:10.277685+00:00,193
vehicle_positions_13_135641.parquet,OK,40881,986,False,False,,0,2026-05-15T13:56:41.042631+00:00,2026-05-15T13:56:41.042631+00:00,192
vehicle_positions_13_135712.parquet,OK,40929,992,False,False,,0,2026-05-15T13:57:12.072214+00:00,2026-05-15T13:57:12.072214+00:00,192
vehicle_positions_13_135743.parquet,OK,41047,994,False,False,,0,2026-05-15T13:57:43.005475+00:00,2026-05-15T13:57:43.005475+00:00,192
vehicle_positions_13_135814.parquet,OK,41056,995,False,False,,0,2026-05-15T13:58:14.265941+00:00,2026-05-15T13:58:14.265941+00:00,193
vehicle_positions_13_135845.parquet,OK,41132,997,False,False,,0,2026-05-15T13:58:45.140073+00:00,2026-05-15T13:58:45.140073+00:00,193
vehicle_positions_13_135917.parquet,OK,41473,1005,False,False,,0,2026-05-15T13:59:15.924215+00:00,2026-05-15T13:59:15.924215+00:00,193
vehicle_positions_13_135948.parquet,OK,41369,1008,False,False,,0,2026-05-15T13:59:47.508523+00:00,2026-05-15T13:59:47.508523+00:00,191
vehicle_positions_14_140018.parquet,OK,41694,1013,False,False,,0,2026-05-15T14:00:18.356291+00:00,2026-05-15T14:00:18.356291+00:00,191
vehicle_positions_14_140049.parquet,OK,41553,1011,False,False,,0,2026-05-15T14:00:49.200694+00:00,2026-05-15T14:00:49.200694+00:00,191
vehicle_positions_14_140120.parquet,OK,41745,1014,False,False,,0,2026-05-15T14:01:20.107798+00:00,2026-05-15T14:01:20.107798+00:00,191
vehicle_positions_14_140151.parquet,OK,41717,1014,False,False,,0,2026-05-15T14:01:51.060520+00:00,2026-05-15T14:01:51.060520+00:00,191
vehicle_positions_14_140222.parquet,OK,41860,1016,False,False,,0,2026-05-15T14:02:22.019978+00:00,2026-05-15T14:02:22.019978+00:00,192
vehicle_positions_14_140253.parquet,OK,41864,1020,False,False,,0,2026-05-15T14:02:52.838801+00:00,2026-05-15T14:02:52.838801+00:00,193
vehicle_positions_14_140324.parquet,OK,41839,1020,False,False,,0,2026-05-15T14:03:23.720924+00:00,2026-05-15T14:03:23.720924+00:00,193
vehicle_positions_14_140355.parquet,OK,42011,1024,False,False,,0,2026-05-15T14:03:54.657654+00:00,2026-05-15T14:03:54.657654+00:00,193
vehicle_positions_14_140425.parquet,OK,42060,1023,False,False,,0,2026-05-15T14:04:25.470446+00:00,2026-05-15T14:04:25.470446+00:00,193
vehicle_positions_14_140456.parquet,OK,42584,1028,False,False,,0,2026-05-15T14:04:56.235851+00:00,2026-05-15T14:04:56.235851+00:00,193
vehicle_positions_14_140527.parquet,OK,42603,1030,False,False,,0,2026-05-15T14:05:27.144325+00:00,2026-05-15T14:05:27.144325+00:00,193
vehicle_positions_14_140558.parquet,OK,42562,1027,False,False,,0,2026-05-15T14:05:58.084439+00:00,2026-05-15T14:05:58.084439+00:00,193
vehicle_positions_14_140629.parquet,OK,42671,1032,False,False,,0,2026-05-15T14:06:29.332963+00:00,2026-05-15T14:06:29.332963+00:00,192
vehicle_positions_14_140700.parquet,OK,42716,1031,False,False,,0,2026-05-15T14:07:00.188838+00:00,2026-05-15T14:07:00.188838+00:00,191
vehicle_positions_14_140732.parquet,OK,43020,1039,False,False,,0,2026-05-15T14:07:31.376912+00:00,2026-05-15T14:07:31.376912+00:00,192
vehicle_positions_14_140803.parquet,OK,43074,1043,False,False,,0,2026-05-15T14:08:02.533633+00:00,2026-05-15T14:08:02.533633+00:00,193
vehicle_positions_14_140833.parquet,OK,43159,1046,False,False,,0,2026-05-15T14:08:33.448575+00:00,2026-05-15T14:08:33.448575+00:00,194
vehicle_positions_14_140905.parquet,OK,43301,1048,False,False,,0,2026-05-15T14:09:04.391162+00:00,2026-05-15T14:09:04.391162+00:00,193
vehicle_positions_14_140935.parquet,OK,43612,1053,False,False,,0,2026-05-15T14:09:35.339160+00:00,2026-05-15T14:09:35.339160+00:00,193
vehicle_positions_14_141006.parquet,OK,43492,1050,False,False,,0,2026-05-15T14:10:06.174344+00:00,2026-05-15T14:10:06.174344+00:00,192
vehicle_positions_14_141037.parquet,OK,43336,1049,False,False,,0,2026-05-15T14:10:36.919599+00:00,2026-05-15T14:10:36.919599+00:00,192
vehicle_positions_14_141108.parquet,OK,43332,1052,False,False,,0,2026-05-15T14:11:07.806236+00:00,2026-05-15T14:11:07.806236+00:00,192
vehicle_positions_14_141139.parquet,OK,43368,1051,False,False,,0,2026-05-15T14:11:38.741922+00:00,2026-05-15T14:11:38.741922+00:00,193
vehicle_positions_14_141210.parquet,OK,43469,1050,False,False,,0,2026-05-15T14:12:09.727009+00:00,2026-05-15T14:12:09.727009+00:00,193
vehicle_positions_14_141241.parquet,OK,43393,1054,False,False,,0,2026-05-15T14:12:40.631486+00:00,2026-05-15T14:12:40.631486+00:00,194
vehicle_positions_14_141312.parquet,OK,43553,1057,False,False,,0,2026-05-15T14:13:11.695908+00:00,2026-05-15T14:13:11.695908+00:00,195
vehicle_positions_14_141343.parquet,OK,43817,1064,False,False,,0,2026-05-15T14:13:42.479447+00:00,2026-05-15T14:13:42.479447+00:00,195
vehicle_positions_14_141414.parquet,OK,43814,1064,False,False,,0,2026-05-15T14:14:13.509057+00:00,2026-05-15T14:14:13.509057+00:00,195
vehicle_positions_14_141445.parquet,OK,43709,1062,False,False,,0,2026-05-15T14:14:44.463662+00:00,2026-05-15T14:14:44.463662+00:00,196
vehicle_positions_14_141515.parquet,OK,44079,1068,False,False,,0,2026-05-15T14:15:15.355264+00:00,2026-05-15T14:15:15.355264+00:00,196
vehicle_positions_14_141547.parquet,OK,43864,1068,False,False,,0,2026-05-15T14:15:46.221744+00:00,2026-05-15T14:15:46.221744+00:00,196
vehicle_positions_14_141620.parquet,OK,43986,1067,False,False,,0,2026-05-15T14:16:19.545660+00:00,2026-05-15T14:16:19.545660+00:00,196
vehicle_positions_14_141650.parquet,OK,44429,1074,False,False,,0,2026-05-15T14:16:50.480633+00:00,2026-05-15T14:16:50.480633+00:00,196
vehicle_positions_14_141721.parquet,OK,44192,1071,False,False,,0,2026-05-15T14:17:21.344120+00:00,2026-05-15T14:17:21.344120+00:00,196
vehicle_positions_14_141752.parquet,OK,44351,1077,False,False,,0,2026-05-15T14:17:52.216493+00:00,2026-05-15T14:17:52.216493+00:00,196
vehicle_positions_14_141823.parquet,OK,44404,1078,False,False,,0,2026-05-15T14:18:23.143310+00:00,2026-05-15T14:18:23.143310+00:00,195
vehicle_positions_14_141854.parquet,OK,44559,1085,False,False,,0,2026-05-15T14:18:53.926720+00:00,2026-05-15T14:18:53.926720+00:00,195
vehicle_positions_14_141926.parquet,OK,44621,1086,False,False,,0,2026-05-15T14:19:25.940169+00:00,2026-05-15T14:19:25.940169+00:00,195
vehicle_positions_14_141957.parquet,OK,44855,1090,False,False,,0,2026-05-15T14:19:56.938075+00:00,2026-05-15T14:19:56.938075+00:00,195
vehicle_positions_14_142028.parquet,OK,44978,1097,False,False,,0,2026-05-15T14:20:27.764526+00:00,2026-05-15T14:20:27.764526+00:00,195
vehicle_positions_14_142536.parquet,OK,45549,1110,False,False,,0,2026-05-15T14:25:35.251372+00:00,2026-05-15T14:25:35.251372+00:00,194
vehicle_positions_14_142607.parquet,OK,45645,1109,False,False,,0,2026-05-15T14:26:06.876418+00:00,2026-05-15T14:26:06.876418+00:00,195
vehicle_positions_14_142639.parquet,OK,45415,1112,False,False,,0,2026-05-15T14:26:37.753132+00:00,2026-05-15T14:26:37.753132+00:00,195
vehicle_positions_14_142710.parquet,OK,45636,1111,False,False,,0,2026-05-15T14:27:09.554049+00:00,2026-05-15T14:27:09.554049+00:00,195
vehicle_positions_14_142740.parquet,OK,45747,1111,False,False,,0,2026-05-15T14:27:40.379785+00:00,2026-05-15T14:27:40.379785+00:00,195
vehicle_positions_14_142812.parquet,OK,45794,1114,False,False,,0,2026-05-15T14:28:11.729573+00:00,2026-05-15T14:28:11.729573+00:00,195
vehicle_positions_14_142843.parquet,OK,45663,1114,False,False,,0,2026-05-15T14:28:42.552751+00:00,2026-05-15T14:28:42.552751+00:00,195
vehicle_positions_14_142913.parquet,OK,45922,1120,False,False,,0,2026-05-15T14:29:13.328678+00:00,2026-05-15T14:29:13.328678+00:00,195
vehicle_positions_14_142944.parquet,OK,45832,1119,False,False,,0,2026-05-15T14:29:44.129392+00:00,2026-05-15T14:29:44.129392+00:00,195
vehicle_positions_14_143015.parquet,OK,45895,1117,False,False,,0,2026-05-15T14:30:14.947027+00:00,2026-05-15T14:30:14.947027+00:00,195
vehicle_positions_14_143046.parquet,OK,45630,1119,False,False,,0,2026-05-15T14:30:45.861177+00:00,2026-05-15T14:30:45.861177+00:00,195
vehicle_positions_14_143117.parquet,OK,46017,1126,False,False,,0,2026-05-15T14:31:17.333251+00:00,2026-05-15T14:31:17.333251+00:00,194
vehicle_positions_14_143218.parquet,OK,46257,1129,False,False,,0,2026-05-15T14:32:18.114975+00:00,2026-05-15T14:32:18.114975+00:00,195
vehicle_positions_14_143249.parquet,OK,46188,1129,False,False,,0,2026-05-15T14:32:48.956038+00:00,2026-05-15T14:32:48.956038+00:00,195
vehicle_positions_14_143321.parquet,OK,46271,1131,False,False,,0,2026-05-15T14:33:20.415837+00:00,2026-05-15T14:33:20.415837+00:00,195
vehicle_positions_14_143352.parquet,OK,46192,1133,False,False,,0,2026-05-15T14:33:51.585610+00:00,2026-05-15T14:33:51.585610+00:00,195
vehicle_positions_14_143422.parquet,OK,46481,1137,False,False,,0,2026-05-15T14:34:22.484660+00:00,2026-05-15T14:34:22.484660+00:00,194
vehicle_positions_14_143453.parquet,OK,46387,1137,False,False,,0,2026-05-15T14:34:53.333067+00:00,2026-05-15T14:34:53.333067+00:00,194
vehicle_positions_14_143525.parquet,OK,46560,1140,False,False,,0,2026-05-15T14:35:24.458273+00:00,2026-05-15T14:35:24.458273+00:00,195
vehicle_positions_14_143555.parquet,OK,46458,1139,False,False,,0,2026-05-15T14:35:55.329123+00:00,2026-05-15T14:35:55.329123+00:00,195
vehicle_positions_14_143626.parquet,OK,46697,1143,False,False,,0,2026-05-15T14:36:26.165715+00:00,2026-05-15T14:36:26.165715+00:00,194
vehicle_positions_14_143658.parquet,OK,46468,1143,False,False,,0,2026-05-15T14:36:57.726893+00:00,2026-05-15T14:36:57.726893+00:00,194
vehicle_positions_14_143729.parquet,OK,46622,1149,False,False,,0,2026-05-15T14:37:28.582195+00:00,2026-05-15T14:37:28.582195+00:00,195
vehicle_positions_14_145720.parquet,OK,47361,1167,False,False,,0,2026-05-15T14:57:19.633473+00:00,2026-05-15T14:57:19.633473+00:00,199
vehicle_positions_14_145751.parquet,OK,47340,1170,False,False,,0,2026-05-15T14:57:50.619780+00:00,2026-05-15T14:57:50.619780+00:00,198
vehicle_positions_14_145822.parquet,OK,47377,1172,False,False,,0,2026-05-15T14:58:21.891676+00:00,2026-05-15T14:58:21.891676+00:00,199
vehicle_positions_14_145853.parquet,OK,47553,1175,False,False,,0,2026-05-15T14:58:52.802961+00:00,2026-05-15T14:58:52.802961+00:00,199
vehicle_positions_14_145924.parquet,OK,47656,1178,False,False,,0,2026-05-15T14:59:23.758033+00:00,2026-05-15T14:59:23.758033+00:00,199
vehicle_positions_14_145955.parquet,OK,47777,1183,False,False,,0,2026-05-15T14:59:54.547226+00:00,2026-05-15T14:59:54.547226+00:00,199
vehicle_positions_15_150026.parquet,OK,47833,1180,False,False,,0,2026-05-15T15:00:25.701192+00:00,2026-05-15T15:00:25.701192+00:00,199
vehicle_positions_15_150057.parquet,OK,47853,1181,False,False,,0,2026-05-15T15:00:56.672477+00:00,2026-05-15T15:00:56.672477+00:00,198
vehicle_positions_15_150128.parquet,OK,47837,1183,False,False,,0,2026-05-15T15:01:27.869552+00:00,2026-05-15T15:01:27.869552+00:00,198
vehicle_positions_15_150159.parquet,OK,47981,1185,False,False,,0,2026-05-15T15:01:58.692698+00:00,2026-05-15T15:01:58.692698+00:00,198
vehicle_positions_15_150911.parquet,OK,48100,1185,False,False,,0,2026-05-15T15:09:08.945604+00:00,2026-05-15T15:09:08.945604+00:00,195
vehicle_positions_15_150942.parquet,OK,48078,1188,False,False,,0,2026-05-15T15:09:41.831761+00:00,2026-05-15T15:09:41.831761+00:00,196
vehicle_positions_15_151013.parquet,OK,48079,1184,False,False,,0,2026-05-15T15:10:12.595406+00:00,2026-05-15T15:10:12.595406+00:00,196
vehicle_positions_15_151044.parquet,OK,47968,1184,False,False,,0,2026-05-15T15:10:43.655018+00:00,2026-05-15T15:10:43.655018+00:00,196
vehicle_positions_15_151115.parquet,OK,47949,1183,False,False,,0,2026-05-15T15:11:14.561323+00:00,2026-05-15T15:11:14.561323+00:00,196
vehicle_positions_15_151146.parquet,OK,47883,1182,False,False,,0,2026-05-15T15:11:45.834323+00:00,2026-05-15T15:11:45.834323+00:00,196
vehicle_positions_15_151217.parquet,OK,47886,1184,False,False,,0,2026-05-15T15:12:16.864496+00:00,2026-05-15T15:12:16.864496+00:00,196
vehicle_positions_15_151248.parquet,OK,48005,1184,False,False,,0,2026-05-15T15:12:47.708519+00:00,2026-05-15T15:12:47.708519+00:00,197
vehicle_positions_15_151319.parquet,OK,47946,1184,False,False,,0,2026-05-15T15:13:18.662190+00:00,2026-05-15T15:13:18.662190+00:00,198
vehicle_positions_15_151350.parquet,OK,47981,1185,False,False,,0,2026-05-15T15:13:49.587331+00:00,2026-05-15T15:13:49.587331+00:00,199
vehicle_positions_15_151420.parquet,OK,47938,1184,False,False,,0,2026-05-15T15:14:20.467360+00:00,2026-05-15T15:14:20.467360+00:00,199
vehicle_positions_15_151451.parquet,OK,47820,1181,False,False,,0,2026-05-15T15:14:51.299487+00:00,2026-05-15T15:14:51.299487+00:00,199
vehicle_positions_15_151522.parquet,OK,47836,1183,False,False,,0,2026-05-15T15:15:22.111009+00:00,2026-05-15T15:15:22.111009+00:00,199
vehicle_positions_15_151553.parquet,OK,47910,1185,False,False,,0,2026-05-15T15:15:53.195302+00:00,2026-05-15T15:15:53.195302+00:00,199
vehicle_positions_15_151624.parquet,OK,47903,1183,False,False,,0,2026-05-15T15:16:24.271144+00:00,2026-05-15T15:16:24.271144+00:00,199
vehicle_positions_15_151655.parquet,OK,47900,1184,False,False,,0,2026-05-15T15:16:55.078500+00:00,2026-05-15T15:16:55.078500+00:00,199
vehicle_positions_15_151726.parquet,OK,47461,1176,False,False,,0,2026-05-15T15:17:26.155426+00:00,2026-05-15T15:17:26.155426+00:00,199
vehicle_positions_15_151757.parquet,OK,47873,1178,False,False,,0,2026-05-15T15:17:57.132142+00:00,2026-05-15T15:17:57.132142+00:00,199
vehicle_positions_15_151828.parquet,OK,47888,1177,False,False,,0,2026-05-15T15:18:27.994972+00:00,2026-05-15T15:18:27.994972+00:00,199
vehicle_positions_15_151859.parquet,OK,47868,1180,False,False,,0,2026-05-15T15:18:58.867906+00:00,2026-05-15T15:18:58.867906+00:00,199
vehicle_positions_15_151930.parquet,OK,47779,1180,False,False,,0,2026-05-15T15:19:29.765884+00:00,2026-05-15T15:19:29.765884+00:00,199
vehicle_positions_15_152002.parquet,OK,47683,1180,False,False,,0,2026-05-15T15:20:00.907547+00:00,2026-05-15T15:20:00.907547+00:00,199
vehicle_positions_15_152033.parquet,OK,47811,1181,False,False,,0,2026-05-15T15:20:32.437411+00:00,2026-05-15T15:20:32.437411+00:00,199
vehicle_positions_15_152103.parquet,OK,47677,1180,False,False,,0,2026-05-15T15:21:03.331848+00:00,2026-05-15T15:21:03.331848+00:00,199
vehicle_positions_15_152135.parquet,OK,47750,1184,False,False,,0,2026-05-15T15:21:34.352337+00:00,2026-05-15T15:21:34.352337+00:00,199
vehicle_positions_15_152205.parquet,OK,47829,1184,False,False,,0,2026-05-15T15:22:05.437780+00:00,2026-05-15T15:22:05.437780+00:00,198
vehicle_positions_15_152236.parquet,OK,47545,1181,False,False,,0,2026-05-15T15:22:36.239936+00:00,2026-05-15T15:22:36.239936+00:00,198
vehicle_positions_15_152307.parquet,OK,47530,1179,False,False,,0,2026-05-15T15:23:07.055551+00:00,2026-05-15T15:23:07.055551+00:00,198
vehicle_positions_15_152338.parquet,OK,47640,1178,False,False,,0,2026-05-15T15:23:37.887064+00:00,2026-05-15T15:23:37.887064+00:00,198
vehicle_positions_15_152409.parquet,OK,47512,1176,False,False,,0,2026-05-15T15:24:09.103281+00:00,2026-05-15T15:24:09.103281+00:00,198
vehicle_positions_15_152440.parquet,OK,47524,1175,False,False,,0,2026-05-15T15:24:39.921214+00:00,2026-05-15T15:24:39.921214+00:00,198
vehicle_positions_15_152511.parquet,OK,47453,1174,False,False,,0,2026-05-15T15:25:10.981513+00:00,2026-05-15T15:25:10.981513+00:00,198
vehicle_positions_15_152542.parquet,OK,47565,1171,False,False,,0,2026-05-15T15:25:41.866252+00:00,2026-05-15T15:25:41.866252+00:00,197
vehicle_positions_15_152614.parquet,OK,47349,1168,False,False,,0,2026-05-15T15:26:13.529642+00:00,2026-05-15T15:26:13.529642+00:00,196
vehicle_positions_15_152645.parquet,OK,47278,1167,False,False,,0,2026-05-15T15:26:44.580179+00:00,2026-05-15T15:26:44.580179+00:00,197
vehicle_positions_15_152715.parquet,OK,47355,1168,False,False,,0,2026-05-15T15:27:15.458146+00:00,2026-05-15T15:27:15.458146+00:00,197
vehicle_positions_15_152747.parquet,OK,47287,1165,False,False,,0,2026-05-15T15:27:46.317769+00:00,2026-05-15T15:27:46.317769+00:00,197
vehicle_positions_15_152818.parquet,OK,47161,1164,False,False,,0,2026-05-15T15:28:17.737646+00:00,2026-05-15T15:28:17.737646+00:00,196
vehicle_positions_15_152849.parquet,OK,47146,1161,False,False,,0,2026-05-15T15:28:48.618653+00:00,2026-05-15T15:28:48.618653+00:00,195
vehicle_positions_15_152920.parquet,OK,47120,1158,False,False,,0,2026-05-15T15:29:19.579158+00:00,2026-05-15T15:29:19.579158+00:00,195
vehicle_positions_15_152951.parquet,OK,47020,1156,False,False,,0,2026-05-15T15:29:50.671477+00:00,2026-05-15T15:29:50.671477+00:00,196
vehicle_positions_15_153022.parquet,OK,46689,1154,False,False,,0,2026-05-15T15:30:21.567018+00:00,2026-05-15T15:30:21.567018+00:00,196
vehicle_positions_15_153053.parquet,OK,46822,1156,False,False,,0,2026-05-15T15:30:52.515147+00:00,2026-05-15T15:30:52.515147+00:00,196
vehicle_positions_15_153124.parquet,OK,46861,1154,False,False,,0,2026-05-15T15:31:24.253211+00:00,2026-05-15T15:31:24.253211+00:00,196
vehicle_positions_15_153155.parquet,OK,46857,1153,False,False,,0,2026-05-15T15:31:55.031058+00:00,2026-05-15T15:31:55.031058+00:00,196
vehicle_positions_15_153226.parquet,OK,46817,1153,False,False,,0,2026-05-15T15:32:25.972298+00:00,2026-05-15T15:32:25.972298+00:00,196
vehicle_positions_15_153257.parquet,OK,46964,1156,False,False,,0,2026-05-15T15:32:56.889679+00:00,2026-05-15T15:32:56.889679+00:00,195
vehicle_positions_15_153328.parquet,OK,47026,1158,False,False,,0,2026-05-15T15:33:27.721832+00:00,2026-05-15T15:33:27.721832+00:00,195
vehicle_positions_15_153359.parquet,OK,47035,1156,False,False,,0,2026-05-15T15:33:58.572442+00:00,2026-05-15T15:33:58.572442+00:00,195
vehicle_positions_15_153430.parquet,OK,47059,1156,False,False,,0,2026-05-15T15:34:29.588052+00:00,2026-05-15T15:34:29.588052+00:00,195
vehicle_positions_15_153501.parquet,OK,46955,1151,False,False,,0,2026-05-15T15:35:00.517845+00:00,2026-05-15T15:35:00.517845+00:00,194
vehicle_positions_15_153532.parquet,OK,46940,1152,False,False,,0,2026-05-15T15:35:31.332091+00:00,2026-05-15T15:35:31.332091+00:00,194
vehicle_positions_15_153602.parquet,OK,46806,1152,False,False,,0,2026-05-15T15:36:02.361938+00:00,2026-05-15T15:36:02.361938+00:00,193
vehicle_positions_15_153634.parquet,OK,46861,1152,False,False,,0,2026-05-15T15:36:33.424336+00:00,2026-05-15T15:36:33.424336+00:00,193
vehicle_positions_15_153704.parquet,OK,47042,1153,False,False,,0,2026-05-15T15:37:04.281992+00:00,2026-05-15T15:37:04.281992+00:00,193
vehicle_positions_15_153735.parquet,OK,46668,1147,False,False,,0,2026-05-15T15:37:35.319150+00:00,2026-05-15T15:37:35.319150+00:00,192
vehicle_positions_15_153806.parquet,OK,46732,1147,False,False,,0,2026-05-15T15:38:06.146812+00:00,2026-05-15T15:38:06.146812+00:00,192
vehicle_positions_15_153837.parquet,OK,46699,1145,False,False,,0,2026-05-15T15:38:37.034252+00:00,2026-05-15T15:38:37.034252+00:00,190
vehicle_positions_15_153908.parquet,OK,46845,1146,False,False,,0,2026-05-15T15:39:07.892576+00:00,2026-05-15T15:39:07.892576+00:00,189
vehicle_positions_15_153939.parquet,OK,46657,1143,False,False,,0,2026-05-15T15:39:38.847532+00:00,2026-05-15T15:39:38.847532+00:00,190
vehicle_positions_15_154010.parquet,OK,46775,1145,False,False,,0,2026-05-15T15:40:09.672875+00:00,2026-05-15T15:40:09.672875+00:00,190
vehicle_positions_15_154041.parquet,OK,46701,1146,False,False,,0,2026-05-15T15:40:40.543239+00:00,2026-05-15T15:40:40.543239+00:00,191
vehicle_positions_15_154111.parquet,OK,46620,1147,False,False,,0,2026-05-15T15:41:11.396490+00:00,2026-05-15T15:41:11.396490+00:00,190
vehicle_positions_15_154142.parquet,OK,46710,1146,False,False,,0,2026-05-15T15:41:42.180504+00:00,2026-05-15T15:41:42.180504+00:00,190
vehicle_positions_15_154213.parquet,OK,46469,1142,False,False,,0,2026-05-15T15:42:12.963979+00:00,2026-05-15T15:42:12.963979+00:00,190
vehicle_positions_15_154245.parquet,OK,46482,1142,False,False,,0,2026-05-15T15:42:44.248582+00:00,2026-05-15T15:42:44.248582+00:00,190
vehicle_positions_15_154315.parquet,OK,46788,1146,False,False,,0,2026-05-15T15:43:15.331417+00:00,2026-05-15T15:43:15.331417+00:00,193
vehicle_positions_15_154346.parquet,OK,46580,1142,False,False,,0,2026-05-15T15:43:46.147673+00:00,2026-05-15T15:43:46.147673+00:00,193
vehicle_positions_15_154417.parquet,OK,46304,1137,False,False,,0,2026-05-15T15:44:17.346158+00:00,2026-05-15T15:44:17.346158+00:00,192
vehicle_positions_15_154448.parquet,OK,46307,1134,False,False,,0,2026-05-15T15:44:48.303987+00:00,2026-05-15T15:44:48.303987+00:00,192
vehicle_positions_15_154519.parquet,OK,46233,1132,False,False,,0,2026-05-15T15:45:19.292971+00:00,2026-05-15T15:45:19.292971+00:00,192
vehicle_positions_15_154550.parquet,OK,46095,1135,False,False,,0,2026-05-15T15:45:50.218366+00:00,2026-05-15T15:45:50.218366+00:00,192
vehicle_positions_15_154621.parquet,OK,46212,1134,False,False,,0,2026-05-15T15:46:21.045046+00:00,2026-05-15T15:46:21.045046+00:00,192
vehicle_positions_15_154652.parquet,OK,46273,1135,False,False,,0,2026-05-15T15:46:51.999925+00:00,2026-05-15T15:46:51.999925+00:00,192
vehicle_positions_15_154723.parquet,OK,46379,1134,False,False,,0,2026-05-15T15:47:22.851679+00:00,2026-05-15T15:47:22.851679+00:00,192
vehicle_positions_15_154754.parquet,OK,46214,1133,False,False,,0,2026-05-15T15:47:53.638325+00:00,2026-05-15T15:47:53.638325+00:00,192
vehicle_positions_15_154824.parquet,OK,46298,1133,False,False,,0,2026-05-15T15:48:24.476458+00:00,2026-05-15T15:48:24.476458+00:00,192
vehicle_positions_15_154855.parquet,OK,46352,1133,False,False,,0,2026-05-15T15:48:55.312482+00:00,2026-05-15T15:48:55.312482+00:00,192
vehicle_positions_15_154927.parquet,OK,46441,1135,False,False,,0,2026-05-15T15:49:26.332909+00:00,2026-05-15T15:49:26.332909+00:00,192
vehicle_positions_15_154957.parquet,OK,46324,1133,False,False,,0,2026-05-15T15:49:57.354312+00:00,2026-05-15T15:49:57.354312+00:00,192
vehicle_positions_15_155028.parquet,OK,46008,1133,False,False,,0,2026-05-15T15:50:28.221936+00:00,2026-05-15T15:50:28.221936+00:00,192
vehicle_positions_15_155059.parquet,OK,46108,1127,False,False,,0,2026-05-15T15:50:59.198733+00:00,2026-05-15T15:50:59.198733+00:00,192
vehicle_positions_15_155130.parquet,OK,46156,1128,False,False,,0,2026-05-15T15:51:30.170854+00:00,2026-05-15T15:51:30.170854+00:00,192
vehicle_positions_15_155202.parquet,OK,46210,1128,False,False,,0,2026-05-15T15:52:00.974844+00:00,2026-05-15T15:52:00.974844+00:00,192
vehicle_positions_15_155233.parquet,OK,46195,1129,False,False,,0,2026-05-15T15:52:32.499826+00:00,2026-05-15T15:52:32.499826+00:00,192
vehicle_positions_15_155304.parquet,OK,46230,1127,False,False,,0,2026-05-15T15:53:03.584466+00:00,2026-05-15T15:53:03.584466+00:00,192
vehicle_positions_15_155335.parquet,OK,45873,1122,False,False,,0,2026-05-15T15:53:35.041094+00:00,2026-05-15T15:53:35.041094+00:00,192
vehicle_positions_15_155406.parquet,OK,46003,1122,False,False,,0,2026-05-15T15:54:05.893007+00:00,2026-05-15T15:54:05.893007+00:00,192
vehicle_positions_15_155437.parquet,OK,45751,1121,False,False,,0,2026-05-15T15:54:36.803444+00:00,2026-05-15T15:54:36.803444+00:00,192
vehicle_positions_15_155508.parquet,OK,45815,1121,False,False,,0,2026-05-15T15:55:07.710596+00:00,2026-05-15T15:55:07.710596+00:00,192
vehicle_positions_15_155539.parquet,OK,45813,1120,False,False,,0,2026-05-15T15:55:38.500014+00:00,2026-05-15T15:55:38.500014+00:00,192
vehicle_positions_15_155609.parquet,OK,45621,1117,False,False,,0,2026-05-15T15:56:09.472139+00:00,2026-05-15T15:56:09.472139+00:00,191
vehicle_positions_15_155640.parquet,OK,45543,1115,False,False,,0,2026-05-15T15:56:40.365872+00:00,2026-05-15T15:56:40.365872+00:00,191
vehicle_positions_15_155711.parquet,OK,45490,1109,False,False,,0,2026-05-15T15:57:11.167641+00:00,2026-05-15T15:57:11.167641+00:00,191
vehicle_positions_15_155742.parquet,OK,45337,1105,False,False,,0,2026-05-15T15:57:41.973774+00:00,2026-05-15T15:57:41.973774+00:00,191
vehicle_positions_15_155813.parquet,OK,45238,1102,False,False,,0,2026-05-15T15:58:12.827195+00:00,2026-05-15T15:58:12.827195+00:00,191
vehicle_positions_15_155844.parquet,OK,44903,1095,False,False,,0,2026-05-15T15:58:43.642042+00:00,2026-05-15T15:58:43.642042+00:00,191
vehicle_positions_15_155915.parquet,OK,44926,1096,False,False,,0,2026-05-15T15:59:14.496604+00:00,2026-05-15T15:59:14.496604+00:00,192
vehicle_positions_15_155945.parquet,OK,44946,1095,False,False,,0,2026-05-15T15:59:45.411895+00:00,2026-05-15T15:59:45.411895+00:00,190
vehicle_positions_16_160017.parquet,OK,44824,1091,False,False,,0,2026-05-15T16:00:16.338206+00:00,2026-05-15T16:00:16.338206+00:00,190
vehicle_positions_16_160047.parquet,OK,44769,1090,False,False,,0,2026-05-15T16:00:47.413045+00:00,2026-05-15T16:00:47.413045+00:00,190
vehicle_positions_16_160118.parquet,OK,44887,1091,False,False,,0,2026-05-15T16:01:18.200487+00:00,2026-05-15T16:01:18.200487+00:00,190
vehicle_positions_16_160149.parquet,OK,44755,1090,False,False,,0,2026-05-15T16:01:49.041286+00:00,2026-05-15T16:01:49.041286+00:00,190
vehicle_positions_16_160220.parquet,OK,44634,1088,False,False,,0,2026-05-15T16:02:19.819680+00:00,2026-05-15T16:02:19.819680+00:00,190
vehicle_positions_16_160251.parquet,OK,44682,1088,False,False,,0,2026-05-15T16:02:50.619535+00:00,2026-05-15T16:02:50.619535+00:00,190
vehicle_positions_16_160321.parquet,OK,44649,1086,False,False,,0,2026-05-15T16:03:21.489871+00:00,2026-05-15T16:03:21.489871+00:00,190
vehicle_positions_16_160352.parquet,OK,44518,1083,False,False,,0,2026-05-15T16:03:52.383022+00:00,2026-05-15T16:03:52.383022+00:00,190
vehicle_positions_16_160423.parquet,OK,44449,1084,False,False,,0,2026-05-15T16:04:23.321961+00:00,2026-05-15T16:04:23.321961+00:00,190
vehicle_positions_16_160454.parquet,OK,44327,1080,False,False,,0,2026-05-15T16:04:54.325534+00:00,2026-05-15T16:04:54.325534+00:00,190
vehicle_positions_16_160525.parquet,OK,44396,1082,False,False,,0,2026-05-15T16:05:25.179037+00:00,2026-05-15T16:05:25.179037+00:00,191
vehicle_positions_16_160556.parquet,OK,44268,1084,False,False,,0,2026-05-15T16:05:56.278716+00:00,2026-05-15T16:05:56.278716+00:00,191
vehicle_positions_16_160627.parquet,OK,44264,1085,False,False,,0,2026-05-15T16:06:27.236079+00:00,2026-05-15T16:06:27.236079+00:00,191
vehicle_positions_16_160658.parquet,OK,44237,1077,False,False,,0,2026-05-15T16:06:58.089408+00:00,2026-05-15T16:06:58.089408+00:00,190
vehicle_positions_16_160729.parquet,OK,44192,1075,False,False,,0,2026-05-15T16:07:28.924806+00:00,2026-05-15T16:07:28.924806+00:00,190
vehicle_positions_16_160800.parquet,OK,43945,1071,False,False,,0,2026-05-15T16:07:59.737151+00:00,2026-05-15T16:07:59.737151+00:00,189
vehicle_positions_16_160831.parquet,OK,44024,1067,False,False,,0,2026-05-15T16:08:30.568174+00:00,2026-05-15T16:08:30.568174+00:00,189
vehicle_positions_16_160901.parquet,OK,43652,1063,False,False,,0,2026-05-15T16:09:01.405912+00:00,2026-05-15T16:09:01.405912+00:00,189
vehicle_positions_16_160932.parquet,OK,43561,1061,False,False,,0,2026-05-15T16:09:32.348728+00:00,2026-05-15T16:09:32.348728+00:00,189
vehicle_positions_16_161003.parquet,OK,43224,1051,False,False,,0,2026-05-15T16:10:03.267164+00:00,2026-05-15T16:10:03.267164+00:00,189
vehicle_positions_16_161034.parquet,OK,42763,1043,False,False,,0,2026-05-15T16:10:34.023599+00:00,2026-05-15T16:10:34.023599+00:00,188
vehicle_positions_16_161105.parquet,OK,43194,1047,False,False,,0,2026-05-15T16:11:04.919178+00:00,2026-05-15T16:11:04.919178+00:00,188
vehicle_positions_16_161136.parquet,OK,43000,1046,False,False,,0,2026-05-15T16:11:35.796012+00:00,2026-05-15T16:11:35.796012+00:00,189
vehicle_positions_16_161207.parquet,OK,42968,1043,False,False,,0,2026-05-15T16:12:06.632611+00:00,2026-05-15T16:12:06.632611+00:00,189
vehicle_positions_16_161238.parquet,OK,43014,1044,False,False,,0,2026-05-15T16:12:37.540645+00:00,2026-05-15T16:12:37.540645+00:00,189
vehicle_positions_16_161309.parquet,OK,42941,1048,False,False,,0,2026-05-15T16:13:08.534438+00:00,2026-05-15T16:13:08.534438+00:00,189
vehicle_positions_16_161339.parquet,OK,43159,1047,False,False,,0,2026-05-15T16:13:39.249604+00:00,2026-05-15T16:13:39.249604+00:00,188
vehicle_positions_16_161410.parquet,OK,43105,1048,False,False,,0,2026-05-15T16:14:10.129971+00:00,2026-05-15T16:14:10.129971+00:00,189
vehicle_positions_16_161441.parquet,OK,43241,1049,False,False,,0,2026-05-15T16:14:40.887008+00:00,2026-05-15T16:14:40.887008+00:00,189
vehicle_positions_16_161512.parquet,OK,43366,1052,False,False,,0,2026-05-15T16:15:11.767035+00:00,2026-05-15T16:15:11.767035+00:00,189
vehicle_positions_16_161543.parquet,OK,43284,1049,False,False,,0,2026-05-15T16:15:42.634130+00:00,2026-05-15T16:15:42.634130+00:00,189
vehicle_positions_16_161614.parquet,OK,43021,1046,False,False,,0,2026-05-15T16:16:13.536574+00:00,2026-05-15T16:16:13.536574+00:00,189
vehicle_positions_16_161644.parquet,OK,43031,1043,False,False,,0,2026-05-15T16:16:44.398965+00:00,2026-05-15T16:16:44.398965+00:00,189
vehicle_positions_16_161715.parquet,OK,43032,1043,False,False,,0,2026-05-15T16:17:15.196391+00:00,2026-05-15T16:17:15.196391+00:00,190
vehicle_positions_16_161746.parquet,OK,42845,1041,False,False,,0,2026-05-15T16:17:46.036017+00:00,2026-05-15T16:17:46.036017+00:00,189
vehicle_positions_16_161817.parquet,OK,42668,1036,False,False,,0,2026-05-15T16:18:16.862245+00:00,2026-05-15T16:18:16.862245+00:00,190
vehicle_positions_16_161848.parquet,OK,42562,1036,False,False,,0,2026-05-15T16:18:47.670348+00:00,2026-05-15T16:18:47.670348+00:00,189
vehicle_positions_16_161919.parquet,OK,42558,1034,False,False,,0,2026-05-15T16:19:18.456501+00:00,2026-05-15T16:19:18.456501+00:00,188
vehicle_positions_16_161949.parquet,OK,42493,1029,False,False,,0,2026-05-15T16:19:49.378507+00:00,2026-05-15T16:19:49.378507+00:00,188
vehicle_positions_16_162020.parquet,OK,42396,1026,False,False,,0,2026-05-15T16:20:20.424243+00:00,2026-05-15T16:20:20.424243+00:00,188
vehicle_positions_16_162052.parquet,OK,42481,1025,False,False,,0,2026-05-15T16:20:51.470416+00:00,2026-05-15T16:20:51.470416+00:00,189
vehicle_positions_16_162122.parquet,OK,41956,1023,False,False,,0,2026-05-15T16:21:22.367308+00:00,2026-05-15T16:21:22.367308+00:00,188
vehicle_positions_16_162153.parquet,OK,41739,1019,False,False,,0,2026-05-15T16:21:53.197228+00:00,2026-05-15T16:21:53.197228+00:00,189
vehicle_positions_16_162224.parquet,OK,41889,1018,False,False,,0,2026-05-15T16:22:24.101658+00:00,2026-05-15T16:22:24.101658+00:00,188
vehicle_positions_16_162255.parquet,OK,41949,1019,False,False,,0,2026-05-15T16:22:54.911064+00:00,2026-05-15T16:22:54.911064+00:00,188
vehicle_positions_16_162326.parquet,OK,41621,1016,False,False,,0,2026-05-15T16:23:25.708750+00:00,2026-05-15T16:23:25.708750+00:00,188
vehicle_positions_16_162357.parquet,OK,41646,1010,False,False,,0,2026-05-15T16:23:56.568365+00:00,2026-05-15T16:23:56.568365+00:00,188
vehicle_positions_16_162428.parquet,OK,41626,1009,False,False,,0,2026-05-15T16:24:27.608486+00:00,2026-05-15T16:24:27.608486+00:00,188
vehicle_positions_16_162458.parquet,OK,41435,1006,False,False,,0,2026-05-15T16:24:58.456769+00:00,2026-05-15T16:24:58.456769+00:00,186
vehicle_positions_16_162529.parquet,OK,41340,1006,False,False,,0,2026-05-15T16:25:29.196842+00:00,2026-05-15T16:25:29.196842+00:00,187
vehicle_positions_16_162600.parquet,OK,41437,1009,False,False,,0,2026-05-15T16:25:59.974073+00:00,2026-05-15T16:25:59.974073+00:00,187
vehicle_positions_16_162631.parquet,OK,41449,1007,False,False,,0,2026-05-15T16:26:30.802059+00:00,2026-05-15T16:26:30.802059+00:00,188
vehicle_positions_16_162702.parquet,OK,41464,1003,False,False,,0,2026-05-15T16:27:01.757964+00:00,2026-05-15T16:27:01.757964+00:00,188
vehicle_positions_16_162733.parquet,OK,41318,1000,False,False,,0,2026-05-15T16:27:32.689227+00:00,2026-05-15T16:27:32.689227+00:00,186
vehicle_positions_16_162804.parquet,OK,41457,1002,False,False,,0,2026-05-15T16:28:03.966200+00:00,2026-05-15T16:28:03.966200+00:00,186
vehicle_positions_16_162835.parquet,OK,41444,1001,False,False,,0,2026-05-15T16:28:34.965939+00:00,2026-05-15T16:28:34.965939+00:00,187
vehicle_positions_16_162906.parquet,OK,41614,1003,False,False,,0,2026-05-15T16:29:06.123619+00:00,2026-05-15T16:29:06.123619+00:00,188
vehicle_positions_16_162937.parquet,OK,41357,998,False,False,,0,2026-05-15T16:29:36.890690+00:00,2026-05-15T16:29:36.890690+00:00,188
vehicle_positions_00_002503.parquet,OK,51613,1310,False,False,,0,2026-05-16T00:25:02.561363+00:00,2026-05-16T00:25:02.561363+00:00,201
vehicle_positions_00_002535.parquet,OK,51723,1307,False,False,,0,2026-05-16T00:25:34.481602+00:00,2026-05-16T00:25:34.481602+00:00,201
vehicle_positions_00_002606.parquet,OK,51688,1305,False,False,,0,2026-05-16T00:26:06.264636+00:00,2026-05-16T00:26:06.264636+00:00,201
vehicle_positions_00_002638.parquet,OK,51532,1305,False,False,,0,2026-05-16T00:26:37.677192+00:00,2026-05-16T00:26:37.677192+00:00,201
vehicle_positions_00_002709.parquet,OK,51628,1307,False,False,,0,2026-05-16T00:27:09.008439+00:00,2026-05-16T00:27:09.008439+00:00,201
vehicle_positions_00_002740.parquet,OK,51315,1304,False,False,,0,2026-05-16T00:27:39.955433+00:00,2026-05-16T00:27:39.955433+00:00,201
vehicle_positions_00_002812.parquet,OK,51672,1307,False,False,,0,2026-05-16T00:28:11.275947+00:00,2026-05-16T00:28:11.275947+00:00,201
vehicle_positions_00_002843.parquet,OK,51419,1304,False,False,,0,2026-05-16T00:28:42.336222+00:00,2026-05-16T00:28:42.336222+00:00,201
vehicle_positions_00_002914.parquet,OK,51440,1306,False,False,,0,2026-05-16T00:29:13.601041+00:00,2026-05-16T00:29:13.601041+00:00,201
vehicle_positions_00_002945.parquet,OK,51553,1305,False,False,,0,2026-05-16T00:29:44.959926+00:00,2026-05-16T00:29:44.959926+00:00,202
vehicle_positions_00_003016.parquet,OK,51196,1298,False,False,,0,2026-05-16T00:30:15.783900+00:00,2026-05-16T00:30:15.783900+00:00,202
vehicle_positions_00_003047.parquet,OK,51297,1299,False,False,,0,2026-05-16T00:30:47.292316+00:00,2026-05-16T00:30:47.292316+00:00,202
vehicle_positions_00_003120.parquet,OK,51494,1302,False,False,,0,2026-05-16T00:31:19.953584+00:00,2026-05-16T00:31:19.953584+00:00,203
vehicle_positions_00_003151.parquet,OK,51222,1302,False,False,,0,2026-05-16T00:31:50.963849+00:00,2026-05-16T00:31:50.963849+00:00,203
vehicle_positions_00_003223.parquet,OK,51230,1301,False,False,,0,2026-05-16T00:32:22.131349+00:00,2026-05-16T00:32:22.131349+00:00,203
vehicle_positions_00_003255.parquet,OK,51164,1300,False,False,,0,2026-05-16T00:32:54.382346+00:00,2026-05-16T00:32:54.382346+00:00,203
vehicle_positions_00_003326.parquet,OK,51192,1299,False,False,,0,2026-05-16T00:33:25.576056+00:00,2026-05-16T00:33:25.576056+00:00,203
vehicle_positions_00_003357.parquet,OK,51292,1299,False,False,,0,2026-05-16T00:33:56.501567+00:00,2026-05-16T00:33:56.501567+00:00,203
vehicle_positions_00_003428.parquet,OK,51458,1303,False,False,,0,2026-05-16T00:34:27.910847+00:00,2026-05-16T00:34:27.910847+00:00,203
vehicle_positions_00_003459.parquet,OK,51750,1305,False,False,,0,2026-05-16T00:34:58.875252+00:00,2026-05-16T00:34:58.875252+00:00,203
vehicle_positions_00_003531.parquet,OK,51566,1306,False,False,,0,2026-05-16T00:35:29.978436+00:00,2026-05-16T00:35:29.978436+00:00,203
vehicle_positions_00_003602.parquet,OK,51568,1306,False,False,,0,2026-05-16T00:36:02.144496+00:00,2026-05-16T00:36:02.144496+00:00,203
vehicle_positions_00_003633.parquet,OK,51569,1306,False,False,,0,2026-05-16T00:36:33.131300+00:00,2026-05-16T00:36:33.131300+00:00,204
vehicle_positions_00_003704.parquet,OK,51512,1305,False,False,,0,2026-05-16T00:37:04.109707+00:00,2026-05-16T00:37:04.109707+00:00,204
vehicle_positions_00_003736.parquet,OK,51409,1303,False,False,,0,2026-05-16T00:37:36.224050+00:00,2026-05-16T00:37:36.224050+00:00,204
vehicle_positions_00_003807.parquet,OK,51443,1305,False,False,,0,2026-05-16T00:38:07.103973+00:00,2026-05-16T00:38:07.103973+00:00,204
vehicle_positions_00_003839.parquet,OK,51608,1306,False,False,,0,2026-05-16T00:38:37.980605+00:00,2026-05-16T00:38:37.980605+00:00,204
vehicle_positions_00_003910.parquet,OK,51356,1303,False,False,,0,2026-05-16T00:39:09.647730+00:00,2026-05-16T00:39:09.647730+00:00,204
vehicle_positions_00_003941.parquet,OK,51355,1301,False,False,,0,2026-05-16T00:39:40.888683+00:00,2026-05-16T00:39:40.888683+00:00,203
vehicle_positions_00_004012.parquet,OK,51146,1298,False,False,,0,2026-05-16T00:40:12.265011+00:00,2026-05-16T00:40:12.265011+00:00,203
vehicle_positions_00_004044.parquet,OK,51423,1299,False,False,,0,2026-05-16T00:40:43.191291+00:00,2026-05-16T00:40:43.191291+00:00,203
vehicle_positions_00_004115.parquet,OK,51222,1297,False,False,,0,2026-05-16T00:41:14.547652+00:00,2026-05-16T00:41:14.547652+00:00,203
vehicle_positions_00_004146.parquet,OK,51399,1296,False,False,,0,2026-05-16T00:41:45.550883+00:00,2026-05-16T00:41:45.550883+00:00,203
vehicle_positions_00_004217.parquet,OK,51255,1294,False,False,,0,2026-05-16T00:42:17.087203+00:00,2026-05-16T00:42:17.087203+00:00,202
vehicle_positions_00_004248.parquet,OK,51004,1290,False,False,,0,2026-05-16T00:42:47.905929+00:00,2026-05-16T00:42:47.905929+00:00,202
vehicle_positions_00_004319.parquet,OK,50701,1287,False,False,,0,2026-05-16T00:43:19.082464+00:00,2026-05-16T00:43:19.082464+00:00,202
vehicle_positions_00_004351.parquet,OK,50879,1285,False,False,,0,2026-05-16T00:43:50.541469+00:00,2026-05-16T00:43:50.541469+00:00,202
vehicle_positions_00_004421.parquet,OK,50823,1281,False,False,,0,2026-05-16T00:44:21.299637+00:00,2026-05-16T00:44:21.299637+00:00,202
vehicle_positions_00_004452.parquet,OK,50630,1280,False,False,,0,2026-05-16T00:44:52.197943+00:00,2026-05-16T00:44:52.197943+00:00,202
vehicle_positions_00_004523.parquet,OK,50860,1283,False,False,,0,2026-05-16T00:45:23.005723+00:00,2026-05-16T00:45:23.005723+00:00,203
vehicle_positions_00_004554.parquet,OK,50755,1282,False,False,,0,2026-05-16T00:45:53.911868+00:00,2026-05-16T00:45:53.911868+00:00,203
vehicle_positions_00_004625.parquet,OK,50639,1279,False,False,,0,2026-05-16T00:46:24.920647+00:00,2026-05-16T00:46:24.920647+00:00,203
vehicle_positions_00_004656.parquet,OK,50666,1280,False,False,,0,2026-05-16T00:46:55.763746+00:00,2026-05-16T00:46:55.763746+00:00,203
vehicle_positions_00_004727.parquet,OK,50930,1281,False,False,,0,2026-05-16T00:47:26.724855+00:00,2026-05-16T00:47:26.724855+00:00,203
vehicle_positions_00_004758.parquet,OK,50673,1280,False,False,,0,2026-05-16T00:47:57.618337+00:00,2026-05-16T00:47:57.618337+00:00,203
vehicle_positions_00_004829.parquet,OK,50628,1278,False,False,,0,2026-05-16T00:48:28.843231+00:00,2026-05-16T00:48:28.843231+00:00,203
vehicle_positions_00_004900.parquet,OK,50541,1275,False,False,,0,2026-05-16T00:48:59.765462+00:00,2026-05-16T00:48:59.765462+00:00,203
vehicle_positions_00_004931.parquet,OK,50806,1276,False,False,,0,2026-05-16T00:49:30.610449+00:00,2026-05-16T00:49:30.610449+00:00,203
vehicle_positions_00_005002.parquet,OK,50458,1276,False,False,,0,2026-05-16T00:50:02.134318+00:00,2026-05-16T00:50:02.134318+00:00,203
vehicle_positions_00_005034.parquet,OK,50542,1274,False,False,,0,2026-05-16T00:50:33.372871+00:00,2026-05-16T00:50:33.372871+00:00,203
vehicle_positions_00_005105.parquet,OK,50402,1271,False,False,,0,2026-05-16T00:51:04.301478+00:00,2026-05-16T00:51:04.301478+00:00,203
vehicle_positions_00_005136.parquet,OK,50417,1271,False,False,,0,2026-05-16T00:51:35.481907+00:00,2026-05-16T00:51:35.481907+00:00,203
vehicle_positions_00_005206.parquet,OK,50363,1271,False,False,,0,2026-05-16T00:52:06.404213+00:00,2026-05-16T00:52:06.404213+00:00,203
vehicle_positions_00_005237.parquet,OK,50407,1264,False,False,,0,2026-05-16T00:52:37.270980+00:00,2026-05-16T00:52:37.270980+00:00,203
vehicle_positions_00_005308.parquet,OK,50181,1268,False,False,,0,2026-05-16T00:53:08.183244+00:00,2026-05-16T00:53:08.183244+00:00,203
vehicle_positions_00_005339.parquet,OK,50454,1269,False,False,,0,2026-05-16T00:53:39.010150+00:00,2026-05-16T00:53:39.010150+00:00,203
vehicle_positions_00_005410.parquet,OK,50294,1269,False,False,,0,2026-05-16T00:54:10.177417+00:00,2026-05-16T00:54:10.177417+00:00,202
vehicle_positions_00_005441.parquet,OK,50509,1267,False,False,,0,2026-05-16T00:54:41.236952+00:00,2026-05-16T00:54:41.236952+00:00,202
vehicle_positions_00_005512.parquet,OK,50297,1268,False,False,,0,2026-05-16T00:55:12.128445+00:00,2026-05-16T00:55:12.128445+00:00,202
vehicle_positions_00_005543.parquet,OK,50271,1266,False,False,,0,2026-05-16T00:55:43.200121+00:00,2026-05-16T00:55:43.200121+00:00,202
vehicle_positions_00_005614.parquet,OK,50158,1264,False,False,,0,2026-05-16T00:56:14.038342+00:00,2026-05-16T00:56:14.038342+00:00,203
vehicle_positions_00_005646.parquet,OK,50360,1265,False,False,,0,2026-05-16T00:56:45.558404+00:00,2026-05-16T00:56:45.558404+00:00,203
vehicle_positions_00_005717.parquet,OK,50212,1264,False,False,,0,2026-05-16T00:57:16.940329+00:00,2026-05-16T00:57:16.940329+00:00,203
vehicle_positions_00_005748.parquet,OK,50298,1265,False,False,,0,2026-05-16T00:57:48.005110+00:00,2026-05-16T00:57:48.005110+00:00,203
vehicle_positions_00_005819.parquet,OK,50285,1265,False,False,,0,2026-05-16T00:58:18.806648+00:00,2026-05-16T00:58:18.806648+00:00,203
vehicle_positions_00_005850.parquet,OK,50274,1263,False,False,,0,2026-05-16T00:58:49.670125+00:00,2026-05-16T00:58:49.670125+00:00,201
vehicle_positions_00_005921.parquet,OK,50216,1263,False,False,,0,2026-05-16T00:59:20.591891+00:00,2026-05-16T00:59:20.591891+00:00,200
vehicle_positions_00_005951.parquet,OK,50484,1266,False,False,,0,2026-05-16T00:59:51.467899+00:00,2026-05-16T00:59:51.467899+00:00,200
vehicle_positions_01_010022.parquet,OK,50222,1263,False,False,,0,2026-05-16T01:00:22.259526+00:00,2026-05-16T01:00:22.259526+00:00,201
vehicle_positions_01_010053.parquet,OK,50269,1265,False,False,,0,2026-05-16T01:00:53.117725+00:00,2026-05-16T01:00:53.117725+00:00,201
vehicle_positions_01_010124.parquet,OK,50292,1263,False,False,,0,2026-05-16T01:01:24.102807+00:00,2026-05-16T01:01:24.102807+00:00,201
vehicle_positions_01_010155.parquet,OK,50166,1260,False,False,,0,2026-05-16T01:01:54.911996+00:00,2026-05-16T01:01:54.911996+00:00,201
vehicle_positions_01_010226.parquet,OK,50027,1254,False,False,,0,2026-05-16T01:02:25.878907+00:00,2026-05-16T01:02:25.878907+00:00,201
vehicle_positions_01_010257.parquet,OK,50101,1253,False,False,,0,2026-05-16T01:02:57.010109+00:00,2026-05-16T01:02:57.010109+00:00,201
vehicle_positions_01_010328.parquet,OK,49863,1249,False,False,,0,2026-05-16T01:03:27.873523+00:00,2026-05-16T01:03:27.873523+00:00,200
vehicle_positions_01_010359.parquet,OK,49853,1248,False,False,,0,2026-05-16T01:03:58.955622+00:00,2026-05-16T01:03:58.955622+00:00,200
vehicle_positions_01_010430.parquet,OK,49438,1239,False,False,,0,2026-05-16T01:04:29.835097+00:00,2026-05-16T01:04:29.835097+00:00,200
vehicle_positions_01_010501.parquet,OK,49304,1231,False,False,,0,2026-05-16T01:05:01.011739+00:00,2026-05-16T01:05:01.011739+00:00,199
vehicle_positions_01_010532.parquet,OK,49295,1235,False,False,,0,2026-05-16T01:05:32.056235+00:00,2026-05-16T01:05:32.056235+00:00,199
vehicle_positions_01_010603.parquet,OK,49307,1233,False,False,,0,2026-05-16T01:06:03.072596+00:00,2026-05-16T01:06:03.072596+00:00,199
vehicle_positions_01_010634.parquet,OK,49506,1235,False,False,,0,2026-05-16T01:06:34.041598+00:00,2026-05-16T01:06:34.041598+00:00,199
vehicle_positions_01_010705.parquet,OK,49457,1235,False,False,,0,2026-05-16T01:07:04.881091+00:00,2026-05-16T01:07:04.881091+00:00,199
vehicle_positions_01_010736.parquet,OK,49296,1231,False,False,,0,2026-05-16T01:07:35.806224+00:00,2026-05-16T01:07:35.806224+00:00,199
vehicle_positions_01_010807.parquet,OK,49464,1233,False,False,,0,2026-05-16T01:08:06.670666+00:00,2026-05-16T01:08:06.670666+00:00,199
vehicle_positions_01_010838.parquet,OK,49249,1229,False,False,,0,2026-05-16T01:08:37.498555+00:00,2026-05-16T01:08:37.498555+00:00,199
vehicle_positions_01_010908.parquet,OK,49265,1225,False,False,,0,2026-05-16T01:09:08.427404+00:00,2026-05-16T01:09:08.427404+00:00,199
vehicle_positions_01_010939.parquet,OK,49289,1232,False,False,,0,2026-05-16T01:09:39.265966+00:00,2026-05-16T01:09:39.265966+00:00,199
vehicle_positions_01_011010.parquet,OK,49385,1229,False,False,,0,2026-05-16T01:10:10.038696+00:00,2026-05-16T01:10:10.038696+00:00,199
vehicle_positions_01_011041.parquet,OK,49003,1224,False,False,,0,2026-05-16T01:10:41.061596+00:00,2026-05-16T01:10:41.061596+00:00,200
vehicle_positions_01_011112.parquet,OK,49006,1221,False,False,,0,2026-05-16T01:11:11.959002+00:00,2026-05-16T01:11:11.959002+00:00,199
vehicle_positions_01_011143.parquet,OK,49095,1218,False,False,,0,2026-05-16T01:11:42.902337+00:00,2026-05-16T01:11:42.902337+00:00,199
vehicle_positions_01_011214.parquet,OK,48711,1212,False,False,,0,2026-05-16T01:12:13.740567+00:00,2026-05-16T01:12:13.740567+00:00,199
vehicle_positions_01_011245.parquet,OK,48744,1211,False,False,,0,2026-05-16T01:12:44.747513+00:00,2026-05-16T01:12:44.747513+00:00,199
vehicle_positions_01_011316.parquet,OK,48417,1203,False,False,,0,2026-05-16T01:13:15.692950+00:00,2026-05-16T01:13:15.692950+00:00,198
vehicle_positions_01_011347.parquet,OK,48008,1200,False,False,,0,2026-05-16T01:13:47.116374+00:00,2026-05-16T01:13:47.116374+00:00,198
vehicle_positions_01_011418.parquet,OK,47831,1191,False,False,,0,2026-05-16T01:14:18.140682+00:00,2026-05-16T01:14:18.140682+00:00,198
vehicle_positions_01_011449.parquet,OK,47841,1189,False,False,,0,2026-05-16T01:14:49.001497+00:00,2026-05-16T01:14:49.001497+00:00,198
vehicle_positions_01_011520.parquet,OK,47809,1185,False,False,,0,2026-05-16T01:15:19.982081+00:00,2026-05-16T01:15:19.982081+00:00,198
vehicle_positions_01_011551.parquet,OK,48020,1189,False,False,,0,2026-05-16T01:15:50.982751+00:00,2026-05-16T01:15:50.982751+00:00,199
vehicle_positions_01_011622.parquet,OK,47712,1185,False,False,,0,2026-05-16T01:16:22.160522+00:00,2026-05-16T01:16:22.160522+00:00,199
vehicle_positions_01_011654.parquet,OK,47659,1182,False,False,,0,2026-05-16T01:16:53.487413+00:00,2026-05-16T01:16:53.487413+00:00,199
vehicle_positions_01_011754.parquet,OK,47576,1179,False,False,,0,2026-05-16T01:17:54.219584+00:00,2026-05-16T01:17:54.219584+00:00,199
vehicle_positions_01_011825.parquet,OK,47476,1176,False,False,,0,2026-05-16T01:18:25.133831+00:00,2026-05-16T01:18:25.133831+00:00,200
vehicle_positions_01_011856.parquet,OK,47551,1177,False,False,,0,2026-05-16T01:18:56.221135+00:00,2026-05-16T01:18:56.221135+00:00,200
vehicle_positions_01_011927.parquet,OK,47480,1177,False,False,,0,2026-05-16T01:19:27.301835+00:00,2026-05-16T01:19:27.301835+00:00,200
vehicle_positions_01_011958.parquet,OK,47576,1178,False,False,,0,2026-05-16T01:19:58.137761+00:00,2026-05-16T01:19:58.137761+00:00,200
vehicle_positions_01_012029.parquet,OK,47579,1174,False,False,,0,2026-05-16T01:20:28.986377+00:00,2026-05-16T01:20:28.986377+00:00,200
vehicle_positions_01_012100.parquet,OK,47373,1175,False,False,,0,2026-05-16T01:21:00.011349+00:00,2026-05-16T01:21:00.011349+00:00,200
vehicle_positions_01_012131.parquet,OK,47601,1176,False,False,,0,2026-05-16T01:21:31.292199+00:00,2026-05-16T01:21:31.292199+00:00,200
vehicle_positions_01_012203.parquet,OK,47457,1172,False,False,,0,2026-05-16T01:22:02.285360+00:00,2026-05-16T01:22:02.285360+00:00,200
vehicle_positions_01_012233.parquet,OK,47426,1171,False,False,,0,2026-05-16T01:22:33.407237+00:00,2026-05-16T01:22:33.407237+00:00,200
vehicle_positions_01_012304.parquet,OK,47259,1171,False,False,,0,2026-05-16T01:23:04.368153+00:00,2026-05-16T01:23:04.368153+00:00,200
vehicle_positions_01_012335.parquet,OK,47106,1166,False,False,,0,2026-05-16T01:23:35.179667+00:00,2026-05-16T01:23:35.179667+00:00,199
vehicle_positions_01_012406.parquet,OK,47014,1164,False,False,,0,2026-05-16T01:24:06.054732+00:00,2026-05-16T01:24:06.054732+00:00,199
vehicle_positions_01_012437.parquet,OK,47109,1163,False,False,,0,2026-05-16T01:24:36.791401+00:00,2026-05-16T01:24:36.791401+00:00,200
vehicle_positions_01_012508.parquet,OK,47164,1162,False,False,,0,2026-05-16T01:25:07.845983+00:00,2026-05-16T01:25:07.845983+00:00,200
vehicle_positions_01_012539.parquet,OK,47164,1162,False,False,,0,2026-05-16T01:25:38.627837+00:00,2026-05-16T01:25:38.627837+00:00,200
vehicle_positions_01_012609.parquet,OK,46829,1156,False,False,,0,2026-05-16T01:26:09.421357+00:00,2026-05-16T01:26:09.421357+00:00,200
vehicle_positions_01_012640.parquet,OK,46647,1150,False,False,,0,2026-05-16T01:26:40.252874+00:00,2026-05-16T01:26:40.252874+00:00,200
vehicle_positions_01_012712.parquet,OK,46607,1150,False,False,,0,2026-05-16T01:27:11.489964+00:00,2026-05-16T01:27:11.489964+00:00,201
vehicle_positions_01_012743.parquet,OK,46615,1150,False,False,,0,2026-05-16T01:27:42.656084+00:00,2026-05-16T01:27:42.656084+00:00,201
vehicle_positions_01_012813.parquet,OK,46750,1151,False,False,,0,2026-05-16T01:28:13.472230+00:00,2026-05-16T01:28:13.472230+00:00,201
vehicle_positions_01_012845.parquet,OK,46443,1142,False,False,,0,2026-05-16T01:28:44.634948+00:00,2026-05-16T01:28:44.634948+00:00,201
vehicle_positions_01_012916.parquet,OK,46220,1136,False,False,,0,2026-05-16T01:29:15.796503+00:00,2026-05-16T01:29:15.796503+00:00,201
vehicle_positions_01_012947.parquet,OK,46237,1137,False,False,,0,2026-05-16T01:29:47.201747+00:00,2026-05-16T01:29:47.201747+00:00,201
vehicle_positions_01_013018.parquet,OK,46276,1139,False,False,,0,2026-05-16T01:30:18.044019+00:00,2026-05-16T01:30:18.044019+00:00,201
vehicle_positions_01_013049.parquet,OK,46355,1144,False,False,,0,2026-05-16T01:30:48.918668+00:00,2026-05-16T01:30:48.918668+00:00,201
vehicle_positions_01_013120.parquet,OK,46677,1145,False,False,,0,2026-05-16T01:31:19.945785+00:00,2026-05-16T01:31:19.945785+00:00,201
vehicle_positions_01_013151.parquet,OK,46522,1145,False,False,,0,2026-05-16T01:31:50.839542+00:00,2026-05-16T01:31:50.839542+00:00,201
vehicle_positions_01_013222.parquet,OK,46298,1138,False,False,,0,2026-05-16T01:32:21.732960+00:00,2026-05-16T01:32:21.732960+00:00,201
vehicle_positions_01_013253.parquet,OK,46219,1134,False,False,,0,2026-05-16T01:32:53.040181+00:00,2026-05-16T01:32:53.040181+00:00,201
vehicle_positions_01_013324.parquet,OK,46218,1132,False,False,,0,2026-05-16T01:33:24.003183+00:00,2026-05-16T01:33:24.003183+00:00,201
vehicle_positions_01_013355.parquet,OK,46212,1128,False,False,,0,2026-05-16T01:33:54.868327+00:00,2026-05-16T01:33:54.868327+00:00,201
vehicle_positions_01_013426.parquet,OK,46044,1126,False,False,,0,2026-05-16T01:34:25.778169+00:00,2026-05-16T01:34:25.778169+00:00,201
vehicle_positions_01_013457.parquet,OK,45845,1123,False,False,,0,2026-05-16T01:34:56.610340+00:00,2026-05-16T01:34:56.610340+00:00,201
vehicle_positions_01_013528.parquet,OK,45777,1115,False,False,,0,2026-05-16T01:35:27.526517+00:00,2026-05-16T01:35:27.526517+00:00,201
vehicle_positions_01_013558.parquet,OK,45731,1118,False,False,,0,2026-05-16T01:35:58.319206+00:00,2026-05-16T01:35:58.319206+00:00,201
vehicle_positions_01_013629.parquet,OK,45324,1112,False,False,,0,2026-05-16T01:36:29.218881+00:00,2026-05-16T01:36:29.218881+00:00,201
vehicle_positions_01_013701.parquet,OK,45583,1114,False,False,,0,2026-05-16T01:37:00.422934+00:00,2026-05-16T01:37:00.422934+00:00,200
vehicle_positions_01_013732.parquet,OK,45228,1111,False,False,,0,2026-05-16T01:37:31.812450+00:00,2026-05-16T01:37:31.812450+00:00,200
vehicle_positions_01_013803.parquet,OK,45229,1107,False,False,,0,2026-05-16T01:38:02.763906+00:00,2026-05-16T01:38:02.763906+00:00,200
vehicle_positions_01_013834.parquet,OK,45051,1102,False,False,,0,2026-05-16T01:38:33.519888+00:00,2026-05-16T01:38:33.519888+00:00,200
vehicle_positions_01_013904.parquet,OK,44801,1096,False,False,,0,2026-05-16T01:39:04.321645+00:00,2026-05-16T01:39:04.321645+00:00,200
vehicle_positions_01_013936.parquet,OK,45096,1099,False,False,,0,2026-05-16T01:39:35.256003+00:00,2026-05-16T01:39:35.256003+00:00,200
vehicle_positions_01_014006.parquet,OK,44972,1097,False,False,,0,2026-05-16T01:40:06.297209+00:00,2026-05-16T01:40:06.297209+00:00,199
vehicle_positions_01_014037.parquet,OK,44667,1087,False,False,,0,2026-05-16T01:40:37.348750+00:00,2026-05-16T01:40:37.348750+00:00,200
vehicle_positions_01_014108.parquet,OK,44589,1084,False,False,,0,2026-05-16T01:41:08.183997+00:00,2026-05-16T01:41:08.183997+00:00,199
vehicle_positions_01_014139.parquet,OK,44507,1084,False,False,,0,2026-05-16T01:41:39.129895+00:00,2026-05-16T01:41:39.129895+00:00,199
vehicle_positions_01_014210.parquet,OK,44411,1079,False,False,,0,2026-05-16T01:42:10.243524+00:00,2026-05-16T01:42:10.243524+00:00,199
vehicle_positions_01_014241.parquet,OK,44332,1076,False,False,,0,2026-05-16T01:42:41.008612+00:00,2026-05-16T01:42:41.008612+00:00,199
vehicle_positions_01_014312.parquet,OK,44148,1072,False,False,,0,2026-05-16T01:43:12.147369+00:00,2026-05-16T01:43:12.147369+00:00,199
vehicle_positions_01_014343.parquet,OK,43997,1070,False,False,,0,2026-05-16T01:43:43.035147+00:00,2026-05-16T01:43:43.035147+00:00,199
vehicle_positions_01_014414.parquet,OK,44074,1067,False,False,,0,2026-05-16T01:44:13.815668+00:00,2026-05-16T01:44:13.815668+00:00,199
vehicle_positions_01_014445.parquet,OK,44087,1070,False,False,,0,2026-05-16T01:44:44.587764+00:00,2026-05-16T01:44:44.587764+00:00,199
vehicle_positions_01_014516.parquet,OK,43800,1065,False,False,,0,2026-05-16T01:45:15.598294+00:00,2026-05-16T01:45:15.598294+00:00,198
vehicle_positions_01_014547.parquet,OK,43793,1062,False,False,,0,2026-05-16T01:45:46.864882+00:00,2026-05-16T01:45:46.864882+00:00,198
vehicle_positions_01_014618.parquet,OK,43756,1059,False,False,,0,2026-05-16T01:46:17.814046+00:00,2026-05-16T01:46:17.814046+00:00,198
vehicle_positions_01_014649.parquet,OK,43499,1056,False,False,,0,2026-05-16T01:46:48.689855+00:00,2026-05-16T01:46:48.689855+00:00,198
vehicle_positions_01_014720.parquet,OK,43470,1052,False,False,,0,2026-05-16T01:47:19.542293+00:00,2026-05-16T01:47:19.542293+00:00,198
vehicle_positions_01_014751.parquet,OK,43333,1047,False,False,,0,2026-05-16T01:47:50.654552+00:00,2026-05-16T01:47:50.654552+00:00,198
vehicle_positions_01_014822.parquet,OK,43032,1044,False,False,,0,2026-05-16T01:48:22.534180+00:00,2026-05-16T01:48:22.534180+00:00,197
vehicle_positions_01_014854.parquet,OK,43274,1044,False,False,,0,2026-05-16T01:48:53.276520+00:00,2026-05-16T01:48:53.276520+00:00,197
vehicle_positions_01_014925.parquet,OK,42996,1040,False,False,,0,2026-05-16T01:49:24.452387+00:00,2026-05-16T01:49:24.452387+00:00,197
vehicle_positions_01_014955.parquet,OK,43057,1039,False,False,,0,2026-05-16T01:49:55.449673+00:00,2026-05-16T01:49:55.449673+00:00,196
vehicle_positions_01_015026.parquet,OK,42898,1031,False,False,,0,2026-05-16T01:50:26.235264+00:00,2026-05-16T01:50:26.235264+00:00,196
vehicle_positions_01_015057.parquet,OK,43001,1033,False,False,,0,2026-05-16T01:50:57.057100+00:00,2026-05-16T01:50:57.057100+00:00,196
vehicle_positions_01_015128.parquet,OK,42796,1031,False,False,,0,2026-05-16T01:51:27.789585+00:00,2026-05-16T01:51:27.789585+00:00,196
vehicle_positions_01_015159.parquet,OK,42597,1030,False,False,,0,2026-05-16T01:51:58.878462+00:00,2026-05-16T01:51:58.878462+00:00,196
vehicle_positions_01_015230.parquet,OK,42637,1026,False,False,,0,2026-05-16T01:52:29.671941+00:00,2026-05-16T01:52:29.671941+00:00,196
vehicle_positions_01_015301.parquet,OK,42254,1024,False,False,,0,2026-05-16T01:53:00.544661+00:00,2026-05-16T01:53:00.544661+00:00,196
vehicle_positions_01_015332.parquet,OK,42145,1022,False,False,,0,2026-05-16T01:53:31.635953+00:00,2026-05-16T01:53:31.635953+00:00,196
vehicle_positions_01_015403.parquet,OK,42147,1021,False,False,,0,2026-05-16T01:54:02.579011+00:00,2026-05-16T01:54:02.579011+00:00,196
vehicle_positions_01_015433.parquet,OK,42146,1021,False,False,,0,2026-05-16T01:54:33.428232+00:00,2026-05-16T01:54:33.428232+00:00,196
vehicle_positions_01_015504.parquet,OK,41846,1014,False,False,,0,2026-05-16T01:55:04.181363+00:00,2026-05-16T01:55:04.181363+00:00,196
vehicle_positions_01_015535.parquet,OK,41807,1015,False,False,,0,2026-05-16T01:55:35.184651+00:00,2026-05-16T01:55:35.184651+00:00,197
vehicle_positions_01_015606.parquet,OK,41666,1009,False,False,,0,2026-05-16T01:56:06.106820+00:00,2026-05-16T01:56:06.106820+00:00,197
vehicle_positions_01_015637.parquet,OK,41542,1004,False,False,,0,2026-05-16T01:56:37.131096+00:00,2026-05-16T01:56:37.131096+00:00,196
vehicle_positions_01_015708.parquet,OK,41604,1004,False,False,,0,2026-05-16T01:57:07.939541+00:00,2026-05-16T01:57:07.939541+00:00,198
vehicle_positions_01_015739.parquet,OK,41405,1000,False,False,,0,2026-05-16T01:57:38.813487+00:00,2026-05-16T01:57:38.813487+00:00,198
vehicle_positions_01_015810.parquet,OK,41246,994,False,False,,0,2026-05-16T01:58:09.658288+00:00,2026-05-16T01:58:09.658288+00:00,198
vehicle_positions_01_015841.parquet,OK,41127,993,False,False,,0,2026-05-16T01:58:40.425851+00:00,2026-05-16T01:58:40.425851+00:00,196
vehicle_positions_01_015911.parquet,OK,41095,988,False,False,,0,2026-05-16T01:59:11.391919+00:00,2026-05-16T01:59:11.391919+00:00,196
vehicle_positions_01_015942.parquet,OK,40857,984,False,False,,0,2026-05-16T01:59:42.233795+00:00,2026-05-16T01:59:42.233795+00:00,196
vehicle_positions_02_020013.parquet,OK,40808,984,False,False,,0,2026-05-16T02:00:13.072997+00:00,2026-05-16T02:00:13.072997+00:00,196
vehicle_positions_02_020044.parquet,OK,40919,990,False,False,,0,2026-05-16T02:00:43.828190+00:00,2026-05-16T02:00:43.828190+00:00,197
vehicle_positions_02_020117.parquet,OK,40959,988,False,False,,0,2026-05-16T02:01:16.626761+00:00,2026-05-16T02:01:16.626761+00:00,197
vehicle_positions_02_020147.parquet,OK,40939,986,False,False,,0,2026-05-16T02:01:47.457016+00:00,2026-05-16T02:01:47.457016+00:00,197
vehicle_positions_02_020218.parquet,OK,40844,985,False,False,,0,2026-05-16T02:02:18.319323+00:00,2026-05-16T02:02:18.319323+00:00,196
vehicle_positions_02_020249.parquet,OK,40606,984,False,False,,0,2026-05-16T02:02:49.089151+00:00,2026-05-16T02:02:49.089151+00:00,195
vehicle_positions_02_020320.parquet,OK,40715,980,False,False,,0,2026-05-16T02:03:19.894157+00:00,2026-05-16T02:03:19.894157+00:00,195
vehicle_positions_02_020351.parquet,OK,40457,977,False,False,,0,2026-05-16T02:03:50.817575+00:00,2026-05-16T02:03:50.817575+00:00,194
vehicle_positions_02_020422.parquet,OK,40424,973,False,False,,0,2026-05-16T02:04:21.600095+00:00,2026-05-16T02:04:21.600095+00:00,194
vehicle_positions_02_020453.parquet,OK,40389,974,False,False,,0,2026-05-16T02:04:52.375194+00:00,2026-05-16T02:04:52.375194+00:00,194
vehicle_positions_02_020524.parquet,OK,40086,968,False,False,,0,2026-05-16T02:05:23.425405+00:00,2026-05-16T02:05:23.425405+00:00,192
vehicle_positions_02_020554.parquet,OK,40185,967,False,False,,0,2026-05-16T02:05:54.423570+00:00,2026-05-16T02:05:54.423570+00:00,192
vehicle_positions_02_021214.parquet,OK,39359,937,False,False,,0,2026-05-16T02:12:14.072770+00:00,2026-05-16T02:12:14.072770+00:00,190
vehicle_positions_02_021245.parquet,OK,39007,930,False,False,,0,2026-05-16T02:12:45.116759+00:00,2026-05-16T02:12:45.116759+00:00,190
vehicle_positions_02_021316.parquet,OK,38884,927,False,False,,0,2026-05-16T02:13:15.909975+00:00,2026-05-16T02:13:15.909975+00:00,189
vehicle_positions_02_021347.parquet,OK,38731,923,False,False,,0,2026-05-16T02:13:46.844516+00:00,2026-05-16T02:13:46.844516+00:00,189
vehicle_positions_02_021418.parquet,OK,38853,925,False,False,,0,2026-05-16T02:14:17.772386+00:00,2026-05-16T02:14:17.772386+00:00,189
vehicle_positions_02_021449.parquet,OK,38740,923,False,False,,0,2026-05-16T02:14:48.583622+00:00,2026-05-16T02:14:48.583622+00:00,189
vehicle_positions_02_021519.parquet,OK,38820,922,False,False,,0,2026-05-16T02:15:19.413706+00:00,2026-05-16T02:15:19.413706+00:00,190
vehicle_positions_02_021550.parquet,OK,38662,917,False,False,,0,2026-05-16T02:15:50.395227+00:00,2026-05-16T02:15:50.395227+00:00,190
vehicle_positions_02_021621.parquet,OK,38479,914,False,False,,0,2026-05-16T02:16:21.244879+00:00,2026-05-16T02:16:21.244879+00:00,190
vehicle_positions_02_021652.parquet,OK,38599,911,False,False,,0,2026-05-16T02:16:52.177581+00:00,2026-05-16T02:16:52.177581+00:00,191
vehicle_positions_02_021723.parquet,OK,38274,906,False,False,,0,2026-05-16T02:17:22.968824+00:00,2026-05-16T02:17:22.968824+00:00,190
vehicle_positions_02_021754.parquet,OK,38065,903,False,False,,0,2026-05-16T02:17:53.757910+00:00,2026-05-16T02:17:53.757910+00:00,189
vehicle_positions_02_021825.parquet,OK,38208,904,False,False,,0,2026-05-16T02:18:24.689612+00:00,2026-05-16T02:18:24.689612+00:00,190
vehicle_positions_02_021856.parquet,OK,38176,900,False,False,,0,2026-05-16T02:18:55.508656+00:00,2026-05-16T02:18:55.508656+00:00,188
vehicle_positions_02_021926.parquet,OK,38074,899,False,False,,0,2026-05-16T02:19:26.436584+00:00,2026-05-16T02:19:26.436584+00:00,189
vehicle_positions_02_021957.parquet,OK,38036,901,False,False,,0,2026-05-16T02:19:57.199008+00:00,2026-05-16T02:19:57.199008+00:00,189
vehicle_positions_02_022028.parquet,OK,38076,899,False,False,,0,2026-05-16T02:20:28.075913+00:00,2026-05-16T02:20:28.075913+00:00,189
vehicle_positions_02_022059.parquet,OK,37890,893,False,False,,0,2026-05-16T02:20:58.832817+00:00,2026-05-16T02:20:58.832817+00:00,190
vehicle_positions_02_022130.parquet,OK,37819,891,False,False,,0,2026-05-16T02:21:29.949222+00:00,2026-05-16T02:21:29.949222+00:00,190
vehicle_positions_02_022201.parquet,OK,37624,887,False,False,,0,2026-05-16T02:22:00.887736+00:00,2026-05-16T02:22:00.887736+00:00,190
vehicle_positions_02_022232.parquet,OK,37344,883,False,False,,0,2026-05-16T02:22:31.889070+00:00,2026-05-16T02:22:31.889070+00:00,190
vehicle_positions_02_022303.parquet,OK,37179,876,False,False,,0,2026-05-16T02:23:02.847124+00:00,2026-05-16T02:23:02.847124+00:00,190
vehicle_positions_02_022334.parquet,OK,36971,872,False,False,,0,2026-05-16T02:23:33.729400+00:00,2026-05-16T02:23:33.729400+00:00,190
vehicle_positions_02_022405.parquet,OK,37012,870,False,False,,0,2026-05-16T02:24:04.732055+00:00,2026-05-16T02:24:04.732055+00:00,189
vehicle_positions_02_022436.parquet,OK,37033,868,False,False,,0,2026-05-16T02:24:35.591791+00:00,2026-05-16T02:24:35.591791+00:00,189
vehicle_positions_02_022507.parquet,OK,36890,864,False,False,,0,2026-05-16T02:25:06.617292+00:00,2026-05-16T02:25:06.617292+00:00,188
vehicle_positions_02_022538.parquet,OK,36849,866,False,False,,0,2026-05-16T02:25:37.503990+00:00,2026-05-16T02:25:37.503990+00:00,187
vehicle_positions_02_022609.parquet,OK,36817,863,False,False,,0,2026-05-16T02:26:08.536433+00:00,2026-05-16T02:26:08.536433+00:00,187
vehicle_positions_02_022639.parquet,OK,36762,861,False,False,,0,2026-05-16T02:26:39.378372+00:00,2026-05-16T02:26:39.378372+00:00,188
vehicle_positions_02_022710.parquet,OK,36768,859,False,False,,0,2026-05-16T02:27:10.223233+00:00,2026-05-16T02:27:10.223233+00:00,188
vehicle_positions_02_022741.parquet,OK,36564,854,False,False,,0,2026-05-16T02:27:41.109819+00:00,2026-05-16T02:27:41.109819+00:00,187
vehicle_positions_02_022812.parquet,OK,36461,852,False,False,,0,2026-05-16T02:28:11.991229+00:00,2026-05-16T02:28:11.991229+00:00,186
vehicle_positions_02_022843.parquet,OK,36268,848,False,False,,0,2026-05-16T02:28:42.901702+00:00,2026-05-16T02:28:42.901702+00:00,186
vehicle_positions_02_022914.parquet,OK,36515,849,False,False,,0,2026-05-16T02:29:13.755011+00:00,2026-05-16T02:29:13.755011+00:00,188
vehicle_positions_02_022945.parquet,OK,36507,849,False,False,,0,2026-05-16T02:29:44.680147+00:00,2026-05-16T02:29:44.680147+00:00,188
vehicle_positions_02_023016.parquet,OK,36050,844,False,False,,0,2026-05-16T02:30:15.597825+00:00,2026-05-16T02:30:15.597825+00:00,188
vehicle_positions_02_023047.parquet,OK,36048,844,False,False,,0,2026-05-16T02:30:46.606484+00:00,2026-05-16T02:30:46.606484+00:00,188
vehicle_positions_02_023147.parquet,OK,36094,843,False,False,,0,2026-05-16T02:31:47.357403+00:00,2026-05-16T02:31:47.357403+00:00,190
vehicle_positions_02_023218.parquet,OK,35992,839,False,False,,0,2026-05-16T02:32:18.328479+00:00,2026-05-16T02:32:18.328479+00:00,189
vehicle_positions_02_023249.parquet,OK,35928,835,False,False,,0,2026-05-16T02:32:49.244029+00:00,2026-05-16T02:32:49.244029+00:00,189
vehicle_positions_02_023320.parquet,OK,35708,832,False,False,,0,2026-05-16T02:33:20.124030+00:00,2026-05-16T02:33:20.124030+00:00,188
vehicle_positions_02_023351.parquet,OK,35677,832,False,False,,0,2026-05-16T02:33:51.041424+00:00,2026-05-16T02:33:51.041424+00:00,188
vehicle_positions_02_023422.parquet,OK,35615,830,False,False,,0,2026-05-16T02:34:21.956247+00:00,2026-05-16T02:34:21.956247+00:00,187
vehicle_positions_02_023453.parquet,OK,35591,829,False,False,,0,2026-05-16T02:34:52.779496+00:00,2026-05-16T02:34:52.779496+00:00,187
vehicle_positions_02_023524.parquet,OK,35652,828,False,False,,0,2026-05-16T02:35:23.601130+00:00,2026-05-16T02:35:23.601130+00:00,188
vehicle_positions_02_023555.parquet,OK,35504,825,False,False,,0,2026-05-16T02:35:54.526982+00:00,2026-05-16T02:35:54.526982+00:00,189
vehicle_positions_02_023625.parquet,OK,35389,818,False,False,,0,2026-05-16T02:36:25.352422+00:00,2026-05-16T02:36:25.352422+00:00,189
vehicle_positions_02_023656.parquet,OK,35387,817,False,False,,0,2026-05-16T02:36:56.091270+00:00,2026-05-16T02:36:56.091270+00:00,188
vehicle_positions_02_023727.parquet,OK,35533,818,False,False,,0,2026-05-16T02:37:27.034301+00:00,2026-05-16T02:37:27.034301+00:00,188
vehicle_positions_02_023758.parquet,OK,35345,816,False,False,,0,2026-05-16T02:37:57.995473+00:00,2026-05-16T02:37:57.995473+00:00,188
vehicle_positions_02_023829.parquet,OK,35105,808,False,False,,0,2026-05-16T02:38:28.952795+00:00,2026-05-16T02:38:28.952795+00:00,187
vehicle_positions_02_023900.parquet,OK,35020,807,False,False,,0,2026-05-16T02:38:59.689523+00:00,2026-05-16T02:38:59.689523+00:00,187
vehicle_positions_02_023931.parquet,OK,34994,802,False,False,,0,2026-05-16T02:39:30.517999+00:00,2026-05-16T02:39:30.517999+00:00,187
vehicle_positions_02_024002.parquet,OK,35031,801,False,False,,0,2026-05-16T02:40:01.462103+00:00,2026-05-16T02:40:01.462103+00:00,187
vehicle_positions_02_024032.parquet,OK,34779,797,False,False,,0,2026-05-16T02:40:32.398019+00:00,2026-05-16T02:40:32.398019+00:00,186
vehicle_positions_02_024103.parquet,OK,34698,795,False,False,,0,2026-05-16T02:41:03.240737+00:00,2026-05-16T02:41:03.240737+00:00,186
vehicle_positions_02_024134.parquet,OK,34592,792,False,False,,0,2026-05-16T02:41:34.222702+00:00,2026-05-16T02:41:34.222702+00:00,186
vehicle_positions_02_024205.parquet,OK,34420,789,False,False,,0,2026-05-16T02:42:05.164235+00:00,2026-05-16T02:42:05.164235+00:00,186
vehicle_positions_02_024236.parquet,OK,34513,787,False,False,,0,2026-05-16T02:42:35.989132+00:00,2026-05-16T02:42:35.989132+00:00,186
vehicle_positions_02_024307.parquet,OK,34339,784,False,False,,0,2026-05-16T02:43:07.139468+00:00,2026-05-16T02:43:07.139468+00:00,185
vehicle_positions_02_024338.parquet,OK,34086,778,False,False,,0,2026-05-16T02:43:38.231535+00:00,2026-05-16T02:43:38.231535+00:00,185
vehicle_positions_02_024409.parquet,OK,34029,779,False,False,,0,2026-05-16T02:44:09.084612+00:00,2026-05-16T02:44:09.084612+00:00,185
vehicle_positions_02_025123.parquet,OK,33174,752,False,False,,0,2026-05-16T02:51:23.500534+00:00,2026-05-16T02:51:23.500534+00:00,182
vehicle_positions_02_025157.parquet,OK,33155,752,False,False,,0,2026-05-16T02:51:54.421346+00:00,2026-05-16T02:51:54.421346+00:00,182
vehicle_positions_02_025228.parquet,OK,33049,747,False,False,,0,2026-05-16T02:52:27.678159+00:00,2026-05-16T02:52:27.678159+00:00,181
vehicle_positions_02_025259.parquet,OK,33178,749,False,False,,0,2026-05-16T02:52:58.627320+00:00,2026-05-16T02:52:58.627320+00:00,181
vehicle_positions_02_025330.parquet,OK,33115,748,False,False,,0,2026-05-16T02:53:29.669680+00:00,2026-05-16T02:53:29.669680+00:00,181
vehicle_positions_02_025401.parquet,OK,33197,747,False,False,,0,2026-05-16T02:54:00.538726+00:00,2026-05-16T02:54:00.538726+00:00,179
vehicle_positions_02_025432.parquet,OK,32912,741,False,False,,0,2026-05-16T02:54:31.759647+00:00,2026-05-16T02:54:31.759647+00:00,178
vehicle_positions_02_025503.parquet,OK,32890,739,False,False,,0,2026-05-16T02:55:02.626364+00:00,2026-05-16T02:55:02.626364+00:00,178
vehicle_positions_02_025534.parquet,OK,32848,739,False,False,,0,2026-05-16T02:55:33.567095+00:00,2026-05-16T02:55:33.567095+00:00,178
vehicle_positions_02_025605.parquet,OK,32877,737,False,False,,0,2026-05-16T02:56:04.559842+00:00,2026-05-16T02:56:04.559842+00:00,178
vehicle_positions_02_025636.parquet,OK,32597,737,False,False,,0,2026-05-16T02:56:35.390971+00:00,2026-05-16T02:56:35.390971+00:00,178
vehicle_positions_02_025706.parquet,OK,32680,733,False,False,,0,2026-05-16T02:57:06.306918+00:00,2026-05-16T02:57:06.306918+00:00,178
vehicle_positions_02_025737.parquet,OK,32793,735,False,False,,0,2026-05-16T02:57:37.208743+00:00,2026-05-16T02:57:37.208743+00:00,178
vehicle_positions_02_025808.parquet,OK,32639,729,False,False,,0,2026-05-16T02:58:08.031854+00:00,2026-05-16T02:58:08.031854+00:00,177
vehicle_positions_02_025839.parquet,OK,32641,729,False,False,,0,2026-05-16T02:58:38.875016+00:00,2026-05-16T02:58:38.875016+00:00,178
vehicle_positions_02_025910.parquet,OK,32520,727,False,False,,0,2026-05-16T02:59:09.677099+00:00,2026-05-16T02:59:09.677099+00:00,178
vehicle_positions_02_025941.parquet,OK,32497,725,False,False,,0,2026-05-16T02:59:40.451562+00:00,2026-05-16T02:59:40.451562+00:00,177
vehicle_positions_03_030012.parquet,OK,32333,725,False,False,,0,2026-05-16T03:00:11.616764+00:00,2026-05-16T03:00:11.616764+00:00,176
vehicle_positions_03_030043.parquet,OK,32274,727,False,False,,0,2026-05-16T03:00:43.068540+00:00,2026-05-16T03:00:43.068540+00:00,175
vehicle_positions_03_030114.parquet,OK,32412,728,False,False,,0,2026-05-16T03:01:14.211634+00:00,2026-05-16T03:01:14.211634+00:00,175
vehicle_positions_03_030145.parquet,OK,32413,730,False,False,,0,2026-05-16T03:01:44.997070+00:00,2026-05-16T03:01:44.997070+00:00,173
vehicle_positions_03_030216.parquet,OK,32224,726,False,False,,0,2026-05-16T03:02:15.928823+00:00,2026-05-16T03:02:15.928823+00:00,172
vehicle_positions_03_030247.parquet,OK,32300,727,False,False,,0,2026-05-16T03:02:46.748878+00:00,2026-05-16T03:02:46.748878+00:00,171
vehicle_positions_03_030317.parquet,OK,32224,723,False,False,,0,2026-05-16T03:03:17.476947+00:00,2026-05-16T03:03:17.476947+00:00,171
vehicle_positions_03_030348.parquet,OK,32027,721,False,False,,0,2026-05-16T03:03:48.367103+00:00,2026-05-16T03:03:48.367103+00:00,169
vehicle_positions_03_030419.parquet,OK,32028,722,False,False,,0,2026-05-16T03:04:19.266261+00:00,2026-05-16T03:04:19.266261+00:00,169
vehicle_positions_03_030450.parquet,OK,32137,721,False,False,,0,2026-05-16T03:04:50.128404+00:00,2026-05-16T03:04:50.128404+00:00,169
vehicle_positions_03_030521.parquet,OK,32220,723,False,False,,0,2026-05-16T03:05:20.983540+00:00,2026-05-16T03:05:20.983540+00:00,169
vehicle_positions_03_030552.parquet,OK,32070,718,False,False,,0,2026-05-16T03:05:51.751427+00:00,2026-05-16T03:05:51.751427+00:00,168
vehicle_positions_03_030623.parquet,OK,32011,715,False,False,,0,2026-05-16T03:06:22.656385+00:00,2026-05-16T03:06:22.656385+00:00,167
vehicle_positions_03_030653.parquet,OK,31807,716,False,False,,0,2026-05-16T03:06:53.407138+00:00,2026-05-16T03:06:53.407138+00:00,167
vehicle_positions_03_030724.parquet,OK,31782,715,False,False,,0,2026-05-16T03:07:24.237911+00:00,2026-05-16T03:07:24.237911+00:00,167
vehicle_positions_03_030755.parquet,OK,31684,714,False,False,,0,2026-05-16T03:07:55.048501+00:00,2026-05-16T03:07:55.048501+00:00,167
vehicle_positions_03_030826.parquet,OK,31544,711,False,False,,0,2026-05-16T03:08:25.915964+00:00,2026-05-16T03:08:25.915964+00:00,166
vehicle_positions_03_030857.parquet,OK,31566,709,False,False,,0,2026-05-16T03:08:56.674656+00:00,2026-05-16T03:08:56.674656+00:00,166
vehicle_positions_03_030928.parquet,OK,31633,709,False,False,,0,2026-05-16T03:09:27.492126+00:00,2026-05-16T03:09:27.492126+00:00,166
vehicle_positions_03_030958.parquet,OK,31600,707,False,False,,0,2026-05-16T03:09:58.319841+00:00,2026-05-16T03:09:58.319841+00:00,166
vehicle_positions_03_031029.parquet,OK,31476,703,False,False,,0,2026-05-16T03:10:29.182103+00:00,2026-05-16T03:10:29.182103+00:00,166
vehicle_positions_03_031100.parquet,OK,31426,703,False,False,,0,2026-05-16T03:11:00.203877+00:00,2026-05-16T03:11:00.203877+00:00,166
vehicle_positions_03_031131.parquet,OK,31321,703,False,False,,0,2026-05-16T03:11:31.149695+00:00,2026-05-16T03:11:31.149695+00:00,166
vehicle_positions_03_031202.parquet,OK,31349,702,False,False,,0,2026-05-16T03:12:01.919533+00:00,2026-05-16T03:12:01.919533+00:00,165
vehicle_positions_03_031233.parquet,OK,31364,700,False,False,,0,2026-05-16T03:12:32.744969+00:00,2026-05-16T03:12:32.744969+00:00,165
vehicle_positions_03_031304.parquet,OK,31602,703,False,False,,0,2026-05-16T03:13:03.611008+00:00,2026-05-16T03:13:03.611008+00:00,165
vehicle_positions_03_031334.parquet,OK,31493,702,False,False,,0,2026-05-16T03:13:34.412200+00:00,2026-05-16T03:13:34.412200+00:00,166
vehicle_positions_03_031405.parquet,OK,31653,703,False,False,,0,2026-05-16T03:14:05.220633+00:00,2026-05-16T03:14:05.220633+00:00,166
vehicle_positions_03_031436.parquet,OK,31451,700,False,False,,0,2026-05-16T03:14:36.020738+00:00,2026-05-16T03:14:36.020738+00:00,165
vehicle_positions_03_031507.parquet,OK,31456,698,False,False,,0,2026-05-16T03:15:06.862146+00:00,2026-05-16T03:15:06.862146+00:00,167
vehicle_positions_03_031538.parquet,OK,31397,697,False,False,,0,2026-05-16T03:15:37.651488+00:00,2026-05-16T03:15:37.651488+00:00,168
vehicle_positions_03_031609.parquet,OK,31363,699,False,False,,0,2026-05-16T03:16:08.469774+00:00,2026-05-16T03:16:08.469774+00:00,170
vehicle_positions_03_031639.parquet,OK,31386,697,False,False,,0,2026-05-16T03:16:39.274167+00:00,2026-05-16T03:16:39.274167+00:00,170
vehicle_positions_03_031710.parquet,OK,31157,692,False,False,,0,2026-05-16T03:17:10.123753+00:00,2026-05-16T03:17:10.123753+00:00,169
vehicle_positions_03_031741.parquet,OK,31010,691,False,False,,0,2026-05-16T03:17:40.951956+00:00,2026-05-16T03:17:40.951956+00:00,169
vehicle_positions_03_031812.parquet,OK,31182,693,False,False,,0,2026-05-16T03:18:11.953850+00:00,2026-05-16T03:18:11.953850+00:00,169
vehicle_positions_03_031843.parquet,OK,31200,692,False,False,,0,2026-05-16T03:18:42.717332+00:00,2026-05-16T03:18:42.717332+00:00,168
vehicle_positions_03_031914.parquet,OK,30904,688,False,False,,0,2026-05-16T03:19:13.535856+00:00,2026-05-16T03:19:13.535856+00:00,168
vehicle_positions_03_031944.parquet,OK,31026,688,False,False,,0,2026-05-16T03:19:44.348522+00:00,2026-05-16T03:19:44.348522+00:00,168
vehicle_positions_03_032015.parquet,OK,30924,687,False,False,,0,2026-05-16T03:20:15.219571+00:00,2026-05-16T03:20:15.219571+00:00,167
vehicle_positions_03_032046.parquet,OK,30740,686,False,False,,0,2026-05-16T03:20:46.044077+00:00,2026-05-16T03:20:46.044077+00:00,166
vehicle_positions_03_032117.parquet,OK,30703,683,False,False,,0,2026-05-16T03:21:16.875309+00:00,2026-05-16T03:21:16.875309+00:00,167
vehicle_positions_03_032148.parquet,OK,30733,684,False,False,,0,2026-05-16T03:21:47.934040+00:00,2026-05-16T03:21:47.934040+00:00,166
vehicle_positions_03_032219.parquet,OK,30697,681,False,False,,0,2026-05-16T03:22:18.787781+00:00,2026-05-16T03:22:18.787781+00:00,167
vehicle_positions_03_032250.parquet,OK,30513,678,False,False,,0,2026-05-16T03:22:49.764194+00:00,2026-05-16T03:22:49.764194+00:00,166
vehicle_positions_03_032321.parquet,OK,30526,678,False,False,,0,2026-05-16T03:23:20.600120+00:00,2026-05-16T03:23:20.600120+00:00,166
vehicle_positions_03_032351.parquet,OK,30567,681,False,False,,0,2026-05-16T03:23:51.391433+00:00,2026-05-16T03:23:51.391433+00:00,165
vehicle_positions_03_032422.parquet,OK,30574,677,False,False,,0,2026-05-16T03:24:22.258231+00:00,2026-05-16T03:24:22.258231+00:00,165
vehicle_positions_03_032453.parquet,OK,30524,676,False,False,,0,2026-05-16T03:24:53.067295+00:00,2026-05-16T03:24:53.067295+00:00,165
vehicle_positions_03_032524.parquet,OK,30593,678,False,False,,0,2026-05-16T03:25:23.942846+00:00,2026-05-16T03:25:23.942846+00:00,164
vehicle_positions_03_032555.parquet,OK,30431,676,False,False,,0,2026-05-16T03:25:54.927550+00:00,2026-05-16T03:25:54.927550+00:00,164
vehicle_positions_03_032626.parquet,OK,30412,671,False,False,,0,2026-05-16T03:26:25.798608+00:00,2026-05-16T03:26:25.798608+00:00,164
vehicle_positions_03_032657.parquet,OK,30528,673,False,False,,0,2026-05-16T03:26:57.079731+00:00,2026-05-16T03:26:57.079731+00:00,165
vehicle_positions_03_032728.parquet,OK,30538,673,False,False,,0,2026-05-16T03:27:27.836200+00:00,2026-05-16T03:27:27.836200+00:00,165
vehicle_positions_03_032759.parquet,OK,30513,673,False,False,,0,2026-05-16T03:27:58.700375+00:00,2026-05-16T03:27:58.700375+00:00,164
vehicle_positions_03_032829.parquet,OK,30322,672,False,False,,0,2026-05-16T03:28:29.476653+00:00,2026-05-16T03:28:29.476653+00:00,164
vehicle_positions_03_032900.parquet,OK,30485,673,False,False,,0,2026-05-16T03:29:00.290522+00:00,2026-05-16T03:29:00.290522+00:00,166
vehicle_positions_03_032931.parquet,OK,30632,675,False,False,,0,2026-05-16T03:29:31.307303+00:00,2026-05-16T03:29:31.307303+00:00,166
vehicle_positions_03_033002.parquet,OK,30577,673,False,False,,0,2026-05-16T03:30:02.225262+00:00,2026-05-16T03:30:02.225262+00:00,165
vehicle_positions_03_033033.parquet,OK,30385,670,False,False,,0,2026-05-16T03:30:33.053231+00:00,2026-05-16T03:30:33.053231+00:00,165
vehicle_positions_03_033104.parquet,OK,30254,666,False,False,,0,2026-05-16T03:31:03.864012+00:00,2026-05-16T03:31:03.864012+00:00,165
vehicle_positions_03_033135.parquet,OK,30341,668,False,False,,0,2026-05-16T03:31:34.645448+00:00,2026-05-16T03:31:34.645448+00:00,165
vehicle_positions_03_033205.parquet,OK,30399,672,False,False,,0,2026-05-16T03:32:05.401338+00:00,2026-05-16T03:32:05.401338+00:00,166
vehicle_positions_03_033236.parquet,OK,30378,670,False,False,,0,2026-05-16T03:32:36.334619+00:00,2026-05-16T03:32:36.334619+00:00,166
vehicle_positions_03_033307.parquet,OK,30235,665,False,False,,0,2026-05-16T03:33:07.098509+00:00,2026-05-16T03:33:07.098509+00:00,166
vehicle_positions_03_033338.parquet,OK,30076,660,False,False,,0,2026-05-16T03:33:38.097561+00:00,2026-05-16T03:33:38.097561+00:00,165
vehicle_positions_03_033409.parquet,OK,30043,661,False,False,,0,2026-05-16T03:34:08.868751+00:00,2026-05-16T03:34:08.868751+00:00,165
vehicle_positions_03_033440.parquet,OK,30108,661,False,False,,0,2026-05-16T03:34:40.005821+00:00,2026-05-16T03:34:40.005821+00:00,165
vehicle_positions_03_033511.parquet,OK,30228,663,False,False,,0,2026-05-16T03:35:10.718729+00:00,2026-05-16T03:35:10.718729+00:00,165
vehicle_positions_03_033542.parquet,OK,30178,663,False,False,,0,2026-05-16T03:35:41.548065+00:00,2026-05-16T03:35:41.548065+00:00,165
vehicle_positions_03_033613.parquet,OK,30000,659,False,False,,0,2026-05-16T03:36:12.974005+00:00,2026-05-16T03:36:12.974005+00:00,165
vehicle_positions_03_033644.parquet,OK,30015,659,False,False,,0,2026-05-16T03:36:43.951560+00:00,2026-05-16T03:36:43.951560+00:00,164
vehicle_positions_03_033715.parquet,OK,29912,656,False,False,,0,2026-05-16T03:37:14.744174+00:00,2026-05-16T03:37:14.744174+00:00,164
vehicle_positions_03_033746.parquet,OK,29755,651,False,False,,0,2026-05-16T03:37:45.603427+00:00,2026-05-16T03:37:45.603427+00:00,165
vehicle_positions_03_033817.parquet,OK,29616,648,False,False,,0,2026-05-16T03:38:16.456049+00:00,2026-05-16T03:38:16.456049+00:00,165
vehicle_positions_03_033847.parquet,OK,29539,648,False,False,,0,2026-05-16T03:38:47.452075+00:00,2026-05-16T03:38:47.452075+00:00,165
vehicle_positions_03_033918.parquet,OK,29614,648,False,False,,0,2026-05-16T03:39:18.292025+00:00,2026-05-16T03:39:18.292025+00:00,165
vehicle_positions_03_033949.parquet,OK,29630,648,False,False,,0,2026-05-16T03:39:49.218301+00:00,2026-05-16T03:39:49.218301+00:00,165
vehicle_positions_03_034020.parquet,OK,29582,647,False,False,,0,2026-05-16T03:40:20.024350+00:00,2026-05-16T03:40:20.024350+00:00,165
vehicle_positions_03_034051.parquet,OK,29649,647,False,False,,0,2026-05-16T03:40:50.968175+00:00,2026-05-16T03:40:50.968175+00:00,165
vehicle_positions_03_034122.parquet,OK,29519,646,False,False,,0,2026-05-16T03:41:21.745001+00:00,2026-05-16T03:41:21.745001+00:00,165
vehicle_positions_03_034153.parquet,OK,29537,644,False,False,,0,2026-05-16T03:41:52.539065+00:00,2026-05-16T03:41:52.539065+00:00,165
vehicle_positions_03_034223.parquet,OK,29500,641,False,False,,0,2026-05-16T03:42:23.466579+00:00,2026-05-16T03:42:23.466579+00:00,162
vehicle_positions_03_034254.parquet,OK,29360,639,False,False,,0,2026-05-16T03:42:54.396442+00:00,2026-05-16T03:42:54.396442+00:00,161
vehicle_positions_03_034325.parquet,OK,29422,639,False,False,,0,2026-05-16T03:43:25.332369+00:00,2026-05-16T03:43:25.332369+00:00,161
vehicle_positions_03_034356.parquet,OK,29311,639,False,False,,0,2026-05-16T03:43:56.097957+00:00,2026-05-16T03:43:56.097957+00:00,161
vehicle_positions_03_034427.parquet,OK,29388,637,False,False,,0,2026-05-16T03:44:26.920780+00:00,2026-05-16T03:44:26.920780+00:00,163
vehicle_positions_03_034458.parquet,OK,29211,634,False,False,,0,2026-05-16T03:44:57.820314+00:00,2026-05-16T03:44:57.820314+00:00,164
vehicle_positions_03_034529.parquet,OK,29215,633,False,False,,0,2026-05-16T03:45:28.655843+00:00,2026-05-16T03:45:28.655843+00:00,164
vehicle_positions_03_034600.parquet,OK,29169,634,False,False,,0,2026-05-16T03:45:59.621003+00:00,2026-05-16T03:45:59.621003+00:00,164
vehicle_positions_03_034631.parquet,OK,29202,634,False,False,,0,2026-05-16T03:46:30.503651+00:00,2026-05-16T03:46:30.503651+00:00,166
vehicle_positions_03_034701.parquet,OK,29301,633,False,False,,0,2026-05-16T03:47:01.426045+00:00,2026-05-16T03:47:01.426045+00:00,166
vehicle_positions_03_034732.parquet,OK,29063,628,False,False,,0,2026-05-16T03:47:32.247281+00:00,2026-05-16T03:47:32.247281+00:00,166
vehicle_positions_03_034803.parquet,OK,29000,627,False,False,,0,2026-05-16T03:48:02.978513+00:00,2026-05-16T03:48:02.978513+00:00,166
vehicle_positions_03_034834.parquet,OK,28953,626,False,False,,0,2026-05-16T03:48:33.804960+00:00,2026-05-16T03:48:33.804960+00:00,166
vehicle_positions_03_034905.parquet,OK,28973,627,False,False,,0,2026-05-16T03:49:04.629840+00:00,2026-05-16T03:49:04.629840+00:00,166
vehicle_positions_03_034935.parquet,OK,28801,622,False,False,,0,2026-05-16T03:49:35.375927+00:00,2026-05-16T03:49:35.375927+00:00,165
vehicle_positions_03_035006.parquet,OK,28913,625,False,False,,0,2026-05-16T03:50:06.120856+00:00,2026-05-16T03:50:06.120856+00:00,165
vehicle_positions_03_035037.parquet,OK,28933,625,False,False,,0,2026-05-16T03:50:36.936102+00:00,2026-05-16T03:50:36.936102+00:00,166
vehicle_positions_03_035108.parquet,OK,28919,626,False,False,,0,2026-05-16T03:51:07.815468+00:00,2026-05-16T03:51:07.815468+00:00,165
vehicle_positions_03_035139.parquet,OK,28895,626,False,False,,0,2026-05-16T03:51:38.532684+00:00,2026-05-16T03:51:38.532684+00:00,165
vehicle_positions_03_035212.parquet,OK,28941,625,False,False,,0,2026-05-16T03:52:09.302762+00:00,2026-05-16T03:52:09.302762+00:00,165
vehicle_positions_03_035242.parquet,OK,28759,621,False,False,,0,2026-05-16T03:52:42.348243+00:00,2026-05-16T03:52:42.348243+00:00,164
vehicle_positions_03_035313.parquet,OK,28703,620,False,False,,0,2026-05-16T03:53:13.322429+00:00,2026-05-16T03:53:13.322429+00:00,165
vehicle_positions_03_035344.parquet,OK,28620,617,False,False,,0,2026-05-16T03:53:44.101946+00:00,2026-05-16T03:53:44.101946+00:00,165
vehicle_positions_03_035415.parquet,OK,28588,617,False,False,,0,2026-05-16T03:54:14.972120+00:00,2026-05-16T03:54:14.972120+00:00,165
vehicle_positions_03_035446.parquet,OK,28535,615,False,False,,0,2026-05-16T03:54:45.845077+00:00,2026-05-16T03:54:45.845077+00:00,165
vehicle_positions_03_035517.parquet,OK,28427,613,False,False,,0,2026-05-16T03:55:17.111594+00:00,2026-05-16T03:55:17.111594+00:00,166
vehicle_positions_03_035548.parquet,OK,28456,613,False,False,,0,2026-05-16T03:55:47.831070+00:00,2026-05-16T03:55:47.831070+00:00,166
vehicle_positions_03_035619.parquet,OK,28595,614,False,False,,0,2026-05-16T03:56:18.589065+00:00,2026-05-16T03:56:18.589065+00:00,166
vehicle_positions_03_035649.parquet,OK,28485,613,False,False,,0,2026-05-16T03:56:49.334974+00:00,2026-05-16T03:56:49.334974+00:00,167
vehicle_positions_03_035720.parquet,OK,28612,614,False,False,,0,2026-05-16T03:57:20.172454+00:00,2026-05-16T03:57:20.172454+00:00,169
vehicle_positions_03_035751.parquet,OK,28596,615,False,False,,0,2026-05-16T03:57:50.974283+00:00,2026-05-16T03:57:50.974283+00:00,168
vehicle_positions_03_035822.parquet,OK,28592,615,False,False,,0,2026-05-16T03:58:21.728389+00:00,2026-05-16T03:58:21.728389+00:00,168
vehicle_positions_03_035853.parquet,OK,28600,616,False,False,,0,2026-05-16T03:58:52.524645+00:00,2026-05-16T03:58:52.524645+00:00,168
vehicle_positions_03_035923.parquet,OK,28620,614,False,False,,0,2026-05-16T03:59:23.355538+00:00,2026-05-16T03:59:23.355538+00:00,167
vehicle_positions_03_035954.parquet,OK,28564,612,False,False,,0,2026-05-16T03:59:54.082737+00:00,2026-05-16T03:59:54.082737+00:00,167
vehicle_positions_04_040025.parquet,OK,28654,613,False,False,,0,2026-05-16T04:00:24.930882+00:00,2026-05-16T04:00:24.930882+00:00,167
vehicle_positions_04_040056.parquet,OK,28693,614,False,False,,0,2026-05-16T04:00:55.712718+00:00,2026-05-16T04:00:55.712718+00:00,166
vehicle_positions_04_040127.parquet,OK,28767,615,False,False,,0,2026-05-16T04:01:26.702153+00:00,2026-05-16T04:01:26.702153+00:00,166
vehicle_positions_04_040158.parquet,OK,28701,615,False,False,,0,2026-05-16T04:01:57.570118+00:00,2026-05-16T04:01:57.570118+00:00,164
vehicle_positions_04_040229.parquet,OK,28679,613,False,False,,0,2026-05-16T04:02:28.561323+00:00,2026-05-16T04:02:28.561323+00:00,164
vehicle_positions_04_040259.parquet,OK,28637,612,False,False,,0,2026-05-16T04:02:59.384118+00:00,2026-05-16T04:02:59.384118+00:00,164
vehicle_positions_04_040330.parquet,OK,28532,611,False,False,,0,2026-05-16T04:03:30.255090+00:00,2026-05-16T04:03:30.255090+00:00,162
vehicle_positions_04_040401.parquet,OK,28514,608,False,False,,0,2026-05-16T04:04:01.267584+00:00,2026-05-16T04:04:01.267584+00:00,163
vehicle_positions_04_040432.parquet,OK,28613,611,False,False,,0,2026-05-16T04:04:32.068244+00:00,2026-05-16T04:04:32.068244+00:00,163
vehicle_positions_04_040503.parquet,OK,28627,611,False,False,,0,2026-05-16T04:05:02.841265+00:00,2026-05-16T04:05:02.841265+00:00,164
vehicle_positions_04_040534.parquet,OK,28576,610,False,False,,0,2026-05-16T04:05:33.712939+00:00,2026-05-16T04:05:33.712939+00:00,165
vehicle_positions_04_040604.parquet,OK,28498,609,False,False,,0,2026-05-16T04:06:04.469500+00:00,2026-05-16T04:06:04.469500+00:00,165
vehicle_positions_04_040635.parquet,OK,28510,609,False,False,,0,2026-05-16T04:06:35.301419+00:00,2026-05-16T04:06:35.301419+00:00,165
vehicle_positions_04_040706.parquet,OK,28369,607,False,False,,0,2026-05-16T04:07:06.123899+00:00,2026-05-16T04:07:06.123899+00:00,165
vehicle_positions_04_040737.parquet,OK,28282,606,False,False,,0,2026-05-16T04:07:37.021318+00:00,2026-05-16T04:07:37.021318+00:00,165
vehicle_positions_04_040808.parquet,OK,28194,603,False,False,,0,2026-05-16T04:08:08.069837+00:00,2026-05-16T04:08:08.069837+00:00,165
vehicle_positions_04_040839.parquet,OK,27962,599,False,False,,0,2026-05-16T04:08:38.932586+00:00,2026-05-16T04:08:38.932586+00:00,165
vehicle_positions_04_040910.parquet,OK,27875,599,False,False,,0,2026-05-16T04:09:09.733540+00:00,2026-05-16T04:09:09.733540+00:00,165
vehicle_positions_04_040941.parquet,OK,28146,602,False,False,,0,2026-05-16T04:09:40.561010+00:00,2026-05-16T04:09:40.561010+00:00,165
vehicle_positions_04_041011.parquet,OK,27891,597,False,False,,0,2026-05-16T04:10:11.331470+00:00,2026-05-16T04:10:11.331470+00:00,165
vehicle_positions_04_041042.parquet,OK,27848,595,False,False,,0,2026-05-16T04:10:42.139074+00:00,2026-05-16T04:10:42.139074+00:00,165
vehicle_positions_04_041113.parquet,OK,27873,594,False,False,,0,2026-05-16T04:11:12.854283+00:00,2026-05-16T04:11:12.854283+00:00,164
vehicle_positions_04_041144.parquet,OK,27914,595,False,False,,0,2026-05-16T04:11:43.697417+00:00,2026-05-16T04:11:43.697417+00:00,164
vehicle_positions_04_041214.parquet,OK,27801,597,False,False,,0,2026-05-16T04:12:14.401200+00:00,2026-05-16T04:12:14.401200+00:00,164
vehicle_positions_04_041245.parquet,OK,27962,595,False,False,,0,2026-05-16T04:12:45.213866+00:00,2026-05-16T04:12:45.213866+00:00,163
vehicle_positions_04_041316.parquet,OK,27751,590,False,False,,0,2026-05-16T04:13:16.163898+00:00,2026-05-16T04:13:16.163898+00:00,162
vehicle_positions_04_041347.parquet,OK,27776,590,False,False,,0,2026-05-16T04:13:46.930977+00:00,2026-05-16T04:13:46.930977+00:00,163
vehicle_positions_04_041418.parquet,OK,27734,590,False,False,,0,2026-05-16T04:14:17.727769+00:00,2026-05-16T04:14:17.727769+00:00,163
vehicle_positions_04_041449.parquet,OK,27746,591,False,False,,0,2026-05-16T04:14:48.505247+00:00,2026-05-16T04:14:48.505247+00:00,163
vehicle_positions_04_041519.parquet,OK,27727,589,False,False,,0,2026-05-16T04:15:19.334877+00:00,2026-05-16T04:15:19.334877+00:00,163
vehicle_positions_04_041551.parquet,OK,27763,590,False,False,,0,2026-05-16T04:15:50.753460+00:00,2026-05-16T04:15:50.753460+00:00,164
vehicle_positions_04_041622.parquet,OK,27775,592,False,False,,0,2026-05-16T04:16:21.513116+00:00,2026-05-16T04:16:21.513116+00:00,164
vehicle_positions_04_041652.parquet,OK,27673,589,False,False,,0,2026-05-16T04:16:52.296476+00:00,2026-05-16T04:16:52.296476+00:00,164
vehicle_positions_04_041723.parquet,OK,27763,592,False,False,,0,2026-05-16T04:17:23.159760+00:00,2026-05-16T04:17:23.159760+00:00,165
vehicle_positions_04_041754.parquet,OK,27845,593,False,False,,0,2026-05-16T04:17:54.005511+00:00,2026-05-16T04:17:54.005511+00:00,165
vehicle_positions_04_041825.parquet,OK,27784,593,False,False,,0,2026-05-16T04:18:24.833309+00:00,2026-05-16T04:18:24.833309+00:00,165
vehicle_positions_04_041856.parquet,OK,27778,590,False,False,,0,2026-05-16T04:18:55.702777+00:00,2026-05-16T04:18:55.702777+00:00,165
vehicle_positions_04_041927.parquet,OK,27712,586,False,False,,0,2026-05-16T04:19:26.582989+00:00,2026-05-16T04:19:26.582989+00:00,165
vehicle_positions_04_041957.parquet,OK,27614,585,False,False,,0,2026-05-16T04:19:57.480145+00:00,2026-05-16T04:19:57.480145+00:00,164
vehicle_positions_04_042028.parquet,OK,27491,582,False,False,,0,2026-05-16T04:20:28.234676+00:00,2026-05-16T04:20:28.234676+00:00,165
vehicle_positions_04_042059.parquet,OK,27483,583,False,False,,0,2026-05-16T04:20:59.052298+00:00,2026-05-16T04:20:59.052298+00:00,165
vehicle_positions_04_042130.parquet,OK,27386,581,False,False,,0,2026-05-16T04:21:30.014453+00:00,2026-05-16T04:21:30.014453+00:00,165
vehicle_positions_04_042201.parquet,OK,27564,583,False,False,,0,2026-05-16T04:22:00.950698+00:00,2026-05-16T04:22:00.950698+00:00,165
vehicle_positions_04_042232.parquet,OK,27331,580,False,False,,0,2026-05-16T04:22:31.692356+00:00,2026-05-16T04:22:31.692356+00:00,162
vehicle_positions_04_042303.parquet,OK,27316,578,False,False,,0,2026-05-16T04:23:02.609859+00:00,2026-05-16T04:23:02.609859+00:00,162
vehicle_positions_04_042333.parquet,OK,27095,575,False,False,,0,2026-05-16T04:23:33.501956+00:00,2026-05-16T04:23:33.501956+00:00,161
vehicle_positions_04_042404.parquet,OK,27177,573,False,False,,0,2026-05-16T04:24:04.537908+00:00,2026-05-16T04:24:04.537908+00:00,161
vehicle_positions_04_042435.parquet,OK,27030,570,False,False,,0,2026-05-16T04:24:35.243914+00:00,2026-05-16T04:24:35.243914+00:00,161
vehicle_positions_04_042506.parquet,OK,27033,571,False,False,,0,2026-05-16T04:25:05.949754+00:00,2026-05-16T04:25:05.949754+00:00,160
vehicle_positions_04_042537.parquet,OK,27054,571,False,False,,0,2026-05-16T04:25:36.779332+00:00,2026-05-16T04:25:36.779332+00:00,160
vehicle_positions_04_042607.parquet,OK,27037,570,False,False,,0,2026-05-16T04:26:07.476970+00:00,2026-05-16T04:26:07.476970+00:00,161
vehicle_positions_04_042638.parquet,OK,27041,567,False,False,,0,2026-05-16T04:26:38.241959+00:00,2026-05-16T04:26:38.241959+00:00,161
vehicle_positions_04_042709.parquet,OK,27106,569,False,False,,0,2026-05-16T04:27:09.013127+00:00,2026-05-16T04:27:09.013127+00:00,161
vehicle_positions_04_042740.parquet,OK,27005,568,False,False,,0,2026-05-16T04:27:39.899610+00:00,2026-05-16T04:27:39.899610+00:00,163
vehicle_positions_04_042810.parquet,OK,26861,566,False,False,,0,2026-05-16T04:28:10.539563+00:00,2026-05-16T04:28:10.539563+00:00,164
vehicle_positions_04_042841.parquet,OK,26949,565,False,False,,0,2026-05-16T04:28:41.219692+00:00,2026-05-16T04:28:41.219692+00:00,165
vehicle_positions_04_042912.parquet,OK,26932,568,False,False,,0,2026-05-16T04:29:11.907321+00:00,2026-05-16T04:29:11.907321+00:00,165
vehicle_positions_04_042943.parquet,OK,26927,567,False,False,,0,2026-05-16T04:29:42.573072+00:00,2026-05-16T04:29:42.573072+00:00,165
vehicle_positions_04_043013.parquet,OK,26911,567,False,False,,0,2026-05-16T04:30:13.291368+00:00,2026-05-16T04:30:13.291368+00:00,165
vehicle_positions_04_043044.parquet,OK,26917,567,False,False,,0,2026-05-16T04:30:44.014229+00:00,2026-05-16T04:30:44.014229+00:00,165
vehicle_positions_04_043115.parquet,OK,26934,566,False,False,,0,2026-05-16T04:31:14.711959+00:00,2026-05-16T04:31:14.711959+00:00,163
vehicle_positions_04_043147.parquet,OK,26883,563,False,False,,0,2026-05-16T04:31:46.610753+00:00,2026-05-16T04:31:46.610753+00:00,161
vehicle_positions_04_043218.parquet,OK,26901,561,False,False,,0,2026-05-16T04:32:17.332920+00:00,2026-05-16T04:32:17.332920+00:00,161
vehicle_positions_04_043248.parquet,OK,26846,560,False,False,,0,2026-05-16T04:32:48.383763+00:00,2026-05-16T04:32:48.383763+00:00,161
vehicle_positions_04_043319.parquet,OK,26729,558,False,False,,0,2026-05-16T04:33:19.020187+00:00,2026-05-16T04:33:19.020187+00:00,161
vehicle_positions_04_043350.parquet,OK,26698,557,False,False,,0,2026-05-16T04:33:49.816253+00:00,2026-05-16T04:33:49.816253+00:00,160
vehicle_positions_04_043421.parquet,OK,26696,557,False,False,,0,2026-05-16T04:34:20.643427+00:00,2026-05-16T04:34:20.643427+00:00,160
vehicle_positions_04_043452.parquet,OK,26642,555,False,False,,0,2026-05-16T04:34:51.465094+00:00,2026-05-16T04:34:51.465094+00:00,160
vehicle_positions_04_043623.parquet,OK,26357,548,False,False,,0,2026-05-16T04:36:22.914886+00:00,2026-05-16T04:36:22.914886+00:00,162
vehicle_positions_05_052036.parquet,OK,23560,474,False,False,,0,2026-05-16T05:20:33.527537+00:00,2026-05-16T05:20:33.527537+00:00,153
vehicle_positions_05_052109.parquet,OK,23643,474,False,False,,0,2026-05-16T05:21:07.574723+00:00,2026-05-16T05:21:07.574723+00:00,153
vehicle_positions_05_052215.parquet,OK,23570,470,False,False,,0,2026-05-16T05:22:09.232932+00:00,2026-05-16T05:22:09.232932+00:00,154
vehicle_positions_05_052249.parquet,OK,23180,463,False,False,,0,2026-05-16T05:22:47.119186+00:00,2026-05-16T05:22:47.119186+00:00,152
vehicle_positions_05_052323.parquet,OK,23131,464,False,False,,0,2026-05-16T05:23:20.268052+00:00,2026-05-16T05:23:20.268052+00:00,151
vehicle_positions_05_052445.parquet,OK,23182,463,False,False,,0,2026-05-16T05:24:42.714481+00:00,2026-05-16T05:24:42.714481+00:00,150
vehicle_positions_05_052526.parquet,OK,23361,463,False,False,,0,2026-05-16T05:25:16.105658+00:00,2026-05-16T05:25:16.105658+00:00,151
vehicle_positions_05_052645.parquet,OK,23131,461,False,False,,0,2026-05-16T05:26:44.880876+00:00,2026-05-16T05:26:44.880876+00:00,151
vehicle_positions_05_052719.parquet,OK,23100,458,False,False,,0,2026-05-16T05:27:16.227817+00:00,2026-05-16T05:27:16.227817+00:00,150
vehicle_positions_05_052751.parquet,OK,22900,455,False,False,,0,2026-05-16T05:27:49.578186+00:00,2026-05-16T05:27:49.578186+00:00,150
vehicle_positions_05_052826.parquet,OK,22976,456,False,False,,0,2026-05-16T05:28:25.401363+00:00,2026-05-16T05:28:25.401363+00:00,148
vehicle_positions_05_053126.parquet,OK,23022,455,False,False,,0,2026-05-16T05:31:18.488925+00:00,2026-05-16T05:31:18.488925+00:00,147
vehicle_positions_05_053248.parquet,OK,22795,452,False,False,,0,2026-05-16T05:32:42.538618+00:00,2026-05-16T05:32:42.538618+00:00,147
vehicle_positions_05_053320.parquet,OK,22811,450,False,False,,0,2026-05-16T05:33:18.679344+00:00,2026-05-16T05:33:18.679344+00:00,147
vehicle_positions_05_053404.parquet,OK,22659,447,False,False,,0,2026-05-16T05:33:50.902053+00:00,2026-05-16T05:33:50.902053+00:00,147
vehicle_positions_05_053437.parquet,OK,22743,447,False,False,,0,2026-05-16T05:34:34.820143+00:00,2026-05-16T05:34:34.820143+00:00,149
vehicle_positions_05_053527.parquet,OK,22630,446,False,False,,0,2026-05-16T05:35:08.682654+00:00,2026-05-16T05:35:08.682654+00:00,149
vehicle_positions_05_053558.parquet,OK,22633,447,False,False,,0,2026-05-16T05:35:58.001406+00:00,2026-05-16T05:35:58.001406+00:00,149
vehicle_positions_05_053634.parquet,OK,22559,441,False,False,,0,2026-05-16T05:36:29.079906+00:00,2026-05-16T05:36:29.079906+00:00,148
vehicle_positions_05_053714.parquet,OK,22440,440,False,False,,0,2026-05-16T05:37:04.317619+00:00,2026-05-16T05:37:04.317619+00:00,148
vehicle_positions_05_053801.parquet,OK,22333,439,False,False,,0,2026-05-16T05:37:45.143723+00:00,2026-05-16T05:37:45.143723+00:00,147
vehicle_positions_05_053847.parquet,OK,22132,436,False,False,,0,2026-05-16T05:38:47.092425+00:00,2026-05-16T05:38:47.092425+00:00,147
vehicle_positions_05_053918.parquet,OK,22222,435,False,False,,0,2026-05-16T05:39:17.836194+00:00,2026-05-16T05:39:17.836194+00:00,148
vehicle_positions_05_053949.parquet,OK,22302,435,False,False,,0,2026-05-16T05:39:49.092995+00:00,2026-05-16T05:39:49.092995+00:00,147
vehicle_positions_05_054020.parquet,OK,22327,435,False,False,,0,2026-05-16T05:40:19.871830+00:00,2026-05-16T05:40:19.871830+00:00,146
vehicle_positions_05_054051.parquet,OK,22180,434,False,False,,0,2026-05-16T05:40:50.642606+00:00,2026-05-16T05:40:50.642606+00:00,147
vehicle_positions_05_054122.parquet,OK,22142,432,False,False,,0,2026-05-16T05:41:21.601908+00:00,2026-05-16T05:41:21.601908+00:00,147
vehicle_positions_05_054153.parquet,OK,22179,433,False,False,,0,2026-05-16T05:41:53.397235+00:00,2026-05-16T05:41:53.397235+00:00,148
vehicle_positions_05_054224.parquet,OK,22124,432,False,False,,0,2026-05-16T05:42:24.099160+00:00,2026-05-16T05:42:24.099160+00:00,148
vehicle_positions_05_054255.parquet,OK,21993,428,False,False,,0,2026-05-16T05:42:54.850862+00:00,2026-05-16T05:42:54.850862+00:00,146
vehicle_positions_05_054326.parquet,OK,21951,426,False,False,,0,2026-05-16T05:43:25.683140+00:00,2026-05-16T05:43:25.683140+00:00,146
vehicle_positions_05_054432.parquet,OK,22042,427,False,False,,0,2026-05-16T05:44:32.405960+00:00,2026-05-16T05:44:32.405960+00:00,146
vehicle_positions_05_054506.parquet,OK,21987,428,False,False,,0,2026-05-16T05:45:03.348645+00:00,2026-05-16T05:45:03.348645+00:00,148
vehicle_positions_05_054537.parquet,OK,22076,429,False,False,,0,2026-05-16T05:45:36.662973+00:00,2026-05-16T05:45:36.662973+00:00,148
vehicle_positions_05_054607.parquet,OK,22077,430,False,False,,0,2026-05-16T05:46:07.378343+00:00,2026-05-16T05:46:07.378343+00:00,148
vehicle_positions_05_054638.parquet,OK,22081,432,False,False,,0,2026-05-16T05:46:38.086133+00:00,2026-05-16T05:46:38.086133+00:00,150
vehicle_positions_05_054709.parquet,OK,22085,430,False,False,,0,2026-05-16T05:47:08.772076+00:00,2026-05-16T05:47:08.772076+00:00,151
vehicle_positions_05_054739.parquet,OK,22092,428,False,False,,0,2026-05-16T05:47:39.554557+00:00,2026-05-16T05:47:39.554557+00:00,149
vehicle_positions_05_054810.parquet,OK,21938,425,False,False,,0,2026-05-16T05:48:10.267328+00:00,2026-05-16T05:48:10.267328+00:00,148
vehicle_positions_05_054841.parquet,OK,21877,424,False,False,,0,2026-05-16T05:48:41.111255+00:00,2026-05-16T05:48:41.111255+00:00,148
vehicle_positions_05_054912.parquet,OK,21853,423,False,False,,0,2026-05-16T05:49:11.961311+00:00,2026-05-16T05:49:11.961311+00:00,148
vehicle_positions_05_054943.parquet,OK,21816,422,False,False,,0,2026-05-16T05:49:42.686586+00:00,2026-05-16T05:49:42.686586+00:00,148
vehicle_positions_05_055013.parquet,OK,21890,423,False,False,,0,2026-05-16T05:50:13.442087+00:00,2026-05-16T05:50:13.442087+00:00,147
vehicle_positions_05_055044.parquet,OK,21847,424,False,False,,0,2026-05-16T05:50:44.183037+00:00,2026-05-16T05:50:44.183037+00:00,147
vehicle_positions_05_055115.parquet,OK,21841,422,False,False,,0,2026-05-16T05:51:14.870603+00:00,2026-05-16T05:51:14.870603+00:00,146
vehicle_positions_05_055146.parquet,OK,21777,420,False,False,,0,2026-05-16T05:51:45.716310+00:00,2026-05-16T05:51:45.716310+00:00,145
vehicle_positions_05_055216.parquet,OK,21754,418,False,False,,0,2026-05-16T05:52:16.448697+00:00,2026-05-16T05:52:16.448697+00:00,146
vehicle_positions_05_055247.parquet,OK,21754,419,False,False,,0,2026-05-16T05:52:47.221991+00:00,2026-05-16T05:52:47.221991+00:00,145
vehicle_positions_05_055318.parquet,OK,21816,418,False,False,,0,2026-05-16T05:53:17.961306+00:00,2026-05-16T05:53:17.961306+00:00,144
vehicle_positions_05_055349.parquet,OK,21724,418,False,False,,0,2026-05-16T05:53:48.759957+00:00,2026-05-16T05:53:48.759957+00:00,145
vehicle_positions_05_055419.parquet,OK,21758,417,False,False,,0,2026-05-16T05:54:19.509013+00:00,2026-05-16T05:54:19.509013+00:00,144
vehicle_positions_05_055450.parquet,OK,21627,415,False,False,,0,2026-05-16T05:54:50.392092+00:00,2026-05-16T05:54:50.392092+00:00,143
vehicle_positions_05_055521.parquet,OK,21511,413,False,False,,0,2026-05-16T05:55:21.111201+00:00,2026-05-16T05:55:21.111201+00:00,144
vehicle_positions_05_055552.parquet,OK,21564,413,False,False,,0,2026-05-16T05:55:51.851820+00:00,2026-05-16T05:55:51.851820+00:00,145
vehicle_positions_05_055623.parquet,OK,21456,412,False,False,,0,2026-05-16T05:56:22.649421+00:00,2026-05-16T05:56:22.649421+00:00,144
vehicle_positions_05_055653.parquet,OK,21441,410,False,False,,0,2026-05-16T05:56:53.305831+00:00,2026-05-16T05:56:53.305831+00:00,143
vehicle_positions_05_055724.parquet,OK,21410,410,False,False,,0,2026-05-16T05:57:24.166513+00:00,2026-05-16T05:57:24.166513+00:00,144
vehicle_positions_05_055755.parquet,OK,21478,413,False,False,,0,2026-05-16T05:57:54.862555+00:00,2026-05-16T05:57:54.862555+00:00,145
vehicle_positions_05_055825.parquet,OK,21550,414,False,False,,0,2026-05-16T05:58:25.564695+00:00,2026-05-16T05:58:25.564695+00:00,145
vehicle_positions_05_055856.parquet,OK,21480,413,False,False,,0,2026-05-16T05:58:56.314336+00:00,2026-05-16T05:58:56.314336+00:00,146
vehicle_positions_05_055927.parquet,OK,21541,413,False,False,,0,2026-05-16T05:59:27.135246+00:00,2026-05-16T05:59:27.135246+00:00,146
vehicle_positions_05_055958.parquet,OK,21551,412,False,False,,0,2026-05-16T05:59:57.938031+00:00,2026-05-16T05:59:57.938031+00:00,145
vehicle_positions_06_060029.parquet,OK,21527,414,False,False,,0,2026-05-16T06:00:28.616405+00:00,2026-05-16T06:00:28.616405+00:00,145
vehicle_positions_06_060059.parquet,OK,21519,415,False,False,,0,2026-05-16T06:00:59.561673+00:00,2026-05-16T06:00:59.561673+00:00,146
vehicle_positions_06_060130.parquet,OK,21463,415,False,False,,0,2026-05-16T06:01:30.369586+00:00,2026-05-16T06:01:30.369586+00:00,146
vehicle_positions_06_060201.parquet,OK,21474,415,False,False,,0,2026-05-16T06:02:01.017846+00:00,2026-05-16T06:02:01.017846+00:00,146
vehicle_positions_06_060232.parquet,OK,21536,415,False,False,,0,2026-05-16T06:02:31.743688+00:00,2026-05-16T06:02:31.743688+00:00,146
vehicle_positions_06_060302.parquet,OK,21410,414,False,False,,0,2026-05-16T06:03:02.530372+00:00,2026-05-16T06:03:02.530372+00:00,146
vehicle_positions_06_060333.parquet,OK,21432,413,False,False,,0,2026-05-16T06:03:33.303350+00:00,2026-05-16T06:03:33.303350+00:00,146
vehicle_positions_06_060404.parquet,OK,21427,413,False,False,,0,2026-05-16T06:04:04.130293+00:00,2026-05-16T06:04:04.130293+00:00,146
vehicle_positions_06_060435.parquet,OK,21526,414,False,False,,0,2026-05-16T06:04:34.866832+00:00,2026-05-16T06:04:34.866832+00:00,146
vehicle_positions_06_060505.parquet,OK,21549,413,False,False,,0,2026-05-16T06:05:05.532244+00:00,2026-05-16T06:05:05.532244+00:00,146
vehicle_positions_06_060536.parquet,OK,21614,416,False,False,,0,2026-05-16T06:05:36.314654+00:00,2026-05-16T06:05:36.314654+00:00,146
vehicle_positions_06_060607.parquet,OK,21528,413,False,False,,0,2026-05-16T06:06:07.094060+00:00,2026-05-16T06:06:07.094060+00:00,145
vehicle_positions_06_060638.parquet,OK,21487,412,False,False,,0,2026-05-16T06:06:37.894398+00:00,2026-05-16T06:06:37.894398+00:00,145
vehicle_positions_06_060709.parquet,OK,21597,413,False,False,,0,2026-05-16T06:07:08.638854+00:00,2026-05-16T06:07:08.638854+00:00,145
vehicle_positions_06_060739.parquet,OK,21584,413,False,False,,0,2026-05-16T06:07:39.534644+00:00,2026-05-16T06:07:39.534644+00:00,145
vehicle_positions_06_060810.parquet,OK,21507,410,False,False,,0,2026-05-16T06:08:10.184047+00:00,2026-05-16T06:08:10.184047+00:00,144
vehicle_positions_06_060841.parquet,OK,21351,407,False,False,,0,2026-05-16T06:08:40.860977+00:00,2026-05-16T06:08:40.860977+00:00,144
vehicle_positions_06_060912.parquet,OK,21270,404,False,False,,0,2026-05-16T06:09:11.631760+00:00,2026-05-16T06:09:11.631760+00:00,144
vehicle_positions_06_060942.parquet,OK,21247,405,False,False,,0,2026-05-16T06:09:42.414501+00:00,2026-05-16T06:09:42.414501+00:00,144
vehicle_positions_06_061013.parquet,OK,21242,404,False,False,,0,2026-05-16T06:10:13.084420+00:00,2026-05-16T06:10:13.084420+00:00,143
vehicle_positions_06_061044.parquet,OK,21239,405,False,False,,0,2026-05-16T06:10:43.768530+00:00,2026-05-16T06:10:43.768530+00:00,144
vehicle_positions_06_061114.parquet,OK,21211,404,False,False,,0,2026-05-16T06:11:14.566583+00:00,2026-05-16T06:11:14.566583+00:00,143
vehicle_positions_06_061145.parquet,OK,21050,400,False,False,,0,2026-05-16T06:11:45.344447+00:00,2026-05-16T06:11:45.344447+00:00,143
vehicle_positions_06_061216.parquet,OK,21224,402,False,False,,0,2026-05-16T06:12:16.197858+00:00,2026-05-16T06:12:16.197858+00:00,143
vehicle_positions_06_061247.parquet,OK,21151,401,False,False,,0,2026-05-16T06:12:47.047097+00:00,2026-05-16T06:12:47.047097+00:00,143
vehicle_positions_06_061318.parquet,OK,21192,401,False,False,,0,2026-05-16T06:13:17.768220+00:00,2026-05-16T06:13:17.768220+00:00,144
vehicle_positions_06_061349.parquet,OK,21179,402,False,False,,0,2026-05-16T06:13:49.411537+00:00,2026-05-16T06:13:49.411537+00:00,145
vehicle_positions_06_061420.parquet,OK,21272,403,False,False,,0,2026-05-16T06:14:20.134869+00:00,2026-05-16T06:14:20.134869+00:00,147
vehicle_positions_06_061451.parquet,OK,21297,403,False,False,,0,2026-05-16T06:14:51.055491+00:00,2026-05-16T06:14:51.055491+00:00,147
vehicle_positions_06_061522.parquet,OK,21047,399,False,False,,0,2026-05-16T06:15:21.743760+00:00,2026-05-16T06:15:21.743760+00:00,145
vehicle_positions_06_061553.parquet,OK,21074,399,False,False,,0,2026-05-16T06:15:52.615090+00:00,2026-05-16T06:15:52.615090+00:00,145
vehicle_positions_06_061623.parquet,OK,21043,399,False,False,,0,2026-05-16T06:16:23.452405+00:00,2026-05-16T06:16:23.452405+00:00,145
vehicle_positions_06_061654.parquet,OK,20995,397,False,False,,0,2026-05-16T06:16:54.154674+00:00,2026-05-16T06:16:54.154674+00:00,145
vehicle_positions_06_061725.parquet,OK,20954,396,False,False,,0,2026-05-16T06:17:25.113033+00:00,2026-05-16T06:17:25.113033+00:00,145
vehicle_positions_06_061756.parquet,OK,20974,396,False,False,,0,2026-05-16T06:17:55.880733+00:00,2026-05-16T06:17:55.880733+00:00,145
vehicle_positions_06_061827.parquet,OK,20968,397,False,False,,0,2026-05-16T06:18:26.568860+00:00,2026-05-16T06:18:26.568860+00:00,144
vehicle_positions_06_061857.parquet,OK,20973,395,False,False,,0,2026-05-16T06:18:57.266666+00:00,2026-05-16T06:18:57.266666+00:00,143
vehicle_positions_06_061928.parquet,OK,20977,395,False,False,,0,2026-05-16T06:19:27.959899+00:00,2026-05-16T06:19:27.959899+00:00,143
vehicle_positions_06_061959.parquet,OK,20974,396,False,False,,0,2026-05-16T06:19:58.727939+00:00,2026-05-16T06:19:58.727939+00:00,143
vehicle_positions_06_062029.parquet,OK,21012,396,False,False,,0,2026-05-16T06:20:29.468093+00:00,2026-05-16T06:20:29.468093+00:00,143
vehicle_positions_06_062101.parquet,OK,20978,395,False,False,,0,2026-05-16T06:21:00.138000+00:00,2026-05-16T06:21:00.138000+00:00,142
vehicle_positions_06_062131.parquet,OK,20879,393,False,False,,0,2026-05-16T06:21:31.237887+00:00,2026-05-16T06:21:31.237887+00:00,140
vehicle_positions_06_062202.parquet,OK,20730,389,False,False,,0,2026-05-16T06:22:01.991064+00:00,2026-05-16T06:22:01.991064+00:00,138
vehicle_positions_06_062233.parquet,OK,20756,389,False,False,,0,2026-05-16T06:22:32.691614+00:00,2026-05-16T06:22:32.691614+00:00,139
vehicle_positions_06_062303.parquet,OK,20766,391,False,False,,0,2026-05-16T06:23:03.473324+00:00,2026-05-16T06:23:03.473324+00:00,139
vehicle_positions_06_062334.parquet,OK,20819,391,False,False,,0,2026-05-16T06:23:34.141707+00:00,2026-05-16T06:23:34.141707+00:00,139
vehicle_positions_06_062405.parquet,OK,20510,385,False,False,,0,2026-05-16T06:24:04.896228+00:00,2026-05-16T06:24:04.896228+00:00,136
vehicle_positions_06_062436.parquet,OK,20531,384,False,False,,0,2026-05-16T06:24:35.639039+00:00,2026-05-16T06:24:35.639039+00:00,136
vehicle_positions_06_062506.parquet,OK,20508,383,False,False,,0,2026-05-16T06:25:06.451172+00:00,2026-05-16T06:25:06.451172+00:00,136
vehicle_positions_06_062537.parquet,OK,20665,387,False,False,,0,2026-05-16T06:25:37.163911+00:00,2026-05-16T06:25:37.163911+00:00,136
vehicle_positions_06_062608.parquet,OK,20657,386,False,False,,0,2026-05-16T06:26:08.031874+00:00,2026-05-16T06:26:08.031874+00:00,136
vehicle_positions_06_062639.parquet,OK,20621,386,False,False,,0,2026-05-16T06:26:38.762867+00:00,2026-05-16T06:26:38.762867+00:00,136
vehicle_positions_06_062709.parquet,OK,20682,386,False,False,,0,2026-05-16T06:27:09.510823+00:00,2026-05-16T06:27:09.510823+00:00,136
vehicle_positions_06_062740.parquet,OK,20702,389,False,False,,0,2026-05-16T06:27:40.161195+00:00,2026-05-16T06:27:40.161195+00:00,136
vehicle_positions_06_062811.parquet,OK,20684,387,False,False,,0,2026-05-16T06:28:10.933529+00:00,2026-05-16T06:28:10.933529+00:00,135
vehicle_positions_06_062842.parquet,OK,20560,385,False,False,,0,2026-05-16T06:28:41.631367+00:00,2026-05-16T06:28:41.631367+00:00,134
vehicle_positions_06_062912.parquet,OK,20516,382,False,False,,0,2026-05-16T06:29:12.527832+00:00,2026-05-16T06:29:12.527832+00:00,135
vehicle_positions_06_062943.parquet,OK,20422,380,False,False,,0,2026-05-16T06:29:43.206148+00:00,2026-05-16T06:29:43.206148+00:00,135
vehicle_positions_06_063014.parquet,OK,20403,379,False,False,,0,2026-05-16T06:30:13.974354+00:00,2026-05-16T06:30:13.974354+00:00,136
vehicle_positions_06_063045.parquet,OK,20351,379,False,False,,0,2026-05-16T06:30:44.783566+00:00,2026-05-16T06:30:44.783566+00:00,136
vehicle_positions_06_063115.parquet,OK,20403,379,False,False,,0,2026-05-16T06:31:15.495385+00:00,2026-05-16T06:31:15.495385+00:00,136
vehicle_positions_06_063146.parquet,OK,20414,378,False,False,,0,2026-05-16T06:31:46.278905+00:00,2026-05-16T06:31:46.278905+00:00,137
vehicle_positions_06_063217.parquet,OK,20250,376,False,False,,0,2026-05-16T06:32:17.037670+00:00,2026-05-16T06:32:17.037670+00:00,136
vehicle_positions_06_063248.parquet,OK,20294,376,False,False,,0,2026-05-16T06:32:47.685148+00:00,2026-05-16T06:32:47.685148+00:00,136
vehicle_positions_06_063318.parquet,OK,20168,372,False,False,,0,2026-05-16T06:33:18.346041+00:00,2026-05-16T06:33:18.346041+00:00,136
vehicle_positions_06_063349.parquet,OK,20205,373,False,False,,0,2026-05-16T06:33:49.073913+00:00,2026-05-16T06:33:49.073913+00:00,137
vehicle_positions_06_063420.parquet,OK,20156,372,False,False,,0,2026-05-16T06:34:19.834085+00:00,2026-05-16T06:34:19.834085+00:00,137
vehicle_positions_06_063450.parquet,OK,20053,369,False,False,,0,2026-05-16T06:34:50.527714+00:00,2026-05-16T06:34:50.527714+00:00,137
vehicle_positions_06_063521.parquet,OK,19951,367,False,False,,0,2026-05-16T06:35:21.274693+00:00,2026-05-16T06:35:21.274693+00:00,136
vehicle_positions_06_063552.parquet,OK,19956,367,False,False,,0,2026-05-16T06:35:51.962367+00:00,2026-05-16T06:35:51.962367+00:00,136
vehicle_positions_06_063623.parquet,OK,19861,364,False,False,,0,2026-05-16T06:36:22.714926+00:00,2026-05-16T06:36:22.714926+00:00,135
vehicle_positions_06_063653.parquet,OK,20013,365,False,False,,0,2026-05-16T06:36:53.417402+00:00,2026-05-16T06:36:53.417402+00:00,135
vehicle_positions_18_185045.parquet,OK,33676,777,False,False,,0,2026-05-16T18:50:40.614545+00:00,2026-05-16T18:50:40.614545+00:00,178
vehicle_positions_18_185120.parquet,OK,33601,776,False,False,,0,2026-05-16T18:51:19.765366+00:00,2026-05-16T18:51:19.765366+00:00,178
vehicle_positions_18_185151.parquet,OK,33576,774,False,False,,0,2026-05-16T18:51:50.542915+00:00,2026-05-16T18:51:50.542915+00:00,178
vehicle_positions_18_185221.parquet,OK,33473,773,False,False,,0,2026-05-16T18:52:21.437307+00:00,2026-05-16T18:52:21.437307+00:00,176
vehicle_positions_18_185252.parquet,OK,33348,772,False,False,,0,2026-05-16T18:52:52.227236+00:00,2026-05-16T18:52:52.227236+00:00,176
vehicle_positions_18_185323.parquet,OK,33631,775,False,False,,0,2026-05-16T18:53:23.048097+00:00,2026-05-16T18:53:23.048097+00:00,176
vehicle_positions_18_185355.parquet,OK,33651,777,False,False,,0,2026-05-16T18:53:55.374676+00:00,2026-05-16T18:53:55.374676+00:00,176
vehicle_positions_18_185426.parquet,OK,33818,781,False,False,,0,2026-05-16T18:54:26.302647+00:00,2026-05-16T18:54:26.302647+00:00,176
vehicle_positions_18_185457.parquet,OK,33774,779,False,False,,0,2026-05-16T18:54:57.148081+00:00,2026-05-16T18:54:57.148081+00:00,176
vehicle_positions_18_185528.parquet,OK,33921,782,False,False,,0,2026-05-16T18:55:28.024002+00:00,2026-05-16T18:55:28.024002+00:00,175
vehicle_positions_18_185559.parquet,OK,33867,782,False,False,,0,2026-05-16T18:55:58.955755+00:00,2026-05-16T18:55:58.955755+00:00,175
vehicle_positions_18_185630.parquet,OK,33965,782,False,False,,0,2026-05-16T18:56:29.853610+00:00,2026-05-16T18:56:29.853610+00:00,175
vehicle_positions_18_185701.parquet,OK,33951,785,False,False,,0,2026-05-16T18:57:00.690206+00:00,2026-05-16T18:57:00.690206+00:00,175
vehicle_positions_18_185732.parquet,OK,34018,786,False,False,,0,2026-05-16T18:57:31.693068+00:00,2026-05-16T18:57:31.693068+00:00,175
vehicle_positions_18_185803.parquet,OK,33953,785,False,False,,0,2026-05-16T18:58:02.510242+00:00,2026-05-16T18:58:02.510242+00:00,174
vehicle_positions_18_185834.parquet,OK,34019,786,False,False,,0,2026-05-16T18:58:33.553457+00:00,2026-05-16T18:58:33.553457+00:00,175
vehicle_positions_18_185904.parquet,OK,34127,786,False,False,,0,2026-05-16T18:59:04.324950+00:00,2026-05-16T18:59:04.324950+00:00,177
vehicle_positions_18_185935.parquet,OK,33873,785,False,False,,0,2026-05-16T18:59:35.082649+00:00,2026-05-16T18:59:35.082649+00:00,176
vehicle_positions_19_190006.parquet,OK,33957,785,False,False,,0,2026-05-16T19:00:05.850428+00:00,2026-05-16T19:00:05.850428+00:00,176
vehicle_positions_19_190037.parquet,OK,33864,783,False,False,,0,2026-05-16T19:00:36.834332+00:00,2026-05-16T19:00:36.834332+00:00,176
vehicle_positions_19_190108.parquet,OK,33960,786,False,False,,0,2026-05-16T19:01:07.627338+00:00,2026-05-16T19:01:07.627338+00:00,176
vehicle_positions_19_190139.parquet,OK,34185,786,False,False,,0,2026-05-16T19:01:38.434417+00:00,2026-05-16T19:01:38.434417+00:00,176
vehicle_positions_19_190209.parquet,OK,34150,786,False,False,,0,2026-05-16T19:02:09.386688+00:00,2026-05-16T19:02:09.386688+00:00,174
vehicle_positions_19_190240.parquet,OK,33803,785,False,False,,0,2026-05-16T19:02:40.278699+00:00,2026-05-16T19:02:40.278699+00:00,175
vehicle_positions_19_190311.parquet,OK,33734,781,False,False,,0,2026-05-16T19:03:11.047699+00:00,2026-05-16T19:03:11.047699+00:00,174
vehicle_positions_19_190342.parquet,OK,33668,784,False,False,,0,2026-05-16T19:03:41.957964+00:00,2026-05-16T19:03:41.957964+00:00,174
vehicle_positions_19_190413.parquet,OK,33932,786,False,False,,0,2026-05-16T19:04:12.780794+00:00,2026-05-16T19:04:12.780794+00:00,174
vehicle_positions_19_190444.parquet,OK,33908,784,False,False,,0,2026-05-16T19:04:43.541839+00:00,2026-05-16T19:04:43.541839+00:00,174
vehicle_positions_19_190514.parquet,OK,33925,784,False,False,,0,2026-05-16T19:05:14.361601+00:00,2026-05-16T19:05:14.361601+00:00,173
vehicle_positions_19_190545.parquet,OK,33881,788,False,False,,0,2026-05-16T19:05:45.155707+00:00,2026-05-16T19:05:45.155707+00:00,173
vehicle_positions_19_190616.parquet,OK,33890,787,False,False,,0,2026-05-16T19:06:15.961340+00:00,2026-05-16T19:06:15.961340+00:00,173
vehicle_positions_19_190647.parquet,OK,33841,789,False,False,,0,2026-05-16T19:06:47.059531+00:00,2026-05-16T19:06:47.059531+00:00,172
vehicle_positions_19_190718.parquet,OK,33919,788,False,False,,0,2026-05-16T19:07:17.929132+00:00,2026-05-16T19:07:17.929132+00:00,173
vehicle_positions_19_190749.parquet,OK,34008,792,False,False,,0,2026-05-16T19:07:48.750348+00:00,2026-05-16T19:07:48.750348+00:00,173
vehicle_positions_19_190820.parquet,OK,34262,793,False,False,,0,2026-05-16T19:08:19.528500+00:00,2026-05-16T19:08:19.528500+00:00,175
vehicle_positions_19_190850.parquet,OK,34198,793,False,False,,0,2026-05-16T19:08:50.349813+00:00,2026-05-16T19:08:50.349813+00:00,175
vehicle_positions_19_190921.parquet,OK,34291,792,False,False,,0,2026-05-16T19:09:21.090947+00:00,2026-05-16T19:09:21.090947+00:00,175
vehicle_positions_19_190952.parquet,OK,34297,792,False,False,,0,2026-05-16T19:09:51.891096+00:00,2026-05-16T19:09:51.891096+00:00,177
vehicle_positions_19_191023.parquet,OK,34289,793,False,False,,0,2026-05-16T19:10:22.821102+00:00,2026-05-16T19:10:22.821102+00:00,177
vehicle_positions_19_191054.parquet,OK,34088,792,False,False,,0,2026-05-16T19:10:53.553315+00:00,2026-05-16T19:10:53.553315+00:00,177
vehicle_positions_19_191124.parquet,OK,34080,791,False,False,,0,2026-05-16T19:11:24.342178+00:00,2026-05-16T19:11:24.342178+00:00,177
vehicle_positions_19_191155.parquet,OK,34314,794,False,False,,0,2026-05-16T19:11:55.264868+00:00,2026-05-16T19:11:55.264868+00:00,176
vehicle_positions_19_191226.parquet,OK,34287,795,False,False,,0,2026-05-16T19:12:26.233300+00:00,2026-05-16T19:12:26.233300+00:00,176
vehicle_positions_19_191257.parquet,OK,34310,797,False,False,,0,2026-05-16T19:12:57.039271+00:00,2026-05-16T19:12:57.039271+00:00,176
vehicle_positions_19_191328.parquet,OK,34321,800,False,False,,0,2026-05-16T19:13:27.837252+00:00,2026-05-16T19:13:27.837252+00:00,176
vehicle_positions_19_191359.parquet,OK,34377,799,False,False,,0,2026-05-16T19:13:58.606663+00:00,2026-05-16T19:13:58.606663+00:00,176
vehicle_positions_19_191429.parquet,OK,34554,799,False,False,,0,2026-05-16T19:14:29.349405+00:00,2026-05-16T19:14:29.349405+00:00,175
vehicle_positions_19_191500.parquet,OK,34326,799,False,False,,0,2026-05-16T19:15:00.223433+00:00,2026-05-16T19:15:00.223433+00:00,175
vehicle_positions_19_191531.parquet,OK,34282,800,False,False,,0,2026-05-16T19:15:31.092939+00:00,2026-05-16T19:15:31.092939+00:00,174
vehicle_positions_19_191602.parquet,OK,34483,802,False,False,,0,2026-05-16T19:16:02.179985+00:00,2026-05-16T19:16:02.179985+00:00,175
vehicle_positions_19_191633.parquet,OK,34591,802,False,False,,0,2026-05-16T19:16:33.102764+00:00,2026-05-16T19:16:33.102764+00:00,175
vehicle_positions_19_191704.parquet,OK,34476,800,False,False,,0,2026-05-16T19:17:03.888976+00:00,2026-05-16T19:17:03.888976+00:00,175
vehicle_positions_19_191735.parquet,OK,34314,799,False,False,,0,2026-05-16T19:17:34.666672+00:00,2026-05-16T19:17:34.666672+00:00,175
vehicle_positions_19_191805.parquet,OK,34359,799,False,False,,0,2026-05-16T19:18:05.432648+00:00,2026-05-16T19:18:05.432648+00:00,175
vehicle_positions_19_191836.parquet,OK,34323,798,False,False,,0,2026-05-16T19:18:36.330013+00:00,2026-05-16T19:18:36.330013+00:00,175
vehicle_positions_19_191907.parquet,OK,34424,799,False,False,,0,2026-05-16T19:19:07.168960+00:00,2026-05-16T19:19:07.168960+00:00,175
vehicle_positions_19_191938.parquet,OK,34268,797,False,False,,0,2026-05-16T19:19:37.957985+00:00,2026-05-16T19:19:37.957985+00:00,175
vehicle_positions_19_192009.parquet,OK,34391,799,False,False,,0,2026-05-16T19:20:08.801154+00:00,2026-05-16T19:20:08.801154+00:00,175
vehicle_positions_19_192040.parquet,OK,34635,803,False,False,,0,2026-05-16T19:20:39.729829+00:00,2026-05-16T19:20:39.729829+00:00,175
vehicle_positions_19_192110.parquet,OK,34590,805,False,False,,0,2026-05-16T19:21:10.485833+00:00,2026-05-16T19:21:10.485833+00:00,175
vehicle_positions_19_192141.parquet,OK,34484,801,False,False,,0,2026-05-16T19:21:41.219884+00:00,2026-05-16T19:21:41.219884+00:00,175
vehicle_positions_19_192213.parquet,OK,34398,801,False,False,,0,2026-05-16T19:22:12.562482+00:00,2026-05-16T19:22:12.562482+00:00,175
vehicle_positions_19_192244.parquet,OK,34199,797,False,False,,0,2026-05-16T19:22:43.502570+00:00,2026-05-16T19:22:43.502570+00:00,175
vehicle_positions_19_192344.parquet,OK,34230,797,False,False,,0,2026-05-16T19:23:44.170900+00:00,2026-05-16T19:23:44.170900+00:00,175
vehicle_positions_19_192415.parquet,OK,34288,799,False,False,,0,2026-05-16T19:24:14.994677+00:00,2026-05-16T19:24:14.994677+00:00,175
vehicle_positions_19_192446.parquet,OK,34277,800,False,False,,0,2026-05-16T19:24:45.941921+00:00,2026-05-16T19:24:45.941921+00:00,176
vehicle_positions_19_192517.parquet,OK,34316,801,False,False,,0,2026-05-16T19:25:16.918442+00:00,2026-05-16T19:25:16.918442+00:00,174
vehicle_positions_19_192548.parquet,OK,34528,802,False,False,,0,2026-05-16T19:25:47.704144+00:00,2026-05-16T19:25:47.704144+00:00,174
vehicle_positions_19_192618.parquet,OK,34468,803,False,False,,0,2026-05-16T19:26:18.455211+00:00,2026-05-16T19:26:18.455211+00:00,174
vehicle_positions_19_192649.parquet,OK,34291,801,False,False,,0,2026-05-16T19:26:49.249226+00:00,2026-05-16T19:26:49.249226+00:00,175
vehicle_positions_19_192720.parquet,OK,34311,799,False,False,,0,2026-05-16T19:27:20.098762+00:00,2026-05-16T19:27:20.098762+00:00,174
vehicle_positions_19_192751.parquet,OK,34335,800,False,False,,0,2026-05-16T19:27:50.901682+00:00,2026-05-16T19:27:50.901682+00:00,175
vehicle_positions_19_192822.parquet,OK,34436,802,False,False,,0,2026-05-16T19:28:21.885052+00:00,2026-05-16T19:28:21.885052+00:00,175
vehicle_positions_19_192853.parquet,OK,34554,806,False,False,,0,2026-05-16T19:28:53.209242+00:00,2026-05-16T19:28:53.209242+00:00,176
vehicle_positions_19_192924.parquet,OK,34575,807,False,False,,0,2026-05-16T19:29:23.988877+00:00,2026-05-16T19:29:23.988877+00:00,176
vehicle_positions_19_192955.parquet,OK,34470,804,False,False,,0,2026-05-16T19:29:54.898820+00:00,2026-05-16T19:29:54.898820+00:00,175
vehicle_positions_19_193026.parquet,OK,34475,807,False,False,,0,2026-05-16T19:30:25.746150+00:00,2026-05-16T19:30:25.746150+00:00,175
vehicle_positions_19_193057.parquet,OK,34542,808,False,False,,0,2026-05-16T19:30:56.726980+00:00,2026-05-16T19:30:56.726980+00:00,175
vehicle_positions_19_193128.parquet,OK,34651,809,False,False,,0,2026-05-16T19:31:27.572133+00:00,2026-05-16T19:31:27.572133+00:00,175
vehicle_positions_19_193159.parquet,OK,34618,811,False,False,,0,2026-05-16T19:31:58.397843+00:00,2026-05-16T19:31:58.397843+00:00,174
vehicle_positions_19_193230.parquet,OK,34706,809,False,False,,0,2026-05-16T19:32:29.614729+00:00,2026-05-16T19:32:29.614729+00:00,174
vehicle_positions_19_193300.parquet,OK,34645,810,False,False,,0,2026-05-16T19:33:00.453434+00:00,2026-05-16T19:33:00.453434+00:00,175
vehicle_positions_19_193331.parquet,OK,34588,808,False,False,,0,2026-05-16T19:33:31.254573+00:00,2026-05-16T19:33:31.254573+00:00,175
vehicle_positions_19_193402.parquet,OK,34475,807,False,False,,0,2026-05-16T19:34:02.125373+00:00,2026-05-16T19:34:02.125373+00:00,176
vehicle_positions_19_193433.parquet,OK,34466,807,False,False,,0,2026-05-16T19:34:33.518127+00:00,2026-05-16T19:34:33.518127+00:00,176
vehicle_positions_19_193504.parquet,OK,34634,810,False,False,,0,2026-05-16T19:35:04.334495+00:00,2026-05-16T19:35:04.334495+00:00,176
vehicle_positions_19_193535.parquet,OK,34700,810,False,False,,0,2026-05-16T19:35:35.151156+00:00,2026-05-16T19:35:35.151156+00:00,176
vehicle_positions_19_193606.parquet,OK,34783,812,False,False,,0,2026-05-16T19:36:05.868218+00:00,2026-05-16T19:36:05.868218+00:00,176
vehicle_positions_19_193637.parquet,OK,34668,814,False,False,,0,2026-05-16T19:36:36.616392+00:00,2026-05-16T19:36:36.616392+00:00,176
vehicle_positions_19_193707.parquet,OK,34767,815,False,False,,0,2026-05-16T19:37:07.493296+00:00,2026-05-16T19:37:07.493296+00:00,175
vehicle_positions_19_193738.parquet,OK,34838,816,False,False,,0,2026-05-16T19:37:38.280749+00:00,2026-05-16T19:37:38.280749+00:00,175
vehicle_positions_19_193809.parquet,OK,34844,815,False,False,,0,2026-05-16T19:38:09.053127+00:00,2026-05-16T19:38:09.053127+00:00,175
vehicle_positions_19_193840.parquet,OK,34784,815,False,False,,0,2026-05-16T19:38:39.854087+00:00,2026-05-16T19:38:39.854087+00:00,176
vehicle_positions_19_193911.parquet,OK,34791,814,False,False,,0,2026-05-16T19:39:10.715584+00:00,2026-05-16T19:39:10.715584+00:00,176
vehicle_positions_19_193942.parquet,OK,34836,811,False,False,,0,2026-05-16T19:39:41.555481+00:00,2026-05-16T19:39:41.555481+00:00,176
vehicle_positions_19_194013.parquet,OK,34709,810,False,False,,0,2026-05-16T19:40:12.478088+00:00,2026-05-16T19:40:12.478088+00:00,176
vehicle_positions_19_194044.parquet,OK,34746,812,False,False,,0,2026-05-16T19:40:43.514968+00:00,2026-05-16T19:40:43.514968+00:00,176
vehicle_positions_19_194115.parquet,OK,34950,813,False,False,,0,2026-05-16T19:41:14.655902+00:00,2026-05-16T19:41:14.655902+00:00,176
vehicle_positions_19_194145.parquet,OK,34912,814,False,False,,0,2026-05-16T19:41:45.481416+00:00,2026-05-16T19:41:45.481416+00:00,176
vehicle_positions_19_194216.parquet,OK,34867,814,False,False,,0,2026-05-16T19:42:16.296299+00:00,2026-05-16T19:42:16.296299+00:00,176
vehicle_positions_19_194249.parquet,OK,34958,814,False,False,,0,2026-05-16T19:42:48.559432+00:00,2026-05-16T19:42:48.559432+00:00,176
vehicle_positions_19_194319.parquet,OK,34836,812,False,False,,0,2026-05-16T19:43:19.351070+00:00,2026-05-16T19:43:19.351070+00:00,176
vehicle_positions_19_194350.parquet,OK,34742,809,False,False,,0,2026-05-16T19:43:50.156734+00:00,2026-05-16T19:43:50.156734+00:00,176
vehicle_positions_19_194421.parquet,OK,34587,805,False,False,,0,2026-05-16T19:44:20.940732+00:00,2026-05-16T19:44:20.940732+00:00,176
vehicle_positions_19_194452.parquet,OK,34823,810,False,False,,0,2026-05-16T19:44:51.720401+00:00,2026-05-16T19:44:51.720401+00:00,176
vehicle_positions_19_194523.parquet,OK,34936,813,False,False,,0,2026-05-16T19:45:22.566730+00:00,2026-05-16T19:45:22.566730+00:00,176
vehicle_positions_19_194553.parquet,OK,34887,816,False,False,,0,2026-05-16T19:45:53.312566+00:00,2026-05-16T19:45:53.312566+00:00,176
vehicle_positions_19_194624.parquet,OK,35133,819,False,False,,0,2026-05-16T19:46:24.098625+00:00,2026-05-16T19:46:24.098625+00:00,176
vehicle_positions_19_194655.parquet,OK,35117,821,False,False,,0,2026-05-16T19:46:55.137285+00:00,2026-05-16T19:46:55.137285+00:00,176
vehicle_positions_19_194726.parquet,OK,35186,820,False,False,,0,2026-05-16T19:47:26.087192+00:00,2026-05-16T19:47:26.087192+00:00,175
vehicle_positions_19_194757.parquet,OK,34956,818,False,False,,0,2026-05-16T19:47:56.856187+00:00,2026-05-16T19:47:56.856187+00:00,175
vehicle_positions_19_194828.parquet,OK,35045,819,False,False,,0,2026-05-16T19:48:27.644755+00:00,2026-05-16T19:48:27.644755+00:00,175
vehicle_positions_19_194858.parquet,OK,35091,818,False,False,,0,2026-05-16T19:48:58.388547+00:00,2026-05-16T19:48:58.388547+00:00,175
vehicle_positions_19_194929.parquet,OK,35121,818,False,False,,0,2026-05-16T19:49:29.215071+00:00,2026-05-16T19:49:29.215071+00:00,174
vehicle_positions_19_195000.parquet,OK,35139,819,False,False,,0,2026-05-16T19:50:00.095054+00:00,2026-05-16T19:50:00.095054+00:00,175
vehicle_positions_19_195031.parquet,OK,35133,821,False,False,,0,2026-05-16T19:50:30.992142+00:00,2026-05-16T19:50:30.992142+00:00,175
vehicle_positions_19_195102.parquet,OK,35141,819,False,False,,0,2026-05-16T19:51:01.851163+00:00,2026-05-16T19:51:01.851163+00:00,175
vehicle_positions_19_195133.parquet,OK,35013,818,False,False,,0,2026-05-16T19:51:32.777414+00:00,2026-05-16T19:51:32.777414+00:00,173
vehicle_positions_19_195203.parquet,OK,34924,818,False,False,,0,2026-05-16T19:52:03.519756+00:00,2026-05-16T19:52:03.519756+00:00,173
vehicle_positions_19_195234.parquet,OK,35008,821,False,False,,0,2026-05-16T19:52:34.271292+00:00,2026-05-16T19:52:34.271292+00:00,175
vehicle_positions_19_195306.parquet,OK,35115,823,False,False,,0,2026-05-16T19:53:05.089799+00:00,2026-05-16T19:53:05.089799+00:00,175
vehicle_positions_19_195336.parquet,OK,35060,821,False,False,,0,2026-05-16T19:53:36.376414+00:00,2026-05-16T19:53:36.376414+00:00,174
vehicle_positions_19_195407.parquet,OK,35010,821,False,False,,0,2026-05-16T19:54:07.173592+00:00,2026-05-16T19:54:07.173592+00:00,173
vehicle_positions_19_195438.parquet,OK,34950,820,False,False,,0,2026-05-16T19:54:37.903325+00:00,2026-05-16T19:54:37.903325+00:00,173
vehicle_positions_19_195509.parquet,OK,34962,819,False,False,,0,2026-05-16T19:55:08.759305+00:00,2026-05-16T19:55:08.759305+00:00,173
vehicle_positions_19_195540.parquet,OK,34995,821,False,False,,0,2026-05-16T19:55:39.597830+00:00,2026-05-16T19:55:39.597830+00:00,175
vehicle_positions_19_195611.parquet,OK,35087,823,False,False,,0,2026-05-16T19:56:10.966997+00:00,2026-05-16T19:56:10.966997+00:00,174
vehicle_positions_19_195642.parquet,OK,35127,823,False,False,,0,2026-05-16T19:56:41.842188+00:00,2026-05-16T19:56:41.842188+00:00,174
vehicle_positions_19_195713.parquet,OK,35053,821,False,False,,0,2026-05-16T19:57:12.671872+00:00,2026-05-16T19:57:12.671872+00:00,174
vehicle_positions_19_195743.parquet,OK,35197,823,False,False,,0,2026-05-16T19:57:43.534586+00:00,2026-05-16T19:57:43.534586+00:00,174
vehicle_positions_19_195814.parquet,OK,35345,825,False,False,,0,2026-05-16T19:58:14.303013+00:00,2026-05-16T19:58:14.303013+00:00,174
vehicle_positions_19_195845.parquet,OK,35180,824,False,False,,0,2026-05-16T19:58:44.980167+00:00,2026-05-16T19:58:44.980167+00:00,175
vehicle_positions_19_195916.parquet,OK,35151,821,False,False,,0,2026-05-16T19:59:15.822298+00:00,2026-05-16T19:59:15.822298+00:00,174
vehicle_positions_19_195947.parquet,OK,35200,822,False,False,,0,2026-05-16T19:59:46.840182+00:00,2026-05-16T19:59:46.840182+00:00,174
vehicle_positions_20_200018.parquet,OK,35016,822,False,False,,0,2026-05-16T20:00:17.608044+00:00,2026-05-16T20:00:17.608044+00:00,174
vehicle_positions_20_200049.parquet,OK,35121,824,False,False,,0,2026-05-16T20:00:48.620231+00:00,2026-05-16T20:00:48.620231+00:00,174
vehicle_positions_20_200119.parquet,OK,35121,822,False,False,,0,2026-05-16T20:01:19.365784+00:00,2026-05-16T20:01:19.365784+00:00,174
vehicle_positions_20_200150.parquet,OK,35011,822,False,False,,0,2026-05-16T20:01:50.212325+00:00,2026-05-16T20:01:50.212325+00:00,174
vehicle_positions_20_200221.parquet,OK,35156,825,False,False,,0,2026-05-16T20:02:20.912869+00:00,2026-05-16T20:02:20.912869+00:00,173
vehicle_positions_20_200252.parquet,OK,35230,826,False,False,,0,2026-05-16T20:02:51.622305+00:00,2026-05-16T20:02:51.622305+00:00,174
vehicle_positions_20_200323.parquet,OK,35216,827,False,False,,0,2026-05-16T20:03:22.659701+00:00,2026-05-16T20:03:22.659701+00:00,173
vehicle_positions_20_200355.parquet,OK,35264,831,False,False,,0,2026-05-16T20:03:54.879048+00:00,2026-05-16T20:03:54.879048+00:00,173
vehicle_positions_20_200426.parquet,OK,35251,829,False,False,,0,2026-05-16T20:04:25.653259+00:00,2026-05-16T20:04:25.653259+00:00,174
vehicle_positions_20_200456.parquet,OK,35217,830,False,False,,0,2026-05-16T20:04:56.412507+00:00,2026-05-16T20:04:56.412507+00:00,174
vehicle_positions_20_200528.parquet,OK,35406,833,False,False,,0,2026-05-16T20:05:27.361927+00:00,2026-05-16T20:05:27.361927+00:00,175
vehicle_positions_20_200558.parquet,OK,35555,838,False,False,,0,2026-05-16T20:05:58.309334+00:00,2026-05-16T20:05:58.309334+00:00,176
vehicle_positions_20_200629.parquet,OK,35725,838,False,False,,0,2026-05-16T20:06:29.069119+00:00,2026-05-16T20:06:29.069119+00:00,176
vehicle_positions_20_200700.parquet,OK,35479,834,False,False,,0,2026-05-16T20:06:59.951493+00:00,2026-05-16T20:06:59.951493+00:00,176
vehicle_positions_20_200731.parquet,OK,35374,835,False,False,,0,2026-05-16T20:07:30.709412+00:00,2026-05-16T20:07:30.709412+00:00,176
vehicle_positions_20_200802.parquet,OK,35530,834,False,False,,0,2026-05-16T20:08:01.778472+00:00,2026-05-16T20:08:01.778472+00:00,176
vehicle_positions_20_200833.parquet,OK,35513,835,False,False,,0,2026-05-16T20:08:32.544422+00:00,2026-05-16T20:08:32.544422+00:00,177
vehicle_positions_20_200903.parquet,OK,35454,835,False,False,,0,2026-05-16T20:09:03.381836+00:00,2026-05-16T20:09:03.381836+00:00,178
vehicle_positions_20_200934.parquet,OK,35574,837,False,False,,0,2026-05-16T20:09:34.111558+00:00,2026-05-16T20:09:34.111558+00:00,177
vehicle_positions_20_201007.parquet,OK,35485,838,False,False,,0,2026-05-16T20:10:07.075804+00:00,2026-05-16T20:10:07.075804+00:00,177
vehicle_positions_20_201039.parquet,OK,35603,839,False,False,,0,2026-05-16T20:10:38.497346+00:00,2026-05-16T20:10:38.497346+00:00,176
vehicle_positions_20_201109.parquet,OK,35664,839,False,False,,0,2026-05-16T20:11:09.457380+00:00,2026-05-16T20:11:09.457380+00:00,176
vehicle_positions_20_201140.parquet,OK,35684,838,False,False,,0,2026-05-16T20:11:40.187402+00:00,2026-05-16T20:11:40.187402+00:00,176
vehicle_positions_20_201211.parquet,OK,35554,838,False,False,,0,2026-05-16T20:12:10.985693+00:00,2026-05-16T20:12:10.985693+00:00,176
vehicle_positions_20_201242.parquet,OK,35833,838,False,False,,0,2026-05-16T20:12:41.817738+00:00,2026-05-16T20:12:41.817738+00:00,176
vehicle_positions_20_201313.parquet,OK,35734,840,False,False,,0,2026-05-16T20:13:12.783092+00:00,2026-05-16T20:13:12.783092+00:00,177
vehicle_positions_20_201344.parquet,OK,35560,838,False,False,,0,2026-05-16T20:13:43.594049+00:00,2026-05-16T20:13:43.594049+00:00,177
vehicle_positions_20_201414.parquet,OK,35886,839,False,False,,0,2026-05-16T20:14:14.410261+00:00,2026-05-16T20:14:14.410261+00:00,177
vehicle_positions_20_201445.parquet,OK,35655,838,False,False,,0,2026-05-16T20:14:45.292549+00:00,2026-05-16T20:14:45.292549+00:00,177
vehicle_positions_20_201516.parquet,OK,35560,837,False,False,,0,2026-05-16T20:15:16.160132+00:00,2026-05-16T20:15:16.160132+00:00,175
vehicle_positions_20_201547.parquet,OK,35518,838,False,False,,0,2026-05-16T20:15:47.021224+00:00,2026-05-16T20:15:47.021224+00:00,176
vehicle_positions_20_201620.parquet,OK,35562,839,False,False,,0,2026-05-16T20:16:19.515830+00:00,2026-05-16T20:16:19.515830+00:00,177
vehicle_positions_20_201651.parquet,OK,35669,841,False,False,,0,2026-05-16T20:16:50.589542+00:00,2026-05-16T20:16:50.589542+00:00,177
vehicle_positions_20_201721.parquet,OK,35598,839,False,False,,0,2026-05-16T20:17:21.351715+00:00,2026-05-16T20:17:21.351715+00:00,176
vehicle_positions_20_201752.parquet,OK,35685,840,False,False,,0,2026-05-16T20:17:52.273002+00:00,2026-05-16T20:17:52.273002+00:00,176
vehicle_positions_20_201823.parquet,OK,35621,840,False,False,,0,2026-05-16T20:18:23.079653+00:00,2026-05-16T20:18:23.079653+00:00,176
vehicle_positions_20_201854.parquet,OK,35907,843,False,False,,0,2026-05-16T20:18:54.068318+00:00,2026-05-16T20:18:54.068318+00:00,176
vehicle_positions_20_201925.parquet,OK,35678,842,False,False,,0,2026-05-16T20:19:24.847494+00:00,2026-05-16T20:19:24.847494+00:00,176
vehicle_positions_20_201956.parquet,OK,35644,842,False,False,,0,2026-05-16T20:19:55.684767+00:00,2026-05-16T20:19:55.684767+00:00,176
vehicle_positions_20_202027.parquet,OK,35763,844,False,False,,0,2026-05-16T20:20:26.514642+00:00,2026-05-16T20:20:26.514642+00:00,176
vehicle_positions_20_202057.parquet,OK,35662,845,False,False,,0,2026-05-16T20:20:57.340566+00:00,2026-05-16T20:20:57.340566+00:00,176
vehicle_positions_20_202128.parquet,OK,35685,846,False,False,,0,2026-05-16T20:21:28.125896+00:00,2026-05-16T20:21:28.125896+00:00,176
vehicle_positions_20_202201.parquet,OK,35878,846,False,False,,0,2026-05-16T20:22:01.394519+00:00,2026-05-16T20:22:01.394519+00:00,175
vehicle_positions_20_202232.parquet,OK,35799,848,False,False,,0,2026-05-16T20:22:32.283859+00:00,2026-05-16T20:22:32.283859+00:00,175
vehicle_positions_20_202303.parquet,OK,35984,849,False,False,,0,2026-05-16T20:23:03.207256+00:00,2026-05-16T20:23:03.207256+00:00,175
vehicle_positions_20_202334.parquet,OK,35907,848,False,False,,0,2026-05-16T20:23:34.124516+00:00,2026-05-16T20:23:34.124516+00:00,175
vehicle_positions_20_202405.parquet,OK,36059,851,False,False,,0,2026-05-16T20:24:04.913511+00:00,2026-05-16T20:24:04.913511+00:00,175
vehicle_positions_20_202436.parquet,OK,35899,847,False,False,,0,2026-05-16T20:24:35.921715+00:00,2026-05-16T20:24:35.921715+00:00,175
vehicle_positions_20_202507.parquet,OK,35669,845,False,False,,0,2026-05-16T20:25:06.683024+00:00,2026-05-16T20:25:06.683024+00:00,175
vehicle_positions_20_202538.parquet,OK,35828,845,False,False,,0,2026-05-16T20:25:37.585638+00:00,2026-05-16T20:25:37.585638+00:00,173
vehicle_positions_20_202608.parquet,OK,35733,845,False,False,,0,2026-05-16T20:26:08.402879+00:00,2026-05-16T20:26:08.402879+00:00,173
vehicle_positions_20_202639.parquet,OK,35676,844,False,False,,0,2026-05-16T20:26:39.137648+00:00,2026-05-16T20:26:39.137648+00:00,173
vehicle_positions_20_202710.parquet,OK,35647,846,False,False,,0,2026-05-16T20:27:09.919280+00:00,2026-05-16T20:27:09.919280+00:00,174
vehicle_positions_20_202741.parquet,OK,35851,848,False,False,,0,2026-05-16T20:27:40.888324+00:00,2026-05-16T20:27:40.888324+00:00,175
vehicle_positions_20_202812.parquet,OK,35707,848,False,False,,0,2026-05-16T20:28:11.727280+00:00,2026-05-16T20:28:11.727280+00:00,175
vehicle_positions_20_202842.parquet,OK,35853,849,False,False,,0,2026-05-16T20:28:42.443140+00:00,2026-05-16T20:28:42.443140+00:00,175
vehicle_positions_21_211223.parquet,OK,36295,862,False,False,,0,2026-05-16T21:12:22.917894+00:00,2026-05-16T21:12:22.917894+00:00,175
vehicle_positions_21_211256.parquet,OK,36437,861,False,False,,0,2026-05-16T21:12:54.823102+00:00,2026-05-16T21:12:54.823102+00:00,175
vehicle_positions_21_211326.parquet,OK,36474,863,False,False,,0,2026-05-16T21:13:26.278585+00:00,2026-05-16T21:13:26.278585+00:00,174
vehicle_positions_21_211357.parquet,OK,36422,860,False,False,,0,2026-05-16T21:13:57.128056+00:00,2026-05-16T21:13:57.128056+00:00,174
vehicle_positions_21_211428.parquet,OK,36488,860,False,False,,0,2026-05-16T21:14:27.884330+00:00,2026-05-16T21:14:27.884330+00:00,175
vehicle_positions_21_211459.parquet,OK,36541,863,False,False,,0,2026-05-16T21:14:58.756294+00:00,2026-05-16T21:14:58.756294+00:00,176
vehicle_positions_21_211530.parquet,OK,36561,865,False,False,,0,2026-05-16T21:15:29.944106+00:00,2026-05-16T21:15:29.944106+00:00,177
vehicle_positions_21_211601.parquet,OK,36511,863,False,False,,0,2026-05-16T21:16:00.715783+00:00,2026-05-16T21:16:00.715783+00:00,176
vehicle_positions_21_211634.parquet,OK,36354,863,False,False,,0,2026-05-16T21:16:34.040364+00:00,2026-05-16T21:16:34.040364+00:00,176
vehicle_positions_21_211706.parquet,OK,36569,864,False,False,,0,2026-05-16T21:17:04.762531+00:00,2026-05-16T21:17:04.762531+00:00,176
vehicle_positions_21_211737.parquet,OK,36401,863,False,False,,0,2026-05-16T21:17:37.061485+00:00,2026-05-16T21:17:37.061485+00:00,176
vehicle_positions_21_211808.parquet,OK,36356,864,False,False,,0,2026-05-16T21:18:07.828791+00:00,2026-05-16T21:18:07.828791+00:00,176
vehicle_positions_21_211839.parquet,OK,36563,864,False,False,,0,2026-05-16T21:18:38.708102+00:00,2026-05-16T21:18:38.708102+00:00,176
vehicle_positions_21_211910.parquet,OK,36569,864,False,False,,0,2026-05-16T21:19:09.504800+00:00,2026-05-16T21:19:09.504800+00:00,176
vehicle_positions_21_211941.parquet,OK,36259,861,False,False,,0,2026-05-16T21:19:40.590318+00:00,2026-05-16T21:19:40.590318+00:00,177
vehicle_positions_21_212011.parquet,OK,36219,859,False,False,,0,2026-05-16T21:20:11.408775+00:00,2026-05-16T21:20:11.408775+00:00,177
vehicle_positions_21_212042.parquet,OK,36088,858,False,False,,0,2026-05-16T21:20:42.290856+00:00,2026-05-16T21:20:42.290856+00:00,178
vehicle_positions_21_212113.parquet,OK,36287,862,False,False,,0,2026-05-16T21:21:13.065114+00:00,2026-05-16T21:21:13.065114+00:00,179
vehicle_positions_21_212144.parquet,OK,36300,862,False,False,,0,2026-05-16T21:21:44.428309+00:00,2026-05-16T21:21:44.428309+00:00,179
vehicle_positions_21_212215.parquet,OK,36126,862,False,False,,0,2026-05-16T21:22:15.289694+00:00,2026-05-16T21:22:15.289694+00:00,178
vehicle_positions_21_212246.parquet,OK,36160,862,False,False,,0,2026-05-16T21:22:46.099738+00:00,2026-05-16T21:22:46.099738+00:00,178
vehicle_positions_21_212317.parquet,OK,36174,861,False,False,,0,2026-05-16T21:23:16.963023+00:00,2026-05-16T21:23:16.963023+00:00,178
vehicle_positions_21_212348.parquet,OK,36037,860,False,False,,0,2026-05-16T21:23:47.805913+00:00,2026-05-16T21:23:47.805913+00:00,178
vehicle_positions_21_212419.parquet,OK,36096,862,False,False,,0,2026-05-16T21:24:18.562965+00:00,2026-05-16T21:24:18.562965+00:00,177
vehicle_positions_21_212449.parquet,OK,36373,865,False,False,,0,2026-05-16T21:24:49.380345+00:00,2026-05-16T21:24:49.380345+00:00,176
vehicle_positions_21_212520.parquet,OK,36154,862,False,False,,0,2026-05-16T21:25:20.202872+00:00,2026-05-16T21:25:20.202872+00:00,175
vehicle_positions_21_212551.parquet,OK,36136,864,False,False,,0,2026-05-16T21:25:51.030793+00:00,2026-05-16T21:25:51.030793+00:00,175
vehicle_positions_21_212622.parquet,OK,36160,864,False,False,,0,2026-05-16T21:26:21.865289+00:00,2026-05-16T21:26:21.865289+00:00,177
vehicle_positions_21_212653.parquet,OK,36437,866,False,False,,0,2026-05-16T21:26:52.794495+00:00,2026-05-16T21:26:52.794495+00:00,178
vehicle_positions_21_212724.parquet,OK,36544,869,False,False,,0,2026-05-16T21:27:23.668315+00:00,2026-05-16T21:27:23.668315+00:00,178
vehicle_positions_21_212755.parquet,OK,36561,870,False,False,,0,2026-05-16T21:27:54.533065+00:00,2026-05-16T21:27:54.533065+00:00,178
vehicle_positions_21_212825.parquet,OK,36721,871,False,False,,0,2026-05-16T21:28:25.368419+00:00,2026-05-16T21:28:25.368419+00:00,178
vehicle_positions_21_212856.parquet,OK,36890,874,False,False,,0,2026-05-16T21:28:56.240438+00:00,2026-05-16T21:28:56.240438+00:00,176
vehicle_positions_21_212927.parquet,OK,36859,875,False,False,,0,2026-05-16T21:29:27.049645+00:00,2026-05-16T21:29:27.049645+00:00,176
vehicle_positions_21_212958.parquet,OK,36881,876,False,False,,0,2026-05-16T21:29:57.949504+00:00,2026-05-16T21:29:57.949504+00:00,175
vehicle_positions_21_213029.parquet,OK,36891,878,False,False,,0,2026-05-16T21:30:28.744582+00:00,2026-05-16T21:30:28.744582+00:00,175
vehicle_positions_21_213100.parquet,OK,36792,878,False,False,,0,2026-05-16T21:30:59.522727+00:00,2026-05-16T21:30:59.522727+00:00,176
vehicle_positions_21_213130.parquet,OK,36960,880,False,False,,0,2026-05-16T21:31:30.348434+00:00,2026-05-16T21:31:30.348434+00:00,175
vehicle_positions_21_213201.parquet,OK,36857,879,False,False,,0,2026-05-16T21:32:01.158278+00:00,2026-05-16T21:32:01.158278+00:00,174
vehicle_positions_21_213232.parquet,OK,36774,878,False,False,,0,2026-05-16T21:32:32.054858+00:00,2026-05-16T21:32:32.054858+00:00,174
vehicle_positions_21_213303.parquet,OK,36825,879,False,False,,0,2026-05-16T21:33:02.893265+00:00,2026-05-16T21:33:02.893265+00:00,174
vehicle_positions_21_213334.parquet,OK,36843,878,False,False,,0,2026-05-16T21:33:33.748783+00:00,2026-05-16T21:33:33.748783+00:00,174
vehicle_positions_21_213405.parquet,OK,36670,877,False,False,,0,2026-05-16T21:34:04.548125+00:00,2026-05-16T21:34:04.548125+00:00,175
vehicle_positions_21_213436.parquet,OK,36841,878,False,False,,0,2026-05-16T21:34:35.532872+00:00,2026-05-16T21:34:35.532872+00:00,175
vehicle_positions_21_213506.parquet,OK,36759,877,False,False,,0,2026-05-16T21:35:06.306392+00:00,2026-05-16T21:35:06.306392+00:00,175
vehicle_positions_21_213537.parquet,OK,36727,876,False,False,,0,2026-05-16T21:35:37.136759+00:00,2026-05-16T21:35:37.136759+00:00,176
vehicle_positions_21_213608.parquet,OK,36669,875,False,False,,0,2026-05-16T21:36:07.974415+00:00,2026-05-16T21:36:07.974415+00:00,177
vehicle_positions_21_213639.parquet,OK,36701,875,False,False,,0,2026-05-16T21:36:39.034260+00:00,2026-05-16T21:36:39.034260+00:00,177
vehicle_positions_21_213710.parquet,OK,36858,876,False,False,,0,2026-05-16T21:37:10.011633+00:00,2026-05-16T21:37:10.011633+00:00,177
vehicle_positions_21_213741.parquet,OK,36844,876,False,False,,0,2026-05-16T21:37:41.161331+00:00,2026-05-16T21:37:41.161331+00:00,177
vehicle_positions_21_213812.parquet,OK,36911,877,False,False,,0,2026-05-16T21:38:12.138508+00:00,2026-05-16T21:38:12.138508+00:00,177
vehicle_positions_21_213843.parquet,OK,36793,879,False,False,,0,2026-05-16T21:38:43.072402+00:00,2026-05-16T21:38:43.072402+00:00,177
vehicle_positions_21_213914.parquet,OK,36879,879,False,False,,0,2026-05-16T21:39:13.851741+00:00,2026-05-16T21:39:13.851741+00:00,177
vehicle_positions_21_213945.parquet,OK,37038,879,False,False,,0,2026-05-16T21:39:44.646359+00:00,2026-05-16T21:39:44.646359+00:00,177
vehicle_positions_21_214016.parquet,OK,37095,880,False,False,,0,2026-05-16T21:40:15.385768+00:00,2026-05-16T21:40:15.385768+00:00,177
vehicle_positions_21_214047.parquet,OK,37094,881,False,False,,0,2026-05-16T21:40:46.619114+00:00,2026-05-16T21:40:46.619114+00:00,177
vehicle_positions_21_214118.parquet,OK,37009,881,False,False,,0,2026-05-16T21:41:17.488522+00:00,2026-05-16T21:41:17.488522+00:00,177
vehicle_positions_21_214148.parquet,OK,37056,882,False,False,,0,2026-05-16T21:41:48.475102+00:00,2026-05-16T21:41:48.475102+00:00,177
vehicle_positions_21_214219.parquet,OK,37101,882,False,False,,0,2026-05-16T21:42:19.286664+00:00,2026-05-16T21:42:19.286664+00:00,177
vehicle_positions_21_214250.parquet,OK,37050,882,False,False,,0,2026-05-16T21:42:50.125114+00:00,2026-05-16T21:42:50.125114+00:00,177
vehicle_positions_21_214321.parquet,OK,37067,881,False,False,,0,2026-05-16T21:43:20.895002+00:00,2026-05-16T21:43:20.895002+00:00,177
vehicle_positions_21_214352.parquet,OK,36961,878,False,False,,0,2026-05-16T21:43:51.836511+00:00,2026-05-16T21:43:51.836511+00:00,177
vehicle_positions_21_214423.parquet,OK,36785,877,False,False,,0,2026-05-16T21:44:22.672143+00:00,2026-05-16T21:44:22.672143+00:00,178
vehicle_positions_21_214455.parquet,OK,36986,878,False,False,,0,2026-05-16T21:44:54.544628+00:00,2026-05-16T21:44:54.544628+00:00,178
vehicle_positions_21_214525.parquet,OK,37007,878,False,False,,0,2026-05-16T21:45:25.385274+00:00,2026-05-16T21:45:25.385274+00:00,178
vehicle_positions_21_214556.parquet,OK,36798,875,False,False,,0,2026-05-16T21:45:56.084855+00:00,2026-05-16T21:45:56.084855+00:00,178
vehicle_positions_21_214627.parquet,OK,36893,875,False,False,,0,2026-05-16T21:46:26.957631+00:00,2026-05-16T21:46:26.957631+00:00,178
vehicle_positions_21_214658.parquet,OK,36850,875,False,False,,0,2026-05-16T21:46:58.323883+00:00,2026-05-16T21:46:58.323883+00:00,178
vehicle_positions_21_214729.parquet,OK,37093,877,False,False,,0,2026-05-16T21:47:29.146484+00:00,2026-05-16T21:47:29.146484+00:00,178
vehicle_positions_21_214800.parquet,OK,36853,876,False,False,,0,2026-05-16T21:48:00.183037+00:00,2026-05-16T21:48:00.183037+00:00,178
vehicle_positions_21_214831.parquet,OK,37018,876,False,False,,0,2026-05-16T21:48:30.965090+00:00,2026-05-16T21:48:30.965090+00:00,178
vehicle_positions_21_214902.parquet,OK,36894,877,False,False,,0,2026-05-16T21:49:01.967311+00:00,2026-05-16T21:49:01.967311+00:00,178
vehicle_positions_21_214933.parquet,OK,36942,877,False,False,,0,2026-05-16T21:49:32.743902+00:00,2026-05-16T21:49:32.743902+00:00,179
vehicle_positions_21_215003.parquet,OK,36868,875,False,False,,0,2026-05-16T21:50:03.482933+00:00,2026-05-16T21:50:03.482933+00:00,179
vehicle_positions_21_215034.parquet,OK,36891,874,False,False,,0,2026-05-16T21:50:34.293447+00:00,2026-05-16T21:50:34.293447+00:00,179
vehicle_positions_21_215105.parquet,OK,36885,875,False,False,,0,2026-05-16T21:51:05.218644+00:00,2026-05-16T21:51:05.218644+00:00,178
vehicle_positions_21_215136.parquet,OK,36869,878,False,False,,0,2026-05-16T21:51:36.092306+00:00,2026-05-16T21:51:36.092306+00:00,177
vehicle_positions_21_215207.parquet,OK,36957,879,False,False,,0,2026-05-16T21:52:06.912051+00:00,2026-05-16T21:52:06.912051+00:00,176
vehicle_positions_21_215238.parquet,OK,37074,881,False,False,,0,2026-05-16T21:52:38.003583+00:00,2026-05-16T21:52:38.003583+00:00,176
vehicle_positions_21_215309.parquet,OK,36870,879,False,False,,0,2026-05-16T21:53:08.915322+00:00,2026-05-16T21:53:08.915322+00:00,176
vehicle_positions_21_215340.parquet,OK,36867,878,False,False,,0,2026-05-16T21:53:39.825307+00:00,2026-05-16T21:53:39.825307+00:00,176
vehicle_positions_21_215411.parquet,OK,36872,878,False,False,,0,2026-05-16T21:54:10.715152+00:00,2026-05-16T21:54:10.715152+00:00,176
vehicle_positions_21_215442.parquet,OK,36882,878,False,False,,0,2026-05-16T21:54:41.559999+00:00,2026-05-16T21:54:41.559999+00:00,176
vehicle_positions_21_215513.parquet,OK,36898,879,False,False,,0,2026-05-16T21:55:12.794557+00:00,2026-05-16T21:55:12.794557+00:00,177
vehicle_positions_21_215544.parquet,OK,37001,881,False,False,,0,2026-05-16T21:55:43.674306+00:00,2026-05-16T21:55:43.674306+00:00,177
vehicle_positions_22_223139.parquet,OK,36968,881,False,False,,0,2026-05-16T22:31:38.934679+00:00,2026-05-16T22:31:38.934679+00:00,177
vehicle_positions_00_001154.parquet,OK,37057,883,False,False,,0,2026-05-17T00:11:52.288416+00:00,2026-05-17T00:11:52.288416+00:00,175
vehicle_positions_00_001226.parquet,OK,37119,884,False,False,,0,2026-05-17T00:12:25.847449+00:00,2026-05-17T00:12:25.847449+00:00,175
vehicle_positions_00_001257.parquet,OK,36963,883,False,False,,0,2026-05-17T00:12:56.934227+00:00,2026-05-17T00:12:56.934227+00:00,175
vehicle_positions_00_001328.parquet,OK,36864,878,False,False,,0,2026-05-17T00:13:27.931376+00:00,2026-05-17T00:13:27.931376+00:00,175
vehicle_positions_00_001400.parquet,OK,36874,879,False,False,,0,2026-05-17T00:13:59.561852+00:00,2026-05-17T00:13:59.561852+00:00,175
vehicle_positions_00_001431.parquet,OK,36880,880,False,False,,0,2026-05-17T00:14:30.900242+00:00,2026-05-17T00:14:30.900242+00:00,175
vehicle_positions_00_001502.parquet,OK,36968,880,False,False,,0,2026-05-17T00:15:02.125109+00:00,2026-05-17T00:15:02.125109+00:00,176
vehicle_positions_00_001534.parquet,OK,36937,880,False,False,,0,2026-05-17T00:15:33.559030+00:00,2026-05-17T00:15:33.559030+00:00,175
vehicle_positions_00_001605.parquet,OK,36868,880,False,False,,0,2026-05-17T00:16:04.985325+00:00,2026-05-17T00:16:04.985325+00:00,175
vehicle_positions_00_001636.parquet,OK,37077,881,False,False,,0,2026-05-17T00:16:36.125859+00:00,2026-05-17T00:16:36.125859+00:00,176
vehicle_positions_00_001708.parquet,OK,36907,881,False,False,,0,2026-05-17T00:17:07.562226+00:00,2026-05-17T00:17:07.562226+00:00,176
vehicle_positions_00_001740.parquet,OK,36959,881,False,False,,0,2026-05-17T00:17:38.967588+00:00,2026-05-17T00:17:38.967588+00:00,176
vehicle_positions_00_001811.parquet,OK,37023,885,False,False,,0,2026-05-17T00:18:11.220808+00:00,2026-05-17T00:18:11.220808+00:00,176
vehicle_positions_00_001843.parquet,OK,37018,883,False,False,,0,2026-05-17T00:18:42.281844+00:00,2026-05-17T00:18:42.281844+00:00,177
vehicle_positions_00_001914.parquet,OK,37050,883,False,False,,0,2026-05-17T00:19:13.477646+00:00,2026-05-17T00:19:13.477646+00:00,177
vehicle_positions_00_001945.parquet,OK,37111,885,False,False,,0,2026-05-17T00:19:44.645241+00:00,2026-05-17T00:19:44.645241+00:00,178
vehicle_positions_00_003807.parquet,OK,37137,876,False,False,,0,2026-05-17T00:38:07.036817+00:00,2026-05-17T00:38:07.036817+00:00,177
vehicle_positions_00_003840.parquet,OK,37088,875,False,False,,0,2026-05-17T00:38:38.330297+00:00,2026-05-17T00:38:38.330297+00:00,177
vehicle_positions_00_003911.parquet,OK,36960,875,False,False,,0,2026-05-17T00:39:10.731143+00:00,2026-05-17T00:39:10.731143+00:00,178
vehicle_positions_00_003942.parquet,OK,37089,875,False,False,,0,2026-05-17T00:39:42.022641+00:00,2026-05-17T00:39:42.022641+00:00,178
vehicle_positions_00_004014.parquet,OK,37114,874,False,False,,0,2026-05-17T00:40:13.354904+00:00,2026-05-17T00:40:13.354904+00:00,178
vehicle_positions_00_004045.parquet,OK,37066,874,False,False,,0,2026-05-17T00:40:44.490366+00:00,2026-05-17T00:40:44.490366+00:00,178
vehicle_positions_00_004116.parquet,OK,37062,873,False,False,,0,2026-05-17T00:41:15.718539+00:00,2026-05-17T00:41:15.718539+00:00,178
vehicle_positions_00_004147.parquet,OK,36860,873,False,False,,0,2026-05-17T00:41:47.255992+00:00,2026-05-17T00:41:47.255992+00:00,178
vehicle_positions_00_004219.parquet,OK,36958,872,False,False,,0,2026-05-17T00:42:18.387300+00:00,2026-05-17T00:42:18.387300+00:00,178
vehicle_positions_00_004250.parquet,OK,36818,872,False,False,,0,2026-05-17T00:42:49.722409+00:00,2026-05-17T00:42:49.722409+00:00,178
vehicle_positions_00_004321.parquet,OK,36962,873,False,False,,0,2026-05-17T00:43:21.158482+00:00,2026-05-17T00:43:21.158482+00:00,178
vehicle_positions_00_004353.parquet,OK,37016,874,False,False,,0,2026-05-17T00:43:52.390660+00:00,2026-05-17T00:43:52.390660+00:00,178
vehicle_positions_00_004424.parquet,OK,37136,874,False,False,,0,2026-05-17T00:44:23.765444+00:00,2026-05-17T00:44:23.765444+00:00,178
vehicle_positions_00_004455.parquet,OK,36921,872,False,False,,0,2026-05-17T00:44:54.854083+00:00,2026-05-17T00:44:54.854083+00:00,178
vehicle_positions_00_004527.parquet,OK,36936,872,False,False,,0,2026-05-17T00:45:26.299826+00:00,2026-05-17T00:45:26.299826+00:00,178
vehicle_positions_00_004558.parquet,OK,37016,874,False,False,,0,2026-05-17T00:45:57.523811+00:00,2026-05-17T00:45:57.523811+00:00,178
vehicle_positions_00_004629.parquet,OK,37011,874,False,False,,0,2026-05-17T00:46:28.656580+00:00,2026-05-17T00:46:28.656580+00:00,178
vehicle_positions_00_004700.parquet,OK,36888,870,False,False,,0,2026-05-17T00:46:59.890444+00:00,2026-05-17T00:46:59.890444+00:00,179
vehicle_positions_00_004731.parquet,OK,36838,866,False,False,,0,2026-05-17T00:47:31.223261+00:00,2026-05-17T00:47:31.223261+00:00,178
vehicle_positions_00_004802.parquet,OK,36712,867,False,False,,0,2026-05-17T00:48:02.251945+00:00,2026-05-17T00:48:02.251945+00:00,178
vehicle_positions_00_004833.parquet,OK,36718,868,False,False,,0,2026-05-17T00:48:33.080183+00:00,2026-05-17T00:48:33.080183+00:00,178
vehicle_positions_00_004904.parquet,OK,36687,865,False,False,,0,2026-05-17T00:49:04.088811+00:00,2026-05-17T00:49:04.088811+00:00,178
vehicle_positions_00_004936.parquet,OK,36608,860,False,False,,0,2026-05-17T00:49:35.474511+00:00,2026-05-17T00:49:35.474511+00:00,178
vehicle_positions_00_005007.parquet,OK,36589,859,False,False,,0,2026-05-17T00:50:06.564872+00:00,2026-05-17T00:50:06.564872+00:00,179
vehicle_positions_00_005038.parquet,OK,36867,865,False,False,,0,2026-05-17T00:50:37.853383+00:00,2026-05-17T00:50:37.853383+00:00,178
vehicle_positions_00_005109.parquet,OK,36620,861,False,False,,0,2026-05-17T00:51:08.927335+00:00,2026-05-17T00:51:08.927335+00:00,178
vehicle_positions_01_010836.parquet,OK,35848,846,False,False,,0,2026-05-17T01:08:36.197786+00:00,2026-05-17T01:08:36.197786+00:00,176
vehicle_positions_01_010909.parquet,OK,35798,847,False,False,,0,2026-05-17T01:09:07.612058+00:00,2026-05-17T01:09:07.612058+00:00,176
vehicle_positions_01_010940.parquet,OK,35874,844,False,False,,0,2026-05-17T01:09:39.799073+00:00,2026-05-17T01:09:39.799073+00:00,175
vehicle_positions_01_011011.parquet,OK,36040,843,False,False,,0,2026-05-17T01:10:11.105021+00:00,2026-05-17T01:10:11.105021+00:00,175
vehicle_positions_01_011043.parquet,OK,35770,840,False,False,,0,2026-05-17T01:10:42.504472+00:00,2026-05-17T01:10:42.504472+00:00,175
vehicle_positions_01_011114.parquet,OK,35830,843,False,False,,0,2026-05-17T01:11:13.672837+00:00,2026-05-17T01:11:13.672837+00:00,175
vehicle_positions_01_011145.parquet,OK,36010,841,False,False,,0,2026-05-17T01:11:44.804341+00:00,2026-05-17T01:11:44.804341+00:00,175
vehicle_positions_01_011216.parquet,OK,35838,840,False,False,,0,2026-05-17T01:12:15.827967+00:00,2026-05-17T01:12:15.827967+00:00,176
vehicle_positions_01_011247.parquet,OK,35735,840,False,False,,0,2026-05-17T01:12:47.049736+00:00,2026-05-17T01:12:47.049736+00:00,176
vehicle_positions_01_011318.parquet,OK,35739,838,False,False,,0,2026-05-17T01:13:17.916902+00:00,2026-05-17T01:13:17.916902+00:00,176
vehicle_positions_01_011349.parquet,OK,35838,841,False,False,,0,2026-05-17T01:13:49.117318+00:00,2026-05-17T01:13:49.117318+00:00,176
vehicle_positions_01_011421.parquet,OK,35743,837,False,False,,0,2026-05-17T01:14:20.630947+00:00,2026-05-17T01:14:20.630947+00:00,176
vehicle_positions_01_011452.parquet,OK,35818,840,False,False,,0,2026-05-17T01:14:51.671459+00:00,2026-05-17T01:14:51.671459+00:00,176
vehicle_positions_03_031648.parquet,OK,29267,640,False,False,,0,2026-05-17T03:16:47.747430+00:00,2026-05-17T03:16:47.747430+00:00,163
vehicle_positions_03_031719.parquet,OK,29472,642,False,False,,0,2026-05-17T03:17:19.257995+00:00,2026-05-17T03:17:19.257995+00:00,163
vehicle_positions_03_031750.parquet,OK,29545,643,False,False,,0,2026-05-17T03:17:50.482562+00:00,2026-05-17T03:17:50.482562+00:00,163
vehicle_positions_03_031822.parquet,OK,29263,641,False,False,,0,2026-05-17T03:18:21.381020+00:00,2026-05-17T03:18:21.381020+00:00,163
vehicle_positions_03_031852.parquet,OK,29419,642,False,False,,0,2026-05-17T03:18:52.355400+00:00,2026-05-17T03:18:52.355400+00:00,163
vehicle_positions_03_031923.parquet,OK,29328,639,False,False,,0,2026-05-17T03:19:23.178852+00:00,2026-05-17T03:19:23.178852+00:00,161
vehicle_positions_03_031954.parquet,OK,29299,639,False,False,,0,2026-05-17T03:19:54.170587+00:00,2026-05-17T03:19:54.170587+00:00,160
vehicle_positions_03_032025.parquet,OK,29229,637,False,False,,0,2026-05-17T03:20:24.930910+00:00,2026-05-17T03:20:24.930910+00:00,161
vehicle_positions_03_032056.parquet,OK,29117,634,False,False,,0,2026-05-17T03:20:55.752713+00:00,2026-05-17T03:20:55.752713+00:00,160
vehicle_positions_03_032127.parquet,OK,29049,633,False,False,,0,2026-05-17T03:21:26.552860+00:00,2026-05-17T03:21:26.552860+00:00,160
vehicle_positions_03_032158.parquet,OK,28934,632,False,False,,0,2026-05-17T03:21:57.411331+00:00,2026-05-17T03:21:57.411331+00:00,161
vehicle_positions_03_032229.parquet,OK,28959,631,False,False,,0,2026-05-17T03:22:28.950800+00:00,2026-05-17T03:22:28.950800+00:00,161
vehicle_positions_03_032300.parquet,OK,28912,629,False,False,,0,2026-05-17T03:22:59.827377+00:00,2026-05-17T03:22:59.827377+00:00,161
vehicle_positions_03_032331.parquet,OK,28739,625,False,False,,0,2026-05-17T03:23:30.871780+00:00,2026-05-17T03:23:30.871780+00:00,162
vehicle_positions_03_032402.parquet,OK,28680,621,False,False,,0,2026-05-17T03:24:01.594010+00:00,2026-05-17T03:24:01.594010+00:00,162
vehicle_positions_03_032432.parquet,OK,28531,618,False,False,,0,2026-05-17T03:24:32.385186+00:00,2026-05-17T03:24:32.385186+00:00,163
vehicle_positions_03_032503.parquet,OK,28368,612,False,False,,0,2026-05-17T03:25:03.221231+00:00,2026-05-17T03:25:03.221231+00:00,163
vehicle_positions_03_032534.parquet,OK,28310,613,False,False,,0,2026-05-17T03:25:33.997407+00:00,2026-05-17T03:25:33.997407+00:00,163
vehicle_positions_03_032605.parquet,OK,28329,613,False,False,,0,2026-05-17T03:26:04.834128+00:00,2026-05-17T03:26:04.834128+00:00,163
vehicle_positions_03_032636.parquet,OK,28432,615,False,False,,0,2026-05-17T03:26:35.650733+00:00,2026-05-17T03:26:35.650733+00:00,163
vehicle_positions_03_033137.parquet,OK,28545,620,False,False,,0,2026-05-17T03:31:37.075825+00:00,2026-05-17T03:31:37.075825+00:00,161
vehicle_positions_03_033208.parquet,OK,28520,620,False,False,,0,2026-05-17T03:32:08.061864+00:00,2026-05-17T03:32:08.061864+00:00,160
vehicle_positions_03_033239.parquet,OK,28527,621,False,False,,0,2026-05-17T03:32:39.109794+00:00,2026-05-17T03:32:39.109794+00:00,160
vehicle_positions_03_033310.parquet,OK,28476,620,False,False,,0,2026-05-17T03:33:10.087684+00:00,2026-05-17T03:33:10.087684+00:00,160
vehicle_positions_03_033341.parquet,OK,28537,620,False,False,,0,2026-05-17T03:33:41.028425+00:00,2026-05-17T03:33:41.028425+00:00,160
vehicle_positions_03_033412.parquet,OK,28417,616,False,False,,0,2026-05-17T03:34:11.823972+00:00,2026-05-17T03:34:11.823972+00:00,160
vehicle_positions_03_033443.parquet,OK,28503,617,False,False,,0,2026-05-17T03:34:42.899715+00:00,2026-05-17T03:34:42.899715+00:00,160
vehicle_positions_03_033514.parquet,OK,28510,617,False,False,,0,2026-05-17T03:35:13.866693+00:00,2026-05-17T03:35:13.866693+00:00,160
vehicle_positions_03_033545.parquet,OK,28589,618,False,False,,0,2026-05-17T03:35:44.642615+00:00,2026-05-17T03:35:44.642615+00:00,161
vehicle_positions_03_033615.parquet,OK,28546,620,False,False,,0,2026-05-17T03:36:15.462066+00:00,2026-05-17T03:36:15.462066+00:00,161
vehicle_positions_03_033646.parquet,OK,28438,615,False,False,,0,2026-05-17T03:36:46.266047+00:00,2026-05-17T03:36:46.266047+00:00,162
vehicle_positions_03_033717.parquet,OK,28381,614,False,False,,0,2026-05-17T03:37:17.156206+00:00,2026-05-17T03:37:17.156206+00:00,162
vehicle_positions_03_033748.parquet,OK,28246,611,False,False,,0,2026-05-17T03:37:47.962414+00:00,2026-05-17T03:37:47.962414+00:00,162
vehicle_positions_03_033819.parquet,OK,28252,607,False,False,,0,2026-05-17T03:38:18.738892+00:00,2026-05-17T03:38:18.738892+00:00,162
vehicle_positions_03_033849.parquet,OK,28213,606,False,False,,0,2026-05-17T03:38:49.481284+00:00,2026-05-17T03:38:49.481284+00:00,162
vehicle_positions_03_033920.parquet,OK,28247,608,False,False,,0,2026-05-17T03:39:20.379926+00:00,2026-05-17T03:39:20.379926+00:00,163
vehicle_positions_03_033951.parquet,OK,28354,611,False,False,,0,2026-05-17T03:39:51.179977+00:00,2026-05-17T03:39:51.179977+00:00,163
vehicle_positions_03_034022.parquet,OK,28293,609,False,False,,0,2026-05-17T03:40:21.936925+00:00,2026-05-17T03:40:21.936925+00:00,163
vehicle_positions_03_034053.parquet,OK,28173,608,False,False,,0,2026-05-17T03:40:52.676593+00:00,2026-05-17T03:40:52.676593+00:00,164
vehicle_positions_03_034124.parquet,OK,28175,607,False,False,,0,2026-05-17T03:41:24.103154+00:00,2026-05-17T03:41:24.103154+00:00,165
vehicle_positions_03_034155.parquet,OK,28285,609,False,False,,0,2026-05-17T03:41:55.000159+00:00,2026-05-17T03:41:55.000159+00:00,165
vehicle_positions_03_034226.parquet,OK,28226,609,False,False,,0,2026-05-17T03:42:25.774947+00:00,2026-05-17T03:42:25.774947+00:00,165
vehicle_positions_03_034256.parquet,OK,28336,610,False,False,,0,2026-05-17T03:42:56.492709+00:00,2026-05-17T03:42:56.492709+00:00,165
vehicle_positions_03_034327.parquet,OK,28303,609,False,False,,0,2026-05-17T03:43:27.263131+00:00,2026-05-17T03:43:27.263131+00:00,164
vehicle_positions_03_034358.parquet,OK,28208,608,False,False,,0,2026-05-17T03:43:58.063139+00:00,2026-05-17T03:43:58.063139+00:00,164
vehicle_positions_03_034429.parquet,OK,28197,607,False,False,,0,2026-05-17T03:44:28.815773+00:00,2026-05-17T03:44:28.815773+00:00,164
vehicle_positions_03_034500.parquet,OK,28062,607,False,False,,0,2026-05-17T03:44:59.629705+00:00,2026-05-17T03:44:59.629705+00:00,162
vehicle_positions_03_034530.parquet,OK,28196,606,False,False,,0,2026-05-17T03:45:30.466088+00:00,2026-05-17T03:45:30.466088+00:00,163
vehicle_positions_03_034601.parquet,OK,27866,599,False,False,,0,2026-05-17T03:46:01.223403+00:00,2026-05-17T03:46:01.223403+00:00,163
vehicle_positions_03_034632.parquet,OK,27776,598,False,False,,0,2026-05-17T03:46:32.073280+00:00,2026-05-17T03:46:32.073280+00:00,164
vehicle_positions_03_034703.parquet,OK,27785,597,False,False,,0,2026-05-17T03:47:02.832799+00:00,2026-05-17T03:47:02.832799+00:00,164
vehicle_positions_03_034734.parquet,OK,27792,595,False,False,,0,2026-05-17T03:47:33.691280+00:00,2026-05-17T03:47:33.691280+00:00,164
vehicle_positions_03_034805.parquet,OK,27789,594,False,False,,0,2026-05-17T03:48:04.560902+00:00,2026-05-17T03:48:04.560902+00:00,164
vehicle_positions_03_034835.parquet,OK,27764,594,False,False,,0,2026-05-17T03:48:35.422617+00:00,2026-05-17T03:48:35.422617+00:00,164
vehicle_positions_03_034906.parquet,OK,27719,593,False,False,,0,2026-05-17T03:49:06.189384+00:00,2026-05-17T03:49:06.189384+00:00,165
vehicle_positions_03_034937.parquet,OK,27770,594,False,False,,0,2026-05-17T03:49:37.076399+00:00,2026-05-17T03:49:37.076399+00:00,165
vehicle_positions_03_035008.parquet,OK,27848,594,False,False,,0,2026-05-17T03:50:07.863065+00:00,2026-05-17T03:50:07.863065+00:00,164
vehicle_positions_03_035039.parquet,OK,27863,596,False,False,,0,2026-05-17T03:50:38.596293+00:00,2026-05-17T03:50:38.596293+00:00,162
vehicle_positions_03_035109.parquet,OK,27803,596,False,False,,0,2026-05-17T03:51:09.353008+00:00,2026-05-17T03:51:09.353008+00:00,161
vehicle_positions_03_035140.parquet,OK,27708,593,False,False,,0,2026-05-17T03:51:40.223522+00:00,2026-05-17T03:51:40.223522+00:00,160
vehicle_positions_03_035212.parquet,OK,27642,593,False,False,,0,2026-05-17T03:52:11.132630+00:00,2026-05-17T03:52:11.132630+00:00,160
vehicle_positions_03_035243.parquet,OK,27663,590,False,False,,0,2026-05-17T03:52:42.608561+00:00,2026-05-17T03:52:42.608561+00:00,160
vehicle_positions_03_035313.parquet,OK,27568,591,False,False,,0,2026-05-17T03:53:13.460338+00:00,2026-05-17T03:53:13.460338+00:00,160
vehicle_positions_03_035344.parquet,OK,27698,591,False,False,,0,2026-05-17T03:53:44.372623+00:00,2026-05-17T03:53:44.372623+00:00,160
vehicle_positions_03_035415.parquet,OK,27758,592,False,False,,0,2026-05-17T03:54:15.213406+00:00,2026-05-17T03:54:15.213406+00:00,161
vehicle_positions_03_035446.parquet,OK,27695,590,False,False,,0,2026-05-17T03:54:46.099983+00:00,2026-05-17T03:54:46.099983+00:00,161
vehicle_positions_03_035517.parquet,OK,27614,587,False,False,,0,2026-05-17T03:55:17.001883+00:00,2026-05-17T03:55:17.001883+00:00,162
vehicle_positions_03_035549.parquet,OK,27452,585,False,False,,0,2026-05-17T03:55:48.528254+00:00,2026-05-17T03:55:48.528254+00:00,160
vehicle_positions_03_035620.parquet,OK,27442,586,False,False,,0,2026-05-17T03:56:19.536676+00:00,2026-05-17T03:56:19.536676+00:00,160
vehicle_positions_03_035650.parquet,OK,27594,586,False,False,,0,2026-05-17T03:56:50.373609+00:00,2026-05-17T03:56:50.373609+00:00,160
vehicle_positions_03_035721.parquet,OK,27543,586,False,False,,0,2026-05-17T03:57:21.092252+00:00,2026-05-17T03:57:21.092252+00:00,160
vehicle_positions_03_035752.parquet,OK,27326,584,False,False,,0,2026-05-17T03:57:52.207537+00:00,2026-05-17T03:57:52.207537+00:00,160
vehicle_positions_03_035823.parquet,OK,27373,582,False,False,,0,2026-05-17T03:58:22.969206+00:00,2026-05-17T03:58:22.969206+00:00,160
vehicle_positions_03_035854.parquet,OK,27458,582,False,False,,0,2026-05-17T03:58:53.718204+00:00,2026-05-17T03:58:53.718204+00:00,160
vehicle_positions_03_035924.parquet,OK,27492,582,False,False,,0,2026-05-17T03:59:24.486325+00:00,2026-05-17T03:59:24.486325+00:00,159
vehicle_positions_03_035955.parquet,OK,27388,584,False,False,,0,2026-05-17T03:59:55.335093+00:00,2026-05-17T03:59:55.335093+00:00,158
vehicle_positions_04_040026.parquet,OK,27416,587,False,False,,0,2026-05-17T04:00:26.106416+00:00,2026-05-17T04:00:26.106416+00:00,158
vehicle_positions_04_040057.parquet,OK,27477,588,False,False,,0,2026-05-17T04:00:56.875955+00:00,2026-05-17T04:00:56.875955+00:00,157
vehicle_positions_04_040128.parquet,OK,27473,588,False,False,,0,2026-05-17T04:01:27.656046+00:00,2026-05-17T04:01:27.656046+00:00,157
vehicle_positions_04_040159.parquet,OK,27409,584,False,False,,0,2026-05-17T04:01:58.493664+00:00,2026-05-17T04:01:58.493664+00:00,158
vehicle_positions_04_040229.parquet,OK,27237,582,False,False,,0,2026-05-17T04:02:29.394369+00:00,2026-05-17T04:02:29.394369+00:00,158
vehicle_positions_04_040300.parquet,OK,27275,582,False,False,,0,2026-05-17T04:03:00.203047+00:00,2026-05-17T04:03:00.203047+00:00,161
vehicle_positions_04_040331.parquet,OK,27192,581,False,False,,0,2026-05-17T04:03:31.006626+00:00,2026-05-17T04:03:31.006626+00:00,160
vehicle_positions_04_040402.parquet,OK,27333,581,False,False,,0,2026-05-17T04:04:01.850524+00:00,2026-05-17T04:04:01.850524+00:00,160
vehicle_positions_04_040433.parquet,OK,27246,580,False,False,,0,2026-05-17T04:04:32.648994+00:00,2026-05-17T04:04:32.648994+00:00,158
vehicle_positions_04_040504.parquet,OK,27215,580,False,False,,0,2026-05-17T04:05:03.542869+00:00,2026-05-17T04:05:03.542869+00:00,159
vehicle_positions_04_040535.parquet,OK,27160,578,False,False,,0,2026-05-17T04:05:34.358143+00:00,2026-05-17T04:05:34.358143+00:00,159
vehicle_positions_04_040605.parquet,OK,27109,575,False,False,,0,2026-05-17T04:06:05.257321+00:00,2026-05-17T04:06:05.257321+00:00,160
vehicle_positions_04_040636.parquet,OK,27040,574,False,False,,0,2026-05-17T04:06:36.127780+00:00,2026-05-17T04:06:36.127780+00:00,159
vehicle_positions_04_040707.parquet,OK,27115,574,False,False,,0,2026-05-17T04:07:06.987575+00:00,2026-05-17T04:07:06.987575+00:00,159
vehicle_positions_04_040738.parquet,OK,27130,571,False,False,,0,2026-05-17T04:07:37.697605+00:00,2026-05-17T04:07:37.697605+00:00,159
vehicle_positions_04_040808.parquet,OK,26969,570,False,False,,0,2026-05-17T04:08:08.555371+00:00,2026-05-17T04:08:08.555371+00:00,159
vehicle_positions_04_040839.parquet,OK,26968,569,False,False,,0,2026-05-17T04:08:39.281362+00:00,2026-05-17T04:08:39.281362+00:00,159
vehicle_positions_04_040910.parquet,OK,26811,567,False,False,,0,2026-05-17T04:09:10.025014+00:00,2026-05-17T04:09:10.025014+00:00,159
vehicle_positions_04_040941.parquet,OK,26827,565,False,False,,0,2026-05-17T04:09:40.772751+00:00,2026-05-17T04:09:40.772751+00:00,159
vehicle_positions_04_041011.parquet,OK,26672,562,False,False,,0,2026-05-17T04:10:11.459348+00:00,2026-05-17T04:10:11.459348+00:00,159
vehicle_positions_04_041042.parquet,OK,26745,563,False,False,,0,2026-05-17T04:10:42.172239+00:00,2026-05-17T04:10:42.172239+00:00,159
vehicle_positions_04_041113.parquet,OK,26614,560,False,False,,0,2026-05-17T04:11:12.911163+00:00,2026-05-17T04:11:12.911163+00:00,160
vehicle_positions_04_041144.parquet,OK,26557,559,False,False,,0,2026-05-17T04:11:43.717762+00:00,2026-05-17T04:11:43.717762+00:00,160
vehicle_positions_04_041214.parquet,OK,26609,559,False,False,,0,2026-05-17T04:12:14.554205+00:00,2026-05-17T04:12:14.554205+00:00,159
vehicle_positions_04_041245.parquet,OK,26691,561,False,False,,0,2026-05-17T04:12:45.325060+00:00,2026-05-17T04:12:45.325060+00:00,160
vehicle_positions_04_041316.parquet,OK,26663,561,False,False,,0,2026-05-17T04:13:16.115614+00:00,2026-05-17T04:13:16.115614+00:00,158
vehicle_positions_04_041347.parquet,OK,26700,561,False,False,,0,2026-05-17T04:13:46.909139+00:00,2026-05-17T04:13:46.909139+00:00,158
vehicle_positions_04_041419.parquet,OK,26553,557,False,False,,0,2026-05-17T04:14:17.684952+00:00,2026-05-17T04:14:17.684952+00:00,158
vehicle_positions_04_041450.parquet,OK,26378,554,False,False,,0,2026-05-17T04:14:50.139384+00:00,2026-05-17T04:14:50.139384+00:00,158
vehicle_positions_04_041521.parquet,OK,26546,554,False,False,,0,2026-05-17T04:15:20.896692+00:00,2026-05-17T04:15:20.896692+00:00,158
vehicle_positions_04_041552.parquet,OK,26522,559,False,False,,0,2026-05-17T04:15:51.695808+00:00,2026-05-17T04:15:51.695808+00:00,160
vehicle_positions_04_041623.parquet,OK,26754,562,False,False,,0,2026-05-17T04:16:23.480394+00:00,2026-05-17T04:16:23.480394+00:00,159
vehicle_positions_04_041654.parquet,OK,26791,561,False,False,,0,2026-05-17T04:16:54.397149+00:00,2026-05-17T04:16:54.397149+00:00,159
vehicle_positions_04_041725.parquet,OK,26738,561,False,False,,0,2026-05-17T04:17:25.163083+00:00,2026-05-17T04:17:25.163083+00:00,159
vehicle_positions_04_041756.parquet,OK,26600,560,False,False,,0,2026-05-17T04:17:56.017614+00:00,2026-05-17T04:17:56.017614+00:00,159
vehicle_positions_04_041827.parquet,OK,26689,563,False,False,,0,2026-05-17T04:18:26.832895+00:00,2026-05-17T04:18:26.832895+00:00,159
vehicle_positions_04_041858.parquet,OK,26672,561,False,False,,0,2026-05-17T04:18:57.617046+00:00,2026-05-17T04:18:57.617046+00:00,160
vehicle_positions_04_041928.parquet,OK,26746,561,False,False,,0,2026-05-17T04:19:28.397380+00:00,2026-05-17T04:19:28.397380+00:00,160
vehicle_positions_04_041959.parquet,OK,26506,558,False,False,,0,2026-05-17T04:19:59.173383+00:00,2026-05-17T04:19:59.173383+00:00,160
vehicle_positions_04_042030.parquet,OK,26648,558,False,False,,0,2026-05-17T04:20:29.934902+00:00,2026-05-17T04:20:29.934902+00:00,159
vehicle_positions_04_042101.parquet,OK,26571,557,False,False,,0,2026-05-17T04:21:00.673263+00:00,2026-05-17T04:21:00.673263+00:00,158
vehicle_positions_04_042132.parquet,OK,26523,557,False,False,,0,2026-05-17T04:21:31.783784+00:00,2026-05-17T04:21:31.783784+00:00,155
vehicle_positions_04_042203.parquet,OK,26443,555,False,False,,0,2026-05-17T04:22:02.557002+00:00,2026-05-17T04:22:02.557002+00:00,155
vehicle_positions_04_042233.parquet,OK,26284,549,False,False,,0,2026-05-17T04:22:33.438715+00:00,2026-05-17T04:22:33.438715+00:00,155
vehicle_positions_04_042304.parquet,OK,26337,550,False,False,,0,2026-05-17T04:23:04.275405+00:00,2026-05-17T04:23:04.275405+00:00,155
vehicle_positions_04_042335.parquet,OK,26190,547,False,False,,0,2026-05-17T04:23:35.286925+00:00,2026-05-17T04:23:35.286925+00:00,155
vehicle_positions_04_042406.parquet,OK,26180,546,False,False,,0,2026-05-17T04:24:06.034422+00:00,2026-05-17T04:24:06.034422+00:00,154
vehicle_positions_04_042437.parquet,OK,26012,544,False,False,,0,2026-05-17T04:24:36.755175+00:00,2026-05-17T04:24:36.755175+00:00,154
vehicle_positions_04_042508.parquet,OK,26121,544,False,False,,0,2026-05-17T04:25:07.582943+00:00,2026-05-17T04:25:07.582943+00:00,155
vehicle_positions_04_042538.parquet,OK,26011,540,False,False,,0,2026-05-17T04:25:38.383719+00:00,2026-05-17T04:25:38.383719+00:00,157
vehicle_positions_04_042609.parquet,OK,25881,538,False,False,,0,2026-05-17T04:26:09.071287+00:00,2026-05-17T04:26:09.071287+00:00,157
vehicle_positions_04_042640.parquet,OK,25933,537,False,False,,0,2026-05-17T04:26:39.728439+00:00,2026-05-17T04:26:39.728439+00:00,157
vehicle_positions_04_042711.parquet,OK,25807,533,False,False,,0,2026-05-17T04:27:10.656095+00:00,2026-05-17T04:27:10.656095+00:00,157
vehicle_positions_04_042741.parquet,OK,25867,536,False,False,,0,2026-05-17T04:27:41.353562+00:00,2026-05-17T04:27:41.353562+00:00,157
vehicle_positions_04_042812.parquet,OK,25779,535,False,False,,0,2026-05-17T04:28:12.061421+00:00,2026-05-17T04:28:12.061421+00:00,156
vehicle_positions_04_042843.parquet,OK,25707,534,False,False,,0,2026-05-17T04:28:42.761083+00:00,2026-05-17T04:28:42.761083+00:00,156
vehicle_positions_04_042914.parquet,OK,25812,536,False,False,,0,2026-05-17T04:29:13.455349+00:00,2026-05-17T04:29:13.455349+00:00,156
vehicle_positions_04_042945.parquet,OK,25943,539,False,False,,0,2026-05-17T04:29:45.370373+00:00,2026-05-17T04:29:45.370373+00:00,157
vehicle_positions_04_043016.parquet,OK,26082,541,False,False,,0,2026-05-17T04:30:16.124471+00:00,2026-05-17T04:30:16.124471+00:00,157
vehicle_positions_04_043047.parquet,OK,26156,542,False,False,,0,2026-05-17T04:30:46.892975+00:00,2026-05-17T04:30:46.892975+00:00,158
vehicle_positions_04_043118.parquet,OK,26141,540,False,False,,0,2026-05-17T04:31:17.623267+00:00,2026-05-17T04:31:17.623267+00:00,157
vehicle_positions_04_043148.parquet,OK,26035,538,False,False,,0,2026-05-17T04:31:48.456675+00:00,2026-05-17T04:31:48.456675+00:00,156
vehicle_positions_04_043219.parquet,OK,25970,537,False,False,,0,2026-05-17T04:32:19.181529+00:00,2026-05-17T04:32:19.181529+00:00,156
vehicle_positions_04_043250.parquet,OK,25721,536,False,False,,0,2026-05-17T04:32:49.896085+00:00,2026-05-17T04:32:49.896085+00:00,156
vehicle_positions_04_043321.parquet,OK,25884,536,False,False,,0,2026-05-17T04:33:20.719258+00:00,2026-05-17T04:33:20.719258+00:00,156
vehicle_positions_04_043352.parquet,OK,25881,537,False,False,,0,2026-05-17T04:33:51.605402+00:00,2026-05-17T04:33:51.605402+00:00,156
vehicle_positions_04_043423.parquet,OK,25776,536,False,False,,0,2026-05-17T04:34:22.676255+00:00,2026-05-17T04:34:22.676255+00:00,156
vehicle_positions_04_043453.parquet,OK,26095,538,False,False,,0,2026-05-17T04:34:53.521730+00:00,2026-05-17T04:34:53.521730+00:00,156
vehicle_positions_04_043524.parquet,OK,26012,535,False,False,,0,2026-05-17T04:35:24.181622+00:00,2026-05-17T04:35:24.181622+00:00,156
vehicle_positions_04_043555.parquet,OK,25948,538,False,False,,0,2026-05-17T04:35:55.185226+00:00,2026-05-17T04:35:55.185226+00:00,157
vehicle_positions_04_043626.parquet,OK,25869,535,False,False,,0,2026-05-17T04:36:26.271491+00:00,2026-05-17T04:36:26.271491+00:00,156
vehicle_positions_04_043657.parquet,OK,25900,535,False,False,,0,2026-05-17T04:36:57.091795+00:00,2026-05-17T04:36:57.091795+00:00,156
vehicle_positions_04_043728.parquet,OK,25874,535,False,False,,0,2026-05-17T04:37:27.797850+00:00,2026-05-17T04:37:27.797850+00:00,156
vehicle_positions_04_043759.parquet,OK,25840,534,False,False,,0,2026-05-17T04:37:58.655429+00:00,2026-05-17T04:37:58.655429+00:00,155
vehicle_positions_04_043829.parquet,OK,25751,532,False,False,,0,2026-05-17T04:38:29.486537+00:00,2026-05-17T04:38:29.486537+00:00,155
vehicle_positions_04_043900.parquet,OK,25565,528,False,False,,0,2026-05-17T04:39:00.207076+00:00,2026-05-17T04:39:00.207076+00:00,156
vehicle_positions_04_043931.parquet,OK,25586,527,False,False,,0,2026-05-17T04:39:31.042565+00:00,2026-05-17T04:39:31.042565+00:00,156
vehicle_positions_04_044002.parquet,OK,25639,529,False,False,,0,2026-05-17T04:40:01.864794+00:00,2026-05-17T04:40:01.864794+00:00,157
vehicle_positions_04_044033.parquet,OK,25376,527,False,False,,0,2026-05-17T04:40:32.599006+00:00,2026-05-17T04:40:32.599006+00:00,157
vehicle_positions_04_044103.parquet,OK,25456,526,False,False,,0,2026-05-17T04:41:03.275954+00:00,2026-05-17T04:41:03.275954+00:00,158
vehicle_positions_04_044134.parquet,OK,25226,522,False,False,,0,2026-05-17T04:41:33.938079+00:00,2026-05-17T04:41:33.938079+00:00,159
vehicle_positions_04_044205.parquet,OK,25143,519,False,False,,0,2026-05-17T04:42:04.833910+00:00,2026-05-17T04:42:04.833910+00:00,159
vehicle_positions_04_044236.parquet,OK,25125,517,False,False,,0,2026-05-17T04:42:35.708559+00:00,2026-05-17T04:42:35.708559+00:00,159
vehicle_positions_04_044307.parquet,OK,25093,517,False,False,,0,2026-05-17T04:43:06.972490+00:00,2026-05-17T04:43:06.972490+00:00,159
vehicle_positions_04_044338.parquet,OK,24960,514,False,False,,0,2026-05-17T04:43:37.667924+00:00,2026-05-17T04:43:37.667924+00:00,159
vehicle_positions_04_044408.parquet,OK,24994,514,False,False,,0,2026-05-17T04:44:08.466139+00:00,2026-05-17T04:44:08.466139+00:00,158
vehicle_positions_04_044439.parquet,OK,24930,513,False,False,,0,2026-05-17T04:44:39.106500+00:00,2026-05-17T04:44:39.106500+00:00,158
vehicle_positions_04_044510.parquet,OK,24602,509,False,False,,0,2026-05-17T04:45:09.868654+00:00,2026-05-17T04:45:09.868654+00:00,158
vehicle_positions_04_044541.parquet,OK,24954,513,False,False,,0,2026-05-17T04:45:40.620207+00:00,2026-05-17T04:45:40.620207+00:00,158
vehicle_positions_04_044611.parquet,OK,24616,511,False,False,,0,2026-05-17T04:46:11.455859+00:00,2026-05-17T04:46:11.455859+00:00,157
vehicle_positions_04_044642.parquet,OK,24667,510,False,False,,0,2026-05-17T04:46:42.132701+00:00,2026-05-17T04:46:42.132701+00:00,157
vehicle_positions_04_044713.parquet,OK,24633,511,False,False,,0,2026-05-17T04:47:12.859552+00:00,2026-05-17T04:47:12.859552+00:00,157
vehicle_positions_04_044743.parquet,OK,24605,509,False,False,,0,2026-05-17T04:47:43.540008+00:00,2026-05-17T04:47:43.540008+00:00,157
vehicle_positions_04_044814.parquet,OK,24549,506,False,False,,0,2026-05-17T04:48:14.367646+00:00,2026-05-17T04:48:14.367646+00:00,157
vehicle_positions_04_044845.parquet,OK,24499,506,False,False,,0,2026-05-17T04:48:45.121091+00:00,2026-05-17T04:48:45.121091+00:00,157
vehicle_positions_04_044916.parquet,OK,24473,504,False,False,,0,2026-05-17T04:49:15.903375+00:00,2026-05-17T04:49:15.903375+00:00,157
vehicle_positions_04_044947.parquet,OK,24502,505,False,False,,0,2026-05-17T04:49:46.611258+00:00,2026-05-17T04:49:46.611258+00:00,157
vehicle_positions_04_045018.parquet,OK,24449,503,False,False,,0,2026-05-17T04:50:18.499302+00:00,2026-05-17T04:50:18.499302+00:00,156
vehicle_positions_04_045049.parquet,OK,24444,504,False,False,,0,2026-05-17T04:50:49.182810+00:00,2026-05-17T04:50:49.182810+00:00,155
vehicle_positions_04_045120.parquet,OK,24430,504,False,False,,0,2026-05-17T04:51:19.962805+00:00,2026-05-17T04:51:19.962805+00:00,154
vehicle_positions_04_045151.parquet,OK,24338,504,False,False,,0,2026-05-17T04:51:50.621328+00:00,2026-05-17T04:51:50.621328+00:00,152
vehicle_positions_04_045222.parquet,OK,24474,505,False,False,,0,2026-05-17T04:52:21.611070+00:00,2026-05-17T04:52:21.611070+00:00,152
vehicle_positions_04_045252.parquet,OK,24390,504,False,False,,0,2026-05-17T04:52:52.324551+00:00,2026-05-17T04:52:52.324551+00:00,152
vehicle_positions_04_045323.parquet,OK,24370,503,False,False,,0,2026-05-17T04:53:23.150853+00:00,2026-05-17T04:53:23.150853+00:00,151
vehicle_positions_04_045354.parquet,OK,24230,501,False,False,,0,2026-05-17T04:53:53.865824+00:00,2026-05-17T04:53:53.865824+00:00,151
vehicle_positions_04_045425.parquet,OK,24218,497,False,False,,0,2026-05-17T04:54:24.761646+00:00,2026-05-17T04:54:24.761646+00:00,151
vehicle_positions_04_045456.parquet,OK,24317,500,False,False,,0,2026-05-17T04:54:55.533897+00:00,2026-05-17T04:54:55.533897+00:00,152
vehicle_positions_04_045526.parquet,OK,24320,499,False,False,,0,2026-05-17T04:55:26.351366+00:00,2026-05-17T04:55:26.351366+00:00,152
vehicle_positions_04_045557.parquet,OK,24168,496,False,False,,0,2026-05-17T04:55:57.106523+00:00,2026-05-17T04:55:57.106523+00:00,152
vehicle_positions_04_045628.parquet,OK,24302,498,False,False,,0,2026-05-17T04:56:28.049676+00:00,2026-05-17T04:56:28.049676+00:00,151
vehicle_positions_04_045659.parquet,OK,24176,496,False,False,,0,2026-05-17T04:56:58.806146+00:00,2026-05-17T04:56:58.806146+00:00,149
vehicle_positions_04_045729.parquet,OK,24197,495,False,False,,0,2026-05-17T04:57:29.511594+00:00,2026-05-17T04:57:29.511594+00:00,149
vehicle_positions_04_045800.parquet,OK,24178,496,False,False,,0,2026-05-17T04:58:00.194981+00:00,2026-05-17T04:58:00.194981+00:00,149
vehicle_positions_04_045831.parquet,OK,24184,493,False,False,,0,2026-05-17T04:58:31.035934+00:00,2026-05-17T04:58:31.035934+00:00,149
vehicle_positions_04_045902.parquet,OK,24064,492,False,False,,0,2026-05-17T04:59:01.879490+00:00,2026-05-17T04:59:01.879490+00:00,149
vehicle_positions_04_045933.parquet,OK,24152,491,False,False,,0,2026-05-17T04:59:32.644003+00:00,2026-05-17T04:59:32.644003+00:00,149
vehicle_positions_05_050003.parquet,OK,24178,494,False,False,,0,2026-05-17T05:00:03.471551+00:00,2026-05-17T05:00:03.471551+00:00,150
vehicle_positions_05_050034.parquet,OK,24124,493,False,False,,0,2026-05-17T05:00:34.225021+00:00,2026-05-17T05:00:34.225021+00:00,150
vehicle_positions_05_050105.parquet,OK,24045,491,False,False,,0,2026-05-17T05:01:04.939261+00:00,2026-05-17T05:01:04.939261+00:00,150
vehicle_positions_05_050136.parquet,OK,23979,490,False,False,,0,2026-05-17T05:01:35.684669+00:00,2026-05-17T05:01:35.684669+00:00,150
vehicle_positions_05_050206.parquet,OK,24117,489,False,False,,0,2026-05-17T05:02:06.433784+00:00,2026-05-17T05:02:06.433784+00:00,151
vehicle_positions_05_050237.parquet,OK,24036,489,False,False,,0,2026-05-17T05:02:37.377271+00:00,2026-05-17T05:02:37.377271+00:00,151
vehicle_positions_05_050308.parquet,OK,24034,490,False,False,,0,2026-05-17T05:03:08.125513+00:00,2026-05-17T05:03:08.125513+00:00,151
vehicle_positions_05_050339.parquet,OK,24166,493,False,False,,0,2026-05-17T05:03:38.913044+00:00,2026-05-17T05:03:38.913044+00:00,151
vehicle_positions_05_050410.parquet,OK,24179,493,False,False,,0,2026-05-17T05:04:09.649052+00:00,2026-05-17T05:04:09.649052+00:00,151
vehicle_positions_05_050440.parquet,OK,24121,491,False,False,,0,2026-05-17T05:04:40.425913+00:00,2026-05-17T05:04:40.425913+00:00,152
vehicle_positions_05_050511.parquet,OK,24090,489,False,False,,0,2026-05-17T05:05:11.189875+00:00,2026-05-17T05:05:11.189875+00:00,151
vehicle_positions_05_050542.parquet,OK,23859,487,False,False,,0,2026-05-17T05:05:41.901200+00:00,2026-05-17T05:05:41.901200+00:00,152
vehicle_positions_05_050614.parquet,OK,23882,484,False,False,,0,2026-05-17T05:06:13.012877+00:00,2026-05-17T05:06:13.012877+00:00,151
vehicle_positions_05_050645.parquet,OK,23805,484,False,False,,0,2026-05-17T05:06:45.112161+00:00,2026-05-17T05:06:45.112161+00:00,152
vehicle_positions_05_050716.parquet,OK,23684,481,False,False,,0,2026-05-17T05:07:15.782459+00:00,2026-05-17T05:07:15.782459+00:00,151
vehicle_positions_05_051743.parquet,OK,23819,481,False,False,,0,2026-05-17T05:07:46.549974+00:00,2026-05-17T05:07:46.549974+00:00,150
vehicle_positions_05_051854.parquet,OK,23233,469,False,False,,0,2026-05-17T05:18:53.209076+00:00,2026-05-17T05:18:53.209076+00:00,147
vehicle_positions_05_051925.parquet,OK,23181,466,False,False,,0,2026-05-17T05:19:25.573652+00:00,2026-05-17T05:19:25.573652+00:00,146
vehicle_positions_05_051957.parquet,OK,23236,466,False,False,,0,2026-05-17T05:19:56.268247+00:00,2026-05-17T05:19:56.268247+00:00,145
vehicle_positions_05_052028.parquet,OK,23218,468,False,False,,0,2026-05-17T05:20:27.651745+00:00,2026-05-17T05:20:27.651745+00:00,146
vehicle_positions_05_052059.parquet,OK,23156,468,False,False,,0,2026-05-17T05:20:58.477433+00:00,2026-05-17T05:20:58.477433+00:00,146
vehicle_positions_05_052130.parquet,OK,23199,466,False,False,,0,2026-05-17T05:21:29.611583+00:00,2026-05-17T05:21:29.611583+00:00,146
vehicle_positions_05_052200.parquet,OK,23149,467,False,False,,0,2026-05-17T05:22:00.376717+00:00,2026-05-17T05:22:00.376717+00:00,146
vehicle_positions_05_052231.parquet,OK,23252,467,False,False,,0,2026-05-17T05:22:31.210725+00:00,2026-05-17T05:22:31.210725+00:00,147
vehicle_positions_05_052302.parquet,OK,23152,465,False,False,,0,2026-05-17T05:23:02.088230+00:00,2026-05-17T05:23:02.088230+00:00,146
vehicle_positions_05_052333.parquet,OK,22903,459,False,False,,0,2026-05-17T05:23:32.794641+00:00,2026-05-17T05:23:32.794641+00:00,145
vehicle_positions_05_052403.parquet,OK,22860,458,False,False,,0,2026-05-17T05:24:03.481152+00:00,2026-05-17T05:24:03.481152+00:00,147
vehicle_positions_05_052434.parquet,OK,22837,458,False,False,,0,2026-05-17T05:24:34.261304+00:00,2026-05-17T05:24:34.261304+00:00,147
vehicle_positions_05_052505.parquet,OK,22888,457,False,False,,0,2026-05-17T05:25:04.960973+00:00,2026-05-17T05:25:04.960973+00:00,147
vehicle_positions_05_052536.parquet,OK,22728,454,False,False,,0,2026-05-17T05:25:35.779524+00:00,2026-05-17T05:25:35.779524+00:00,147
vehicle_positions_05_052607.parquet,OK,22775,454,False,False,,0,2026-05-17T05:26:06.831614+00:00,2026-05-17T05:26:06.831614+00:00,146
vehicle_positions_05_052637.parquet,OK,22808,456,False,False,,0,2026-05-17T05:26:37.532182+00:00,2026-05-17T05:26:37.532182+00:00,147
vehicle_positions_05_052709.parquet,OK,22888,456,False,False,,0,2026-05-17T05:27:08.367379+00:00,2026-05-17T05:27:08.367379+00:00,146
vehicle_positions_05_052739.parquet,OK,22853,455,False,False,,0,2026-05-17T05:27:39.465856+00:00,2026-05-17T05:27:39.465856+00:00,146
vehicle_positions_05_052810.parquet,OK,22930,455,False,False,,0,2026-05-17T05:28:10.351364+00:00,2026-05-17T05:28:10.351364+00:00,146
vehicle_positions_05_052841.parquet,OK,22953,454,False,False,,0,2026-05-17T05:28:41.129473+00:00,2026-05-17T05:28:41.129473+00:00,146
vehicle_positions_05_052912.parquet,OK,22914,454,False,False,,0,2026-05-17T05:29:11.954658+00:00,2026-05-17T05:29:11.954658+00:00,145
vehicle_positions_05_052943.parquet,OK,22917,455,False,False,,0,2026-05-17T05:29:42.767964+00:00,2026-05-17T05:29:42.767964+00:00,146
vehicle_positions_05_053014.parquet,OK,22817,453,False,False,,0,2026-05-17T05:30:13.576294+00:00,2026-05-17T05:30:13.576294+00:00,146
vehicle_positions_05_053044.parquet,OK,22873,455,False,False,,0,2026-05-17T05:30:44.259331+00:00,2026-05-17T05:30:44.259331+00:00,146
vehicle_positions_05_053115.parquet,OK,22838,455,False,False,,0,2026-05-17T05:31:15.110978+00:00,2026-05-17T05:31:15.110978+00:00,146
vehicle_positions_05_053146.parquet,OK,22826,453,False,False,,0,2026-05-17T05:31:46.104936+00:00,2026-05-17T05:31:46.104936+00:00,147
vehicle_positions_05_053217.parquet,OK,22804,451,False,False,,0,2026-05-17T05:32:16.807970+00:00,2026-05-17T05:32:16.807970+00:00,147
vehicle_positions_05_053247.parquet,OK,22742,449,False,False,,0,2026-05-17T05:32:47.482694+00:00,2026-05-17T05:32:47.482694+00:00,146
vehicle_positions_05_053319.parquet,OK,22696,450,False,False,,0,2026-05-17T05:33:18.383549+00:00,2026-05-17T05:33:18.383549+00:00,146
vehicle_positions_05_053350.parquet,OK,22782,451,False,False,,0,2026-05-17T05:33:49.672116+00:00,2026-05-17T05:33:49.672116+00:00,146
vehicle_positions_05_053421.parquet,OK,22724,449,False,False,,0,2026-05-17T05:34:20.881808+00:00,2026-05-17T05:34:20.881808+00:00,144
vehicle_positions_05_053452.parquet,OK,22605,447,False,False,,0,2026-05-17T05:34:51.791174+00:00,2026-05-17T05:34:51.791174+00:00,142
vehicle_positions_05_053523.parquet,OK,22491,444,False,False,,0,2026-05-17T05:35:22.566348+00:00,2026-05-17T05:35:22.566348+00:00,142
vehicle_positions_05_053554.parquet,OK,22481,444,False,False,,0,2026-05-17T05:35:53.907400+00:00,2026-05-17T05:35:53.907400+00:00,142
vehicle_positions_05_053625.parquet,OK,22470,443,False,False,,0,2026-05-17T05:36:24.690324+00:00,2026-05-17T05:36:24.690324+00:00,143
vehicle_positions_05_053656.parquet,OK,22406,442,False,False,,0,2026-05-17T05:36:55.508294+00:00,2026-05-17T05:36:55.508294+00:00,143
vehicle_positions_05_053727.parquet,OK,22233,437,False,False,,0,2026-05-17T05:37:26.552056+00:00,2026-05-17T05:37:26.552056+00:00,143
vehicle_positions_05_053757.parquet,OK,22215,437,False,False,,0,2026-05-17T05:37:57.399120+00:00,2026-05-17T05:37:57.399120+00:00,143
vehicle_positions_05_053828.parquet,OK,22159,436,False,False,,0,2026-05-17T05:38:28.119367+00:00,2026-05-17T05:38:28.119367+00:00,143
vehicle_positions_05_053859.parquet,OK,22213,437,False,False,,0,2026-05-17T05:38:58.872498+00:00,2026-05-17T05:38:58.872498+00:00,143
vehicle_positions_05_053930.parquet,OK,22150,434,False,False,,0,2026-05-17T05:39:29.574609+00:00,2026-05-17T05:39:29.574609+00:00,143
vehicle_positions_05_054000.parquet,OK,22153,434,False,False,,0,2026-05-17T05:40:00.313902+00:00,2026-05-17T05:40:00.313902+00:00,143
vehicle_positions_05_054031.parquet,OK,21988,432,False,False,,0,2026-05-17T05:40:31.117603+00:00,2026-05-17T05:40:31.117603+00:00,142
vehicle_positions_05_054102.parquet,OK,22003,431,False,False,,0,2026-05-17T05:41:01.829806+00:00,2026-05-17T05:41:01.829806+00:00,143
vehicle_positions_05_054133.parquet,OK,22033,429,False,False,,0,2026-05-17T05:41:32.641017+00:00,2026-05-17T05:41:32.641017+00:00,141
vehicle_positions_05_054203.parquet,OK,21979,430,False,False,,0,2026-05-17T05:42:03.314340+00:00,2026-05-17T05:42:03.314340+00:00,142
vehicle_positions_05_054234.parquet,OK,21860,426,False,False,,0,2026-05-17T05:42:34.098376+00:00,2026-05-17T05:42:34.098376+00:00,142
vehicle_positions_05_054305.parquet,OK,21841,427,False,False,,0,2026-05-17T05:43:04.784890+00:00,2026-05-17T05:43:04.784890+00:00,142
vehicle_positions_05_054335.parquet,OK,21806,427,False,False,,0,2026-05-17T05:43:35.526633+00:00,2026-05-17T05:43:35.526633+00:00,142
vehicle_positions_05_054406.parquet,OK,21799,428,False,False,,0,2026-05-17T05:44:06.303774+00:00,2026-05-17T05:44:06.303774+00:00,141
vehicle_positions_05_054437.parquet,OK,21661,423,False,False,,0,2026-05-17T05:44:37.085188+00:00,2026-05-17T05:44:37.085188+00:00,141
vehicle_positions_05_054508.parquet,OK,21635,418,False,False,,0,2026-05-17T05:45:07.838544+00:00,2026-05-17T05:45:07.838544+00:00,141
vehicle_positions_05_054539.parquet,OK,21543,418,False,False,,0,2026-05-17T05:45:38.597420+00:00,2026-05-17T05:45:38.597420+00:00,141
vehicle_positions_05_054609.parquet,OK,21578,420,False,False,,0,2026-05-17T05:46:09.420358+00:00,2026-05-17T05:46:09.420358+00:00,142
vehicle_positions_05_054640.parquet,OK,21549,419,False,False,,0,2026-05-17T05:46:40.255808+00:00,2026-05-17T05:46:40.255808+00:00,143
vehicle_positions_13_132901.parquet,OK,14219,218,False,False,,0,2026-05-17T13:28:57.202906+00:00,2026-05-17T13:28:57.202906+00:00,73
vehicle_positions_13_132932.parquet,OK,14340,221,False,False,,0,2026-05-17T13:29:31.874331+00:00,2026-05-17T13:29:31.874331+00:00,75
vehicle_positions_13_133003.parquet,OK,14557,226,False,False,,0,2026-05-17T13:30:02.691508+00:00,2026-05-17T13:30:02.691508+00:00,76
vehicle_positions_13_133033.parquet,OK,14576,228,False,False,,0,2026-05-17T13:30:33.349304+00:00,2026-05-17T13:30:33.349304+00:00,76
vehicle_positions_13_133104.parquet,OK,14670,231,False,False,,0,2026-05-17T13:31:04.064728+00:00,2026-05-17T13:31:04.064728+00:00,77
vehicle_positions_13_133135.parquet,OK,14781,234,False,False,,0,2026-05-17T13:31:34.790693+00:00,2026-05-17T13:31:34.790693+00:00,77
vehicle_positions_13_133206.parquet,OK,14790,234,False,False,,0,2026-05-17T13:32:05.585348+00:00,2026-05-17T13:32:05.585348+00:00,77
vehicle_positions_13_133236.parquet,OK,14808,234,False,False,,0,2026-05-17T13:32:36.536499+00:00,2026-05-17T13:32:36.536499+00:00,77
vehicle_positions_13_133307.parquet,OK,14838,235,False,False,,0,2026-05-17T13:33:07.213957+00:00,2026-05-17T13:33:07.213957+00:00,78
vehicle_positions_13_133338.parquet,OK,14963,237,False,False,,0,2026-05-17T13:33:37.982358+00:00,2026-05-17T13:33:37.982358+00:00,78
vehicle_positions_13_133409.parquet,OK,15025,240,False,False,,0,2026-05-17T13:34:08.694491+00:00,2026-05-17T13:34:08.694491+00:00,79
vehicle_positions_13_133439.parquet,OK,14997,239,False,False,,0,2026-05-17T13:34:39.420529+00:00,2026-05-17T13:34:39.420529+00:00,79
vehicle_positions_13_133511.parquet,OK,15082,240,False,False,,0,2026-05-17T13:35:10.084563+00:00,2026-05-17T13:35:10.084563+00:00,80
vehicle_positions_13_133541.parquet,OK,15100,242,False,False,,0,2026-05-17T13:35:41.311946+00:00,2026-05-17T13:35:41.311946+00:00,80
vehicle_positions_13_133612.parquet,OK,15223,243,False,False,,0,2026-05-17T13:36:12.000168+00:00,2026-05-17T13:36:12.000168+00:00,80
vehicle_positions_13_133643.parquet,OK,15098,242,False,False,,0,2026-05-17T13:36:42.653457+00:00,2026-05-17T13:36:42.653457+00:00,80
vehicle_positions_13_133713.parquet,OK,15097,242,False,False,,0,2026-05-17T13:37:13.364820+00:00,2026-05-17T13:37:13.364820+00:00,81
vehicle_positions_13_133744.parquet,OK,15048,241,False,False,,0,2026-05-17T13:37:44.025065+00:00,2026-05-17T13:37:44.025065+00:00,81
vehicle_positions_13_133815.parquet,OK,15182,245,False,False,,0,2026-05-17T13:38:14.770454+00:00,2026-05-17T13:38:14.770454+00:00,82
vehicle_positions_13_133845.parquet,OK,15156,245,False,False,,0,2026-05-17T13:38:45.488984+00:00,2026-05-17T13:38:45.488984+00:00,81
vehicle_positions_13_133916.parquet,OK,15196,247,False,False,,0,2026-05-17T13:39:16.163878+00:00,2026-05-17T13:39:16.163878+00:00,82
vehicle_positions_13_133947.parquet,OK,15352,250,False,False,,0,2026-05-17T13:39:46.986337+00:00,2026-05-17T13:39:46.986337+00:00,82
vehicle_positions_13_134018.parquet,OK,15389,251,False,False,,0,2026-05-17T13:40:17.688105+00:00,2026-05-17T13:40:17.688105+00:00,82
vehicle_positions_13_134049.parquet,OK,15437,254,False,False,,0,2026-05-17T13:40:49.021515+00:00,2026-05-17T13:40:49.021515+00:00,83
vehicle_positions_13_134120.parquet,OK,15454,254,False,False,,0,2026-05-17T13:41:19.696748+00:00,2026-05-17T13:41:19.696748+00:00,83
vehicle_positions_13_134150.parquet,OK,15485,256,False,False,,0,2026-05-17T13:41:50.494475+00:00,2026-05-17T13:41:50.494475+00:00,85
vehicle_positions_13_134221.parquet,OK,15471,256,False,False,,0,2026-05-17T13:42:21.207284+00:00,2026-05-17T13:42:21.207284+00:00,86
vehicle_positions_13_134252.parquet,OK,15692,259,False,False,,0,2026-05-17T13:42:51.928094+00:00,2026-05-17T13:42:51.928094+00:00,87
vehicle_positions_13_134323.parquet,OK,15819,261,False,False,,0,2026-05-17T13:43:22.621018+00:00,2026-05-17T13:43:22.621018+00:00,87
vehicle_positions_13_134353.parquet,OK,15810,263,False,False,,0,2026-05-17T13:43:53.387753+00:00,2026-05-17T13:43:53.387753+00:00,87
vehicle_positions_13_134424.parquet,OK,15911,264,False,False,,0,2026-05-17T13:44:24.067819+00:00,2026-05-17T13:44:24.067819+00:00,88
vehicle_positions_13_134455.parquet,OK,16035,266,False,False,,0,2026-05-17T13:44:54.866200+00:00,2026-05-17T13:44:54.866200+00:00,89
vehicle_positions_13_134525.parquet,OK,16042,267,False,False,,0,2026-05-17T13:45:25.543296+00:00,2026-05-17T13:45:25.543296+00:00,89
vehicle_positions_13_134556.parquet,OK,16108,269,False,False,,0,2026-05-17T13:45:56.425002+00:00,2026-05-17T13:45:56.425002+00:00,89
vehicle_positions_13_134627.parquet,OK,16062,271,False,False,,0,2026-05-17T13:46:27.140203+00:00,2026-05-17T13:46:27.140203+00:00,90
vehicle_positions_13_134658.parquet,OK,16241,273,False,False,,0,2026-05-17T13:46:57.868769+00:00,2026-05-17T13:46:57.868769+00:00,90
vehicle_positions_13_134728.parquet,OK,16260,273,False,False,,0,2026-05-17T13:47:28.550017+00:00,2026-05-17T13:47:28.550017+00:00,90
vehicle_positions_13_134759.parquet,OK,16280,274,False,False,,0,2026-05-17T13:47:59.305745+00:00,2026-05-17T13:47:59.305745+00:00,91
vehicle_positions_13_134830.parquet,OK,16301,273,False,False,,0,2026-05-17T13:48:30.042040+00:00,2026-05-17T13:48:30.042040+00:00,91
vehicle_positions_13_134901.parquet,OK,16434,277,False,False,,0,2026-05-17T13:49:00.830745+00:00,2026-05-17T13:49:00.830745+00:00,92
vehicle_positions_13_134931.parquet,OK,16422,280,False,False,,0,2026-05-17T13:49:31.496658+00:00,2026-05-17T13:49:31.496658+00:00,92
vehicle_positions_13_135002.parquet,OK,16504,280,False,False,,0,2026-05-17T13:50:02.352267+00:00,2026-05-17T13:50:02.352267+00:00,93
vehicle_positions_13_135033.parquet,OK,16539,282,False,False,,0,2026-05-17T13:50:33.005994+00:00,2026-05-17T13:50:33.005994+00:00,93
vehicle_positions_13_135104.parquet,OK,16599,283,False,False,,0,2026-05-17T13:51:03.799230+00:00,2026-05-17T13:51:03.799230+00:00,93
vehicle_positions_13_135134.parquet,OK,16673,286,False,False,,0,2026-05-17T13:51:34.477590+00:00,2026-05-17T13:51:34.477590+00:00,94
vehicle_positions_13_135205.parquet,OK,16818,289,False,False,,0,2026-05-17T13:52:05.245823+00:00,2026-05-17T13:52:05.245823+00:00,95
vehicle_positions_13_135236.parquet,OK,16789,289,False,False,,0,2026-05-17T13:52:35.884908+00:00,2026-05-17T13:52:35.884908+00:00,95
vehicle_positions_13_135306.parquet,OK,16893,291,False,False,,0,2026-05-17T13:53:06.532596+00:00,2026-05-17T13:53:06.532596+00:00,94
vehicle_positions_13_135337.parquet,OK,17028,294,False,False,,0,2026-05-17T13:53:37.220194+00:00,2026-05-17T13:53:37.220194+00:00,95
vehicle_positions_13_135408.parquet,OK,17084,296,False,False,,0,2026-05-17T13:54:07.929500+00:00,2026-05-17T13:54:07.929500+00:00,96
vehicle_positions_13_135438.parquet,OK,17139,298,False,False,,0,2026-05-17T13:54:38.573717+00:00,2026-05-17T13:54:38.573717+00:00,96
vehicle_positions_13_135509.parquet,OK,17204,298,False,False,,0,2026-05-17T13:55:09.305083+00:00,2026-05-17T13:55:09.305083+00:00,96
vehicle_positions_13_135540.parquet,OK,17185,299,False,False,,0,2026-05-17T13:55:39.971603+00:00,2026-05-17T13:55:39.971603+00:00,97
vehicle_positions_13_135611.parquet,OK,17217,299,False,False,,0,2026-05-17T13:56:10.768576+00:00,2026-05-17T13:56:10.768576+00:00,97
vehicle_positions_13_135641.parquet,OK,17203,300,False,False,,0,2026-05-17T13:56:41.441680+00:00,2026-05-17T13:56:41.441680+00:00,97
vehicle_positions_13_135713.parquet,OK,17078,296,False,False,,0,2026-05-17T13:57:12.135943+00:00,2026-05-17T13:57:12.135943+00:00,97
vehicle_positions_13_135744.parquet,OK,17019,296,False,False,,0,2026-05-17T13:57:43.800957+00:00,2026-05-17T13:57:43.800957+00:00,98
vehicle_positions_13_135815.parquet,OK,17224,298,False,False,,0,2026-05-17T13:58:14.670696+00:00,2026-05-17T13:58:14.670696+00:00,100
vehicle_positions_13_135845.parquet,OK,17303,302,False,False,,0,2026-05-17T13:58:45.312491+00:00,2026-05-17T13:58:45.312491+00:00,102
vehicle_positions_13_135916.parquet,OK,17326,302,False,False,,0,2026-05-17T13:59:16.169634+00:00,2026-05-17T13:59:16.169634+00:00,102
vehicle_positions_13_135947.parquet,OK,17323,304,False,False,,0,2026-05-17T13:59:47.096330+00:00,2026-05-17T13:59:47.096330+00:00,102
vehicle_positions_14_140018.parquet,OK,17362,305,False,False,,0,2026-05-17T14:00:17.915695+00:00,2026-05-17T14:00:17.915695+00:00,101
vehicle_positions_14_140049.parquet,OK,17425,306,False,False,,0,2026-05-17T14:00:49.097254+00:00,2026-05-17T14:00:49.097254+00:00,101
vehicle_positions_14_140120.parquet,OK,17478,307,False,False,,0,2026-05-17T14:01:19.769644+00:00,2026-05-17T14:01:19.769644+00:00,102
vehicle_positions_14_140150.parquet,OK,17467,308,False,False,,0,2026-05-17T14:01:50.506397+00:00,2026-05-17T14:01:50.506397+00:00,102
vehicle_positions_14_140221.parquet,OK,17499,310,False,False,,0,2026-05-17T14:02:21.383583+00:00,2026-05-17T14:02:21.383583+00:00,102
vehicle_positions_14_140252.parquet,OK,17592,312,False,False,,0,2026-05-17T14:02:52.099862+00:00,2026-05-17T14:02:52.099862+00:00,101
vehicle_positions_14_140324.parquet,OK,17654,313,False,False,,0,2026-05-17T14:03:23.770345+00:00,2026-05-17T14:03:23.770345+00:00,101
vehicle_positions_14_140354.parquet,OK,17607,312,False,False,,0,2026-05-17T14:03:54.557144+00:00,2026-05-17T14:03:54.557144+00:00,101
vehicle_positions_14_140425.parquet,OK,17599,312,False,False,,0,2026-05-17T14:04:25.341385+00:00,2026-05-17T14:04:25.341385+00:00,101
vehicle_positions_14_140456.parquet,OK,17573,312,False,False,,0,2026-05-17T14:04:56.053423+00:00,2026-05-17T14:04:56.053423+00:00,101
vehicle_positions_14_140527.parquet,OK,17638,313,False,False,,0,2026-05-17T14:05:26.740108+00:00,2026-05-17T14:05:26.740108+00:00,103
vehicle_positions_14_140557.parquet,OK,17541,313,False,False,,0,2026-05-17T14:05:57.449642+00:00,2026-05-17T14:05:57.449642+00:00,103
vehicle_positions_14_140628.parquet,OK,17589,311,False,False,,0,2026-05-17T14:06:28.070016+00:00,2026-05-17T14:06:28.070016+00:00,103
vehicle_positions_14_140659.parquet,OK,17606,312,False,False,,0,2026-05-17T14:06:58.771071+00:00,2026-05-17T14:06:58.771071+00:00,103
vehicle_positions_14_140729.parquet,OK,17693,313,False,False,,0,2026-05-17T14:07:29.474991+00:00,2026-05-17T14:07:29.474991+00:00,104
vehicle_positions_14_140800.parquet,OK,17679,314,False,False,,0,2026-05-17T14:08:00.164024+00:00,2026-05-17T14:08:00.164024+00:00,103
vehicle_positions_14_140831.parquet,OK,17682,316,False,False,,0,2026-05-17T14:08:30.848628+00:00,2026-05-17T14:08:30.848628+00:00,103
vehicle_positions_14_140901.parquet,OK,17801,318,False,False,,0,2026-05-17T14:09:01.551309+00:00,2026-05-17T14:09:01.551309+00:00,103
vehicle_positions_14_140932.parquet,OK,17943,321,False,False,,0,2026-05-17T14:09:32.443747+00:00,2026-05-17T14:09:32.443747+00:00,103
vehicle_positions_14_141003.parquet,OK,17973,322,False,False,,0,2026-05-17T14:10:03.192804+00:00,2026-05-17T14:10:03.192804+00:00,104
vehicle_positions_14_141034.parquet,OK,18008,324,False,False,,0,2026-05-17T14:10:33.927645+00:00,2026-05-17T14:10:33.927645+00:00,106
vehicle_positions_14_141104.parquet,OK,18201,329,False,False,,0,2026-05-17T14:11:04.608454+00:00,2026-05-17T14:11:04.608454+00:00,106
vehicle_positions_14_141135.parquet,OK,18273,329,False,False,,0,2026-05-17T14:11:35.254585+00:00,2026-05-17T14:11:35.254585+00:00,106
vehicle_positions_14_141206.parquet,OK,18176,326,False,False,,0,2026-05-17T14:12:05.936909+00:00,2026-05-17T14:12:05.936909+00:00,106
vehicle_positions_14_141237.parquet,OK,18275,329,False,False,,0,2026-05-17T14:12:36.675165+00:00,2026-05-17T14:12:36.675165+00:00,106
vehicle_positions_14_141307.parquet,OK,18269,330,False,False,,0,2026-05-17T14:13:07.397974+00:00,2026-05-17T14:13:07.397974+00:00,106
vehicle_positions_14_141338.parquet,OK,18239,331,False,False,,0,2026-05-17T14:13:38.112941+00:00,2026-05-17T14:13:38.112941+00:00,106
vehicle_positions_14_141409.parquet,OK,18281,331,False,False,,0,2026-05-17T14:14:08.801609+00:00,2026-05-17T14:14:08.801609+00:00,107
vehicle_positions_14_141440.parquet,OK,18380,332,False,False,,0,2026-05-17T14:14:39.556707+00:00,2026-05-17T14:14:39.556707+00:00,108
vehicle_positions_14_141510.parquet,OK,18421,332,False,False,,0,2026-05-17T14:15:10.327408+00:00,2026-05-17T14:15:10.327408+00:00,108
vehicle_positions_14_141541.parquet,OK,18460,334,False,False,,0,2026-05-17T14:15:41.062535+00:00,2026-05-17T14:15:41.062535+00:00,111
vehicle_positions_14_141612.parquet,OK,18438,334,False,False,,0,2026-05-17T14:16:11.893246+00:00,2026-05-17T14:16:11.893246+00:00,111
vehicle_positions_14_141643.parquet,OK,18603,338,False,False,,0,2026-05-17T14:16:42.620269+00:00,2026-05-17T14:16:42.620269+00:00,113
vehicle_positions_14_141713.parquet,OK,18588,340,False,False,,0,2026-05-17T14:17:13.325234+00:00,2026-05-17T14:17:13.325234+00:00,114
vehicle_positions_14_141744.parquet,OK,18635,341,False,False,,0,2026-05-17T14:17:44.020820+00:00,2026-05-17T14:17:44.020820+00:00,114
vehicle_positions_14_141815.parquet,OK,18679,341,False,False,,0,2026-05-17T14:18:14.744596+00:00,2026-05-17T14:18:14.744596+00:00,114
vehicle_positions_14_141845.parquet,OK,18732,344,False,False,,0,2026-05-17T14:18:45.512416+00:00,2026-05-17T14:18:45.512416+00:00,116
vehicle_positions_14_141916.parquet,OK,18823,345,False,False,,0,2026-05-17T14:19:16.195778+00:00,2026-05-17T14:19:16.195778+00:00,116
vehicle_positions_14_141947.parquet,OK,18774,344,False,False,,0,2026-05-17T14:19:46.873791+00:00,2026-05-17T14:19:46.873791+00:00,115
vehicle_positions_14_142018.parquet,OK,18905,346,False,False,,0,2026-05-17T14:20:17.750493+00:00,2026-05-17T14:20:17.750493+00:00,114
vehicle_positions_14_142048.parquet,OK,18913,347,False,False,,0,2026-05-17T14:20:48.466977+00:00,2026-05-17T14:20:48.466977+00:00,114
vehicle_positions_14_142119.parquet,OK,18967,348,False,False,,0,2026-05-17T14:21:19.138723+00:00,2026-05-17T14:21:19.138723+00:00,115
vehicle_positions_14_142150.parquet,OK,18899,348,False,False,,0,2026-05-17T14:21:49.879555+00:00,2026-05-17T14:21:49.879555+00:00,115
vehicle_positions_14_142221.parquet,OK,18860,348,False,False,,0,2026-05-17T14:22:20.610683+00:00,2026-05-17T14:22:20.610683+00:00,115
vehicle_positions_14_142251.parquet,OK,18927,350,False,False,,0,2026-05-17T14:22:51.359235+00:00,2026-05-17T14:22:51.359235+00:00,116
vehicle_positions_14_142322.parquet,OK,18914,351,False,False,,0,2026-05-17T14:23:22.104528+00:00,2026-05-17T14:23:22.104528+00:00,115
vehicle_positions_14_142353.parquet,OK,18933,351,False,False,,0,2026-05-17T14:23:52.822261+00:00,2026-05-17T14:23:52.822261+00:00,116
vehicle_positions_14_142423.parquet,OK,18978,352,False,False,,0,2026-05-17T14:24:23.494426+00:00,2026-05-17T14:24:23.494426+00:00,116
vehicle_positions_14_142454.parquet,OK,19125,356,False,False,,0,2026-05-17T14:24:54.240236+00:00,2026-05-17T14:24:54.240236+00:00,118
vehicle_positions_14_142525.parquet,OK,19196,358,False,False,,0,2026-05-17T14:25:25.014880+00:00,2026-05-17T14:25:25.014880+00:00,118
vehicle_positions_14_142556.parquet,OK,19254,360,False,False,,0,2026-05-17T14:25:55.834287+00:00,2026-05-17T14:25:55.834287+00:00,119
vehicle_positions_14_142627.parquet,OK,19350,362,False,False,,0,2026-05-17T14:26:26.495606+00:00,2026-05-17T14:26:26.495606+00:00,119
vehicle_positions_14_142657.parquet,OK,19349,361,False,False,,0,2026-05-17T14:26:57.450960+00:00,2026-05-17T14:26:57.450960+00:00,119
vehicle_positions_14_142728.parquet,OK,19411,362,False,False,,0,2026-05-17T14:27:28.153407+00:00,2026-05-17T14:27:28.153407+00:00,118
vehicle_positions_14_142759.parquet,OK,19437,363,False,False,,0,2026-05-17T14:27:58.827008+00:00,2026-05-17T14:27:58.827008+00:00,118
vehicle_positions_14_142829.parquet,OK,19367,361,False,False,,0,2026-05-17T14:28:29.569368+00:00,2026-05-17T14:28:29.569368+00:00,118
vehicle_positions_14_142900.parquet,OK,19464,363,False,False,,0,2026-05-17T14:29:00.276264+00:00,2026-05-17T14:29:00.276264+00:00,119
vehicle_positions_14_142931.parquet,OK,19671,369,False,False,,0,2026-05-17T14:29:30.996626+00:00,2026-05-17T14:29:30.996626+00:00,121
vehicle_positions_14_143002.parquet,OK,19616,369,False,False,,0,2026-05-17T14:30:01.688934+00:00,2026-05-17T14:30:01.688934+00:00,122
vehicle_positions_14_143032.parquet,OK,19535,370,False,False,,0,2026-05-17T14:30:32.410406+00:00,2026-05-17T14:30:32.410406+00:00,123
vehicle_positions_14_143103.parquet,OK,19566,370,False,False,,0,2026-05-17T14:31:03.195168+00:00,2026-05-17T14:31:03.195168+00:00,123
vehicle_positions_14_143134.parquet,OK,19600,371,False,False,,0,2026-05-17T14:31:33.871616+00:00,2026-05-17T14:31:33.871616+00:00,124
vehicle_positions_14_143204.parquet,OK,19609,372,False,False,,0,2026-05-17T14:32:04.538114+00:00,2026-05-17T14:32:04.538114+00:00,125
vehicle_positions_14_143235.parquet,OK,19571,372,False,False,,0,2026-05-17T14:32:35.178162+00:00,2026-05-17T14:32:35.178162+00:00,125
vehicle_positions_14_143306.parquet,OK,19658,373,False,False,,0,2026-05-17T14:33:05.988382+00:00,2026-05-17T14:33:05.988382+00:00,126
vehicle_positions_14_143340.parquet,OK,19672,373,False,False,,0,2026-05-17T14:33:36.782394+00:00,2026-05-17T14:33:36.782394+00:00,128
vehicle_positions_14_143411.parquet,OK,19730,375,False,False,,0,2026-05-17T14:34:10.658552+00:00,2026-05-17T14:34:10.658552+00:00,129
vehicle_positions_14_143441.parquet,OK,19781,376,False,False,,0,2026-05-17T14:34:41.272809+00:00,2026-05-17T14:34:41.272809+00:00,129
vehicle_positions_14_143512.parquet,OK,19888,377,False,False,,0,2026-05-17T14:35:12.027267+00:00,2026-05-17T14:35:12.027267+00:00,129
vehicle_positions_14_143543.parquet,OK,20024,382,False,False,,0,2026-05-17T14:35:42.759958+00:00,2026-05-17T14:35:42.759958+00:00,130
vehicle_positions_14_143613.parquet,OK,20016,382,False,False,,0,2026-05-17T14:36:13.485358+00:00,2026-05-17T14:36:13.485358+00:00,130
vehicle_positions_14_143644.parquet,OK,20023,382,False,False,,0,2026-05-17T14:36:44.201200+00:00,2026-05-17T14:36:44.201200+00:00,129
vehicle_positions_14_143715.parquet,OK,19957,382,False,False,,0,2026-05-17T14:37:14.903130+00:00,2026-05-17T14:37:14.903130+00:00,129
vehicle_positions_14_143746.parquet,OK,20159,386,False,False,,0,2026-05-17T14:37:45.629856+00:00,2026-05-17T14:37:45.629856+00:00,130
vehicle_positions_14_143816.parquet,OK,20190,388,False,False,,0,2026-05-17T14:38:16.448404+00:00,2026-05-17T14:38:16.448404+00:00,130
vehicle_positions_14_143847.parquet,OK,20212,389,False,False,,0,2026-05-17T14:38:47.136788+00:00,2026-05-17T14:38:47.136788+00:00,130
vehicle_positions_14_143918.parquet,OK,20203,389,False,False,,0,2026-05-17T14:39:17.862832+00:00,2026-05-17T14:39:17.862832+00:00,129
vehicle_positions_14_143949.parquet,OK,20201,388,False,False,,0,2026-05-17T14:39:48.588332+00:00,2026-05-17T14:39:48.588332+00:00,131
vehicle_positions_14_144019.parquet,OK,20157,386,False,False,,0,2026-05-17T14:40:19.304754+00:00,2026-05-17T14:40:19.304754+00:00,131
vehicle_positions_14_144050.parquet,OK,20248,389,False,False,,0,2026-05-17T14:40:49.936505+00:00,2026-05-17T14:40:49.936505+00:00,133
vehicle_positions_14_144121.parquet,OK,20286,390,False,False,,0,2026-05-17T14:41:20.645676+00:00,2026-05-17T14:41:20.645676+00:00,133
vehicle_positions_14_144151.parquet,OK,20344,390,False,False,,0,2026-05-17T14:41:51.299177+00:00,2026-05-17T14:41:51.299177+00:00,133
vehicle_positions_14_144222.parquet,OK,20569,394,False,False,,0,2026-05-17T14:42:22.053808+00:00,2026-05-17T14:42:22.053808+00:00,135
vehicle_positions_14_144253.parquet,OK,20609,395,False,False,,0,2026-05-17T14:42:52.757409+00:00,2026-05-17T14:42:52.757409+00:00,136
vehicle_positions_14_144323.parquet,OK,20578,394,False,False,,0,2026-05-17T14:43:23.499014+00:00,2026-05-17T14:43:23.499014+00:00,136
vehicle_positions_14_144354.parquet,OK,20650,397,False,False,,0,2026-05-17T14:43:54.247625+00:00,2026-05-17T14:43:54.247625+00:00,136
vehicle_positions_14_144425.parquet,OK,20715,399,False,False,,0,2026-05-17T14:44:24.989239+00:00,2026-05-17T14:44:24.989239+00:00,136
vehicle_positions_14_144456.parquet,OK,20866,403,False,False,,0,2026-05-17T14:44:55.679665+00:00,2026-05-17T14:44:55.679665+00:00,136
vehicle_positions_14_144526.parquet,OK,20955,406,False,False,,0,2026-05-17T14:45:26.329784+00:00,2026-05-17T14:45:26.329784+00:00,140
vehicle_positions_14_144557.parquet,OK,21083,410,False,False,,0,2026-05-17T14:45:57.142865+00:00,2026-05-17T14:45:57.142865+00:00,141
vehicle_positions_14_144628.parquet,OK,21188,412,False,False,,0,2026-05-17T14:46:27.869554+00:00,2026-05-17T14:46:27.869554+00:00,141
vehicle_positions_14_144658.parquet,OK,21130,413,False,False,,0,2026-05-17T14:46:58.590426+00:00,2026-05-17T14:46:58.590426+00:00,141
vehicle_positions_14_144729.parquet,OK,21299,416,False,False,,0,2026-05-17T14:47:29.254805+00:00,2026-05-17T14:47:29.254805+00:00,143
vehicle_positions_14_144800.parquet,OK,21334,417,False,False,,0,2026-05-17T14:48:00.045811+00:00,2026-05-17T14:48:00.045811+00:00,143
vehicle_positions_14_144831.parquet,OK,21436,420,False,False,,0,2026-05-17T14:48:30.661154+00:00,2026-05-17T14:48:30.661154+00:00,143
vehicle_positions_14_144901.parquet,OK,21523,421,False,False,,0,2026-05-17T14:49:01.320855+00:00,2026-05-17T14:49:01.320855+00:00,143
vehicle_positions_14_144932.parquet,OK,21437,421,False,False,,0,2026-05-17T14:49:32.119887+00:00,2026-05-17T14:49:32.119887+00:00,142
vehicle_positions_14_145003.parquet,OK,21506,423,False,False,,0,2026-05-17T14:50:02.810403+00:00,2026-05-17T14:50:02.810403+00:00,143
vehicle_positions_14_145033.parquet,OK,21618,426,False,False,,0,2026-05-17T14:50:33.541926+00:00,2026-05-17T14:50:33.541926+00:00,144
vehicle_positions_14_145104.parquet,OK,21694,427,False,False,,0,2026-05-17T14:51:04.225571+00:00,2026-05-17T14:51:04.225571+00:00,144
vehicle_positions_14_145135.parquet,OK,21652,430,False,False,,0,2026-05-17T14:51:34.952172+00:00,2026-05-17T14:51:34.952172+00:00,145
vehicle_positions_14_145206.parquet,OK,21670,428,False,False,,0,2026-05-17T14:52:05.670084+00:00,2026-05-17T14:52:05.670084+00:00,146
vehicle_positions_14_145236.parquet,OK,21695,427,False,False,,0,2026-05-17T14:52:36.332113+00:00,2026-05-17T14:52:36.332113+00:00,146
vehicle_positions_14_145307.parquet,OK,21702,430,False,False,,0,2026-05-17T14:53:07.089199+00:00,2026-05-17T14:53:07.089199+00:00,146
vehicle_positions_14_145338.parquet,OK,21716,429,False,False,,0,2026-05-17T14:53:37.735901+00:00,2026-05-17T14:53:37.735901+00:00,146
vehicle_positions_14_145408.parquet,OK,21657,426,False,False,,0,2026-05-17T14:54:08.447003+00:00,2026-05-17T14:54:08.447003+00:00,146
vehicle_positions_14_145439.parquet,OK,21610,425,False,False,,0,2026-05-17T14:54:39.098692+00:00,2026-05-17T14:54:39.098692+00:00,146
vehicle_positions_14_145510.parquet,OK,21572,425,False,False,,0,2026-05-17T14:55:09.855604+00:00,2026-05-17T14:55:09.855604+00:00,146
vehicle_positions_14_145540.parquet,OK,21603,426,False,False,,0,2026-05-17T14:55:40.481497+00:00,2026-05-17T14:55:40.481497+00:00,146
vehicle_positions_14_145611.parquet,OK,21720,428,False,False,,0,2026-05-17T14:56:11.188578+00:00,2026-05-17T14:56:11.188578+00:00,146
vehicle_positions_14_145642.parquet,OK,21674,428,False,False,,0,2026-05-17T14:56:41.961547+00:00,2026-05-17T14:56:41.961547+00:00,146
vehicle_positions_14_145713.parquet,OK,21721,429,False,False,,0,2026-05-17T14:57:12.657258+00:00,2026-05-17T14:57:12.657258+00:00,146
vehicle_positions_14_145743.parquet,OK,21774,431,False,False,,0,2026-05-17T14:57:43.364622+00:00,2026-05-17T14:57:43.364622+00:00,147
vehicle_positions_14_145814.parquet,OK,21903,434,False,False,,0,2026-05-17T14:58:14.063396+00:00,2026-05-17T14:58:14.063396+00:00,147
vehicle_positions_14_145845.parquet,OK,21945,437,False,False,,0,2026-05-17T14:58:45.443948+00:00,2026-05-17T14:58:45.443948+00:00,147
vehicle_positions_14_145916.parquet,OK,22213,446,False,False,,0,2026-05-17T14:59:16.217752+00:00,2026-05-17T14:59:16.217752+00:00,148
vehicle_positions_14_145947.parquet,OK,22243,447,False,False,,0,2026-05-17T14:59:46.916560+00:00,2026-05-17T14:59:46.916560+00:00,148
vehicle_positions_15_150018.parquet,OK,22191,447,False,False,,0,2026-05-17T15:00:17.612778+00:00,2026-05-17T15:00:17.612778+00:00,147
vehicle_positions_15_150048.parquet,OK,22447,453,False,False,,0,2026-05-17T15:00:48.310597+00:00,2026-05-17T15:00:48.310597+00:00,149
vehicle_positions_15_150119.parquet,OK,22569,456,False,False,,0,2026-05-17T15:01:18.952235+00:00,2026-05-17T15:01:18.952235+00:00,150
vehicle_positions_15_150150.parquet,OK,22685,457,False,False,,0,2026-05-17T15:01:49.635508+00:00,2026-05-17T15:01:49.635508+00:00,151
vehicle_positions_15_150220.parquet,OK,22647,460,False,False,,0,2026-05-17T15:02:20.339779+00:00,2026-05-17T15:02:20.339779+00:00,151
vehicle_positions_15_150251.parquet,OK,22667,460,False,False,,0,2026-05-17T15:02:51.012864+00:00,2026-05-17T15:02:51.012864+00:00,151
vehicle_positions_15_150322.parquet,OK,22716,460,False,False,,0,2026-05-17T15:03:21.704343+00:00,2026-05-17T15:03:21.704343+00:00,151
vehicle_positions_15_150352.parquet,OK,22642,457,False,False,,0,2026-05-17T15:03:52.455363+00:00,2026-05-17T15:03:52.455363+00:00,152
vehicle_positions_15_150423.parquet,OK,22770,460,False,False,,0,2026-05-17T15:04:23.154325+00:00,2026-05-17T15:04:23.154325+00:00,152
vehicle_positions_15_150454.parquet,OK,22782,463,False,False,,0,2026-05-17T15:04:53.871047+00:00,2026-05-17T15:04:53.871047+00:00,152
vehicle_positions_15_150524.parquet,OK,22776,464,False,False,,0,2026-05-17T15:05:24.563858+00:00,2026-05-17T15:05:24.563858+00:00,152
vehicle_positions_15_150555.parquet,OK,22864,465,False,False,,0,2026-05-17T15:05:55.380032+00:00,2026-05-17T15:05:55.380032+00:00,153
vehicle_positions_15_150626.parquet,OK,22861,465,False,False,,0,2026-05-17T15:06:26.174230+00:00,2026-05-17T15:06:26.174230+00:00,153
vehicle_positions_15_150657.parquet,OK,22746,464,False,False,,0,2026-05-17T15:06:56.925300+00:00,2026-05-17T15:06:56.925300+00:00,153
vehicle_positions_15_150728.parquet,OK,22745,463,False,False,,0,2026-05-17T15:07:27.681474+00:00,2026-05-17T15:07:27.681474+00:00,153
vehicle_positions_15_150758.parquet,OK,22777,464,False,False,,0,2026-05-17T15:07:58.355483+00:00,2026-05-17T15:07:58.355483+00:00,153
vehicle_positions_15_150829.parquet,OK,22853,465,False,False,,0,2026-05-17T15:08:29.109381+00:00,2026-05-17T15:08:29.109381+00:00,152
vehicle_positions_15_150900.parquet,OK,22877,465,False,False,,0,2026-05-17T15:08:59.910158+00:00,2026-05-17T15:08:59.910158+00:00,153
vehicle_positions_15_150931.parquet,OK,22873,466,False,False,,0,2026-05-17T15:09:30.583273+00:00,2026-05-17T15:09:30.583273+00:00,154
vehicle_positions_15_151001.parquet,OK,22927,467,False,False,,0,2026-05-17T15:10:01.295389+00:00,2026-05-17T15:10:01.295389+00:00,154
vehicle_positions_15_151032.parquet,OK,22959,468,False,False,,0,2026-05-17T15:10:32.098149+00:00,2026-05-17T15:10:32.098149+00:00,154
vehicle_positions_15_151103.parquet,OK,23074,470,False,False,,0,2026-05-17T15:11:02.864932+00:00,2026-05-17T15:11:02.864932+00:00,155
vehicle_positions_15_151133.parquet,OK,23046,470,False,False,,0,2026-05-17T15:11:33.565406+00:00,2026-05-17T15:11:33.565406+00:00,155
vehicle_positions_15_151204.parquet,OK,23079,470,False,False,,0,2026-05-17T15:12:04.253743+00:00,2026-05-17T15:12:04.253743+00:00,156
vehicle_positions_15_151235.parquet,OK,23076,470,False,False,,0,2026-05-17T15:12:34.948763+00:00,2026-05-17T15:12:34.948763+00:00,156
vehicle_positions_15_151306.parquet,OK,23180,471,False,False,,0,2026-05-17T15:13:05.706711+00:00,2026-05-17T15:13:05.706711+00:00,156
vehicle_positions_15_151336.parquet,OK,23178,473,False,False,,0,2026-05-17T15:13:36.438373+00:00,2026-05-17T15:13:36.438373+00:00,157
vehicle_positions_15_151407.parquet,OK,23154,473,False,False,,0,2026-05-17T15:14:07.175352+00:00,2026-05-17T15:14:07.175352+00:00,157
vehicle_positions_15_151438.parquet,OK,23136,474,False,False,,0,2026-05-17T15:14:37.828021+00:00,2026-05-17T15:14:37.828021+00:00,156
vehicle_positions_15_151509.parquet,OK,23179,475,False,False,,0,2026-05-17T15:15:08.698604+00:00,2026-05-17T15:15:08.698604+00:00,157
vehicle_positions_15_151539.parquet,OK,23230,477,False,False,,0,2026-05-17T15:15:39.392152+00:00,2026-05-17T15:15:39.392152+00:00,157
vehicle_positions_15_151610.parquet,OK,23201,475,False,False,,0,2026-05-17T15:16:10.076276+00:00,2026-05-17T15:16:10.076276+00:00,157
vehicle_positions_15_151641.parquet,OK,23266,478,False,False,,0,2026-05-17T15:16:40.799673+00:00,2026-05-17T15:16:40.799673+00:00,158
vehicle_positions_15_151712.parquet,OK,23469,481,False,False,,0,2026-05-17T15:17:11.716203+00:00,2026-05-17T15:17:11.716203+00:00,158
vehicle_positions_15_151742.parquet,OK,23465,482,False,False,,0,2026-05-17T15:17:42.451033+00:00,2026-05-17T15:17:42.451033+00:00,158
vehicle_positions_15_151813.parquet,OK,23456,482,False,False,,0,2026-05-17T15:18:13.144225+00:00,2026-05-17T15:18:13.144225+00:00,158
vehicle_positions_15_151844.parquet,OK,23361,479,False,False,,0,2026-05-17T15:18:43.884000+00:00,2026-05-17T15:18:43.884000+00:00,156
vehicle_positions_15_151915.parquet,OK,23443,482,False,False,,0,2026-05-17T15:19:14.652314+00:00,2026-05-17T15:19:14.652314+00:00,156
vehicle_positions_15_151946.parquet,OK,23419,483,False,False,,0,2026-05-17T15:19:45.359431+00:00,2026-05-17T15:19:45.359431+00:00,156
vehicle_positions_15_152016.parquet,OK,23381,483,False,False,,0,2026-05-17T15:20:16.332111+00:00,2026-05-17T15:20:16.332111+00:00,156
vehicle_positions_15_152047.parquet,OK,23445,485,False,False,,0,2026-05-17T15:20:47.024903+00:00,2026-05-17T15:20:47.024903+00:00,156
vehicle_positions_15_152118.parquet,OK,23426,485,False,False,,0,2026-05-17T15:21:17.972759+00:00,2026-05-17T15:21:17.972759+00:00,154
vehicle_positions_15_152149.parquet,OK,23462,487,False,False,,0,2026-05-17T15:21:48.864844+00:00,2026-05-17T15:21:48.864844+00:00,155
vehicle_positions_15_152220.parquet,OK,23431,487,False,False,,0,2026-05-17T15:22:19.604373+00:00,2026-05-17T15:22:19.604373+00:00,155
vehicle_positions_15_152250.parquet,OK,23361,486,False,False,,0,2026-05-17T15:22:50.513345+00:00,2026-05-17T15:22:50.513345+00:00,155
vehicle_positions_15_152321.parquet,OK,23297,482,False,False,,0,2026-05-17T15:23:21.391208+00:00,2026-05-17T15:23:21.391208+00:00,155
vehicle_positions_15_152352.parquet,OK,23468,485,False,False,,0,2026-05-17T15:23:52.374855+00:00,2026-05-17T15:23:52.374855+00:00,155
vehicle_positions_15_152423.parquet,OK,23379,485,False,False,,0,2026-05-17T15:24:23.111001+00:00,2026-05-17T15:24:23.111001+00:00,153
vehicle_positions_15_152454.parquet,OK,23454,487,False,False,,0,2026-05-17T15:24:53.829589+00:00,2026-05-17T15:24:53.829589+00:00,154
vehicle_positions_15_152525.parquet,OK,23609,490,False,False,,0,2026-05-17T15:25:24.826388+00:00,2026-05-17T15:25:24.826388+00:00,154
vehicle_positions_15_152555.parquet,OK,23474,488,False,False,,0,2026-05-17T15:25:55.545472+00:00,2026-05-17T15:25:55.545472+00:00,154
vehicle_positions_15_152626.parquet,OK,23517,488,False,False,,0,2026-05-17T15:26:26.226314+00:00,2026-05-17T15:26:26.226314+00:00,154
vehicle_positions_15_152657.parquet,OK,23502,488,False,False,,0,2026-05-17T15:26:57.001435+00:00,2026-05-17T15:26:57.001435+00:00,153
vehicle_positions_15_152728.parquet,OK,23498,487,False,False,,0,2026-05-17T15:27:27.813094+00:00,2026-05-17T15:27:27.813094+00:00,153
vehicle_positions_15_152758.parquet,OK,23657,490,False,False,,0,2026-05-17T15:27:58.527040+00:00,2026-05-17T15:27:58.527040+00:00,155
vehicle_positions_15_152829.parquet,OK,23647,492,False,False,,0,2026-05-17T15:28:29.221888+00:00,2026-05-17T15:28:29.221888+00:00,155
vehicle_positions_15_152900.parquet,OK,23662,492,False,False,,0,2026-05-17T15:29:00.010012+00:00,2026-05-17T15:29:00.010012+00:00,155
vehicle_positions_15_152931.parquet,OK,23767,496,False,False,,0,2026-05-17T15:29:30.828048+00:00,2026-05-17T15:29:30.828048+00:00,155
vehicle_positions_15_153002.parquet,OK,23922,499,False,False,,0,2026-05-17T15:30:01.617195+00:00,2026-05-17T15:30:01.617195+00:00,157
vehicle_positions_15_153032.parquet,OK,23820,499,False,False,,0,2026-05-17T15:30:32.345939+00:00,2026-05-17T15:30:32.345939+00:00,157
vehicle_positions_15_153103.parquet,OK,23892,501,False,False,,0,2026-05-17T15:31:03.041644+00:00,2026-05-17T15:31:03.041644+00:00,157
vehicle_positions_15_153136.parquet,OK,24116,506,False,False,,0,2026-05-17T15:31:36.482607+00:00,2026-05-17T15:31:36.482607+00:00,157
vehicle_positions_15_153207.parquet,OK,24225,509,False,False,,0,2026-05-17T15:32:07.187769+00:00,2026-05-17T15:32:07.187769+00:00,157
vehicle_positions_15_153238.parquet,OK,24325,512,False,False,,0,2026-05-17T15:32:37.957015+00:00,2026-05-17T15:32:37.957015+00:00,158
vehicle_positions_15_153309.parquet,OK,24554,515,False,False,,0,2026-05-17T15:33:08.703082+00:00,2026-05-17T15:33:08.703082+00:00,159
vehicle_positions_15_153339.parquet,OK,24596,515,False,False,,0,2026-05-17T15:33:39.442707+00:00,2026-05-17T15:33:39.442707+00:00,159
vehicle_positions_15_153410.parquet,OK,24706,517,False,False,,0,2026-05-17T15:34:10.113035+00:00,2026-05-17T15:34:10.113035+00:00,160
vehicle_positions_15_153441.parquet,OK,24704,518,False,False,,0,2026-05-17T15:34:40.788128+00:00,2026-05-17T15:34:40.788128+00:00,160
vehicle_positions_15_153511.parquet,OK,24587,516,False,False,,0,2026-05-17T15:35:11.517683+00:00,2026-05-17T15:35:11.517683+00:00,160
vehicle_positions_15_153542.parquet,OK,24611,514,False,False,,0,2026-05-17T15:35:42.256796+00:00,2026-05-17T15:35:42.256796+00:00,160
vehicle_positions_15_153613.parquet,OK,24611,514,False,False,,0,2026-05-17T15:36:12.996202+00:00,2026-05-17T15:36:12.996202+00:00,160
vehicle_positions_15_153644.parquet,OK,24521,515,False,False,,0,2026-05-17T15:36:43.686881+00:00,2026-05-17T15:36:43.686881+00:00,160
vehicle_positions_15_153714.parquet,OK,24601,516,False,False,,0,2026-05-17T15:37:14.438027+00:00,2026-05-17T15:37:14.438027+00:00,160
vehicle_positions_15_153745.parquet,OK,24555,514,False,False,,0,2026-05-17T15:37:45.173846+00:00,2026-05-17T15:37:45.173846+00:00,159
vehicle_positions_15_153816.parquet,OK,24670,515,False,False,,0,2026-05-17T15:38:15.913713+00:00,2026-05-17T15:38:15.913713+00:00,161
vehicle_positions_15_153847.parquet,OK,24628,517,False,False,,0,2026-05-17T15:38:46.687239+00:00,2026-05-17T15:38:46.687239+00:00,161
vehicle_positions_15_153917.parquet,OK,24616,516,False,False,,0,2026-05-17T15:39:17.362654+00:00,2026-05-17T15:39:17.362654+00:00,161
vehicle_positions_15_153948.parquet,OK,24647,516,False,False,,0,2026-05-17T15:39:48.086831+00:00,2026-05-17T15:39:48.086831+00:00,162
vehicle_positions_15_154019.parquet,OK,24638,514,False,False,,0,2026-05-17T15:40:18.843120+00:00,2026-05-17T15:40:18.843120+00:00,161
vehicle_positions_15_154049.parquet,OK,24654,515,False,False,,0,2026-05-17T15:40:49.504134+00:00,2026-05-17T15:40:49.504134+00:00,162
vehicle_positions_15_154122.parquet,OK,24635,515,False,False,,0,2026-05-17T15:41:21.612237+00:00,2026-05-17T15:41:21.612237+00:00,162
vehicle_positions_15_154152.parquet,OK,24636,514,False,False,,0,2026-05-17T15:41:52.522393+00:00,2026-05-17T15:41:52.522393+00:00,161
vehicle_positions_15_154223.parquet,OK,24381,511,False,False,,0,2026-05-17T15:42:23.250085+00:00,2026-05-17T15:42:23.250085+00:00,161
vehicle_positions_15_154254.parquet,OK,24313,512,False,False,,0,2026-05-17T15:42:54.054842+00:00,2026-05-17T15:42:54.054842+00:00,161
vehicle_positions_15_155222.parquet,OK,25243,527,False,False,,0,2026-05-17T15:52:22.497453+00:00,2026-05-17T15:52:22.497453+00:00,163
vehicle_positions_15_155255.parquet,OK,25235,529,False,False,,0,2026-05-17T15:52:53.429733+00:00,2026-05-17T15:52:53.429733+00:00,162
vehicle_positions_15_155326.parquet,OK,25148,527,False,False,,0,2026-05-17T15:53:25.946815+00:00,2026-05-17T15:53:25.946815+00:00,161
vehicle_positions_15_155357.parquet,OK,25115,528,False,False,,0,2026-05-17T15:53:56.728408+00:00,2026-05-17T15:53:56.728408+00:00,161
vehicle_positions_15_155428.parquet,OK,25194,526,False,False,,0,2026-05-17T15:54:27.533352+00:00,2026-05-17T15:54:27.533352+00:00,161
vehicle_positions_15_155458.parquet,OK,25090,524,False,False,,0,2026-05-17T15:54:58.377582+00:00,2026-05-17T15:54:58.377582+00:00,161
vehicle_positions_15_155529.parquet,OK,25155,527,False,False,,0,2026-05-17T15:55:29.196785+00:00,2026-05-17T15:55:29.196785+00:00,161
vehicle_positions_15_155601.parquet,OK,25217,528,False,False,,0,2026-05-17T15:56:00.202449+00:00,2026-05-17T15:56:00.202449+00:00,162
vehicle_positions_15_155631.parquet,OK,25178,527,False,False,,0,2026-05-17T15:56:31.452300+00:00,2026-05-17T15:56:31.452300+00:00,162
vehicle_positions_15_155702.parquet,OK,25232,529,False,False,,0,2026-05-17T15:57:02.208643+00:00,2026-05-17T15:57:02.208643+00:00,162
vehicle_positions_15_155733.parquet,OK,25286,532,False,False,,0,2026-05-17T15:57:32.891238+00:00,2026-05-17T15:57:32.891238+00:00,162
vehicle_positions_15_155804.parquet,OK,25471,535,False,False,,0,2026-05-17T15:58:03.725608+00:00,2026-05-17T15:58:03.725608+00:00,163
vehicle_positions_15_155834.parquet,OK,25435,535,False,False,,0,2026-05-17T15:58:34.429306+00:00,2026-05-17T15:58:34.429306+00:00,163
vehicle_positions_15_155905.parquet,OK,25611,538,False,False,,0,2026-05-17T15:59:05.132996+00:00,2026-05-17T15:59:05.132996+00:00,163
vehicle_positions_15_155936.parquet,OK,25609,540,False,False,,0,2026-05-17T15:59:35.891445+00:00,2026-05-17T15:59:35.891445+00:00,164
vehicle_positions_16_160007.parquet,OK,25667,543,False,False,,0,2026-05-17T16:00:06.769206+00:00,2026-05-17T16:00:06.769206+00:00,164
vehicle_positions_16_160038.parquet,OK,25534,543,False,False,,0,2026-05-17T16:00:37.647824+00:00,2026-05-17T16:00:37.647824+00:00,163
vehicle_positions_16_160108.parquet,OK,25803,547,False,False,,0,2026-05-17T16:01:08.340163+00:00,2026-05-17T16:01:08.340163+00:00,163
vehicle_positions_16_160139.parquet,OK,25768,546,False,False,,0,2026-05-17T16:01:39.173488+00:00,2026-05-17T16:01:39.173488+00:00,162
vehicle_positions_16_160210.parquet,OK,25746,545,False,False,,0,2026-05-17T16:02:10.264781+00:00,2026-05-17T16:02:10.264781+00:00,162
vehicle_positions_16_160241.parquet,OK,25796,546,False,False,,0,2026-05-17T16:02:41.011434+00:00,2026-05-17T16:02:41.011434+00:00,163
vehicle_positions_16_160312.parquet,OK,25772,545,False,False,,0,2026-05-17T16:03:11.731844+00:00,2026-05-17T16:03:11.731844+00:00,163
vehicle_positions_16_160343.parquet,OK,25771,548,False,False,,0,2026-05-17T16:03:42.684277+00:00,2026-05-17T16:03:42.684277+00:00,164
vehicle_positions_16_160413.parquet,OK,25780,547,False,False,,0,2026-05-17T16:04:13.523234+00:00,2026-05-17T16:04:13.523234+00:00,164
vehicle_positions_16_160444.parquet,OK,25758,548,False,False,,0,2026-05-17T16:04:44.199550+00:00,2026-05-17T16:04:44.199550+00:00,164
vehicle_positions_16_160515.parquet,OK,25941,552,False,False,,0,2026-05-17T16:05:15.351336+00:00,2026-05-17T16:05:15.351336+00:00,166
vehicle_positions_16_160546.parquet,OK,26044,556,False,False,,0,2026-05-17T16:05:46.123677+00:00,2026-05-17T16:05:46.123677+00:00,167
vehicle_positions_16_160617.parquet,OK,26046,558,False,False,,0,2026-05-17T16:06:16.947749+00:00,2026-05-17T16:06:16.947749+00:00,167
vehicle_positions_16_160648.parquet,OK,26116,559,False,False,,0,2026-05-17T16:06:47.861074+00:00,2026-05-17T16:06:47.861074+00:00,167
vehicle_positions_16_160719.parquet,OK,26639,556,False,False,,0,2026-05-17T16:07:18.582488+00:00,2026-05-17T16:07:18.582488+00:00,167
vehicle_positions_16_160750.parquet,OK,26674,557,False,False,,0,2026-05-17T16:07:50.309231+00:00,2026-05-17T16:07:50.309231+00:00,167
vehicle_positions_16_160822.parquet,OK,26618,556,False,False,,0,2026-05-17T16:08:21.796812+00:00,2026-05-17T16:08:21.796812+00:00,166
vehicle_positions_16_160852.parquet,OK,26573,555,False,False,,0,2026-05-17T16:08:52.510948+00:00,2026-05-17T16:08:52.510948+00:00,166
vehicle_positions_16_160923.parquet,OK,26633,558,False,False,,0,2026-05-17T16:09:23.171711+00:00,2026-05-17T16:09:23.171711+00:00,166
vehicle_positions_16_160954.parquet,OK,26530,558,False,False,,0,2026-05-17T16:09:54.062428+00:00,2026-05-17T16:09:54.062428+00:00,166
vehicle_positions_16_161025.parquet,OK,26683,558,False,False,,0,2026-05-17T16:10:24.830110+00:00,2026-05-17T16:10:24.830110+00:00,166
vehicle_positions_16_161056.parquet,OK,26661,556,False,False,,0,2026-05-17T16:10:55.677553+00:00,2026-05-17T16:10:55.677553+00:00,166
vehicle_positions_16_161126.parquet,OK,26391,552,False,False,,0,2026-05-17T16:11:26.350347+00:00,2026-05-17T16:11:26.350347+00:00,165
vehicle_positions_16_161157.parquet,OK,26423,553,False,False,,0,2026-05-17T16:11:57.113786+00:00,2026-05-17T16:11:57.113786+00:00,165
vehicle_positions_16_161228.parquet,OK,26528,555,False,False,,0,2026-05-17T16:12:27.857057+00:00,2026-05-17T16:12:27.857057+00:00,164
vehicle_positions_16_161259.parquet,OK,26554,555,False,False,,0,2026-05-17T16:12:58.865390+00:00,2026-05-17T16:12:58.865390+00:00,164
vehicle_positions_16_161330.parquet,OK,26347,551,False,False,,0,2026-05-17T16:13:29.661496+00:00,2026-05-17T16:13:29.661496+00:00,163
vehicle_positions_16_161401.parquet,OK,26180,552,False,False,,0,2026-05-17T16:14:00.374982+00:00,2026-05-17T16:14:00.374982+00:00,163
vehicle_positions_16_161432.parquet,OK,26355,552,False,False,,0,2026-05-17T16:14:31.658214+00:00,2026-05-17T16:14:31.658214+00:00,163
vehicle_positions_16_161502.parquet,OK,26527,553,False,False,,0,2026-05-17T16:15:02.358329+00:00,2026-05-17T16:15:02.358329+00:00,163
vehicle_positions_16_161533.parquet,OK,26620,559,False,False,,0,2026-05-17T16:15:33.093636+00:00,2026-05-17T16:15:33.093636+00:00,162
vehicle_positions_16_161604.parquet,OK,26646,559,False,False,,0,2026-05-17T16:16:03.839105+00:00,2026-05-17T16:16:03.839105+00:00,162
vehicle_positions_16_161635.parquet,OK,26575,559,False,False,,0,2026-05-17T16:16:34.683897+00:00,2026-05-17T16:16:34.683897+00:00,163
vehicle_positions_16_161705.parquet,OK,26656,559,False,False,,0,2026-05-17T16:17:05.423342+00:00,2026-05-17T16:17:05.423342+00:00,163
vehicle_positions_16_161736.parquet,OK,26787,561,False,False,,0,2026-05-17T16:17:36.221233+00:00,2026-05-17T16:17:36.221233+00:00,163
vehicle_positions_16_161807.parquet,OK,26788,563,False,False,,0,2026-05-17T16:18:07.013843+00:00,2026-05-17T16:18:07.013843+00:00,162
vehicle_positions_16_161838.parquet,OK,26974,566,False,False,,0,2026-05-17T16:18:37.810554+00:00,2026-05-17T16:18:37.810554+00:00,162
vehicle_positions_16_161908.parquet,OK,27065,569,False,False,,0,2026-05-17T16:19:08.499043+00:00,2026-05-17T16:19:08.499043+00:00,162
vehicle_positions_16_161939.parquet,OK,27114,571,False,False,,0,2026-05-17T16:19:39.243509+00:00,2026-05-17T16:19:39.243509+00:00,162
vehicle_positions_16_162010.parquet,OK,27078,571,False,False,,0,2026-05-17T16:20:10.044905+00:00,2026-05-17T16:20:10.044905+00:00,162
vehicle_positions_16_162041.parquet,OK,27145,572,False,False,,0,2026-05-17T16:20:40.830806+00:00,2026-05-17T16:20:40.830806+00:00,161
vehicle_positions_16_162112.parquet,OK,27078,571,False,False,,0,2026-05-17T16:21:11.619083+00:00,2026-05-17T16:21:11.619083+00:00,161
vehicle_positions_16_162142.parquet,OK,26916,568,False,False,,0,2026-05-17T16:21:42.407892+00:00,2026-05-17T16:21:42.407892+00:00,160
vehicle_positions_16_162213.parquet,OK,27097,569,False,False,,0,2026-05-17T16:22:13.254392+00:00,2026-05-17T16:22:13.254392+00:00,162
vehicle_positions_16_162244.parquet,OK,27083,572,False,False,,0,2026-05-17T16:22:44.246047+00:00,2026-05-17T16:22:44.246047+00:00,163
vehicle_positions_16_162315.parquet,OK,27063,571,False,False,,0,2026-05-17T16:23:15.204969+00:00,2026-05-17T16:23:15.204969+00:00,163
vehicle_positions_16_162346.parquet,OK,26948,569,False,False,,0,2026-05-17T16:23:46.072803+00:00,2026-05-17T16:23:46.072803+00:00,163
vehicle_positions_16_162417.parquet,OK,26869,567,False,False,,0,2026-05-17T16:24:16.742917+00:00,2026-05-17T16:24:16.742917+00:00,164
vehicle_positions_16_162448.parquet,OK,26875,568,False,False,,0,2026-05-17T16:24:48.115768+00:00,2026-05-17T16:24:48.115768+00:00,164
vehicle_positions_16_162519.parquet,OK,26907,566,False,False,,0,2026-05-17T16:25:18.869204+00:00,2026-05-17T16:25:18.869204+00:00,164
vehicle_positions_16_162550.parquet,OK,26884,566,False,False,,0,2026-05-17T16:25:49.952865+00:00,2026-05-17T16:25:49.952865+00:00,164
vehicle_positions_16_162621.parquet,OK,27004,569,False,False,,0,2026-05-17T16:26:20.758879+00:00,2026-05-17T16:26:20.758879+00:00,164
vehicle_positions_16_162652.parquet,OK,27078,570,False,False,,0,2026-05-17T16:26:51.616773+00:00,2026-05-17T16:26:51.616773+00:00,164
vehicle_positions_16_162722.parquet,OK,27177,574,False,False,,0,2026-05-17T16:27:22.307943+00:00,2026-05-17T16:27:22.307943+00:00,166
vehicle_positions_16_162753.parquet,OK,27213,576,False,False,,0,2026-05-17T16:27:53.489214+00:00,2026-05-17T16:27:53.489214+00:00,165
vehicle_positions_16_162824.parquet,OK,27315,577,False,False,,0,2026-05-17T16:28:24.126249+00:00,2026-05-17T16:28:24.126249+00:00,165
vehicle_positions_16_162855.parquet,OK,27274,577,False,False,,0,2026-05-17T16:28:55.067195+00:00,2026-05-17T16:28:55.067195+00:00,165
vehicle_positions_16_162926.parquet,OK,27350,578,False,False,,0,2026-05-17T16:29:25.850298+00:00,2026-05-17T16:29:25.850298+00:00,165
vehicle_positions_16_162957.parquet,OK,27378,577,False,False,,0,2026-05-17T16:29:56.661530+00:00,2026-05-17T16:29:56.661530+00:00,165
vehicle_positions_16_163027.parquet,OK,27430,581,False,False,,0,2026-05-17T16:30:27.378366+00:00,2026-05-17T16:30:27.378366+00:00,165
vehicle_positions_16_163058.parquet,OK,27449,586,False,False,,0,2026-05-17T16:30:58.259680+00:00,2026-05-17T16:30:58.259680+00:00,165
vehicle_positions_16_163129.parquet,OK,27422,584,False,False,,0,2026-05-17T16:31:29.046141+00:00,2026-05-17T16:31:29.046141+00:00,165
vehicle_positions_16_163200.parquet,OK,27355,583,False,False,,0,2026-05-17T16:31:59.833709+00:00,2026-05-17T16:31:59.833709+00:00,164
vehicle_positions_16_163231.parquet,OK,27481,585,False,False,,0,2026-05-17T16:32:31.094727+00:00,2026-05-17T16:32:31.094727+00:00,164
vehicle_positions_16_163302.parquet,OK,27498,585,False,False,,0,2026-05-17T16:33:01.942174+00:00,2026-05-17T16:33:01.942174+00:00,165
vehicle_positions_16_163333.parquet,OK,27557,587,False,False,,0,2026-05-17T16:33:32.666272+00:00,2026-05-17T16:33:32.666272+00:00,165
vehicle_positions_16_163403.parquet,OK,27737,590,False,False,,0,2026-05-17T16:34:03.439156+00:00,2026-05-17T16:34:03.439156+00:00,165
vehicle_positions_16_163434.parquet,OK,27848,592,False,False,,0,2026-05-17T16:34:34.220094+00:00,2026-05-17T16:34:34.220094+00:00,165
vehicle_positions_16_163505.parquet,OK,27850,592,False,False,,0,2026-05-17T16:35:05.038017+00:00,2026-05-17T16:35:05.038017+00:00,165
vehicle_positions_16_163536.parquet,OK,27933,595,False,False,,0,2026-05-17T16:35:35.874339+00:00,2026-05-17T16:35:35.874339+00:00,164
vehicle_positions_16_163607.parquet,OK,27920,596,False,False,,0,2026-05-17T16:36:06.658878+00:00,2026-05-17T16:36:06.658878+00:00,166
vehicle_positions_16_163638.parquet,OK,27871,593,False,False,,0,2026-05-17T16:36:37.505172+00:00,2026-05-17T16:36:37.505172+00:00,165
vehicle_positions_16_163708.parquet,OK,27965,594,False,False,,0,2026-05-17T16:37:08.368348+00:00,2026-05-17T16:37:08.368348+00:00,165
vehicle_positions_16_163739.parquet,OK,27802,590,False,False,,0,2026-05-17T16:37:39.138660+00:00,2026-05-17T16:37:39.138660+00:00,165
vehicle_positions_16_163810.parquet,OK,27690,587,False,False,,0,2026-05-17T16:38:09.912365+00:00,2026-05-17T16:38:09.912365+00:00,165
vehicle_positions_16_163841.parquet,OK,27490,584,False,False,,0,2026-05-17T16:38:40.694249+00:00,2026-05-17T16:38:40.694249+00:00,165
vehicle_positions_16_163912.parquet,OK,27420,581,False,False,,0,2026-05-17T16:39:11.649230+00:00,2026-05-17T16:39:11.649230+00:00,165
vehicle_positions_16_163943.parquet,OK,27409,582,False,False,,0,2026-05-17T16:39:42.511887+00:00,2026-05-17T16:39:42.511887+00:00,164
vehicle_positions_16_164014.parquet,OK,27570,585,False,False,,0,2026-05-17T16:40:13.651721+00:00,2026-05-17T16:40:13.651721+00:00,165
vehicle_positions_16_164045.parquet,OK,27658,588,False,False,,0,2026-05-17T16:40:44.558515+00:00,2026-05-17T16:40:44.558515+00:00,167
vehicle_positions_16_164115.parquet,OK,27630,589,False,False,,0,2026-05-17T16:41:15.315522+00:00,2026-05-17T16:41:15.315522+00:00,167
vehicle_positions_16_164146.parquet,OK,27701,591,False,False,,0,2026-05-17T16:41:46.171171+00:00,2026-05-17T16:41:46.171171+00:00,166
vehicle_positions_16_164217.parquet,OK,27666,590,False,False,,0,2026-05-17T16:42:16.967922+00:00,2026-05-17T16:42:16.967922+00:00,166
vehicle_positions_16_164248.parquet,OK,27832,593,False,False,,0,2026-05-17T16:42:47.876522+00:00,2026-05-17T16:42:47.876522+00:00,166
vehicle_positions_16_164319.parquet,OK,27792,592,False,False,,0,2026-05-17T16:43:18.743603+00:00,2026-05-17T16:43:18.743603+00:00,165
vehicle_positions_16_164349.parquet,OK,27805,592,False,False,,0,2026-05-17T16:43:49.517426+00:00,2026-05-17T16:43:49.517426+00:00,165
vehicle_positions_16_164420.parquet,OK,27700,590,False,False,,0,2026-05-17T16:44:20.277352+00:00,2026-05-17T16:44:20.277352+00:00,166
vehicle_positions_16_164451.parquet,OK,27581,588,False,False,,0,2026-05-17T16:44:51.018271+00:00,2026-05-17T16:44:51.018271+00:00,166
vehicle_positions_16_164522.parquet,OK,27603,590,False,False,,0,2026-05-17T16:45:21.803546+00:00,2026-05-17T16:45:21.803546+00:00,166
vehicle_positions_16_164553.parquet,OK,27842,595,False,False,,0,2026-05-17T16:45:52.577169+00:00,2026-05-17T16:45:52.577169+00:00,167
vehicle_positions_16_164623.parquet,OK,27951,595,False,False,,0,2026-05-17T16:46:23.334243+00:00,2026-05-17T16:46:23.334243+00:00,167
vehicle_positions_16_164654.parquet,OK,27624,592,False,False,,0,2026-05-17T16:46:54.126481+00:00,2026-05-17T16:46:54.126481+00:00,168
vehicle_positions_16_164725.parquet,OK,27802,593,False,False,,0,2026-05-17T16:47:24.965918+00:00,2026-05-17T16:47:24.965918+00:00,168
vehicle_positions_16_164756.parquet,OK,28014,598,False,False,,0,2026-05-17T16:47:55.744790+00:00,2026-05-17T16:47:55.744790+00:00,168
vehicle_positions_16_164826.parquet,OK,28021,598,False,False,,0,2026-05-17T16:48:26.501985+00:00,2026-05-17T16:48:26.501985+00:00,168
vehicle_positions_16_164857.parquet,OK,27984,599,False,False,,0,2026-05-17T16:48:57.267204+00:00,2026-05-17T16:48:57.267204+00:00,167
vehicle_positions_16_164928.parquet,OK,28156,601,False,False,,0,2026-05-17T16:49:28.010855+00:00,2026-05-17T16:49:28.010855+00:00,167
vehicle_positions_16_164959.parquet,OK,28090,601,False,False,,0,2026-05-17T16:49:58.787191+00:00,2026-05-17T16:49:58.787191+00:00,167
vehicle_positions_16_165030.parquet,OK,28189,602,False,False,,0,2026-05-17T16:50:29.530564+00:00,2026-05-17T16:50:29.530564+00:00,168
vehicle_positions_16_165101.parquet,OK,27978,601,False,False,,0,2026-05-17T16:51:00.337901+00:00,2026-05-17T16:51:00.337901+00:00,168
vehicle_positions_16_165132.parquet,OK,27943,600,False,False,,0,2026-05-17T16:51:32.195431+00:00,2026-05-17T16:51:32.195431+00:00,169
vehicle_positions_16_165203.parquet,OK,28097,601,False,False,,0,2026-05-17T16:52:02.964022+00:00,2026-05-17T16:52:02.964022+00:00,168
vehicle_positions_16_165235.parquet,OK,28160,601,False,False,,0,2026-05-17T16:52:34.491640+00:00,2026-05-17T16:52:34.491640+00:00,169
vehicle_positions_16_165305.parquet,OK,28227,603,False,False,,0,2026-05-17T16:53:05.309522+00:00,2026-05-17T16:53:05.309522+00:00,169
vehicle_positions_16_165336.parquet,OK,28217,604,False,False,,0,2026-05-17T16:53:36.078754+00:00,2026-05-17T16:53:36.078754+00:00,169
vehicle_positions_16_165407.parquet,OK,28231,604,False,False,,0,2026-05-17T16:54:06.855643+00:00,2026-05-17T16:54:06.855643+00:00,169
vehicle_positions_16_165438.parquet,OK,28290,603,False,False,,0,2026-05-17T16:54:37.706934+00:00,2026-05-17T16:54:37.706934+00:00,169
vehicle_positions_16_165508.parquet,OK,28301,603,False,False,,0,2026-05-17T16:55:08.466360+00:00,2026-05-17T16:55:08.466360+00:00,170
vehicle_positions_16_165539.parquet,OK,28046,598,False,False,,0,2026-05-17T16:55:39.194330+00:00,2026-05-17T16:55:39.194330+00:00,169
vehicle_positions_16_165610.parquet,OK,27976,596,False,False,,0,2026-05-17T16:56:09.940492+00:00,2026-05-17T16:56:09.940492+00:00,169
vehicle_positions_16_165641.parquet,OK,27990,597,False,False,,0,2026-05-17T16:56:40.879149+00:00,2026-05-17T16:56:40.879149+00:00,169
vehicle_positions_16_165712.parquet,OK,27951,597,False,False,,0,2026-05-17T16:57:11.625414+00:00,2026-05-17T16:57:11.625414+00:00,168
vehicle_positions_16_165742.parquet,OK,28124,601,False,False,,0,2026-05-17T16:57:42.397163+00:00,2026-05-17T16:57:42.397163+00:00,168
vehicle_positions_16_165813.parquet,OK,28138,601,False,False,,0,2026-05-17T16:58:13.224770+00:00,2026-05-17T16:58:13.224770+00:00,168
vehicle_positions_16_165844.parquet,OK,28189,601,False,False,,0,2026-05-17T16:58:43.918261+00:00,2026-05-17T16:58:43.918261+00:00,168
vehicle_positions_16_165915.parquet,OK,28123,601,False,False,,0,2026-05-17T16:59:14.693921+00:00,2026-05-17T16:59:14.693921+00:00,167
vehicle_positions_16_165946.parquet,OK,28139,605,False,False,,0,2026-05-17T16:59:45.668701+00:00,2026-05-17T16:59:45.668701+00:00,167
vehicle_positions_17_170017.parquet,OK,28277,606,False,False,,0,2026-05-17T17:00:16.939959+00:00,2026-05-17T17:00:16.939959+00:00,167
vehicle_positions_17_170048.parquet,OK,28507,611,False,False,,0,2026-05-17T17:00:47.777404+00:00,2026-05-17T17:00:47.777404+00:00,167
vehicle_positions_17_170119.parquet,OK,28603,611,False,False,,0,2026-05-17T17:01:18.779622+00:00,2026-05-17T17:01:18.779622+00:00,167
vehicle_positions_17_170150.parquet,OK,28579,610,False,False,,0,2026-05-17T17:01:49.575039+00:00,2026-05-17T17:01:49.575039+00:00,167
vehicle_positions_17_170220.parquet,OK,28551,613,False,False,,0,2026-05-17T17:02:20.372173+00:00,2026-05-17T17:02:20.372173+00:00,167
vehicle_positions_17_170251.parquet,OK,28462,611,False,False,,0,2026-05-17T17:02:51.157954+00:00,2026-05-17T17:02:51.157954+00:00,168
vehicle_positions_17_170322.parquet,OK,28455,609,False,False,,0,2026-05-17T17:03:22.059595+00:00,2026-05-17T17:03:22.059595+00:00,166
vehicle_positions_17_170353.parquet,OK,28441,610,False,False,,0,2026-05-17T17:03:52.999831+00:00,2026-05-17T17:03:52.999831+00:00,166
vehicle_positions_17_170424.parquet,OK,28481,611,False,False,,0,2026-05-17T17:04:23.842952+00:00,2026-05-17T17:04:23.842952+00:00,166
vehicle_positions_17_170455.parquet,OK,28431,611,False,False,,0,2026-05-17T17:04:54.562694+00:00,2026-05-17T17:04:54.562694+00:00,167
vehicle_positions_17_170525.parquet,OK,28403,612,False,False,,0,2026-05-17T17:05:25.449801+00:00,2026-05-17T17:05:25.449801+00:00,166
vehicle_positions_17_170556.parquet,OK,28544,614,False,False,,0,2026-05-17T17:05:56.202148+00:00,2026-05-17T17:05:56.202148+00:00,168
vehicle_positions_17_170627.parquet,OK,28490,612,False,False,,0,2026-05-17T17:06:26.967720+00:00,2026-05-17T17:06:26.967720+00:00,168
vehicle_positions_17_170658.parquet,OK,28518,612,False,False,,0,2026-05-17T17:06:57.781637+00:00,2026-05-17T17:06:57.781637+00:00,168
vehicle_positions_17_170729.parquet,OK,28457,613,False,False,,0,2026-05-17T17:07:28.648019+00:00,2026-05-17T17:07:28.648019+00:00,168
vehicle_positions_17_170759.parquet,OK,28496,615,False,False,,0,2026-05-17T17:07:59.406926+00:00,2026-05-17T17:07:59.406926+00:00,168
vehicle_positions_17_170830.parquet,OK,28579,616,False,False,,0,2026-05-17T17:08:30.292087+00:00,2026-05-17T17:08:30.292087+00:00,168
vehicle_positions_17_170901.parquet,OK,28801,617,False,False,,0,2026-05-17T17:09:01.040759+00:00,2026-05-17T17:09:01.040759+00:00,169
vehicle_positions_17_170932.parquet,OK,28646,616,False,False,,0,2026-05-17T17:09:31.950837+00:00,2026-05-17T17:09:31.950837+00:00,168
vehicle_positions_17_171003.parquet,OK,28682,615,False,False,,0,2026-05-17T17:10:02.801324+00:00,2026-05-17T17:10:02.801324+00:00,168
vehicle_positions_17_171034.parquet,OK,28364,610,False,False,,0,2026-05-17T17:10:33.538379+00:00,2026-05-17T17:10:33.538379+00:00,168
vehicle_positions_17_171105.parquet,OK,28401,612,False,False,,0,2026-05-17T17:11:04.883108+00:00,2026-05-17T17:11:04.883108+00:00,168
vehicle_positions_17_171136.parquet,OK,28432,611,False,False,,0,2026-05-17T17:11:35.763378+00:00,2026-05-17T17:11:35.763378+00:00,167
vehicle_positions_17_171207.parquet,OK,28323,610,False,False,,0,2026-05-17T17:12:06.566977+00:00,2026-05-17T17:12:06.566977+00:00,167
vehicle_positions_17_171237.parquet,OK,28290,611,False,False,,0,2026-05-17T17:12:37.381779+00:00,2026-05-17T17:12:37.381779+00:00,167
vehicle_positions_17_171308.parquet,OK,28509,612,False,False,,0,2026-05-17T17:13:08.221919+00:00,2026-05-17T17:13:08.221919+00:00,167
vehicle_positions_17_171339.parquet,OK,28536,613,False,False,,0,2026-05-17T17:13:38.984176+00:00,2026-05-17T17:13:38.984176+00:00,169
vehicle_positions_17_171410.parquet,OK,28488,611,False,False,,0,2026-05-17T17:14:09.793911+00:00,2026-05-17T17:14:09.793911+00:00,169
vehicle_positions_17_171441.parquet,OK,28497,613,False,False,,0,2026-05-17T17:14:40.541921+00:00,2026-05-17T17:14:40.541921+00:00,169
vehicle_positions_17_171511.parquet,OK,28567,613,False,False,,0,2026-05-17T17:15:11.446461+00:00,2026-05-17T17:15:11.446461+00:00,170
vehicle_positions_17_171542.parquet,OK,28722,619,False,False,,0,2026-05-17T17:15:42.173727+00:00,2026-05-17T17:15:42.173727+00:00,171
vehicle_positions_17_171614.parquet,OK,28669,620,False,False,,0,2026-05-17T17:16:13.937817+00:00,2026-05-17T17:16:13.937817+00:00,171
vehicle_positions_17_171647.parquet,OK,28664,620,False,False,,0,2026-05-17T17:16:46.499099+00:00,2026-05-17T17:16:46.499099+00:00,170
vehicle_positions_17_171718.parquet,OK,28601,618,False,False,,0,2026-05-17T17:17:17.520538+00:00,2026-05-17T17:17:17.520538+00:00,169
vehicle_positions_17_171748.parquet,OK,28688,619,False,False,,0,2026-05-17T17:17:48.329369+00:00,2026-05-17T17:17:48.329369+00:00,168
vehicle_positions_17_171819.parquet,OK,28660,619,False,False,,0,2026-05-17T17:18:19.110824+00:00,2026-05-17T17:18:19.110824+00:00,169
vehicle_positions_17_171920.parquet,OK,28642,618,False,False,,0,2026-05-17T17:19:19.734944+00:00,2026-05-17T17:19:19.734944+00:00,169
vehicle_positions_17_171952.parquet,OK,28791,619,False,False,,0,2026-05-17T17:19:51.786069+00:00,2026-05-17T17:19:51.786069+00:00,169
vehicle_positions_17_172023.parquet,OK,28862,621,False,False,,0,2026-05-17T17:20:22.610723+00:00,2026-05-17T17:20:22.610723+00:00,170
vehicle_positions_17_172053.parquet,OK,28974,624,False,False,,0,2026-05-17T17:20:53.373796+00:00,2026-05-17T17:20:53.373796+00:00,170
vehicle_positions_17_172124.parquet,OK,28902,623,False,False,,0,2026-05-17T17:21:24.277412+00:00,2026-05-17T17:21:24.277412+00:00,170
vehicle_positions_17_172155.parquet,OK,28805,621,False,False,,0,2026-05-17T17:21:55.049535+00:00,2026-05-17T17:21:55.049535+00:00,170
vehicle_positions_17_172226.parquet,OK,28901,621,False,False,,0,2026-05-17T17:22:25.899851+00:00,2026-05-17T17:22:25.899851+00:00,171
vehicle_positions_17_172257.parquet,OK,28762,620,False,False,,0,2026-05-17T17:22:56.646587+00:00,2026-05-17T17:22:56.646587+00:00,171
vehicle_positions_17_172328.parquet,OK,28768,620,False,False,,0,2026-05-17T17:23:27.772828+00:00,2026-05-17T17:23:27.772828+00:00,170
vehicle_positions_17_172358.parquet,OK,28751,621,False,False,,0,2026-05-17T17:23:58.451119+00:00,2026-05-17T17:23:58.451119+00:00,169
vehicle_positions_17_172429.parquet,OK,28804,620,False,False,,0,2026-05-17T17:24:29.245268+00:00,2026-05-17T17:24:29.245268+00:00,169
vehicle_positions_17_172500.parquet,OK,28842,622,False,False,,0,2026-05-17T17:25:00.050272+00:00,2026-05-17T17:25:00.050272+00:00,169
vehicle_positions_17_172531.parquet,OK,28747,619,False,False,,0,2026-05-17T17:25:30.939310+00:00,2026-05-17T17:25:30.939310+00:00,167
vehicle_positions_17_172602.parquet,OK,28795,618,False,False,,0,2026-05-17T17:26:01.668263+00:00,2026-05-17T17:26:01.668263+00:00,166
vehicle_positions_17_172632.parquet,OK,28776,618,False,False,,0,2026-05-17T17:26:32.377806+00:00,2026-05-17T17:26:32.377806+00:00,166
vehicle_positions_17_172703.parquet,OK,28792,619,False,False,,0,2026-05-17T17:27:03.192607+00:00,2026-05-17T17:27:03.192607+00:00,167
vehicle_positions_17_172734.parquet,OK,28864,621,False,False,,0,2026-05-17T17:27:34.201195+00:00,2026-05-17T17:27:34.201195+00:00,168
vehicle_positions_17_172805.parquet,OK,28792,622,False,False,,0,2026-05-17T17:28:04.929591+00:00,2026-05-17T17:28:04.929591+00:00,168
vehicle_positions_17_172836.parquet,OK,28766,620,False,False,,0,2026-05-17T17:28:35.743949+00:00,2026-05-17T17:28:35.743949+00:00,168
vehicle_positions_17_172907.parquet,OK,28673,619,False,False,,0,2026-05-17T17:29:06.504960+00:00,2026-05-17T17:29:06.504960+00:00,168
vehicle_positions_17_172937.parquet,OK,28772,622,False,False,,0,2026-05-17T17:29:37.397923+00:00,2026-05-17T17:29:37.397923+00:00,168
vehicle_positions_17_173008.parquet,OK,28977,626,False,False,,0,2026-05-17T17:30:08.186232+00:00,2026-05-17T17:30:08.186232+00:00,168
vehicle_positions_17_173039.parquet,OK,29050,629,False,False,,0,2026-05-17T17:30:38.997269+00:00,2026-05-17T17:30:38.997269+00:00,167
vehicle_positions_17_173110.parquet,OK,29078,629,False,False,,0,2026-05-17T17:31:09.822559+00:00,2026-05-17T17:31:09.822559+00:00,168
vehicle_positions_17_173141.parquet,OK,29221,633,False,False,,0,2026-05-17T17:31:40.796125+00:00,2026-05-17T17:31:40.796125+00:00,167
vehicle_positions_17_173212.parquet,OK,29143,633,False,False,,0,2026-05-17T17:32:11.581475+00:00,2026-05-17T17:32:11.581475+00:00,167
vehicle_positions_17_173242.parquet,OK,29250,636,False,False,,0,2026-05-17T17:32:42.350543+00:00,2026-05-17T17:32:42.350543+00:00,169
vehicle_positions_17_173313.parquet,OK,29270,635,False,False,,0,2026-05-17T17:33:13.287582+00:00,2026-05-17T17:33:13.287582+00:00,169
vehicle_positions_17_173344.parquet,OK,29227,634,False,False,,0,2026-05-17T17:33:44.173378+00:00,2026-05-17T17:33:44.173378+00:00,169
vehicle_positions_17_173416.parquet,OK,29138,634,False,False,,0,2026-05-17T17:34:15.667297+00:00,2026-05-17T17:34:15.667297+00:00,170
vehicle_positions_17_173446.parquet,OK,29246,634,False,False,,0,2026-05-17T17:34:46.469193+00:00,2026-05-17T17:34:46.469193+00:00,170
vehicle_positions_17_173517.parquet,OK,29319,635,False,False,,0,2026-05-17T17:35:17.198276+00:00,2026-05-17T17:35:17.198276+00:00,171
vehicle_positions_17_173548.parquet,OK,29276,636,False,False,,0,2026-05-17T17:35:48.051597+00:00,2026-05-17T17:35:48.051597+00:00,171
vehicle_positions_17_173619.parquet,OK,29174,633,False,False,,0,2026-05-17T17:36:19.447796+00:00,2026-05-17T17:36:19.447796+00:00,170
vehicle_positions_17_173651.parquet,OK,29077,630,False,False,,0,2026-05-17T17:36:51.346066+00:00,2026-05-17T17:36:51.346066+00:00,170
vehicle_positions_17_173722.parquet,OK,29137,631,False,False,,0,2026-05-17T17:37:22.216900+00:00,2026-05-17T17:37:22.216900+00:00,169
vehicle_positions_17_173753.parquet,OK,29101,630,False,False,,0,2026-05-17T17:37:53.035175+00:00,2026-05-17T17:37:53.035175+00:00,170
vehicle_positions_17_173824.parquet,OK,28970,629,False,False,,0,2026-05-17T17:38:23.771265+00:00,2026-05-17T17:38:23.771265+00:00,170
vehicle_positions_17_173855.parquet,OK,28981,631,False,False,,0,2026-05-17T17:38:54.555192+00:00,2026-05-17T17:38:54.555192+00:00,170
vehicle_positions_17_173925.parquet,OK,28945,629,False,False,,0,2026-05-17T17:39:25.352223+00:00,2026-05-17T17:39:25.352223+00:00,170
vehicle_positions_17_173956.parquet,OK,29057,629,False,False,,0,2026-05-17T17:39:56.288999+00:00,2026-05-17T17:39:56.288999+00:00,170
vehicle_positions_17_174027.parquet,OK,28979,627,False,False,,0,2026-05-17T17:40:27.091729+00:00,2026-05-17T17:40:27.091729+00:00,169
vehicle_positions_17_174058.parquet,OK,29007,629,False,False,,0,2026-05-17T17:40:58.014232+00:00,2026-05-17T17:40:58.014232+00:00,169
vehicle_positions_17_174129.parquet,OK,28808,627,False,False,,0,2026-05-17T17:41:28.857719+00:00,2026-05-17T17:41:28.857719+00:00,169
vehicle_positions_17_174200.parquet,OK,29087,632,False,False,,0,2026-05-17T17:41:59.647024+00:00,2026-05-17T17:41:59.647024+00:00,169
vehicle_positions_17_174231.parquet,OK,29015,632,False,False,,0,2026-05-17T17:42:30.368349+00:00,2026-05-17T17:42:30.368349+00:00,169
vehicle_positions_17_174301.parquet,OK,29161,633,False,False,,0,2026-05-17T17:43:01.466322+00:00,2026-05-17T17:43:01.466322+00:00,169
vehicle_positions_17_174332.parquet,OK,29022,632,False,False,,0,2026-05-17T17:43:32.356541+00:00,2026-05-17T17:43:32.356541+00:00,169
vehicle_positions_17_174403.parquet,OK,29106,633,False,False,,0,2026-05-17T17:44:03.134628+00:00,2026-05-17T17:44:03.134628+00:00,169
vehicle_positions_17_174434.parquet,OK,29173,633,False,False,,0,2026-05-17T17:44:33.894282+00:00,2026-05-17T17:44:33.894282+00:00,169
vehicle_positions_17_174505.parquet,OK,29250,635,False,False,,0,2026-05-17T17:45:04.660878+00:00,2026-05-17T17:45:04.660878+00:00,169
vehicle_positions_17_174535.parquet,OK,29157,638,False,False,,0,2026-05-17T17:45:35.431269+00:00,2026-05-17T17:45:35.431269+00:00,170
vehicle_positions_17_174606.parquet,OK,29162,636,False,False,,0,2026-05-17T17:46:06.217149+00:00,2026-05-17T17:46:06.217149+00:00,170
vehicle_positions_17_174637.parquet,OK,29196,636,False,False,,0,2026-05-17T17:46:36.950924+00:00,2026-05-17T17:46:36.950924+00:00,169
vehicle_positions_17_174708.parquet,OK,29317,638,False,False,,0,2026-05-17T17:47:07.705165+00:00,2026-05-17T17:47:07.705165+00:00,170
vehicle_positions_17_174738.parquet,OK,29591,643,False,False,,0,2026-05-17T17:47:38.461786+00:00,2026-05-17T17:47:38.461786+00:00,172
vehicle_positions_17_174809.parquet,OK,29583,643,False,False,,0,2026-05-17T17:48:09.273790+00:00,2026-05-17T17:48:09.273790+00:00,172
vehicle_positions_17_174840.parquet,OK,29660,644,False,False,,0,2026-05-17T17:48:40.095405+00:00,2026-05-17T17:48:40.095405+00:00,172
vehicle_positions_17_174911.parquet,OK,29577,643,False,False,,0,2026-05-17T17:49:11.016815+00:00,2026-05-17T17:49:11.016815+00:00,172
vehicle_positions_17_174942.parquet,OK,29637,645,False,False,,0,2026-05-17T17:49:41.770086+00:00,2026-05-17T17:49:41.770086+00:00,171
vehicle_positions_17_175013.parquet,OK,29760,648,False,False,,0,2026-05-17T17:50:12.549672+00:00,2026-05-17T17:50:12.549672+00:00,172
vehicle_positions_17_175043.parquet,OK,29731,647,False,False,,0,2026-05-17T17:50:43.402643+00:00,2026-05-17T17:50:43.402643+00:00,172
vehicle_positions_17_175114.parquet,OK,29679,646,False,False,,0,2026-05-17T17:51:14.254489+00:00,2026-05-17T17:51:14.254489+00:00,172
vehicle_positions_17_175145.parquet,OK,29769,647,False,False,,0,2026-05-17T17:51:45.047939+00:00,2026-05-17T17:51:45.047939+00:00,172
vehicle_positions_17_175216.parquet,OK,29744,648,False,False,,0,2026-05-17T17:52:15.807802+00:00,2026-05-17T17:52:15.807802+00:00,172
vehicle_positions_17_175247.parquet,OK,29613,647,False,False,,0,2026-05-17T17:52:46.645190+00:00,2026-05-17T17:52:46.645190+00:00,172
vehicle_positions_17_175317.parquet,OK,29611,646,False,False,,0,2026-05-17T17:53:17.465996+00:00,2026-05-17T17:53:17.465996+00:00,171
vehicle_positions_17_175348.parquet,OK,29667,648,False,False,,0,2026-05-17T17:53:48.275841+00:00,2026-05-17T17:53:48.275841+00:00,171
vehicle_positions_17_175419.parquet,OK,29629,648,False,False,,0,2026-05-17T17:54:19.009191+00:00,2026-05-17T17:54:19.009191+00:00,172
vehicle_positions_17_175450.parquet,OK,29684,647,False,False,,0,2026-05-17T17:54:49.712403+00:00,2026-05-17T17:54:49.712403+00:00,172
vehicle_positions_17_175521.parquet,OK,29657,646,False,False,,0,2026-05-17T17:55:20.571902+00:00,2026-05-17T17:55:20.571902+00:00,171
vehicle_positions_17_175551.parquet,OK,29510,643,False,False,,0,2026-05-17T17:55:51.395717+00:00,2026-05-17T17:55:51.395717+00:00,171
vehicle_positions_17_175622.parquet,OK,29543,644,False,False,,0,2026-05-17T17:56:22.269675+00:00,2026-05-17T17:56:22.269675+00:00,173
vehicle_positions_17_175653.parquet,OK,29543,645,False,False,,0,2026-05-17T17:56:53.199165+00:00,2026-05-17T17:56:53.199165+00:00,173
vehicle_positions_17_175724.parquet,OK,29598,643,False,False,,0,2026-05-17T17:57:23.919555+00:00,2026-05-17T17:57:23.919555+00:00,173
vehicle_positions_17_175755.parquet,OK,29405,640,False,False,,0,2026-05-17T17:57:54.775639+00:00,2026-05-17T17:57:54.775639+00:00,174
vehicle_positions_17_175826.parquet,OK,29344,639,False,False,,0,2026-05-17T17:58:26.256392+00:00,2026-05-17T17:58:26.256392+00:00,173
vehicle_positions_17_175857.parquet,OK,29323,638,False,False,,0,2026-05-17T17:58:57.039284+00:00,2026-05-17T17:58:57.039284+00:00,173
vehicle_positions_18_182306.parquet,OK,30470,670,False,False,,0,2026-05-17T18:23:05.233780+00:00,2026-05-17T18:23:05.233780+00:00,170
vehicle_positions_18_182337.parquet,OK,30309,670,False,False,,0,2026-05-17T18:23:37.302145+00:00,2026-05-17T18:23:37.302145+00:00,170
vehicle_positions_18_182409.parquet,OK,30290,670,False,False,,0,2026-05-17T18:24:08.100125+00:00,2026-05-17T18:24:08.100125+00:00,171
vehicle_positions_18_182440.parquet,OK,30387,669,False,False,,0,2026-05-17T18:24:39.692277+00:00,2026-05-17T18:24:39.692277+00:00,170
vehicle_positions_18_182511.parquet,OK,30440,671,False,False,,0,2026-05-17T18:25:10.469027+00:00,2026-05-17T18:25:10.469027+00:00,170
vehicle_positions_18_182541.parquet,OK,30346,671,False,False,,0,2026-05-17T18:25:41.418540+00:00,2026-05-17T18:25:41.418540+00:00,173
vehicle_positions_18_182612.parquet,OK,30324,669,False,False,,0,2026-05-17T18:26:12.259888+00:00,2026-05-17T18:26:12.259888+00:00,173
vehicle_positions_18_182643.parquet,OK,30347,670,False,False,,0,2026-05-17T18:26:43.079496+00:00,2026-05-17T18:26:43.079496+00:00,173
vehicle_positions_18_182714.parquet,OK,30354,669,False,False,,0,2026-05-17T18:27:13.963548+00:00,2026-05-17T18:27:13.963548+00:00,172
vehicle_positions_18_182745.parquet,OK,30358,669,False,False,,0,2026-05-17T18:27:44.804246+00:00,2026-05-17T18:27:44.804246+00:00,172
vehicle_positions_18_182816.parquet,OK,30458,671,False,False,,0,2026-05-17T18:28:15.565123+00:00,2026-05-17T18:28:15.565123+00:00,174
vehicle_positions_18_182847.parquet,OK,30322,670,False,False,,0,2026-05-17T18:28:46.533050+00:00,2026-05-17T18:28:46.533050+00:00,174
vehicle_positions_18_182917.parquet,OK,30416,672,False,False,,0,2026-05-17T18:29:17.454218+00:00,2026-05-17T18:29:17.454218+00:00,172
vehicle_positions_18_182948.parquet,OK,30451,676,False,False,,0,2026-05-17T18:29:48.259777+00:00,2026-05-17T18:29:48.259777+00:00,172
vehicle_positions_18_183019.parquet,OK,30612,677,False,False,,0,2026-05-17T18:30:18.977887+00:00,2026-05-17T18:30:18.977887+00:00,171
vehicle_positions_18_183050.parquet,OK,30479,679,False,False,,0,2026-05-17T18:30:49.729434+00:00,2026-05-17T18:30:49.729434+00:00,171
vehicle_positions_18_183121.parquet,OK,30531,678,False,False,,0,2026-05-17T18:31:20.643187+00:00,2026-05-17T18:31:20.643187+00:00,171
vehicle_positions_18_183151.parquet,OK,30451,676,False,False,,0,2026-05-17T18:31:51.392106+00:00,2026-05-17T18:31:51.392106+00:00,170
vehicle_positions_18_183222.parquet,OK,30495,677,False,False,,0,2026-05-17T18:32:22.224699+00:00,2026-05-17T18:32:22.224699+00:00,170
vehicle_positions_18_183253.parquet,OK,30472,677,False,False,,0,2026-05-17T18:32:53.042269+00:00,2026-05-17T18:32:53.042269+00:00,170
vehicle_positions_18_183324.parquet,OK,30538,679,False,False,,0,2026-05-17T18:33:23.890139+00:00,2026-05-17T18:33:23.890139+00:00,170
vehicle_positions_18_183355.parquet,OK,30489,679,False,False,,0,2026-05-17T18:33:54.649993+00:00,2026-05-17T18:33:54.649993+00:00,170
vehicle_positions_18_183425.parquet,OK,30536,678,False,False,,0,2026-05-17T18:34:25.486114+00:00,2026-05-17T18:34:25.486114+00:00,170
vehicle_positions_18_183456.parquet,OK,30635,680,False,False,,0,2026-05-17T18:34:56.294443+00:00,2026-05-17T18:34:56.294443+00:00,170
vehicle_positions_18_183527.parquet,OK,30486,676,False,False,,0,2026-05-17T18:35:27.069890+00:00,2026-05-17T18:35:27.069890+00:00,169
vehicle_positions_18_183558.parquet,OK,30437,678,False,False,,0,2026-05-17T18:35:57.903769+00:00,2026-05-17T18:35:57.903769+00:00,170
vehicle_positions_18_183629.parquet,OK,30475,678,False,False,,0,2026-05-17T18:36:28.721705+00:00,2026-05-17T18:36:28.721705+00:00,170
vehicle_positions_18_183700.parquet,OK,30602,681,False,False,,0,2026-05-17T18:36:59.621129+00:00,2026-05-17T18:36:59.621129+00:00,169
vehicle_positions_18_183731.parquet,OK,30654,680,False,False,,0,2026-05-17T18:37:30.379860+00:00,2026-05-17T18:37:30.379860+00:00,169
vehicle_positions_18_183802.parquet,OK,30577,678,False,False,,0,2026-05-17T18:38:01.607832+00:00,2026-05-17T18:38:01.607832+00:00,170
vehicle_positions_18_183832.parquet,OK,30576,678,False,False,,0,2026-05-17T18:38:32.391285+00:00,2026-05-17T18:38:32.391285+00:00,170
vehicle_positions_18_183903.parquet,OK,30580,678,False,False,,0,2026-05-17T18:39:03.264806+00:00,2026-05-17T18:39:03.264806+00:00,170
vehicle_positions_18_183934.parquet,OK,30485,675,False,False,,0,2026-05-17T18:39:34.145639+00:00,2026-05-17T18:39:34.145639+00:00,170
vehicle_positions_18_184005.parquet,OK,30472,676,False,False,,0,2026-05-17T18:40:04.883377+00:00,2026-05-17T18:40:04.883377+00:00,172
vehicle_positions_18_184036.parquet,OK,30568,677,False,False,,0,2026-05-17T18:40:35.712561+00:00,2026-05-17T18:40:35.712561+00:00,172
vehicle_positions_18_184107.parquet,OK,30565,678,False,False,,0,2026-05-17T18:41:06.704618+00:00,2026-05-17T18:41:06.704618+00:00,172
vehicle_positions_18_184138.parquet,OK,30563,678,False,False,,0,2026-05-17T18:41:37.520908+00:00,2026-05-17T18:41:37.520908+00:00,172
vehicle_positions_18_184208.parquet,OK,30607,675,False,False,,0,2026-05-17T18:42:08.366628+00:00,2026-05-17T18:42:08.366628+00:00,172
vehicle_positions_18_184239.parquet,OK,30485,674,False,False,,0,2026-05-17T18:42:39.151246+00:00,2026-05-17T18:42:39.151246+00:00,172
vehicle_positions_18_184310.parquet,OK,30541,676,False,False,,0,2026-05-17T18:43:10.088579+00:00,2026-05-17T18:43:10.088579+00:00,172
vehicle_positions_18_184341.parquet,OK,30554,677,False,False,,0,2026-05-17T18:43:40.888947+00:00,2026-05-17T18:43:40.888947+00:00,172
vehicle_positions_18_184412.parquet,OK,30629,678,False,False,,0,2026-05-17T18:44:11.721437+00:00,2026-05-17T18:44:11.721437+00:00,172
vehicle_positions_18_184443.parquet,OK,30640,677,False,False,,0,2026-05-17T18:44:42.645900+00:00,2026-05-17T18:44:42.645900+00:00,172
vehicle_positions_18_184514.parquet,OK,30548,677,False,False,,0,2026-05-17T18:45:13.518127+00:00,2026-05-17T18:45:13.518127+00:00,172
vehicle_positions_18_184544.parquet,OK,30727,684,False,False,,0,2026-05-17T18:45:44.282004+00:00,2026-05-17T18:45:44.282004+00:00,172
vehicle_positions_18_184615.parquet,OK,30679,684,False,False,,0,2026-05-17T18:46:15.113270+00:00,2026-05-17T18:46:15.113270+00:00,172
vehicle_positions_18_184646.parquet,OK,30671,685,False,False,,0,2026-05-17T18:46:46.156144+00:00,2026-05-17T18:46:46.156144+00:00,172
vehicle_positions_18_184717.parquet,OK,30560,685,False,False,,0,2026-05-17T18:47:16.904361+00:00,2026-05-17T18:47:16.904361+00:00,173
vehicle_positions_18_184748.parquet,OK,30711,688,False,False,,0,2026-05-17T18:47:47.629117+00:00,2026-05-17T18:47:47.629117+00:00,174
vehicle_positions_18_184819.parquet,OK,30925,690,False,False,,0,2026-05-17T18:48:18.565100+00:00,2026-05-17T18:48:18.565100+00:00,174
vehicle_positions_18_184849.parquet,OK,30943,691,False,False,,0,2026-05-17T18:48:49.387638+00:00,2026-05-17T18:48:49.387638+00:00,174
vehicle_positions_18_184920.parquet,OK,30861,689,False,False,,0,2026-05-17T18:49:20.232597+00:00,2026-05-17T18:49:20.232597+00:00,174
vehicle_positions_18_184951.parquet,OK,30836,687,False,False,,0,2026-05-17T18:49:51.006680+00:00,2026-05-17T18:49:51.006680+00:00,174
vehicle_positions_18_185022.parquet,OK,30892,689,False,False,,0,2026-05-17T18:50:21.804241+00:00,2026-05-17T18:50:21.804241+00:00,173
vehicle_positions_18_185053.parquet,OK,30967,690,False,False,,0,2026-05-17T18:50:52.602705+00:00,2026-05-17T18:50:52.602705+00:00,173
vehicle_positions_18_185123.parquet,OK,30904,690,False,False,,0,2026-05-17T18:51:23.418750+00:00,2026-05-17T18:51:23.418750+00:00,173
vehicle_positions_18_185154.parquet,OK,30911,687,False,False,,0,2026-05-17T18:51:54.192562+00:00,2026-05-17T18:51:54.192562+00:00,173
vehicle_positions_18_185225.parquet,OK,30940,690,False,False,,0,2026-05-17T18:52:24.936990+00:00,2026-05-17T18:52:24.936990+00:00,174
vehicle_positions_18_185256.parquet,OK,30855,688,False,False,,0,2026-05-17T18:52:55.852179+00:00,2026-05-17T18:52:55.852179+00:00,174
vehicle_positions_18_185327.parquet,OK,30810,687,False,False,,0,2026-05-17T18:53:26.670056+00:00,2026-05-17T18:53:26.670056+00:00,174
vehicle_positions_18_185357.parquet,OK,30923,688,False,False,,0,2026-05-17T18:53:57.460509+00:00,2026-05-17T18:53:57.460509+00:00,174
vehicle_positions_18_185428.parquet,OK,30973,689,False,False,,0,2026-05-17T18:54:28.220180+00:00,2026-05-17T18:54:28.220180+00:00,173
vehicle_positions_18_185459.parquet,OK,30888,686,False,False,,0,2026-05-17T18:54:58.985829+00:00,2026-05-17T18:54:58.985829+00:00,172
vehicle_positions_18_185530.parquet,OK,30951,687,False,False,,0,2026-05-17T18:55:29.759157+00:00,2026-05-17T18:55:29.759157+00:00,171
vehicle_positions_18_185601.parquet,OK,30901,686,False,False,,0,2026-05-17T18:56:00.734975+00:00,2026-05-17T18:56:00.734975+00:00,171
vehicle_positions_18_185632.parquet,OK,30832,685,False,False,,0,2026-05-17T18:56:31.550108+00:00,2026-05-17T18:56:31.550108+00:00,171
vehicle_positions_18_185703.parquet,OK,30874,685,False,False,,0,2026-05-17T18:57:02.633894+00:00,2026-05-17T18:57:02.633894+00:00,170
vehicle_positions_18_185733.parquet,OK,30729,683,False,False,,0,2026-05-17T18:57:33.339969+00:00,2026-05-17T18:57:33.339969+00:00,169
vehicle_positions_18_185804.parquet,OK,30704,685,False,False,,0,2026-05-17T18:58:04.073656+00:00,2026-05-17T18:58:04.073656+00:00,170
vehicle_positions_18_185835.parquet,OK,30762,685,False,False,,0,2026-05-17T18:58:34.820331+00:00,2026-05-17T18:58:34.820331+00:00,171
vehicle_positions_18_185906.parquet,OK,30878,689,False,False,,0,2026-05-17T18:59:05.636788+00:00,2026-05-17T18:59:05.636788+00:00,171
vehicle_positions_18_185936.parquet,OK,30884,685,False,False,,0,2026-05-17T18:59:36.347467+00:00,2026-05-17T18:59:36.347467+00:00,171
vehicle_positions_19_190007.parquet,OK,30808,684,False,False,,0,2026-05-17T19:00:07.158985+00:00,2026-05-17T19:00:07.158985+00:00,171
vehicle_positions_19_190038.parquet,OK,31105,693,False,False,,0,2026-05-17T19:00:38.058362+00:00,2026-05-17T19:00:38.058362+00:00,171
vehicle_positions_19_190109.parquet,OK,31144,694,False,False,,0,2026-05-17T19:01:08.978788+00:00,2026-05-17T19:01:08.978788+00:00,171
vehicle_positions_19_190140.parquet,OK,31170,693,False,False,,0,2026-05-17T19:01:39.789656+00:00,2026-05-17T19:01:39.789656+00:00,171
vehicle_positions_19_190211.parquet,OK,31019,689,False,False,,0,2026-05-17T19:02:10.758251+00:00,2026-05-17T19:02:10.758251+00:00,173
vehicle_positions_19_190242.parquet,OK,30983,691,False,False,,0,2026-05-17T19:02:41.615066+00:00,2026-05-17T19:02:41.615066+00:00,173
vehicle_positions_19_190313.parquet,OK,30957,691,False,False,,0,2026-05-17T19:03:12.442721+00:00,2026-05-17T19:03:12.442721+00:00,173
vehicle_positions_19_190343.parquet,OK,31236,695,False,False,,0,2026-05-17T19:03:43.334762+00:00,2026-05-17T19:03:43.334762+00:00,172
vehicle_positions_19_190414.parquet,OK,31517,701,False,False,,0,2026-05-17T19:04:14.103670+00:00,2026-05-17T19:04:14.103670+00:00,172
vehicle_positions_19_190445.parquet,OK,31387,701,False,False,,0,2026-05-17T19:04:44.939134+00:00,2026-05-17T19:04:44.939134+00:00,172
vehicle_positions_19_190516.parquet,OK,31298,699,False,False,,0,2026-05-17T19:05:15.782611+00:00,2026-05-17T19:05:15.782611+00:00,172
vehicle_positions_19_190547.parquet,OK,31376,700,False,False,,0,2026-05-17T19:05:46.783703+00:00,2026-05-17T19:05:46.783703+00:00,173
vehicle_positions_19_190618.parquet,OK,31422,701,False,False,,0,2026-05-17T19:06:17.666824+00:00,2026-05-17T19:06:17.666824+00:00,172
vehicle_positions_19_190649.parquet,OK,31373,701,False,False,,0,2026-05-17T19:06:48.535352+00:00,2026-05-17T19:06:48.535352+00:00,172
vehicle_positions_19_190720.parquet,OK,31423,702,False,False,,0,2026-05-17T19:07:19.625639+00:00,2026-05-17T19:07:19.625639+00:00,173
vehicle_positions_19_190750.parquet,OK,31456,701,False,False,,0,2026-05-17T19:07:50.493130+00:00,2026-05-17T19:07:50.493130+00:00,174
vehicle_positions_19_190821.parquet,OK,31324,699,False,False,,0,2026-05-17T19:08:21.318475+00:00,2026-05-17T19:08:21.318475+00:00,173
vehicle_positions_19_190852.parquet,OK,31504,701,False,False,,0,2026-05-17T19:08:52.051452+00:00,2026-05-17T19:08:52.051452+00:00,173
vehicle_positions_19_190923.parquet,OK,31276,698,False,False,,0,2026-05-17T19:09:22.882008+00:00,2026-05-17T19:09:22.882008+00:00,172
vehicle_positions_19_190954.parquet,OK,31328,699,False,False,,0,2026-05-17T19:09:53.667547+00:00,2026-05-17T19:09:53.667547+00:00,172
vehicle_positions_19_191024.parquet,OK,31401,699,False,False,,0,2026-05-17T19:10:24.447427+00:00,2026-05-17T19:10:24.447427+00:00,172
vehicle_positions_19_191055.parquet,OK,31267,697,False,False,,0,2026-05-17T19:10:55.258722+00:00,2026-05-17T19:10:55.258722+00:00,171
vehicle_positions_19_191126.parquet,OK,30928,693,False,False,,0,2026-05-17T19:11:26.141582+00:00,2026-05-17T19:11:26.141582+00:00,171
vehicle_positions_19_191157.parquet,OK,31046,693,False,False,,0,2026-05-17T19:11:56.903011+00:00,2026-05-17T19:11:56.903011+00:00,171
vehicle_positions_19_191228.parquet,OK,30942,692,False,False,,0,2026-05-17T19:12:27.941189+00:00,2026-05-17T19:12:27.941189+00:00,170
vehicle_positions_19_191259.parquet,OK,30863,691,False,False,,0,2026-05-17T19:12:58.673036+00:00,2026-05-17T19:12:58.673036+00:00,170
vehicle_positions_19_191329.parquet,OK,30883,689,False,False,,0,2026-05-17T19:13:29.454820+00:00,2026-05-17T19:13:29.454820+00:00,169
vehicle_positions_19_191400.parquet,OK,31008,691,False,False,,0,2026-05-17T19:14:00.266770+00:00,2026-05-17T19:14:00.266770+00:00,169
vehicle_positions_19_191431.parquet,OK,31023,693,False,False,,0,2026-05-17T19:14:31.011051+00:00,2026-05-17T19:14:31.011051+00:00,170
vehicle_positions_19_191502.parquet,OK,31072,696,False,False,,0,2026-05-17T19:15:01.801243+00:00,2026-05-17T19:15:01.801243+00:00,170
vehicle_positions_19_191533.parquet,OK,31276,701,False,False,,0,2026-05-17T19:15:32.900901+00:00,2026-05-17T19:15:32.900901+00:00,169
vehicle_positions_19_191604.parquet,OK,31344,703,False,False,,0,2026-05-17T19:16:03.603046+00:00,2026-05-17T19:16:03.603046+00:00,169
vehicle_positions_19_191634.parquet,OK,31430,705,False,False,,0,2026-05-17T19:16:34.328193+00:00,2026-05-17T19:16:34.328193+00:00,170
vehicle_positions_19_191705.parquet,OK,31306,704,False,False,,0,2026-05-17T19:17:05.110223+00:00,2026-05-17T19:17:05.110223+00:00,170
vehicle_positions_19_191736.parquet,OK,31290,703,False,False,,0,2026-05-17T19:17:35.866567+00:00,2026-05-17T19:17:35.866567+00:00,170
vehicle_positions_19_191807.parquet,OK,31475,707,False,False,,0,2026-05-17T19:18:06.628386+00:00,2026-05-17T19:18:06.628386+00:00,170
vehicle_positions_19_191837.parquet,OK,31453,707,False,False,,0,2026-05-17T19:18:37.299805+00:00,2026-05-17T19:18:37.299805+00:00,170
vehicle_positions_19_191908.parquet,OK,31465,707,False,False,,0,2026-05-17T19:19:08.139612+00:00,2026-05-17T19:19:08.139612+00:00,169
vehicle_positions_19_191939.parquet,OK,31544,709,False,False,,0,2026-05-17T19:19:38.873650+00:00,2026-05-17T19:19:38.873650+00:00,169
vehicle_positions_19_192010.parquet,OK,31615,712,False,False,,0,2026-05-17T19:20:09.685369+00:00,2026-05-17T19:20:09.685369+00:00,169
vehicle_positions_19_192040.parquet,OK,31569,713,False,False,,0,2026-05-17T19:20:40.404416+00:00,2026-05-17T19:20:40.404416+00:00,169
vehicle_positions_19_192111.parquet,OK,31652,716,False,False,,0,2026-05-17T19:21:11.145116+00:00,2026-05-17T19:21:11.145116+00:00,169
vehicle_positions_19_192142.parquet,OK,31629,716,False,False,,0,2026-05-17T19:21:41.906349+00:00,2026-05-17T19:21:41.906349+00:00,169
vehicle_positions_19_192213.parquet,OK,31797,717,False,False,,0,2026-05-17T19:22:12.945845+00:00,2026-05-17T19:22:12.945845+00:00,171
vehicle_positions_19_192244.parquet,OK,31791,717,False,False,,0,2026-05-17T19:22:43.692871+00:00,2026-05-17T19:22:43.692871+00:00,172
vehicle_positions_19_192315.parquet,OK,31827,720,False,False,,0,2026-05-17T19:23:14.853921+00:00,2026-05-17T19:23:14.853921+00:00,172
vehicle_positions_19_192346.parquet,OK,31888,719,False,False,,0,2026-05-17T19:23:45.671257+00:00,2026-05-17T19:23:45.671257+00:00,172
vehicle_positions_19_194749.parquet,OK,31714,714,False,False,,0,2026-05-17T19:47:48.461469+00:00,2026-05-17T19:47:48.461469+00:00,171
vehicle_positions_19_194821.parquet,OK,31722,715,False,False,,0,2026-05-17T19:48:19.938136+00:00,2026-05-17T19:48:19.938136+00:00,171
vehicle_positions_19_194852.parquet,OK,31834,718,False,False,,0,2026-05-17T19:48:52.437255+00:00,2026-05-17T19:48:52.437255+00:00,171
vehicle_positions_19_194923.parquet,OK,31728,719,False,False,,0,2026-05-17T19:49:23.207685+00:00,2026-05-17T19:49:23.207685+00:00,172
vehicle_positions_19_194954.parquet,OK,31906,719,False,False,,0,2026-05-17T19:49:53.939671+00:00,2026-05-17T19:49:53.939671+00:00,172
vehicle_positions_19_195025.parquet,OK,31863,720,False,False,,0,2026-05-17T19:50:24.679352+00:00,2026-05-17T19:50:24.679352+00:00,173
vehicle_positions_19_195056.parquet,OK,31781,718,False,False,,0,2026-05-17T19:50:55.635979+00:00,2026-05-17T19:50:55.635979+00:00,173
vehicle_positions_19_195127.parquet,OK,31811,720,False,False,,0,2026-05-17T19:51:26.485243+00:00,2026-05-17T19:51:26.485243+00:00,173
vehicle_positions_19_195157.parquet,OK,31806,720,False,False,,0,2026-05-17T19:51:57.408536+00:00,2026-05-17T19:51:57.408536+00:00,174
vehicle_positions_19_195228.parquet,OK,31943,720,False,False,,0,2026-05-17T19:52:28.143354+00:00,2026-05-17T19:52:28.143354+00:00,174
vehicle_positions_19_195300.parquet,OK,31920,719,False,False,,0,2026-05-17T19:52:59.456832+00:00,2026-05-17T19:52:59.456832+00:00,173
vehicle_positions_19_195331.parquet,OK,31791,718,False,False,,0,2026-05-17T19:53:30.347971+00:00,2026-05-17T19:53:30.347971+00:00,171
vehicle_positions_19_195402.parquet,OK,31929,719,False,False,,0,2026-05-17T19:54:01.650213+00:00,2026-05-17T19:54:01.650213+00:00,172
vehicle_positions_19_195433.parquet,OK,31932,720,False,False,,0,2026-05-17T19:54:32.612257+00:00,2026-05-17T19:54:32.612257+00:00,171
vehicle_positions_19_195503.parquet,OK,31959,720,False,False,,0,2026-05-17T19:55:03.389131+00:00,2026-05-17T19:55:03.389131+00:00,171
vehicle_positions_19_195534.parquet,OK,31866,719,False,False,,0,2026-05-17T19:55:34.217798+00:00,2026-05-17T19:55:34.217798+00:00,170
vehicle_positions_19_195605.parquet,OK,31831,716,False,False,,0,2026-05-17T19:56:05.020513+00:00,2026-05-17T19:56:05.020513+00:00,170
vehicle_positions_19_195636.parquet,OK,31767,717,False,False,,0,2026-05-17T19:56:35.958317+00:00,2026-05-17T19:56:35.958317+00:00,170
vehicle_positions_19_195707.parquet,OK,31861,718,False,False,,0,2026-05-17T19:57:06.970889+00:00,2026-05-17T19:57:06.970889+00:00,170
vehicle_positions_19_195738.parquet,OK,32034,720,False,False,,0,2026-05-17T19:57:37.716892+00:00,2026-05-17T19:57:37.716892+00:00,170
vehicle_positions_19_195809.parquet,OK,32079,723,False,False,,0,2026-05-17T19:58:08.604393+00:00,2026-05-17T19:58:08.604393+00:00,170
vehicle_positions_19_195839.parquet,OK,32062,724,False,False,,0,2026-05-17T19:58:39.489636+00:00,2026-05-17T19:58:39.489636+00:00,170
vehicle_positions_19_195910.parquet,OK,32146,724,False,False,,0,2026-05-17T19:59:10.289398+00:00,2026-05-17T19:59:10.289398+00:00,170
vehicle_positions_19_195941.parquet,OK,32028,722,False,False,,0,2026-05-17T19:59:41.102805+00:00,2026-05-17T19:59:41.102805+00:00,170
vehicle_positions_20_200012.parquet,OK,32104,725,False,False,,0,2026-05-17T20:00:11.866059+00:00,2026-05-17T20:00:11.866059+00:00,171
vehicle_positions_20_200043.parquet,OK,32163,732,False,False,,0,2026-05-17T20:00:42.734067+00:00,2026-05-17T20:00:42.734067+00:00,171
vehicle_positions_20_200114.parquet,OK,32167,730,False,False,,0,2026-05-17T20:01:13.589408+00:00,2026-05-17T20:01:13.589408+00:00,171
vehicle_positions_20_200144.parquet,OK,32230,732,False,False,,0,2026-05-17T20:01:44.423620+00:00,2026-05-17T20:01:44.423620+00:00,171
vehicle_positions_20_200217.parquet,OK,32284,733,False,False,,0,2026-05-17T20:02:17.171461+00:00,2026-05-17T20:02:17.171461+00:00,171
vehicle_positions_20_200248.parquet,OK,32331,734,False,False,,0,2026-05-17T20:02:48.114807+00:00,2026-05-17T20:02:48.114807+00:00,171
vehicle_positions_20_200319.parquet,OK,32387,736,False,False,,0,2026-05-17T20:03:18.889730+00:00,2026-05-17T20:03:18.889730+00:00,172
vehicle_positions_20_200350.parquet,OK,32456,737,False,False,,0,2026-05-17T20:03:49.674585+00:00,2026-05-17T20:03:49.674585+00:00,171
vehicle_positions_20_200420.parquet,OK,32360,736,False,False,,0,2026-05-17T20:04:20.417341+00:00,2026-05-17T20:04:20.417341+00:00,171
vehicle_positions_20_200451.parquet,OK,32302,735,False,False,,0,2026-05-17T20:04:51.379398+00:00,2026-05-17T20:04:51.379398+00:00,171
vehicle_positions_20_200522.parquet,OK,32225,733,False,False,,0,2026-05-17T20:05:22.176618+00:00,2026-05-17T20:05:22.176618+00:00,171
vehicle_positions_20_200553.parquet,OK,32339,735,False,False,,0,2026-05-17T20:05:52.979540+00:00,2026-05-17T20:05:52.979540+00:00,170
vehicle_positions_20_200624.parquet,OK,32295,736,False,False,,0,2026-05-17T20:06:23.731060+00:00,2026-05-17T20:06:23.731060+00:00,170
vehicle_positions_20_200655.parquet,OK,32297,736,False,False,,0,2026-05-17T20:06:54.673110+00:00,2026-05-17T20:06:54.673110+00:00,171
vehicle_positions_20_200726.parquet,OK,32250,733,False,False,,0,2026-05-17T20:07:25.513247+00:00,2026-05-17T20:07:25.513247+00:00,172
vehicle_positions_20_200756.parquet,OK,32334,735,False,False,,0,2026-05-17T20:07:56.293188+00:00,2026-05-17T20:07:56.293188+00:00,172
vehicle_positions_20_200827.parquet,OK,32219,734,False,False,,0,2026-05-17T20:08:27.002564+00:00,2026-05-17T20:08:27.002564+00:00,172
vehicle_positions_20_200858.parquet,OK,32343,736,False,False,,0,2026-05-17T20:08:57.942656+00:00,2026-05-17T20:08:57.942656+00:00,172
vehicle_positions_20_200929.parquet,OK,32470,736,False,False,,0,2026-05-17T20:09:28.778467+00:00,2026-05-17T20:09:28.778467+00:00,171
vehicle_positions_20_201000.parquet,OK,32381,736,False,False,,0,2026-05-17T20:09:59.591654+00:00,2026-05-17T20:09:59.591654+00:00,171
vehicle_positions_20_201030.parquet,OK,32452,737,False,False,,0,2026-05-17T20:10:30.357981+00:00,2026-05-17T20:10:30.357981+00:00,171
vehicle_positions_20_201101.parquet,OK,32254,734,False,False,,0,2026-05-17T20:11:01.192111+00:00,2026-05-17T20:11:01.192111+00:00,170
vehicle_positions_20_201132.parquet,OK,32389,736,False,False,,0,2026-05-17T20:11:32.290157+00:00,2026-05-17T20:11:32.290157+00:00,170
vehicle_positions_20_201203.parquet,OK,32505,737,False,False,,0,2026-05-17T20:12:03.070665+00:00,2026-05-17T20:12:03.070665+00:00,170
vehicle_positions_20_201234.parquet,OK,32522,737,False,False,,0,2026-05-17T20:12:33.905694+00:00,2026-05-17T20:12:33.905694+00:00,171
vehicle_positions_20_201305.parquet,OK,32554,738,False,False,,0,2026-05-17T20:13:04.751695+00:00,2026-05-17T20:13:04.751695+00:00,171
vehicle_positions_20_201336.parquet,OK,32483,740,False,False,,0,2026-05-17T20:13:35.541757+00:00,2026-05-17T20:13:35.541757+00:00,172
vehicle_positions_20_201406.parquet,OK,32555,740,False,False,,0,2026-05-17T20:14:06.434147+00:00,2026-05-17T20:14:06.434147+00:00,172
vehicle_positions_20_201437.parquet,OK,32580,739,False,False,,0,2026-05-17T20:14:37.262850+00:00,2026-05-17T20:14:37.262850+00:00,172
vehicle_positions_20_201508.parquet,OK,32560,740,False,False,,0,2026-05-17T20:15:08.078788+00:00,2026-05-17T20:15:08.078788+00:00,173
vehicle_positions_20_201539.parquet,OK,32553,741,False,False,,0,2026-05-17T20:15:38.840682+00:00,2026-05-17T20:15:38.840682+00:00,173
vehicle_positions_20_201610.parquet,OK,32573,741,False,False,,0,2026-05-17T20:16:09.731794+00:00,2026-05-17T20:16:09.731794+00:00,172
vehicle_positions_20_201640.parquet,OK,32496,741,False,False,,0,2026-05-17T20:16:40.490174+00:00,2026-05-17T20:16:40.490174+00:00,171
vehicle_positions_20_201711.parquet,OK,32653,743,False,False,,0,2026-05-17T20:17:11.351004+00:00,2026-05-17T20:17:11.351004+00:00,171
vehicle_positions_20_201742.parquet,OK,32595,744,False,False,,0,2026-05-17T20:17:42.206392+00:00,2026-05-17T20:17:42.206392+00:00,172
vehicle_positions_20_201813.parquet,OK,32712,745,False,False,,0,2026-05-17T20:18:12.961330+00:00,2026-05-17T20:18:12.961330+00:00,172
vehicle_positions_20_201844.parquet,OK,32663,743,False,False,,0,2026-05-17T20:18:43.838018+00:00,2026-05-17T20:18:43.838018+00:00,172
vehicle_positions_20_201915.parquet,OK,32532,743,False,False,,0,2026-05-17T20:19:14.680856+00:00,2026-05-17T20:19:14.680856+00:00,172
vehicle_positions_20_201946.parquet,OK,32539,744,False,False,,0,2026-05-17T20:19:45.502326+00:00,2026-05-17T20:19:45.502326+00:00,171
vehicle_positions_20_202017.parquet,OK,32595,744,False,False,,0,2026-05-17T20:20:16.739292+00:00,2026-05-17T20:20:16.739292+00:00,170
vehicle_positions_20_202048.parquet,OK,32641,744,False,False,,0,2026-05-17T20:20:47.524313+00:00,2026-05-17T20:20:47.524313+00:00,169
vehicle_positions_20_202118.parquet,OK,32550,743,False,False,,0,2026-05-17T20:21:18.385795+00:00,2026-05-17T20:21:18.385795+00:00,169
vehicle_positions_20_202149.parquet,OK,32600,744,False,False,,0,2026-05-17T20:21:49.244941+00:00,2026-05-17T20:21:49.244941+00:00,169
vehicle_positions_20_202220.parquet,OK,32648,744,False,False,,0,2026-05-17T20:22:19.988080+00:00,2026-05-17T20:22:19.988080+00:00,169
vehicle_positions_20_202251.parquet,OK,32518,743,False,False,,0,2026-05-17T20:22:50.764486+00:00,2026-05-17T20:22:50.764486+00:00,170
vehicle_positions_20_202322.parquet,OK,32613,741,False,False,,0,2026-05-17T20:23:21.548347+00:00,2026-05-17T20:23:21.548347+00:00,170
vehicle_positions_20_202352.parquet,OK,32555,741,False,False,,0,2026-05-17T20:23:52.409667+00:00,2026-05-17T20:23:52.409667+00:00,171
vehicle_positions_20_202423.parquet,OK,32506,741,False,False,,0,2026-05-17T20:24:23.253982+00:00,2026-05-17T20:24:23.253982+00:00,171
vehicle_positions_20_202454.parquet,OK,32520,741,False,False,,0,2026-05-17T20:24:54.100257+00:00,2026-05-17T20:24:54.100257+00:00,171
vehicle_positions_20_202525.parquet,OK,32553,743,False,False,,0,2026-05-17T20:25:25.040946+00:00,2026-05-17T20:25:25.040946+00:00,171
vehicle_positions_20_202556.parquet,OK,32618,744,False,False,,0,2026-05-17T20:25:55.919941+00:00,2026-05-17T20:25:55.919941+00:00,171
vehicle_positions_20_202628.parquet,OK,32542,744,False,False,,0,2026-05-17T20:26:26.924155+00:00,2026-05-17T20:26:26.924155+00:00,170
vehicle_positions_20_202700.parquet,OK,32520,741,False,False,,0,2026-05-17T20:26:59.393835+00:00,2026-05-17T20:26:59.393835+00:00,170
vehicle_positions_20_202731.parquet,OK,32583,740,False,False,,0,2026-05-17T20:27:30.421821+00:00,2026-05-17T20:27:30.421821+00:00,170
vehicle_positions_20_202802.parquet,OK,32579,742,False,False,,0,2026-05-17T20:28:01.502566+00:00,2026-05-17T20:28:01.502566+00:00,171
vehicle_positions_20_202833.parquet,OK,32580,741,False,False,,0,2026-05-17T20:28:32.721707+00:00,2026-05-17T20:28:32.721707+00:00,171
vehicle_positions_20_202904.parquet,OK,32559,742,False,False,,0,2026-05-17T20:29:03.511866+00:00,2026-05-17T20:29:03.511866+00:00,171
vehicle_positions_20_202934.parquet,OK,32657,744,False,False,,0,2026-05-17T20:29:34.326059+00:00,2026-05-17T20:29:34.326059+00:00,172
vehicle_positions_20_203005.parquet,OK,32804,745,False,False,,0,2026-05-17T20:30:05.230957+00:00,2026-05-17T20:30:05.230957+00:00,171
vehicle_positions_20_203036.parquet,OK,32691,746,False,False,,0,2026-05-17T20:30:35.973988+00:00,2026-05-17T20:30:35.973988+00:00,171
vehicle_positions_20_203107.parquet,OK,32705,747,False,False,,0,2026-05-17T20:31:06.902537+00:00,2026-05-17T20:31:06.902537+00:00,170
vehicle_positions_20_203138.parquet,OK,32574,745,False,False,,0,2026-05-17T20:31:37.837764+00:00,2026-05-17T20:31:37.837764+00:00,168
vehicle_positions_20_203209.parquet,OK,32475,743,False,False,,0,2026-05-17T20:32:08.679797+00:00,2026-05-17T20:32:08.679797+00:00,169
vehicle_positions_20_203239.parquet,OK,32467,741,False,False,,0,2026-05-17T20:32:39.501061+00:00,2026-05-17T20:32:39.501061+00:00,169
vehicle_positions_20_203310.parquet,OK,32513,743,False,False,,0,2026-05-17T20:33:10.242819+00:00,2026-05-17T20:33:10.242819+00:00,169
vehicle_positions_20_203341.parquet,OK,32839,747,False,False,,0,2026-05-17T20:33:41.145163+00:00,2026-05-17T20:33:41.145163+00:00,169
vehicle_positions_20_203911.parquet,OK,32660,742,False,False,,0,2026-05-17T20:39:09.956380+00:00,2026-05-17T20:39:09.956380+00:00,171
vehicle_positions_20_203942.parquet,OK,32467,740,False,False,,0,2026-05-17T20:39:42.098231+00:00,2026-05-17T20:39:42.098231+00:00,171
vehicle_positions_20_204013.parquet,OK,32373,738,False,False,,0,2026-05-17T20:40:12.924077+00:00,2026-05-17T20:40:12.924077+00:00,171
vehicle_positions_20_204044.parquet,OK,32339,738,False,False,,0,2026-05-17T20:40:43.839058+00:00,2026-05-17T20:40:43.839058+00:00,172
vehicle_positions_20_204115.parquet,OK,32435,740,False,False,,0,2026-05-17T20:41:14.628617+00:00,2026-05-17T20:41:14.628617+00:00,172
vehicle_positions_20_204145.parquet,OK,32269,736,False,False,,0,2026-05-17T20:41:45.428518+00:00,2026-05-17T20:41:45.428518+00:00,172
vehicle_positions_20_204216.parquet,OK,32510,738,False,False,,0,2026-05-17T20:42:16.267497+00:00,2026-05-17T20:42:16.267497+00:00,172
vehicle_positions_20_204247.parquet,OK,32324,735,False,False,,0,2026-05-17T20:42:47.121656+00:00,2026-05-17T20:42:47.121656+00:00,172
vehicle_positions_20_204318.parquet,OK,32334,734,False,False,,0,2026-05-17T20:43:17.890309+00:00,2026-05-17T20:43:17.890309+00:00,172
vehicle_positions_20_204349.parquet,OK,32354,735,False,False,,0,2026-05-17T20:43:48.603603+00:00,2026-05-17T20:43:48.603603+00:00,172
vehicle_positions_20_204419.parquet,OK,32529,737,False,False,,0,2026-05-17T20:44:19.334941+00:00,2026-05-17T20:44:19.334941+00:00,171
vehicle_positions_20_204450.parquet,OK,32521,739,False,False,,0,2026-05-17T20:44:50.165828+00:00,2026-05-17T20:44:50.165828+00:00,171
vehicle_positions_20_204521.parquet,OK,32477,740,False,False,,0,2026-05-17T20:45:20.953917+00:00,2026-05-17T20:45:20.953917+00:00,171
vehicle_positions_20_204552.parquet,OK,32436,739,False,False,,0,2026-05-17T20:45:51.736553+00:00,2026-05-17T20:45:51.736553+00:00,170
vehicle_positions_20_204623.parquet,OK,32562,740,False,False,,0,2026-05-17T20:46:22.549299+00:00,2026-05-17T20:46:22.549299+00:00,171
vehicle_positions_20_204653.parquet,OK,32644,739,False,False,,0,2026-05-17T20:46:53.428140+00:00,2026-05-17T20:46:53.428140+00:00,171
vehicle_positions_20_204724.parquet,OK,32693,742,False,False,,0,2026-05-17T20:47:24.284818+00:00,2026-05-17T20:47:24.284818+00:00,172
vehicle_positions_20_204755.parquet,OK,32734,743,False,False,,0,2026-05-17T20:47:55.067993+00:00,2026-05-17T20:47:55.067993+00:00,172
vehicle_positions_20_204826.parquet,OK,32833,743,False,False,,0,2026-05-17T20:48:25.806495+00:00,2026-05-17T20:48:25.806495+00:00,172
vehicle_positions_20_204857.parquet,OK,32831,745,False,False,,0,2026-05-17T20:48:56.626075+00:00,2026-05-17T20:48:56.626075+00:00,172
vehicle_positions_20_204927.parquet,OK,32820,746,False,False,,0,2026-05-17T20:49:27.352786+00:00,2026-05-17T20:49:27.352786+00:00,172
vehicle_positions_20_204958.parquet,OK,32750,745,False,False,,0,2026-05-17T20:49:58.106230+00:00,2026-05-17T20:49:58.106230+00:00,172
vehicle_positions_20_205029.parquet,OK,32821,746,False,False,,0,2026-05-17T20:50:28.838593+00:00,2026-05-17T20:50:28.838593+00:00,172
vehicle_positions_20_205100.parquet,OK,32840,746,False,False,,0,2026-05-17T20:50:59.742153+00:00,2026-05-17T20:50:59.742153+00:00,172
vehicle_positions_20_205131.parquet,OK,32803,746,False,False,,0,2026-05-17T20:51:30.522266+00:00,2026-05-17T20:51:30.522266+00:00,172
vehicle_positions_20_205202.parquet,OK,32674,743,False,False,,0,2026-05-17T20:52:01.588304+00:00,2026-05-17T20:52:01.588304+00:00,172
vehicle_positions_20_205232.parquet,OK,32603,742,False,False,,0,2026-05-17T20:52:32.327844+00:00,2026-05-17T20:52:32.327844+00:00,172
vehicle_positions_20_205303.parquet,OK,32555,739,False,False,,0,2026-05-17T20:53:03.144551+00:00,2026-05-17T20:53:03.144551+00:00,172
vehicle_positions_20_205334.parquet,OK,32553,738,False,False,,0,2026-05-17T20:53:33.924498+00:00,2026-05-17T20:53:33.924498+00:00,172
vehicle_positions_20_205405.parquet,OK,32442,737,False,False,,0,2026-05-17T20:54:05.341927+00:00,2026-05-17T20:54:05.341927+00:00,172
vehicle_positions_20_205436.parquet,OK,32372,735,False,False,,0,2026-05-17T20:54:36.136193+00:00,2026-05-17T20:54:36.136193+00:00,172
vehicle_positions_20_205507.parquet,OK,32523,738,False,False,,0,2026-05-17T20:55:06.896808+00:00,2026-05-17T20:55:06.896808+00:00,172
vehicle_positions_20_205538.parquet,OK,32456,737,False,False,,0,2026-05-17T20:55:37.692659+00:00,2026-05-17T20:55:37.692659+00:00,173
vehicle_positions_20_205608.parquet,OK,32542,738,False,False,,0,2026-05-17T20:56:08.402448+00:00,2026-05-17T20:56:08.402448+00:00,173
vehicle_positions_20_205640.parquet,OK,32584,738,False,False,,0,2026-05-17T20:56:39.381564+00:00,2026-05-17T20:56:39.381564+00:00,173
vehicle_positions_20_205710.parquet,OK,32538,739,False,False,,0,2026-05-17T20:57:10.282253+00:00,2026-05-17T20:57:10.282253+00:00,173
vehicle_positions_20_205741.parquet,OK,32635,739,False,False,,0,2026-05-17T20:57:41.043773+00:00,2026-05-17T20:57:41.043773+00:00,173
vehicle_positions_20_205812.parquet,OK,32667,739,False,False,,0,2026-05-17T20:58:11.823003+00:00,2026-05-17T20:58:11.823003+00:00,171
vehicle_positions_20_205843.parquet,OK,32778,742,False,False,,0,2026-05-17T20:58:42.735447+00:00,2026-05-17T20:58:42.735447+00:00,172
vehicle_positions_20_205913.parquet,OK,32799,745,False,False,,0,2026-05-17T20:59:13.520215+00:00,2026-05-17T20:59:13.520215+00:00,173
vehicle_positions_20_205944.parquet,OK,32761,744,False,False,,0,2026-05-17T20:59:44.228325+00:00,2026-05-17T20:59:44.228325+00:00,173
vehicle_positions_21_210015.parquet,OK,32835,747,False,False,,0,2026-05-17T21:00:15.117064+00:00,2026-05-17T21:00:15.117064+00:00,173
vehicle_positions_21_210046.parquet,OK,32934,752,False,False,,0,2026-05-17T21:00:45.973959+00:00,2026-05-17T21:00:45.973959+00:00,173
vehicle_positions_21_210117.parquet,OK,32960,752,False,False,,0,2026-05-17T21:01:16.845486+00:00,2026-05-17T21:01:16.845486+00:00,172
vehicle_positions_21_210148.parquet,OK,33096,756,False,False,,0,2026-05-17T21:01:48.101014+00:00,2026-05-17T21:01:48.101014+00:00,172
vehicle_positions_21_210219.parquet,OK,33113,758,False,False,,0,2026-05-17T21:02:18.936111+00:00,2026-05-17T21:02:18.936111+00:00,172
vehicle_positions_21_210250.parquet,OK,33260,760,False,False,,0,2026-05-17T21:02:49.711641+00:00,2026-05-17T21:02:49.711641+00:00,172
vehicle_positions_21_210321.parquet,OK,33087,756,False,False,,0,2026-05-17T21:03:20.747807+00:00,2026-05-17T21:03:20.747807+00:00,172
vehicle_positions_21_210352.parquet,OK,33111,756,False,False,,0,2026-05-17T21:03:51.525524+00:00,2026-05-17T21:03:51.525524+00:00,172
vehicle_positions_21_210422.parquet,OK,33188,760,False,False,,0,2026-05-17T21:04:22.294247+00:00,2026-05-17T21:04:22.294247+00:00,172
vehicle_positions_21_210453.parquet,OK,33325,761,False,False,,0,2026-05-17T21:04:53.286074+00:00,2026-05-17T21:04:53.286074+00:00,174
vehicle_positions_21_210524.parquet,OK,33292,760,False,False,,0,2026-05-17T21:05:24.076815+00:00,2026-05-17T21:05:24.076815+00:00,174
vehicle_positions_21_210555.parquet,OK,33217,759,False,False,,0,2026-05-17T21:05:54.776661+00:00,2026-05-17T21:05:54.776661+00:00,173
vehicle_positions_21_210626.parquet,OK,33230,758,False,False,,0,2026-05-17T21:06:25.511835+00:00,2026-05-17T21:06:25.511835+00:00,173
vehicle_positions_21_210656.parquet,OK,33069,755,False,False,,0,2026-05-17T21:06:56.257045+00:00,2026-05-17T21:06:56.257045+00:00,173
vehicle_positions_21_210727.parquet,OK,33088,755,False,False,,0,2026-05-17T21:07:27.036275+00:00,2026-05-17T21:07:27.036275+00:00,173
vehicle_positions_21_210758.parquet,OK,33138,756,False,False,,0,2026-05-17T21:07:57.778388+00:00,2026-05-17T21:07:57.778388+00:00,173
vehicle_positions_21_210829.parquet,OK,33228,757,False,False,,0,2026-05-17T21:08:28.611170+00:00,2026-05-17T21:08:28.611170+00:00,172
vehicle_positions_21_210859.parquet,OK,33232,756,False,False,,0,2026-05-17T21:08:59.367799+00:00,2026-05-17T21:08:59.367799+00:00,171
vehicle_positions_21_210930.parquet,OK,33191,756,False,False,,0,2026-05-17T21:09:30.100205+00:00,2026-05-17T21:09:30.100205+00:00,171
vehicle_positions_21_211001.parquet,OK,33247,755,False,False,,0,2026-05-17T21:10:01.040896+00:00,2026-05-17T21:10:01.040896+00:00,171
vehicle_positions_21_211032.parquet,OK,33170,753,False,False,,0,2026-05-17T21:10:31.891237+00:00,2026-05-17T21:10:31.891237+00:00,171
vehicle_positions_21_211103.parquet,OK,33106,753,False,False,,0,2026-05-17T21:11:02.925107+00:00,2026-05-17T21:11:02.925107+00:00,171
vehicle_positions_21_211134.parquet,OK,33122,754,False,False,,0,2026-05-17T21:11:33.819777+00:00,2026-05-17T21:11:33.819777+00:00,171
vehicle_positions_21_211205.parquet,OK,33055,753,False,False,,0,2026-05-17T21:12:04.780769+00:00,2026-05-17T21:12:04.780769+00:00,172
vehicle_positions_21_211236.parquet,OK,32857,752,False,False,,0,2026-05-17T21:12:35.538225+00:00,2026-05-17T21:12:35.538225+00:00,172
vehicle_positions_21_211306.parquet,OK,32691,749,False,False,,0,2026-05-17T21:13:06.309133+00:00,2026-05-17T21:13:06.309133+00:00,172
vehicle_positions_21_211337.parquet,OK,32750,748,False,False,,0,2026-05-17T21:13:37.060093+00:00,2026-05-17T21:13:37.060093+00:00,171
vehicle_positions_21_211408.parquet,OK,32786,748,False,False,,0,2026-05-17T21:14:07.894234+00:00,2026-05-17T21:14:07.894234+00:00,171
vehicle_positions_21_211439.parquet,OK,32653,745,False,False,,0,2026-05-17T21:14:38.764210+00:00,2026-05-17T21:14:38.764210+00:00,169
vehicle_positions_21_211510.parquet,OK,32680,749,False,False,,0,2026-05-17T21:15:09.651251+00:00,2026-05-17T21:15:09.651251+00:00,169
vehicle_positions_21_211540.parquet,OK,32925,754,False,False,,0,2026-05-17T21:15:40.449040+00:00,2026-05-17T21:15:40.449040+00:00,169
vehicle_positions_21_211613.parquet,OK,32966,757,False,False,,0,2026-05-17T21:16:12.619999+00:00,2026-05-17T21:16:12.619999+00:00,169
vehicle_positions_21_211646.parquet,OK,32971,756,False,False,,0,2026-05-17T21:16:45.520547+00:00,2026-05-17T21:16:45.520547+00:00,170
vehicle_positions_21_211717.parquet,OK,32920,757,False,False,,0,2026-05-17T21:17:16.521784+00:00,2026-05-17T21:17:16.521784+00:00,169
vehicle_positions_21_211747.parquet,OK,33099,758,False,False,,0,2026-05-17T21:17:47.355046+00:00,2026-05-17T21:17:47.355046+00:00,169
vehicle_positions_21_211818.parquet,OK,33049,761,False,False,,0,2026-05-17T21:18:18.189650+00:00,2026-05-17T21:18:18.189650+00:00,170
vehicle_positions_21_211849.parquet,OK,33009,760,False,False,,0,2026-05-17T21:18:48.917738+00:00,2026-05-17T21:18:48.917738+00:00,169
vehicle_positions_21_211920.parquet,OK,32965,759,False,False,,0,2026-05-17T21:19:19.753751+00:00,2026-05-17T21:19:19.753751+00:00,168
vehicle_positions_21_211951.parquet,OK,32899,756,False,False,,0,2026-05-17T21:19:50.614760+00:00,2026-05-17T21:19:50.614760+00:00,167
vehicle_positions_21_212022.parquet,OK,33031,758,False,False,,0,2026-05-17T21:20:21.530925+00:00,2026-05-17T21:20:21.530925+00:00,167
vehicle_positions_21_212053.parquet,OK,33136,760,False,False,,0,2026-05-17T21:20:52.986410+00:00,2026-05-17T21:20:52.986410+00:00,168
vehicle_positions_21_212124.parquet,OK,32987,760,False,False,,0,2026-05-17T21:21:23.924813+00:00,2026-05-17T21:21:23.924813+00:00,168
vehicle_positions_21_212155.parquet,OK,33068,759,False,False,,0,2026-05-17T21:21:54.667817+00:00,2026-05-17T21:21:54.667817+00:00,168
vehicle_positions_21_212225.parquet,OK,33036,757,False,False,,0,2026-05-17T21:22:25.455153+00:00,2026-05-17T21:22:25.455153+00:00,169
vehicle_positions_00_000851.parquet,OK,33785,774,False,False,,0,2026-05-18T00:08:51.018781+00:00,2026-05-18T00:08:51.018781+00:00,173
vehicle_positions_00_000923.parquet,OK,33533,772,False,False,,0,2026-05-18T00:09:22.721160+00:00,2026-05-18T00:09:22.721160+00:00,173
vehicle_positions_00_000954.parquet,OK,33524,771,False,False,,0,2026-05-18T00:09:54.318849+00:00,2026-05-18T00:09:54.318849+00:00,172
vehicle_positions_00_001025.parquet,OK,33592,772,False,False,,0,2026-05-18T00:10:25.083646+00:00,2026-05-18T00:10:25.083646+00:00,171
vehicle_positions_00_001056.parquet,OK,33533,773,False,False,,0,2026-05-18T00:10:55.979116+00:00,2026-05-18T00:10:55.979116+00:00,171
vehicle_positions_00_001127.parquet,OK,33629,773,False,False,,0,2026-05-18T00:11:26.811743+00:00,2026-05-18T00:11:26.811743+00:00,171
vehicle_positions_00_001158.parquet,OK,33606,776,False,False,,0,2026-05-18T00:11:57.715753+00:00,2026-05-18T00:11:57.715753+00:00,170
vehicle_positions_00_001229.parquet,OK,33672,776,False,False,,0,2026-05-18T00:12:28.541050+00:00,2026-05-18T00:12:28.541050+00:00,170
vehicle_positions_00_001259.parquet,OK,33668,777,False,False,,0,2026-05-18T00:12:59.352409+00:00,2026-05-18T00:12:59.352409+00:00,170
vehicle_positions_00_001330.parquet,OK,33478,775,False,False,,0,2026-05-18T00:13:30.244544+00:00,2026-05-18T00:13:30.244544+00:00,170
vehicle_positions_00_001401.parquet,OK,33626,774,False,False,,0,2026-05-18T00:14:01.195337+00:00,2026-05-18T00:14:01.195337+00:00,169
vehicle_positions_00_001432.parquet,OK,33461,773,False,False,,0,2026-05-18T00:14:32.148096+00:00,2026-05-18T00:14:32.148096+00:00,169
vehicle_positions_00_001503.parquet,OK,33540,772,False,False,,0,2026-05-18T00:15:02.935164+00:00,2026-05-18T00:15:02.935164+00:00,169
vehicle_positions_00_001534.parquet,OK,33460,771,False,False,,0,2026-05-18T00:15:33.904222+00:00,2026-05-18T00:15:33.904222+00:00,170
vehicle_positions_00_001605.parquet,OK,33440,772,False,False,,0,2026-05-18T00:16:04.868358+00:00,2026-05-18T00:16:04.868358+00:00,171
vehicle_positions_00_001636.parquet,OK,33482,772,False,False,,0,2026-05-18T00:16:35.645883+00:00,2026-05-18T00:16:35.645883+00:00,171
vehicle_positions_00_001706.parquet,OK,33478,771,False,False,,0,2026-05-18T00:17:06.424474+00:00,2026-05-18T00:17:06.424474+00:00,171
vehicle_positions_00_001737.parquet,OK,33546,773,False,False,,0,2026-05-18T00:17:37.330102+00:00,2026-05-18T00:17:37.330102+00:00,171
vehicle_positions_00_001808.parquet,OK,33657,773,False,False,,0,2026-05-18T00:18:08.178042+00:00,2026-05-18T00:18:08.178042+00:00,170
vehicle_positions_00_001839.parquet,OK,33616,774,False,False,,0,2026-05-18T00:18:38.936383+00:00,2026-05-18T00:18:38.936383+00:00,170
vehicle_positions_00_001910.parquet,OK,33589,774,False,False,,0,2026-05-18T00:19:09.819733+00:00,2026-05-18T00:19:09.819733+00:00,170
vehicle_positions_00_001941.parquet,OK,33565,772,False,False,,0,2026-05-18T00:19:40.739704+00:00,2026-05-18T00:19:40.739704+00:00,169
vehicle_positions_00_002012.parquet,OK,33578,772,False,False,,0,2026-05-18T00:20:11.548561+00:00,2026-05-18T00:20:11.548561+00:00,168
vehicle_positions_00_002042.parquet,OK,33541,769,False,False,,0,2026-05-18T00:20:42.430236+00:00,2026-05-18T00:20:42.430236+00:00,167
vehicle_positions_00_002113.parquet,OK,33393,770,False,False,,0,2026-05-18T00:21:13.211976+00:00,2026-05-18T00:21:13.211976+00:00,166
vehicle_positions_00_002144.parquet,OK,33567,770,False,False,,0,2026-05-18T00:21:43.993559+00:00,2026-05-18T00:21:43.993559+00:00,168
vehicle_positions_00_002215.parquet,OK,33542,772,False,False,,0,2026-05-18T00:22:14.925637+00:00,2026-05-18T00:22:14.925637+00:00,169
vehicle_positions_00_002246.parquet,OK,33530,771,False,False,,0,2026-05-18T00:22:45.754802+00:00,2026-05-18T00:22:45.754802+00:00,169
vehicle_positions_00_002317.parquet,OK,33546,770,False,False,,0,2026-05-18T00:23:16.709901+00:00,2026-05-18T00:23:16.709901+00:00,170
vehicle_positions_00_002348.parquet,OK,33527,769,False,False,,0,2026-05-18T00:23:47.983027+00:00,2026-05-18T00:23:47.983027+00:00,172
vehicle_positions_00_002419.parquet,OK,33561,770,False,False,,0,2026-05-18T00:24:18.728932+00:00,2026-05-18T00:24:18.728932+00:00,173
vehicle_positions_00_002450.parquet,OK,33369,766,False,False,,0,2026-05-18T00:24:49.921165+00:00,2026-05-18T00:24:49.921165+00:00,172
vehicle_positions_00_002521.parquet,OK,33372,764,False,False,,0,2026-05-18T00:25:20.820887+00:00,2026-05-18T00:25:20.820887+00:00,172
vehicle_positions_00_002552.parquet,OK,33475,768,False,False,,0,2026-05-18T00:25:51.720703+00:00,2026-05-18T00:25:51.720703+00:00,172
vehicle_positions_00_002623.parquet,OK,33353,768,False,False,,0,2026-05-18T00:26:22.429842+00:00,2026-05-18T00:26:22.429842+00:00,172
vehicle_positions_00_002653.parquet,OK,33486,771,False,False,,0,2026-05-18T00:26:53.357160+00:00,2026-05-18T00:26:53.357160+00:00,172
vehicle_positions_00_002724.parquet,OK,33584,771,False,False,,0,2026-05-18T00:27:24.100966+00:00,2026-05-18T00:27:24.100966+00:00,172
vehicle_positions_00_002755.parquet,OK,33502,770,False,False,,0,2026-05-18T00:27:55.196064+00:00,2026-05-18T00:27:55.196064+00:00,172
vehicle_positions_00_002826.parquet,OK,33472,769,False,False,,0,2026-05-18T00:28:25.924975+00:00,2026-05-18T00:28:25.924975+00:00,170
vehicle_positions_00_002857.parquet,OK,33417,768,False,False,,0,2026-05-18T00:28:56.846867+00:00,2026-05-18T00:28:56.846867+00:00,170
vehicle_positions_00_002928.parquet,OK,33587,769,False,False,,0,2026-05-18T00:29:27.552705+00:00,2026-05-18T00:29:27.552705+00:00,170
vehicle_positions_00_002958.parquet,OK,33515,770,False,False,,0,2026-05-18T00:29:58.290886+00:00,2026-05-18T00:29:58.290886+00:00,169
vehicle_positions_00_003029.parquet,OK,33474,771,False,False,,0,2026-05-18T00:30:28.996968+00:00,2026-05-18T00:30:28.996968+00:00,169
vehicle_positions_00_003100.parquet,OK,33570,774,False,False,,0,2026-05-18T00:30:59.820871+00:00,2026-05-18T00:30:59.820871+00:00,169
vehicle_positions_00_003131.parquet,OK,33757,776,False,False,,0,2026-05-18T00:31:30.540814+00:00,2026-05-18T00:31:30.540814+00:00,170
vehicle_positions_00_003202.parquet,OK,33581,775,False,False,,0,2026-05-18T00:32:01.702059+00:00,2026-05-18T00:32:01.702059+00:00,169
vehicle_positions_00_003233.parquet,OK,33516,774,False,False,,0,2026-05-18T00:32:32.613148+00:00,2026-05-18T00:32:32.613148+00:00,170
vehicle_positions_00_003304.parquet,OK,33720,775,False,False,,0,2026-05-18T00:33:03.483464+00:00,2026-05-18T00:33:03.483464+00:00,170
vehicle_positions_00_003334.parquet,OK,33417,770,False,False,,0,2026-05-18T00:33:34.308320+00:00,2026-05-18T00:33:34.308320+00:00,169
vehicle_positions_00_003405.parquet,OK,33478,770,False,False,,0,2026-05-18T00:34:04.994225+00:00,2026-05-18T00:34:04.994225+00:00,169
vehicle_positions_00_003436.parquet,OK,33302,768,False,False,,0,2026-05-18T00:34:35.732989+00:00,2026-05-18T00:34:35.732989+00:00,169
vehicle_positions_00_003507.parquet,OK,33197,762,False,False,,0,2026-05-18T00:35:06.476330+00:00,2026-05-18T00:35:06.476330+00:00,169
vehicle_positions_00_003537.parquet,OK,33356,767,False,False,,0,2026-05-18T00:35:37.330082+00:00,2026-05-18T00:35:37.330082+00:00,170
vehicle_positions_00_003608.parquet,OK,33387,768,False,False,,0,2026-05-18T00:36:08.067867+00:00,2026-05-18T00:36:08.067867+00:00,170
vehicle_positions_00_003639.parquet,OK,33337,766,False,False,,0,2026-05-18T00:36:38.850166+00:00,2026-05-18T00:36:38.850166+00:00,169
vehicle_positions_00_003710.parquet,OK,33298,764,False,False,,0,2026-05-18T00:37:09.628837+00:00,2026-05-18T00:37:09.628837+00:00,169
vehicle_positions_00_003740.parquet,OK,33306,765,False,False,,0,2026-05-18T00:37:40.471382+00:00,2026-05-18T00:37:40.471382+00:00,169
vehicle_positions_00_003811.parquet,OK,33381,763,False,False,,0,2026-05-18T00:38:11.201638+00:00,2026-05-18T00:38:11.201638+00:00,169
vehicle_positions_00_003842.parquet,OK,33356,764,False,False,,0,2026-05-18T00:38:42.127091+00:00,2026-05-18T00:38:42.127091+00:00,169
vehicle_positions_00_003913.parquet,OK,33392,764,False,False,,0,2026-05-18T00:39:12.952833+00:00,2026-05-18T00:39:12.952833+00:00,170
vehicle_positions_00_003944.parquet,OK,33377,764,False,False,,0,2026-05-18T00:39:43.755321+00:00,2026-05-18T00:39:43.755321+00:00,170
vehicle_positions_00_004015.parquet,OK,33388,762,False,False,,0,2026-05-18T00:40:14.529654+00:00,2026-05-18T00:40:14.529654+00:00,170
vehicle_positions_00_004045.parquet,OK,33262,762,False,False,,0,2026-05-18T00:40:45.291073+00:00,2026-05-18T00:40:45.291073+00:00,170
vehicle_positions_00_004116.parquet,OK,33173,760,False,False,,0,2026-05-18T00:41:16.167456+00:00,2026-05-18T00:41:16.167456+00:00,171
vehicle_positions_00_004147.parquet,OK,33290,758,False,False,,0,2026-05-18T00:41:47.074989+00:00,2026-05-18T00:41:47.074989+00:00,171
vehicle_positions_00_004218.parquet,OK,32996,754,False,False,,0,2026-05-18T00:42:17.912369+00:00,2026-05-18T00:42:17.912369+00:00,172
vehicle_positions_00_004249.parquet,OK,33027,755,False,False,,0,2026-05-18T00:42:48.659856+00:00,2026-05-18T00:42:48.659856+00:00,172
vehicle_positions_00_004320.parquet,OK,33028,755,False,False,,0,2026-05-18T00:43:19.628821+00:00,2026-05-18T00:43:19.628821+00:00,172
vehicle_positions_00_004350.parquet,OK,33042,753,False,False,,0,2026-05-18T00:43:50.389859+00:00,2026-05-18T00:43:50.389859+00:00,172
vehicle_positions_00_004421.parquet,OK,32801,751,False,False,,0,2026-05-18T00:44:21.263836+00:00,2026-05-18T00:44:21.263836+00:00,172
vehicle_positions_00_004452.parquet,OK,32966,756,False,False,,0,2026-05-18T00:44:52.015401+00:00,2026-05-18T00:44:52.015401+00:00,172
vehicle_positions_00_004523.parquet,OK,33080,758,False,False,,0,2026-05-18T00:45:22.965153+00:00,2026-05-18T00:45:22.965153+00:00,172
vehicle_positions_00_004554.parquet,OK,33320,763,False,False,,0,2026-05-18T00:45:53.835342+00:00,2026-05-18T00:45:53.835342+00:00,172
vehicle_positions_00_004748.parquet,OK,33400,765,False,False,,0,2026-05-18T00:47:47.355052+00:00,2026-05-18T00:47:47.355052+00:00,173
vehicle_positions_00_004821.parquet,OK,33418,766,False,False,,0,2026-05-18T00:48:18.945063+00:00,2026-05-18T00:48:18.945063+00:00,174
vehicle_positions_00_004851.parquet,OK,33412,768,False,False,,0,2026-05-18T00:48:51.469710+00:00,2026-05-18T00:48:51.469710+00:00,174
vehicle_positions_00_004922.parquet,OK,33495,769,False,False,,0,2026-05-18T00:49:22.175883+00:00,2026-05-18T00:49:22.175883+00:00,174
vehicle_positions_00_004953.parquet,OK,33227,766,False,False,,0,2026-05-18T00:49:53.035039+00:00,2026-05-18T00:49:53.035039+00:00,174
vehicle_positions_00_005125.parquet,OK,33042,761,False,False,,0,2026-05-18T00:51:24.964289+00:00,2026-05-18T00:51:24.964289+00:00,172
vehicle_positions_00_005156.parquet,OK,33106,760,False,False,,0,2026-05-18T00:51:55.871748+00:00,2026-05-18T00:51:55.871748+00:00,173
vehicle_positions_00_005227.parquet,OK,33194,759,False,False,,0,2026-05-18T00:52:26.746704+00:00,2026-05-18T00:52:26.746704+00:00,173
vehicle_positions_00_005258.parquet,OK,33006,759,False,False,,0,2026-05-18T00:52:57.576635+00:00,2026-05-18T00:52:57.576635+00:00,172
vehicle_positions_00_005329.parquet,OK,33167,759,False,False,,0,2026-05-18T00:53:28.568137+00:00,2026-05-18T00:53:28.568137+00:00,172
vehicle_positions_00_005400.parquet,OK,33179,758,False,False,,0,2026-05-18T00:53:59.474681+00:00,2026-05-18T00:53:59.474681+00:00,172
vehicle_positions_00_005430.parquet,OK,33120,756,False,False,,0,2026-05-18T00:54:30.389212+00:00,2026-05-18T00:54:30.389212+00:00,172
vehicle_positions_00_005501.parquet,OK,33056,756,False,False,,0,2026-05-18T00:55:01.211653+00:00,2026-05-18T00:55:01.211653+00:00,171
vehicle_positions_00_005532.parquet,OK,32794,752,False,False,,0,2026-05-18T00:55:32.073157+00:00,2026-05-18T00:55:32.073157+00:00,171
vehicle_positions_00_005603.parquet,OK,33063,752,False,False,,0,2026-05-18T00:56:02.906156+00:00,2026-05-18T00:56:02.906156+00:00,171
vehicle_positions_00_005634.parquet,OK,32868,751,False,False,,0,2026-05-18T00:56:33.644878+00:00,2026-05-18T00:56:33.644878+00:00,170
vehicle_positions_00_005705.parquet,OK,33007,753,False,False,,0,2026-05-18T00:57:04.532207+00:00,2026-05-18T00:57:04.532207+00:00,171
vehicle_positions_00_005735.parquet,OK,33013,753,False,False,,0,2026-05-18T00:57:35.428473+00:00,2026-05-18T00:57:35.428473+00:00,170
vehicle_positions_00_005806.parquet,OK,33100,754,False,False,,0,2026-05-18T00:58:06.239918+00:00,2026-05-18T00:58:06.239918+00:00,170
vehicle_positions_00_005837.parquet,OK,33077,754,False,False,,0,2026-05-18T00:58:37.146212+00:00,2026-05-18T00:58:37.146212+00:00,170
vehicle_positions_00_000012.parquet,FAIL,51767,1314,False,True,,0,,,0
vehicle_positions_00_000043.parquet,FAIL,51653,1315,False,True,,0,,,0
vehicle_positions_00_000114.parquet,FAIL,51810,1317,False,True,,0,,,0
vehicle_positions_00_000147.parquet,FAIL,51669,1316,False,True,,0,,,0
vehicle_positions_00_000218.parquet,FAIL,51733,1317,False,True,,0,,,0
vehicle_positions_00_000248.parquet,FAIL,51806,1320,False,True,,0,,,0
vehicle_positions_00_000319.parquet,FAIL,51818,1319,False,True,,0,,,0
vehicle_positions_00_000350.parquet,FAIL,51842,1317,False,True,,0,,,0
vehicle_positions_00_000421.parquet,FAIL,51767,1317,False,True,,0,,,0
vehicle_positions_00_000452.parquet,FAIL,51810,1318,False,True,,0,,,0
vehicle_positions_00_000522.parquet,FAIL,51684,1314,False,True,,0,,,0
vehicle_positions_00_000553.parquet,FAIL,51699,1314,False,True,,0,,,0
vehicle_positions_00_000624.parquet,FAIL,51791,1315,False,True,,0,,,0
vehicle_positions_00_000655.parquet,FAIL,51816,1314,False,True,,0,,,0
vehicle_positions_00_000725.parquet,FAIL,51723,1313,False,True,,0,,,0
vehicle_positions_00_000756.parquet,FAIL,51632,1312,False,True,,0,,,0
vehicle_positions_00_000827.parquet,FAIL,51551,1310,False,True,,0,,,0
vehicle_positions_00_000858.parquet,FAIL,51477,1309,False,True,,0,,,0
vehicle_positions_00_000929.parquet,FAIL,51494,1308,False,True,,0,,,0
vehicle_positions_00_000959.parquet,FAIL,51735,1311,False,True,,0,,,0
vehicle_positions_00_001030.parquet,FAIL,51739,1315,False,True,,0,,,0
vehicle_positions_00_001101.parquet,FAIL,51964,1316,False,True,,0,,,0
vehicle_positions_00_001131.parquet,FAIL,51726,1314,False,True,,0,,,0
vehicle_positions_00_001202.parquet,FAIL,51625,1314,False,True,,0,,,0
vehicle_positions_00_001233.parquet,FAIL,51608,1312,False,True,,0,,,0
vehicle_positions_00_001303.parquet,FAIL,51697,1312,False,True,,0,,,0
vehicle_positions_00_001334.parquet,FAIL,51584,1310,False,True,,0,,,0
vehicle_positions_00_001405.parquet,FAIL,51697,1311,False,True,,0,,,0
vehicle_positions_00_001436.parquet,FAIL,51465,1307,False,True,,0,,,0
vehicle_positions_00_001506.parquet,FAIL,51403,1311,False,True,,0,,,0
vehicle_positions_00_001537.parquet,FAIL,51555,1311,False,True,,0,,,0
vehicle_positions_00_001608.parquet,FAIL,51653,1312,False,True,,0,,,0
vehicle_positions_00_001638.parquet,FAIL,51728,1314,False,True,,0,,,0
vehicle_positions_00_001709.parquet,FAIL,51684,1313,False,True,,0,,,0
vehicle_positions_00_001740.parquet,FAIL,51554,1311,False,True,,0,,,0
vehicle_positions_00_001811.parquet,FAIL,51644,1315,False,True,,0,,,0
vehicle_positions_00_001841.parquet,FAIL,51618,1312,False,True,,0,,,0
vehicle_positions_00_001912.parquet,FAIL,51740,1310,False,True,,0,,,0
vehicle_positions_00_001943.parquet,FAIL,51420,1307,False,True,,0,,,0
vehicle_positions_00_002014.parquet,FAIL,51342,1310,False,True,,0,,,0
vehicle_positions_00_002045.parquet,FAIL,51598,1313,False,True,,0,,,0
vehicle_positions_00_002116.parquet,FAIL,51595,1311,False,True,,0,,,0
vehicle_positions_00_002147.parquet,FAIL,51423,1311,False,True,,0,,,0
vehicle_positions_00_002218.parquet,FAIL,51549,1311,False,True,,0,,,0
vehicle_positions_00_002249.parquet,FAIL,51535,1310,False,True,,0,,,0
vehicle_positions_00_002319.parquet,FAIL,51501,1310,False,True,,0,,,0
vehicle_positions_00_002350.parquet,FAIL,51596,1312,False,True,,0,,,0
vehicle_positions_00_002421.parquet,FAIL,51662,1314,False,True,,0,,,0
vehicle_positions_00_002452.parquet,FAIL,51717,1312,False,True,,0,,,0
vehicle_positions_00_002522.parquet,FAIL,51608,1312,False,True,,0,,,0
vehicle_positions_00_002553.parquet,FAIL,51647,1312,False,True,,0,,,0
vehicle_positions_00_002624.parquet,FAIL,51762,1313,False,True,,0,,,0
vehicle_positions_00_002655.parquet,FAIL,51652,1312,False,True,,0,,,0
vehicle_positions_00_002726.parquet,FAIL,51737,1312,False,True,,0,,,0
vehicle_positions_00_002756.parquet,FAIL,51703,1311,False,True,,0,,,0
vehicle_positions_00_002827.parquet,FAIL,52066,1314,False,True,,0,,,0
vehicle_positions_00_002858.parquet,FAIL,51903,1314,False,True,,0,,,0
vehicle_positions_00_002929.parquet,FAIL,51554,1310,False,True,,0,,,0
vehicle_positions_00_003000.parquet,FAIL,51838,1310,False,True,,0,,,0
vehicle_positions_00_003030.parquet,FAIL,51759,1308,False,True,,0,,,0
vehicle_positions_00_003101.parquet,FAIL,51637,1309,False,True,,0,,,0
vehicle_positions_00_003132.parquet,FAIL,51633,1307,False,True,,0,,,0
vehicle_positions_00_003205.parquet,FAIL,51343,1304,False,True,,0,,,0
vehicle_positions_00_003235.parquet,FAIL,51474,1302,False,True,,0,,,0
vehicle_positions_00_003306.parquet,FAIL,51371,1302,False,True,,0,,,0
vehicle_positions_00_003337.parquet,FAIL,51622,1305,False,True,,0,,,0
vehicle_positions_00_003408.parquet,FAIL,51467,1304,False,True,,0,,,0
vehicle_positions_00_003439.parquet,FAIL,51415,1300,False,True,,0,,,0
vehicle_positions_00_003510.parquet,FAIL,51579,1303,False,True,,0,,,0
vehicle_positions_00_003541.parquet,FAIL,51484,1305,False,True,,0,,,0
vehicle_positions_00_003612.parquet,FAIL,51322,1303,False,True,,0,,,0
vehicle_positions_00_003644.parquet,FAIL,51569,1305,False,True,,0,,,0
vehicle_positions_00_003714.parquet,FAIL,51681,1304,False,True,,0,,,0
vehicle_positions_00_003745.parquet,FAIL,51521,1303,False,True,,0,,,0
vehicle_positions_00_003817.parquet,FAIL,51642,1303,False,True,,0,,,0
vehicle_positions_00_003848.parquet,FAIL,51615,1305,False,True,,0,,,0
vehicle_positions_00_003918.parquet,FAIL,51506,1303,False,True,,0,,,0
vehicle_positions_00_003950.parquet,FAIL,51348,1301,False,True,,0,,,0
vehicle_positions_00_004021.parquet,FAIL,51432,1303,False,True,,0,,,0
vehicle_positions_00_004052.parquet,FAIL,51318,1303,False,True,,0,,,0
vehicle_positions_00_004122.parquet,FAIL,51422,1298,False,True,,0,,,0
vehicle_positions_00_004153.parquet,FAIL,51238,1296,False,True,,0,,,0
vehicle_positions_00_004224.parquet,FAIL,51055,1292,False,True,,0,,,0
vehicle_positions_00_004255.parquet,FAIL,51217,1292,False,True,,0,,,0
vehicle_positions_00_004326.parquet,FAIL,51108,1292,False,True,,0,,,0
vehicle_positions_00_004357.parquet,FAIL,51081,1288,False,True,,0,,,0
vehicle_positions_00_004427.parquet,FAIL,50792,1285,False,True,,0,,,0
vehicle_positions_00_004458.parquet,FAIL,50944,1284,False,True,,0,,,0
vehicle_positions_00_004529.parquet,FAIL,50809,1283,False,True,,0,,,0
vehicle_positions_00_004600.parquet,FAIL,50766,1281,False,True,,0,,,0
vehicle_positions_00_004632.parquet,FAIL,50842,1281,False,True,,0,,,0
vehicle_positions_00_004703.parquet,FAIL,50870,1280,False,True,,0,,,0
vehicle_positions_00_004734.parquet,FAIL,50718,1277,False,True,,0,,,0
vehicle_positions_00_004804.parquet,FAIL,50651,1279,False,True,,0,,,0
vehicle_positions_00_004835.parquet,FAIL,50491,1275,False,True,,0,,,0
vehicle_positions_00_004906.parquet,FAIL,50367,1271,False,True,,0,,,0
vehicle_positions_00_004936.parquet,FAIL,50304,1271,False,True,,0,,,0
vehicle_positions_00_005007.parquet,FAIL,50374,1271,False,True,,0,,,0
vehicle_positions_00_005038.parquet,FAIL,50415,1270,False,True,,0,,,0
vehicle_positions_00_005109.parquet,FAIL,50339,1272,False,True,,0,,,0
vehicle_positions_00_005139.parquet,FAIL,50643,1276,False,True,,0,,,0
vehicle_positions_00_005210.parquet,FAIL,50383,1273,False,True,,0,,,0
vehicle_positions_00_005241.parquet,FAIL,50229,1269,False,True,,0,,,0
vehicle_positions_00_005312.parquet,FAIL,50023,1263,False,True,,0,,,0
vehicle_positions_00_005342.parquet,FAIL,50170,1265,False,True,,0,,,0
vehicle_positions_00_005413.parquet,FAIL,50229,1265,False,True,,0,,,0
vehicle_positions_00_005444.parquet,FAIL,49864,1262,False,True,,0,,,0
vehicle_positions_00_005515.parquet,FAIL,49950,1262,False,True,,0,,,0
vehicle_positions_00_005545.parquet,FAIL,50004,1262,False,True,,0,,,0
vehicle_positions_00_005617.parquet,FAIL,49989,1260,False,True,,0,,,0
vehicle_positions_00_005647.parquet,FAIL,50065,1261,False,True,,0,,,0
vehicle_positions_00_005718.parquet,FAIL,49993,1258,False,True,,0,,,0
vehicle_positions_00_005749.parquet,FAIL,49878,1256,False,True,,0,,,0
vehicle_positions_00_005820.parquet,FAIL,49956,1257,False,True,,0,,,0
vehicle_positions_00_005851.parquet,FAIL,50028,1258,False,True,,0,,,0
vehicle_positions_00_005921.parquet,FAIL,50079,1262,False,True,,0,,,0
vehicle_positions_00_005952.parquet,FAIL,50165,1262,False,True,,0,,,0
vehicle_positions_01_010023.parquet,FAIL,50269,1267,False,True,,0,,,0
vehicle_positions_01_010054.parquet,FAIL,50136,1264,False,True,,0,,,0
vehicle_positions_01_010124.parquet,FAIL,50172,1264,False,True,,0,,,0
vehicle_positions_01_010155.parquet,FAIL,50449,1266,False,True,,0,,,0
vehicle_positions_01_010226.parquet,FAIL,50237,1263,False,True,,0,,,0
vehicle_positions_01_010257.parquet,FAIL,50322,1265,False,True,,0,,,0
vehicle_positions_01_010328.parquet,FAIL,50345,1261,False,True,,0,,,0
vehicle_positions_01_010358.parquet,FAIL,50372,1262,False,True,,0,,,0
vehicle_positions_01_010429.parquet,FAIL,50233,1259,False,True,,0,,,0
vehicle_positions_01_010500.parquet,FAIL,50168,1257,False,True,,0,,,0
vehicle_positions_01_010531.parquet,FAIL,50286,1257,False,True,,0,,,0
vehicle_positions_01_010602.parquet,FAIL,50261,1258,False,True,,0,,,0
vehicle_positions_01_010633.parquet,FAIL,50278,1257,False,True,,0,,,0
vehicle_positions_01_010703.parquet,FAIL,50167,1259,False,True,,0,,,0
vehicle_positions_01_010734.parquet,FAIL,50070,1254,False,True,,0,,,0
vehicle_positions_01_010805.parquet,FAIL,50071,1252,False,True,,0,,,0
vehicle_positions_01_010836.parquet,FAIL,50035,1252,False,True,,0,,,0
vehicle_positions_01_010906.parquet,FAIL,49959,1249,False,True,,0,,,0
vehicle_positions_01_010937.parquet,FAIL,50097,1249,False,True,,0,,,0
vehicle_positions_01_011008.parquet,FAIL,49864,1247,False,True,,0,,,0
vehicle_positions_01_011038.parquet,FAIL,49766,1241,False,True,,0,,,0
vehicle_positions_01_011109.parquet,FAIL,49718,1242,False,True,,0,,,0
vehicle_positions_01_011140.parquet,FAIL,49549,1238,False,True,,0,,,0
vehicle_positions_01_011210.parquet,FAIL,49664,1236,False,True,,0,,,0
vehicle_positions_01_011241.parquet,FAIL,49407,1230,False,True,,0,,,0
vehicle_positions_01_011312.parquet,FAIL,49338,1230,False,True,,0,,,0
vehicle_positions_01_011343.parquet,FAIL,49010,1219,False,True,,0,,,0
vehicle_positions_01_011413.parquet,FAIL,48884,1216,False,True,,0,,,0
vehicle_positions_01_011444.parquet,FAIL,48625,1211,False,True,,0,,,0
vehicle_positions_01_011515.parquet,FAIL,48593,1210,False,True,,0,,,0
vehicle_positions_01_011545.parquet,FAIL,48465,1208,False,True,,0,,,0
vehicle_positions_01_011617.parquet,FAIL,48414,1206,False,True,,0,,,0
vehicle_positions_01_011648.parquet,FAIL,48219,1201,False,True,,0,,,0
vehicle_positions_01_011718.parquet,FAIL,48323,1203,False,True,,0,,,0
vehicle_positions_01_011749.parquet,FAIL,48352,1201,False,True,,0,,,0
vehicle_positions_01_011820.parquet,FAIL,48109,1200,False,True,,0,,,0
vehicle_positions_01_011851.parquet,FAIL,48119,1199,False,True,,0,,,0
vehicle_positions_01_011921.parquet,FAIL,48100,1198,False,True,,0,,,0
vehicle_positions_01_011952.parquet,FAIL,48088,1195,False,True,,0,,,0
vehicle_positions_01_012023.parquet,FAIL,48045,1192,False,True,,0,,,0
vehicle_positions_01_012054.parquet,FAIL,47944,1191,False,True,,0,,,0
vehicle_positions_01_012124.parquet,FAIL,47967,1190,False,True,,0,,,0
vehicle_positions_01_012155.parquet,FAIL,48020,1193,False,True,,0,,,0
vehicle_positions_01_012226.parquet,FAIL,47855,1189,False,True,,0,,,0
vehicle_positions_01_012257.parquet,FAIL,47849,1188,False,True,,0,,,0
vehicle_positions_01_012327.parquet,FAIL,47905,1185,False,True,,0,,,0
vehicle_positions_01_012358.parquet,FAIL,47758,1185,False,True,,0,,,0
vehicle_positions_01_012429.parquet,FAIL,47742,1185,False,True,,0,,,0
vehicle_positions_01_012500.parquet,FAIL,47739,1183,False,True,,0,,,0
vehicle_positions_01_012531.parquet,FAIL,47691,1182,False,True,,0,,,0
vehicle_positions_01_012602.parquet,FAIL,47733,1180,False,True,,0,,,0
vehicle_positions_01_012632.parquet,FAIL,47445,1175,False,True,,0,,,0
vehicle_positions_01_012703.parquet,FAIL,47523,1174,False,True,,0,,,0
vehicle_positions_01_012734.parquet,FAIL,47495,1173,False,True,,0,,,0
vehicle_positions_01_012804.parquet,FAIL,47485,1174,False,True,,0,,,0
vehicle_positions_01_012835.parquet,FAIL,47279,1167,False,True,,0,,,0
vehicle_positions_01_012906.parquet,FAIL,47085,1167,False,True,,0,,,0
vehicle_positions_01_012937.parquet,FAIL,47192,1164,False,True,,0,,,0
vehicle_positions_01_013008.parquet,FAIL,47077,1159,False,True,,0,,,0
vehicle_positions_01_013038.parquet,FAIL,46925,1153,False,True,,0,,,0
vehicle_positions_01_013110.parquet,FAIL,46751,1151,False,True,,0,,,0
vehicle_positions_01_013141.parquet,FAIL,46663,1148,False,True,,0,,,0
vehicle_positions_01_013211.parquet,FAIL,46603,1146,False,True,,0,,,0
vehicle_positions_01_013242.parquet,FAIL,46638,1146,False,True,,0,,,0
vehicle_positions_01_013313.parquet,FAIL,46709,1146,False,True,,0,,,0
vehicle_positions_01_013344.parquet,FAIL,46734,1145,False,True,,0,,,0
vehicle_positions_01_013414.parquet,FAIL,46657,1143,False,True,,0,,,0
vehicle_positions_01_013445.parquet,FAIL,46558,1138,False,True,,0,,,0
vehicle_positions_01_013516.parquet,FAIL,46392,1135,False,True,,0,,,0
vehicle_positions_01_013546.parquet,FAIL,46244,1132,False,True,,0,,,0
vehicle_positions_01_013617.parquet,FAIL,46224,1131,False,True,,0,,,0
vehicle_positions_01_013648.parquet,FAIL,45894,1122,False,True,,0,,,0
vehicle_positions_01_013718.parquet,FAIL,45828,1121,False,True,,0,,,0
vehicle_positions_01_013749.parquet,FAIL,45685,1121,False,True,,0,,,0
vehicle_positions_01_013820.parquet,FAIL,45845,1120,False,True,,0,,,0
vehicle_positions_01_013851.parquet,FAIL,46099,1124,False,True,,0,,,0
vehicle_positions_01_013921.parquet,FAIL,45853,1118,False,True,,0,,,0
vehicle_positions_01_013952.parquet,FAIL,45774,1115,False,True,,0,,,0
vehicle_positions_01_014023.parquet,FAIL,45405,1108,False,True,,0,,,0
vehicle_positions_01_014054.parquet,FAIL,45307,1107,False,True,,0,,,0
vehicle_positions_01_014124.parquet,FAIL,45120,1102,False,True,,0,,,0
vehicle_positions_01_014155.parquet,FAIL,45300,1101,False,True,,0,,,0
vehicle_positions_01_014226.parquet,FAIL,45087,1098,False,True,,0,,,0
vehicle_positions_01_014256.parquet,FAIL,44958,1096,False,True,,0,,,0
vehicle_positions_01_014327.parquet,FAIL,44963,1093,False,True,,0,,,0
vehicle_positions_01_014358.parquet,FAIL,44883,1090,False,True,,0,,,0
vehicle_positions_01_014429.parquet,FAIL,44705,1088,False,True,,0,,,0
vehicle_positions_01_014459.parquet,FAIL,44689,1086,False,True,,0,,,0
vehicle_positions_01_014530.parquet,FAIL,44755,1085,False,True,,0,,,0
vehicle_positions_01_014601.parquet,FAIL,44530,1080,False,True,,0,,,0
vehicle_positions_01_014632.parquet,FAIL,44390,1076,False,True,,0,,,0
vehicle_positions_01_014702.parquet,FAIL,44324,1074,False,True,,0,,,0
vehicle_positions_01_014733.parquet,FAIL,44357,1073,False,True,,0,,,0
vehicle_positions_01_014804.parquet,FAIL,44103,1070,False,True,,0,,,0
vehicle_positions_01_014835.parquet,FAIL,44046,1066,False,True,,0,,,0
vehicle_positions_01_014905.parquet,FAIL,44011,1069,False,True,,0,,,0
vehicle_positions_01_014936.parquet,FAIL,43895,1065,False,True,,0,,,0
vehicle_positions_01_015007.parquet,FAIL,43846,1063,False,True,,0,,,0
vehicle_positions_01_015037.parquet,FAIL,43668,1060,False,True,,0,,,0
vehicle_positions_01_015108.parquet,FAIL,43540,1055,False,True,,0,,,0
vehicle_positions_01_015139.parquet,FAIL,43567,1052,False,True,,0,,,0
vehicle_positions_01_015209.parquet,FAIL,43429,1049,False,True,,0,,,0
vehicle_positions_01_015240.parquet,FAIL,43189,1046,False,True,,0,,,0
vehicle_positions_01_015311.parquet,FAIL,43176,1041,False,True,,0,,,0
vehicle_positions_01_015341.parquet,FAIL,43040,1040,False,True,,0,,,0
vehicle_positions_01_015412.parquet,FAIL,42956,1037,False,True,,0,,,0
vehicle_positions_01_015443.parquet,FAIL,42852,1038,False,True,,0,,,0
vehicle_positions_01_015514.parquet,FAIL,42711,1031,False,True,,0,,,0
vehicle_positions_01_015544.parquet,FAIL,42603,1031,False,True,,0,,,0
vehicle_positions_01_015615.parquet,FAIL,42614,1029,False,True,,0,,,0
vehicle_positions_01_015646.parquet,FAIL,42667,1027,False,True,,0,,,0
vehicle_positions_01_015716.parquet,FAIL,42104,1022,False,True,,0,,,0
vehicle_positions_01_015747.parquet,FAIL,41933,1016,False,True,,0,,,0
vehicle_positions_01_015818.parquet,FAIL,41712,1012,False,True,,0,,,0
vehicle_positions_01_015848.parquet,FAIL,41575,1009,False,True,,0,,,0
vehicle_positions_01_015919.parquet,FAIL,41553,1005,False,True,,0,,,0
vehicle_positions_01_015950.parquet,FAIL,41309,1000,False,True,,0,,,0
vehicle_positions_02_020021.parquet,FAIL,41429,1004,False,True,,0,,,0
vehicle_positions_02_020052.parquet,FAIL,41308,1000,False,True,,0,,,0
vehicle_positions_02_020123.parquet,FAIL,41155,996,False,True,,0,,,0
vehicle_positions_02_020153.parquet,FAIL,41189,998,False,True,,0,,,0
vehicle_positions_02_020224.parquet,FAIL,41045,993,False,True,,0,,,0
vehicle_positions_02_020255.parquet,FAIL,40972,990,False,True,,0,,,0
vehicle_positions_02_020325.parquet,FAIL,40815,987,False,True,,0,,,0
vehicle_positions_02_020356.parquet,FAIL,40793,987,False,True,,0,,,0
vehicle_positions_02_020427.parquet,FAIL,40663,983,False,True,,0,,,0
vehicle_positions_02_020457.parquet,FAIL,40776,983,False,True,,0,,,0
vehicle_positions_02_020528.parquet,FAIL,40859,987,False,True,,0,,,0
vehicle_positions_02_020559.parquet,FAIL,40923,986,False,True,,0,,,0
vehicle_positions_02_020630.parquet,FAIL,40803,980,False,True,,0,,,0
vehicle_positions_02_020700.parquet,FAIL,40814,982,False,True,,0,,,0
vehicle_positions_02_020732.parquet,FAIL,40856,982,False,True,,0,,,0
vehicle_positions_02_020804.parquet,FAIL,40892,982,False,True,,0,,,0
vehicle_positions_02_020834.parquet,FAIL,40575,974,False,True,,0,,,0
vehicle_positions_02_020905.parquet,FAIL,40428,970,False,True,,0,,,0
vehicle_positions_02_020937.parquet,FAIL,40620,972,False,True,,0,,,0
vehicle_positions_02_021008.parquet,FAIL,40476,971,False,True,,0,,,0
vehicle_positions_02_021038.parquet,FAIL,40279,966,False,True,,0,,,0
vehicle_positions_02_021109.parquet,FAIL,40289,966,False,True,,0,,,0
vehicle_positions_02_021140.parquet,FAIL,40100,961,False,True,,0,,,0
vehicle_positions_02_021211.parquet,FAIL,40051,959,False,True,,0,,,0
vehicle_positions_02_021241.parquet,FAIL,39898,953,False,True,,0,,,0
vehicle_positions_02_021312.parquet,FAIL,39718,946,False,True,,0,,,0
vehicle_positions_02_021343.parquet,FAIL,39553,944,False,True,,0,,,0
vehicle_positions_02_021413.parquet,FAIL,39552,940,False,True,,0,,,0
vehicle_positions_02_021444.parquet,FAIL,39548,938,False,True,,0,,,0
vehicle_positions_02_021515.parquet,FAIL,39269,933,False,True,,0,,,0
vehicle_positions_02_021545.parquet,FAIL,39242,930,False,True,,0,,,0
vehicle_positions_02_021616.parquet,FAIL,39049,924,False,True,,0,,,0
vehicle_positions_02_021647.parquet,FAIL,38741,918,False,True,,0,,,0
vehicle_positions_02_021717.parquet,FAIL,38719,915,False,True,,0,,,0
vehicle_positions_02_021748.parquet,FAIL,38441,910,False,True,,0,,,0
vehicle_positions_02_021819.parquet,FAIL,38339,905,False,True,,0,,,0
vehicle_positions_02_021850.parquet,FAIL,38228,901,False,True,,0,,,0
vehicle_positions_02_021920.parquet,FAIL,38418,902,False,True,,0,,,0
vehicle_positions_02_021951.parquet,FAIL,38479,905,False,True,,0,,,0
vehicle_positions_02_022022.parquet,FAIL,38296,900,False,True,,0,,,0
vehicle_positions_02_022052.parquet,FAIL,38146,894,False,True,,0,,,0
vehicle_positions_02_022123.parquet,FAIL,37755,889,False,True,,0,,,0
vehicle_positions_02_022154.parquet,FAIL,37603,887,False,True,,0,,,0
vehicle_positions_02_022224.parquet,FAIL,37445,883,False,True,,0,,,0
vehicle_positions_02_022255.parquet,FAIL,37278,883,False,True,,0,,,0
vehicle_positions_02_022326.parquet,FAIL,37253,878,False,True,,0,,,0
vehicle_positions_02_022356.parquet,FAIL,37168,879,False,True,,0,,,0
vehicle_positions_02_022427.parquet,FAIL,36868,874,False,True,,0,,,0
vehicle_positions_02_022458.parquet,FAIL,36763,869,False,True,,0,,,0
vehicle_positions_02_022528.parquet,FAIL,36644,865,False,True,,0,,,0
vehicle_positions_02_022559.parquet,FAIL,36539,862,False,True,,0,,,0
vehicle_positions_02_022630.parquet,FAIL,36601,864,False,True,,0,,,0
vehicle_positions_02_022700.parquet,FAIL,36763,862,False,True,,0,,,0
vehicle_positions_02_022731.parquet,FAIL,36662,861,False,True,,0,,,0
vehicle_positions_02_022802.parquet,FAIL,36675,860,False,True,,0,,,0
vehicle_positions_02_022832.parquet,FAIL,36506,855,False,True,,0,,,0
vehicle_positions_02_022903.parquet,FAIL,36364,848,False,True,,0,,,0
vehicle_positions_02_022934.parquet,FAIL,36133,842,False,True,,0,,,0
vehicle_positions_02_023004.parquet,FAIL,36260,846,False,True,,0,,,0
vehicle_positions_02_023035.parquet,FAIL,36404,850,False,True,,0,,,0
vehicle_positions_02_023106.parquet,FAIL,36100,841,False,True,,0,,,0
vehicle_positions_02_023136.parquet,FAIL,36180,844,False,True,,0,,,0
vehicle_positions_02_023207.parquet,FAIL,35886,835,False,True,,0,,,0
vehicle_positions_02_023238.parquet,FAIL,35773,833,False,True,,0,,,0
vehicle_positions_02_023308.parquet,FAIL,36001,833,False,True,,0,,,0
vehicle_positions_02_023339.parquet,FAIL,35839,831,False,True,,0,,,0
vehicle_positions_02_023410.parquet,FAIL,35851,832,False,True,,0,,,0
vehicle_positions_02_023440.parquet,FAIL,35914,832,False,True,,0,,,0
vehicle_positions_02_023511.parquet,FAIL,35903,831,False,True,,0,,,0
vehicle_positions_02_023542.parquet,FAIL,35807,828,False,True,,0,,,0
vehicle_positions_02_023612.parquet,FAIL,35795,828,False,True,,0,,,0
vehicle_positions_02_023643.parquet,FAIL,35692,826,False,True,,0,,,0
vehicle_positions_02_023714.parquet,FAIL,35731,825,False,True,,0,,,0
vehicle_positions_02_023744.parquet,FAIL,35283,816,False,True,,0,,,0
vehicle_positions_02_023815.parquet,FAIL,35257,811,False,True,,0,,,0
vehicle_positions_02_023846.parquet,FAIL,35110,808,False,True,,0,,,0
vehicle_positions_02_023916.parquet,FAIL,35112,808,False,True,,0,,,0
vehicle_positions_02_023947.parquet,FAIL,35038,807,False,True,,0,,,0
vehicle_positions_02_024018.parquet,FAIL,35115,805,False,True,,0,,,0
vehicle_positions_02_024048.parquet,FAIL,34969,802,False,True,,0,,,0
vehicle_positions_02_024119.parquet,FAIL,35091,802,False,True,,0,,,0
vehicle_positions_02_024150.parquet,FAIL,34857,798,False,True,,0,,,0
vehicle_positions_02_024220.parquet,FAIL,34651,792,False,True,,0,,,0
vehicle_positions_02_024251.parquet,FAIL,34587,788,False,True,,0,,,0
vehicle_positions_02_024322.parquet,FAIL,34568,787,False,True,,0,,,0
vehicle_positions_02_024352.parquet,FAIL,34213,780,False,True,,0,,,0
vehicle_positions_02_024423.parquet,FAIL,34183,778,False,True,,0,,,0
vehicle_positions_02_024454.parquet,FAIL,34080,776,False,True,,0,,,0
vehicle_positions_02_024524.parquet,FAIL,34036,774,False,True,,0,,,0
vehicle_positions_02_024555.parquet,FAIL,33961,774,False,True,,0,,,0
vehicle_positions_02_024626.parquet,FAIL,33984,773,False,True,,0,,,0
vehicle_positions_02_024656.parquet,FAIL,34011,774,False,True,,0,,,0
vehicle_positions_02_024727.parquet,FAIL,34050,772,False,True,,0,,,0
vehicle_positions_02_024757.parquet,FAIL,33984,768,False,True,,0,,,0
vehicle_positions_02_024828.parquet,FAIL,33703,766,False,True,,0,,,0
vehicle_positions_02_024859.parquet,FAIL,33808,764,False,True,,0,,,0
vehicle_positions_02_024929.parquet,FAIL,33535,759,False,True,,0,,,0
vehicle_positions_02_025000.parquet,FAIL,33546,757,False,True,,0,,,0
vehicle_positions_02_025031.parquet,FAIL,33577,760,False,True,,0,,,0
vehicle_positions_02_025101.parquet,FAIL,33544,757,False,True,,0,,,0
vehicle_positions_02_025132.parquet,FAIL,33588,755,False,True,,0,,,0
vehicle_positions_02_025203.parquet,FAIL,33616,754,False,True,,0,,,0
vehicle_positions_02_025233.parquet,FAIL,33358,749,False,True,,0,,,0
vehicle_positions_02_025304.parquet,FAIL,33437,750,False,True,,0,,,0
vehicle_positions_02_025334.parquet,FAIL,33392,750,False,True,,0,,,0
vehicle_positions_02_025405.parquet,FAIL,33226,748,False,True,,0,,,0
vehicle_positions_02_025436.parquet,FAIL,33183,746,False,True,,0,,,0
vehicle_positions_02_025506.parquet,FAIL,33250,746,False,True,,0,,,0
vehicle_positions_02_025537.parquet,FAIL,33128,746,False,True,,0,,,0
vehicle_positions_02_025607.parquet,FAIL,32915,740,False,True,,0,,,0
vehicle_positions_02_025638.parquet,FAIL,32858,737,False,True,,0,,,0
vehicle_positions_02_025709.parquet,FAIL,32502,736,False,True,,0,,,0
vehicle_positions_02_025739.parquet,FAIL,32756,735,False,True,,0,,,0
vehicle_positions_02_025810.parquet,FAIL,32499,731,False,True,,0,,,0
vehicle_positions_02_025841.parquet,FAIL,32490,730,False,True,,0,,,0
vehicle_positions_02_025911.parquet,FAIL,32683,732,False,True,,0,,,0
vehicle_positions_02_025942.parquet,FAIL,32650,733,False,True,,0,,,0
vehicle_positions_03_030013.parquet,FAIL,32568,729,False,True,,0,,,0
vehicle_positions_03_030043.parquet,FAIL,32503,731,False,True,,0,,,0
vehicle_positions_03_030114.parquet,FAIL,32515,731,False,True,,0,,,0
vehicle_positions_03_030144.parquet,FAIL,32267,724,False,True,,0,,,0
vehicle_positions_03_030215.parquet,FAIL,32349,722,False,True,,0,,,0
vehicle_positions_03_030246.parquet,FAIL,32029,718,False,True,,0,,,0
vehicle_positions_03_030317.parquet,FAIL,32045,718,False,True,,0,,,0
vehicle_positions_03_030347.parquet,FAIL,31986,717,False,True,,0,,,0
vehicle_positions_03_030418.parquet,FAIL,32215,718,False,True,,0,,,0
vehicle_positions_03_030449.parquet,FAIL,32171,717,False,True,,0,,,0
vehicle_positions_03_030519.parquet,FAIL,31973,714,False,True,,0,,,0
vehicle_positions_03_030550.parquet,FAIL,31763,710,False,True,,0,,,0
vehicle_positions_03_030621.parquet,FAIL,31836,708,False,True,,0,,,0
vehicle_positions_03_030651.parquet,FAIL,31806,706,False,True,,0,,,0
vehicle_positions_03_030722.parquet,FAIL,31587,704,False,True,,0,,,0
vehicle_positions_03_030753.parquet,FAIL,31387,701,False,True,,0,,,0
vehicle_positions_03_030823.parquet,FAIL,31459,701,False,True,,0,,,0
vehicle_positions_03_030854.parquet,FAIL,31448,700,False,True,,0,,,0
vehicle_positions_03_030925.parquet,FAIL,31395,701,False,True,,0,,,0
vehicle_positions_03_030955.parquet,FAIL,31216,696,False,True,,0,,,0
vehicle_positions_03_031026.parquet,FAIL,31355,697,False,True,,0,,,0
vehicle_positions_03_031057.parquet,FAIL,31451,697,False,True,,0,,,0
vehicle_positions_03_031127.parquet,FAIL,31204,695,False,True,,0,,,0
vehicle_positions_03_031158.parquet,FAIL,31208,693,False,True,,0,,,0
vehicle_positions_03_031229.parquet,FAIL,31095,692,False,True,,0,,,0
vehicle_positions_03_031259.parquet,FAIL,31121,691,False,True,,0,,,0
vehicle_positions_03_031330.parquet,FAIL,31197,692,False,True,,0,,,0
vehicle_positions_03_031401.parquet,FAIL,31268,693,False,True,,0,,,0
vehicle_positions_03_031431.parquet,FAIL,31147,692,False,True,,0,,,0
vehicle_positions_03_031502.parquet,FAIL,30896,688,False,True,,0,,,0
vehicle_positions_03_031533.parquet,FAIL,30924,688,False,True,,0,,,0
vehicle_positions_03_031603.parquet,FAIL,30909,687,False,True,,0,,,0
vehicle_positions_03_031634.parquet,FAIL,30756,683,False,True,,0,,,0
vehicle_positions_03_031705.parquet,FAIL,30847,683,False,True,,0,,,0
vehicle_positions_03_031736.parquet,FAIL,30921,682,False,True,,0,,,0
vehicle_positions_03_031806.parquet,FAIL,30780,682,False,True,,0,,,0
vehicle_positions_03_031837.parquet,FAIL,30865,682,False,True,,0,,,0
vehicle_positions_03_031907.parquet,FAIL,30934,681,False,True,,0,,,0
vehicle_positions_03_031938.parquet,FAIL,30812,680,False,True,,0,,,0
vehicle_positions_03_032009.parquet,FAIL,30787,680,False,True,,0,,,0
vehicle_positions_03_032039.parquet,FAIL,30739,680,False,True,,0,,,0
vehicle_positions_03_032110.parquet,FAIL,30592,677,False,True,,0,,,0
vehicle_positions_03_032141.parquet,FAIL,30659,675,False,True,,0,,,0
vehicle_positions_03_032211.parquet,FAIL,30578,677,False,True,,0,,,0
vehicle_positions_03_032242.parquet,FAIL,30586,673,False,True,,0,,,0
vehicle_positions_03_032313.parquet,FAIL,30473,673,False,True,,0,,,0
vehicle_positions_03_032343.parquet,FAIL,30507,673,False,True,,0,,,0
vehicle_positions_03_032414.parquet,FAIL,30686,674,False,True,,0,,,0
vehicle_positions_03_032445.parquet,FAIL,30602,678,False,True,,0,,,0
vehicle_positions_03_032515.parquet,FAIL,30662,676,False,True,,0,,,0
vehicle_positions_03_032546.parquet,FAIL,30697,675,False,True,,0,,,0
vehicle_positions_03_032616.parquet,FAIL,30528,672,False,True,,0,,,0
vehicle_positions_03_032647.parquet,FAIL,30464,669,False,True,,0,,,0
vehicle_positions_03_032718.parquet,FAIL,30382,669,False,True,,0,,,0
vehicle_positions_03_032748.parquet,FAIL,30351,669,False,True,,0,,,0
vehicle_positions_03_032819.parquet,FAIL,30512,670,False,True,,0,,,0
vehicle_positions_03_032850.parquet,FAIL,30475,671,False,True,,0,,,0
vehicle_positions_03_032920.parquet,FAIL,30488,667,False,True,,0,,,0
vehicle_positions_03_032951.parquet,FAIL,30349,666,False,True,,0,,,0
vehicle_positions_03_033021.parquet,FAIL,30472,670,False,True,,0,,,0
vehicle_positions_03_033052.parquet,FAIL,30630,673,False,True,,0,,,0
vehicle_positions_03_033123.parquet,FAIL,30601,671,False,True,,0,,,0
vehicle_positions_03_033154.parquet,FAIL,30483,666,False,True,,0,,,0
vehicle_positions_03_033224.parquet,FAIL,30404,664,False,True,,0,,,0
vehicle_positions_03_033255.parquet,FAIL,30233,663,False,True,,0,,,0
vehicle_positions_03_033326.parquet,FAIL,30240,664,False,True,,0,,,0
vehicle_positions_03_033356.parquet,FAIL,30386,665,False,True,,0,,,0
vehicle_positions_03_033427.parquet,FAIL,30175,662,False,True,,0,,,0
vehicle_positions_03_033457.parquet,FAIL,30162,661,False,True,,0,,,0
vehicle_positions_03_033528.parquet,FAIL,30149,659,False,True,,0,,,0
vehicle_positions_03_033559.parquet,FAIL,30140,659,False,True,,0,,,0
vehicle_positions_03_033629.parquet,FAIL,30016,657,False,True,,0,,,0
vehicle_positions_03_033700.parquet,FAIL,29995,656,False,True,,0,,,0
vehicle_positions_03_033731.parquet,FAIL,29940,654,False,True,,0,,,0
vehicle_positions_03_033802.parquet,FAIL,29969,653,False,True,,0,,,0
vehicle_positions_03_033832.parquet,FAIL,29775,652,False,True,,0,,,0
vehicle_positions_03_033903.parquet,FAIL,29715,650,False,True,,0,,,0
vehicle_positions_03_033933.parquet,FAIL,29815,649,False,True,,0,,,0
vehicle_positions_03_034004.parquet,FAIL,29560,647,False,True,,0,,,0
vehicle_positions_03_034035.parquet,FAIL,29669,647,False,True,,0,,,0
vehicle_positions_03_034106.parquet,FAIL,29561,644,False,True,,0,,,0
vehicle_positions_03_034137.parquet,FAIL,29552,645,False,True,,0,,,0
vehicle_positions_03_034207.parquet,FAIL,29641,645,False,True,,0,,,0
vehicle_positions_03_034238.parquet,FAIL,29558,646,False,True,,0,,,0
vehicle_positions_03_034308.parquet,FAIL,29670,646,False,True,,0,,,0
vehicle_positions_03_034339.parquet,FAIL,29739,644,False,True,,0,,,0
vehicle_positions_03_034410.parquet,FAIL,29608,641,False,True,,0,,,0
vehicle_positions_03_034440.parquet,FAIL,29408,639,False,True,,0,,,0
vehicle_positions_03_034511.parquet,FAIL,29267,637,False,True,,0,,,0
vehicle_positions_03_034542.parquet,FAIL,29384,639,False,True,,0,,,0
vehicle_positions_03_034612.parquet,FAIL,29303,639,False,True,,0,,,0
vehicle_positions_03_034643.parquet,FAIL,29259,637,False,True,,0,,,0
vehicle_positions_03_034713.parquet,FAIL,29316,635,False,True,,0,,,0
vehicle_positions_03_034744.parquet,FAIL,29306,634,False,True,,0,,,0
vehicle_positions_03_034815.parquet,FAIL,29352,634,False,True,,0,,,0
vehicle_positions_03_034846.parquet,FAIL,29310,635,False,True,,0,,,0
vehicle_positions_03_034916.parquet,FAIL,29139,628,False,True,,0,,,0
vehicle_positions_03_034947.parquet,FAIL,28852,623,False,True,,0,,,0
vehicle_positions_03_035017.parquet,FAIL,28975,624,False,True,,0,,,0
vehicle_positions_03_035048.parquet,FAIL,28792,620,False,True,,0,,,0
vehicle_positions_03_035119.parquet,FAIL,28744,618,False,True,,0,,,0
vehicle_positions_03_035149.parquet,FAIL,28662,618,False,True,,0,,,0
vehicle_positions_03_035220.parquet,FAIL,28549,615,False,True,,0,,,0
vehicle_positions_03_035251.parquet,FAIL,28681,617,False,True,,0,,,0
vehicle_positions_03_035321.parquet,FAIL,28666,616,False,True,,0,,,0
vehicle_positions_03_035352.parquet,FAIL,28724,617,False,True,,0,,,0
vehicle_positions_03_035423.parquet,FAIL,28701,618,False,True,,0,,,0
vehicle_positions_03_035453.parquet,FAIL,28546,615,False,True,,0,,,0
vehicle_positions_03_035524.parquet,FAIL,28680,616,False,True,,0,,,0
vehicle_positions_03_035554.parquet,FAIL,28795,619,False,True,,0,,,0
vehicle_positions_03_035625.parquet,FAIL,28739,618,False,True,,0,,,0
vehicle_positions_03_035656.parquet,FAIL,28757,617,False,True,,0,,,0
vehicle_positions_03_035726.parquet,FAIL,28694,614,False,True,,0,,,0
vehicle_positions_03_035757.parquet,FAIL,28650,615,False,True,,0,,,0
vehicle_positions_03_035828.parquet,FAIL,28579,614,False,True,,0,,,0
vehicle_positions_03_035858.parquet,FAIL,28705,614,False,True,,0,,,0
vehicle_positions_03_035929.parquet,FAIL,28612,612,False,True,,0,,,0
vehicle_positions_04_040000.parquet,FAIL,28572,612,False,True,,0,,,0
vehicle_positions_04_040030.parquet,FAIL,28587,612,False,True,,0,,,0
vehicle_positions_04_040102.parquet,FAIL,28597,613,False,True,,0,,,0
vehicle_positions_04_040132.parquet,FAIL,28665,615,False,True,,0,,,0
vehicle_positions_04_040203.parquet,FAIL,28599,613,False,True,,0,,,0
vehicle_positions_04_040233.parquet,FAIL,28640,613,False,True,,0,,,0
vehicle_positions_04_040304.parquet,FAIL,28584,613,False,True,,0,,,0
vehicle_positions_04_040335.parquet,FAIL,28331,608,False,True,,0,,,0
vehicle_positions_04_040405.parquet,FAIL,28350,608,False,True,,0,,,0
vehicle_positions_04_040436.parquet,FAIL,28363,608,False,True,,0,,,0
vehicle_positions_04_040507.parquet,FAIL,28360,608,False,True,,0,,,0
vehicle_positions_04_040537.parquet,FAIL,28579,612,False,True,,0,,,0
vehicle_positions_04_040608.parquet,FAIL,28616,612,False,True,,0,,,0
vehicle_positions_04_040639.parquet,FAIL,28495,608,False,True,,0,,,0
vehicle_positions_04_040709.parquet,FAIL,28378,608,False,True,,0,,,0
vehicle_positions_04_040740.parquet,FAIL,28388,606,False,True,,0,,,0
vehicle_positions_04_040810.parquet,FAIL,28242,604,False,True,,0,,,0
vehicle_positions_04_040841.parquet,FAIL,28164,602,False,True,,0,,,0
vehicle_positions_04_040912.parquet,FAIL,28176,600,False,True,,0,,,0
vehicle_positions_04_040942.parquet,FAIL,28266,603,False,True,,0,,,0
vehicle_positions_04_041013.parquet,FAIL,28099,600,False,True,,0,,,0
vehicle_positions_04_041044.parquet,FAIL,28090,600,False,True,,0,,,0
vehicle_positions_04_041114.parquet,FAIL,27990,599,False,True,,0,,,0
vehicle_positions_04_041145.parquet,FAIL,27921,597,False,True,,0,,,0
vehicle_positions_04_041216.parquet,FAIL,27985,596,False,True,,0,,,0
vehicle_positions_04_041246.parquet,FAIL,28004,598,False,True,,0,,,0
vehicle_positions_04_041317.parquet,FAIL,27997,595,False,True,,0,,,0
vehicle_positions_04_041348.parquet,FAIL,27915,593,False,True,,0,,,0
vehicle_positions_04_041418.parquet,FAIL,27730,591,False,True,,0,,,0
vehicle_positions_04_041449.parquet,FAIL,27852,590,False,True,,0,,,0
vehicle_positions_04_041520.parquet,FAIL,27752,592,False,True,,0,,,0
vehicle_positions_04_041551.parquet,FAIL,27851,592,False,True,,0,,,0
vehicle_positions_04_041621.parquet,FAIL,27816,591,False,True,,0,,,0
vehicle_positions_04_041652.parquet,FAIL,27703,588,False,True,,0,,,0
vehicle_positions_04_041723.parquet,FAIL,27691,588,False,True,,0,,,0
vehicle_positions_04_041753.parquet,FAIL,27868,587,False,True,,0,,,0
vehicle_positions_04_041824.parquet,FAIL,27797,588,False,True,,0,,,0
vehicle_positions_04_041855.parquet,FAIL,27709,585,False,True,,0,,,0
vehicle_positions_04_041925.parquet,FAIL,27594,584,False,True,,0,,,0
vehicle_positions_04_041956.parquet,FAIL,27678,586,False,True,,0,,,0
vehicle_positions_04_042026.parquet,FAIL,27744,587,False,True,,0,,,0
vehicle_positions_04_042057.parquet,FAIL,27789,589,False,True,,0,,,0
vehicle_positions_04_042128.parquet,FAIL,27719,589,False,True,,0,,,0
vehicle_positions_04_042158.parquet,FAIL,27709,589,False,True,,0,,,0
vehicle_positions_04_042229.parquet,FAIL,27842,589,False,True,,0,,,0
vehicle_positions_04_042300.parquet,FAIL,27569,584,False,True,,0,,,0
vehicle_positions_04_042330.parquet,FAIL,27652,584,False,True,,0,,,0
vehicle_positions_04_042401.parquet,FAIL,27580,582,False,True,,0,,,0
vehicle_positions_04_042432.parquet,FAIL,27259,575,False,True,,0,,,0
vehicle_positions_04_042502.parquet,FAIL,27288,574,False,True,,0,,,0
vehicle_positions_04_042533.parquet,FAIL,27339,574,False,True,,0,,,0
vehicle_positions_04_042604.parquet,FAIL,27267,575,False,True,,0,,,0
vehicle_positions_04_042634.parquet,FAIL,27285,571,False,True,,0,,,0
vehicle_positions_04_042705.parquet,FAIL,27271,571,False,True,,0,,,0
vehicle_positions_04_042736.parquet,FAIL,27057,566,False,True,,0,,,0
vehicle_positions_04_042806.parquet,FAIL,26974,565,False,True,,0,,,0
vehicle_positions_04_042837.parquet,FAIL,27119,567,False,True,,0,,,0
vehicle_positions_04_042908.parquet,FAIL,26974,564,False,True,,0,,,0
vehicle_positions_04_042938.parquet,FAIL,27077,564,False,True,,0,,,0
vehicle_positions_04_043009.parquet,FAIL,27134,565,False,True,,0,,,0
vehicle_positions_04_043039.parquet,FAIL,27086,566,False,True,,0,,,0
vehicle_positions_04_043110.parquet,FAIL,27063,565,False,True,,0,,,0
vehicle_positions_04_043141.parquet,FAIL,27019,565,False,True,,0,,,0
vehicle_positions_04_043211.parquet,FAIL,27142,565,False,True,,0,,,0
vehicle_positions_04_043242.parquet,FAIL,26772,560,False,True,,0,,,0
vehicle_positions_04_043313.parquet,FAIL,26806,556,False,True,,0,,,0
vehicle_positions_04_043343.parquet,FAIL,26853,556,False,True,,0,,,0
vehicle_positions_04_043414.parquet,FAIL,26732,557,False,True,,0,,,0
vehicle_positions_04_043445.parquet,FAIL,26664,554,False,True,,0,,,0
vehicle_positions_04_043515.parquet,FAIL,26756,553,False,True,,0,,,0
vehicle_positions_04_043547.parquet,FAIL,26571,552,False,True,,0,,,0
vehicle_positions_04_043617.parquet,FAIL,26534,550,False,True,,0,,,0
vehicle_positions_04_043648.parquet,FAIL,26464,549,False,True,,0,,,0
vehicle_positions_04_043719.parquet,FAIL,26577,549,False,True,,0,,,0
vehicle_positions_04_043749.parquet,FAIL,26487,548,False,True,,0,,,0
vehicle_positions_04_043820.parquet,FAIL,26428,547,False,True,,0,,,0
vehicle_positions_04_043851.parquet,FAIL,26444,546,False,True,,0,,,0
vehicle_positions_04_043921.parquet,FAIL,26414,545,False,True,,0,,,0
vehicle_positions_04_043952.parquet,FAIL,26448,545,False,True,,0,,,0
vehicle_positions_04_044023.parquet,FAIL,26429,545,False,True,,0,,,0
vehicle_positions_04_044053.parquet,FAIL,26401,546,False,True,,0,,,0
vehicle_positions_04_044124.parquet,FAIL,26377,547,False,True,,0,,,0
vehicle_positions_04_044155.parquet,FAIL,26258,545,False,True,,0,,,0
vehicle_positions_04_044225.parquet,FAIL,26301,545,False,True,,0,,,0
vehicle_positions_04_044256.parquet,FAIL,26299,544,False,True,,0,,,0
vehicle_positions_04_044327.parquet,FAIL,26316,542,False,True,,0,,,0
vehicle_positions_04_044357.parquet,FAIL,26363,544,False,True,,0,,,0
vehicle_positions_04_044428.parquet,FAIL,26451,544,False,True,,0,,,0
vehicle_positions_04_044459.parquet,FAIL,26427,546,False,True,,0,,,0
vehicle_positions_04_044529.parquet,FAIL,26545,547,False,True,,0,,,0
vehicle_positions_04_044600.parquet,FAIL,26523,548,False,True,,0,,,0
vehicle_positions_04_044631.parquet,FAIL,26500,547,False,True,,0,,,0
vehicle_positions_04_044701.parquet,FAIL,26605,549,False,True,,0,,,0
vehicle_positions_04_044732.parquet,FAIL,26556,548,False,True,,0,,,0
vehicle_positions_04_044802.parquet,FAIL,26330,544,False,True,,0,,,0
vehicle_positions_04_044833.parquet,FAIL,26380,542,False,True,,0,,,0
vehicle_positions_04_044904.parquet,FAIL,26328,540,False,True,,0,,,0
vehicle_positions_04_044934.parquet,FAIL,26294,540,False,True,,0,,,0
vehicle_positions_04_045005.parquet,FAIL,26257,540,False,True,,0,,,0
vehicle_positions_04_045036.parquet,FAIL,26153,538,False,True,,0,,,0
vehicle_positions_04_045106.parquet,FAIL,26172,538,False,True,,0,,,0
vehicle_positions_04_045137.parquet,FAIL,26012,534,False,True,,0,,,0
vehicle_positions_04_045208.parquet,FAIL,25921,533,False,True,,0,,,0
vehicle_positions_04_045238.parquet,FAIL,25836,532,False,True,,0,,,0
vehicle_positions_04_045309.parquet,FAIL,25620,527,False,True,,0,,,0
vehicle_positions_04_045339.parquet,FAIL,25473,523,False,True,,0,,,0
vehicle_positions_04_045410.parquet,FAIL,25514,522,False,True,,0,,,0
vehicle_positions_04_045441.parquet,FAIL,25521,522,False,True,,0,,,0
vehicle_positions_04_045511.parquet,FAIL,25463,521,False,True,,0,,,0
vehicle_positions_04_045542.parquet,FAIL,25367,519,False,True,,0,,,0
vehicle_positions_04_045613.parquet,FAIL,25430,520,False,True,,0,,,0
vehicle_positions_04_045643.parquet,FAIL,25140,516,False,True,,0,,,0
vehicle_positions_04_045714.parquet,FAIL,25254,516,False,True,,0,,,0
vehicle_positions_04_045744.parquet,FAIL,25122,515,False,True,,0,,,0
vehicle_positions_04_045815.parquet,FAIL,25084,514,False,True,,0,,,0
vehicle_positions_04_045846.parquet,FAIL,24807,512,False,True,,0,,,0
vehicle_positions_04_045916.parquet,FAIL,24811,511,False,True,,0,,,0
vehicle_positions_04_045947.parquet,FAIL,24745,509,False,True,,0,,,0
vehicle_positions_05_050018.parquet,FAIL,24876,510,False,True,,0,,,0
vehicle_positions_05_050049.parquet,FAIL,24923,512,False,True,,0,,,0
vehicle_positions_05_050119.parquet,FAIL,24882,511,False,True,,0,,,0
vehicle_positions_05_050150.parquet,FAIL,24972,511,False,True,,0,,,0
vehicle_positions_05_050221.parquet,FAIL,24862,509,False,True,,0,,,0
vehicle_positions_05_050251.parquet,FAIL,24643,504,False,True,,0,,,0
vehicle_positions_05_050322.parquet,FAIL,24706,505,False,True,,0,,,0
vehicle_positions_05_050353.parquet,FAIL,24548,503,False,True,,0,,,0
vehicle_positions_05_050423.parquet,FAIL,24602,502,False,True,,0,,,0
vehicle_positions_05_050454.parquet,FAIL,24580,503,False,True,,0,,,0
vehicle_positions_05_050525.parquet,FAIL,24538,504,False,True,,0,,,0
vehicle_positions_05_050556.parquet,FAIL,24657,504,False,True,,0,,,0
vehicle_positions_05_050627.parquet,FAIL,24628,504,False,True,,0,,,0
vehicle_positions_05_050657.parquet,FAIL,24751,507,False,True,,0,,,0
vehicle_positions_05_050728.parquet,FAIL,24748,506,False,True,,0,,,0
vehicle_positions_05_050758.parquet,FAIL,24665,503,False,True,,0,,,0
vehicle_positions_05_050829.parquet,FAIL,24597,499,False,True,,0,,,0
vehicle_positions_05_050900.parquet,FAIL,24499,500,False,True,,0,,,0
vehicle_positions_05_050930.parquet,FAIL,24443,499,False,True,,0,,,0
vehicle_positions_05_051001.parquet,FAIL,24433,499,False,True,,0,,,0
vehicle_positions_05_051032.parquet,FAIL,24281,495,False,True,,0,,,0
vehicle_positions_05_051102.parquet,FAIL,24398,494,False,True,,0,,,0
vehicle_positions_05_051133.parquet,FAIL,24352,494,False,True,,0,,,0
vehicle_positions_05_051204.parquet,FAIL,24277,493,False,True,,0,,,0
vehicle_positions_05_051234.parquet,FAIL,24241,492,False,True,,0,,,0
vehicle_positions_05_051305.parquet,FAIL,24273,494,False,True,,0,,,0
vehicle_positions_05_051338.parquet,FAIL,24252,492,False,True,,0,,,0
vehicle_positions_05_051408.parquet,FAIL,24198,491,False,True,,0,,,0
vehicle_positions_05_051439.parquet,FAIL,24322,492,False,True,,0,,,0
vehicle_positions_05_051509.parquet,FAIL,24296,490,False,True,,0,,,0
vehicle_positions_05_051540.parquet,FAIL,24181,491,False,True,,0,,,0
vehicle_positions_05_051610.parquet,FAIL,24242,491,False,True,,0,,,0
vehicle_positions_05_051641.parquet,FAIL,24010,485,False,True,,0,,,0
vehicle_positions_05_051712.parquet,FAIL,23950,484,False,True,,0,,,0
vehicle_positions_05_051742.parquet,FAIL,23985,483,False,True,,0,,,0
vehicle_positions_05_051813.parquet,FAIL,24074,483,False,True,,0,,,0
vehicle_positions_05_051843.parquet,FAIL,23955,483,False,True,,0,,,0
vehicle_positions_05_051914.parquet,FAIL,23823,480,False,True,,0,,,0
vehicle_positions_05_051944.parquet,FAIL,23774,478,False,True,,0,,,0
vehicle_positions_05_052015.parquet,FAIL,23774,478,False,True,,0,,,0
vehicle_positions_05_052046.parquet,FAIL,23634,475,False,True,,0,,,0
vehicle_positions_05_052117.parquet,FAIL,23645,476,False,True,,0,,,0
vehicle_positions_05_052147.parquet,FAIL,23611,473,False,True,,0,,,0
vehicle_positions_05_052218.parquet,FAIL,23599,472,False,True,,0,,,0
vehicle_positions_05_052248.parquet,FAIL,23594,473,False,True,,0,,,0
vehicle_positions_05_052319.parquet,FAIL,23443,471,False,True,,0,,,0
vehicle_positions_05_052350.parquet,FAIL,23467,471,False,True,,0,,,0
vehicle_positions_05_052420.parquet,FAIL,23475,470,False,True,,0,,,0
vehicle_positions_05_052451.parquet,FAIL,23391,468,False,True,,0,,,0
vehicle_positions_05_052521.parquet,FAIL,23496,469,False,True,,0,,,0
vehicle_positions_05_052552.parquet,FAIL,23426,466,False,True,,0,,,0
vehicle_positions_05_052622.parquet,FAIL,23416,465,False,True,,0,,,0
vehicle_positions_05_052653.parquet,FAIL,23431,465,False,True,,0,,,0
vehicle_positions_05_052724.parquet,FAIL,23514,466,False,True,,0,,,0
vehicle_positions_05_052754.parquet,FAIL,23512,467,False,True,,0,,,0
vehicle_positions_05_052825.parquet,FAIL,23504,468,False,True,,0,,,0
vehicle_positions_05_052855.parquet,FAIL,23472,466,False,True,,0,,,0
vehicle_positions_05_052926.parquet,FAIL,23403,465,False,True,,0,,,0
vehicle_positions_05_052956.parquet,FAIL,23501,466,False,True,,0,,,0
vehicle_positions_05_053027.parquet,FAIL,23463,467,False,True,,0,,,0
vehicle_positions_05_053058.parquet,FAIL,23480,468,False,True,,0,,,0
vehicle_positions_05_053128.parquet,FAIL,23477,466,False,True,,0,,,0
vehicle_positions_05_053159.parquet,FAIL,23431,466,False,True,,0,,,0
vehicle_positions_05_053229.parquet,FAIL,23447,465,False,True,,0,,,0
vehicle_positions_05_053300.parquet,FAIL,23337,463,False,True,,0,,,0
vehicle_positions_05_053331.parquet,FAIL,23168,458,False,True,,0,,,0
vehicle_positions_05_053401.parquet,FAIL,23045,455,False,True,,0,,,0
vehicle_positions_05_053432.parquet,FAIL,23054,455,False,True,,0,,,0
vehicle_positions_05_053503.parquet,FAIL,22967,453,False,True,,0,,,0
vehicle_positions_05_053534.parquet,FAIL,22899,451,False,True,,0,,,0
vehicle_positions_05_053604.parquet,FAIL,22937,452,False,True,,0,,,0
vehicle_positions_05_053635.parquet,FAIL,22838,450,False,True,,0,,,0
vehicle_positions_05_053706.parquet,FAIL,22973,450,False,True,,0,,,0
vehicle_positions_05_053736.parquet,FAIL,22838,448,False,True,,0,,,0
vehicle_positions_05_053807.parquet,FAIL,22661,444,False,True,,0,,,0
vehicle_positions_05_053837.parquet,FAIL,22726,444,False,True,,0,,,0
vehicle_positions_05_053908.parquet,FAIL,22566,440,False,True,,0,,,0
vehicle_positions_05_053938.parquet,FAIL,22453,437,False,True,,0,,,0
vehicle_positions_05_054009.parquet,FAIL,22304,434,False,True,,0,,,0
vehicle_positions_05_054040.parquet,FAIL,22293,434,False,True,,0,,,0
vehicle_positions_05_054110.parquet,FAIL,22346,435,False,True,,0,,,0
vehicle_positions_05_054141.parquet,FAIL,22230,433,False,True,,0,,,0
vehicle_positions_05_054212.parquet,FAIL,22287,435,False,True,,0,,,0
vehicle_positions_05_054242.parquet,FAIL,22363,435,False,True,,0,,,0
vehicle_positions_05_054313.parquet,FAIL,22353,435,False,True,,0,,,0
vehicle_positions_05_054343.parquet,FAIL,22268,435,False,True,,0,,,0
vehicle_positions_05_054414.parquet,FAIL,22308,435,False,True,,0,,,0
vehicle_positions_05_054444.parquet,FAIL,22301,435,False,True,,0,,,0
vehicle_positions_05_054515.parquet,FAIL,22221,432,False,True,,0,,,0
vehicle_positions_05_054546.parquet,FAIL,22304,433,False,True,,0,,,0
vehicle_positions_05_054616.parquet,FAIL,22248,432,False,True,,0,,,0
vehicle_positions_05_054647.parquet,FAIL,22186,430,False,True,,0,,,0
vehicle_positions_05_054717.parquet,FAIL,22070,427,False,True,,0,,,0
vehicle_positions_05_054748.parquet,FAIL,22198,428,False,True,,0,,,0
vehicle_positions_05_054819.parquet,FAIL,22041,425,False,True,,0,,,0
vehicle_positions_05_054849.parquet,FAIL,21953,424,False,True,,0,,,0
vehicle_positions_05_054920.parquet,FAIL,21864,421,False,True,,0,,,0
vehicle_positions_05_054950.parquet,FAIL,21680,421,False,True,,0,,,0
vehicle_positions_05_055021.parquet,FAIL,21754,420,False,True,,0,,,0
vehicle_positions_05_055051.parquet,FAIL,21708,419,False,True,,0,,,0
vehicle_positions_05_055122.parquet,FAIL,21502,414,False,True,,0,,,0
vehicle_positions_05_055153.parquet,FAIL,21531,414,False,True,,0,,,0
vehicle_positions_05_055223.parquet,FAIL,21525,414,False,True,,0,,,0
vehicle_positions_05_055254.parquet,FAIL,21545,413,False,True,,0,,,0
vehicle_positions_05_055324.parquet,FAIL,21417,411,False,True,,0,,,0
vehicle_positions_05_055355.parquet,FAIL,21465,410,False,True,,0,,,0
vehicle_positions_05_055425.parquet,FAIL,21457,410,False,True,,0,,,0
vehicle_positions_05_055456.parquet,FAIL,21298,407,False,True,,0,,,0
vehicle_positions_05_055526.parquet,FAIL,21252,405,False,True,,0,,,0
vehicle_positions_05_055557.parquet,FAIL,21359,406,False,True,,0,,,0
vehicle_positions_05_055628.parquet,FAIL,21343,407,False,True,,0,,,0
vehicle_positions_05_055658.parquet,FAIL,21346,406,False,True,,0,,,0
vehicle_positions_05_055729.parquet,FAIL,21311,406,False,True,,0,,,0
vehicle_positions_05_055759.parquet,FAIL,21349,408,False,True,,0,,,0
vehicle_positions_05_055830.parquet,FAIL,21464,410,False,True,,0,,,0
vehicle_positions_05_055900.parquet,FAIL,21520,412,False,True,,0,,,0
vehicle_positions_05_055931.parquet,FAIL,21640,415,False,True,,0,,,0
vehicle_positions_06_060001.parquet,FAIL,21607,413,False,True,,0,,,0
vehicle_positions_06_060032.parquet,FAIL,21583,416,False,True,,0,,,0
vehicle_positions_06_060103.parquet,FAIL,21688,418,False,True,,0,,,0
vehicle_positions_06_060134.parquet,FAIL,21579,415,False,True,,0,,,0
vehicle_positions_06_060205.parquet,FAIL,21452,414,False,True,,0,,,0
vehicle_positions_06_060236.parquet,FAIL,21644,416,False,True,,0,,,0
vehicle_positions_06_060306.parquet,FAIL,21665,414,False,True,,0,,,0
vehicle_positions_06_060337.parquet,FAIL,21632,415,False,True,,0,,,0
vehicle_positions_06_060407.parquet,FAIL,21555,412,False,True,,0,,,0
vehicle_positions_06_060438.parquet,FAIL,21525,413,False,True,,0,,,0
vehicle_positions_06_060509.parquet,FAIL,21555,413,False,True,,0,,,0
vehicle_positions_06_060539.parquet,FAIL,21697,415,False,True,,0,,,0
vehicle_positions_06_060610.parquet,FAIL,21719,414,False,True,,0,,,0
vehicle_positions_06_060641.parquet,FAIL,21699,412,False,True,,0,,,0
vehicle_positions_06_060711.parquet,FAIL,21655,412,False,True,,0,,,0
vehicle_positions_06_060742.parquet,FAIL,21494,409,False,True,,0,,,0
vehicle_positions_06_060812.parquet,FAIL,21408,408,False,True,,0,,,0
vehicle_positions_06_060843.parquet,FAIL,21422,408,False,True,,0,,,0
vehicle_positions_06_060914.parquet,FAIL,21404,405,False,True,,0,,,0
vehicle_positions_06_060944.parquet,FAIL,21301,404,False,True,,0,,,0
vehicle_positions_06_061015.parquet,FAIL,21217,399,False,True,,0,,,0
vehicle_positions_06_061045.parquet,FAIL,21238,399,False,True,,0,,,0
vehicle_positions_06_061116.parquet,FAIL,21136,397,False,True,,0,,,0
vehicle_positions_06_061146.parquet,FAIL,21089,395,False,True,,0,,,0
vehicle_positions_06_061217.parquet,FAIL,21033,393,False,True,,0,,,0
vehicle_positions_06_061247.parquet,FAIL,20889,391,False,True,,0,,,0
vehicle_positions_06_061318.parquet,FAIL,20935,389,False,True,,0,,,0
vehicle_positions_06_061349.parquet,FAIL,20977,392,False,True,,0,,,0
vehicle_positions_06_061419.parquet,FAIL,20883,392,False,True,,0,,,0
vehicle_positions_06_061450.parquet,FAIL,20864,391,False,True,,0,,,0
vehicle_positions_06_061520.parquet,FAIL,21074,394,False,True,,0,,,0
vehicle_positions_06_061551.parquet,FAIL,21032,394,False,True,,0,,,0
vehicle_positions_06_061621.parquet,FAIL,21059,395,False,True,,0,,,0
vehicle_positions_06_061652.parquet,FAIL,21042,395,False,True,,0,,,0
vehicle_positions_06_061723.parquet,FAIL,20903,391,False,True,,0,,,0
vehicle_positions_06_061753.parquet,FAIL,20857,390,False,True,,0,,,0
vehicle_positions_06_061824.parquet,FAIL,20793,389,False,True,,0,,,0
vehicle_positions_06_061854.parquet,FAIL,20772,388,False,True,,0,,,0
vehicle_positions_06_061925.parquet,FAIL,20765,389,False,True,,0,,,0
vehicle_positions_06_061956.parquet,FAIL,20817,389,False,True,,0,,,0
vehicle_positions_06_062026.parquet,FAIL,20819,388,False,True,,0,,,0
vehicle_positions_06_062057.parquet,FAIL,20752,388,False,True,,0,,,0
vehicle_positions_06_062127.parquet,FAIL,20672,387,False,True,,0,,,0
vehicle_positions_06_062158.parquet,FAIL,20666,384,False,True,,0,,,0
vehicle_positions_06_062228.parquet,FAIL,20654,385,False,True,,0,,,0
vehicle_positions_06_062259.parquet,FAIL,20546,384,False,True,,0,,,0
vehicle_positions_06_062330.parquet,FAIL,20498,383,False,True,,0,,,0
vehicle_positions_06_062400.parquet,FAIL,20555,384,False,True,,0,,,0
vehicle_positions_06_062431.parquet,FAIL,20518,382,False,True,,0,,,0
vehicle_positions_06_062501.parquet,FAIL,20550,381,False,True,,0,,,0
vehicle_positions_06_062532.parquet,FAIL,20584,383,False,True,,0,,,0
vehicle_positions_06_062602.parquet,FAIL,20667,383,False,True,,0,,,0
vehicle_positions_06_062633.parquet,FAIL,20635,383,False,True,,0,,,0
vehicle_positions_06_062703.parquet,FAIL,20597,382,False,True,,0,,,0
vehicle_positions_06_062734.parquet,FAIL,20509,382,False,True,,0,,,0
vehicle_positions_06_062805.parquet,FAIL,20494,382,False,True,,0,,,0
vehicle_positions_06_062835.parquet,FAIL,20486,381,False,True,,0,,,0
vehicle_positions_06_062906.parquet,FAIL,20568,382,False,True,,0,,,0
vehicle_positions_06_062936.parquet,FAIL,20448,382,False,True,,0,,,0
vehicle_positions_06_063007.parquet,FAIL,20516,381,False,True,,0,,,0
vehicle_positions_06_063037.parquet,FAIL,20523,383,False,True,,0,,,0
vehicle_positions_06_063108.parquet,FAIL,20547,382,False,True,,0,,,0
vehicle_positions_06_063139.parquet,FAIL,20549,380,False,True,,0,,,0
vehicle_positions_06_063210.parquet,FAIL,20500,378,False,True,,0,,,0
vehicle_positions_06_063240.parquet,FAIL,20393,376,False,True,,0,,,0
vehicle_positions_06_063311.parquet,FAIL,20405,373,False,True,,0,,,0
vehicle_positions_06_063342.parquet,FAIL,20307,372,False,True,,0,,,0
vehicle_positions_06_063412.parquet,FAIL,20103,368,False,True,,0,,,0
vehicle_positions_06_063443.parquet,FAIL,20102,368,False,True,,0,,,0
vehicle_positions_06_063513.parquet,FAIL,20054,368,False,True,,0,,,0
vehicle_positions_06_063544.parquet,FAIL,20123,369,False,True,,0,,,0
vehicle_positions_06_063614.parquet,FAIL,20116,369,False,True,,0,,,0
vehicle_positions_06_063645.parquet,FAIL,20129,369,False,True,,0,,,0
vehicle_positions_06_063715.parquet,FAIL,20009,367,False,True,,0,,,0
vehicle_positions_06_063746.parquet,FAIL,19878,363,False,True,,0,,,0
vehicle_positions_06_063817.parquet,FAIL,19909,361,False,True,,0,,,0
vehicle_positions_06_063847.parquet,FAIL,19773,359,False,True,,0,,,0
vehicle_positions_06_063918.parquet,FAIL,19738,361,False,True,,0,,,0
vehicle_positions_06_063948.parquet,FAIL,19625,357,False,True,,0,,,0
vehicle_positions_06_064019.parquet,FAIL,19708,357,False,True,,0,,,0
vehicle_positions_06_064049.parquet,FAIL,19603,355,False,True,,0,,,0
vehicle_positions_06_064120.parquet,FAIL,19556,353,False,True,,0,,,0
vehicle_positions_06_064150.parquet,FAIL,19622,354,False,True,,0,,,0
vehicle_positions_06_064221.parquet,FAIL,19494,352,False,True,,0,,,0
vehicle_positions_06_064252.parquet,FAIL,19590,353,False,True,,0,,,0
vehicle_positions_06_064322.parquet,FAIL,19637,353,False,True,,0,,,0
vehicle_positions_06_064353.parquet,FAIL,19601,354,False,True,,0,,,0
vehicle_positions_06_064423.parquet,FAIL,19693,355,False,True,,0,,,0
vehicle_positions_06_064454.parquet,FAIL,19748,356,False,True,,0,,,0
vehicle_positions_06_064524.parquet,FAIL,19701,355,False,True,,0,,,0
vehicle_positions_06_064555.parquet,FAIL,19563,352,False,True,,0,,,0
vehicle_positions_06_064626.parquet,FAIL,19492,351,False,True,,0,,,0
vehicle_positions_06_064656.parquet,FAIL,19545,351,False,True,,0,,,0
vehicle_positions_06_064727.parquet,FAIL,19563,351,False,True,,0,,,0
vehicle_positions_06_064757.parquet,FAIL,19442,349,False,True,,0,,,0
vehicle_positions_06_064828.parquet,FAIL,19267,345,False,True,,0,,,0
vehicle_positions_06_064858.parquet,FAIL,19228,344,False,True,,0,,,0
vehicle_positions_06_064929.parquet,FAIL,19233,344,False,True,,0,,,0
vehicle_positions_06_065000.parquet,FAIL,19142,343,False,True,,0,,,0
vehicle_positions_06_065030.parquet,FAIL,19184,343,False,True,,0,,,0
vehicle_positions_06_065101.parquet,FAIL,19127,341,False,True,,0,,,0
vehicle_positions_06_065131.parquet,FAIL,19082,340,False,True,,0,,,0
vehicle_positions_06_065202.parquet,FAIL,19119,339,False,True,,0,,,0
vehicle_positions_06_065233.parquet,FAIL,19155,343,False,True,,0,,,0
vehicle_positions_06_065303.parquet,FAIL,19161,342,False,True,,0,,,0
vehicle_positions_06_065334.parquet,FAIL,19211,343,False,True,,0,,,0
vehicle_positions_06_065404.parquet,FAIL,19184,341,False,True,,0,,,0
vehicle_positions_06_065435.parquet,FAIL,19207,343,False,True,,0,,,0
vehicle_positions_06_065505.parquet,FAIL,19201,342,False,True,,0,,,0
vehicle_positions_06_065536.parquet,FAIL,19149,341,False,True,,0,,,0
vehicle_positions_06_065606.parquet,FAIL,18995,339,False,True,,0,,,0
vehicle_positions_06_065637.parquet,FAIL,19059,341,False,True,,0,,,0
vehicle_positions_06_065708.parquet,FAIL,19193,342,False,True,,0,,,0
vehicle_positions_06_065738.parquet,FAIL,19161,342,False,True,,0,,,0
vehicle_positions_06_065809.parquet,FAIL,19089,340,False,True,,0,,,0
vehicle_positions_06_065839.parquet,FAIL,19004,337,False,True,,0,,,0
vehicle_positions_06_065910.parquet,FAIL,19087,337,False,True,,0,,,0
vehicle_positions_06_065940.parquet,FAIL,19054,337,False,True,,0,,,0
vehicle_positions_07_070011.parquet,FAIL,18990,335,False,True,,0,,,0
vehicle_positions_07_070042.parquet,FAIL,18919,333,False,True,,0,,,0
vehicle_positions_07_070112.parquet,FAIL,18900,334,False,True,,0,,,0
vehicle_positions_07_070143.parquet,FAIL,18874,332,False,True,,0,,,0
vehicle_positions_07_070213.parquet,FAIL,18841,331,False,True,,0,,,0
vehicle_positions_07_070244.parquet,FAIL,18847,330,False,True,,0,,,0
vehicle_positions_07_070315.parquet,FAIL,18842,330,False,True,,0,,,0
vehicle_positions_07_070345.parquet,FAIL,18705,328,False,True,,0,,,0
vehicle_positions_07_070416.parquet,FAIL,18723,327,False,True,,0,,,0
vehicle_positions_07_070446.parquet,FAIL,18599,326,False,True,,0,,,0
vehicle_positions_07_070517.parquet,FAIL,18672,327,False,True,,0,,,0
vehicle_positions_07_070547.parquet,FAIL,18706,327,False,True,,0,,,0
vehicle_positions_07_070618.parquet,FAIL,18614,324,False,True,,0,,,0
vehicle_positions_07_070649.parquet,FAIL,18526,322,False,True,,0,,,0
vehicle_positions_07_070719.parquet,FAIL,18511,322,False,True,,0,,,0
vehicle_positions_07_070750.parquet,FAIL,18592,321,False,True,,0,,,0
vehicle_positions_07_070821.parquet,FAIL,18573,321,False,True,,0,,,0
vehicle_positions_07_070851.parquet,FAIL,18435,317,False,True,,0,,,0
vehicle_positions_07_070922.parquet,FAIL,18398,317,False,True,,0,,,0
vehicle_positions_07_070953.parquet,FAIL,18337,315,False,True,,0,,,0
vehicle_positions_07_071024.parquet,FAIL,18393,316,False,True,,0,,,0
vehicle_positions_07_071054.parquet,FAIL,18393,316,False,True,,0,,,0
vehicle_positions_07_071125.parquet,FAIL,18255,315,False,True,,0,,,0
vehicle_positions_07_071155.parquet,FAIL,18303,315,False,True,,0,,,0
vehicle_positions_07_071226.parquet,FAIL,18421,316,False,True,,0,,,0
vehicle_positions_07_071256.parquet,FAIL,18324,314,False,True,,0,,,0
vehicle_positions_07_071327.parquet,FAIL,18168,312,False,True,,0,,,0
vehicle_positions_07_071357.parquet,FAIL,18308,313,False,True,,0,,,0
vehicle_positions_07_071428.parquet,FAIL,18135,309,False,True,,0,,,0
vehicle_positions_07_071458.parquet,FAIL,18261,310,False,True,,0,,,0
vehicle_positions_07_071529.parquet,FAIL,18159,309,False,True,,0,,,0
vehicle_positions_07_071600.parquet,FAIL,18176,309,False,True,,0,,,0
vehicle_positions_07_071630.parquet,FAIL,18053,305,False,True,,0,,,0
vehicle_positions_07_071701.parquet,FAIL,17906,304,False,True,,0,,,0
vehicle_positions_07_071731.parquet,FAIL,17851,301,False,True,,0,,,0
vehicle_positions_07_071802.parquet,FAIL,17899,300,False,True,,0,,,0
vehicle_positions_07_071832.parquet,FAIL,17657,295,False,True,,0,,,0
vehicle_positions_07_071903.parquet,FAIL,17609,295,False,True,,0,,,0
vehicle_positions_07_071933.parquet,FAIL,17550,295,False,True,,0,,,0
vehicle_positions_07_072004.parquet,FAIL,17797,297,False,True,,0,,,0
vehicle_positions_07_072035.parquet,FAIL,17676,296,False,True,,0,,,0
vehicle_positions_07_072105.parquet,FAIL,17611,294,False,True,,0,,,0
vehicle_positions_07_072136.parquet,FAIL,17648,294,False,True,,0,,,0
vehicle_positions_07_072206.parquet,FAIL,17688,293,False,True,,0,,,0
vehicle_positions_07_072237.parquet,FAIL,17585,293,False,True,,0,,,0
vehicle_positions_07_072308.parquet,FAIL,17522,292,False,True,,0,,,0
vehicle_positions_07_072338.parquet,FAIL,17533,290,False,True,,0,,,0
vehicle_positions_07_072409.parquet,FAIL,17515,289,False,True,,0,,,0
vehicle_positions_07_072439.parquet,FAIL,17315,284,False,True,,0,,,0
vehicle_positions_07_072510.parquet,FAIL,17336,285,False,True,,0,,,0
vehicle_positions_07_072540.parquet,FAIL,17341,286,False,True,,0,,,0
vehicle_positions_07_072611.parquet,FAIL,17314,284,False,True,,0,,,0
vehicle_positions_07_072642.parquet,FAIL,17235,283,False,True,,0,,,0
vehicle_positions_07_072712.parquet,FAIL,17244,282,False,True,,0,,,0
vehicle_positions_07_072743.parquet,FAIL,17310,282,False,True,,0,,,0
vehicle_positions_07_072813.parquet,FAIL,17195,281,False,True,,0,,,0
vehicle_positions_07_072844.parquet,FAIL,17045,279,False,True,,0,,,0
vehicle_positions_07_072914.parquet,FAIL,17099,280,False,True,,0,,,0
vehicle_positions_07_072945.parquet,FAIL,17046,278,False,True,,0,,,0
vehicle_positions_07_073015.parquet,FAIL,17047,278,False,True,,0,,,0
vehicle_positions_07_073046.parquet,FAIL,17026,278,False,True,,0,,,0
vehicle_positions_07_073117.parquet,FAIL,16955,274,False,True,,0,,,0
vehicle_positions_07_073147.parquet,FAIL,16817,271,False,True,,0,,,0
vehicle_positions_07_073218.parquet,FAIL,16796,271,False,True,,0,,,0
vehicle_positions_07_073248.parquet,FAIL,16751,269,False,True,,0,,,0
vehicle_positions_07_073319.parquet,FAIL,16763,269,False,True,,0,,,0
vehicle_positions_07_073349.parquet,FAIL,16660,267,False,True,,0,,,0
vehicle_positions_07_073420.parquet,FAIL,16472,264,False,True,,0,,,0
vehicle_positions_07_073451.parquet,FAIL,16540,264,False,True,,0,,,0
vehicle_positions_07_073521.parquet,FAIL,16529,264,False,True,,0,,,0
vehicle_positions_07_073552.parquet,FAIL,16624,265,False,True,,0,,,0
vehicle_positions_07_073622.parquet,FAIL,16504,263,False,True,,0,,,0
vehicle_positions_07_073653.parquet,FAIL,16497,263,False,True,,0,,,0
vehicle_positions_07_073724.parquet,FAIL,16456,263,False,True,,0,,,0
vehicle_positions_07_073754.parquet,FAIL,16222,257,False,True,,0,,,0
vehicle_positions_07_073825.parquet,FAIL,16053,256,False,True,,0,,,0
vehicle_positions_07_073855.parquet,FAIL,15985,254,False,True,,0,,,0
vehicle_positions_07_073926.parquet,FAIL,15912,252,False,True,,0,,,0
vehicle_positions_07_073956.parquet,FAIL,15901,251,False,True,,0,,,0
vehicle_positions_07_074027.parquet,FAIL,15839,250,False,True,,0,,,0
vehicle_positions_07_074057.parquet,FAIL,15899,251,False,True,,0,,,0
vehicle_positions_07_074128.parquet,FAIL,15965,250,False,True,,0,,,0
vehicle_positions_07_074159.parquet,FAIL,15928,249,False,True,,0,,,0
vehicle_positions_07_074229.parquet,FAIL,15823,248,False,True,,0,,,0
vehicle_positions_07_074300.parquet,FAIL,15895,249,False,True,,0,,,0
vehicle_positions_07_074330.parquet,FAIL,15952,251,False,True,,0,,,0
vehicle_positions_07_074401.parquet,FAIL,15871,249,False,True,,0,,,0
vehicle_positions_07_074431.parquet,FAIL,15849,249,False,True,,0,,,0
vehicle_positions_07_074502.parquet,FAIL,15746,248,False,True,,0,,,0
vehicle_positions_07_074532.parquet,FAIL,15722,247,False,True,,0,,,0
vehicle_positions_07_074603.parquet,FAIL,15708,246,False,True,,0,,,0
vehicle_positions_07_074634.parquet,FAIL,15746,247,False,True,,0,,,0
vehicle_positions_07_074704.parquet,FAIL,15659,245,False,True,,0,,,0
vehicle_positions_07_074735.parquet,FAIL,15698,244,False,True,,0,,,0
vehicle_positions_07_074805.parquet,FAIL,15721,244,False,True,,0,,,0
vehicle_positions_07_074836.parquet,FAIL,15579,241,False,True,,0,,,0
vehicle_positions_07_074906.parquet,FAIL,15559,239,False,True,,0,,,0
vehicle_positions_07_074937.parquet,FAIL,15473,237,False,True,,0,,,0
vehicle_positions_07_075007.parquet,FAIL,15327,234,False,True,,0,,,0
vehicle_positions_07_075038.parquet,FAIL,15378,233,False,True,,0,,,0
vehicle_positions_07_075109.parquet,FAIL,15412,233,False,True,,0,,,0
vehicle_positions_07_075139.parquet,FAIL,15313,232,False,True,,0,,,0
vehicle_positions_07_075210.parquet,FAIL,15163,230,False,True,,0,,,0
vehicle_positions_07_075240.parquet,FAIL,15154,229,False,True,,0,,,0
vehicle_positions_07_075311.parquet,FAIL,15127,229,False,True,,0,,,0
vehicle_positions_07_075342.parquet,FAIL,15157,228,False,True,,0,,,0
vehicle_positions_07_075412.parquet,FAIL,15162,228,False,True,,0,,,0
vehicle_positions_07_075443.parquet,FAIL,15060,225,False,True,,0,,,0
vehicle_positions_07_075514.parquet,FAIL,14883,224,False,True,,0,,,0
vehicle_positions_07_075544.parquet,FAIL,15038,225,False,True,,0,,,0
vehicle_positions_07_075615.parquet,FAIL,14896,223,False,True,,0,,,0
vehicle_positions_07_075645.parquet,FAIL,14891,222,False,True,,0,,,0
vehicle_positions_07_075716.parquet,FAIL,14844,220,False,True,,0,,,0
vehicle_positions_07_075746.parquet,FAIL,14769,218,False,True,,0,,,0
vehicle_positions_07_075817.parquet,FAIL,14833,219,False,True,,0,,,0
vehicle_positions_07_075848.parquet,FAIL,14899,220,False,True,,0,,,0
vehicle_positions_07_075918.parquet,FAIL,14838,219,False,True,,0,,,0
vehicle_positions_07_075949.parquet,FAIL,14781,219,False,True,,0,,,0
vehicle_positions_08_080019.parquet,FAIL,14643,216,False,True,,0,,,0
vehicle_positions_08_080050.parquet,FAIL,14686,215,False,True,,0,,,0
vehicle_positions_08_080120.parquet,FAIL,14622,214,False,True,,0,,,0
vehicle_positions_08_080151.parquet,FAIL,14634,214,False,True,,0,,,0
vehicle_positions_08_080221.parquet,FAIL,14620,214,False,True,,0,,,0
vehicle_positions_08_080252.parquet,FAIL,14633,214,False,True,,0,,,0
vehicle_positions_08_080323.parquet,FAIL,14585,213,False,True,,0,,,0
vehicle_positions_08_080353.parquet,FAIL,14617,213,False,True,,0,,,0
vehicle_positions_08_080424.parquet,FAIL,14626,211,False,True,,0,,,0
vehicle_positions_08_080454.parquet,FAIL,14527,209,False,True,,0,,,0
vehicle_positions_08_080525.parquet,FAIL,14490,209,False,True,,0,,,0
vehicle_positions_08_080555.parquet,FAIL,14596,210,False,True,,0,,,0
vehicle_positions_08_080626.parquet,FAIL,14422,206,False,True,,0,,,0
vehicle_positions_08_080656.parquet,FAIL,14419,206,False,True,,0,,,0
vehicle_positions_08_080727.parquet,FAIL,14327,205,False,True,,0,,,0
vehicle_positions_08_080758.parquet,FAIL,14396,206,False,True,,0,,,0
vehicle_positions_08_080828.parquet,FAIL,14361,204,False,True,,0,,,0
vehicle_positions_08_080859.parquet,FAIL,14356,204,False,True,,0,,,0
vehicle_positions_08_080929.parquet,FAIL,14322,203,False,True,,0,,,0
vehicle_positions_08_081000.parquet,FAIL,14279,202,False,True,,0,,,0
vehicle_positions_08_081030.parquet,FAIL,14318,202,False,True,,0,,,0
vehicle_positions_08_081101.parquet,FAIL,14273,202,False,True,,0,,,0
vehicle_positions_08_081131.parquet,FAIL,14146,200,False,True,,0,,,0
vehicle_positions_08_081202.parquet,FAIL,14003,197,False,True,,0,,,0
vehicle_positions_08_081232.parquet,FAIL,13985,195,False,True,,0,,,0
vehicle_positions_08_081303.parquet,FAIL,13942,193,False,True,,0,,,0
vehicle_positions_08_081334.parquet,FAIL,13934,193,False,True,,0,,,0
vehicle_positions_08_081404.parquet,FAIL,13867,193,False,True,,0,,,0
vehicle_positions_08_081435.parquet,FAIL,13838,192,False,True,,0,,,0
vehicle_positions_08_081505.parquet,FAIL,13745,189,False,True,,0,,,0
vehicle_positions_08_081536.parquet,FAIL,13663,189,False,True,,0,,,0
vehicle_positions_08_081607.parquet,FAIL,13686,187,False,True,,0,,,0
vehicle_positions_08_081637.parquet,FAIL,13550,185,False,True,,0,,,0
vehicle_positions_08_081708.parquet,FAIL,13588,186,False,True,,0,,,0
vehicle_positions_08_081738.parquet,FAIL,13636,185,False,True,,0,,,0
vehicle_positions_08_081809.parquet,FAIL,13514,184,False,True,,0,,,0
vehicle_positions_08_081839.parquet,FAIL,13548,184,False,True,,0,,,0
vehicle_positions_08_081910.parquet,FAIL,13531,183,False,True,,0,,,0
vehicle_positions_08_081941.parquet,FAIL,13533,183,False,True,,0,,,0
vehicle_positions_08_082011.parquet,FAIL,13516,182,False,True,,0,,,0
vehicle_positions_08_082042.parquet,FAIL,13492,182,False,True,,0,,,0
vehicle_positions_08_082112.parquet,FAIL,13527,182,False,True,,0,,,0
vehicle_positions_08_082143.parquet,FAIL,13470,182,False,True,,0,,,0
vehicle_positions_08_082214.parquet,FAIL,13427,179,False,True,,0,,,0
vehicle_positions_08_082244.parquet,FAIL,13441,177,False,True,,0,,,0
vehicle_positions_08_082315.parquet,FAIL,13236,173,False,True,,0,,,0
vehicle_positions_08_082345.parquet,FAIL,13255,173,False,True,,0,,,0
vehicle_positions_08_082416.parquet,FAIL,13249,173,False,True,,0,,,0
vehicle_positions_08_082446.parquet,FAIL,13252,172,False,True,,0,,,0
vehicle_positions_08_082517.parquet,FAIL,13205,170,False,True,,0,,,0
vehicle_positions_08_082547.parquet,FAIL,13145,169,False,True,,0,,,0
vehicle_positions_08_082618.parquet,FAIL,13068,166,False,True,,0,,,0
vehicle_positions_08_082648.parquet,FAIL,12980,166,False,True,,0,,,0
vehicle_positions_08_082719.parquet,FAIL,12958,165,False,True,,0,,,0
vehicle_positions_08_082749.parquet,FAIL,12931,165,False,True,,0,,,0
vehicle_positions_08_082820.parquet,FAIL,12991,165,False,True,,0,,,0
vehicle_positions_08_082850.parquet,FAIL,12937,163,False,True,,0,,,0
vehicle_positions_08_082921.parquet,FAIL,12905,162,False,True,,0,,,0
vehicle_positions_08_082951.parquet,FAIL,12841,160,False,True,,0,,,0
vehicle_positions_08_083022.parquet,FAIL,12919,162,False,True,,0,,,0
vehicle_positions_08_083052.parquet,FAIL,12842,160,False,True,,0,,,0
vehicle_positions_08_083123.parquet,FAIL,12691,157,False,True,,0,,,0
vehicle_positions_08_083153.parquet,FAIL,12747,157,False,True,,0,,,0
vehicle_positions_08_083224.parquet,FAIL,12709,157,False,True,,0,,,0
vehicle_positions_08_083254.parquet,FAIL,12652,154,False,True,,0,,,0
vehicle_positions_08_083325.parquet,FAIL,12625,154,False,True,,0,,,0
vehicle_positions_08_083356.parquet,FAIL,12542,152,False,True,,0,,,0
vehicle_positions_08_083426.parquet,FAIL,12517,152,False,True,,0,,,0
vehicle_positions_08_083457.parquet,FAIL,12484,151,False,True,,0,,,0
vehicle_positions_08_083527.parquet,FAIL,12360,148,False,True,,0,,,0
vehicle_positions_08_083558.parquet,FAIL,12441,151,False,True,,0,,,0
vehicle_positions_08_083628.parquet,FAIL,12458,152,False,True,,0,,,0
vehicle_positions_08_083659.parquet,FAIL,12432,151,False,True,,0,,,0
vehicle_positions_08_083729.parquet,FAIL,12500,151,False,True,,0,,,0
vehicle_positions_08_083800.parquet,FAIL,12368,147,False,True,,0,,,0
vehicle_positions_08_083830.parquet,FAIL,12344,147,False,True,,0,,,0
vehicle_positions_08_083901.parquet,FAIL,12291,145,False,True,,0,,,0
vehicle_positions_08_083931.parquet,FAIL,12252,144,False,True,,0,,,0
vehicle_positions_08_084002.parquet,FAIL,12154,143,False,True,,0,,,0
vehicle_positions_08_084033.parquet,FAIL,12126,143,False,True,,0,,,0
vehicle_positions_08_084104.parquet,FAIL,12199,144,False,True,,0,,,0
vehicle_positions_08_084134.parquet,FAIL,12210,144,False,True,,0,,,0
vehicle_positions_08_084205.parquet,FAIL,12225,144,False,True,,0,,,0
vehicle_positions_08_084235.parquet,FAIL,12187,143,False,True,,0,,,0
vehicle_positions_08_084306.parquet,FAIL,12211,143,False,True,,0,,,0
vehicle_positions_08_084337.parquet,FAIL,12149,142,False,True,,0,,,0
vehicle_positions_08_084407.parquet,FAIL,12141,142,False,True,,0,,,0
vehicle_positions_08_084438.parquet,FAIL,12171,142,False,True,,0,,,0
vehicle_positions_08_084508.parquet,FAIL,12072,139,False,True,,0,,,0
vehicle_positions_08_084539.parquet,FAIL,12195,142,False,True,,0,,,0
vehicle_positions_08_084610.parquet,FAIL,12195,141,False,True,,0,,,0
vehicle_positions_08_084640.parquet,FAIL,12098,139,False,True,,0,,,0
vehicle_positions_08_084711.parquet,FAIL,12126,139,False,True,,0,,,0
vehicle_positions_08_084741.parquet,FAIL,11992,138,False,True,,0,,,0
vehicle_positions_08_084812.parquet,FAIL,11995,137,False,True,,0,,,0
vehicle_positions_08_084842.parquet,FAIL,11945,136,False,True,,0,,,0
vehicle_positions_08_084913.parquet,FAIL,11920,136,False,True,,0,,,0
vehicle_positions_08_084943.parquet,FAIL,11953,136,False,True,,0,,,0
vehicle_positions_08_085014.parquet,FAIL,11912,135,False,True,,0,,,0
vehicle_positions_08_085044.parquet,FAIL,11872,134,False,True,,0,,,0
vehicle_positions_08_085115.parquet,FAIL,11800,132,False,True,,0,,,0
vehicle_positions_08_085145.parquet,FAIL,11717,131,False,True,,0,,,0
vehicle_positions_08_085216.parquet,FAIL,11548,128,False,True,,0,,,0
vehicle_positions_08_085246.parquet,FAIL,11541,127,False,True,,0,,,0
vehicle_positions_08_085317.parquet,FAIL,11477,126,False,True,,0,,,0
vehicle_positions_08_085347.parquet,FAIL,11506,126,False,True,,0,,,0
vehicle_positions_08_085418.parquet,FAIL,11435,123,False,True,,0,,,0
vehicle_positions_08_085448.parquet,FAIL,11436,123,False,True,,0,,,0
vehicle_positions_08_085519.parquet,FAIL,11355,121,False,True,,0,,,0
vehicle_positions_08_085549.parquet,FAIL,11261,120,False,True,,0,,,0
vehicle_positions_08_085620.parquet,FAIL,11312,121,False,True,,0,,,0
vehicle_positions_08_085650.parquet,FAIL,11215,120,False,True,,0,,,0
vehicle_positions_08_085721.parquet,FAIL,11149,118,False,True,,0,,,0
vehicle_positions_08_085751.parquet,FAIL,11105,117,False,True,,0,,,0
vehicle_positions_08_085822.parquet,FAIL,11114,116,False,True,,0,,,0
vehicle_positions_08_085852.parquet,FAIL,11135,116,False,True,,0,,,0
vehicle_positions_08_085923.parquet,FAIL,11131,116,False,True,,0,,,0
vehicle_positions_08_085953.parquet,FAIL,11142,114,False,True,,0,,,0
vehicle_positions_09_090024.parquet,FAIL,11138,115,False,True,,0,,,0
vehicle_positions_09_090055.parquet,FAIL,11139,115,False,True,,0,,,0
vehicle_positions_09_090125.parquet,FAIL,11088,114,False,True,,0,,,0
vehicle_positions_09_090156.parquet,FAIL,11051,114,False,True,,0,,,0
vehicle_positions_09_090226.parquet,FAIL,11124,115,False,True,,0,,,0
vehicle_positions_09_090257.parquet,FAIL,11036,113,False,True,,0,,,0
vehicle_positions_09_090327.parquet,FAIL,10980,112,False,True,,0,,,0
vehicle_positions_09_090358.parquet,FAIL,10937,111,False,True,,0,,,0
vehicle_positions_09_090428.parquet,FAIL,10937,111,False,True,,0,,,0
vehicle_positions_09_090459.parquet,FAIL,10940,110,False,True,,0,,,0
vehicle_positions_09_090529.parquet,FAIL,10865,108,False,True,,0,,,0
vehicle_positions_09_090600.parquet,FAIL,10880,108,False,True,,0,,,0
vehicle_positions_09_090631.parquet,FAIL,10882,108,False,True,,0,,,0
vehicle_positions_09_090701.parquet,FAIL,10893,108,False,True,,0,,,0
vehicle_positions_09_090731.parquet,FAIL,10804,107,False,True,,0,,,0
vehicle_positions_09_090802.parquet,FAIL,10707,104,False,True,,0,,,0
vehicle_positions_09_090832.parquet,FAIL,10603,103,False,True,,0,,,0
vehicle_positions_09_090903.parquet,FAIL,10631,102,False,True,,0,,,0
vehicle_positions_09_090933.parquet,FAIL,10648,103,False,True,,0,,,0
vehicle_positions_09_091004.parquet,FAIL,10669,102,False,True,,0,,,0
vehicle_positions_09_091034.parquet,FAIL,10558,101,False,True,,0,,,0
vehicle_positions_09_091105.parquet,FAIL,10588,101,False,True,,0,,,0
vehicle_positions_09_091135.parquet,FAIL,10652,101,False,True,,0,,,0
vehicle_positions_09_091206.parquet,FAIL,10599,101,False,True,,0,,,0
vehicle_positions_09_091237.parquet,FAIL,10585,100,False,True,,0,,,0
vehicle_positions_09_091307.parquet,FAIL,10594,100,False,True,,0,,,0
vehicle_positions_09_091337.parquet,FAIL,10563,99,False,True,,0,,,0
vehicle_positions_09_091408.parquet,FAIL,10556,98,False,True,,0,,,0
vehicle_positions_09_091439.parquet,FAIL,10516,98,False,True,,0,,,0
vehicle_positions_09_091509.parquet,FAIL,10496,98,False,True,,0,,,0
vehicle_positions_09_091539.parquet,FAIL,10344,96,False,True,,0,,,0
vehicle_positions_09_091610.parquet,FAIL,10289,95,False,True,,0,,,0
vehicle_positions_09_091641.parquet,FAIL,10292,94,False,True,,0,,,0
vehicle_positions_09_091711.parquet,FAIL,10319,93,False,True,,0,,,0
vehicle_positions_09_091742.parquet,FAIL,10271,93,False,True,,0,,,0
vehicle_positions_09_091812.parquet,FAIL,10267,92,False,True,,0,,,0
vehicle_positions_09_091843.parquet,FAIL,10246,91,False,True,,0,,,0
vehicle_positions_09_091913.parquet,FAIL,10171,89,False,True,,0,,,0
vehicle_positions_09_091944.parquet,FAIL,10156,89,False,True,,0,,,0
vehicle_positions_09_092014.parquet,FAIL,10137,89,False,True,,0,,,0
vehicle_positions_09_092045.parquet,FAIL,9980,86,False,True,,0,,,0
vehicle_positions_09_092115.parquet,FAIL,9951,85,False,True,,0,,,0
vehicle_positions_09_092146.parquet,FAIL,9900,83,False,True,,0,,,0
vehicle_positions_09_092216.parquet,FAIL,9837,81,False,True,,0,,,0
vehicle_positions_09_092248.parquet,FAIL,9821,81,False,True,,0,,,0
vehicle_positions_09_092318.parquet,FAIL,9838,81,False,True,,0,,,0
vehicle_positions_09_092349.parquet,FAIL,9757,80,False,True,,0,,,0
vehicle_positions_09_092419.parquet,FAIL,9739,80,False,True,,0,,,0
vehicle_positions_09_092450.parquet,FAIL,9698,78,False,True,,0,,,0
vehicle_positions_09_092520.parquet,FAIL,9766,80,False,True,,0,,,0
vehicle_positions_09_092551.parquet,FAIL,9827,81,False,True,,0,,,0
vehicle_positions_09_092621.parquet,FAIL,9722,79,False,True,,0,,,0
vehicle_positions_09_092652.parquet,FAIL,9671,78,False,True,,0,,,0
vehicle_positions_09_092722.parquet,FAIL,9593,76,False,True,,0,,,0
vehicle_positions_09_092753.parquet,FAIL,9552,75,False,True,,0,,,0
vehicle_positions_09_092823.parquet,FAIL,9565,75,False,True,,0,,,0
vehicle_positions_09_092854.parquet,FAIL,9593,76,False,True,,0,,,0
vehicle_positions_09_092924.parquet,FAIL,9526,74,False,True,,0,,,0
vehicle_positions_09_092955.parquet,FAIL,9548,74,False,True,,0,,,0
vehicle_positions_09_093025.parquet,FAIL,9535,74,False,True,,0,,,0
vehicle_positions_09_093056.parquet,FAIL,9555,74,False,True,,0,,,0
vehicle_positions_09_093126.parquet,FAIL,9505,73,False,True,,0,,,0
vehicle_positions_09_093157.parquet,FAIL,9439,72,False,True,,0,,,0
vehicle_positions_09_093227.parquet,FAIL,9416,72,False,True,,0,,,0
vehicle_positions_09_093258.parquet,FAIL,9500,73,False,True,,0,,,0
vehicle_positions_09_093328.parquet,FAIL,9413,72,False,True,,0,,,0
vehicle_positions_09_093359.parquet,FAIL,9402,71,False,True,,0,,,0
vehicle_positions_09_093429.parquet,FAIL,9342,70,False,True,,0,,,0
vehicle_positions_09_093500.parquet,FAIL,9313,69,False,True,,0,,,0
vehicle_positions_09_093530.parquet,FAIL,9279,68,False,True,,0,,,0
vehicle_positions_09_093601.parquet,FAIL,9287,68,False,True,,0,,,0
vehicle_positions_09_093631.parquet,FAIL,9259,68,False,True,,0,,,0
vehicle_positions_09_093702.parquet,FAIL,9307,69,False,True,,0,,,0
vehicle_positions_09_093732.parquet,FAIL,9198,67,False,True,,0,,,0
vehicle_positions_09_093803.parquet,FAIL,9177,66,False,True,,0,,,0
vehicle_positions_09_093833.parquet,FAIL,9138,65,False,True,,0,,,0
vehicle_positions_09_093904.parquet,FAIL,8916,63,False,True,,0,,,0
vehicle_positions_09_093934.parquet,FAIL,8893,62,False,True,,0,,,0
vehicle_positions_09_094005.parquet,FAIL,8884,61,False,True,,0,,,0
vehicle_positions_09_094035.parquet,FAIL,8842,60,False,True,,0,,,0
vehicle_positions_09_094106.parquet,FAIL,8860,61,False,True,,0,,,0
vehicle_positions_09_094136.parquet,FAIL,8826,60,False,True,,0,,,0
vehicle_positions_09_094207.parquet,FAIL,8858,60,False,True,,0,,,0
vehicle_positions_09_094237.parquet,FAIL,8844,60,False,True,,0,,,0
vehicle_positions_09_094308.parquet,FAIL,8817,60,False,True,,0,,,0
vehicle_positions_09_094338.parquet,FAIL,8731,58,False,True,,0,,,0
vehicle_positions_09_094409.parquet,FAIL,8701,57,False,True,,0,,,0
vehicle_positions_09_094439.parquet,FAIL,8631,56,False,True,,0,,,0
vehicle_positions_09_094510.parquet,FAIL,8603,55,False,True,,0,,,0
vehicle_positions_09_094540.parquet,FAIL,8608,56,False,True,,0,,,0
vehicle_positions_09_094611.parquet,FAIL,8704,57,False,True,,0,,,0
vehicle_positions_09_094641.parquet,FAIL,8586,56,False,True,,0,,,0
vehicle_positions_09_094712.parquet,FAIL,8603,56,False,True,,0,,,0
vehicle_positions_09_094742.parquet,FAIL,8587,56,False,True,,0,,,0
vehicle_positions_09_094813.parquet,FAIL,8594,56,False,True,,0,,,0
vehicle_positions_09_094843.parquet,FAIL,8567,56,False,True,,0,,,0
vehicle_positions_09_094914.parquet,FAIL,8552,56,False,True,,0,,,0
vehicle_positions_09_094944.parquet,FAIL,8572,56,False,True,,0,,,0
vehicle_positions_09_095015.parquet,FAIL,8605,56,False,True,,0,,,0
vehicle_positions_09_095045.parquet,FAIL,8614,56,False,True,,0,,,0
vehicle_positions_09_095116.parquet,FAIL,8619,56,False,True,,0,,,0
vehicle_positions_09_095146.parquet,FAIL,8636,56,False,True,,0,,,0
vehicle_positions_09_095217.parquet,FAIL,8595,56,False,True,,0,,,0
vehicle_positions_09_095247.parquet,FAIL,8544,55,False,True,,0,,,0
vehicle_positions_09_095318.parquet,FAIL,8547,55,False,True,,0,,,0
vehicle_positions_09_095348.parquet,FAIL,8528,54,False,True,,0,,,0
vehicle_positions_09_095419.parquet,FAIL,8514,54,False,True,,0,,,0
vehicle_positions_09_095449.parquet,FAIL,8538,54,False,True,,0,,,0
vehicle_positions_09_095520.parquet,FAIL,8560,54,False,True,,0,,,0
vehicle_positions_09_095550.parquet,FAIL,8562,54,False,True,,0,,,0
vehicle_positions_09_095621.parquet,FAIL,8456,52,False,True,,0,,,0
vehicle_positions_09_095651.parquet,FAIL,8482,52,False,True,,0,,,0
vehicle_positions_09_095722.parquet,FAIL,8486,52,False,True,,0,,,0
vehicle_positions_09_095752.parquet,FAIL,8471,52,False,True,,0,,,0
vehicle_positions_09_095823.parquet,FAIL,8481,52,False,True,,0,,,0
vehicle_positions_09_095853.parquet,FAIL,8401,50,False,True,,0,,,0
vehicle_positions_09_095924.parquet,FAIL,8306,49,False,True,,0,,,0
vehicle_positions_09_095954.parquet,FAIL,8260,48,False,True,,0,,,0
vehicle_positions_10_100025.parquet,FAIL,8263,48,False,True,,0,,,0
vehicle_positions_10_100055.parquet,FAIL,8211,47,False,True,,0,,,0
vehicle_positions_10_100126.parquet,FAIL,8171,46,False,True,,0,,,0
vehicle_positions_10_100157.parquet,FAIL,8171,46,False,True,,0,,,0
vehicle_positions_10_100228.parquet,FAIL,8171,46,False,True,,0,,,0
vehicle_positions_10_100258.parquet,FAIL,8171,46,False,True,,0,,,0
vehicle_positions_10_100329.parquet,FAIL,8171,46,False,True,,0,,,0
vehicle_positions_10_100359.parquet,FAIL,8129,45,False,True,,0,,,0
vehicle_positions_10_100430.parquet,FAIL,8129,45,False,True,,0,,,0
vehicle_positions_10_100500.parquet,FAIL,8099,44,False,True,,0,,,0
vehicle_positions_10_100531.parquet,FAIL,8099,44,False,True,,0,,,0
vehicle_positions_10_100601.parquet,FAIL,8099,44,False,True,,0,,,0
vehicle_positions_10_100633.parquet,FAIL,8099,44,False,True,,0,,,0
vehicle_positions_10_100704.parquet,FAIL,8179,45,False,True,,0,,,0
vehicle_positions_10_100734.parquet,FAIL,8173,45,False,True,,0,,,0
vehicle_positions_10_100805.parquet,FAIL,8141,46,False,True,,0,,,0
vehicle_positions_10_100835.parquet,FAIL,8160,46,False,True,,0,,,0
vehicle_positions_10_100905.parquet,FAIL,8189,46,False,True,,0,,,0
vehicle_positions_10_100936.parquet,FAIL,8243,46,False,True,,0,,,0
vehicle_positions_10_101007.parquet,FAIL,8153,43,False,True,,0,,,0
vehicle_positions_10_101037.parquet,FAIL,8025,43,False,True,,0,,,0
vehicle_positions_10_101108.parquet,FAIL,8149,43,False,True,,0,,,0
vehicle_positions_10_101138.parquet,FAIL,8071,43,False,True,,0,,,0
vehicle_positions_10_101209.parquet,FAIL,8064,43,False,True,,0,,,0
vehicle_positions_10_101239.parquet,FAIL,8121,43,False,True,,0,,,0
vehicle_positions_10_101310.parquet,FAIL,8065,43,False,True,,0,,,0
vehicle_positions_10_101340.parquet,FAIL,8155,43,False,True,,0,,,0
vehicle_positions_10_101411.parquet,FAIL,8168,43,False,True,,0,,,0
vehicle_positions_10_101442.parquet,FAIL,8148,43,False,True,,0,,,0
vehicle_positions_10_101512.parquet,FAIL,8103,43,False,True,,0,,,0
vehicle_positions_10_101543.parquet,FAIL,8122,43,False,True,,0,,,0
vehicle_positions_10_101617.parquet,FAIL,8144,43,False,True,,0,,,0
vehicle_positions_10_101647.parquet,FAIL,8148,43,False,True,,0,,,0
vehicle_positions_10_101717.parquet,FAIL,8023,42,False,True,,0,,,0
vehicle_positions_10_101748.parquet,FAIL,7930,39,False,True,,0,,,0
vehicle_positions_10_101819.parquet,FAIL,7912,38,False,True,,0,,,0
vehicle_positions_10_101849.parquet,FAIL,7862,38,False,True,,0,,,0
vehicle_positions_10_101919.parquet,FAIL,7912,38,False,True,,0,,,0
vehicle_positions_10_101950.parquet,FAIL,7934,38,False,True,,0,,,0
vehicle_positions_10_102020.parquet,FAIL,7815,37,False,True,,0,,,0
vehicle_positions_10_102051.parquet,FAIL,7821,36,False,True,,0,,,0
vehicle_positions_10_102121.parquet,FAIL,7841,36,False,True,,0,,,0
vehicle_positions_10_102152.parquet,FAIL,7845,37,False,True,,0,,,0
vehicle_positions_10_102222.parquet,FAIL,7778,37,False,True,,0,,,0
vehicle_positions_10_102253.parquet,FAIL,7835,36,False,True,,0,,,0
vehicle_positions_10_102324.parquet,FAIL,7874,36,False,True,,0,,,0
vehicle_positions_10_102354.parquet,FAIL,7870,36,False,True,,0,,,0
vehicle_positions_10_102425.parquet,FAIL,7872,36,False,True,,0,,,0
vehicle_positions_10_102455.parquet,FAIL,7849,36,False,True,,0,,,0
vehicle_positions_10_102526.parquet,FAIL,7842,36,False,True,,0,,,0
vehicle_positions_10_102556.parquet,FAIL,7874,36,False,True,,0,,,0
vehicle_positions_10_102627.parquet,FAIL,7889,37,False,True,,0,,,0
vehicle_positions_10_102657.parquet,FAIL,7859,36,False,True,,0,,,0
vehicle_positions_10_102728.parquet,FAIL,7800,36,False,True,,0,,,0
vehicle_positions_10_102758.parquet,FAIL,7859,36,False,True,,0,,,0
vehicle_positions_10_102829.parquet,FAIL,7853,36,False,True,,0,,,0
vehicle_positions_10_102859.parquet,FAIL,7867,36,False,True,,0,,,0
vehicle_positions_10_102929.parquet,FAIL,7900,36,False,True,,0,,,0
vehicle_positions_10_103000.parquet,FAIL,7822,37,False,True,,0,,,0
vehicle_positions_10_103031.parquet,FAIL,7896,38,False,True,,0,,,0
vehicle_positions_10_103101.parquet,FAIL,7864,37,False,True,,0,,,0
vehicle_positions_10_103132.parquet,FAIL,7887,37,False,True,,0,,,0
vehicle_positions_10_103202.parquet,FAIL,7852,36,False,True,,0,,,0
vehicle_positions_10_103233.parquet,FAIL,7869,36,False,True,,0,,,0
vehicle_positions_10_103303.parquet,FAIL,7886,36,False,True,,0,,,0
vehicle_positions_10_103334.parquet,FAIL,7899,36,False,True,,0,,,0
vehicle_positions_10_103404.parquet,FAIL,7890,36,False,True,,0,,,0
vehicle_positions_10_103435.parquet,FAIL,7818,36,False,True,,0,,,0
vehicle_positions_10_103505.parquet,FAIL,7849,35,False,True,,0,,,0
vehicle_positions_10_103536.parquet,FAIL,7862,35,False,True,,0,,,0
vehicle_positions_10_103607.parquet,FAIL,7857,35,False,True,,0,,,0
vehicle_positions_10_103637.parquet,FAIL,7839,35,False,True,,0,,,0
vehicle_positions_10_103707.parquet,FAIL,7872,35,False,True,,0,,,0
vehicle_positions_10_103738.parquet,FAIL,7882,35,False,True,,0,,,0
vehicle_positions_10_103808.parquet,FAIL,7908,36,False,True,,0,,,0
vehicle_positions_10_103839.parquet,FAIL,7887,36,False,True,,0,,,0
vehicle_positions_10_103909.parquet,FAIL,7913,37,False,True,,0,,,0
vehicle_positions_10_103940.parquet,FAIL,7782,35,False,True,,0,,,0
vehicle_positions_10_104010.parquet,FAIL,7801,34,False,True,,0,,,0
vehicle_positions_10_104041.parquet,FAIL,7784,34,False,True,,0,,,0
vehicle_positions_10_104111.parquet,FAIL,7800,34,False,True,,0,,,0
vehicle_positions_10_104142.parquet,FAIL,7781,34,False,True,,0,,,0
vehicle_positions_10_104212.parquet,FAIL,7768,34,False,True,,0,,,0
vehicle_positions_10_104243.parquet,FAIL,7798,34,False,True,,0,,,0
vehicle_positions_10_104313.parquet,FAIL,7802,34,False,True,,0,,,0
vehicle_positions_10_104344.parquet,FAIL,7820,34,False,True,,0,,,0
vehicle_positions_10_104414.parquet,FAIL,7799,34,False,True,,0,,,0
vehicle_positions_10_104445.parquet,FAIL,7674,32,False,True,,0,,,0
vehicle_positions_10_104515.parquet,FAIL,7600,32,False,True,,0,,,0
vehicle_positions_10_104546.parquet,FAIL,7772,33,False,True,,0,,,0
vehicle_positions_10_104617.parquet,FAIL,7668,32,False,True,,0,,,0
vehicle_positions_10_104647.parquet,FAIL,7695,32,False,True,,0,,,0
vehicle_positions_10_104718.parquet,FAIL,7772,34,False,True,,0,,,0
vehicle_positions_10_104748.parquet,FAIL,7773,33,False,True,,0,,,0
vehicle_positions_10_104819.parquet,FAIL,7707,32,False,True,,0,,,0
vehicle_positions_10_104849.parquet,FAIL,7594,32,False,True,,0,,,0
vehicle_positions_10_104919.parquet,FAIL,7693,32,False,True,,0,,,0
vehicle_positions_10_104950.parquet,FAIL,7669,32,False,True,,0,,,0
vehicle_positions_10_105021.parquet,FAIL,7668,32,False,True,,0,,,0
vehicle_positions_10_105051.parquet,FAIL,7637,31,False,True,,0,,,0
vehicle_positions_10_105122.parquet,FAIL,7638,31,False,True,,0,,,0
vehicle_positions_10_105152.parquet,FAIL,7668,31,False,True,,0,,,0
vehicle_positions_10_105223.parquet,FAIL,7626,30,False,True,,0,,,0
vehicle_positions_10_105253.parquet,FAIL,7595,30,False,True,,0,,,0
vehicle_positions_10_105323.parquet,FAIL,7610,30,False,True,,0,,,0
vehicle_positions_10_105354.parquet,FAIL,7585,30,False,True,,0,,,0
vehicle_positions_10_105424.parquet,FAIL,7616,30,False,True,,0,,,0
vehicle_positions_10_105455.parquet,FAIL,7577,30,False,True,,0,,,0
vehicle_positions_10_105526.parquet,FAIL,7573,29,False,True,,0,,,0
vehicle_positions_10_105556.parquet,FAIL,7549,28,False,True,,0,,,0
vehicle_positions_10_105627.parquet,FAIL,7506,28,False,True,,0,,,0
vehicle_positions_10_105657.parquet,FAIL,7550,28,False,True,,0,,,0
vehicle_positions_10_105727.parquet,FAIL,7550,28,False,True,,0,,,0
vehicle_positions_10_105758.parquet,FAIL,7531,28,False,True,,0,,,0
vehicle_positions_10_105828.parquet,FAIL,7531,28,False,True,,0,,,0
vehicle_positions_10_105859.parquet,FAIL,7566,28,False,True,,0,,,0
vehicle_positions_10_105929.parquet,FAIL,7548,28,False,True,,0,,,0
vehicle_positions_11_110000.parquet,FAIL,7550,28,False,True,,0,,,0
vehicle_positions_11_110030.parquet,FAIL,7515,27,False,True,,0,,,0
vehicle_positions_11_110101.parquet,FAIL,7577,28,False,True,,0,,,0
vehicle_positions_11_110131.parquet,FAIL,7565,28,False,True,,0,,,0
vehicle_positions_11_110202.parquet,FAIL,7594,29,False,True,,0,,,0
vehicle_positions_11_110232.parquet,FAIL,7631,30,False,True,,0,,,0
vehicle_positions_11_110303.parquet,FAIL,7610,30,False,True,,0,,,0
vehicle_positions_11_110333.parquet,FAIL,7591,29,False,True,,0,,,0
vehicle_positions_11_110404.parquet,FAIL,7584,29,False,True,,0,,,0
vehicle_positions_11_110435.parquet,FAIL,7592,30,False,True,,0,,,0
vehicle_positions_11_110505.parquet,FAIL,7588,30,False,True,,0,,,0
vehicle_positions_11_110535.parquet,FAIL,7617,30,False,True,,0,,,0
vehicle_positions_11_110606.parquet,FAIL,7569,30,False,True,,0,,,0
vehicle_positions_11_110637.parquet,FAIL,7594,30,False,True,,0,,,0
vehicle_positions_11_110707.parquet,FAIL,7608,30,False,True,,0,,,0
vehicle_positions_11_110737.parquet,FAIL,7571,29,False,True,,0,,,0
vehicle_positions_11_110808.parquet,FAIL,7566,29,False,True,,0,,,0
vehicle_positions_11_110838.parquet,FAIL,7623,30,False,True,,0,,,0
vehicle_positions_11_110909.parquet,FAIL,7650,30,False,True,,0,,,0
vehicle_positions_11_110939.parquet,FAIL,7672,31,False,True,,0,,,0
vehicle_positions_11_111010.parquet,FAIL,7646,30,False,True,,0,,,0
vehicle_positions_11_111040.parquet,FAIL,7601,29,False,True,,0,,,0
vehicle_positions_11_111111.parquet,FAIL,7582,29,False,True,,0,,,0
vehicle_positions_11_111141.parquet,FAIL,7580,29,False,True,,0,,,0
vehicle_positions_11_111212.parquet,FAIL,7605,29,False,True,,0,,,0
vehicle_positions_11_111242.parquet,FAIL,7648,30,False,True,,0,,,0
vehicle_positions_11_111313.parquet,FAIL,7619,29,False,True,,0,,,0
vehicle_positions_11_111343.parquet,FAIL,7632,29,False,True,,0,,,0
vehicle_positions_11_111414.parquet,FAIL,7627,29,False,True,,0,,,0
vehicle_positions_11_111444.parquet,FAIL,7592,28,False,True,,0,,,0
vehicle_positions_11_111515.parquet,FAIL,7588,28,False,True,,0,,,0
vehicle_positions_11_111545.parquet,FAIL,7605,28,False,True,,0,,,0
vehicle_positions_11_111616.parquet,FAIL,7592,28,False,True,,0,,,0
vehicle_positions_11_111647.parquet,FAIL,7683,30,False,True,,0,,,0
vehicle_positions_11_111717.parquet,FAIL,7684,31,False,True,,0,,,0
vehicle_positions_11_111747.parquet,FAIL,7714,31,False,True,,0,,,0
vehicle_positions_11_111818.parquet,FAIL,7679,30,False,True,,0,,,0
vehicle_positions_11_111848.parquet,FAIL,7651,30,False,True,,0,,,0
vehicle_positions_11_111919.parquet,FAIL,7686,31,False,True,,0,,,0
vehicle_positions_11_111949.parquet,FAIL,7694,31,False,True,,0,,,0
vehicle_positions_11_112020.parquet,FAIL,7687,31,False,True,,0,,,0
vehicle_positions_11_112050.parquet,FAIL,7677,31,False,True,,0,,,0
vehicle_positions_11_112121.parquet,FAIL,7737,32,False,True,,0,,,0
vehicle_positions_11_112151.parquet,FAIL,7847,33,False,True,,0,,,0
vehicle_positions_11_112222.parquet,FAIL,7839,33,False,True,,0,,,0
vehicle_positions_11_112252.parquet,FAIL,7832,33,False,True,,0,,,0
vehicle_positions_11_112323.parquet,FAIL,7850,33,False,True,,0,,,0
vehicle_positions_11_112353.parquet,FAIL,7835,33,False,True,,0,,,0
vehicle_positions_11_112424.parquet,FAIL,7826,33,False,True,,0,,,0
vehicle_positions_11_112454.parquet,FAIL,7821,33,False,True,,0,,,0
vehicle_positions_11_112525.parquet,FAIL,7844,34,False,True,,0,,,0
vehicle_positions_11_112555.parquet,FAIL,7855,34,False,True,,0,,,0
vehicle_positions_11_112626.parquet,FAIL,7887,35,False,True,,0,,,0
vehicle_positions_11_112656.parquet,FAIL,7883,35,False,True,,0,,,0
vehicle_positions_11_112727.parquet,FAIL,7900,35,False,True,,0,,,0
vehicle_positions_11_112757.parquet,FAIL,7913,35,False,True,,0,,,0
vehicle_positions_11_112828.parquet,FAIL,7911,36,False,True,,0,,,0
vehicle_positions_11_112858.parquet,FAIL,7916,36,False,True,,0,,,0
vehicle_positions_11_112929.parquet,FAIL,7904,36,False,True,,0,,,0
vehicle_positions_11_112959.parquet,FAIL,7910,36,False,True,,0,,,0
vehicle_positions_11_113030.parquet,FAIL,7903,36,False,True,,0,,,0
vehicle_positions_11_113101.parquet,FAIL,7887,35,False,True,,0,,,0
vehicle_positions_11_113131.parquet,FAIL,7931,37,False,True,,0,,,0
vehicle_positions_11_113202.parquet,FAIL,7952,37,False,True,,0,,,0
vehicle_positions_11_113232.parquet,FAIL,7991,38,False,True,,0,,,0
vehicle_positions_11_113303.parquet,FAIL,7980,38,False,True,,0,,,0
vehicle_positions_11_113333.parquet,FAIL,7981,38,False,True,,0,,,0
vehicle_positions_11_113404.parquet,FAIL,8014,38,False,True,,0,,,0
vehicle_positions_11_113434.parquet,FAIL,7966,38,False,True,,0,,,0
vehicle_positions_11_113505.parquet,FAIL,7977,38,False,True,,0,,,0
vehicle_positions_11_113535.parquet,FAIL,7950,38,False,True,,0,,,0
vehicle_positions_11_113606.parquet,FAIL,7968,38,False,True,,0,,,0
vehicle_positions_11_113636.parquet,FAIL,7991,38,False,True,,0,,,0
vehicle_positions_11_113707.parquet,FAIL,8038,39,False,True,,0,,,0
vehicle_positions_11_113738.parquet,FAIL,8031,39,False,True,,0,,,0
vehicle_positions_11_113808.parquet,FAIL,8025,39,False,True,,0,,,0
vehicle_positions_11_113838.parquet,FAIL,8015,39,False,True,,0,,,0
vehicle_positions_11_113909.parquet,FAIL,8066,40,False,True,,0,,,0
vehicle_positions_11_113939.parquet,FAIL,8038,39,False,True,,0,,,0
vehicle_positions_11_114010.parquet,FAIL,8019,39,False,True,,0,,,0
vehicle_positions_11_114040.parquet,FAIL,8050,40,False,True,,0,,,0
vehicle_positions_11_114111.parquet,FAIL,8044,40,False,True,,0,,,0
vehicle_positions_11_114141.parquet,FAIL,8147,41,False,True,,0,,,0
vehicle_positions_11_114212.parquet,FAIL,8141,42,False,True,,0,,,0
vehicle_positions_11_114242.parquet,FAIL,8195,42,False,True,,0,,,0
vehicle_positions_11_114313.parquet,FAIL,8152,42,False,True,,0,,,0
vehicle_positions_11_114344.parquet,FAIL,8256,44,False,True,,0,,,0
vehicle_positions_11_114414.parquet,FAIL,8277,45,False,True,,0,,,0
vehicle_positions_11_114445.parquet,FAIL,8312,46,False,True,,0,,,0
vehicle_positions_11_114516.parquet,FAIL,8319,46,False,True,,0,,,0
vehicle_positions_11_114546.parquet,FAIL,8311,44,False,True,,0,,,0
vehicle_positions_11_114616.parquet,FAIL,8292,44,False,True,,0,,,0
vehicle_positions_11_114647.parquet,FAIL,8290,44,False,True,,0,,,0
vehicle_positions_11_114718.parquet,FAIL,8308,45,False,True,,0,,,0
vehicle_positions_11_114748.parquet,FAIL,8357,46,False,True,,0,,,0
vehicle_positions_11_114818.parquet,FAIL,8379,47,False,True,,0,,,0
vehicle_positions_11_114849.parquet,FAIL,8367,47,False,True,,0,,,0
vehicle_positions_11_114919.parquet,FAIL,8359,47,False,True,,0,,,0
vehicle_positions_11_114950.parquet,FAIL,8421,48,False,True,,0,,,0
vehicle_positions_11_115020.parquet,FAIL,8421,48,False,True,,0,,,0
vehicle_positions_11_115051.parquet,FAIL,8443,48,False,True,,0,,,0
vehicle_positions_11_115121.parquet,FAIL,8532,50,False,True,,0,,,0
vehicle_positions_11_115152.parquet,FAIL,8505,50,False,True,,0,,,0
vehicle_positions_11_115222.parquet,FAIL,8534,50,False,True,,0,,,0
vehicle_positions_11_115253.parquet,FAIL,8524,50,False,True,,0,,,0
vehicle_positions_11_115323.parquet,FAIL,8499,50,False,True,,0,,,0
vehicle_positions_11_115354.parquet,FAIL,8496,50,False,True,,0,,,0
vehicle_positions_11_115424.parquet,FAIL,8521,50,False,True,,0,,,0
vehicle_positions_11_115455.parquet,FAIL,8588,51,False,True,,0,,,0
vehicle_positions_11_115525.parquet,FAIL,8538,51,False,True,,0,,,0
vehicle_positions_11_115556.parquet,FAIL,8496,50,False,True,,0,,,0
vehicle_positions_11_115626.parquet,FAIL,8524,50,False,True,,0,,,0
vehicle_positions_11_115657.parquet,FAIL,8567,52,False,True,,0,,,0
vehicle_positions_11_115727.parquet,FAIL,8589,53,False,True,,0,,,0
vehicle_positions_11_115758.parquet,FAIL,8623,54,False,True,,0,,,0
vehicle_positions_11_115828.parquet,FAIL,8696,55,False,True,,0,,,0
vehicle_positions_11_115859.parquet,FAIL,8671,55,False,True,,0,,,0
vehicle_positions_11_115929.parquet,FAIL,8714,56,False,True,,0,,,0
vehicle_positions_12_120000.parquet,FAIL,8704,56,False,True,,0,,,0
vehicle_positions_12_120030.parquet,FAIL,8827,57,False,True,,0,,,0
vehicle_positions_12_120101.parquet,FAIL,8810,57,False,True,,0,,,0
vehicle_positions_12_120131.parquet,FAIL,8827,59,False,True,,0,,,0
vehicle_positions_12_120202.parquet,FAIL,8870,60,False,True,,0,,,0
vehicle_positions_12_120232.parquet,FAIL,8871,60,False,True,,0,,,0
vehicle_positions_12_120303.parquet,FAIL,8912,61,False,True,,0,,,0
vehicle_positions_12_120333.parquet,FAIL,9024,64,False,True,,0,,,0
vehicle_positions_12_120404.parquet,FAIL,9045,64,False,True,,0,,,0
vehicle_positions_12_120434.parquet,FAIL,9073,64,False,True,,0,,,0
vehicle_positions_12_120505.parquet,FAIL,9045,64,False,True,,0,,,0
vehicle_positions_12_120535.parquet,FAIL,9173,65,False,True,,0,,,0
vehicle_positions_12_120606.parquet,FAIL,9169,65,False,True,,0,,,0
vehicle_positions_12_120636.parquet,FAIL,9203,66,False,True,,0,,,0
vehicle_positions_12_120707.parquet,FAIL,9248,66,False,True,,0,,,0
vehicle_positions_12_120737.parquet,FAIL,9231,67,False,True,,0,,,0
vehicle_positions_12_120808.parquet,FAIL,9317,68,False,True,,0,,,0
vehicle_positions_12_120838.parquet,FAIL,9348,69,False,True,,0,,,0
vehicle_positions_12_120909.parquet,FAIL,9315,68,False,True,,0,,,0
vehicle_positions_12_120939.parquet,FAIL,9337,68,False,True,,0,,,0
vehicle_positions_12_121010.parquet,FAIL,9368,69,False,True,,0,,,0
vehicle_positions_12_121040.parquet,FAIL,9362,69,False,True,,0,,,0
vehicle_positions_12_121111.parquet,FAIL,9435,72,False,True,,0,,,0
vehicle_positions_12_121141.parquet,FAIL,9562,74,False,True,,0,,,0
vehicle_positions_12_121212.parquet,FAIL,9659,77,False,True,,0,,,0
vehicle_positions_12_121242.parquet,FAIL,9672,77,False,True,,0,,,0
vehicle_positions_12_121313.parquet,FAIL,9646,77,False,True,,0,,,0
vehicle_positions_12_121343.parquet,FAIL,9726,80,False,True,,0,,,0
vehicle_positions_12_121414.parquet,FAIL,9852,82,False,True,,0,,,0
vehicle_positions_12_121444.parquet,FAIL,9919,85,False,True,,0,,,0
vehicle_positions_12_121515.parquet,FAIL,9943,86,False,True,,0,,,0
vehicle_positions_12_121545.parquet,FAIL,9918,85,False,True,,0,,,0
vehicle_positions_12_121616.parquet,FAIL,9919,86,False,True,,0,,,0
vehicle_positions_12_121646.parquet,FAIL,10124,89,False,True,,0,,,0
vehicle_positions_12_121717.parquet,FAIL,10197,91,False,True,,0,,,0
vehicle_positions_12_121747.parquet,FAIL,10140,90,False,True,,0,,,0
vehicle_positions_12_121818.parquet,FAIL,10189,91,False,True,,0,,,0
vehicle_positions_12_121848.parquet,FAIL,10237,94,False,True,,0,,,0
vehicle_positions_12_121919.parquet,FAIL,10199,94,False,True,,0,,,0
vehicle_positions_12_121949.parquet,FAIL,10280,95,False,True,,0,,,0
vehicle_positions_12_122020.parquet,FAIL,10440,100,False,True,,0,,,0
vehicle_positions_12_122050.parquet,FAIL,10380,100,False,True,,0,,,0
vehicle_positions_12_122121.parquet,FAIL,10511,103,False,True,,0,,,0
vehicle_positions_12_122152.parquet,FAIL,10512,103,False,True,,0,,,0
vehicle_positions_12_122222.parquet,FAIL,10642,105,False,True,,0,,,0
vehicle_positions_12_122253.parquet,FAIL,10723,107,False,True,,0,,,0
vehicle_positions_12_122323.parquet,FAIL,10787,108,False,True,,0,,,0
vehicle_positions_12_122354.parquet,FAIL,10773,108,False,True,,0,,,0
vehicle_positions_12_122424.parquet,FAIL,10780,109,False,True,,0,,,0
vehicle_positions_12_122455.parquet,FAIL,10828,111,False,True,,0,,,0
vehicle_positions_12_122525.parquet,FAIL,10884,112,False,True,,0,,,0
vehicle_positions_12_122556.parquet,FAIL,10967,113,False,True,,0,,,0
vehicle_positions_12_122626.parquet,FAIL,10956,113,False,True,,0,,,0
vehicle_positions_12_122657.parquet,FAIL,10966,114,False,True,,0,,,0
vehicle_positions_12_122727.parquet,FAIL,11043,117,False,True,,0,,,0
vehicle_positions_12_122758.parquet,FAIL,11067,117,False,True,,0,,,0
vehicle_positions_12_122828.parquet,FAIL,11124,120,False,True,,0,,,0
vehicle_positions_12_122859.parquet,FAIL,11318,123,False,True,,0,,,0
vehicle_positions_12_122929.parquet,FAIL,11261,122,False,True,,0,,,0
vehicle_positions_12_123000.parquet,FAIL,11325,124,False,True,,0,,,0
vehicle_positions_12_123032.parquet,FAIL,11385,127,False,True,,0,,,0
vehicle_positions_12_123102.parquet,FAIL,11399,127,False,True,,0,,,0
vehicle_positions_12_123133.parquet,FAIL,11552,129,False,True,,0,,,0
vehicle_positions_12_123204.parquet,FAIL,11622,130,False,True,,0,,,0
vehicle_positions_12_123234.parquet,FAIL,11482,128,False,True,,0,,,0
vehicle_positions_12_123305.parquet,FAIL,11619,129,False,True,,0,,,0
vehicle_positions_12_123335.parquet,FAIL,11629,130,False,True,,0,,,0
vehicle_positions_12_123406.parquet,FAIL,11726,132,False,True,,0,,,0
vehicle_positions_12_123436.parquet,FAIL,11987,138,False,True,,0,,,0
vehicle_positions_12_123507.parquet,FAIL,12030,140,False,True,,0,,,0
vehicle_positions_12_123537.parquet,FAIL,11984,139,False,True,,0,,,0
vehicle_positions_12_123608.parquet,FAIL,12002,141,False,True,,0,,,0
vehicle_positions_12_123638.parquet,FAIL,12092,144,False,True,,0,,,0
vehicle_positions_12_123709.parquet,FAIL,12229,147,False,True,,0,,,0
vehicle_positions_12_123739.parquet,FAIL,12191,146,False,True,,0,,,0
vehicle_positions_12_123810.parquet,FAIL,12519,155,False,True,,0,,,0
vehicle_positions_12_123840.parquet,FAIL,12546,156,False,True,,0,,,0
vehicle_positions_12_123911.parquet,FAIL,12553,157,False,True,,0,,,0
vehicle_positions_12_123941.parquet,FAIL,12541,158,False,True,,0,,,0
vehicle_positions_12_124012.parquet,FAIL,12607,160,False,True,,0,,,0
vehicle_positions_12_124042.parquet,FAIL,12740,164,False,True,,0,,,0
vehicle_positions_12_124113.parquet,FAIL,12817,165,False,True,,0,,,0
vehicle_positions_12_124143.parquet,FAIL,12920,168,False,True,,0,,,0
vehicle_positions_12_124214.parquet,FAIL,13043,171,False,True,,0,,,0
vehicle_positions_12_124244.parquet,FAIL,13152,175,False,True,,0,,,0
vehicle_positions_12_124315.parquet,FAIL,13181,175,False,True,,0,,,0
vehicle_positions_12_124346.parquet,FAIL,13287,177,False,True,,0,,,0
vehicle_positions_12_124416.parquet,FAIL,13355,180,False,True,,0,,,0
vehicle_positions_12_124447.parquet,FAIL,13372,181,False,True,,0,,,0
vehicle_positions_12_124517.parquet,FAIL,13389,182,False,True,,0,,,0
vehicle_positions_12_124548.parquet,FAIL,13546,185,False,True,,0,,,0
vehicle_positions_12_124619.parquet,FAIL,13528,186,False,True,,0,,,0
vehicle_positions_12_124649.parquet,FAIL,13564,186,False,True,,0,,,0
vehicle_positions_12_124720.parquet,FAIL,13593,187,False,True,,0,,,0
vehicle_positions_12_124750.parquet,FAIL,13556,186,False,True,,0,,,0
vehicle_positions_12_124821.parquet,FAIL,13602,189,False,True,,0,,,0
vehicle_positions_12_124852.parquet,FAIL,13645,190,False,True,,0,,,0
vehicle_positions_12_124922.parquet,FAIL,13624,190,False,True,,0,,,0
vehicle_positions_12_124953.parquet,FAIL,13805,195,False,True,,0,,,0
vehicle_positions_12_125023.parquet,FAIL,13948,197,False,True,,0,,,0
vehicle_positions_12_125054.parquet,FAIL,14062,199,False,True,,0,,,0
vehicle_positions_12_125124.parquet,FAIL,13984,198,False,True,,0,,,0
vehicle_positions_12_125155.parquet,FAIL,14007,199,False,True,,0,,,0
vehicle_positions_12_125225.parquet,FAIL,14228,201,False,True,,0,,,0
vehicle_positions_12_125256.parquet,FAIL,14398,210,False,True,,0,,,0
vehicle_positions_12_125326.parquet,FAIL,14468,213,False,True,,0,,,0
vehicle_positions_12_125357.parquet,FAIL,14534,215,False,True,,0,,,0
vehicle_positions_12_125428.parquet,FAIL,14737,218,False,True,,0,,,0
vehicle_positions_12_125458.parquet,FAIL,14827,220,False,True,,0,,,0
vehicle_positions_12_125529.parquet,FAIL,14795,221,False,True,,0,,,0
vehicle_positions_12_125559.parquet,FAIL,15059,228,False,True,,0,,,0
vehicle_positions_12_125630.parquet,FAIL,15196,231,False,True,,0,,,0
vehicle_positions_12_125700.parquet,FAIL,15389,237,False,True,,0,,,0
vehicle_positions_12_125731.parquet,FAIL,15403,235,False,True,,0,,,0
vehicle_positions_12_125802.parquet,FAIL,15619,241,False,True,,0,,,0
vehicle_positions_12_125832.parquet,FAIL,15675,241,False,True,,0,,,0
vehicle_positions_12_125903.parquet,FAIL,15753,247,False,True,,0,,,0
vehicle_positions_12_125933.parquet,FAIL,15742,248,False,True,,0,,,0
vehicle_positions_13_130004.parquet,FAIL,15906,250,False,True,,0,,,0
vehicle_positions_13_130034.parquet,FAIL,16238,257,False,True,,0,,,0
vehicle_positions_13_130105.parquet,FAIL,16190,257,False,True,,0,,,0
vehicle_positions_13_130136.parquet,FAIL,16241,257,False,True,,0,,,0
vehicle_positions_13_130206.parquet,FAIL,16275,261,False,True,,0,,,0
vehicle_positions_13_130237.parquet,FAIL,16387,264,False,True,,0,,,0
vehicle_positions_13_130307.parquet,FAIL,16539,265,False,True,,0,,,0
vehicle_positions_13_130338.parquet,FAIL,16400,264,False,True,,0,,,0
vehicle_positions_13_130408.parquet,FAIL,16563,266,False,True,,0,,,0
vehicle_positions_13_130439.parquet,FAIL,16677,271,False,True,,0,,,0
vehicle_positions_13_130510.parquet,FAIL,16818,273,False,True,,0,,,0
vehicle_positions_13_130540.parquet,FAIL,16913,275,False,True,,0,,,0
vehicle_positions_13_130611.parquet,FAIL,16853,274,False,True,,0,,,0
vehicle_positions_13_130641.parquet,FAIL,16805,275,False,True,,0,,,0
vehicle_positions_13_130712.parquet,FAIL,16957,279,False,True,,0,,,0
vehicle_positions_13_130742.parquet,FAIL,17008,280,False,True,,0,,,0
vehicle_positions_13_130813.parquet,FAIL,16932,280,False,True,,0,,,0
vehicle_positions_13_130844.parquet,FAIL,17198,283,False,True,,0,,,0
vehicle_positions_13_130914.parquet,FAIL,17131,284,False,True,,0,,,0
vehicle_positions_13_130945.parquet,FAIL,17145,284,False,True,,0,,,0
vehicle_positions_13_131016.parquet,FAIL,17207,287,False,True,,0,,,0
vehicle_positions_13_131046.parquet,FAIL,17137,286,False,True,,0,,,0
vehicle_positions_13_131117.parquet,FAIL,17275,289,False,True,,0,,,0
vehicle_positions_13_131148.parquet,FAIL,17356,292,False,True,,0,,,0
vehicle_positions_13_131218.parquet,FAIL,17379,293,False,True,,0,,,0
vehicle_positions_13_131249.parquet,FAIL,17377,294,False,True,,0,,,0
vehicle_positions_13_131319.parquet,FAIL,17487,297,False,True,,0,,,0
vehicle_positions_13_131350.parquet,FAIL,17623,300,False,True,,0,,,0
vehicle_positions_13_131421.parquet,FAIL,17895,307,False,True,,0,,,0
vehicle_positions_13_131451.parquet,FAIL,17873,306,False,True,,0,,,0
vehicle_positions_13_131522.parquet,FAIL,18007,312,False,True,,0,,,0
vehicle_positions_13_131553.parquet,FAIL,18121,316,False,True,,0,,,0
vehicle_positions_13_131623.parquet,FAIL,18218,317,False,True,,0,,,0
vehicle_positions_13_131654.parquet,FAIL,18229,320,False,True,,0,,,0
vehicle_positions_13_131724.parquet,FAIL,18175,317,False,True,,0,,,0
vehicle_positions_13_131755.parquet,FAIL,18203,318,False,True,,0,,,0
vehicle_positions_13_131826.parquet,FAIL,18200,320,False,True,,0,,,0
vehicle_positions_13_131856.parquet,FAIL,18371,321,False,True,,0,,,0
vehicle_positions_13_131927.parquet,FAIL,18554,325,False,True,,0,,,0
vehicle_positions_13_131957.parquet,FAIL,18563,326,False,True,,0,,,0
vehicle_positions_13_132028.parquet,FAIL,18684,331,False,True,,0,,,0
vehicle_positions_13_132059.parquet,FAIL,18726,331,False,True,,0,,,0
vehicle_positions_13_132129.parquet,FAIL,18761,332,False,True,,0,,,0
vehicle_positions_13_132200.parquet,FAIL,18819,332,False,True,,0,,,0
vehicle_positions_13_132230.parquet,FAIL,18878,335,False,True,,0,,,0
vehicle_positions_13_132301.parquet,FAIL,18890,338,False,True,,0,,,0
vehicle_positions_13_132331.parquet,FAIL,19028,338,False,True,,0,,,0
vehicle_positions_13_132402.parquet,FAIL,19065,341,False,True,,0,,,0
vehicle_positions_13_132433.parquet,FAIL,19067,342,False,True,,0,,,0
vehicle_positions_13_132503.parquet,FAIL,19061,344,False,True,,0,,,0
vehicle_positions_13_132534.parquet,FAIL,19180,348,False,True,,0,,,0
vehicle_positions_13_132605.parquet,FAIL,19446,353,False,True,,0,,,0
vehicle_positions_13_132635.parquet,FAIL,19395,355,False,True,,0,,,0
vehicle_positions_13_132706.parquet,FAIL,19442,355,False,True,,0,,,0
vehicle_positions_13_132736.parquet,FAIL,19489,355,False,True,,0,,,0
vehicle_positions_13_132807.parquet,FAIL,19489,354,False,True,,0,,,0
vehicle_positions_13_132837.parquet,FAIL,19524,357,False,True,,0,,,0
vehicle_positions_13_132908.parquet,FAIL,19596,358,False,True,,0,,,0
vehicle_positions_13_132939.parquet,FAIL,19699,362,False,True,,0,,,0
vehicle_positions_13_133009.parquet,FAIL,19790,364,False,True,,0,,,0
vehicle_positions_13_133040.parquet,FAIL,19805,366,False,True,,0,,,0
vehicle_positions_13_133110.parquet,FAIL,19785,365,False,True,,0,,,0
vehicle_positions_13_133141.parquet,FAIL,19845,367,False,True,,0,,,0
vehicle_positions_13_133211.parquet,FAIL,20038,370,False,True,,0,,,0
vehicle_positions_13_133243.parquet,FAIL,19987,369,False,True,,0,,,0
vehicle_positions_13_133314.parquet,FAIL,20033,371,False,True,,0,,,0
vehicle_positions_13_133344.parquet,FAIL,20021,373,False,True,,0,,,0
vehicle_positions_13_133415.parquet,FAIL,20199,376,False,True,,0,,,0
vehicle_positions_13_133445.parquet,FAIL,20128,376,False,True,,0,,,0
vehicle_positions_13_133516.parquet,FAIL,20340,378,False,True,,0,,,0
vehicle_positions_13_133546.parquet,FAIL,20385,383,False,True,,0,,,0
vehicle_positions_13_133617.parquet,FAIL,20445,384,False,True,,0,,,0
vehicle_positions_13_133648.parquet,FAIL,20413,382,False,True,,0,,,0
vehicle_positions_13_133718.parquet,FAIL,20340,381,False,True,,0,,,0
vehicle_positions_13_133749.parquet,FAIL,20361,382,False,True,,0,,,0
vehicle_positions_13_133819.parquet,FAIL,20480,383,False,True,,0,,,0
vehicle_positions_13_133850.parquet,FAIL,20449,384,False,True,,0,,,0
vehicle_positions_13_133920.parquet,FAIL,20582,386,False,True,,0,,,0
vehicle_positions_13_133951.parquet,FAIL,20579,386,False,True,,0,,,0
vehicle_positions_13_134021.parquet,FAIL,20758,390,False,True,,0,,,0
vehicle_positions_13_134052.parquet,FAIL,20774,394,False,True,,0,,,0
vehicle_positions_13_134123.parquet,FAIL,20822,394,False,True,,0,,,0
vehicle_positions_13_134153.parquet,FAIL,20672,392,False,True,,0,,,0
vehicle_positions_13_134224.parquet,FAIL,20667,392,False,True,,0,,,0
vehicle_positions_13_134254.parquet,FAIL,20730,391,False,True,,0,,,0
vehicle_positions_13_134325.parquet,FAIL,20688,389,False,True,,0,,,0
vehicle_positions_13_134355.parquet,FAIL,20702,390,False,True,,0,,,0
vehicle_positions_13_134426.parquet,FAIL,20847,393,False,True,,0,,,0
vehicle_positions_13_134456.parquet,FAIL,20855,395,False,True,,0,,,0
vehicle_positions_13_134527.parquet,FAIL,21066,401,False,True,,0,,,0
vehicle_positions_13_134558.parquet,FAIL,21195,403,False,True,,0,,,0
vehicle_positions_13_134628.parquet,FAIL,21257,406,False,True,,0,,,0
vehicle_positions_13_134659.parquet,FAIL,21223,405,False,True,,0,,,0
vehicle_positions_13_134730.parquet,FAIL,21217,404,False,True,,0,,,0
vehicle_positions_13_134800.parquet,FAIL,21177,404,False,True,,0,,,0
vehicle_positions_13_134831.parquet,FAIL,21249,407,False,True,,0,,,0
vehicle_positions_13_134901.parquet,FAIL,21388,409,False,True,,0,,,0
vehicle_positions_13_134932.parquet,FAIL,21549,415,False,True,,0,,,0
vehicle_positions_13_135002.parquet,FAIL,21517,414,False,True,,0,,,0
vehicle_positions_13_135033.parquet,FAIL,21700,421,False,True,,0,,,0
vehicle_positions_13_135104.parquet,FAIL,21726,420,False,True,,0,,,0
vehicle_positions_13_135134.parquet,FAIL,21712,421,False,True,,0,,,0
vehicle_positions_13_135205.parquet,FAIL,21820,424,False,True,,0,,,0
vehicle_positions_13_135235.parquet,FAIL,21887,425,False,True,,0,,,0
vehicle_positions_13_135306.parquet,FAIL,21991,427,False,True,,0,,,0
vehicle_positions_13_135336.parquet,FAIL,22071,429,False,True,,0,,,0
vehicle_positions_13_135407.parquet,FAIL,22095,432,False,True,,0,,,0
vehicle_positions_13_135438.parquet,FAIL,22143,432,False,True,,0,,,0
vehicle_positions_13_135508.parquet,FAIL,22323,435,False,True,,0,,,0
vehicle_positions_13_135539.parquet,FAIL,22286,434,False,True,,0,,,0
vehicle_positions_13_135609.parquet,FAIL,22375,436,False,True,,0,,,0
vehicle_positions_13_135640.parquet,FAIL,22274,434,False,True,,0,,,0
vehicle_positions_13_135710.parquet,FAIL,22248,434,False,True,,0,,,0
vehicle_positions_13_135741.parquet,FAIL,22209,434,False,True,,0,,,0
vehicle_positions_13_135811.parquet,FAIL,22200,434,False,True,,0,,,0
vehicle_positions_13_135842.parquet,FAIL,22271,434,False,True,,0,,,0
vehicle_positions_13_135912.parquet,FAIL,22445,442,False,True,,0,,,0
vehicle_positions_13_135943.parquet,FAIL,22590,446,False,True,,0,,,0
vehicle_positions_14_140014.parquet,FAIL,22831,450,False,True,,0,,,0
vehicle_positions_14_140044.parquet,FAIL,22870,454,False,True,,0,,,0
vehicle_positions_14_140115.parquet,FAIL,22785,454,False,True,,0,,,0
vehicle_positions_14_140145.parquet,FAIL,22797,454,False,True,,0,,,0
vehicle_positions_14_140216.parquet,FAIL,22939,455,False,True,,0,,,0
vehicle_positions_14_140246.parquet,FAIL,22959,456,False,True,,0,,,0
vehicle_positions_14_140317.parquet,FAIL,22809,453,False,True,,0,,,0
vehicle_positions_14_140348.parquet,FAIL,22929,456,False,True,,0,,,0
vehicle_positions_14_140418.parquet,FAIL,23070,458,False,True,,0,,,0
vehicle_positions_14_140449.parquet,FAIL,23072,460,False,True,,0,,,0
vehicle_positions_14_140519.parquet,FAIL,23329,466,False,True,,0,,,0
vehicle_positions_14_140550.parquet,FAIL,23236,466,False,True,,0,,,0
vehicle_positions_14_140620.parquet,FAIL,23335,469,False,True,,0,,,0
vehicle_positions_14_140651.parquet,FAIL,23304,469,False,True,,0,,,0
vehicle_positions_14_140722.parquet,FAIL,23308,470,False,True,,0,,,0
vehicle_positions_14_140752.parquet,FAIL,23439,471,False,True,,0,,,0
vehicle_positions_14_140823.parquet,FAIL,23505,472,False,True,,0,,,0
vehicle_positions_14_140854.parquet,FAIL,23462,473,False,True,,0,,,0
vehicle_positions_14_140924.parquet,FAIL,23469,473,False,True,,0,,,0
vehicle_positions_14_140955.parquet,FAIL,23594,479,False,True,,0,,,0
vehicle_positions_14_141025.parquet,FAIL,23624,480,False,True,,0,,,0
vehicle_positions_14_141056.parquet,FAIL,23747,482,False,True,,0,,,0
vehicle_positions_14_141127.parquet,FAIL,23751,481,False,True,,0,,,0
vehicle_positions_14_141157.parquet,FAIL,23624,478,False,True,,0,,,0
vehicle_positions_14_141228.parquet,FAIL,23642,479,False,True,,0,,,0
vehicle_positions_14_141259.parquet,FAIL,23796,481,False,True,,0,,,0
vehicle_positions_14_141329.parquet,FAIL,23819,481,False,True,,0,,,0
vehicle_positions_14_141400.parquet,FAIL,23689,480,False,True,,0,,,0
vehicle_positions_14_141430.parquet,FAIL,23847,483,False,True,,0,,,0
vehicle_positions_14_141501.parquet,FAIL,23810,484,False,True,,0,,,0
vehicle_positions_14_141531.parquet,FAIL,23929,486,False,True,,0,,,0
vehicle_positions_14_141602.parquet,FAIL,24047,489,False,True,,0,,,0
vehicle_positions_14_141633.parquet,FAIL,24087,491,False,True,,0,,,0
vehicle_positions_14_141703.parquet,FAIL,24210,493,False,True,,0,,,0
vehicle_positions_14_141734.parquet,FAIL,24212,494,False,True,,0,,,0
vehicle_positions_14_141804.parquet,FAIL,24237,495,False,True,,0,,,0
vehicle_positions_14_141835.parquet,FAIL,24148,495,False,True,,0,,,0
vehicle_positions_14_141905.parquet,FAIL,24241,495,False,True,,0,,,0
vehicle_positions_14_141936.parquet,FAIL,24415,497,False,True,,0,,,0
vehicle_positions_14_142007.parquet,FAIL,24315,494,False,True,,0,,,0
vehicle_positions_14_142037.parquet,FAIL,24325,497,False,True,,0,,,0
vehicle_positions_14_142108.parquet,FAIL,24176,494,False,True,,0,,,0
vehicle_positions_14_142139.parquet,FAIL,24246,496,False,True,,0,,,0
vehicle_positions_14_142209.parquet,FAIL,24415,501,False,True,,0,,,0
vehicle_positions_14_142240.parquet,FAIL,24405,502,False,True,,0,,,0
vehicle_positions_14_142310.parquet,FAIL,24422,501,False,True,,0,,,0
vehicle_positions_14_142341.parquet,FAIL,24324,500,False,True,,0,,,0
vehicle_positions_14_142412.parquet,FAIL,24528,502,False,True,,0,,,0
vehicle_positions_14_142442.parquet,FAIL,24386,500,False,True,,0,,,0
vehicle_positions_14_142513.parquet,FAIL,24453,502,False,True,,0,,,0
vehicle_positions_14_142543.parquet,FAIL,24439,502,False,True,,0,,,0
vehicle_positions_14_142614.parquet,FAIL,24377,500,False,True,,0,,,0
vehicle_positions_14_142644.parquet,FAIL,24437,502,False,True,,0,,,0
vehicle_positions_14_142716.parquet,FAIL,24524,504,False,True,,0,,,0
vehicle_positions_14_142746.parquet,FAIL,24498,504,False,True,,0,,,0
vehicle_positions_14_142817.parquet,FAIL,24446,501,False,True,,0,,,0
vehicle_positions_14_142847.parquet,FAIL,24452,501,False,True,,0,,,0
vehicle_positions_14_142918.parquet,FAIL,24458,499,False,True,,0,,,0
vehicle_positions_14_142949.parquet,FAIL,24498,503,False,True,,0,,,0
vehicle_positions_14_143019.parquet,FAIL,24713,507,False,True,,0,,,0
vehicle_positions_14_143050.parquet,FAIL,24710,510,False,True,,0,,,0
vehicle_positions_14_143121.parquet,FAIL,25098,514,False,True,,0,,,0
vehicle_positions_14_143151.parquet,FAIL,25230,520,False,True,,0,,,0
vehicle_positions_14_143222.parquet,FAIL,25423,522,False,True,,0,,,0
vehicle_positions_14_143253.parquet,FAIL,25482,524,False,True,,0,,,0
vehicle_positions_14_143324.parquet,FAIL,25443,523,False,True,,0,,,0
vehicle_positions_14_143354.parquet,FAIL,25478,525,False,True,,0,,,0
vehicle_positions_14_143425.parquet,FAIL,25651,529,False,True,,0,,,0
vehicle_positions_14_143456.parquet,FAIL,25799,532,False,True,,0,,,0
vehicle_positions_14_143526.parquet,FAIL,25852,533,False,True,,0,,,0
vehicle_positions_14_143557.parquet,FAIL,25850,534,False,True,,0,,,0
vehicle_positions_14_143628.parquet,FAIL,25963,536,False,True,,0,,,0
vehicle_positions_14_143658.parquet,FAIL,25858,533,False,True,,0,,,0
vehicle_positions_14_143729.parquet,FAIL,25768,531,False,True,,0,,,0
vehicle_positions_14_143759.parquet,FAIL,25747,532,False,True,,0,,,0
vehicle_positions_14_143830.parquet,FAIL,25895,533,False,True,,0,,,0
vehicle_positions_14_143901.parquet,FAIL,25794,532,False,True,,0,,,0
vehicle_positions_14_143932.parquet,FAIL,25657,531,False,True,,0,,,0
vehicle_positions_14_144002.parquet,FAIL,25828,532,False,True,,0,,,0
vehicle_positions_14_144033.parquet,FAIL,25730,533,False,True,,0,,,0
vehicle_positions_14_144103.parquet,FAIL,25940,537,False,True,,0,,,0
vehicle_positions_14_144134.parquet,FAIL,25766,536,False,True,,0,,,0
vehicle_positions_14_144205.parquet,FAIL,25934,537,False,True,,0,,,0
vehicle_positions_14_144235.parquet,FAIL,25962,536,False,True,,0,,,0
vehicle_positions_14_144306.parquet,FAIL,25802,536,False,True,,0,,,0
vehicle_positions_14_144337.parquet,FAIL,25844,536,False,True,,0,,,0
vehicle_positions_14_144407.parquet,FAIL,26000,539,False,True,,0,,,0
vehicle_positions_14_144438.parquet,FAIL,25979,538,False,True,,0,,,0
vehicle_positions_14_144509.parquet,FAIL,26103,540,False,True,,0,,,0
vehicle_positions_14_144539.parquet,FAIL,26276,546,False,True,,0,,,0
vehicle_positions_14_144610.parquet,FAIL,26255,547,False,True,,0,,,0
vehicle_positions_14_144641.parquet,FAIL,26302,546,False,True,,0,,,0
vehicle_positions_14_144711.parquet,FAIL,26272,548,False,True,,0,,,0
vehicle_positions_14_144742.parquet,FAIL,26316,548,False,True,,0,,,0
vehicle_positions_14_144813.parquet,FAIL,26411,548,False,True,,0,,,0
vehicle_positions_14_144844.parquet,FAIL,26465,549,False,True,,0,,,0
vehicle_positions_14_144914.parquet,FAIL,26451,548,False,True,,0,,,0
vehicle_positions_14_144945.parquet,FAIL,26409,547,False,True,,0,,,0
vehicle_positions_14_145016.parquet,FAIL,26458,549,False,True,,0,,,0
vehicle_positions_14_145047.parquet,FAIL,26441,550,False,True,,0,,,0
vehicle_positions_14_145117.parquet,FAIL,26496,549,False,True,,0,,,0
vehicle_positions_14_145148.parquet,FAIL,26393,551,False,True,,0,,,0
vehicle_positions_14_145218.parquet,FAIL,26464,551,False,True,,0,,,0
vehicle_positions_14_145249.parquet,FAIL,26488,552,False,True,,0,,,0
vehicle_positions_14_145320.parquet,FAIL,26420,551,False,True,,0,,,0
vehicle_positions_14_145350.parquet,FAIL,26421,551,False,True,,0,,,0
vehicle_positions_14_145421.parquet,FAIL,26484,551,False,True,,0,,,0
vehicle_positions_14_145452.parquet,FAIL,26457,551,False,True,,0,,,0
vehicle_positions_14_145522.parquet,FAIL,26526,552,False,True,,0,,,0
vehicle_positions_14_145553.parquet,FAIL,26621,553,False,True,,0,,,0
vehicle_positions_14_145624.parquet,FAIL,26449,549,False,True,,0,,,0
vehicle_positions_14_145654.parquet,FAIL,26372,549,False,True,,0,,,0
vehicle_positions_14_145725.parquet,FAIL,26361,549,False,True,,0,,,0
vehicle_positions_14_145756.parquet,FAIL,26367,549,False,True,,0,,,0
vehicle_positions_14_145826.parquet,FAIL,26424,550,False,True,,0,,,0
vehicle_positions_14_145857.parquet,FAIL,26562,553,False,True,,0,,,0
vehicle_positions_14_145927.parquet,FAIL,26630,554,False,True,,0,,,0
vehicle_positions_14_145958.parquet,FAIL,26674,556,False,True,,0,,,0
vehicle_positions_15_150029.parquet,FAIL,26614,554,False,True,,0,,,0
vehicle_positions_15_150059.parquet,FAIL,26922,559,False,True,,0,,,0
vehicle_positions_15_150130.parquet,FAIL,27041,562,False,True,,0,,,0
vehicle_positions_15_150201.parquet,FAIL,27169,565,False,True,,0,,,0
vehicle_positions_15_150231.parquet,FAIL,27208,570,False,True,,0,,,0
vehicle_positions_15_150302.parquet,FAIL,27300,571,False,True,,0,,,0
vehicle_positions_15_150333.parquet,FAIL,27284,569,False,True,,0,,,0
vehicle_positions_15_150403.parquet,FAIL,27329,574,False,True,,0,,,0
vehicle_positions_15_150434.parquet,FAIL,27216,572,False,True,,0,,,0
vehicle_positions_15_150505.parquet,FAIL,27164,573,False,True,,0,,,0
vehicle_positions_15_150535.parquet,FAIL,27348,578,False,True,,0,,,0
vehicle_positions_15_150606.parquet,FAIL,27446,578,False,True,,0,,,0
vehicle_positions_15_150636.parquet,FAIL,27506,581,False,True,,0,,,0
vehicle_positions_15_150707.parquet,FAIL,27486,582,False,True,,0,,,0
vehicle_positions_15_150738.parquet,FAIL,27491,582,False,True,,0,,,0
vehicle_positions_15_150808.parquet,FAIL,27544,584,False,True,,0,,,0
vehicle_positions_15_150839.parquet,FAIL,27427,581,False,True,,0,,,0
vehicle_positions_15_150910.parquet,FAIL,27492,581,False,True,,0,,,0
vehicle_positions_15_150940.parquet,FAIL,27538,579,False,True,,0,,,0
vehicle_positions_15_151011.parquet,FAIL,27480,577,False,True,,0,,,0
vehicle_positions_15_151041.parquet,FAIL,27464,577,False,True,,0,,,0
vehicle_positions_15_151112.parquet,FAIL,27440,578,False,True,,0,,,0
vehicle_positions_15_151143.parquet,FAIL,27479,579,False,True,,0,,,0
vehicle_positions_15_151213.parquet,FAIL,27601,581,False,True,,0,,,0
vehicle_positions_15_151244.parquet,FAIL,27540,583,False,True,,0,,,0
vehicle_positions_15_151315.parquet,FAIL,27609,583,False,True,,0,,,0
vehicle_positions_15_151345.parquet,FAIL,27601,583,False,True,,0,,,0
vehicle_positions_15_151416.parquet,FAIL,27546,582,False,True,,0,,,0
vehicle_positions_15_151447.parquet,FAIL,27466,579,False,True,,0,,,0
vehicle_positions_15_151517.parquet,FAIL,27567,581,False,True,,0,,,0
vehicle_positions_15_151548.parquet,FAIL,27545,583,False,True,,0,,,0
vehicle_positions_15_151619.parquet,FAIL,27741,586,False,True,,0,,,0
vehicle_positions_15_151649.parquet,FAIL,27637,584,False,True,,0,,,0
vehicle_positions_15_151720.parquet,FAIL,27538,582,False,True,,0,,,0
vehicle_positions_15_151751.parquet,FAIL,27561,580,False,True,,0,,,0
vehicle_positions_15_151821.parquet,FAIL,27499,582,False,True,,0,,,0
vehicle_positions_15_151852.parquet,FAIL,27783,588,False,True,,0,,,0
vehicle_positions_15_151922.parquet,FAIL,27873,591,False,True,,0,,,0
vehicle_positions_15_151953.parquet,FAIL,27964,594,False,True,,0,,,0
vehicle_positions_15_152024.parquet,FAIL,28055,596,False,True,,0,,,0
vehicle_positions_15_152054.parquet,FAIL,28135,598,False,True,,0,,,0
vehicle_positions_15_152125.parquet,FAIL,28022,598,False,True,,0,,,0
vehicle_positions_15_152156.parquet,FAIL,28040,596,False,True,,0,,,0
vehicle_positions_15_152226.parquet,FAIL,27937,594,False,True,,0,,,0
vehicle_positions_15_152257.parquet,FAIL,27978,594,False,True,,0,,,0
vehicle_positions_15_152328.parquet,FAIL,27821,591,False,True,,0,,,0
vehicle_positions_15_152358.parquet,FAIL,27945,595,False,True,,0,,,0
vehicle_positions_15_152429.parquet,FAIL,27996,595,False,True,,0,,,0
vehicle_positions_15_152500.parquet,FAIL,27867,594,False,True,,0,,,0
vehicle_positions_15_152530.parquet,FAIL,27985,594,False,True,,0,,,0
vehicle_positions_15_152601.parquet,FAIL,27891,595,False,True,,0,,,0
vehicle_positions_15_152631.parquet,FAIL,27854,591,False,True,,0,,,0
vehicle_positions_15_152702.parquet,FAIL,27893,592,False,True,,0,,,0
vehicle_positions_15_152733.parquet,FAIL,27797,592,False,True,,0,,,0
vehicle_positions_15_152803.parquet,FAIL,27932,594,False,True,,0,,,0
vehicle_positions_15_152834.parquet,FAIL,28072,596,False,True,,0,,,0
vehicle_positions_15_152905.parquet,FAIL,28022,597,False,True,,0,,,0
vehicle_positions_15_152935.parquet,FAIL,28003,595,False,True,,0,,,0
vehicle_positions_15_153006.parquet,FAIL,28065,596,False,True,,0,,,0
vehicle_positions_15_153037.parquet,FAIL,28285,602,False,True,,0,,,0
vehicle_positions_15_153107.parquet,FAIL,28105,602,False,True,,0,,,0
vehicle_positions_15_153138.parquet,FAIL,28249,601,False,True,,0,,,0
vehicle_positions_15_153209.parquet,FAIL,28131,600,False,True,,0,,,0
vehicle_positions_15_153239.parquet,FAIL,28288,602,False,True,,0,,,0
vehicle_positions_15_153310.parquet,FAIL,28134,599,False,True,,0,,,0
vehicle_positions_15_153340.parquet,FAIL,28346,605,False,True,,0,,,0
vehicle_positions_15_153411.parquet,FAIL,28265,605,False,True,,0,,,0
vehicle_positions_15_153442.parquet,FAIL,28408,607,False,True,,0,,,0
vehicle_positions_15_153512.parquet,FAIL,28386,607,False,True,,0,,,0
vehicle_positions_15_153543.parquet,FAIL,28463,608,False,True,,0,,,0
vehicle_positions_15_153614.parquet,FAIL,28610,612,False,True,,0,,,0
vehicle_positions_15_153644.parquet,FAIL,28530,612,False,True,,0,,,0
vehicle_positions_15_153715.parquet,FAIL,28579,611,False,True,,0,,,0
vehicle_positions_15_153745.parquet,FAIL,28650,613,False,True,,0,,,0
vehicle_positions_15_153816.parquet,FAIL,28561,609,False,True,,0,,,0
vehicle_positions_15_153847.parquet,FAIL,28425,608,False,True,,0,,,0
vehicle_positions_15_153918.parquet,FAIL,28466,610,False,True,,0,,,0
vehicle_positions_15_153948.parquet,FAIL,28510,612,False,True,,0,,,0
vehicle_positions_15_154019.parquet,FAIL,28536,615,False,True,,0,,,0
vehicle_positions_15_154049.parquet,FAIL,28784,619,False,True,,0,,,0
vehicle_positions_15_154120.parquet,FAIL,28827,620,False,True,,0,,,0
vehicle_positions_15_154151.parquet,FAIL,28823,620,False,True,,0,,,0
vehicle_positions_15_154221.parquet,FAIL,28868,620,False,True,,0,,,0
vehicle_positions_15_154252.parquet,FAIL,28759,620,False,True,,0,,,0
vehicle_positions_15_154322.parquet,FAIL,28751,618,False,True,,0,,,0
vehicle_positions_15_154353.parquet,FAIL,28794,620,False,True,,0,,,0
vehicle_positions_15_154424.parquet,FAIL,28579,612,False,True,,0,,,0
vehicle_positions_15_154454.parquet,FAIL,28526,610,False,True,,0,,,0
vehicle_positions_15_154525.parquet,FAIL,28626,609,False,True,,0,,,0
vehicle_positions_15_154556.parquet,FAIL,28552,613,False,True,,0,,,0
vehicle_positions_15_154626.parquet,FAIL,28606,613,False,True,,0,,,0
vehicle_positions_15_154657.parquet,FAIL,28530,612,False,True,,0,,,0
vehicle_positions_15_154728.parquet,FAIL,28530,612,False,True,,0,,,0
vehicle_positions_15_154758.parquet,FAIL,28649,613,False,True,,0,,,0
vehicle_positions_15_154829.parquet,FAIL,28632,614,False,True,,0,,,0
vehicle_positions_15_154900.parquet,FAIL,28594,615,False,True,,0,,,0
vehicle_positions_15_154930.parquet,FAIL,28568,615,False,True,,0,,,0
vehicle_positions_15_155001.parquet,FAIL,28643,614,False,True,,0,,,0
vehicle_positions_15_155032.parquet,FAIL,28795,620,False,True,,0,,,0
vehicle_positions_15_155103.parquet,FAIL,28688,619,False,True,,0,,,0
vehicle_positions_15_155133.parquet,FAIL,28761,620,False,True,,0,,,0
vehicle_positions_15_155204.parquet,FAIL,28836,621,False,True,,0,,,0
vehicle_positions_15_155235.parquet,FAIL,28859,623,False,True,,0,,,0
vehicle_positions_15_155305.parquet,FAIL,28882,622,False,True,,0,,,0
vehicle_positions_15_155336.parquet,FAIL,28899,624,False,True,,0,,,0
vehicle_positions_15_155406.parquet,FAIL,28975,624,False,True,,0,,,0
vehicle_positions_15_155437.parquet,FAIL,28752,620,False,True,,0,,,0
vehicle_positions_15_155508.parquet,FAIL,28859,622,False,True,,0,,,0
vehicle_positions_15_155538.parquet,FAIL,28724,623,False,True,,0,,,0
vehicle_positions_15_155609.parquet,FAIL,28788,623,False,True,,0,,,0
vehicle_positions_15_155640.parquet,FAIL,29002,625,False,True,,0,,,0
vehicle_positions_15_155710.parquet,FAIL,29051,628,False,True,,0,,,0
vehicle_positions_15_155741.parquet,FAIL,28948,626,False,True,,0,,,0
vehicle_positions_15_155811.parquet,FAIL,29066,629,False,True,,0,,,0
vehicle_positions_15_155842.parquet,FAIL,29226,633,False,True,,0,,,0
vehicle_positions_15_155913.parquet,FAIL,29122,630,False,True,,0,,,0
vehicle_positions_15_155943.parquet,FAIL,29084,632,False,True,,0,,,0
vehicle_positions_16_160014.parquet,FAIL,29260,634,False,True,,0,,,0
vehicle_positions_16_160045.parquet,FAIL,29575,642,False,True,,0,,,0
vehicle_positions_16_160118.parquet,FAIL,29496,642,False,True,,0,,,0
vehicle_positions_16_160148.parquet,FAIL,29463,642,False,True,,0,,,0
vehicle_positions_16_160219.parquet,FAIL,29577,647,False,True,,0,,,0
vehicle_positions_16_160250.parquet,FAIL,29688,647,False,True,,0,,,0
vehicle_positions_16_160320.parquet,FAIL,29793,651,False,True,,0,,,0
vehicle_positions_16_160351.parquet,FAIL,29947,656,False,True,,0,,,0
vehicle_positions_16_160422.parquet,FAIL,29899,656,False,True,,0,,,0
vehicle_positions_16_160452.parquet,FAIL,29917,657,False,True,,0,,,0
vehicle_positions_16_160523.parquet,FAIL,30135,658,False,True,,0,,,0
vehicle_positions_16_160554.parquet,FAIL,30117,659,False,True,,0,,,0
vehicle_positions_16_160624.parquet,FAIL,30090,660,False,True,,0,,,0
vehicle_positions_16_160655.parquet,FAIL,30104,660,False,True,,0,,,0
vehicle_positions_16_160726.parquet,FAIL,30100,661,False,True,,0,,,0
vehicle_positions_16_160756.parquet,FAIL,30216,664,False,True,,0,,,0
vehicle_positions_16_160827.parquet,FAIL,30087,664,False,True,,0,,,0
vehicle_positions_16_160858.parquet,FAIL,30121,662,False,True,,0,,,0
vehicle_positions_16_160928.parquet,FAIL,30169,660,False,True,,0,,,0
vehicle_positions_16_160959.parquet,FAIL,30225,659,False,True,,0,,,0
vehicle_positions_16_161030.parquet,FAIL,30192,660,False,True,,0,,,0
vehicle_positions_16_161100.parquet,FAIL,30209,660,False,True,,0,,,0
vehicle_positions_16_161131.parquet,FAIL,29981,656,False,True,,0,,,0
vehicle_positions_16_161202.parquet,FAIL,29915,655,False,True,,0,,,0
vehicle_positions_16_161232.parquet,FAIL,30076,657,False,True,,0,,,0
vehicle_positions_16_161303.parquet,FAIL,30056,658,False,True,,0,,,0
vehicle_positions_16_161333.parquet,FAIL,29869,654,False,True,,0,,,0
vehicle_positions_16_161404.parquet,FAIL,29999,653,False,True,,0,,,0
vehicle_positions_16_161435.parquet,FAIL,29867,654,False,True,,0,,,0
vehicle_positions_16_161505.parquet,FAIL,30128,659,False,True,,0,,,0
vehicle_positions_16_161536.parquet,FAIL,30065,658,False,True,,0,,,0
vehicle_positions_16_161607.parquet,FAIL,29999,661,False,True,,0,,,0
vehicle_positions_16_161639.parquet,FAIL,30081,660,False,True,,0,,,0
vehicle_positions_16_161710.parquet,FAIL,30070,660,False,True,,0,,,0
vehicle_positions_16_161740.parquet,FAIL,30013,659,False,True,,0,,,0
vehicle_positions_16_161811.parquet,FAIL,30066,661,False,True,,0,,,0
vehicle_positions_16_161841.parquet,FAIL,30054,662,False,True,,0,,,0
vehicle_positions_16_161912.parquet,FAIL,29903,662,False,True,,0,,,0
vehicle_positions_16_161943.parquet,FAIL,29997,661,False,True,,0,,,0
vehicle_positions_16_162013.parquet,FAIL,30033,663,False,True,,0,,,0
vehicle_positions_16_162044.parquet,FAIL,30152,666,False,True,,0,,,0
vehicle_positions_16_162115.parquet,FAIL,30123,665,False,True,,0,,,0
vehicle_positions_16_162146.parquet,FAIL,30317,665,False,True,,0,,,0
vehicle_positions_16_162217.parquet,FAIL,30311,665,False,True,,0,,,0
vehicle_positions_16_162248.parquet,FAIL,30334,667,False,True,,0,,,0
vehicle_positions_16_162318.parquet,FAIL,30374,667,False,True,,0,,,0
vehicle_positions_16_162349.parquet,FAIL,30356,669,False,True,,0,,,0
vehicle_positions_16_162420.parquet,FAIL,30359,669,False,True,,0,,,0
vehicle_positions_16_162450.parquet,FAIL,30268,667,False,True,,0,,,0
vehicle_positions_16_162521.parquet,FAIL,30341,669,False,True,,0,,,0
vehicle_positions_16_162552.parquet,FAIL,30501,670,False,True,,0,,,0
vehicle_positions_16_162622.parquet,FAIL,30337,670,False,True,,0,,,0
vehicle_positions_16_162653.parquet,FAIL,30427,670,False,True,,0,,,0
vehicle_positions_16_162723.parquet,FAIL,30454,669,False,True,,0,,,0
vehicle_positions_16_162754.parquet,FAIL,30282,665,False,True,,0,,,0
vehicle_positions_16_162825.parquet,FAIL,30267,667,False,True,,0,,,0
vehicle_positions_16_162856.parquet,FAIL,30358,669,False,True,,0,,,0
vehicle_positions_16_162926.parquet,FAIL,30458,671,False,True,,0,,,0
vehicle_positions_16_162957.parquet,FAIL,30501,672,False,True,,0,,,0
vehicle_positions_16_163027.parquet,FAIL,30520,677,False,True,,0,,,0
vehicle_positions_16_163058.parquet,FAIL,30646,679,False,True,,0,,,0
vehicle_positions_16_163129.parquet,FAIL,30641,677,False,True,,0,,,0
vehicle_positions_16_163159.parquet,FAIL,30474,676,False,True,,0,,,0
vehicle_positions_16_163230.parquet,FAIL,30651,677,False,True,,0,,,0
vehicle_positions_16_163301.parquet,FAIL,30687,677,False,True,,0,,,0
vehicle_positions_16_163332.parquet,FAIL,30886,681,False,True,,0,,,0
vehicle_positions_16_163402.parquet,FAIL,30864,680,False,True,,0,,,0
vehicle_positions_16_163433.parquet,FAIL,30890,684,False,True,,0,,,0
vehicle_positions_16_163503.parquet,FAIL,30840,683,False,True,,0,,,0
vehicle_positions_16_163534.parquet,FAIL,30748,683,False,True,,0,,,0
vehicle_positions_16_163605.parquet,FAIL,30834,683,False,True,,0,,,0
vehicle_positions_16_163635.parquet,FAIL,30933,683,False,True,,0,,,0
vehicle_positions_16_163706.parquet,FAIL,30638,678,False,True,,0,,,0
vehicle_positions_16_163737.parquet,FAIL,30705,680,False,True,,0,,,0
vehicle_positions_16_163807.parquet,FAIL,30572,679,False,True,,0,,,0
vehicle_positions_16_163838.parquet,FAIL,30769,682,False,True,,0,,,0
vehicle_positions_16_163909.parquet,FAIL,30854,681,False,True,,0,,,0
vehicle_positions_16_163941.parquet,FAIL,30922,683,False,True,,0,,,0
vehicle_positions_16_164012.parquet,FAIL,30845,681,False,True,,0,,,0
vehicle_positions_16_164043.parquet,FAIL,30858,682,False,True,,0,,,0
vehicle_positions_16_164113.parquet,FAIL,30889,682,False,True,,0,,,0
vehicle_positions_16_164144.parquet,FAIL,30852,682,False,True,,0,,,0
vehicle_positions_16_164215.parquet,FAIL,30677,679,False,True,,0,,,0
vehicle_positions_16_164245.parquet,FAIL,30870,685,False,True,,0,,,0
vehicle_positions_16_164316.parquet,FAIL,30946,685,False,True,,0,,,0
vehicle_positions_16_164347.parquet,FAIL,31129,684,False,True,,0,,,0
vehicle_positions_16_164417.parquet,FAIL,30960,687,False,True,,0,,,0
vehicle_positions_16_164448.parquet,FAIL,31246,692,False,True,,0,,,0
vehicle_positions_16_164518.parquet,FAIL,31146,691,False,True,,0,,,0
vehicle_positions_16_164549.parquet,FAIL,31094,694,False,True,,0,,,0
vehicle_positions_16_164620.parquet,FAIL,31109,694,False,True,,0,,,0
vehicle_positions_16_164650.parquet,FAIL,31037,695,False,True,,0,,,0
vehicle_positions_16_164721.parquet,FAIL,31254,695,False,True,,0,,,0
vehicle_positions_16_164752.parquet,FAIL,31086,694,False,True,,0,,,0
vehicle_positions_16_164822.parquet,FAIL,31203,693,False,True,,0,,,0
vehicle_positions_16_164853.parquet,FAIL,31094,694,False,True,,0,,,0
vehicle_positions_16_164923.parquet,FAIL,31070,692,False,True,,0,,,0
vehicle_positions_16_164954.parquet,FAIL,31190,696,False,True,,0,,,0
vehicle_positions_16_165025.parquet,FAIL,31238,697,False,True,,0,,,0
vehicle_positions_16_165055.parquet,FAIL,31265,698,False,True,,0,,,0
vehicle_positions_16_165126.parquet,FAIL,31211,697,False,True,,0,,,0
vehicle_positions_16_165157.parquet,FAIL,31084,695,False,True,,0,,,0
vehicle_positions_16_165227.parquet,FAIL,31033,693,False,True,,0,,,0
vehicle_positions_16_165258.parquet,FAIL,31052,693,False,True,,0,,,0
vehicle_positions_16_165329.parquet,FAIL,30991,695,False,True,,0,,,0
vehicle_positions_16_165359.parquet,FAIL,30919,693,False,True,,0,,,0
vehicle_positions_16_165430.parquet,FAIL,31135,695,False,True,,0,,,0
vehicle_positions_16_165500.parquet,FAIL,31251,698,False,True,,0,,,0
vehicle_positions_16_165531.parquet,FAIL,31322,702,False,True,,0,,,0
vehicle_positions_16_165602.parquet,FAIL,31356,702,False,True,,0,,,0
vehicle_positions_16_165632.parquet,FAIL,31389,706,False,True,,0,,,0
vehicle_positions_16_165703.parquet,FAIL,31433,704,False,True,,0,,,0
vehicle_positions_16_165734.parquet,FAIL,31245,701,False,True,,0,,,0
vehicle_positions_16_165811.parquet,FAIL,31247,699,False,True,,0,,,0
vehicle_positions_16_165842.parquet,FAIL,31242,697,False,True,,0,,,0
vehicle_positions_16_165913.parquet,FAIL,31202,698,False,True,,0,,,0
vehicle_positions_16_165944.parquet,FAIL,31271,700,False,True,,0,,,0
vehicle_positions_17_170014.parquet,FAIL,31435,704,False,True,,0,,,0
vehicle_positions_17_170045.parquet,FAIL,31621,708,False,True,,0,,,0
vehicle_positions_17_170115.parquet,FAIL,31668,705,False,True,,0,,,0
vehicle_positions_17_170146.parquet,FAIL,31655,705,False,True,,0,,,0
vehicle_positions_17_170218.parquet,FAIL,31588,708,False,True,,0,,,0
vehicle_positions_17_170249.parquet,FAIL,31632,707,False,True,,0,,,0
vehicle_positions_17_170320.parquet,FAIL,31479,705,False,True,,0,,,0
vehicle_positions_17_170350.parquet,FAIL,31452,705,False,True,,0,,,0
vehicle_positions_17_170421.parquet,FAIL,31295,704,False,True,,0,,,0
vehicle_positions_17_170451.parquet,FAIL,31488,708,False,True,,0,,,0
vehicle_positions_17_170522.parquet,FAIL,31574,710,False,True,,0,,,0
vehicle_positions_17_170554.parquet,FAIL,31579,710,False,True,,0,,,0
vehicle_positions_17_170625.parquet,FAIL,31636,708,False,True,,0,,,0
vehicle_positions_17_170656.parquet,FAIL,31570,707,False,True,,0,,,0
vehicle_positions_17_170726.parquet,FAIL,31530,707,False,True,,0,,,0
vehicle_positions_17_170757.parquet,FAIL,31469,707,False,True,,0,,,0
vehicle_positions_17_170827.parquet,FAIL,31575,709,False,True,,0,,,0
vehicle_positions_17_170858.parquet,FAIL,31586,707,False,True,,0,,,0
vehicle_positions_17_170929.parquet,FAIL,31544,704,False,True,,0,,,0
vehicle_positions_17_170959.parquet,FAIL,31539,705,False,True,,0,,,0
vehicle_positions_17_171030.parquet,FAIL,31625,706,False,True,,0,,,0
vehicle_positions_17_171101.parquet,FAIL,31588,707,False,True,,0,,,0
vehicle_positions_17_171131.parquet,FAIL,31571,708,False,True,,0,,,0
vehicle_positions_17_171202.parquet,FAIL,31579,708,False,True,,0,,,0
vehicle_positions_17_171233.parquet,FAIL,31650,711,False,True,,0,,,0
vehicle_positions_17_171303.parquet,FAIL,31781,712,False,True,,0,,,0
vehicle_positions_17_171334.parquet,FAIL,31823,714,False,True,,0,,,0
vehicle_positions_17_171405.parquet,FAIL,31919,714,False,True,,0,,,0
vehicle_positions_17_171435.parquet,FAIL,31758,713,False,True,,0,,,0
vehicle_positions_17_171506.parquet,FAIL,31844,715,False,True,,0,,,0
vehicle_positions_17_171537.parquet,FAIL,31753,715,False,True,,0,,,0
vehicle_positions_17_171607.parquet,FAIL,31891,716,False,True,,0,,,0
vehicle_positions_17_171638.parquet,FAIL,31775,715,False,True,,0,,,0
vehicle_positions_17_171709.parquet,FAIL,31839,715,False,True,,0,,,0
vehicle_positions_17_171739.parquet,FAIL,31858,716,False,True,,0,,,0
vehicle_positions_17_171810.parquet,FAIL,31937,717,False,True,,0,,,0
vehicle_positions_17_171840.parquet,FAIL,31700,714,False,True,,0,,,0
vehicle_positions_17_171911.parquet,FAIL,31618,711,False,True,,0,,,0
vehicle_positions_17_171942.parquet,FAIL,31687,711,False,True,,0,,,0
vehicle_positions_17_172012.parquet,FAIL,31811,716,False,True,,0,,,0
vehicle_positions_17_172043.parquet,FAIL,31821,719,False,True,,0,,,0
vehicle_positions_17_172114.parquet,FAIL,31951,721,False,True,,0,,,0
vehicle_positions_17_172144.parquet,FAIL,31921,721,False,True,,0,,,0
vehicle_positions_17_172215.parquet,FAIL,31961,720,False,True,,0,,,0
vehicle_positions_17_172246.parquet,FAIL,31959,720,False,True,,0,,,0
vehicle_positions_17_172316.parquet,FAIL,31903,718,False,True,,0,,,0
vehicle_positions_17_172347.parquet,FAIL,31875,718,False,True,,0,,,0
vehicle_positions_17_172418.parquet,FAIL,31949,720,False,True,,0,,,0
vehicle_positions_17_172448.parquet,FAIL,32080,721,False,True,,0,,,0
vehicle_positions_17_172519.parquet,FAIL,32166,723,False,True,,0,,,0
vehicle_positions_17_172550.parquet,FAIL,31998,721,False,True,,0,,,0
vehicle_positions_17_172620.parquet,FAIL,32066,722,False,True,,0,,,0
vehicle_positions_17_172651.parquet,FAIL,32068,722,False,True,,0,,,0
vehicle_positions_17_172722.parquet,FAIL,32006,721,False,True,,0,,,0
vehicle_positions_17_172752.parquet,FAIL,32063,721,False,True,,0,,,0
vehicle_positions_17_172823.parquet,FAIL,32001,720,False,True,,0,,,0
vehicle_positions_17_172854.parquet,FAIL,31854,720,False,True,,0,,,0
vehicle_positions_17_172924.parquet,FAIL,32027,721,False,True,,0,,,0
vehicle_positions_17_172955.parquet,FAIL,32132,721,False,True,,0,,,0
vehicle_positions_17_173025.parquet,FAIL,32148,722,False,True,,0,,,0
vehicle_positions_17_173057.parquet,FAIL,32162,724,False,True,,0,,,0
vehicle_positions_17_173127.parquet,FAIL,32078,723,False,True,,0,,,0
vehicle_positions_17_173158.parquet,FAIL,32121,724,False,True,,0,,,0
vehicle_positions_17_173229.parquet,FAIL,32102,723,False,True,,0,,,0
vehicle_positions_17_173259.parquet,FAIL,32170,722,False,True,,0,,,0
vehicle_positions_17_173330.parquet,FAIL,32025,719,False,True,,0,,,0
vehicle_positions_17_173402.parquet,FAIL,32133,724,False,True,,0,,,0
vehicle_positions_17_173432.parquet,FAIL,32288,726,False,True,,0,,,0
vehicle_positions_17_173503.parquet,FAIL,32210,726,False,True,,0,,,0
vehicle_positions_17_173534.parquet,FAIL,32304,729,False,True,,0,,,0
vehicle_positions_17_173604.parquet,FAIL,32306,732,False,True,,0,,,0
vehicle_positions_17_173635.parquet,FAIL,32395,732,False,True,,0,,,0
vehicle_positions_17_173706.parquet,FAIL,32319,730,False,True,,0,,,0
vehicle_positions_17_173736.parquet,FAIL,32377,733,False,True,,0,,,0
vehicle_positions_17_173807.parquet,FAIL,32442,734,False,True,,0,,,0
vehicle_positions_17_173837.parquet,FAIL,32316,731,False,True,,0,,,0
vehicle_positions_17_173908.parquet,FAIL,32228,729,False,True,,0,,,0
vehicle_positions_17_173938.parquet,FAIL,32144,726,False,True,,0,,,0
vehicle_positions_17_174009.parquet,FAIL,32115,726,False,True,,0,,,0
vehicle_positions_17_174041.parquet,FAIL,32225,730,False,True,,0,,,0
vehicle_positions_17_174111.parquet,FAIL,32269,731,False,True,,0,,,0
vehicle_positions_17_174142.parquet,FAIL,32313,731,False,True,,0,,,0
vehicle_positions_17_174212.parquet,FAIL,32287,730,False,True,,0,,,0
vehicle_positions_17_174243.parquet,FAIL,32312,730,False,True,,0,,,0
vehicle_positions_17_174314.parquet,FAIL,32285,730,False,True,,0,,,0
vehicle_positions_17_174344.parquet,FAIL,32239,729,False,True,,0,,,0
vehicle_positions_17_174415.parquet,FAIL,32279,730,False,True,,0,,,0
vehicle_positions_17_174446.parquet,FAIL,32274,729,False,True,,0,,,0
vehicle_positions_17_174516.parquet,FAIL,32143,728,False,True,,0,,,0
vehicle_positions_17_174547.parquet,FAIL,32184,727,False,True,,0,,,0
vehicle_positions_17_174617.parquet,FAIL,32108,726,False,True,,0,,,0
vehicle_positions_17_174648.parquet,FAIL,32221,729,False,True,,0,,,0
vehicle_positions_17_174719.parquet,FAIL,32332,730,False,True,,0,,,0
vehicle_positions_17_174749.parquet,FAIL,32225,729,False,True,,0,,,0
vehicle_positions_17_174820.parquet,FAIL,32166,727,False,True,,0,,,0
vehicle_positions_17_174851.parquet,FAIL,32365,731,False,True,,0,,,0
vehicle_positions_17_174921.parquet,FAIL,32423,733,False,True,,0,,,0
vehicle_positions_17_174952.parquet,FAIL,32381,734,False,True,,0,,,0
vehicle_positions_17_175023.parquet,FAIL,32394,731,False,True,,0,,,0
vehicle_positions_17_175053.parquet,FAIL,32228,729,False,True,,0,,,0
vehicle_positions_17_175124.parquet,FAIL,32340,729,False,True,,0,,,0
vehicle_positions_17_175155.parquet,FAIL,32361,731,False,True,,0,,,0
vehicle_positions_17_175225.parquet,FAIL,32407,734,False,True,,0,,,0
vehicle_positions_17_175256.parquet,FAIL,32396,734,False,True,,0,,,0
vehicle_positions_17_175327.parquet,FAIL,32452,736,False,True,,0,,,0
vehicle_positions_17_175357.parquet,FAIL,32595,737,False,True,,0,,,0
vehicle_positions_17_175428.parquet,FAIL,32426,733,False,True,,0,,,0
vehicle_positions_17_175458.parquet,FAIL,32284,731,False,True,,0,,,0
vehicle_positions_17_175529.parquet,FAIL,32328,730,False,True,,0,,,0
vehicle_positions_17_175600.parquet,FAIL,32214,732,False,True,,0,,,0
vehicle_positions_17_175630.parquet,FAIL,32378,733,False,True,,0,,,0
vehicle_positions_17_175701.parquet,FAIL,32422,735,False,True,,0,,,0
vehicle_positions_17_175732.parquet,FAIL,32425,735,False,True,,0,,,0
vehicle_positions_17_175802.parquet,FAIL,32343,736,False,True,,0,,,0
vehicle_positions_17_175833.parquet,FAIL,32320,736,False,True,,0,,,0
vehicle_positions_17_175903.parquet,FAIL,32595,740,False,True,,0,,,0
vehicle_positions_17_175934.parquet,FAIL,32623,743,False,True,,0,,,0
vehicle_positions_18_180005.parquet,FAIL,32812,744,False,True,,0,,,0
vehicle_positions_18_180035.parquet,FAIL,32711,745,False,True,,0,,,0
vehicle_positions_18_180106.parquet,FAIL,32723,748,False,True,,0,,,0
vehicle_positions_18_180137.parquet,FAIL,32921,749,False,True,,0,,,0
vehicle_positions_18_180207.parquet,FAIL,32878,752,False,True,,0,,,0
vehicle_positions_18_180238.parquet,FAIL,32877,753,False,True,,0,,,0
vehicle_positions_18_180308.parquet,FAIL,32964,752,False,True,,0,,,0
vehicle_positions_18_180339.parquet,FAIL,32881,752,False,True,,0,,,0
vehicle_positions_18_180410.parquet,FAIL,33070,755,False,True,,0,,,0
vehicle_positions_18_180441.parquet,FAIL,33015,752,False,True,,0,,,0
vehicle_positions_18_180511.parquet,FAIL,32908,750,False,True,,0,,,0
vehicle_positions_18_180543.parquet,FAIL,32987,755,False,True,,0,,,0
vehicle_positions_18_180614.parquet,FAIL,32929,751,False,True,,0,,,0
vehicle_positions_18_180644.parquet,FAIL,32971,752,False,True,,0,,,0
vehicle_positions_18_180715.parquet,FAIL,32983,750,False,True,,0,,,0
vehicle_positions_18_180745.parquet,FAIL,32866,749,False,True,,0,,,0
vehicle_positions_18_180817.parquet,FAIL,32999,751,False,True,,0,,,0
vehicle_positions_18_180848.parquet,FAIL,32920,749,False,True,,0,,,0
vehicle_positions_18_180919.parquet,FAIL,32851,750,False,True,,0,,,0
vehicle_positions_18_180949.parquet,FAIL,32897,750,False,True,,0,,,0
vehicle_positions_18_181020.parquet,FAIL,33060,753,False,True,,0,,,0
vehicle_positions_18_181050.parquet,FAIL,32945,752,False,True,,0,,,0
vehicle_positions_18_181121.parquet,FAIL,32873,752,False,True,,0,,,0
vehicle_positions_18_181152.parquet,FAIL,32944,753,False,True,,0,,,0
vehicle_positions_18_181222.parquet,FAIL,33027,754,False,True,,0,,,0
vehicle_positions_18_181253.parquet,FAIL,33072,755,False,True,,0,,,0
vehicle_positions_18_181324.parquet,FAIL,33082,753,False,True,,0,,,0
vehicle_positions_18_181355.parquet,FAIL,32907,753,False,True,,0,,,0
vehicle_positions_18_181426.parquet,FAIL,32811,752,False,True,,0,,,0
vehicle_positions_18_181457.parquet,FAIL,32976,754,False,True,,0,,,0
vehicle_positions_18_181527.parquet,FAIL,32938,753,False,True,,0,,,0
vehicle_positions_18_181558.parquet,FAIL,32952,753,False,True,,0,,,0
vehicle_positions_18_181629.parquet,FAIL,32936,754,False,True,,0,,,0
vehicle_positions_18_181659.parquet,FAIL,32934,756,False,True,,0,,,0
vehicle_positions_18_181730.parquet,FAIL,32958,755,False,True,,0,,,0
vehicle_positions_18_181801.parquet,FAIL,33013,756,False,True,,0,,,0
vehicle_positions_18_181832.parquet,FAIL,33010,756,False,True,,0,,,0
vehicle_positions_18_181902.parquet,FAIL,33089,760,False,True,,0,,,0
vehicle_positions_18_181933.parquet,FAIL,32979,758,False,True,,0,,,0
vehicle_positions_18_182003.parquet,FAIL,33196,761,False,True,,0,,,0
vehicle_positions_18_182035.parquet,FAIL,33200,764,False,True,,0,,,0
vehicle_positions_18_182105.parquet,FAIL,33320,763,False,True,,0,,,0
vehicle_positions_18_182136.parquet,FAIL,33296,761,False,True,,0,,,0
vehicle_positions_18_182207.parquet,FAIL,33080,759,False,True,,0,,,0
vehicle_positions_18_182237.parquet,FAIL,32902,756,False,True,,0,,,0
vehicle_positions_18_182308.parquet,FAIL,33000,754,False,True,,0,,,0
vehicle_positions_18_182339.parquet,FAIL,32964,755,False,True,,0,,,0
vehicle_positions_18_182411.parquet,FAIL,33168,758,False,True,,0,,,0
vehicle_positions_18_182442.parquet,FAIL,33161,759,False,True,,0,,,0
vehicle_positions_18_182512.parquet,FAIL,33269,763,False,True,,0,,,0
vehicle_positions_18_182543.parquet,FAIL,33441,763,False,True,,0,,,0
vehicle_positions_18_182613.parquet,FAIL,33251,763,False,True,,0,,,0
vehicle_positions_18_182644.parquet,FAIL,33151,760,False,True,,0,,,0
vehicle_positions_18_182715.parquet,FAIL,33346,762,False,True,,0,,,0
vehicle_positions_18_182745.parquet,FAIL,33347,762,False,True,,0,,,0
vehicle_positions_18_182816.parquet,FAIL,33437,767,False,True,,0,,,0
vehicle_positions_18_182847.parquet,FAIL,33518,769,False,True,,0,,,0
vehicle_positions_18_182917.parquet,FAIL,33545,770,False,True,,0,,,0
vehicle_positions_18_182948.parquet,FAIL,33665,772,False,True,,0,,,0
vehicle_positions_18_183019.parquet,FAIL,33601,770,False,True,,0,,,0
vehicle_positions_18_183049.parquet,FAIL,33656,774,False,True,,0,,,0
vehicle_positions_18_183120.parquet,FAIL,33557,774,False,True,,0,,,0
vehicle_positions_18_183150.parquet,FAIL,33397,770,False,True,,0,,,0
vehicle_positions_18_183223.parquet,FAIL,33290,768,False,True,,0,,,0
vehicle_positions_18_183253.parquet,FAIL,33554,771,False,True,,0,,,0
vehicle_positions_18_183324.parquet,FAIL,33614,772,False,True,,0,,,0
vehicle_positions_18_183355.parquet,FAIL,33547,769,False,True,,0,,,0
vehicle_positions_18_183425.parquet,FAIL,33680,772,False,True,,0,,,0
vehicle_positions_18_183456.parquet,FAIL,33648,773,False,True,,0,,,0
vehicle_positions_18_183526.parquet,FAIL,33626,771,False,True,,0,,,0
vehicle_positions_18_183557.parquet,FAIL,33585,773,False,True,,0,,,0
vehicle_positions_18_183628.parquet,FAIL,33697,772,False,True,,0,,,0
vehicle_positions_18_183658.parquet,FAIL,33652,772,False,True,,0,,,0
vehicle_positions_18_183729.parquet,FAIL,33612,772,False,True,,0,,,0
vehicle_positions_18_183800.parquet,FAIL,33472,768,False,True,,0,,,0
vehicle_positions_18_183830.parquet,FAIL,33286,765,False,True,,0,,,0
vehicle_positions_18_183902.parquet,FAIL,33340,767,False,True,,0,,,0
vehicle_positions_18_183932.parquet,FAIL,33554,771,False,True,,0,,,0
vehicle_positions_18_184003.parquet,FAIL,33566,771,False,True,,0,,,0
vehicle_positions_18_184034.parquet,FAIL,33666,773,False,True,,0,,,0
vehicle_positions_18_184104.parquet,FAIL,33690,776,False,True,,0,,,0
vehicle_positions_18_184135.parquet,FAIL,33681,771,False,True,,0,,,0
vehicle_positions_18_184205.parquet,FAIL,33705,773,False,True,,0,,,0
vehicle_positions_18_184237.parquet,FAIL,33812,773,False,True,,0,,,0
vehicle_positions_18_184307.parquet,FAIL,33788,771,False,True,,0,,,0
vehicle_positions_18_184338.parquet,FAIL,33627,772,False,True,,0,,,0
vehicle_positions_18_184408.parquet,FAIL,33650,772,False,True,,0,,,0
vehicle_positions_18_184439.parquet,FAIL,33656,771,False,True,,0,,,0
vehicle_positions_18_184510.parquet,FAIL,33711,769,False,True,,0,,,0
vehicle_positions_18_184540.parquet,FAIL,33503,769,False,True,,0,,,0
vehicle_positions_18_184611.parquet,FAIL,33479,769,False,True,,0,,,0
vehicle_positions_18_184642.parquet,FAIL,33549,769,False,True,,0,,,0
vehicle_positions_18_184712.parquet,FAIL,33780,772,False,True,,0,,,0
vehicle_positions_18_184743.parquet,FAIL,33765,776,False,True,,0,,,0
vehicle_positions_18_184814.parquet,FAIL,33649,775,False,True,,0,,,0
vehicle_positions_18_184844.parquet,FAIL,33624,776,False,True,,0,,,0
vehicle_positions_18_184915.parquet,FAIL,33622,776,False,True,,0,,,0
vehicle_positions_18_184945.parquet,FAIL,33736,777,False,True,,0,,,0
vehicle_positions_18_185016.parquet,FAIL,33766,776,False,True,,0,,,0
vehicle_positions_18_185047.parquet,FAIL,33719,775,False,True,,0,,,0
vehicle_positions_18_185118.parquet,FAIL,33595,772,False,True,,0,,,0
vehicle_positions_18_185148.parquet,FAIL,33518,772,False,True,,0,,,0
vehicle_positions_18_185219.parquet,FAIL,33610,772,False,True,,0,,,0
vehicle_positions_18_185250.parquet,FAIL,33611,774,False,True,,0,,,0
vehicle_positions_18_185320.parquet,FAIL,33865,779,False,True,,0,,,0
vehicle_positions_18_185351.parquet,FAIL,33649,776,False,True,,0,,,0
vehicle_positions_18_185422.parquet,FAIL,33793,777,False,True,,0,,,0
vehicle_positions_18_185452.parquet,FAIL,33815,779,False,True,,0,,,0
vehicle_positions_18_185523.parquet,FAIL,34116,783,False,True,,0,,,0
vehicle_positions_18_185553.parquet,FAIL,34205,787,False,True,,0,,,0
vehicle_positions_18_185624.parquet,FAIL,34311,787,False,True,,0,,,0
vehicle_positions_18_185655.parquet,FAIL,34187,787,False,True,,0,,,0
vehicle_positions_18_185725.parquet,FAIL,34152,785,False,True,,0,,,0
vehicle_positions_18_185756.parquet,FAIL,34282,787,False,True,,0,,,0
vehicle_positions_18_185827.parquet,FAIL,34153,784,False,True,,0,,,0
vehicle_positions_18_185857.parquet,FAIL,34278,785,False,True,,0,,,0
vehicle_positions_18_185928.parquet,FAIL,34047,782,False,True,,0,,,0
vehicle_positions_18_185958.parquet,FAIL,33843,779,False,True,,0,,,0
vehicle_positions_19_190029.parquet,FAIL,33826,780,False,True,,0,,,0
vehicle_positions_19_190100.parquet,FAIL,33899,780,False,True,,0,,,0
vehicle_positions_19_190130.parquet,FAIL,33831,778,False,True,,0,,,0
vehicle_positions_19_190201.parquet,FAIL,33847,780,False,True,,0,,,0
vehicle_positions_19_190232.parquet,FAIL,33840,780,False,True,,0,,,0
vehicle_positions_19_190303.parquet,FAIL,33878,782,False,True,,0,,,0
vehicle_positions_19_190333.parquet,FAIL,33936,783,False,True,,0,,,0
vehicle_positions_19_190404.parquet,FAIL,33984,786,False,True,,0,,,0
vehicle_positions_19_190434.parquet,FAIL,34116,790,False,True,,0,,,0
vehicle_positions_19_190506.parquet,FAIL,34061,790,False,True,,0,,,0
vehicle_positions_19_190536.parquet,FAIL,34160,793,False,True,,0,,,0
vehicle_positions_19_190607.parquet,FAIL,34319,795,False,True,,0,,,0
vehicle_positions_19_190638.parquet,FAIL,34369,794,False,True,,0,,,0
vehicle_positions_19_190708.parquet,FAIL,34240,796,False,True,,0,,,0
vehicle_positions_19_190739.parquet,FAIL,34289,797,False,True,,0,,,0
vehicle_positions_19_190809.parquet,FAIL,34507,799,False,True,,0,,,0
vehicle_positions_19_190840.parquet,FAIL,34329,799,False,True,,0,,,0
vehicle_positions_19_190911.parquet,FAIL,34350,797,False,True,,0,,,0
vehicle_positions_19_190941.parquet,FAIL,34279,797,False,True,,0,,,0
vehicle_positions_19_191013.parquet,FAIL,34395,798,False,True,,0,,,0
vehicle_positions_19_191043.parquet,FAIL,34423,801,False,True,,0,,,0
vehicle_positions_19_191114.parquet,FAIL,34276,800,False,True,,0,,,0
vehicle_positions_19_191145.parquet,FAIL,34382,799,False,True,,0,,,0
vehicle_positions_19_191215.parquet,FAIL,34434,800,False,True,,0,,,0
vehicle_positions_19_191246.parquet,FAIL,34543,801,False,True,,0,,,0
vehicle_positions_19_191317.parquet,FAIL,34754,803,False,True,,0,,,0
vehicle_positions_19_191347.parquet,FAIL,34631,802,False,True,,0,,,0
vehicle_positions_19_191418.parquet,FAIL,34366,799,False,True,,0,,,0
vehicle_positions_19_191449.parquet,FAIL,34378,799,False,True,,0,,,0
vehicle_positions_19_191519.parquet,FAIL,34372,798,False,True,,0,,,0
vehicle_positions_19_191550.parquet,FAIL,34364,798,False,True,,0,,,0
vehicle_positions_19_191621.parquet,FAIL,34290,799,False,True,,0,,,0
vehicle_positions_19_191651.parquet,FAIL,34511,802,False,True,,0,,,0
vehicle_positions_19_191722.parquet,FAIL,34573,801,False,True,,0,,,0
vehicle_positions_19_191753.parquet,FAIL,34784,804,False,True,,0,,,0
vehicle_positions_19_191823.parquet,FAIL,34590,804,False,True,,0,,,0
vehicle_positions_19_191854.parquet,FAIL,34529,802,False,True,,0,,,0
vehicle_positions_19_191925.parquet,FAIL,34487,804,False,True,,0,,,0
vehicle_positions_19_191955.parquet,FAIL,34521,803,False,True,,0,,,0
vehicle_positions_19_192026.parquet,FAIL,34634,804,False,True,,0,,,0
vehicle_positions_19_192057.parquet,FAIL,34464,804,False,True,,0,,,0
vehicle_positions_19_192127.parquet,FAIL,34553,802,False,True,,0,,,0
vehicle_positions_19_192158.parquet,FAIL,34303,800,False,True,,0,,,0
vehicle_positions_19_192229.parquet,FAIL,34487,802,False,True,,0,,,0
vehicle_positions_19_192259.parquet,FAIL,34553,804,False,True,,0,,,0
vehicle_positions_19_192330.parquet,FAIL,34351,801,False,True,,0,,,0
vehicle_positions_19_192400.parquet,FAIL,34471,800,False,True,,0,,,0
vehicle_positions_19_192432.parquet,FAIL,34519,800,False,True,,0,,,0
vehicle_positions_19_192502.parquet,FAIL,34423,798,False,True,,0,,,0
vehicle_positions_19_192533.parquet,FAIL,34516,802,False,True,,0,,,0
vehicle_positions_19_192604.parquet,FAIL,34562,803,False,True,,0,,,0
vehicle_positions_19_192635.parquet,FAIL,34412,805,False,True,,0,,,0
vehicle_positions_19_192706.parquet,FAIL,34458,804,False,True,,0,,,0
vehicle_positions_19_192736.parquet,FAIL,34474,804,False,True,,0,,,0
vehicle_positions_19_192807.parquet,FAIL,34617,804,False,True,,0,,,0
vehicle_positions_19_192838.parquet,FAIL,34561,804,False,True,,0,,,0
vehicle_positions_19_192909.parquet,FAIL,34467,802,False,True,,0,,,0
vehicle_positions_19_192939.parquet,FAIL,34589,803,False,True,,0,,,0
vehicle_positions_19_193010.parquet,FAIL,34635,803,False,True,,0,,,0
vehicle_positions_19_193040.parquet,FAIL,34629,805,False,True,,0,,,0
vehicle_positions_19_193111.parquet,FAIL,34620,808,False,True,,0,,,0
vehicle_positions_19_193142.parquet,FAIL,34765,809,False,True,,0,,,0
vehicle_positions_19_193213.parquet,FAIL,34685,811,False,True,,0,,,0
vehicle_positions_19_193243.parquet,FAIL,34676,810,False,True,,0,,,0
vehicle_positions_19_193314.parquet,FAIL,34795,813,False,True,,0,,,0
vehicle_positions_19_193345.parquet,FAIL,34853,814,False,True,,0,,,0
vehicle_positions_19_193416.parquet,FAIL,34849,816,False,True,,0,,,0
vehicle_positions_19_193446.parquet,FAIL,35087,819,False,True,,0,,,0
vehicle_positions_19_193517.parquet,FAIL,35236,821,False,True,,0,,,0
vehicle_positions_19_193548.parquet,FAIL,35183,822,False,True,,0,,,0
vehicle_positions_19_193618.parquet,FAIL,35110,822,False,True,,0,,,0
vehicle_positions_19_193649.parquet,FAIL,35160,821,False,True,,0,,,0
vehicle_positions_19_193720.parquet,FAIL,34997,820,False,True,,0,,,0
vehicle_positions_19_193750.parquet,FAIL,35001,820,False,True,,0,,,0
vehicle_positions_19_193821.parquet,FAIL,35104,820,False,True,,0,,,0
vehicle_positions_19_193851.parquet,FAIL,35166,820,False,True,,0,,,0
vehicle_positions_19_193922.parquet,FAIL,35105,821,False,True,,0,,,0
vehicle_positions_19_193953.parquet,FAIL,35253,821,False,True,,0,,,0
vehicle_positions_19_194023.parquet,FAIL,35233,822,False,True,,0,,,0
vehicle_positions_19_194054.parquet,FAIL,35118,822,False,True,,0,,,0
vehicle_positions_19_194125.parquet,FAIL,35075,819,False,True,,0,,,0
vehicle_positions_19_194155.parquet,FAIL,35002,818,False,True,,0,,,0
vehicle_positions_19_194227.parquet,FAIL,34975,817,False,True,,0,,,0
vehicle_positions_19_194257.parquet,FAIL,34825,814,False,True,,0,,,0
vehicle_positions_19_194328.parquet,FAIL,34812,814,False,True,,0,,,0
vehicle_positions_19_194359.parquet,FAIL,34828,812,False,True,,0,,,0
vehicle_positions_19_194429.parquet,FAIL,34777,811,False,True,,0,,,0
vehicle_positions_19_194500.parquet,FAIL,34876,812,False,True,,0,,,0
vehicle_positions_19_194531.parquet,FAIL,34922,813,False,True,,0,,,0
vehicle_positions_19_194602.parquet,FAIL,35065,816,False,True,,0,,,0
vehicle_positions_19_194632.parquet,FAIL,35040,817,False,True,,0,,,0
vehicle_positions_19_194703.parquet,FAIL,35083,817,False,True,,0,,,0
vehicle_positions_19_194733.parquet,FAIL,34968,817,False,True,,0,,,0
vehicle_positions_19_194804.parquet,FAIL,35028,817,False,True,,0,,,0
vehicle_positions_19_194835.parquet,FAIL,35166,818,False,True,,0,,,0
vehicle_positions_19_194906.parquet,FAIL,35115,817,False,True,,0,,,0
vehicle_positions_19_194936.parquet,FAIL,35028,816,False,True,,0,,,0
vehicle_positions_19_195007.parquet,FAIL,35036,815,False,True,,0,,,0
vehicle_positions_19_195037.parquet,FAIL,35085,817,False,True,,0,,,0
vehicle_positions_19_195108.parquet,FAIL,35029,817,False,True,,0,,,0
vehicle_positions_19_195139.parquet,FAIL,35048,817,False,True,,0,,,0
vehicle_positions_19_195209.parquet,FAIL,35029,819,False,True,,0,,,0
vehicle_positions_19_195240.parquet,FAIL,35141,820,False,True,,0,,,0
vehicle_positions_19_195311.parquet,FAIL,34996,822,False,True,,0,,,0
vehicle_positions_19_195341.parquet,FAIL,35034,821,False,True,,0,,,0
vehicle_positions_19_195412.parquet,FAIL,35163,823,False,True,,0,,,0
vehicle_positions_19_195443.parquet,FAIL,35162,822,False,True,,0,,,0
vehicle_positions_19_195513.parquet,FAIL,35123,821,False,True,,0,,,0
vehicle_positions_19_195544.parquet,FAIL,35007,821,False,True,,0,,,0
vehicle_positions_19_195614.parquet,FAIL,35064,822,False,True,,0,,,0
vehicle_positions_19_195645.parquet,FAIL,35070,822,False,True,,0,,,0
vehicle_positions_19_195716.parquet,FAIL,35135,821,False,True,,0,,,0
vehicle_positions_19_195746.parquet,FAIL,35012,821,False,True,,0,,,0
vehicle_positions_19_195817.parquet,FAIL,35107,822,False,True,,0,,,0
vehicle_positions_19_195848.parquet,FAIL,35049,822,False,True,,0,,,0
vehicle_positions_19_195918.parquet,FAIL,35108,823,False,True,,0,,,0
vehicle_positions_19_195949.parquet,FAIL,35286,825,False,True,,0,,,0
vehicle_positions_20_200020.parquet,FAIL,35193,825,False,True,,0,,,0
vehicle_positions_20_200050.parquet,FAIL,35300,830,False,True,,0,,,0
vehicle_positions_20_200121.parquet,FAIL,35366,831,False,True,,0,,,0
vehicle_positions_20_200152.parquet,FAIL,35355,831,False,True,,0,,,0
vehicle_positions_20_200222.parquet,FAIL,35479,832,False,True,,0,,,0
vehicle_positions_20_200253.parquet,FAIL,35553,833,False,True,,0,,,0
vehicle_positions_20_200324.parquet,FAIL,35521,832,False,True,,0,,,0
vehicle_positions_20_200354.parquet,FAIL,35539,833,False,True,,0,,,0
vehicle_positions_20_200425.parquet,FAIL,35445,833,False,True,,0,,,0
vehicle_positions_20_200455.parquet,FAIL,35633,835,False,True,,0,,,0
vehicle_positions_20_200526.parquet,FAIL,35597,835,False,True,,0,,,0
vehicle_positions_20_200557.parquet,FAIL,35472,833,False,True,,0,,,0
vehicle_positions_20_200627.parquet,FAIL,35455,833,False,True,,0,,,0
vehicle_positions_20_200658.parquet,FAIL,35621,835,False,True,,0,,,0
vehicle_positions_20_200728.parquet,FAIL,35664,837,False,True,,0,,,0
vehicle_positions_20_200759.parquet,FAIL,35546,837,False,True,,0,,,0
vehicle_positions_20_200830.parquet,FAIL,35556,836,False,True,,0,,,0
vehicle_positions_20_200900.parquet,FAIL,35516,836,False,True,,0,,,0
vehicle_positions_20_200931.parquet,FAIL,35610,835,False,True,,0,,,0
vehicle_positions_20_201002.parquet,FAIL,35614,834,False,True,,0,,,0
vehicle_positions_20_201032.parquet,FAIL,35632,837,False,True,,0,,,0
vehicle_positions_20_201103.parquet,FAIL,35593,838,False,True,,0,,,0
vehicle_positions_20_201134.parquet,FAIL,35541,835,False,True,,0,,,0
vehicle_positions_20_201204.parquet,FAIL,35425,832,False,True,,0,,,0
vehicle_positions_20_201235.parquet,FAIL,35410,834,False,True,,0,,,0
vehicle_positions_20_201306.parquet,FAIL,35525,836,False,True,,0,,,0
vehicle_positions_20_201337.parquet,FAIL,35538,835,False,True,,0,,,0
vehicle_positions_20_201410.parquet,FAIL,35602,835,False,True,,0,,,0
vehicle_positions_20_201441.parquet,FAIL,35660,836,False,True,,0,,,0
vehicle_positions_20_201512.parquet,FAIL,35645,835,False,True,,0,,,0
vehicle_positions_20_201542.parquet,FAIL,35506,837,False,True,,0,,,0
vehicle_positions_20_201614.parquet,FAIL,35481,833,False,True,,0,,,0
vehicle_positions_20_201645.parquet,FAIL,35442,834,False,True,,0,,,0
vehicle_positions_20_201715.parquet,FAIL,35502,834,False,True,,0,,,0
vehicle_positions_20_201746.parquet,FAIL,35564,835,False,True,,0,,,0
vehicle_positions_20_201817.parquet,FAIL,35609,838,False,True,,0,,,0
vehicle_positions_20_201847.parquet,FAIL,35586,838,False,True,,0,,,0
vehicle_positions_20_201918.parquet,FAIL,35649,839,False,True,,0,,,0
vehicle_positions_20_201948.parquet,FAIL,35646,838,False,True,,0,,,0
vehicle_positions_20_202019.parquet,FAIL,35476,835,False,True,,0,,,0
vehicle_positions_20_202050.parquet,FAIL,35539,840,False,True,,0,,,0
vehicle_positions_20_202120.parquet,FAIL,35838,842,False,True,,0,,,0
vehicle_positions_20_202151.parquet,FAIL,35562,839,False,True,,0,,,0
vehicle_positions_20_202222.parquet,FAIL,35432,837,False,True,,0,,,0
vehicle_positions_20_202252.parquet,FAIL,35515,835,False,True,,0,,,0
vehicle_positions_20_202323.parquet,FAIL,35432,835,False,True,,0,,,0
vehicle_positions_20_202353.parquet,FAIL,35480,835,False,True,,0,,,0
vehicle_positions_20_202424.parquet,FAIL,35541,836,False,True,,0,,,0
vehicle_positions_20_202455.parquet,FAIL,35471,837,False,True,,0,,,0
vehicle_positions_20_202525.parquet,FAIL,35458,838,False,True,,0,,,0
vehicle_positions_20_202556.parquet,FAIL,35524,838,False,True,,0,,,0
vehicle_positions_20_202627.parquet,FAIL,35365,836,False,True,,0,,,0
vehicle_positions_20_202657.parquet,FAIL,35392,835,False,True,,0,,,0
vehicle_positions_20_202728.parquet,FAIL,35565,837,False,True,,0,,,0
vehicle_positions_20_202758.parquet,FAIL,35503,836,False,True,,0,,,0
vehicle_positions_20_202829.parquet,FAIL,35408,835,False,True,,0,,,0
vehicle_positions_20_202900.parquet,FAIL,35608,838,False,True,,0,,,0
vehicle_positions_20_202930.parquet,FAIL,35565,840,False,True,,0,,,0
vehicle_positions_20_203001.parquet,FAIL,35803,843,False,True,,0,,,0
vehicle_positions_20_203032.parquet,FAIL,35746,846,False,True,,0,,,0
vehicle_positions_20_203103.parquet,FAIL,35701,847,False,True,,0,,,0
vehicle_positions_20_203133.parquet,FAIL,36099,851,False,True,,0,,,0
vehicle_positions_20_203204.parquet,FAIL,36119,851,False,True,,0,,,0
vehicle_positions_20_203235.parquet,FAIL,36112,851,False,True,,0,,,0
vehicle_positions_20_203306.parquet,FAIL,36079,852,False,True,,0,,,0
vehicle_positions_20_203336.parquet,FAIL,36047,850,False,True,,0,,,0
vehicle_positions_20_203407.parquet,FAIL,35753,847,False,True,,0,,,0
vehicle_positions_20_203438.parquet,FAIL,35790,847,False,True,,0,,,0
vehicle_positions_20_203508.parquet,FAIL,35844,846,False,True,,0,,,0
vehicle_positions_20_203539.parquet,FAIL,35943,849,False,True,,0,,,0
vehicle_positions_20_203610.parquet,FAIL,35954,848,False,True,,0,,,0
vehicle_positions_20_203640.parquet,FAIL,35840,846,False,True,,0,,,0
vehicle_positions_20_203711.parquet,FAIL,35874,847,False,True,,0,,,0
vehicle_positions_20_203742.parquet,FAIL,35986,846,False,True,,0,,,0
vehicle_positions_20_203812.parquet,FAIL,36066,848,False,True,,0,,,0
vehicle_positions_20_203843.parquet,FAIL,36253,848,False,True,,0,,,0
vehicle_positions_20_203914.parquet,FAIL,36003,848,False,True,,0,,,0
vehicle_positions_20_203944.parquet,FAIL,36248,850,False,True,,0,,,0
vehicle_positions_20_204015.parquet,FAIL,36266,849,False,True,,0,,,0
vehicle_positions_20_204046.parquet,FAIL,36285,851,False,True,,0,,,0
vehicle_positions_20_204117.parquet,FAIL,36246,853,False,True,,0,,,0
vehicle_positions_20_204147.parquet,FAIL,36465,856,False,True,,0,,,0
vehicle_positions_20_204218.parquet,FAIL,36171,855,False,True,,0,,,0
vehicle_positions_20_204248.parquet,FAIL,36401,854,False,True,,0,,,0
vehicle_positions_20_204319.parquet,FAIL,36528,854,False,True,,0,,,0
vehicle_positions_20_204350.parquet,FAIL,36155,854,False,True,,0,,,0
vehicle_positions_20_204420.parquet,FAIL,35966,850,False,True,,0,,,0
vehicle_positions_20_204451.parquet,FAIL,36092,853,False,True,,0,,,0
vehicle_positions_20_204522.parquet,FAIL,36060,854,False,True,,0,,,0
vehicle_positions_20_204552.parquet,FAIL,36167,856,False,True,,0,,,0
vehicle_positions_20_204623.parquet,FAIL,36186,852,False,True,,0,,,0
vehicle_positions_20_204654.parquet,FAIL,36004,851,False,True,,0,,,0
vehicle_positions_20_204725.parquet,FAIL,35908,847,False,True,,0,,,0
vehicle_positions_20_204756.parquet,FAIL,35886,847,False,True,,0,,,0
vehicle_positions_20_204827.parquet,FAIL,35833,847,False,True,,0,,,0
vehicle_positions_20_204858.parquet,FAIL,35993,847,False,True,,0,,,0
vehicle_positions_20_204928.parquet,FAIL,35784,847,False,True,,0,,,0
vehicle_positions_20_204959.parquet,FAIL,36111,850,False,True,,0,,,0
vehicle_positions_20_205029.parquet,FAIL,35971,849,False,True,,0,,,0
vehicle_positions_20_205100.parquet,FAIL,35711,844,False,True,,0,,,0
vehicle_positions_20_205131.parquet,FAIL,35782,845,False,True,,0,,,0
vehicle_positions_20_205202.parquet,FAIL,35766,846,False,True,,0,,,0
vehicle_positions_20_205232.parquet,FAIL,35780,848,False,True,,0,,,0
vehicle_positions_20_205303.parquet,FAIL,35968,851,False,True,,0,,,0
vehicle_positions_20_205334.parquet,FAIL,35923,850,False,True,,0,,,0
vehicle_positions_20_205404.parquet,FAIL,36032,851,False,True,,0,,,0
vehicle_positions_20_205435.parquet,FAIL,35980,850,False,True,,0,,,0
vehicle_positions_20_205505.parquet,FAIL,36038,852,False,True,,0,,,0
vehicle_positions_20_205536.parquet,FAIL,36125,851,False,True,,0,,,0
vehicle_positions_20_205607.parquet,FAIL,35933,849,False,True,,0,,,0
vehicle_positions_20_205637.parquet,FAIL,35956,849,False,True,,0,,,0
vehicle_positions_20_205708.parquet,FAIL,36064,850,False,True,,0,,,0
vehicle_positions_20_205739.parquet,FAIL,35958,850,False,True,,0,,,0
vehicle_positions_20_205809.parquet,FAIL,35982,850,False,True,,0,,,0
vehicle_positions_20_205840.parquet,FAIL,36139,850,False,True,,0,,,0
vehicle_positions_20_205910.parquet,FAIL,36080,853,False,True,,0,,,0
vehicle_positions_20_205941.parquet,FAIL,36180,855,False,True,,0,,,0
vehicle_positions_21_210012.parquet,FAIL,36199,855,False,True,,0,,,0
vehicle_positions_21_210050.parquet,FAIL,36591,859,False,True,,0,,,0
vehicle_positions_21_210123.parquet,FAIL,36331,859,False,True,,0,,,0
vehicle_positions_21_210153.parquet,FAIL,36306,856,False,True,,0,,,0
vehicle_positions_21_210224.parquet,FAIL,36075,854,False,True,,0,,,0
vehicle_positions_21_210255.parquet,FAIL,36053,855,False,True,,0,,,0
vehicle_positions_21_210325.parquet,FAIL,36321,857,False,True,,0,,,0
vehicle_positions_21_210356.parquet,FAIL,36517,857,False,True,,0,,,0
vehicle_positions_21_210427.parquet,FAIL,36590,858,False,True,,0,,,0
vehicle_positions_21_210457.parquet,FAIL,36478,863,False,True,,0,,,0
vehicle_positions_21_210528.parquet,FAIL,36421,863,False,True,,0,,,0
vehicle_positions_21_210559.parquet,FAIL,36278,860,False,True,,0,,,0
vehicle_positions_21_210630.parquet,FAIL,36508,858,False,True,,0,,,0
vehicle_positions_21_210702.parquet,FAIL,36681,864,False,True,,0,,,0
vehicle_positions_21_210733.parquet,FAIL,36639,864,False,True,,0,,,0
vehicle_positions_21_210803.parquet,FAIL,36353,862,False,True,,0,,,0
vehicle_positions_21_210834.parquet,FAIL,36413,862,False,True,,0,,,0
vehicle_positions_21_210905.parquet,FAIL,36426,861,False,True,,0,,,0
vehicle_positions_21_210935.parquet,FAIL,36623,863,False,True,,0,,,0
vehicle_positions_21_211007.parquet,FAIL,36677,864,False,True,,0,,,0
vehicle_positions_21_211037.parquet,FAIL,36663,865,False,True,,0,,,0
vehicle_positions_21_211108.parquet,FAIL,36639,866,False,True,,0,,,0
vehicle_positions_21_211139.parquet,FAIL,36562,866,False,True,,0,,,0
vehicle_positions_21_211209.parquet,FAIL,36654,864,False,True,,0,,,0
vehicle_positions_21_211240.parquet,FAIL,36416,864,False,True,,0,,,0
vehicle_positions_21_211311.parquet,FAIL,36255,862,False,True,,0,,,0
vehicle_positions_21_211342.parquet,FAIL,36373,862,False,True,,0,,,0
vehicle_positions_21_211412.parquet,FAIL,36453,864,False,True,,0,,,0
vehicle_positions_21_211443.parquet,FAIL,36489,864,False,True,,0,,,0
vehicle_positions_21_211514.parquet,FAIL,36399,864,False,True,,0,,,0
vehicle_positions_21_211544.parquet,FAIL,36481,865,False,True,,0,,,0
vehicle_positions_21_211615.parquet,FAIL,36380,864,False,True,,0,,,0
vehicle_positions_21_211645.parquet,FAIL,36400,860,False,True,,0,,,0
vehicle_positions_21_211717.parquet,FAIL,36397,859,False,True,,0,,,0
vehicle_positions_21_211747.parquet,FAIL,36137,854,False,True,,0,,,0
vehicle_positions_21_211821.parquet,FAIL,36264,855,False,True,,0,,,0
vehicle_positions_21_211851.parquet,FAIL,36318,858,False,True,,0,,,0
vehicle_positions_21_211922.parquet,FAIL,36470,861,False,True,,0,,,0
vehicle_positions_21_211953.parquet,FAIL,36244,862,False,True,,0,,,0
vehicle_positions_21_212023.parquet,FAIL,36607,863,False,True,,0,,,0
vehicle_positions_21_212054.parquet,FAIL,36380,862,False,True,,0,,,0
vehicle_positions_21_212125.parquet,FAIL,36405,863,False,True,,0,,,0
vehicle_positions_21_212155.parquet,FAIL,36375,862,False,True,,0,,,0
vehicle_positions_21_212226.parquet,FAIL,36514,864,False,True,,0,,,0
vehicle_positions_21_212257.parquet,FAIL,36642,867,False,True,,0,,,0
vehicle_positions_21_212327.parquet,FAIL,36749,867,False,True,,0,,,0
vehicle_positions_21_212358.parquet,FAIL,36427,864,False,True,,0,,,0
vehicle_positions_21_212429.parquet,FAIL,36371,862,False,True,,0,,,0
vehicle_positions_21_212459.parquet,FAIL,36467,862,False,True,,0,,,0
vehicle_positions_21_212530.parquet,FAIL,36569,863,False,True,,0,,,0
vehicle_positions_21_212601.parquet,FAIL,36480,862,False,True,,0,,,0
vehicle_positions_21_212631.parquet,FAIL,36569,865,False,True,,0,,,0
vehicle_positions_21_212702.parquet,FAIL,36435,864,False,True,,0,,,0
vehicle_positions_21_212733.parquet,FAIL,36542,864,False,True,,0,,,0
vehicle_positions_21_212803.parquet,FAIL,36461,863,False,True,,0,,,0
vehicle_positions_21_212834.parquet,FAIL,36667,865,False,True,,0,,,0
vehicle_positions_21_212904.parquet,FAIL,36744,867,False,True,,0,,,0
vehicle_positions_21_212935.parquet,FAIL,36633,865,False,True,,0,,,0
vehicle_positions_21_213006.parquet,FAIL,36532,865,False,True,,0,,,0
vehicle_positions_21_213036.parquet,FAIL,36665,868,False,True,,0,,,0
vehicle_positions_21_213107.parquet,FAIL,36641,871,False,True,,0,,,0
vehicle_positions_21_213138.parquet,FAIL,36630,869,False,True,,0,,,0
vehicle_positions_21_213208.parquet,FAIL,36669,871,False,True,,0,,,0
vehicle_positions_21_213239.parquet,FAIL,36716,872,False,True,,0,,,0
vehicle_positions_21_213310.parquet,FAIL,36741,873,False,True,,0,,,0
vehicle_positions_21_213341.parquet,FAIL,36609,872,False,True,,0,,,0
vehicle_positions_21_213411.parquet,FAIL,36483,871,False,True,,0,,,0
vehicle_positions_21_213442.parquet,FAIL,36680,872,False,True,,0,,,0
vehicle_positions_21_213513.parquet,FAIL,36646,871,False,True,,0,,,0
vehicle_positions_21_213544.parquet,FAIL,36572,870,False,True,,0,,,0
vehicle_positions_21_213614.parquet,FAIL,36607,872,False,True,,0,,,0
vehicle_positions_21_213645.parquet,FAIL,36594,873,False,True,,0,,,0
vehicle_positions_21_213716.parquet,FAIL,36698,873,False,True,,0,,,0
vehicle_positions_21_213746.parquet,FAIL,36862,876,False,True,,0,,,0
vehicle_positions_21_213817.parquet,FAIL,36792,873,False,True,,0,,,0
vehicle_positions_21_213848.parquet,FAIL,36749,873,False,True,,0,,,0
vehicle_positions_21_213919.parquet,FAIL,36965,875,False,True,,0,,,0
vehicle_positions_21_213950.parquet,FAIL,36904,874,False,True,,0,,,0
vehicle_positions_21_214021.parquet,FAIL,36665,873,False,True,,0,,,0
vehicle_positions_21_214051.parquet,FAIL,36902,876,False,True,,0,,,0
vehicle_positions_21_214122.parquet,FAIL,36828,873,False,True,,0,,,0
vehicle_positions_21_214153.parquet,FAIL,36845,873,False,True,,0,,,0
vehicle_positions_21_214223.parquet,FAIL,36896,874,False,True,,0,,,0
vehicle_positions_21_214254.parquet,FAIL,36863,873,False,True,,0,,,0
vehicle_positions_21_214325.parquet,FAIL,36732,870,False,True,,0,,,0
vehicle_positions_21_214355.parquet,FAIL,36863,871,False,True,,0,,,0
vehicle_positions_21_214426.parquet,FAIL,36865,872,False,True,,0,,,0
vehicle_positions_21_214457.parquet,FAIL,36675,870,False,True,,0,,,0
vehicle_positions_21_214527.parquet,FAIL,36893,872,False,True,,0,,,0
vehicle_positions_21_214558.parquet,FAIL,36599,870,False,True,,0,,,0
vehicle_positions_21_214629.parquet,FAIL,36777,873,False,True,,0,,,0
vehicle_positions_21_214659.parquet,FAIL,36828,874,False,True,,0,,,0
vehicle_positions_21_214730.parquet,FAIL,36719,873,False,True,,0,,,0
vehicle_positions_21_214801.parquet,FAIL,36757,873,False,True,,0,,,0
vehicle_positions_21_214831.parquet,FAIL,36637,870,False,True,,0,,,0
vehicle_positions_21_214902.parquet,FAIL,36609,869,False,True,,0,,,0
vehicle_positions_21_214933.parquet,FAIL,36655,869,False,True,,0,,,0
vehicle_positions_21_215003.parquet,FAIL,36689,870,False,True,,0,,,0
vehicle_positions_21_215034.parquet,FAIL,36853,874,False,True,,0,,,0
vehicle_positions_21_215105.parquet,FAIL,36769,873,False,True,,0,,,0
vehicle_positions_21_215135.parquet,FAIL,36823,873,False,True,,0,,,0
vehicle_positions_21_215206.parquet,FAIL,36758,873,False,True,,0,,,0
vehicle_positions_21_215237.parquet,FAIL,36627,873,False,True,,0,,,0
vehicle_positions_21_215307.parquet,FAIL,36728,874,False,True,,0,,,0
vehicle_positions_21_215338.parquet,FAIL,36728,873,False,True,,0,,,0
vehicle_positions_21_215408.parquet,FAIL,36713,874,False,True,,0,,,0
vehicle_positions_21_215439.parquet,FAIL,36548,872,False,True,,0,,,0
vehicle_positions_21_215510.parquet,FAIL,36450,870,False,True,,0,,,0
vehicle_positions_21_215540.parquet,FAIL,36445,871,False,True,,0,,,0
vehicle_positions_21_215611.parquet,FAIL,36604,875,False,True,,0,,,0
vehicle_positions_21_215642.parquet,FAIL,36695,872,False,True,,0,,,0
vehicle_positions_21_215712.parquet,FAIL,36675,872,False,True,,0,,,0
vehicle_positions_21_215743.parquet,FAIL,36831,875,False,True,,0,,,0
vehicle_positions_21_215813.parquet,FAIL,36773,875,False,True,,0,,,0
vehicle_positions_21_215844.parquet,FAIL,36854,874,False,True,,0,,,0
vehicle_positions_21_215915.parquet,FAIL,36839,873,False,True,,0,,,0
vehicle_positions_21_215945.parquet,FAIL,36580,872,False,True,,0,,,0
vehicle_positions_22_220017.parquet,FAIL,36673,872,False,True,,0,,,0
vehicle_positions_22_220047.parquet,FAIL,36775,876,False,True,,0,,,0
vehicle_positions_22_220118.parquet,FAIL,36805,878,False,True,,0,,,0
vehicle_positions_22_220149.parquet,FAIL,36884,880,False,True,,0,,,0
vehicle_positions_22_220219.parquet,FAIL,36996,883,False,True,,0,,,0
vehicle_positions_22_220250.parquet,FAIL,37006,883,False,True,,0,,,0
vehicle_positions_22_220321.parquet,FAIL,37048,882,False,True,,0,,,0
vehicle_positions_22_220351.parquet,FAIL,36949,883,False,True,,0,,,0
vehicle_positions_22_220422.parquet,FAIL,37020,881,False,True,,0,,,0
vehicle_positions_22_220453.parquet,FAIL,36837,876,False,True,,0,,,0
vehicle_positions_22_220523.parquet,FAIL,36918,879,False,True,,0,,,0
vehicle_positions_22_220554.parquet,FAIL,36993,883,False,True,,0,,,0
vehicle_positions_22_220624.parquet,FAIL,37128,881,False,True,,0,,,0
vehicle_positions_22_220655.parquet,FAIL,37020,882,False,True,,0,,,0
vehicle_positions_22_220726.parquet,FAIL,36788,880,False,True,,0,,,0
vehicle_positions_22_220756.parquet,FAIL,36777,878,False,True,,0,,,0
vehicle_positions_22_220827.parquet,FAIL,36680,878,False,True,,0,,,0
vehicle_positions_22_220858.parquet,FAIL,36946,881,False,True,,0,,,0
vehicle_positions_22_220929.parquet,FAIL,36842,880,False,True,,0,,,0
vehicle_positions_22_221000.parquet,FAIL,37068,881,False,True,,0,,,0
vehicle_positions_22_221030.parquet,FAIL,37071,880,False,True,,0,,,0
vehicle_positions_22_221101.parquet,FAIL,36866,881,False,True,,0,,,0
vehicle_positions_22_221132.parquet,FAIL,37041,881,False,True,,0,,,0
vehicle_positions_22_221202.parquet,FAIL,36984,882,False,True,,0,,,0
vehicle_positions_22_221233.parquet,FAIL,36950,880,False,True,,0,,,0
vehicle_positions_22_221304.parquet,FAIL,37158,882,False,True,,0,,,0
vehicle_positions_22_221335.parquet,FAIL,36975,881,False,True,,0,,,0
vehicle_positions_22_221406.parquet,FAIL,36957,881,False,True,,0,,,0
vehicle_positions_22_221436.parquet,FAIL,37133,882,False,True,,0,,,0
vehicle_positions_22_221507.parquet,FAIL,37179,884,False,True,,0,,,0
vehicle_positions_22_221538.parquet,FAIL,37142,884,False,True,,0,,,0
vehicle_positions_22_221608.parquet,FAIL,37053,882,False,True,,0,,,0
vehicle_positions_22_221639.parquet,FAIL,37161,884,False,True,,0,,,0
vehicle_positions_22_221710.parquet,FAIL,36866,881,False,True,,0,,,0
vehicle_positions_22_221740.parquet,FAIL,37001,882,False,True,,0,,,0
vehicle_positions_22_221811.parquet,FAIL,36913,881,False,True,,0,,,0
vehicle_positions_22_221842.parquet,FAIL,36991,881,False,True,,0,,,0
vehicle_positions_22_221912.parquet,FAIL,36967,879,False,True,,0,,,0
vehicle_positions_22_221943.parquet,FAIL,36690,876,False,True,,0,,,0
vehicle_positions_22_222014.parquet,FAIL,36706,878,False,True,,0,,,0
vehicle_positions_22_222044.parquet,FAIL,36757,878,False,True,,0,,,0
vehicle_positions_22_222115.parquet,FAIL,36821,878,False,True,,0,,,0
vehicle_positions_22_222146.parquet,FAIL,36936,880,False,True,,0,,,0
vehicle_positions_22_222217.parquet,FAIL,36721,880,False,True,,0,,,0
vehicle_positions_22_222247.parquet,FAIL,36854,878,False,True,,0,,,0
vehicle_positions_22_222318.parquet,FAIL,36811,877,False,True,,0,,,0
vehicle_positions_22_222349.parquet,FAIL,36780,875,False,True,,0,,,0
vehicle_positions_22_222419.parquet,FAIL,36697,874,False,True,,0,,,0
vehicle_positions_22_222450.parquet,FAIL,36744,873,False,True,,0,,,0
vehicle_positions_22_222521.parquet,FAIL,36768,877,False,True,,0,,,0
vehicle_positions_22_222552.parquet,FAIL,36813,878,False,True,,0,,,0
vehicle_positions_22_222622.parquet,FAIL,36821,876,False,True,,0,,,0
vehicle_positions_22_222653.parquet,FAIL,36813,877,False,True,,0,,,0
vehicle_positions_22_222724.parquet,FAIL,36866,877,False,True,,0,,,0
vehicle_positions_22_222754.parquet,FAIL,36950,880,False,True,,0,,,0
vehicle_positions_22_222825.parquet,FAIL,37020,880,False,True,,0,,,0
vehicle_positions_22_222856.parquet,FAIL,37056,881,False,True,,0,,,0
vehicle_positions_22_222926.parquet,FAIL,36992,880,False,True,,0,,,0
vehicle_positions_22_222957.parquet,FAIL,37027,882,False,True,,0,,,0
vehicle_positions_22_223028.parquet,FAIL,37061,884,False,True,,0,,,0
vehicle_positions_22_223058.parquet,FAIL,37158,886,False,True,,0,,,0
vehicle_positions_22_223129.parquet,FAIL,37145,886,False,True,,0,,,0
vehicle_positions_22_223200.parquet,FAIL,37164,886,False,True,,0,,,0
vehicle_positions_22_223230.parquet,FAIL,37108,885,False,True,,0,,,0
vehicle_positions_22_223301.parquet,FAIL,36890,884,False,True,,0,,,0
vehicle_positions_22_223332.parquet,FAIL,36949,882,False,True,,0,,,0
vehicle_positions_22_223402.parquet,FAIL,37130,882,False,True,,0,,,0
vehicle_positions_22_223433.parquet,FAIL,37025,881,False,True,,0,,,0
vehicle_positions_22_223504.parquet,FAIL,36828,879,False,True,,0,,,0
vehicle_positions_22_223534.parquet,FAIL,37021,883,False,True,,0,,,0
vehicle_positions_22_223605.parquet,FAIL,37037,888,False,True,,0,,,0
vehicle_positions_22_223636.parquet,FAIL,36955,886,False,True,,0,,,0
vehicle_positions_22_223706.parquet,FAIL,37089,887,False,True,,0,,,0
vehicle_positions_22_223737.parquet,FAIL,37112,888,False,True,,0,,,0
vehicle_positions_22_223809.parquet,FAIL,36994,886,False,True,,0,,,0
vehicle_positions_22_223840.parquet,FAIL,37154,888,False,True,,0,,,0
vehicle_positions_22_223910.parquet,FAIL,37119,888,False,True,,0,,,0
vehicle_positions_22_223941.parquet,FAIL,37145,886,False,True,,0,,,0
vehicle_positions_22_224012.parquet,FAIL,37082,885,False,True,,0,,,0
vehicle_positions_22_224042.parquet,FAIL,37070,885,False,True,,0,,,0
vehicle_positions_22_224113.parquet,FAIL,37134,887,False,True,,0,,,0
vehicle_positions_22_224144.parquet,FAIL,37039,884,False,True,,0,,,0
vehicle_positions_22_224214.parquet,FAIL,37096,883,False,True,,0,,,0
vehicle_positions_22_224245.parquet,FAIL,36949,881,False,True,,0,,,0
vehicle_positions_22_224315.parquet,FAIL,37082,884,False,True,,0,,,0
vehicle_positions_22_224347.parquet,FAIL,37035,881,False,True,,0,,,0
vehicle_positions_22_224417.parquet,FAIL,37024,883,False,True,,0,,,0
vehicle_positions_22_224448.parquet,FAIL,37122,886,False,True,,0,,,0
vehicle_positions_22_224518.parquet,FAIL,37145,886,False,True,,0,,,0
vehicle_positions_22_224549.parquet,FAIL,37140,889,False,True,,0,,,0
vehicle_positions_22_224620.parquet,FAIL,37138,889,False,True,,0,,,0
vehicle_positions_22_224650.parquet,FAIL,36993,887,False,True,,0,,,0
vehicle_positions_22_224721.parquet,FAIL,37227,887,False,True,,0,,,0
vehicle_positions_22_224752.parquet,FAIL,37207,887,False,True,,0,,,0
vehicle_positions_22_224822.parquet,FAIL,37083,884,False,True,,0,,,0
vehicle_positions_22_224853.parquet,FAIL,37077,883,False,True,,0,,,0
vehicle_positions_22_224924.parquet,FAIL,36973,881,False,True,,0,,,0
vehicle_positions_22_224954.parquet,FAIL,37033,881,False,True,,0,,,0
vehicle_positions_22_225025.parquet,FAIL,36849,879,False,True,,0,,,0
vehicle_positions_22_225056.parquet,FAIL,36791,877,False,True,,0,,,0
vehicle_positions_22_225126.parquet,FAIL,36711,876,False,True,,0,,,0
vehicle_positions_22_225157.parquet,FAIL,36779,879,False,True,,0,,,0
vehicle_positions_22_225228.parquet,FAIL,36736,878,False,True,,0,,,0
vehicle_positions_22_225258.parquet,FAIL,36804,878,False,True,,0,,,0
vehicle_positions_22_225329.parquet,FAIL,36850,879,False,True,,0,,,0
vehicle_positions_22_225400.parquet,FAIL,36933,881,False,True,,0,,,0
vehicle_positions_22_225430.parquet,FAIL,37094,885,False,True,,0,,,0
vehicle_positions_22_225502.parquet,FAIL,37078,884,False,True,,0,,,0
vehicle_positions_22_225532.parquet,FAIL,36948,885,False,True,,0,,,0
vehicle_positions_22_225603.parquet,FAIL,36970,883,False,True,,0,,,0
vehicle_positions_22_225633.parquet,FAIL,36884,883,False,True,,0,,,0
vehicle_positions_22_225704.parquet,FAIL,36939,883,False,True,,0,,,0
vehicle_positions_22_225735.parquet,FAIL,37009,885,False,True,,0,,,0
vehicle_positions_22_225805.parquet,FAIL,37083,884,False,True,,0,,,0
vehicle_positions_22_225836.parquet,FAIL,36972,883,False,True,,0,,,0
vehicle_positions_22_225907.parquet,FAIL,37013,885,False,True,,0,,,0
vehicle_positions_22_225937.parquet,FAIL,37105,885,False,True,,0,,,0
vehicle_positions_23_230008.parquet,FAIL,37118,888,False,True,,0,,,0
vehicle_positions_23_230039.parquet,FAIL,37254,889,False,True,,0,,,0
vehicle_positions_23_230109.parquet,FAIL,37362,889,False,True,,0,,,0
vehicle_positions_23_230140.parquet,FAIL,37257,889,False,True,,0,,,0
vehicle_positions_23_230211.parquet,FAIL,37180,890,False,True,,0,,,0
vehicle_positions_23_230241.parquet,FAIL,37190,890,False,True,,0,,,0
vehicle_positions_23_230312.parquet,FAIL,37294,891,False,True,,0,,,0
vehicle_positions_23_230343.parquet,FAIL,37299,890,False,True,,0,,,0
vehicle_positions_23_230414.parquet,FAIL,37278,891,False,True,,0,,,0
vehicle_positions_23_230444.parquet,FAIL,37409,892,False,True,,0,,,0
vehicle_positions_23_230515.parquet,FAIL,37337,891,False,True,,0,,,0
vehicle_positions_23_230546.parquet,FAIL,37408,891,False,True,,0,,,0
vehicle_positions_23_230617.parquet,FAIL,37311,890,False,True,,0,,,0
vehicle_positions_23_230648.parquet,FAIL,37168,889,False,True,,0,,,0
vehicle_positions_23_230718.parquet,FAIL,37140,887,False,True,,0,,,0
vehicle_positions_23_230749.parquet,FAIL,37121,887,False,True,,0,,,0
vehicle_positions_23_230820.parquet,FAIL,36990,884,False,True,,0,,,0
vehicle_positions_23_230851.parquet,FAIL,37043,887,False,True,,0,,,0
vehicle_positions_23_230921.parquet,FAIL,37018,887,False,True,,0,,,0
vehicle_positions_23_230952.parquet,FAIL,37216,891,False,True,,0,,,0
vehicle_positions_23_231023.parquet,FAIL,37453,893,False,True,,0,,,0
vehicle_positions_23_231054.parquet,FAIL,37316,895,False,True,,0,,,0
vehicle_positions_23_231124.parquet,FAIL,37385,895,False,True,,0,,,0
vehicle_positions_23_231155.parquet,FAIL,37267,896,False,True,,0,,,0
vehicle_positions_23_231226.parquet,FAIL,37373,896,False,True,,0,,,0
vehicle_positions_23_231256.parquet,FAIL,37522,897,False,True,,0,,,0
vehicle_positions_23_231327.parquet,FAIL,37354,896,False,True,,0,,,0
vehicle_positions_23_231358.parquet,FAIL,37415,896,False,True,,0,,,0
vehicle_positions_23_231429.parquet,FAIL,37722,897,False,True,,0,,,0
vehicle_positions_23_231459.parquet,FAIL,37636,897,False,True,,0,,,0
vehicle_positions_23_231530.parquet,FAIL,37562,898,False,True,,0,,,0
vehicle_positions_23_231601.parquet,FAIL,37322,896,False,True,,0,,,0
vehicle_positions_23_231632.parquet,FAIL,37305,894,False,True,,0,,,0
vehicle_positions_23_231702.parquet,FAIL,37333,895,False,True,,0,,,0
vehicle_positions_23_231733.parquet,FAIL,37320,895,False,True,,0,,,0
vehicle_positions_23_231804.parquet,FAIL,37351,894,False,True,,0,,,0
vehicle_positions_23_231834.parquet,FAIL,37232,891,False,True,,0,,,0
vehicle_positions_23_231905.parquet,FAIL,37366,892,False,True,,0,,,0
vehicle_positions_23_231935.parquet,FAIL,37412,896,False,True,,0,,,0
vehicle_positions_23_232006.parquet,FAIL,37548,896,False,True,,0,,,0
vehicle_positions_23_232037.parquet,FAIL,37476,898,False,True,,0,,,0
vehicle_positions_23_232107.parquet,FAIL,37352,896,False,True,,0,,,0
vehicle_positions_23_232138.parquet,FAIL,37463,895,False,True,,0,,,0
vehicle_positions_23_232209.parquet,FAIL,37270,892,False,True,,0,,,0
vehicle_positions_23_232239.parquet,FAIL,37322,893,False,True,,0,,,0
vehicle_positions_23_232310.parquet,FAIL,37258,891,False,True,,0,,,0
vehicle_positions_23_232341.parquet,FAIL,37166,888,False,True,,0,,,0
vehicle_positions_23_232411.parquet,FAIL,37263,890,False,True,,0,,,0
vehicle_positions_23_232442.parquet,FAIL,37198,891,False,True,,0,,,0
vehicle_positions_23_232512.parquet,FAIL,37269,890,False,True,,0,,,0
vehicle_positions_23_232543.parquet,FAIL,37143,891,False,True,,0,,,0
vehicle_positions_23_232614.parquet,FAIL,37245,891,False,True,,0,,,0
vehicle_positions_23_232645.parquet,FAIL,37218,891,False,True,,0,,,0
vehicle_positions_23_232715.parquet,FAIL,37330,890,False,True,,0,,,0
vehicle_positions_23_232746.parquet,FAIL,37303,891,False,True,,0,,,0
vehicle_positions_23_232817.parquet,FAIL,37281,894,False,True,,0,,,0
vehicle_positions_23_232848.parquet,FAIL,37309,894,False,True,,0,,,0
vehicle_positions_23_232918.parquet,FAIL,37232,892,False,True,,0,,,0
vehicle_positions_23_232949.parquet,FAIL,37222,894,False,True,,0,,,0
vehicle_positions_23_233019.parquet,FAIL,37391,896,False,True,,0,,,0
vehicle_positions_23_233050.parquet,FAIL,37335,897,False,True,,0,,,0
vehicle_positions_23_233121.parquet,FAIL,37410,896,False,True,,0,,,0
vehicle_positions_23_233151.parquet,FAIL,37309,894,False,True,,0,,,0
vehicle_positions_23_233222.parquet,FAIL,37370,895,False,True,,0,,,0
vehicle_positions_23_233253.parquet,FAIL,37556,895,False,True,,0,,,0
vehicle_positions_23_233323.parquet,FAIL,37655,898,False,True,,0,,,0
vehicle_positions_23_233354.parquet,FAIL,37441,897,False,True,,0,,,0
vehicle_positions_23_233425.parquet,FAIL,37231,895,False,True,,0,,,0
vehicle_positions_23_233456.parquet,FAIL,37481,899,False,True,,0,,,0
vehicle_positions_23_233526.parquet,FAIL,37591,899,False,True,,0,,,0
vehicle_positions_23_233557.parquet,FAIL,37487,899,False,True,,0,,,0
vehicle_positions_23_233627.parquet,FAIL,37489,899,False,True,,0,,,0
vehicle_positions_23_233658.parquet,FAIL,37487,898,False,True,,0,,,0
vehicle_positions_23_233729.parquet,FAIL,37544,898,False,True,,0,,,0
vehicle_positions_23_233759.parquet,FAIL,37689,899,False,True,,0,,,0
vehicle_positions_23_233830.parquet,FAIL,37435,896,False,True,,0,,,0
vehicle_positions_23_233901.parquet,FAIL,37317,896,False,True,,0,,,0
vehicle_positions_23_233931.parquet,FAIL,37552,895,False,True,,0,,,0
vehicle_positions_23_234002.parquet,FAIL,37513,892,False,True,,0,,,0
vehicle_positions_23_234032.parquet,FAIL,37365,891,False,True,,0,,,0
vehicle_positions_23_234103.parquet,FAIL,37500,892,False,True,,0,,,0
vehicle_positions_23_234134.parquet,FAIL,37427,894,False,True,,0,,,0
vehicle_positions_23_234205.parquet,FAIL,37544,897,False,True,,0,,,0
vehicle_positions_23_234236.parquet,FAIL,37442,894,False,True,,0,,,0
vehicle_positions_23_234307.parquet,FAIL,37450,889,False,True,,0,,,0
vehicle_positions_23_234337.parquet,FAIL,37529,891,False,True,,0,,,0
vehicle_positions_23_234408.parquet,FAIL,37461,891,False,True,,0,,,0
vehicle_positions_23_234439.parquet,FAIL,37370,890,False,True,,0,,,0
vehicle_positions_23_234509.parquet,FAIL,37619,892,False,True,,0,,,0
vehicle_positions_23_234540.parquet,FAIL,37294,892,False,True,,0,,,0
vehicle_positions_23_234611.parquet,FAIL,37399,893,False,True,,0,,,0
vehicle_positions_23_234642.parquet,FAIL,37375,892,False,True,,0,,,0
vehicle_positions_23_234712.parquet,FAIL,37251,893,False,True,,0,,,0
vehicle_positions_23_234743.parquet,FAIL,37456,890,False,True,,0,,,0
vehicle_positions_23_234814.parquet,FAIL,37428,889,False,True,,0,,,0
vehicle_positions_23_234844.parquet,FAIL,37483,891,False,True,,0,,,0
vehicle_positions_23_234915.parquet,FAIL,37316,891,False,True,,0,,,0
vehicle_positions_23_234946.parquet,FAIL,37334,889,False,True,,0,,,0
vehicle_positions_23_235017.parquet,FAIL,37184,887,False,True,,0,,,0
vehicle_positions_23_235047.parquet,FAIL,37225,889,False,True,,0,,,0
vehicle_positions_23_235118.parquet,FAIL,37050,889,False,True,,0,,,0
vehicle_positions_23_235148.parquet,FAIL,37180,888,False,True,,0,,,0
vehicle_positions_23_235219.parquet,FAIL,37234,889,False,True,,0,,,0
vehicle_positions_23_235250.parquet,FAIL,37061,888,False,True,,0,,,0
vehicle_positions_23_235320.parquet,FAIL,37114,887,False,True,,0,,,0
vehicle_positions_23_235351.parquet,FAIL,36999,885,False,True,,0,,,0
vehicle_positions_23_235422.parquet,FAIL,37118,885,False,True,,0,,,0
vehicle_positions_23_235452.parquet,FAIL,37169,885,False,True,,0,,,0
vehicle_positions_23_235523.parquet,FAIL,36844,880,False,True,,0,,,0
vehicle_positions_23_235554.parquet,FAIL,36933,882,False,True,,0,,,0
vehicle_positions_23_235624.parquet,FAIL,36879,881,False,True,,0,,,0
vehicle_positions_23_235655.parquet,FAIL,37013,881,False,True,,0,,,0
vehicle_positions_23_235725.parquet,FAIL,37093,884,False,True,,0,,,0
vehicle_positions_23_235756.parquet,FAIL,37083,886,False,True,,0,,,0
vehicle_positions_23_235827.parquet,FAIL,37258,888,False,True,,0,,,0
vehicle_positions_23_235857.parquet,FAIL,37153,888,False,True,,0,,,0
vehicle_positions_23_235928.parquet,FAIL,37382,892,False,True,,0,,,0
vehicle_positions_23_235959.parquet,FAIL,37345,893,False,True,,0,,,0
vehicle_positions_00_000029.parquet,FAIL,37418,895,False,True,,0,,,0
vehicle_positions_00_000100.parquet,FAIL,37412,894,False,True,,0,,,0
vehicle_positions_00_000131.parquet,FAIL,37207,892,False,True,,0,,,0
vehicle_positions_00_000202.parquet,FAIL,37297,894,False,True,,0,,,0
vehicle_positions_00_000232.parquet,FAIL,37309,893,False,True,,0,,,0
vehicle_positions_00_000304.parquet,FAIL,37320,890,False,True,,0,,,0
vehicle_positions_00_000335.parquet,FAIL,37437,889,False,True,,0,,,0
vehicle_positions_00_000406.parquet,FAIL,37464,890,False,True,,0,,,0
vehicle_positions_00_000437.parquet,FAIL,37343,890,False,True,,0,,,0
vehicle_positions_00_000507.parquet,FAIL,37421,890,False,True,,0,,,0
vehicle_positions_00_000538.parquet,FAIL,37398,894,False,True,,0,,,0
vehicle_positions_00_000609.parquet,FAIL,37535,897,False,True,,0,,,0
vehicle_positions_00_000639.parquet,FAIL,37475,895,False,True,,0,,,0
vehicle_positions_00_000710.parquet,FAIL,37505,894,False,True,,0,,,0
vehicle_positions_00_000740.parquet,FAIL,37486,893,False,True,,0,,,0
vehicle_positions_00_000811.parquet,FAIL,37263,892,False,True,,0,,,0
vehicle_positions_00_000842.parquet,FAIL,37341,892,False,True,,0,,,0
vehicle_positions_00_000913.parquet,FAIL,37307,892,False,True,,0,,,0
vehicle_positions_00_000943.parquet,FAIL,37260,890,False,True,,0,,,0
vehicle_positions_00_001014.parquet,FAIL,37358,895,False,True,,0,,,0
vehicle_positions_00_001045.parquet,FAIL,37414,897,False,True,,0,,,0
vehicle_positions_00_001115.parquet,FAIL,37266,895,False,True,,0,,,0
vehicle_positions_00_001146.parquet,FAIL,37284,893,False,True,,0,,,0
vehicle_positions_00_001217.parquet,FAIL,37262,893,False,True,,0,,,0
vehicle_positions_00_001247.parquet,FAIL,37232,890,False,True,,0,,,0
vehicle_positions_00_001318.parquet,FAIL,37142,888,False,True,,0,,,0
vehicle_positions_00_001350.parquet,FAIL,37165,889,False,True,,0,,,0
vehicle_positions_00_001421.parquet,FAIL,37323,890,False,True,,0,,,0
vehicle_positions_00_001451.parquet,FAIL,37392,892,False,True,,0,,,0
vehicle_positions_00_001522.parquet,FAIL,37356,890,False,True,,0,,,0
vehicle_positions_00_001553.parquet,FAIL,37270,891,False,True,,0,,,0
vehicle_positions_00_001623.parquet,FAIL,37283,891,False,True,,0,,,0
vehicle_positions_00_001654.parquet,FAIL,37399,895,False,True,,0,,,0
vehicle_positions_00_001725.parquet,FAIL,37359,894,False,True,,0,,,0
vehicle_positions_00_001755.parquet,FAIL,37210,889,False,True,,0,,,0
vehicle_positions_00_001826.parquet,FAIL,37171,887,False,True,,0,,,0
vehicle_positions_00_001857.parquet,FAIL,36984,884,False,True,,0,,,0
vehicle_positions_00_001927.parquet,FAIL,36971,882,False,True,,0,,,0
vehicle_positions_00_001958.parquet,FAIL,37038,883,False,True,,0,,,0
vehicle_positions_00_002029.parquet,FAIL,37081,881,False,True,,0,,,0
vehicle_positions_00_002059.parquet,FAIL,36921,880,False,True,,0,,,0
vehicle_positions_00_002130.parquet,FAIL,36729,878,False,True,,0,,,0
vehicle_positions_00_002201.parquet,FAIL,36561,875,False,True,,0,,,0
vehicle_positions_00_002231.parquet,FAIL,36796,877,False,True,,0,,,0
vehicle_positions_00_002302.parquet,FAIL,36721,878,False,True,,0,,,0
vehicle_positions_00_002333.parquet,FAIL,36800,878,False,True,,0,,,0
vehicle_positions_00_002403.parquet,FAIL,36790,879,False,True,,0,,,0
vehicle_positions_00_002434.parquet,FAIL,36778,876,False,True,,0,,,0
vehicle_positions_00_002505.parquet,FAIL,36719,875,False,True,,0,,,0
vehicle_positions_00_002535.parquet,FAIL,36753,873,False,True,,0,,,0
vehicle_positions_00_002606.parquet,FAIL,36796,875,False,True,,0,,,0
vehicle_positions_00_002637.parquet,FAIL,36926,878,False,True,,0,,,0
vehicle_positions_00_002707.parquet,FAIL,36891,878,False,True,,0,,,0
vehicle_positions_00_002738.parquet,FAIL,36987,880,False,True,,0,,,0
vehicle_positions_00_002809.parquet,FAIL,37114,884,False,True,,0,,,0
vehicle_positions_00_002839.parquet,FAIL,37208,884,False,True,,0,,,0
vehicle_positions_00_002910.parquet,FAIL,37075,883,False,True,,0,,,0
vehicle_positions_00_002941.parquet,FAIL,37078,883,False,True,,0,,,0
vehicle_positions_00_003011.parquet,FAIL,37140,884,False,True,,0,,,0
vehicle_positions_00_003042.parquet,FAIL,37326,888,False,True,,0,,,0
vehicle_positions_00_003113.parquet,FAIL,37316,887,False,True,,0,,,0
vehicle_positions_00_003143.parquet,FAIL,37176,886,False,True,,0,,,0
vehicle_positions_00_003214.parquet,FAIL,37110,883,False,True,,0,,,0
vehicle_positions_00_003245.parquet,FAIL,37037,883,False,True,,0,,,0
vehicle_positions_00_003315.parquet,FAIL,37220,884,False,True,,0,,,0
vehicle_positions_00_003346.parquet,FAIL,37055,884,False,True,,0,,,0
vehicle_positions_00_003417.parquet,FAIL,37117,882,False,True,,0,,,0
vehicle_positions_00_003448.parquet,FAIL,37009,881,False,True,,0,,,0
vehicle_positions_00_003518.parquet,FAIL,36991,878,False,True,,0,,,0
vehicle_positions_00_003549.parquet,FAIL,36998,879,False,True,,0,,,0
vehicle_positions_00_003620.parquet,FAIL,36993,879,False,True,,0,,,0
vehicle_positions_00_003650.parquet,FAIL,36847,877,False,True,,0,,,0
vehicle_positions_00_003721.parquet,FAIL,36924,877,False,True,,0,,,0
vehicle_positions_00_003752.parquet,FAIL,36927,875,False,True,,0,,,0
vehicle_positions_00_003822.parquet,FAIL,36910,874,False,True,,0,,,0
vehicle_positions_00_003853.parquet,FAIL,36826,873,False,True,,0,,,0
vehicle_positions_00_003924.parquet,FAIL,36604,871,False,True,,0,,,0
vehicle_positions_00_003954.parquet,FAIL,36689,871,False,True,,0,,,0
vehicle_positions_00_004025.parquet,FAIL,36798,871,False,True,,0,,,0
vehicle_positions_00_004055.parquet,FAIL,36520,870,False,True,,0,,,0
vehicle_positions_00_004126.parquet,FAIL,36637,870,False,True,,0,,,0
vehicle_positions_00_004157.parquet,FAIL,36689,870,False,True,,0,,,0
vehicle_positions_00_004227.parquet,FAIL,36581,868,False,True,,0,,,0
vehicle_positions_00_004258.parquet,FAIL,36696,869,False,True,,0,,,0
vehicle_positions_00_004329.parquet,FAIL,36811,870,False,True,,0,,,0
vehicle_positions_00_004359.parquet,FAIL,36819,869,False,True,,0,,,0
vehicle_positions_00_004430.parquet,FAIL,36822,867,False,True,,0,,,0
vehicle_positions_00_004501.parquet,FAIL,36893,868,False,True,,0,,,0
vehicle_positions_00_004531.parquet,FAIL,36944,870,False,True,,0,,,0
vehicle_positions_00_004604.parquet,FAIL,36730,871,False,True,,0,,,0
vehicle_positions_00_004635.parquet,FAIL,36911,872,False,True,,0,,,0
vehicle_positions_00_004705.parquet,FAIL,36916,871,False,True,,0,,,0
vehicle_positions_00_004736.parquet,FAIL,36732,868,False,True,,0,,,0
vehicle_positions_00_004807.parquet,FAIL,36623,867,False,True,,0,,,0
vehicle_positions_00_004837.parquet,FAIL,36769,867,False,True,,0,,,0
vehicle_positions_00_004908.parquet,FAIL,36837,868,False,True,,0,,,0
vehicle_positions_00_004939.parquet,FAIL,36848,867,False,True,,0,,,0
vehicle_positions_00_005009.parquet,FAIL,36799,866,False,True,,0,,,0
vehicle_positions_00_005040.parquet,FAIL,36739,865,False,True,,0,,,0
vehicle_positions_00_005111.parquet,FAIL,36563,863,False,True,,0,,,0
vehicle_positions_00_005142.parquet,FAIL,36385,861,False,True,,0,,,0
vehicle_positions_00_005213.parquet,FAIL,36370,858,False,True,,0,,,0
vehicle_positions_00_005244.parquet,FAIL,36247,856,False,True,,0,,,0
vehicle_positions_00_005314.parquet,FAIL,36349,857,False,True,,0,,,0
vehicle_positions_00_005345.parquet,FAIL,36366,858,False,True,,0,,,0
vehicle_positions_00_005415.parquet,FAIL,36200,853,False,True,,0,,,0
vehicle_positions_00_005446.parquet,FAIL,36416,856,False,True,,0,,,0
vehicle_positions_00_005517.parquet,FAIL,36455,855,False,True,,0,,,0
vehicle_positions_00_005547.parquet,FAIL,36347,858,False,True,,0,,,0
vehicle_positions_00_005618.parquet,FAIL,36452,857,False,True,,0,,,0
vehicle_positions_00_005649.parquet,FAIL,36307,856,False,True,,0,,,0
vehicle_positions_00_005719.parquet,FAIL,36173,853,False,True,,0,,,0
vehicle_positions_00_005750.parquet,FAIL,36284,854,False,True,,0,,,0
vehicle_positions_00_005821.parquet,FAIL,36422,854,False,True,,0,,,0
vehicle_positions_00_005851.parquet,FAIL,36394,853,False,True,,0,,,0
vehicle_positions_00_005922.parquet,FAIL,36241,852,False,True,,0,,,0
vehicle_positions_00_005953.parquet,FAIL,36317,855,False,True,,0,,,0
vehicle_positions_01_010023.parquet,FAIL,36299,856,False,True,,0,,,0
vehicle_positions_01_010054.parquet,FAIL,36310,854,False,True,,0,,,0
vehicle_positions_01_010127.parquet,FAIL,36522,856,False,True,,0,,,0
vehicle_positions_01_010158.parquet,FAIL,36270,855,False,True,,0,,,0
vehicle_positions_01_010229.parquet,FAIL,36293,855,False,True,,0,,,0
vehicle_positions_01_010259.parquet,FAIL,36092,851,False,True,,0,,,0
vehicle_positions_01_010330.parquet,FAIL,36141,853,False,True,,0,,,0
vehicle_positions_01_010401.parquet,FAIL,36181,855,False,True,,0,,,0
vehicle_positions_01_010432.parquet,FAIL,36162,856,False,True,,0,,,0
vehicle_positions_01_010502.parquet,FAIL,36222,855,False,True,,0,,,0
vehicle_positions_01_010533.parquet,FAIL,36198,856,False,True,,0,,,0
vehicle_positions_01_010603.parquet,FAIL,36197,856,False,True,,0,,,0
vehicle_positions_01_010634.parquet,FAIL,36085,852,False,True,,0,,,0
vehicle_positions_01_010705.parquet,FAIL,36126,851,False,True,,0,,,0
vehicle_positions_01_010735.parquet,FAIL,36108,850,False,True,,0,,,0
vehicle_positions_01_010806.parquet,FAIL,35997,850,False,True,,0,,,0
vehicle_positions_01_010837.parquet,FAIL,36018,848,False,True,,0,,,0
vehicle_positions_01_010907.parquet,FAIL,36204,850,False,True,,0,,,0
vehicle_positions_01_010938.parquet,FAIL,36154,849,False,True,,0,,,0
vehicle_positions_01_011008.parquet,FAIL,35924,848,False,True,,0,,,0
vehicle_positions_01_011039.parquet,FAIL,36013,846,False,True,,0,,,0
vehicle_positions_01_011110.parquet,FAIL,36097,848,False,True,,0,,,0
vehicle_positions_01_011141.parquet,FAIL,36088,849,False,True,,0,,,0
vehicle_positions_01_011211.parquet,FAIL,36160,850,False,True,,0,,,0
vehicle_positions_01_011242.parquet,FAIL,36206,849,False,True,,0,,,0
vehicle_positions_01_011313.parquet,FAIL,36140,848,False,True,,0,,,0
vehicle_positions_01_011345.parquet,FAIL,36059,846,False,True,,0,,,0
vehicle_positions_01_011415.parquet,FAIL,36010,846,False,True,,0,,,0
vehicle_positions_01_011447.parquet,FAIL,35970,843,False,True,,0,,,0
vehicle_positions_01_011517.parquet,FAIL,36010,842,False,True,,0,,,0
vehicle_positions_01_011548.parquet,FAIL,35861,840,False,True,,0,,,0
vehicle_positions_01_011618.parquet,FAIL,35821,836,False,True,,0,,,0
vehicle_positions_01_011649.parquet,FAIL,35840,838,False,True,,0,,,0
vehicle_positions_01_011720.parquet,FAIL,35866,835,False,True,,0,,,0
vehicle_positions_01_011751.parquet,FAIL,35672,833,False,True,,0,,,0
vehicle_positions_01_011821.parquet,FAIL,35514,832,False,True,,0,,,0
vehicle_positions_01_011852.parquet,FAIL,35443,830,False,True,,0,,,0
vehicle_positions_01_011923.parquet,FAIL,35618,830,False,True,,0,,,0
vehicle_positions_01_011953.parquet,FAIL,35756,833,False,True,,0,,,0
vehicle_positions_01_012024.parquet,FAIL,35834,833,False,True,,0,,,0
vehicle_positions_01_012055.parquet,FAIL,35802,835,False,True,,0,,,0
vehicle_positions_01_012125.parquet,FAIL,35833,833,False,True,,0,,,0
vehicle_positions_01_012156.parquet,FAIL,35611,829,False,True,,0,,,0
vehicle_positions_01_012226.parquet,FAIL,35463,827,False,True,,0,,,0
vehicle_positions_01_012257.parquet,FAIL,35566,826,False,True,,0,,,0
vehicle_positions_01_012328.parquet,FAIL,35392,823,False,True,,0,,,0
vehicle_positions_01_012358.parquet,FAIL,35289,823,False,True,,0,,,0
vehicle_positions_01_012429.parquet,FAIL,35283,820,False,True,,0,,,0
vehicle_positions_01_012500.parquet,FAIL,35261,819,False,True,,0,,,0
vehicle_positions_01_012530.parquet,FAIL,35411,822,False,True,,0,,,0
vehicle_positions_01_012602.parquet,FAIL,35217,819,False,True,,0,,,0
vehicle_positions_01_012633.parquet,FAIL,35310,820,False,True,,0,,,0
vehicle_positions_01_012703.parquet,FAIL,35455,821,False,True,,0,,,0
vehicle_positions_01_012734.parquet,FAIL,35395,820,False,True,,0,,,0
vehicle_positions_01_012805.parquet,FAIL,35043,816,False,True,,0,,,0
vehicle_positions_01_012835.parquet,FAIL,35041,815,False,True,,0,,,0
vehicle_positions_01_012906.parquet,FAIL,35125,814,False,True,,0,,,0
vehicle_positions_01_012937.parquet,FAIL,35013,814,False,True,,0,,,0
vehicle_positions_01_013007.parquet,FAIL,34964,812,False,True,,0,,,0
vehicle_positions_01_013038.parquet,FAIL,34889,812,False,True,,0,,,0
vehicle_positions_01_013108.parquet,FAIL,34912,813,False,True,,0,,,0
vehicle_positions_01_013139.parquet,FAIL,34859,811,False,True,,0,,,0
vehicle_positions_01_013210.parquet,FAIL,34876,812,False,True,,0,,,0
vehicle_positions_01_013240.parquet,FAIL,35034,813,False,True,,0,,,0
vehicle_positions_01_013311.parquet,FAIL,35014,815,False,True,,0,,,0
vehicle_positions_01_013342.parquet,FAIL,35132,816,False,True,,0,,,0
vehicle_positions_01_013412.parquet,FAIL,35239,817,False,True,,0,,,0
vehicle_positions_01_013443.parquet,FAIL,35202,817,False,True,,0,,,0
vehicle_positions_01_013514.parquet,FAIL,35089,816,False,True,,0,,,0
vehicle_positions_01_013544.parquet,FAIL,35067,816,False,True,,0,,,0
vehicle_positions_01_013615.parquet,FAIL,34855,813,False,True,,0,,,0
vehicle_positions_01_013646.parquet,FAIL,34793,809,False,True,,0,,,0
vehicle_positions_01_013716.parquet,FAIL,34686,806,False,True,,0,,,0
vehicle_positions_01_013747.parquet,FAIL,34737,804,False,True,,0,,,0
vehicle_positions_01_013818.parquet,FAIL,34675,803,False,True,,0,,,0
vehicle_positions_01_013848.parquet,FAIL,34595,801,False,True,,0,,,0
vehicle_positions_01_013919.parquet,FAIL,34551,800,False,True,,0,,,0
vehicle_positions_01_013950.parquet,FAIL,34479,799,False,True,,0,,,0
vehicle_positions_01_014020.parquet,FAIL,34476,799,False,True,,0,,,0
vehicle_positions_01_014051.parquet,FAIL,34298,797,False,True,,0,,,0
vehicle_positions_01_014122.parquet,FAIL,34556,801,False,True,,0,,,0
vehicle_positions_01_014152.parquet,FAIL,34271,794,False,True,,0,,,0
vehicle_positions_01_014223.parquet,FAIL,34311,795,False,True,,0,,,0
vehicle_positions_01_014253.parquet,FAIL,34408,793,False,True,,0,,,0
vehicle_positions_01_014324.parquet,FAIL,34260,793,False,True,,0,,,0
vehicle_positions_01_014355.parquet,FAIL,34260,794,False,True,,0,,,0
vehicle_positions_01_014425.parquet,FAIL,34285,794,False,True,,0,,,0
vehicle_positions_01_014456.parquet,FAIL,34440,797,False,True,,0,,,0
vehicle_positions_01_014526.parquet,FAIL,34487,796,False,True,,0,,,0
vehicle_positions_01_014557.parquet,FAIL,34340,794,False,True,,0,,,0
vehicle_positions_01_014628.parquet,FAIL,34206,790,False,True,,0,,,0
vehicle_positions_01_014658.parquet,FAIL,34075,789,False,True,,0,,,0
vehicle_positions_01_014729.parquet,FAIL,34101,786,False,True,,0,,,0
vehicle_positions_01_014800.parquet,FAIL,33939,786,False,True,,0,,,0
vehicle_positions_01_014830.parquet,FAIL,34066,787,False,True,,0,,,0
vehicle_positions_01_014901.parquet,FAIL,34022,785,False,True,,0,,,0
vehicle_positions_01_014931.parquet,FAIL,34051,788,False,True,,0,,,0
vehicle_positions_01_015002.parquet,FAIL,34047,788,False,True,,0,,,0
vehicle_positions_01_015033.parquet,FAIL,34282,790,False,True,,0,,,0
vehicle_positions_01_015103.parquet,FAIL,34209,787,False,True,,0,,,0
vehicle_positions_01_015134.parquet,FAIL,34014,783,False,True,,0,,,0
vehicle_positions_01_015205.parquet,FAIL,33916,782,False,True,,0,,,0
vehicle_positions_01_015235.parquet,FAIL,34090,781,False,True,,0,,,0
vehicle_positions_01_015306.parquet,FAIL,34065,779,False,True,,0,,,0
vehicle_positions_01_015337.parquet,FAIL,33968,777,False,True,,0,,,0
vehicle_positions_01_015407.parquet,FAIL,33868,775,False,True,,0,,,0
vehicle_positions_01_015438.parquet,FAIL,33746,772,False,True,,0,,,0
vehicle_positions_01_015508.parquet,FAIL,33645,770,False,True,,0,,,0
vehicle_positions_01_015539.parquet,FAIL,33398,765,False,True,,0,,,0
vehicle_positions_01_015610.parquet,FAIL,33349,765,False,True,,0,,,0
vehicle_positions_01_015640.parquet,FAIL,33494,763,False,True,,0,,,0
vehicle_positions_01_015711.parquet,FAIL,33400,762,False,True,,0,,,0
vehicle_positions_01_015742.parquet,FAIL,33522,761,False,True,,0,,,0
vehicle_positions_01_015812.parquet,FAIL,33576,761,False,True,,0,,,0
vehicle_positions_01_015843.parquet,FAIL,33488,765,False,True,,0,,,0
vehicle_positions_01_015914.parquet,FAIL,33587,765,False,True,,0,,,0
vehicle_positions_01_015944.parquet,FAIL,33394,764,False,True,,0,,,0
vehicle_positions_02_020015.parquet,FAIL,33514,764,False,True,,0,,,0
vehicle_positions_02_020046.parquet,FAIL,33403,768,False,True,,0,,,0
vehicle_positions_02_020117.parquet,FAIL,33283,764,False,True,,0,,,0
vehicle_positions_02_020147.parquet,FAIL,33417,767,False,True,,0,,,0
vehicle_positions_02_020218.parquet,FAIL,33418,767,False,True,,0,,,0
vehicle_positions_02_020249.parquet,FAIL,33570,769,False,True,,0,,,0
vehicle_positions_02_020319.parquet,FAIL,33586,769,False,True,,0,,,0
vehicle_positions_02_020350.parquet,FAIL,33621,769,False,True,,0,,,0
vehicle_positions_02_020421.parquet,FAIL,33448,768,False,True,,0,,,0
vehicle_positions_02_020452.parquet,FAIL,33371,768,False,True,,0,,,0
vehicle_positions_02_020522.parquet,FAIL,33440,767,False,True,,0,,,0
vehicle_positions_02_020553.parquet,FAIL,33531,769,False,True,,0,,,0
vehicle_positions_02_020624.parquet,FAIL,33636,769,False,True,,0,,,0
vehicle_positions_02_020655.parquet,FAIL,33294,763,False,True,,0,,,0
vehicle_positions_02_020725.parquet,FAIL,33344,762,False,True,,0,,,0
vehicle_positions_02_020756.parquet,FAIL,33384,763,False,True,,0,,,0
vehicle_positions_02_020826.parquet,FAIL,33364,762,False,True,,0,,,0
vehicle_positions_02_020857.parquet,FAIL,33291,760,False,True,,0,,,0
vehicle_positions_02_020928.parquet,FAIL,33202,757,False,True,,0,,,0
vehicle_positions_02_020958.parquet,FAIL,33163,754,False,True,,0,,,0
vehicle_positions_02_021029.parquet,FAIL,33169,754,False,True,,0,,,0
vehicle_positions_02_021100.parquet,FAIL,33032,751,False,True,,0,,,0
vehicle_positions_02_021130.parquet,FAIL,32967,750,False,True,,0,,,0
vehicle_positions_02_021201.parquet,FAIL,32913,747,False,True,,0,,,0
vehicle_positions_02_021232.parquet,FAIL,32966,748,False,True,,0,,,0
vehicle_positions_02_021303.parquet,FAIL,32870,745,False,True,,0,,,0
vehicle_positions_02_021333.parquet,FAIL,32790,743,False,True,,0,,,0
vehicle_positions_02_021404.parquet,FAIL,32867,744,False,True,,0,,,0
vehicle_positions_02_021435.parquet,FAIL,32739,744,False,True,,0,,,0
vehicle_positions_02_021505.parquet,FAIL,32949,745,False,True,,0,,,0
vehicle_positions_02_021536.parquet,FAIL,32800,744,False,True,,0,,,0
vehicle_positions_02_021607.parquet,FAIL,32978,746,False,True,,0,,,0
vehicle_positions_02_021637.parquet,FAIL,32870,745,False,True,,0,,,0
vehicle_positions_02_021708.parquet,FAIL,32803,744,False,True,,0,,,0
vehicle_positions_02_021738.parquet,FAIL,32664,740,False,True,,0,,,0
vehicle_positions_02_021809.parquet,FAIL,32912,739,False,True,,0,,,0
vehicle_positions_02_021840.parquet,FAIL,32668,739,False,True,,0,,,0
vehicle_positions_02_021910.parquet,FAIL,32724,738,False,True,,0,,,0
vehicle_positions_02_021941.parquet,FAIL,32620,735,False,True,,0,,,0
vehicle_positions_02_022012.parquet,FAIL,32723,736,False,True,,0,,,0
vehicle_positions_02_022042.parquet,FAIL,32504,733,False,True,,0,,,0
vehicle_positions_02_022113.parquet,FAIL,32479,730,False,True,,0,,,0
vehicle_positions_02_022144.parquet,FAIL,32278,728,False,True,,0,,,0
vehicle_positions_02_022214.parquet,FAIL,32391,730,False,True,,0,,,0
vehicle_positions_02_022245.parquet,FAIL,32189,726,False,True,,0,,,0
vehicle_positions_02_022316.parquet,FAIL,32183,726,False,True,,0,,,0
vehicle_positions_02_022346.parquet,FAIL,32010,725,False,True,,0,,,0
vehicle_positions_02_022417.parquet,FAIL,32122,724,False,True,,0,,,0
vehicle_positions_02_022448.parquet,FAIL,32089,724,False,True,,0,,,0
vehicle_positions_02_022518.parquet,FAIL,32205,722,False,True,,0,,,0
vehicle_positions_02_022549.parquet,FAIL,32025,721,False,True,,0,,,0
vehicle_positions_02_022620.parquet,FAIL,31867,720,False,True,,0,,,0
vehicle_positions_02_022650.parquet,FAIL,31862,720,False,True,,0,,,0
vehicle_positions_02_022721.parquet,FAIL,31897,717,False,True,,0,,,0
vehicle_positions_02_022752.parquet,FAIL,31729,714,False,True,,0,,,0
vehicle_positions_02_022822.parquet,FAIL,31809,714,False,True,,0,,,0
vehicle_positions_02_022853.parquet,FAIL,31746,713,False,True,,0,,,0
vehicle_positions_02_022924.parquet,FAIL,31771,713,False,True,,0,,,0
vehicle_positions_02_022954.parquet,FAIL,31657,712,False,True,,0,,,0
vehicle_positions_02_023025.parquet,FAIL,31872,714,False,True,,0,,,0
vehicle_positions_02_023056.parquet,FAIL,31721,715,False,True,,0,,,0
vehicle_positions_02_023126.parquet,FAIL,31925,714,False,True,,0,,,0
vehicle_positions_02_023157.parquet,FAIL,32037,716,False,True,,0,,,0
vehicle_positions_02_023228.parquet,FAIL,31937,714,False,True,,0,,,0
vehicle_positions_02_023258.parquet,FAIL,31887,715,False,True,,0,,,0
vehicle_positions_02_023329.parquet,FAIL,31828,714,False,True,,0,,,0
vehicle_positions_02_023400.parquet,FAIL,31896,715,False,True,,0,,,0
vehicle_positions_02_023430.parquet,FAIL,31822,712,False,True,,0,,,0
vehicle_positions_02_023501.parquet,FAIL,31734,710,False,True,,0,,,0
vehicle_positions_02_023532.parquet,FAIL,31699,709,False,True,,0,,,0
vehicle_positions_02_023602.parquet,FAIL,31547,706,False,True,,0,,,0
vehicle_positions_02_023633.parquet,FAIL,31453,703,False,True,,0,,,0
vehicle_positions_02_023704.parquet,FAIL,31414,702,False,True,,0,,,0
vehicle_positions_02_023734.parquet,FAIL,31473,700,False,True,,0,,,0
vehicle_positions_02_023805.parquet,FAIL,31313,698,False,True,,0,,,0
vehicle_positions_02_023836.parquet,FAIL,31251,695,False,True,,0,,,0
vehicle_positions_02_023906.parquet,FAIL,31242,693,False,True,,0,,,0
vehicle_positions_02_023937.parquet,FAIL,30957,687,False,True,,0,,,0
vehicle_positions_02_024007.parquet,FAIL,30841,684,False,True,,0,,,0
vehicle_positions_02_024038.parquet,FAIL,30661,679,False,True,,0,,,0
vehicle_positions_02_024109.parquet,FAIL,30806,682,False,True,,0,,,0
vehicle_positions_02_024140.parquet,FAIL,30743,683,False,True,,0,,,0
vehicle_positions_02_024210.parquet,FAIL,30866,683,False,True,,0,,,0
vehicle_positions_02_024241.parquet,FAIL,30900,682,False,True,,0,,,0
vehicle_positions_02_024311.parquet,FAIL,30718,679,False,True,,0,,,0
vehicle_positions_02_024342.parquet,FAIL,30637,678,False,True,,0,,,0
vehicle_positions_02_024413.parquet,FAIL,30643,678,False,True,,0,,,0
vehicle_positions_02_024443.parquet,FAIL,30626,678,False,True,,0,,,0
vehicle_positions_02_024514.parquet,FAIL,30627,678,False,True,,0,,,0
vehicle_positions_02_024544.parquet,FAIL,30594,676,False,True,,0,,,0
vehicle_positions_02_024615.parquet,FAIL,30619,676,False,True,,0,,,0
vehicle_positions_02_024646.parquet,FAIL,30643,676,False,True,,0,,,0
vehicle_positions_02_024716.parquet,FAIL,30531,675,False,True,,0,,,0
vehicle_positions_02_024747.parquet,FAIL,30479,673,False,True,,0,,,0
vehicle_positions_02_024818.parquet,FAIL,30309,671,False,True,,0,,,0
vehicle_positions_02_024848.parquet,FAIL,30358,671,False,True,,0,,,0
vehicle_positions_02_024919.parquet,FAIL,30202,667,False,True,,0,,,0
vehicle_positions_02_024949.parquet,FAIL,30258,666,False,True,,0,,,0
vehicle_positions_02_025020.parquet,FAIL,30348,665,False,True,,0,,,0
vehicle_positions_02_025050.parquet,FAIL,30385,669,False,True,,0,,,0
vehicle_positions_02_025121.parquet,FAIL,30408,668,False,True,,0,,,0
vehicle_positions_02_025152.parquet,FAIL,30371,668,False,True,,0,,,0
vehicle_positions_02_025223.parquet,FAIL,30174,664,False,True,,0,,,0
vehicle_positions_02_025253.parquet,FAIL,30163,664,False,True,,0,,,0
vehicle_positions_02_025324.parquet,FAIL,30077,663,False,True,,0,,,0
vehicle_positions_02_025355.parquet,FAIL,30058,662,False,True,,0,,,0
vehicle_positions_02_025425.parquet,FAIL,30169,664,False,True,,0,,,0
vehicle_positions_02_025456.parquet,FAIL,30193,664,False,True,,0,,,0
vehicle_positions_02_025526.parquet,FAIL,30150,664,False,True,,0,,,0
vehicle_positions_02_025557.parquet,FAIL,30086,664,False,True,,0,,,0
vehicle_positions_02_025628.parquet,FAIL,30047,662,False,True,,0,,,0
vehicle_positions_02_025658.parquet,FAIL,29975,660,False,True,,0,,,0
vehicle_positions_02_025729.parquet,FAIL,30085,659,False,True,,0,,,0
vehicle_positions_02_025759.parquet,FAIL,30012,660,False,True,,0,,,0
vehicle_positions_02_025830.parquet,FAIL,30014,659,False,True,,0,,,0
vehicle_positions_02_025900.parquet,FAIL,29967,655,False,True,,0,,,0
vehicle_positions_02_025931.parquet,FAIL,29830,654,False,True,,0,,,0
vehicle_positions_03_030002.parquet,FAIL,29859,654,False,True,,0,,,0
vehicle_positions_03_030033.parquet,FAIL,29879,655,False,True,,0,,,0
vehicle_positions_03_030104.parquet,FAIL,29996,658,False,True,,0,,,0
vehicle_positions_03_030134.parquet,FAIL,29932,658,False,True,,0,,,0
vehicle_positions_03_030205.parquet,FAIL,29993,658,False,True,,0,,,0
vehicle_positions_03_030235.parquet,FAIL,29993,661,False,True,,0,,,0
vehicle_positions_03_030306.parquet,FAIL,30066,659,False,True,,0,,,0
vehicle_positions_03_030337.parquet,FAIL,29986,658,False,True,,0,,,0
vehicle_positions_03_030407.parquet,FAIL,29911,657,False,True,,0,,,0
vehicle_positions_03_030438.parquet,FAIL,29936,657,False,True,,0,,,0
vehicle_positions_03_030509.parquet,FAIL,29887,654,False,True,,0,,,0
vehicle_positions_03_030539.parquet,FAIL,29951,655,False,True,,0,,,0
vehicle_positions_03_030610.parquet,FAIL,29845,653,False,True,,0,,,0
vehicle_positions_03_030641.parquet,FAIL,29747,650,False,True,,0,,,0
vehicle_positions_03_030711.parquet,FAIL,29687,649,False,True,,0,,,0
vehicle_positions_03_030742.parquet,FAIL,29592,648,False,True,,0,,,0
vehicle_positions_03_030813.parquet,FAIL,29558,648,False,True,,0,,,0
vehicle_positions_03_030843.parquet,FAIL,29679,648,False,True,,0,,,0
vehicle_positions_03_030914.parquet,FAIL,29609,648,False,True,,0,,,0
vehicle_positions_03_030944.parquet,FAIL,29662,647,False,True,,0,,,0
vehicle_positions_03_031015.parquet,FAIL,29428,642,False,True,,0,,,0
vehicle_positions_03_031046.parquet,FAIL,29400,642,False,True,,0,,,0
vehicle_positions_03_031117.parquet,FAIL,29535,642,False,True,,0,,,0
vehicle_positions_03_031148.parquet,FAIL,29371,641,False,True,,0,,,0
vehicle_positions_03_031218.parquet,FAIL,29360,639,False,True,,0,,,0
vehicle_positions_03_031249.parquet,FAIL,29392,639,False,True,,0,,,0
vehicle_positions_03_031320.parquet,FAIL,29487,641,False,True,,0,,,0
vehicle_positions_03_031350.parquet,FAIL,29480,642,False,True,,0,,,0
vehicle_positions_03_031421.parquet,FAIL,29334,640,False,True,,0,,,0
vehicle_positions_03_031452.parquet,FAIL,29347,638,False,True,,0,,,0
vehicle_positions_03_031522.parquet,FAIL,29343,638,False,True,,0,,,0
vehicle_positions_03_031553.parquet,FAIL,29331,639,False,True,,0,,,0
vehicle_positions_03_031624.parquet,FAIL,29310,639,False,True,,0,,,0
vehicle_positions_03_031654.parquet,FAIL,29282,639,False,True,,0,,,0
vehicle_positions_03_031725.parquet,FAIL,29178,636,False,True,,0,,,0
vehicle_positions_03_031756.parquet,FAIL,29224,635,False,True,,0,,,0
vehicle_positions_03_031826.parquet,FAIL,29169,635,False,True,,0,,,0
vehicle_positions_03_031857.parquet,FAIL,29062,633,False,True,,0,,,0
vehicle_positions_03_031927.parquet,FAIL,28986,632,False,True,,0,,,0
vehicle_positions_03_031958.parquet,FAIL,29028,631,False,True,,0,,,0
vehicle_positions_03_032028.parquet,FAIL,29099,633,False,True,,0,,,0
vehicle_positions_03_032059.parquet,FAIL,29166,637,False,True,,0,,,0
vehicle_positions_03_032130.parquet,FAIL,29030,633,False,True,,0,,,0
vehicle_positions_03_032200.parquet,FAIL,29038,633,False,True,,0,,,0
vehicle_positions_03_032231.parquet,FAIL,29037,631,False,True,,0,,,0
vehicle_positions_03_032301.parquet,FAIL,29020,631,False,True,,0,,,0
vehicle_positions_03_032332.parquet,FAIL,28870,627,False,True,,0,,,0
vehicle_positions_03_032403.parquet,FAIL,28662,624,False,True,,0,,,0
vehicle_positions_03_032433.parquet,FAIL,28799,625,False,True,,0,,,0
vehicle_positions_03_032504.parquet,FAIL,28685,623,False,True,,0,,,0
vehicle_positions_03_032534.parquet,FAIL,28712,624,False,True,,0,,,0
vehicle_positions_03_032605.parquet,FAIL,28741,624,False,True,,0,,,0
vehicle_positions_03_032636.parquet,FAIL,28842,626,False,True,,0,,,0
vehicle_positions_03_032707.parquet,FAIL,28762,624,False,True,,0,,,0
vehicle_positions_03_032737.parquet,FAIL,28967,627,False,True,,0,,,0
vehicle_positions_03_032808.parquet,FAIL,28782,624,False,True,,0,,,0
vehicle_positions_03_032838.parquet,FAIL,28648,620,False,True,,0,,,0
vehicle_positions_03_032909.parquet,FAIL,28734,621,False,True,,0,,,0
vehicle_positions_03_032940.parquet,FAIL,28587,620,False,True,,0,,,0
vehicle_positions_03_033010.parquet,FAIL,28612,620,False,True,,0,,,0
vehicle_positions_03_033041.parquet,FAIL,28690,623,False,True,,0,,,0
vehicle_positions_03_033111.parquet,FAIL,28898,625,False,True,,0,,,0
vehicle_positions_03_033142.parquet,FAIL,28650,620,False,True,,0,,,0
vehicle_positions_03_033213.parquet,FAIL,28635,620,False,True,,0,,,0
vehicle_positions_03_033243.parquet,FAIL,28670,622,False,True,,0,,,0
vehicle_positions_03_033314.parquet,FAIL,28729,622,False,True,,0,,,0
vehicle_positions_03_033345.parquet,FAIL,28657,620,False,True,,0,,,0
vehicle_positions_03_033415.parquet,FAIL,28618,618,False,True,,0,,,0
vehicle_positions_03_033446.parquet,FAIL,28610,618,False,True,,0,,,0
vehicle_positions_03_033517.parquet,FAIL,28600,617,False,True,,0,,,0
vehicle_positions_03_033547.parquet,FAIL,28678,619,False,True,,0,,,0
vehicle_positions_03_033618.parquet,FAIL,28728,619,False,True,,0,,,0
vehicle_positions_03_033648.parquet,FAIL,28697,618,False,True,,0,,,0
vehicle_positions_03_033719.parquet,FAIL,28494,613,False,True,,0,,,0
vehicle_positions_03_033749.parquet,FAIL,28555,615,False,True,,0,,,0
vehicle_positions_03_033820.parquet,FAIL,28488,613,False,True,,0,,,0
vehicle_positions_03_033851.parquet,FAIL,28401,612,False,True,,0,,,0
vehicle_positions_03_033921.parquet,FAIL,28212,607,False,True,,0,,,0
vehicle_positions_03_033952.parquet,FAIL,28184,605,False,True,,0,,,0
vehicle_positions_03_034022.parquet,FAIL,28171,605,False,True,,0,,,0
vehicle_positions_03_034053.parquet,FAIL,28157,605,False,True,,0,,,0
vehicle_positions_03_034123.parquet,FAIL,28113,604,False,True,,0,,,0
vehicle_positions_03_034154.parquet,FAIL,28254,604,False,True,,0,,,0
vehicle_positions_03_034225.parquet,FAIL,28203,604,False,True,,0,,,0
vehicle_positions_03_034255.parquet,FAIL,28157,604,False,True,,0,,,0
vehicle_positions_03_034326.parquet,FAIL,28065,602,False,True,,0,,,0
vehicle_positions_03_034356.parquet,FAIL,27995,599,False,True,,0,,,0
vehicle_positions_03_034427.parquet,FAIL,27967,598,False,True,,0,,,0
vehicle_positions_03_034458.parquet,FAIL,27958,598,False,True,,0,,,0
vehicle_positions_03_034528.parquet,FAIL,27922,597,False,True,,0,,,0
vehicle_positions_03_034559.parquet,FAIL,27918,599,False,True,,0,,,0
vehicle_positions_03_034629.parquet,FAIL,27855,597,False,True,,0,,,0
vehicle_positions_03_034700.parquet,FAIL,27957,599,False,True,,0,,,0
vehicle_positions_03_034731.parquet,FAIL,27911,600,False,True,,0,,,0
vehicle_positions_03_034801.parquet,FAIL,27834,599,False,True,,0,,,0
vehicle_positions_03_034832.parquet,FAIL,27855,598,False,True,,0,,,0
vehicle_positions_03_034903.parquet,FAIL,27843,599,False,True,,0,,,0
vehicle_positions_03_034934.parquet,FAIL,27766,597,False,True,,0,,,0
vehicle_positions_03_035004.parquet,FAIL,27979,596,False,True,,0,,,0
vehicle_positions_03_035035.parquet,FAIL,27902,596,False,True,,0,,,0
vehicle_positions_03_035105.parquet,FAIL,27732,593,False,True,,0,,,0
vehicle_positions_03_035136.parquet,FAIL,27729,592,False,True,,0,,,0
vehicle_positions_03_035207.parquet,FAIL,27681,591,False,True,,0,,,0
vehicle_positions_03_035237.parquet,FAIL,27636,591,False,True,,0,,,0
vehicle_positions_03_035308.parquet,FAIL,27810,593,False,True,,0,,,0
vehicle_positions_03_035338.parquet,FAIL,27605,589,False,True,,0,,,0
vehicle_positions_03_035409.parquet,FAIL,27598,588,False,True,,0,,,0
vehicle_positions_03_035439.parquet,FAIL,27585,585,False,True,,0,,,0
vehicle_positions_03_035510.parquet,FAIL,27518,585,False,True,,0,,,0
vehicle_positions_03_035541.parquet,FAIL,27508,587,False,True,,0,,,0
vehicle_positions_03_035611.parquet,FAIL,27457,586,False,True,,0,,,0
vehicle_positions_03_035642.parquet,FAIL,27673,587,False,True,,0,,,0
vehicle_positions_03_035712.parquet,FAIL,27561,587,False,True,,0,,,0
vehicle_positions_03_035743.parquet,FAIL,27653,590,False,True,,0,,,0
vehicle_positions_03_035814.parquet,FAIL,27656,588,False,True,,0,,,0
vehicle_positions_03_035844.parquet,FAIL,27707,590,False,True,,0,,,0
vehicle_positions_03_035915.parquet,FAIL,27604,588,False,True,,0,,,0
vehicle_positions_03_035945.parquet,FAIL,27626,587,False,True,,0,,,0
vehicle_positions_04_040016.parquet,FAIL,27633,589,False,True,,0,,,0
vehicle_positions_04_040047.parquet,FAIL,27670,589,False,True,,0,,,0
vehicle_positions_04_040118.parquet,FAIL,27580,585,False,True,,0,,,0
vehicle_positions_04_040149.parquet,FAIL,27615,586,False,True,,0,,,0
vehicle_positions_04_040219.parquet,FAIL,27652,588,False,True,,0,,,0
vehicle_positions_04_040250.parquet,FAIL,27628,588,False,True,,0,,,0
vehicle_positions_04_040321.parquet,FAIL,27590,588,False,True,,0,,,0
vehicle_positions_04_040351.parquet,FAIL,27544,587,False,True,,0,,,0
vehicle_positions_04_040422.parquet,FAIL,27465,584,False,True,,0,,,0
vehicle_positions_04_040453.parquet,FAIL,27503,582,False,True,,0,,,0
vehicle_positions_04_040523.parquet,FAIL,27313,580,False,True,,0,,,0
vehicle_positions_04_040554.parquet,FAIL,27319,577,False,True,,0,,,0
vehicle_positions_04_040624.parquet,FAIL,27407,577,False,True,,0,,,0
vehicle_positions_04_040655.parquet,FAIL,27160,574,False,True,,0,,,0
vehicle_positions_04_040726.parquet,FAIL,27203,573,False,True,,0,,,0
vehicle_positions_04_040756.parquet,FAIL,27146,574,False,True,,0,,,0
vehicle_positions_04_040827.parquet,FAIL,27155,575,False,True,,0,,,0
vehicle_positions_04_040857.parquet,FAIL,27131,572,False,True,,0,,,0
vehicle_positions_04_040928.parquet,FAIL,27083,569,False,True,,0,,,0
vehicle_positions_04_040959.parquet,FAIL,27095,569,False,True,,0,,,0
vehicle_positions_04_041029.parquet,FAIL,27013,568,False,True,,0,,,0
vehicle_positions_04_041100.parquet,FAIL,26938,565,False,True,,0,,,0
vehicle_positions_04_041132.parquet,FAIL,26954,565,False,True,,0,,,0
vehicle_positions_04_041202.parquet,FAIL,26961,564,False,True,,0,,,0
vehicle_positions_04_041233.parquet,FAIL,26965,565,False,True,,0,,,0
vehicle_positions_04_041303.parquet,FAIL,26918,566,False,True,,0,,,0
vehicle_positions_04_041334.parquet,FAIL,26878,562,False,True,,0,,,0
vehicle_positions_04_041404.parquet,FAIL,26838,561,False,True,,0,,,0
vehicle_positions_04_041435.parquet,FAIL,26756,560,False,True,,0,,,0
vehicle_positions_04_041506.parquet,FAIL,26609,558,False,True,,0,,,0
vehicle_positions_04_041536.parquet,FAIL,26701,560,False,True,,0,,,0
vehicle_positions_04_041607.parquet,FAIL,26842,562,False,True,,0,,,0
vehicle_positions_04_041637.parquet,FAIL,26858,563,False,True,,0,,,0
vehicle_positions_04_041708.parquet,FAIL,26965,565,False,True,,0,,,0
vehicle_positions_04_041739.parquet,FAIL,26960,566,False,True,,0,,,0
vehicle_positions_04_041809.parquet,FAIL,26984,566,False,True,,0,,,0
vehicle_positions_04_041840.parquet,FAIL,26953,566,False,True,,0,,,0
vehicle_positions_04_041910.parquet,FAIL,26915,564,False,True,,0,,,0
vehicle_positions_04_041941.parquet,FAIL,26809,563,False,True,,0,,,0
vehicle_positions_04_042012.parquet,FAIL,26909,565,False,True,,0,,,0
vehicle_positions_04_042042.parquet,FAIL,26921,565,False,True,,0,,,0
vehicle_positions_04_042113.parquet,FAIL,26836,563,False,True,,0,,,0
vehicle_positions_04_042143.parquet,FAIL,26806,563,False,True,,0,,,0
vehicle_positions_04_042214.parquet,FAIL,26619,558,False,True,,0,,,0
vehicle_positions_04_042245.parquet,FAIL,26478,554,False,True,,0,,,0
vehicle_positions_04_042315.parquet,FAIL,26502,554,False,True,,0,,,0
vehicle_positions_04_042346.parquet,FAIL,26269,551,False,True,,0,,,0
vehicle_positions_04_042416.parquet,FAIL,26439,552,False,True,,0,,,0
vehicle_positions_04_042447.parquet,FAIL,26549,553,False,True,,0,,,0
vehicle_positions_04_042518.parquet,FAIL,26558,552,False,True,,0,,,0
vehicle_positions_04_042548.parquet,FAIL,26358,547,False,True,,0,,,0
vehicle_positions_04_042619.parquet,FAIL,26385,546,False,True,,0,,,0
vehicle_positions_04_042649.parquet,FAIL,26373,546,False,True,,0,,,0
vehicle_positions_04_042720.parquet,FAIL,26405,544,False,True,,0,,,0
vehicle_positions_04_042751.parquet,FAIL,26263,543,False,True,,0,,,0
vehicle_positions_04_042821.parquet,FAIL,26400,545,False,True,,0,,,0
vehicle_positions_04_042852.parquet,FAIL,26308,544,False,True,,0,,,0
vehicle_positions_04_042922.parquet,FAIL,26367,547,False,True,,0,,,0
vehicle_positions_04_042953.parquet,FAIL,26425,547,False,True,,0,,,0
vehicle_positions_04_043023.parquet,FAIL,26307,544,False,True,,0,,,0
vehicle_positions_04_043054.parquet,FAIL,26241,542,False,True,,0,,,0
vehicle_positions_04_043125.parquet,FAIL,26024,540,False,True,,0,,,0
vehicle_positions_04_043155.parquet,FAIL,26244,541,False,True,,0,,,0
vehicle_positions_04_043226.parquet,FAIL,26047,539,False,True,,0,,,0
vehicle_positions_04_043256.parquet,FAIL,26139,541,False,True,,0,,,0
vehicle_positions_04_043327.parquet,FAIL,26129,540,False,True,,0,,,0
vehicle_positions_04_043357.parquet,FAIL,26050,537,False,True,,0,,,0
vehicle_positions_04_043428.parquet,FAIL,26033,538,False,True,,0,,,0
vehicle_positions_04_043459.parquet,FAIL,26026,537,False,True,,0,,,0
vehicle_positions_04_043529.parquet,FAIL,26099,537,False,True,,0,,,0
vehicle_positions_04_043600.parquet,FAIL,25939,535,False,True,,0,,,0
vehicle_positions_04_043631.parquet,FAIL,25864,533,False,True,,0,,,0
vehicle_positions_04_043701.parquet,FAIL,25961,536,False,True,,0,,,0
vehicle_positions_04_043732.parquet,FAIL,25977,534,False,True,,0,,,0
vehicle_positions_04_043803.parquet,FAIL,25688,531,False,True,,0,,,0
vehicle_positions_04_043833.parquet,FAIL,25745,531,False,True,,0,,,0
vehicle_positions_04_043904.parquet,FAIL,25712,530,False,True,,0,,,0
vehicle_positions_04_043935.parquet,FAIL,25655,528,False,True,,0,,,0
vehicle_positions_04_044005.parquet,FAIL,25791,529,False,True,,0,,,0
vehicle_positions_04_044036.parquet,FAIL,25589,525,False,True,,0,,,0
vehicle_positions_04_044106.parquet,FAIL,25481,524,False,True,,0,,,0
vehicle_positions_04_044137.parquet,FAIL,25630,525,False,True,,0,,,0
vehicle_positions_04_044208.parquet,FAIL,25589,525,False,True,,0,,,0
vehicle_positions_04_044238.parquet,FAIL,25632,524,False,True,,0,,,0
vehicle_positions_04_044309.parquet,FAIL,25382,520,False,True,,0,,,0
vehicle_positions_04_044340.parquet,FAIL,25366,520,False,True,,0,,,0
vehicle_positions_04_044410.parquet,FAIL,25274,518,False,True,,0,,,0
vehicle_positions_04_044441.parquet,FAIL,25317,517,False,True,,0,,,0
vehicle_positions_04_044511.parquet,FAIL,25203,517,False,True,,0,,,0
vehicle_positions_04_044542.parquet,FAIL,25154,516,False,True,,0,,,0
vehicle_positions_04_044614.parquet,FAIL,25187,514,False,True,,0,,,0
vehicle_positions_04_044644.parquet,FAIL,25096,515,False,True,,0,,,0
vehicle_positions_04_044715.parquet,FAIL,25216,515,False,True,,0,,,0
vehicle_positions_04_044746.parquet,FAIL,24951,512,False,True,,0,,,0
vehicle_positions_04_044817.parquet,FAIL,24871,512,False,True,,0,,,0
vehicle_positions_04_044847.parquet,FAIL,25065,514,False,True,,0,,,0
vehicle_positions_04_044918.parquet,FAIL,25205,515,False,True,,0,,,0
vehicle_positions_04_044948.parquet,FAIL,25011,513,False,True,,0,,,0
vehicle_positions_04_045019.parquet,FAIL,24818,511,False,True,,0,,,0
vehicle_positions_04_045049.parquet,FAIL,24734,510,False,True,,0,,,0
vehicle_positions_04_045120.parquet,FAIL,24799,510,False,True,,0,,,0
vehicle_positions_04_045151.parquet,FAIL,24794,509,False,True,,0,,,0
vehicle_positions_04_045221.parquet,FAIL,24672,506,False,True,,0,,,0
vehicle_positions_04_045252.parquet,FAIL,24588,505,False,True,,0,,,0
vehicle_positions_04_045323.parquet,FAIL,24597,503,False,True,,0,,,0
vehicle_positions_04_045353.parquet,FAIL,24607,504,False,True,,0,,,0
vehicle_positions_04_045424.parquet,FAIL,24572,504,False,True,,0,,,0
vehicle_positions_04_045454.parquet,FAIL,24472,501,False,True,,0,,,0
vehicle_positions_04_045525.parquet,FAIL,24396,498,False,True,,0,,,0
vehicle_positions_04_045556.parquet,FAIL,24265,495,False,True,,0,,,0
vehicle_positions_04_045626.parquet,FAIL,24345,495,False,True,,0,,,0
vehicle_positions_04_045657.parquet,FAIL,24374,498,False,True,,0,,,0
vehicle_positions_04_045727.parquet,FAIL,24385,499,False,True,,0,,,0
vehicle_positions_04_045758.parquet,FAIL,24398,498,False,True,,0,,,0
vehicle_positions_04_045828.parquet,FAIL,24472,497,False,True,,0,,,0
vehicle_positions_04_045859.parquet,FAIL,24321,498,False,True,,0,,,0
vehicle_positions_04_045929.parquet,FAIL,24243,495,False,True,,0,,,0
vehicle_positions_05_050000.parquet,FAIL,24188,494,False,True,,0,,,0
vehicle_positions_05_050031.parquet,FAIL,24223,494,False,True,,0,,,0
vehicle_positions_05_050101.parquet,FAIL,24231,495,False,True,,0,,,0
vehicle_positions_05_050132.parquet,FAIL,24265,494,False,True,,0,,,0
vehicle_positions_05_050203.parquet,FAIL,24256,492,False,True,,0,,,0
vehicle_positions_05_050233.parquet,FAIL,24303,492,False,True,,0,,,0
vehicle_positions_05_050304.parquet,FAIL,24249,492,False,True,,0,,,0
vehicle_positions_05_050335.parquet,FAIL,24158,490,False,True,,0,,,0
vehicle_positions_05_050405.parquet,FAIL,24252,490,False,True,,0,,,0
vehicle_positions_05_050436.parquet,FAIL,24140,490,False,True,,0,,,0
vehicle_positions_05_050507.parquet,FAIL,24119,490,False,True,,0,,,0
vehicle_positions_05_050537.parquet,FAIL,24095,490,False,True,,0,,,0
vehicle_positions_05_050608.parquet,FAIL,24081,489,False,True,,0,,,0
vehicle_positions_05_050638.parquet,FAIL,23945,485,False,True,,0,,,0
vehicle_positions_05_050709.parquet,FAIL,23929,485,False,True,,0,,,0
vehicle_positions_05_050740.parquet,FAIL,23931,483,False,True,,0,,,0
vehicle_positions_05_050810.parquet,FAIL,23974,483,False,True,,0,,,0
vehicle_positions_05_050841.parquet,FAIL,23848,481,False,True,,0,,,0
vehicle_positions_05_050911.parquet,FAIL,23748,480,False,True,,0,,,0
vehicle_positions_05_050942.parquet,FAIL,23820,480,False,True,,0,,,0
vehicle_positions_05_051013.parquet,FAIL,23778,480,False,True,,0,,,0
vehicle_positions_05_051043.parquet,FAIL,23819,481,False,True,,0,,,0
vehicle_positions_05_051114.parquet,FAIL,23755,480,False,True,,0,,,0
vehicle_positions_05_051144.parquet,FAIL,23647,480,False,True,,0,,,0
vehicle_positions_05_051215.parquet,FAIL,23851,481,False,True,,0,,,0
vehicle_positions_05_051245.parquet,FAIL,23740,478,False,True,,0,,,0
vehicle_positions_05_051316.parquet,FAIL,23790,479,False,True,,0,,,0
vehicle_positions_05_051347.parquet,FAIL,23827,479,False,True,,0,,,0
vehicle_positions_05_051417.parquet,FAIL,23830,479,False,True,,0,,,0
vehicle_positions_05_051448.parquet,FAIL,23710,477,False,True,,0,,,0
vehicle_positions_05_051518.parquet,FAIL,23703,475,False,True,,0,,,0
vehicle_positions_05_051549.parquet,FAIL,23673,475,False,True,,0,,,0
vehicle_positions_05_051620.parquet,FAIL,23631,475,False,True,,0,,,0
vehicle_positions_05_051650.parquet,FAIL,23528,471,False,True,,0,,,0
vehicle_positions_05_051721.parquet,FAIL,23397,467,False,True,,0,,,0
vehicle_positions_05_051751.parquet,FAIL,23296,466,False,True,,0,,,0
vehicle_positions_05_051822.parquet,FAIL,23346,467,False,True,,0,,,0
vehicle_positions_05_051853.parquet,FAIL,23379,466,False,True,,0,,,0
vehicle_positions_05_051923.parquet,FAIL,23332,466,False,True,,0,,,0
vehicle_positions_05_051954.parquet,FAIL,23334,469,False,True,,0,,,0
vehicle_positions_05_052025.parquet,FAIL,23346,467,False,True,,0,,,0
vehicle_positions_05_052055.parquet,FAIL,23306,467,False,True,,0,,,0
vehicle_positions_05_052126.parquet,FAIL,23331,467,False,True,,0,,,0
vehicle_positions_05_052156.parquet,FAIL,23229,466,False,True,,0,,,0
vehicle_positions_05_052227.parquet,FAIL,23266,465,False,True,,0,,,0
vehicle_positions_05_052257.parquet,FAIL,23145,462,False,True,,0,,,0
vehicle_positions_05_052328.parquet,FAIL,23171,461,False,True,,0,,,0
vehicle_positions_05_052359.parquet,FAIL,23124,460,False,True,,0,,,0
vehicle_positions_05_052429.parquet,FAIL,23027,457,False,True,,0,,,0
vehicle_positions_05_052500.parquet,FAIL,22898,455,False,True,,0,,,0
vehicle_positions_05_052530.parquet,FAIL,22963,453,False,True,,0,,,0
vehicle_positions_05_052601.parquet,FAIL,22917,454,False,True,,0,,,0
vehicle_positions_05_052631.parquet,FAIL,22842,452,False,True,,0,,,0
vehicle_positions_05_052702.parquet,FAIL,22872,454,False,True,,0,,,0
vehicle_positions_05_052732.parquet,FAIL,22797,453,False,True,,0,,,0
vehicle_positions_05_052803.parquet,FAIL,22945,454,False,True,,0,,,0
vehicle_positions_05_052834.parquet,FAIL,22982,454,False,True,,0,,,0
vehicle_positions_05_052904.parquet,FAIL,23016,455,False,True,,0,,,0
vehicle_positions_05_052935.parquet,FAIL,23209,458,False,True,,0,,,0
vehicle_positions_05_053005.parquet,FAIL,23067,456,False,True,,0,,,0
vehicle_positions_05_053036.parquet,FAIL,22955,456,False,True,,0,,,0
vehicle_positions_05_053107.parquet,FAIL,22942,453,False,True,,0,,,0
vehicle_positions_05_053137.parquet,FAIL,22881,452,False,True,,0,,,0
vehicle_positions_05_053208.parquet,FAIL,22848,451,False,True,,0,,,0
vehicle_positions_05_053238.parquet,FAIL,22860,452,False,True,,0,,,0
vehicle_positions_05_053309.parquet,FAIL,22833,451,False,True,,0,,,0
vehicle_positions_05_053339.parquet,FAIL,22596,445,False,True,,0,,,0
vehicle_positions_05_053412.parquet,FAIL,22586,446,False,True,,0,,,0
vehicle_positions_05_053442.parquet,FAIL,22514,443,False,True,,0,,,0
vehicle_positions_05_053513.parquet,FAIL,22626,447,False,True,,0,,,0
vehicle_positions_05_053544.parquet,FAIL,22618,446,False,True,,0,,,0
vehicle_positions_05_053614.parquet,FAIL,22621,445,False,True,,0,,,0
vehicle_positions_05_053645.parquet,FAIL,22594,444,False,True,,0,,,0
vehicle_positions_05_053715.parquet,FAIL,22570,444,False,True,,0,,,0
vehicle_positions_05_053746.parquet,FAIL,22505,441,False,True,,0,,,0
vehicle_positions_05_053816.parquet,FAIL,22351,438,False,True,,0,,,0
vehicle_positions_05_053847.parquet,FAIL,22278,436,False,True,,0,,,0
vehicle_positions_05_053917.parquet,FAIL,22350,436,False,True,,0,,,0
vehicle_positions_05_053948.parquet,FAIL,22264,435,False,True,,0,,,0
vehicle_positions_05_054018.parquet,FAIL,22216,434,False,True,,0,,,0
vehicle_positions_05_054049.parquet,FAIL,22207,435,False,True,,0,,,0
vehicle_positions_05_054120.parquet,FAIL,22269,434,False,True,,0,,,0
vehicle_positions_05_054150.parquet,FAIL,22148,432,False,True,,0,,,0
vehicle_positions_05_054221.parquet,FAIL,22186,432,False,True,,0,,,0
vehicle_positions_05_054251.parquet,FAIL,22044,430,False,True,,0,,,0
vehicle_positions_05_054322.parquet,FAIL,21993,427,False,True,,0,,,0
vehicle_positions_05_054352.parquet,FAIL,21956,426,False,True,,0,,,0
vehicle_positions_05_054423.parquet,FAIL,22026,428,False,True,,0,,,0
vehicle_positions_05_054454.parquet,FAIL,22035,429,False,True,,0,,,0
vehicle_positions_05_054524.parquet,FAIL,21951,427,False,True,,0,,,0
vehicle_positions_05_054555.parquet,FAIL,22088,429,False,True,,0,,,0
vehicle_positions_05_054628.parquet,FAIL,22126,429,False,True,,0,,,0
vehicle_positions_05_054658.parquet,FAIL,22011,426,False,True,,0,,,0
vehicle_positions_05_054729.parquet,FAIL,21702,422,False,True,,0,,,0
vehicle_positions_05_054759.parquet,FAIL,21672,419,False,True,,0,,,0
vehicle_positions_05_054830.parquet,FAIL,21683,420,False,True,,0,,,0
vehicle_positions_05_054901.parquet,FAIL,21547,416,False,True,,0,,,0
vehicle_positions_05_054932.parquet,FAIL,21558,415,False,True,,0,,,0
vehicle_positions_05_055002.parquet,FAIL,21656,417,False,True,,0,,,0
vehicle_positions_05_055033.parquet,FAIL,21705,420,False,True,,0,,,0
vehicle_positions_05_055103.parquet,FAIL,21752,420,False,True,,0,,,0
vehicle_positions_05_055134.parquet,FAIL,21764,421,False,True,,0,,,0
vehicle_positions_05_055205.parquet,FAIL,21807,421,False,True,,0,,,0
vehicle_positions_05_055235.parquet,FAIL,21716,420,False,True,,0,,,0
vehicle_positions_05_055306.parquet,FAIL,21687,419,False,True,,0,,,0
vehicle_positions_05_055336.parquet,FAIL,21744,421,False,True,,0,,,0
vehicle_positions_05_055407.parquet,FAIL,21604,416,False,True,,0,,,0
vehicle_positions_05_055438.parquet,FAIL,21472,414,False,True,,0,,,0
vehicle_positions_05_055508.parquet,FAIL,21545,415,False,True,,0,,,0
vehicle_positions_05_055539.parquet,FAIL,21530,416,False,True,,0,,,0
vehicle_positions_05_055609.parquet,FAIL,21476,414,False,True,,0,,,0
vehicle_positions_05_055640.parquet,FAIL,21466,413,False,True,,0,,,0
vehicle_positions_05_055710.parquet,FAIL,21544,414,False,True,,0,,,0
vehicle_positions_05_055741.parquet,FAIL,21488,412,False,True,,0,,,0
vehicle_positions_05_055811.parquet,FAIL,21520,413,False,True,,0,,,0
vehicle_positions_05_055842.parquet,FAIL,21532,413,False,True,,0,,,0
vehicle_positions_05_055913.parquet,FAIL,21515,412,False,True,,0,,,0
vehicle_positions_05_055943.parquet,FAIL,21490,413,False,True,,0,,,0
vehicle_positions_06_060014.parquet,FAIL,21363,409,False,True,,0,,,0
vehicle_positions_06_060044.parquet,FAIL,21430,411,False,True,,0,,,0
vehicle_positions_06_060116.parquet,FAIL,21464,411,False,True,,0,,,0
vehicle_positions_06_060146.parquet,FAIL,21406,411,False,True,,0,,,0
vehicle_positions_06_060217.parquet,FAIL,21426,410,False,True,,0,,,0
vehicle_positions_06_060247.parquet,FAIL,21431,409,False,True,,0,,,0
vehicle_positions_06_060318.parquet,FAIL,21318,408,False,True,,0,,,0
vehicle_positions_06_060348.parquet,FAIL,21308,409,False,True,,0,,,0
vehicle_positions_06_060419.parquet,FAIL,21421,411,False,True,,0,,,0
vehicle_positions_06_060450.parquet,FAIL,21347,410,False,True,,0,,,0
vehicle_positions_06_060520.parquet,FAIL,21356,410,False,True,,0,,,0
vehicle_positions_06_060551.parquet,FAIL,21284,407,False,True,,0,,,0
vehicle_positions_06_060621.parquet,FAIL,21228,405,False,True,,0,,,0
vehicle_positions_06_060652.parquet,FAIL,21314,408,False,True,,0,,,0
vehicle_positions_06_060723.parquet,FAIL,21288,406,False,True,,0,,,0
vehicle_positions_06_060753.parquet,FAIL,21370,407,False,True,,0,,,0
vehicle_positions_06_060824.parquet,FAIL,21320,406,False,True,,0,,,0
vehicle_positions_06_060854.parquet,FAIL,21353,405,False,True,,0,,,0
vehicle_positions_06_060925.parquet,FAIL,21244,404,False,True,,0,,,0
vehicle_positions_06_060955.parquet,FAIL,21183,403,False,True,,0,,,0
vehicle_positions_06_061026.parquet,FAIL,21060,399,False,True,,0,,,0
vehicle_positions_06_061057.parquet,FAIL,21059,399,False,True,,0,,,0
vehicle_positions_06_061127.parquet,FAIL,21090,399,False,True,,0,,,0
vehicle_positions_06_061158.parquet,FAIL,20994,399,False,True,,0,,,0
vehicle_positions_06_061228.parquet,FAIL,21013,400,False,True,,0,,,0
vehicle_positions_06_061259.parquet,FAIL,21074,400,False,True,,0,,,0
vehicle_positions_06_061329.parquet,FAIL,21062,399,False,True,,0,,,0
vehicle_positions_06_061400.parquet,FAIL,21028,397,False,True,,0,,,0
vehicle_positions_06_061430.parquet,FAIL,21005,397,False,True,,0,,,0
vehicle_positions_06_061501.parquet,FAIL,20904,394,False,True,,0,,,0
vehicle_positions_06_061532.parquet,FAIL,20916,393,False,True,,0,,,0
vehicle_positions_06_061602.parquet,FAIL,20961,394,False,True,,0,,,0
vehicle_positions_06_061633.parquet,FAIL,20800,392,False,True,,0,,,0
vehicle_positions_06_061704.parquet,FAIL,20799,392,False,True,,0,,,0
vehicle_positions_06_061734.parquet,FAIL,20789,392,False,True,,0,,,0
vehicle_positions_06_061805.parquet,FAIL,20779,391,False,True,,0,,,0
vehicle_positions_06_061835.parquet,FAIL,20670,388,False,True,,0,,,0
vehicle_positions_06_061906.parquet,FAIL,20644,387,False,True,,0,,,0
vehicle_positions_06_061936.parquet,FAIL,20636,386,False,True,,0,,,0
vehicle_positions_06_062007.parquet,FAIL,20519,384,False,True,,0,,,0
vehicle_positions_06_062037.parquet,FAIL,20636,387,False,True,,0,,,0
vehicle_positions_06_062108.parquet,FAIL,20572,388,False,True,,0,,,0
vehicle_positions_06_062139.parquet,FAIL,20531,386,False,True,,0,,,0
vehicle_positions_06_062209.parquet,FAIL,20394,383,False,True,,0,,,0
vehicle_positions_06_062240.parquet,FAIL,20443,384,False,True,,0,,,0
vehicle_positions_06_062310.parquet,FAIL,20417,382,False,True,,0,,,0
vehicle_positions_06_062341.parquet,FAIL,20424,383,False,True,,0,,,0
vehicle_positions_06_062411.parquet,FAIL,20485,384,False,True,,0,,,0
vehicle_positions_06_062442.parquet,FAIL,20479,383,False,True,,0,,,0
vehicle_positions_06_062513.parquet,FAIL,20403,380,False,True,,0,,,0
vehicle_positions_06_062543.parquet,FAIL,20397,379,False,True,,0,,,0
vehicle_positions_06_062614.parquet,FAIL,20468,380,False,True,,0,,,0
vehicle_positions_06_062644.parquet,FAIL,20427,379,False,True,,0,,,0
vehicle_positions_06_062715.parquet,FAIL,20481,380,False,True,,0,,,0
vehicle_positions_06_062745.parquet,FAIL,20382,377,False,True,,0,,,0
vehicle_positions_06_062816.parquet,FAIL,20430,378,False,True,,0,,,0
vehicle_positions_06_062846.parquet,FAIL,20484,378,False,True,,0,,,0
vehicle_positions_06_062917.parquet,FAIL,20455,379,False,True,,0,,,0
vehicle_positions_06_062948.parquet,FAIL,20432,380,False,True,,0,,,0
vehicle_positions_06_063018.parquet,FAIL,20434,380,False,True,,0,,,0
vehicle_positions_06_063049.parquet,FAIL,20360,380,False,True,,0,,,0
vehicle_positions_06_063119.parquet,FAIL,20365,380,False,True,,0,,,0
vehicle_positions_06_063150.parquet,FAIL,20381,381,False,True,,0,,,0
vehicle_positions_06_063220.parquet,FAIL,20390,380,False,True,,0,,,0
vehicle_positions_06_063251.parquet,FAIL,20463,380,False,True,,0,,,0
vehicle_positions_06_063322.parquet,FAIL,20362,378,False,True,,0,,,0
vehicle_positions_06_063352.parquet,FAIL,20376,377,False,True,,0,,,0
vehicle_positions_06_063423.parquet,FAIL,20347,377,False,True,,0,,,0
vehicle_positions_06_063453.parquet,FAIL,20338,377,False,True,,0,,,0
vehicle_positions_06_063524.parquet,FAIL,20301,376,False,True,,0,,,0
vehicle_positions_06_063555.parquet,FAIL,20267,373,False,True,,0,,,0
vehicle_positions_06_063625.parquet,FAIL,20135,372,False,True,,0,,,0
vehicle_positions_06_063656.parquet,FAIL,20149,373,False,True,,0,,,0
vehicle_positions_06_063726.parquet,FAIL,20151,370,False,True,,0,,,0
vehicle_positions_06_063757.parquet,FAIL,20181,370,False,True,,0,,,0
vehicle_positions_06_063827.parquet,FAIL,20093,366,False,True,,0,,,0
vehicle_positions_06_063858.parquet,FAIL,20073,366,False,True,,0,,,0
vehicle_positions_06_063928.parquet,FAIL,20109,368,False,True,,0,,,0
vehicle_positions_06_063959.parquet,FAIL,20078,367,False,True,,0,,,0
vehicle_positions_06_064029.parquet,FAIL,19994,366,False,True,,0,,,0
vehicle_positions_06_064100.parquet,FAIL,19885,363,False,True,,0,,,0
vehicle_positions_06_064130.parquet,FAIL,19765,360,False,True,,0,,,0
vehicle_positions_06_064201.parquet,FAIL,19720,359,False,True,,0,,,0
vehicle_positions_06_064232.parquet,FAIL,19671,356,False,True,,0,,,0
vehicle_positions_06_064302.parquet,FAIL,19566,354,False,True,,0,,,0
vehicle_positions_06_064333.parquet,FAIL,19549,352,False,True,,0,,,0
vehicle_positions_06_064403.parquet,FAIL,19551,352,False,True,,0,,,0
vehicle_positions_06_064434.parquet,FAIL,19533,351,False,True,,0,,,0
vehicle_positions_06_064504.parquet,FAIL,19470,351,False,True,,0,,,0
vehicle_positions_06_064535.parquet,FAIL,19407,350,False,True,,0,,,0
vehicle_positions_06_064606.parquet,FAIL,19310,348,False,True,,0,,,0
vehicle_positions_06_064638.parquet,FAIL,19265,346,False,True,,0,,,0
vehicle_positions_06_064709.parquet,FAIL,19087,343,False,True,,0,,,0
vehicle_positions_06_064740.parquet,FAIL,19056,341,False,True,,0,,,0
vehicle_positions_06_064811.parquet,FAIL,18983,339,False,True,,0,,,0
vehicle_positions_06_064841.parquet,FAIL,18949,337,False,True,,0,,,0
vehicle_positions_06_064912.parquet,FAIL,19087,338,False,True,,0,,,0
vehicle_positions_06_064942.parquet,FAIL,18930,336,False,True,,0,,,0
vehicle_positions_06_065013.parquet,FAIL,18888,335,False,True,,0,,,0
vehicle_positions_06_065043.parquet,FAIL,18827,335,False,True,,0,,,0
vehicle_positions_06_065114.parquet,FAIL,18856,334,False,True,,0,,,0
vehicle_positions_06_065145.parquet,FAIL,18863,335,False,True,,0,,,0
vehicle_positions_06_065215.parquet,FAIL,18880,336,False,True,,0,,,0
vehicle_positions_06_065246.parquet,FAIL,19036,337,False,True,,0,,,0
vehicle_positions_06_065316.parquet,FAIL,18901,336,False,True,,0,,,0
vehicle_positions_06_065347.parquet,FAIL,18884,336,False,True,,0,,,0
vehicle_positions_06_065417.parquet,FAIL,18980,337,False,True,,0,,,0
vehicle_positions_06_065448.parquet,FAIL,19057,338,False,True,,0,,,0
vehicle_positions_06_065518.parquet,FAIL,18929,336,False,True,,0,,,0
vehicle_positions_06_065549.parquet,FAIL,18813,334,False,True,,0,,,0
vehicle_positions_06_065619.parquet,FAIL,18844,333,False,True,,0,,,0
vehicle_positions_06_065650.parquet,FAIL,18806,334,False,True,,0,,,0
vehicle_positions_06_065720.parquet,FAIL,18779,333,False,True,,0,,,0
vehicle_positions_06_065751.parquet,FAIL,18811,331,False,True,,0,,,0
vehicle_positions_06_065822.parquet,FAIL,18657,330,False,True,,0,,,0
vehicle_positions_06_065852.parquet,FAIL,18588,327,False,True,,0,,,0
vehicle_positions_06_065923.parquet,FAIL,18558,327,False,True,,0,,,0
vehicle_positions_06_065953.parquet,FAIL,18614,326,False,True,,0,,,0
vehicle_positions_07_070024.parquet,FAIL,18751,330,False,True,,0,,,0
vehicle_positions_07_070054.parquet,FAIL,18632,328,False,True,,0,,,0
vehicle_positions_07_070128.parquet,FAIL,18588,326,False,True,,0,,,0
vehicle_positions_07_070158.parquet,FAIL,18627,327,False,True,,0,,,0
vehicle_positions_07_070229.parquet,FAIL,18595,325,False,True,,0,,,0
vehicle_positions_07_070300.parquet,FAIL,18572,325,False,True,,0,,,0
vehicle_positions_07_070330.parquet,FAIL,18464,321,False,True,,0,,,0
vehicle_positions_07_070401.parquet,FAIL,18579,322,False,True,,0,,,0
vehicle_positions_07_070431.parquet,FAIL,18453,322,False,True,,0,,,0
vehicle_positions_07_070502.parquet,FAIL,18507,323,False,True,,0,,,0
vehicle_positions_07_070532.parquet,FAIL,18548,324,False,True,,0,,,0
vehicle_positions_07_070603.parquet,FAIL,18505,322,False,True,,0,,,0
vehicle_positions_07_070633.parquet,FAIL,18413,319,False,True,,0,,,0
vehicle_positions_07_070704.parquet,FAIL,18352,319,False,True,,0,,,0
vehicle_positions_07_070734.parquet,FAIL,18392,319,False,True,,0,,,0
vehicle_positions_07_070805.parquet,FAIL,18344,318,False,True,,0,,,0
vehicle_positions_07_070836.parquet,FAIL,18336,316,False,True,,0,,,0
vehicle_positions_07_070906.parquet,FAIL,18323,316,False,True,,0,,,0
vehicle_positions_07_070937.parquet,FAIL,18316,316,False,True,,0,,,0
vehicle_positions_07_071008.parquet,FAIL,18231,314,False,True,,0,,,0
vehicle_positions_07_071039.parquet,FAIL,18149,313,False,True,,0,,,0
vehicle_positions_07_071109.parquet,FAIL,18232,314,False,True,,0,,,0
vehicle_positions_07_071140.parquet,FAIL,18086,312,False,True,,0,,,0
vehicle_positions_07_071211.parquet,FAIL,18136,311,False,True,,0,,,0
vehicle_positions_07_071241.parquet,FAIL,17839,304,False,True,,0,,,0
vehicle_positions_07_071312.parquet,FAIL,17770,302,False,True,,0,,,0
vehicle_positions_07_071342.parquet,FAIL,17661,299,False,True,,0,,,0
vehicle_positions_07_071413.parquet,FAIL,17636,298,False,True,,0,,,0
vehicle_positions_07_071443.parquet,FAIL,17556,297,False,True,,0,,,0
vehicle_positions_07_071514.parquet,FAIL,17654,297,False,True,,0,,,0
vehicle_positions_07_071545.parquet,FAIL,17637,298,False,True,,0,,,0
vehicle_positions_07_071615.parquet,FAIL,17640,298,False,True,,0,,,0
vehicle_positions_07_071646.parquet,FAIL,17449,293,False,True,,0,,,0
vehicle_positions_07_071717.parquet,FAIL,17506,294,False,True,,0,,,0
vehicle_positions_07_071747.parquet,FAIL,17534,293,False,True,,0,,,0
vehicle_positions_07_071818.parquet,FAIL,17460,291,False,True,,0,,,0
vehicle_positions_07_071849.parquet,FAIL,17409,290,False,True,,0,,,0
vehicle_positions_07_071919.parquet,FAIL,17418,291,False,True,,0,,,0
vehicle_positions_07_071950.parquet,FAIL,17252,288,False,True,,0,,,0
vehicle_positions_07_072020.parquet,FAIL,17237,288,False,True,,0,,,0
vehicle_positions_07_072051.parquet,FAIL,17175,285,False,True,,0,,,0
vehicle_positions_07_072121.parquet,FAIL,17199,284,False,True,,0,,,0
vehicle_positions_07_072152.parquet,FAIL,17189,284,False,True,,0,,,0
vehicle_positions_07_072222.parquet,FAIL,17126,284,False,True,,0,,,0
vehicle_positions_07_072253.parquet,FAIL,17231,286,False,True,,0,,,0
vehicle_positions_07_072324.parquet,FAIL,17342,288,False,True,,0,,,0
vehicle_positions_07_072354.parquet,FAIL,17340,288,False,True,,0,,,0
vehicle_positions_07_072425.parquet,FAIL,17294,287,False,True,,0,,,0
vehicle_positions_07_072455.parquet,FAIL,17337,287,False,True,,0,,,0
vehicle_positions_07_072526.parquet,FAIL,17293,286,False,True,,0,,,0
vehicle_positions_07_072556.parquet,FAIL,17137,283,False,True,,0,,,0
vehicle_positions_07_072627.parquet,FAIL,17178,282,False,True,,0,,,0
vehicle_positions_07_072658.parquet,FAIL,17070,280,False,True,,0,,,0
vehicle_positions_07_072728.parquet,FAIL,17012,280,False,True,,0,,,0
vehicle_positions_07_072759.parquet,FAIL,17015,279,False,True,,0,,,0
vehicle_positions_07_072829.parquet,FAIL,16891,276,False,True,,0,,,0
vehicle_positions_07_072900.parquet,FAIL,16923,275,False,True,,0,,,0
vehicle_positions_07_072931.parquet,FAIL,16716,270,False,True,,0,,,0
vehicle_positions_07_073001.parquet,FAIL,16708,270,False,True,,0,,,0
vehicle_positions_07_073032.parquet,FAIL,16675,270,False,True,,0,,,0
vehicle_positions_07_073102.parquet,FAIL,16701,269,False,True,,0,,,0
vehicle_positions_07_073133.parquet,FAIL,16640,267,False,True,,0,,,0
vehicle_positions_07_073204.parquet,FAIL,16642,268,False,True,,0,,,0
vehicle_positions_07_073234.parquet,FAIL,16669,269,False,True,,0,,,0
vehicle_positions_07_073305.parquet,FAIL,16522,265,False,True,,0,,,0
vehicle_positions_07_073335.parquet,FAIL,16576,265,False,True,,0,,,0
vehicle_positions_07_073406.parquet,FAIL,16552,266,False,True,,0,,,0
vehicle_positions_07_073436.parquet,FAIL,16282,262,False,True,,0,,,0
vehicle_positions_07_073507.parquet,FAIL,16221,260,False,True,,0,,,0
vehicle_positions_07_073537.parquet,FAIL,16392,262,False,True,,0,,,0
vehicle_positions_07_073608.parquet,FAIL,16331,261,False,True,,0,,,0
vehicle_positions_07_073639.parquet,FAIL,16223,260,False,True,,0,,,0
vehicle_positions_07_073709.parquet,FAIL,16158,259,False,True,,0,,,0
vehicle_positions_07_073740.parquet,FAIL,16151,260,False,True,,0,,,0
vehicle_positions_07_073810.parquet,FAIL,16252,260,False,True,,0,,,0
vehicle_positions_07_073841.parquet,FAIL,16221,259,False,True,,0,,,0
vehicle_positions_07_073911.parquet,FAIL,16219,258,False,True,,0,,,0
vehicle_positions_07_073942.parquet,FAIL,15949,255,False,True,,0,,,0
vehicle_positions_07_074012.parquet,FAIL,15905,252,False,True,,0,,,0
vehicle_positions_07_074043.parquet,FAIL,15877,252,False,True,,0,,,0
vehicle_positions_07_074113.parquet,FAIL,15827,251,False,True,,0,,,0
vehicle_positions_07_074144.parquet,FAIL,15697,247,False,True,,0,,,0
vehicle_positions_07_074215.parquet,FAIL,15603,244,False,True,,0,,,0
vehicle_positions_07_074245.parquet,FAIL,15516,242,False,True,,0,,,0
vehicle_positions_07_074316.parquet,FAIL,15411,240,False,True,,0,,,0
vehicle_positions_07_074347.parquet,FAIL,15415,240,False,True,,0,,,0
vehicle_positions_07_074417.parquet,FAIL,15370,239,False,True,,0,,,0
vehicle_positions_07_074448.parquet,FAIL,15532,241,False,True,,0,,,0
vehicle_positions_07_074518.parquet,FAIL,15534,242,False,True,,0,,,0
vehicle_positions_07_074549.parquet,FAIL,15480,241,False,True,,0,,,0
vehicle_positions_07_074619.parquet,FAIL,15372,240,False,True,,0,,,0
vehicle_positions_07_074650.parquet,FAIL,15380,240,False,True,,0,,,0
vehicle_positions_07_074720.parquet,FAIL,15505,241,False,True,,0,,,0
vehicle_positions_07_074751.parquet,FAIL,15313,237,False,True,,0,,,0
vehicle_positions_07_074821.parquet,FAIL,15306,236,False,True,,0,,,0
vehicle_positions_07_074852.parquet,FAIL,15195,235,False,True,,0,,,0
vehicle_positions_07_074923.parquet,FAIL,15294,235,False,True,,0,,,0
vehicle_positions_07_074953.parquet,FAIL,15353,235,False,True,,0,,,0
vehicle_positions_07_075024.parquet,FAIL,15337,235,False,True,,0,,,0
vehicle_positions_07_075054.parquet,FAIL,15289,234,False,True,,0,,,0
vehicle_positions_07_075125.parquet,FAIL,15405,235,False,True,,0,,,0
vehicle_positions_07_075155.parquet,FAIL,15337,234,False,True,,0,,,0
vehicle_positions_07_075226.parquet,FAIL,15371,236,False,True,,0,,,0
vehicle_positions_07_075257.parquet,FAIL,15344,235,False,True,,0,,,0
vehicle_positions_07_075327.parquet,FAIL,15267,233,False,True,,0,,,0
vehicle_positions_07_075358.parquet,FAIL,15220,232,False,True,,0,,,0
vehicle_positions_07_075428.parquet,FAIL,15197,231,False,True,,0,,,0
vehicle_positions_07_075459.parquet,FAIL,15197,229,False,True,,0,,,0
vehicle_positions_07_075529.parquet,FAIL,15168,229,False,True,,0,,,0
vehicle_positions_07_075600.parquet,FAIL,15105,228,False,True,,0,,,0
vehicle_positions_07_075630.parquet,FAIL,15264,232,False,True,,0,,,0
vehicle_positions_07_075701.parquet,FAIL,15127,228,False,True,,0,,,0
vehicle_positions_07_075731.parquet,FAIL,14965,225,False,True,,0,,,0
vehicle_positions_07_075802.parquet,FAIL,14950,224,False,True,,0,,,0
vehicle_positions_07_075833.parquet,FAIL,14917,223,False,True,,0,,,0
vehicle_positions_07_075903.parquet,FAIL,14901,221,False,True,,0,,,0
vehicle_positions_07_075934.parquet,FAIL,14846,220,False,True,,0,,,0
vehicle_positions_08_080004.parquet,FAIL,14860,220,False,True,,0,,,0
vehicle_positions_08_080035.parquet,FAIL,14846,222,False,True,,0,,,0
vehicle_positions_08_080105.parquet,FAIL,14693,219,False,True,,0,,,0
vehicle_positions_08_080136.parquet,FAIL,14608,218,False,True,,0,,,0
vehicle_positions_08_080206.parquet,FAIL,14548,215,False,True,,0,,,0
vehicle_positions_08_080237.parquet,FAIL,14559,216,False,True,,0,,,0
vehicle_positions_08_080307.parquet,FAIL,14577,216,False,True,,0,,,0
vehicle_positions_08_080338.parquet,FAIL,14634,216,False,True,,0,,,0
vehicle_positions_08_080409.parquet,FAIL,14714,217,False,True,,0,,,0
vehicle_positions_08_080439.parquet,FAIL,14782,218,False,True,,0,,,0
vehicle_positions_08_080510.parquet,FAIL,14652,216,False,True,,0,,,0
vehicle_positions_08_080540.parquet,FAIL,14744,217,False,True,,0,,,0
vehicle_positions_08_080611.parquet,FAIL,14679,215,False,True,,0,,,0
vehicle_positions_08_080641.parquet,FAIL,14614,214,False,True,,0,,,0
vehicle_positions_08_080712.parquet,FAIL,14589,214,False,True,,0,,,0
vehicle_positions_08_080743.parquet,FAIL,14631,214,False,True,,0,,,0
vehicle_positions_08_080813.parquet,FAIL,14651,213,False,True,,0,,,0
vehicle_positions_08_080844.parquet,FAIL,14646,215,False,True,,0,,,0
vehicle_positions_08_080914.parquet,FAIL,14626,214,False,True,,0,,,0
vehicle_positions_08_080945.parquet,FAIL,14635,213,False,True,,0,,,0
vehicle_positions_08_081015.parquet,FAIL,14632,214,False,True,,0,,,0
vehicle_positions_08_081046.parquet,FAIL,14365,208,False,True,,0,,,0
vehicle_positions_08_081117.parquet,FAIL,14330,207,False,True,,0,,,0
vehicle_positions_08_081147.parquet,FAIL,14329,204,False,True,,0,,,0
vehicle_positions_08_081218.parquet,FAIL,14241,202,False,True,,0,,,0
vehicle_positions_08_081248.parquet,FAIL,14197,201,False,True,,0,,,0
vehicle_positions_08_081319.parquet,FAIL,14130,199,False,True,,0,,,0
vehicle_positions_08_081350.parquet,FAIL,14055,196,False,True,,0,,,0
vehicle_positions_08_081420.parquet,FAIL,14047,197,False,True,,0,,,0
vehicle_positions_08_081451.parquet,FAIL,13958,195,False,True,,0,,,0
vehicle_positions_08_081522.parquet,FAIL,13910,193,False,True,,0,,,0
vehicle_positions_08_081552.parquet,FAIL,13950,195,False,True,,0,,,0
vehicle_positions_08_081623.parquet,FAIL,13942,194,False,True,,0,,,0
vehicle_positions_08_081653.parquet,FAIL,13843,192,False,True,,0,,,0
vehicle_positions_08_081724.parquet,FAIL,13817,191,False,True,,0,,,0
vehicle_positions_08_081754.parquet,FAIL,13868,192,False,True,,0,,,0
vehicle_positions_08_081825.parquet,FAIL,13829,191,False,True,,0,,,0
vehicle_positions_08_081855.parquet,FAIL,13852,191,False,True,,0,,,0
vehicle_positions_08_081926.parquet,FAIL,13846,191,False,True,,0,,,0
vehicle_positions_08_081956.parquet,FAIL,13849,191,False,True,,0,,,0
vehicle_positions_08_082027.parquet,FAIL,13742,188,False,True,,0,,,0
vehicle_positions_08_082057.parquet,FAIL,13753,187,False,True,,0,,,0
vehicle_positions_08_082128.parquet,FAIL,13784,188,False,True,,0,,,0
vehicle_positions_08_082159.parquet,FAIL,13711,186,False,True,,0,,,0
vehicle_positions_08_082229.parquet,FAIL,13655,184,False,True,,0,,,0
vehicle_positions_08_082300.parquet,FAIL,13573,183,False,True,,0,,,0
vehicle_positions_08_082331.parquet,FAIL,13513,182,False,True,,0,,,0
vehicle_positions_08_082401.parquet,FAIL,13491,181,False,True,,0,,,0
vehicle_positions_08_082432.parquet,FAIL,13394,179,False,True,,0,,,0
vehicle_positions_08_082503.parquet,FAIL,13472,179,False,True,,0,,,0
vehicle_positions_08_082533.parquet,FAIL,13271,176,False,True,,0,,,0
vehicle_positions_08_082604.parquet,FAIL,13143,173,False,True,,0,,,0
vehicle_positions_08_082634.parquet,FAIL,13071,169,False,True,,0,,,0
vehicle_positions_08_082705.parquet,FAIL,13005,168,False,True,,0,,,0
vehicle_positions_08_082735.parquet,FAIL,13018,167,False,True,,0,,,0
vehicle_positions_08_082806.parquet,FAIL,12974,165,False,True,,0,,,0
vehicle_positions_08_082837.parquet,FAIL,13010,166,False,True,,0,,,0
vehicle_positions_08_082907.parquet,FAIL,12943,165,False,True,,0,,,0
vehicle_positions_08_082938.parquet,FAIL,12938,165,False,True,,0,,,0
vehicle_positions_08_083008.parquet,FAIL,12823,163,False,True,,0,,,0
vehicle_positions_08_083039.parquet,FAIL,12861,163,False,True,,0,,,0
vehicle_positions_08_083109.parquet,FAIL,12883,163,False,True,,0,,,0
vehicle_positions_08_083139.parquet,FAIL,12851,162,False,True,,0,,,0
vehicle_positions_08_083210.parquet,FAIL,12931,163,False,True,,0,,,0
vehicle_positions_08_083241.parquet,FAIL,12874,162,False,True,,0,,,0
vehicle_positions_08_083311.parquet,FAIL,12872,162,False,True,,0,,,0
vehicle_positions_08_083342.parquet,FAIL,12924,163,False,True,,0,,,0
vehicle_positions_08_083412.parquet,FAIL,12882,161,False,True,,0,,,0
vehicle_positions_08_083443.parquet,FAIL,12903,161,False,True,,0,,,0
vehicle_positions_08_083513.parquet,FAIL,12721,159,False,True,,0,,,0
vehicle_positions_08_083544.parquet,FAIL,12716,159,False,True,,0,,,0
vehicle_positions_08_083615.parquet,FAIL,12730,158,False,True,,0,,,0
vehicle_positions_08_083645.parquet,FAIL,12678,157,False,True,,0,,,0
vehicle_positions_08_083716.parquet,FAIL,12613,156,False,True,,0,,,0
vehicle_positions_08_083746.parquet,FAIL,12660,155,False,True,,0,,,0
vehicle_positions_08_083817.parquet,FAIL,12601,155,False,True,,0,,,0
vehicle_positions_08_083847.parquet,FAIL,12593,153,False,True,,0,,,0
vehicle_positions_08_083918.parquet,FAIL,12647,153,False,True,,0,,,0
vehicle_positions_08_083948.parquet,FAIL,12487,152,False,True,,0,,,0
vehicle_positions_08_084019.parquet,FAIL,12497,152,False,True,,0,,,0
vehicle_positions_08_084049.parquet,FAIL,12500,152,False,True,,0,,,0
vehicle_positions_08_084120.parquet,FAIL,12450,149,False,True,,0,,,0
vehicle_positions_08_084150.parquet,FAIL,12366,148,False,True,,0,,,0
vehicle_positions_08_084221.parquet,FAIL,12358,147,False,True,,0,,,0
vehicle_positions_08_084251.parquet,FAIL,12262,145,False,True,,0,,,0
vehicle_positions_08_084321.parquet,FAIL,12379,146,False,True,,0,,,0
vehicle_positions_08_084352.parquet,FAIL,12223,144,False,True,,0,,,0
vehicle_positions_08_084423.parquet,FAIL,12164,143,False,True,,0,,,0
vehicle_positions_08_084453.parquet,FAIL,12093,141,False,True,,0,,,0
vehicle_positions_08_084523.parquet,FAIL,12085,140,False,True,,0,,,0
vehicle_positions_08_084554.parquet,FAIL,12079,138,False,True,,0,,,0
vehicle_positions_08_084624.parquet,FAIL,12099,138,False,True,,0,,,0
vehicle_positions_08_084655.parquet,FAIL,12075,137,False,True,,0,,,0
vehicle_positions_08_084726.parquet,FAIL,11840,133,False,True,,0,,,0
vehicle_positions_08_084756.parquet,FAIL,11875,134,False,True,,0,,,0
vehicle_positions_08_084827.parquet,FAIL,11896,134,False,True,,0,,,0
vehicle_positions_08_084857.parquet,FAIL,11887,133,False,True,,0,,,0
vehicle_positions_08_084928.parquet,FAIL,11891,133,False,True,,0,,,0
vehicle_positions_08_084958.parquet,FAIL,11842,133,False,True,,0,,,0
vehicle_positions_08_085029.parquet,FAIL,11884,133,False,True,,0,,,0
vehicle_positions_08_085059.parquet,FAIL,11826,132,False,True,,0,,,0
vehicle_positions_08_085130.parquet,FAIL,11790,131,False,True,,0,,,0
vehicle_positions_08_085200.parquet,FAIL,11712,129,False,True,,0,,,0
vehicle_positions_08_085231.parquet,FAIL,11694,129,False,True,,0,,,0
vehicle_positions_08_085301.parquet,FAIL,11526,127,False,True,,0,,,0
vehicle_positions_08_085332.parquet,FAIL,11440,125,False,True,,0,,,0
vehicle_positions_08_085402.parquet,FAIL,11418,124,False,True,,0,,,0
vehicle_positions_08_085433.parquet,FAIL,11402,122,False,True,,0,,,0
vehicle_positions_08_085503.parquet,FAIL,11222,120,False,True,,0,,,0
vehicle_positions_08_085534.parquet,FAIL,11241,119,False,True,,0,,,0
vehicle_positions_08_085604.parquet,FAIL,11159,119,False,True,,0,,,0
vehicle_positions_08_085635.parquet,FAIL,11228,119,False,True,,0,,,0
vehicle_positions_08_085705.parquet,FAIL,11127,117,False,True,,0,,,0
vehicle_positions_08_085737.parquet,FAIL,11097,115,False,True,,0,,,0
vehicle_positions_08_085807.parquet,FAIL,11029,116,False,True,,0,,,0
vehicle_positions_08_085838.parquet,FAIL,11112,116,False,True,,0,,,0
vehicle_positions_08_085908.parquet,FAIL,11006,113,False,True,,0,,,0
vehicle_positions_08_085939.parquet,FAIL,10974,113,False,True,,0,,,0
vehicle_positions_09_090009.parquet,FAIL,11013,113,False,True,,0,,,0
vehicle_positions_09_090040.parquet,FAIL,11051,114,False,True,,0,,,0
vehicle_positions_09_090110.parquet,FAIL,10999,113,False,True,,0,,,0
vehicle_positions_09_090141.parquet,FAIL,11005,113,False,True,,0,,,0
vehicle_positions_09_090212.parquet,FAIL,10912,112,False,True,,0,,,0
vehicle_positions_09_090242.parquet,FAIL,10997,112,False,True,,0,,,0
vehicle_positions_09_090313.parquet,FAIL,11094,113,False,True,,0,,,0
vehicle_positions_09_090343.parquet,FAIL,11066,113,False,True,,0,,,0
vehicle_positions_09_090414.parquet,FAIL,10923,112,False,True,,0,,,0
vehicle_positions_09_090444.parquet,FAIL,10961,112,False,True,,0,,,0
vehicle_positions_09_090515.parquet,FAIL,10847,110,False,True,,0,,,0
vehicle_positions_09_090545.parquet,FAIL,10813,109,False,True,,0,,,0
vehicle_positions_09_090616.parquet,FAIL,10671,104,False,True,,0,,,0
vehicle_positions_09_090646.parquet,FAIL,10560,102,False,True,,0,,,0
vehicle_positions_09_090717.parquet,FAIL,10621,103,False,True,,0,,,0
vehicle_positions_09_090747.parquet,FAIL,10609,103,False,True,,0,,,0
vehicle_positions_09_090818.parquet,FAIL,10496,100,False,True,,0,,,0
vehicle_positions_09_090848.parquet,FAIL,10515,100,False,True,,0,,,0
vehicle_positions_09_090919.parquet,FAIL,10374,97,False,True,,0,,,0
vehicle_positions_09_090949.parquet,FAIL,10298,96,False,True,,0,,,0
vehicle_positions_09_091020.parquet,FAIL,10313,96,False,True,,0,,,0
vehicle_positions_09_091050.parquet,FAIL,10314,95,False,True,,0,,,0
vehicle_positions_09_091121.parquet,FAIL,10336,95,False,True,,0,,,0
vehicle_positions_09_091151.parquet,FAIL,10357,94,False,True,,0,,,0
vehicle_positions_09_091222.parquet,FAIL,10324,94,False,True,,0,,,0
vehicle_positions_09_091252.parquet,FAIL,10322,94,False,True,,0,,,0
vehicle_positions_09_091323.parquet,FAIL,10304,94,False,True,,0,,,0
vehicle_positions_09_091353.parquet,FAIL,10280,94,False,True,,0,,,0
vehicle_positions_09_091424.parquet,FAIL,10272,93,False,True,,0,,,0
vehicle_positions_09_091454.parquet,FAIL,10193,91,False,True,,0,,,0
vehicle_positions_09_091525.parquet,FAIL,10177,90,False,True,,0,,,0
vehicle_positions_09_091555.parquet,FAIL,10143,89,False,True,,0,,,0
vehicle_positions_09_091626.parquet,FAIL,10176,90,False,True,,0,,,0
vehicle_positions_09_091656.parquet,FAIL,10089,88,False,True,,0,,,0
vehicle_positions_09_091727.parquet,FAIL,10056,88,False,True,,0,,,0
vehicle_positions_09_091757.parquet,FAIL,10151,89,False,True,,0,,,0
vehicle_positions_09_091828.parquet,FAIL,10050,87,False,True,,0,,,0
vehicle_positions_09_091858.parquet,FAIL,9989,86,False,True,,0,,,0
vehicle_positions_09_091929.parquet,FAIL,9934,85,False,True,,0,,,0
vehicle_positions_09_091959.parquet,FAIL,10013,85,False,True,,0,,,0
vehicle_positions_09_092029.parquet,FAIL,9879,82,False,True,,0,,,0
vehicle_positions_09_092100.parquet,FAIL,9904,82,False,True,,0,,,0
vehicle_positions_09_092130.parquet,FAIL,9864,81,False,True,,0,,,0
vehicle_positions_09_092201.parquet,FAIL,9798,80,False,True,,0,,,0
vehicle_positions_09_092231.parquet,FAIL,9745,80,False,True,,0,,,0
vehicle_positions_09_092302.parquet,FAIL,9763,80,False,True,,0,,,0
vehicle_positions_09_092333.parquet,FAIL,9773,80,False,True,,0,,,0
vehicle_positions_09_092403.parquet,FAIL,9774,80,False,True,,0,,,0
vehicle_positions_09_092434.parquet,FAIL,9744,79,False,True,,0,,,0
vehicle_positions_09_092504.parquet,FAIL,9737,79,False,True,,0,,,0
vehicle_positions_09_092535.parquet,FAIL,9675,78,False,True,,0,,,0
vehicle_positions_09_092605.parquet,FAIL,9741,78,False,True,,0,,,0
vehicle_positions_09_092636.parquet,FAIL,9557,75,False,True,,0,,,0
vehicle_positions_09_092706.parquet,FAIL,9573,75,False,True,,0,,,0
vehicle_positions_09_092737.parquet,FAIL,9546,75,False,True,,0,,,0
vehicle_positions_09_092807.parquet,FAIL,9551,74,False,True,,0,,,0
vehicle_positions_09_092838.parquet,FAIL,9510,74,False,True,,0,,,0
vehicle_positions_09_092908.parquet,FAIL,9517,74,False,True,,0,,,0
vehicle_positions_09_092939.parquet,FAIL,9497,73,False,True,,0,,,0
vehicle_positions_09_093009.parquet,FAIL,9379,72,False,True,,0,,,0
vehicle_positions_09_093040.parquet,FAIL,9400,72,False,True,,0,,,0
vehicle_positions_09_093110.parquet,FAIL,9355,72,False,True,,0,,,0
vehicle_positions_09_093141.parquet,FAIL,9424,72,False,True,,0,,,0
vehicle_positions_09_093211.parquet,FAIL,9415,72,False,True,,0,,,0
vehicle_positions_09_093242.parquet,FAIL,9388,72,False,True,,0,,,0
vehicle_positions_09_093312.parquet,FAIL,9407,71,False,True,,0,,,0
vehicle_positions_09_093343.parquet,FAIL,9321,69,False,True,,0,,,0
vehicle_positions_09_093413.parquet,FAIL,9294,68,False,True,,0,,,0
vehicle_positions_09_093444.parquet,FAIL,9256,67,False,True,,0,,,0
vehicle_positions_09_093514.parquet,FAIL,9153,65,False,True,,0,,,0
vehicle_positions_09_093545.parquet,FAIL,9107,65,False,True,,0,,,0
vehicle_positions_09_093616.parquet,FAIL,9161,65,False,True,,0,,,0
vehicle_positions_09_093646.parquet,FAIL,8986,64,False,True,,0,,,0
vehicle_positions_09_093717.parquet,FAIL,9017,64,False,True,,0,,,0
vehicle_positions_09_093747.parquet,FAIL,9002,64,False,True,,0,,,0
vehicle_positions_09_093818.parquet,FAIL,9009,64,False,True,,0,,,0
vehicle_positions_09_093848.parquet,FAIL,8953,63,False,True,,0,,,0
vehicle_positions_09_093919.parquet,FAIL,8969,63,False,True,,0,,,0
vehicle_positions_09_093949.parquet,FAIL,8917,62,False,True,,0,,,0
vehicle_positions_09_094020.parquet,FAIL,8899,61,False,True,,0,,,0
vehicle_positions_09_094050.parquet,FAIL,8820,60,False,True,,0,,,0
vehicle_positions_09_094121.parquet,FAIL,8712,57,False,True,,0,,,0
vehicle_positions_09_094151.parquet,FAIL,8579,55,False,True,,0,,,0
vehicle_positions_09_094222.parquet,FAIL,8577,55,False,True,,0,,,0
vehicle_positions_09_094252.parquet,FAIL,8590,54,False,True,,0,,,0
vehicle_positions_09_094323.parquet,FAIL,8564,55,False,True,,0,,,0
vehicle_positions_09_094353.parquet,FAIL,8499,53,False,True,,0,,,0
vehicle_positions_09_094424.parquet,FAIL,8506,53,False,True,,0,,,0
vehicle_positions_09_094454.parquet,FAIL,8512,53,False,True,,0,,,0
vehicle_positions_09_094525.parquet,FAIL,8500,53,False,True,,0,,,0
vehicle_positions_09_094555.parquet,FAIL,8504,53,False,True,,0,,,0
vehicle_positions_09_094626.parquet,FAIL,8499,52,False,True,,0,,,0
vehicle_positions_09_094656.parquet,FAIL,8492,52,False,True,,0,,,0
vehicle_positions_09_094727.parquet,FAIL,8428,51,False,True,,0,,,0
vehicle_positions_09_094757.parquet,FAIL,8405,50,False,True,,0,,,0
vehicle_positions_09_094828.parquet,FAIL,8379,50,False,True,,0,,,0
vehicle_positions_09_094858.parquet,FAIL,8377,50,False,True,,0,,,0
vehicle_positions_09_094929.parquet,FAIL,8421,51,False,True,,0,,,0
vehicle_positions_09_094959.parquet,FAIL,8407,51,False,True,,0,,,0
vehicle_positions_09_095030.parquet,FAIL,8382,51,False,True,,0,,,0
vehicle_positions_09_095100.parquet,FAIL,8418,51,False,True,,0,,,0
vehicle_positions_09_095131.parquet,FAIL,8416,51,False,True,,0,,,0
vehicle_positions_09_095202.parquet,FAIL,8427,51,False,True,,0,,,0
vehicle_positions_09_095232.parquet,FAIL,8376,51,False,True,,0,,,0
vehicle_positions_09_095302.parquet,FAIL,8416,51,False,True,,0,,,0
vehicle_positions_09_095333.parquet,FAIL,8399,51,False,True,,0,,,0
vehicle_positions_09_095403.parquet,FAIL,8397,50,False,True,,0,,,0
vehicle_positions_09_095434.parquet,FAIL,8395,50,False,True,,0,,,0
vehicle_positions_09_095504.parquet,FAIL,8326,49,False,True,,0,,,0
vehicle_positions_09_095535.parquet,FAIL,8234,48,False,True,,0,,,0
vehicle_positions_09_095606.parquet,FAIL,8260,48,False,True,,0,,,0
vehicle_positions_09_095636.parquet,FAIL,8283,48,False,True,,0,,,0
vehicle_positions_09_095706.parquet,FAIL,8252,48,False,True,,0,,,0
vehicle_positions_09_095737.parquet,FAIL,8269,48,False,True,,0,,,0
vehicle_positions_09_095807.parquet,FAIL,8290,48,False,True,,0,,,0
vehicle_positions_09_095838.parquet,FAIL,8315,48,False,True,,0,,,0
vehicle_positions_09_095908.parquet,FAIL,8243,47,False,True,,0,,,0
vehicle_positions_09_095939.parquet,FAIL,8237,47,False,True,,0,,,0
vehicle_positions_10_100010.parquet,FAIL,8263,47,False,True,,0,,,0
vehicle_positions_10_100040.parquet,FAIL,8260,47,False,True,,0,,,0
vehicle_positions_10_100111.parquet,FAIL,8260,47,False,True,,0,,,0
vehicle_positions_10_100141.parquet,FAIL,8260,47,False,True,,0,,,0
vehicle_positions_10_100212.parquet,FAIL,8260,47,False,True,,0,,,0
vehicle_positions_10_100242.parquet,FAIL,8213,46,False,True,,0,,,0
vehicle_positions_10_100313.parquet,FAIL,8213,46,False,True,,0,,,0
vehicle_positions_10_100343.parquet,FAIL,8213,46,False,True,,0,,,0
vehicle_positions_10_100414.parquet,FAIL,8213,46,False,True,,0,,,0
vehicle_positions_10_100444.parquet,FAIL,8213,46,False,True,,0,,,0
vehicle_positions_10_100514.parquet,FAIL,8213,46,False,True,,0,,,0
vehicle_positions_10_100545.parquet,FAIL,8213,46,False,True,,0,,,0
vehicle_positions_10_100616.parquet,FAIL,8213,46,False,True,,0,,,0
vehicle_positions_10_100646.parquet,FAIL,8181,46,False,True,,0,,,0
vehicle_positions_10_100716.parquet,FAIL,8155,45,False,True,,0,,,0
vehicle_positions_10_100747.parquet,FAIL,8146,45,False,True,,0,,,0
vehicle_positions_10_100817.parquet,FAIL,8172,46,False,True,,0,,,0
vehicle_positions_10_100848.parquet,FAIL,8155,46,False,True,,0,,,0
vehicle_positions_10_100918.parquet,FAIL,8185,45,False,True,,0,,,0
vehicle_positions_10_100949.parquet,FAIL,8085,45,False,True,,0,,,0
vehicle_positions_10_101019.parquet,FAIL,8163,45,False,True,,0,,,0
vehicle_positions_10_101050.parquet,FAIL,8158,45,False,True,,0,,,0
vehicle_positions_10_101120.parquet,FAIL,8185,45,False,True,,0,,,0
vehicle_positions_10_101151.parquet,FAIL,8149,45,False,True,,0,,,0
vehicle_positions_10_101221.parquet,FAIL,8105,45,False,True,,0,,,0
vehicle_positions_10_101252.parquet,FAIL,8150,45,False,True,,0,,,0
vehicle_positions_10_101323.parquet,FAIL,8084,45,False,True,,0,,,0
vehicle_positions_10_101353.parquet,FAIL,8171,45,False,True,,0,,,0
vehicle_positions_10_101424.parquet,FAIL,8159,45,False,True,,0,,,0
vehicle_positions_10_101455.parquet,FAIL,8214,45,False,True,,0,,,0
vehicle_positions_10_101525.parquet,FAIL,8123,45,False,True,,0,,,0
vehicle_positions_10_101556.parquet,FAIL,8192,45,False,True,,0,,,0
vehicle_positions_10_101626.parquet,FAIL,8099,44,False,True,,0,,,0
vehicle_positions_10_101657.parquet,FAIL,8044,43,False,True,,0,,,0
vehicle_positions_10_101727.parquet,FAIL,8060,42,False,True,,0,,,0
vehicle_positions_10_101758.parquet,FAIL,8073,42,False,True,,0,,,0
vehicle_positions_10_101828.parquet,FAIL,8092,42,False,True,,0,,,0
vehicle_positions_10_101859.parquet,FAIL,8101,42,False,True,,0,,,0
vehicle_positions_10_101929.parquet,FAIL,8045,42,False,True,,0,,,0
vehicle_positions_10_102000.parquet,FAIL,8110,42,False,True,,0,,,0
vehicle_positions_10_102030.parquet,FAIL,8064,41,False,True,,0,,,0
vehicle_positions_10_102101.parquet,FAIL,8004,40,False,True,,0,,,0
vehicle_positions_10_102131.parquet,FAIL,8046,41,False,True,,0,,,0
vehicle_positions_10_102202.parquet,FAIL,8061,41,False,True,,0,,,0
vehicle_positions_10_102232.parquet,FAIL,8052,41,False,True,,0,,,0
vehicle_positions_10_102303.parquet,FAIL,7988,40,False,True,,0,,,0
vehicle_positions_10_102333.parquet,FAIL,7990,40,False,True,,0,,,0
vehicle_positions_10_102404.parquet,FAIL,7954,40,False,True,,0,,,0
vehicle_positions_10_102434.parquet,FAIL,7958,40,False,True,,0,,,0
vehicle_positions_10_102505.parquet,FAIL,7970,40,False,True,,0,,,0
vehicle_positions_10_102535.parquet,FAIL,7932,39,False,True,,0,,,0
vehicle_positions_10_102606.parquet,FAIL,7969,39,False,True,,0,,,0
vehicle_positions_10_102636.parquet,FAIL,7885,39,False,True,,0,,,0
vehicle_positions_10_102707.parquet,FAIL,7980,41,False,True,,0,,,0
vehicle_positions_10_102737.parquet,FAIL,7904,39,False,True,,0,,,0
vehicle_positions_10_102808.parquet,FAIL,7856,39,False,True,,0,,,0
vehicle_positions_10_102838.parquet,FAIL,7930,39,False,True,,0,,,0
vehicle_positions_10_102909.parquet,FAIL,7901,38,False,True,,0,,,0
vehicle_positions_10_102939.parquet,FAIL,7930,38,False,True,,0,,,0
vehicle_positions_10_103010.parquet,FAIL,7922,38,False,True,,0,,,0
vehicle_positions_10_103040.parquet,FAIL,7981,40,False,True,,0,,,0
vehicle_positions_10_103111.parquet,FAIL,7968,40,False,True,,0,,,0
vehicle_positions_10_103141.parquet,FAIL,7976,40,False,True,,0,,,0
vehicle_positions_10_103212.parquet,FAIL,7956,40,False,True,,0,,,0
vehicle_positions_10_103242.parquet,FAIL,7968,40,False,True,,0,,,0
vehicle_positions_10_103313.parquet,FAIL,7963,40,False,True,,0,,,0
vehicle_positions_10_103343.parquet,FAIL,7958,40,False,True,,0,,,0
vehicle_positions_10_103414.parquet,FAIL,7936,39,False,True,,0,,,0
vehicle_positions_10_103444.parquet,FAIL,7974,39,False,True,,0,,,0
vehicle_positions_10_103515.parquet,FAIL,7951,39,False,True,,0,,,0
vehicle_positions_10_103546.parquet,FAIL,7939,39,False,True,,0,,,0
vehicle_positions_10_103616.parquet,FAIL,7954,39,False,True,,0,,,0
vehicle_positions_10_103647.parquet,FAIL,7946,39,False,True,,0,,,0
vehicle_positions_10_103717.parquet,FAIL,7946,39,False,True,,0,,,0
vehicle_positions_10_103748.parquet,FAIL,7918,38,False,True,,0,,,0
vehicle_positions_10_103818.parquet,FAIL,7912,38,False,True,,0,,,0
vehicle_positions_10_103849.parquet,FAIL,7931,38,False,True,,0,,,0
vehicle_positions_10_103919.parquet,FAIL,7914,38,False,True,,0,,,0
vehicle_positions_10_103950.parquet,FAIL,7925,38,False,True,,0,,,0
vehicle_positions_10_104020.parquet,FAIL,7898,37,False,True,,0,,,0
vehicle_positions_10_104051.parquet,FAIL,7921,37,False,True,,0,,,0
vehicle_positions_10_104121.parquet,FAIL,7923,37,False,True,,0,,,0
vehicle_positions_10_104152.parquet,FAIL,7934,37,False,True,,0,,,0
vehicle_positions_10_104222.parquet,FAIL,7880,36,False,True,,0,,,0
vehicle_positions_10_104253.parquet,FAIL,7873,36,False,True,,0,,,0
vehicle_positions_10_104323.parquet,FAIL,7855,36,False,True,,0,,,0
vehicle_positions_10_104354.parquet,FAIL,7848,36,False,True,,0,,,0
vehicle_positions_10_104424.parquet,FAIL,7882,36,False,True,,0,,,0
vehicle_positions_10_104455.parquet,FAIL,7878,36,False,True,,0,,,0
vehicle_positions_10_104525.parquet,FAIL,7893,36,False,True,,0,,,0
vehicle_positions_10_104556.parquet,FAIL,7867,36,False,True,,0,,,0
vehicle_positions_10_104626.parquet,FAIL,7853,36,False,True,,0,,,0
vehicle_positions_10_104657.parquet,FAIL,7832,35,False,True,,0,,,0
vehicle_positions_10_104727.parquet,FAIL,7771,33,False,True,,0,,,0
vehicle_positions_10_104758.parquet,FAIL,7788,33,False,True,,0,,,0
vehicle_positions_10_104828.parquet,FAIL,7765,33,False,True,,0,,,0
vehicle_positions_10_104859.parquet,FAIL,7783,33,False,True,,0,,,0
vehicle_positions_10_104929.parquet,FAIL,7700,32,False,True,,0,,,0
vehicle_positions_10_105000.parquet,FAIL,7672,31,False,True,,0,,,0
vehicle_positions_10_105030.parquet,FAIL,7678,31,False,True,,0,,,0
vehicle_positions_10_105101.parquet,FAIL,7686,32,False,True,,0,,,0
vehicle_positions_10_105131.parquet,FAIL,7698,32,False,True,,0,,,0
vehicle_positions_10_105201.parquet,FAIL,7697,32,False,True,,0,,,0
vehicle_positions_10_105232.parquet,FAIL,7784,33,False,True,,0,,,0
vehicle_positions_10_105303.parquet,FAIL,7798,34,False,True,,0,,,0
vehicle_positions_10_105333.parquet,FAIL,7762,33,False,True,,0,,,0
vehicle_positions_10_105404.parquet,FAIL,7757,33,False,True,,0,,,0
vehicle_positions_10_105434.parquet,FAIL,7688,32,False,True,,0,,,0
vehicle_positions_10_105505.parquet,FAIL,7675,32,False,True,,0,,,0
vehicle_positions_10_105535.parquet,FAIL,7711,32,False,True,,0,,,0
vehicle_positions_10_105606.parquet,FAIL,7762,33,False,True,,0,,,0
vehicle_positions_10_105636.parquet,FAIL,7751,33,False,True,,0,,,0
vehicle_positions_10_105707.parquet,FAIL,7676,32,False,True,,0,,,0
vehicle_positions_10_105737.parquet,FAIL,7681,32,False,True,,0,,,0
vehicle_positions_10_105808.parquet,FAIL,7673,32,False,True,,0,,,0
vehicle_positions_10_105838.parquet,FAIL,7643,31,False,True,,0,,,0
vehicle_positions_10_105909.parquet,FAIL,7648,31,False,True,,0,,,0
vehicle_positions_10_105939.parquet,FAIL,7643,32,False,True,,0,,,0
vehicle_positions_11_110010.parquet,FAIL,7696,32,False,True,,0,,,0
vehicle_positions_11_110040.parquet,FAIL,7669,32,False,True,,0,,,0
vehicle_positions_11_110111.parquet,FAIL,7750,33,False,True,,0,,,0
vehicle_positions_11_110141.parquet,FAIL,7739,33,False,True,,0,,,0
vehicle_positions_11_110212.parquet,FAIL,7789,33,False,True,,0,,,0
vehicle_positions_11_110242.parquet,FAIL,7772,33,False,True,,0,,,0
vehicle_positions_11_110313.parquet,FAIL,7806,34,False,True,,0,,,0
vehicle_positions_11_110343.parquet,FAIL,7813,34,False,True,,0,,,0
vehicle_positions_11_110414.parquet,FAIL,7835,34,False,True,,0,,,0
vehicle_positions_11_110444.parquet,FAIL,7810,34,False,True,,0,,,0
vehicle_positions_11_110515.parquet,FAIL,7802,33,False,True,,0,,,0
vehicle_positions_11_110545.parquet,FAIL,7694,32,False,True,,0,,,0
vehicle_positions_11_110616.parquet,FAIL,7690,32,False,True,,0,,,0
vehicle_positions_11_110646.parquet,FAIL,7705,32,False,True,,0,,,0
vehicle_positions_11_110717.parquet,FAIL,7701,32,False,True,,0,,,0
vehicle_positions_11_110747.parquet,FAIL,7716,32,False,True,,0,,,0
vehicle_positions_11_110818.parquet,FAIL,7682,31,False,True,,0,,,0
vehicle_positions_11_110848.parquet,FAIL,7674,31,False,True,,0,,,0
vehicle_positions_11_110919.parquet,FAIL,7686,31,False,True,,0,,,0
vehicle_positions_11_110949.parquet,FAIL,7639,30,False,True,,0,,,0
vehicle_positions_11_111020.parquet,FAIL,7674,30,False,True,,0,,,0
vehicle_positions_11_111051.parquet,FAIL,7635,30,False,True,,0,,,0
vehicle_positions_11_111121.parquet,FAIL,7636,30,False,True,,0,,,0
vehicle_positions_11_111151.parquet,FAIL,7596,29,False,True,,0,,,0
vehicle_positions_11_111222.parquet,FAIL,7653,30,False,True,,0,,,0
vehicle_positions_11_111252.parquet,FAIL,7680,31,False,True,,0,,,0
vehicle_positions_11_111323.parquet,FAIL,7687,31,False,True,,0,,,0
vehicle_positions_11_111353.parquet,FAIL,7698,31,False,True,,0,,,0
vehicle_positions_11_111424.parquet,FAIL,7697,31,False,True,,0,,,0
vehicle_positions_11_111454.parquet,FAIL,7669,30,False,True,,0,,,0
vehicle_positions_11_111525.parquet,FAIL,7654,30,False,True,,0,,,0
vehicle_positions_11_111555.parquet,FAIL,7637,30,False,True,,0,,,0
vehicle_positions_11_111626.parquet,FAIL,7631,30,False,True,,0,,,0
vehicle_positions_11_111656.parquet,FAIL,7650,30,False,True,,0,,,0
vehicle_positions_11_111727.parquet,FAIL,7644,30,False,True,,0,,,0
vehicle_positions_11_111757.parquet,FAIL,7647,30,False,True,,0,,,0
vehicle_positions_11_111828.parquet,FAIL,7727,32,False,True,,0,,,0
vehicle_positions_11_111858.parquet,FAIL,7740,32,False,True,,0,,,0
vehicle_positions_11_111929.parquet,FAIL,7725,32,False,True,,0,,,0
vehicle_positions_11_111959.parquet,FAIL,7727,32,False,True,,0,,,0
vehicle_positions_11_112030.parquet,FAIL,7719,32,False,True,,0,,,0
vehicle_positions_11_112100.parquet,FAIL,7723,32,False,True,,0,,,0
vehicle_positions_11_112131.parquet,FAIL,7745,32,False,True,,0,,,0
vehicle_positions_11_112201.parquet,FAIL,7829,33,False,True,,0,,,0
vehicle_positions_11_112231.parquet,FAIL,7838,33,False,True,,0,,,0
vehicle_positions_11_112302.parquet,FAIL,7822,33,False,True,,0,,,0
vehicle_positions_11_112332.parquet,FAIL,7887,34,False,True,,0,,,0
vehicle_positions_11_112404.parquet,FAIL,7894,34,False,True,,0,,,0
vehicle_positions_11_112434.parquet,FAIL,7856,34,False,True,,0,,,0
vehicle_positions_11_112505.parquet,FAIL,7915,35,False,True,,0,,,0
vehicle_positions_11_112535.parquet,FAIL,7893,35,False,True,,0,,,0
vehicle_positions_11_112606.parquet,FAIL,7927,35,False,True,,0,,,0
vehicle_positions_11_112636.parquet,FAIL,7908,35,False,True,,0,,,0
vehicle_positions_11_112707.parquet,FAIL,7910,35,False,True,,0,,,0
vehicle_positions_11_112737.parquet,FAIL,7950,36,False,True,,0,,,0
vehicle_positions_11_112808.parquet,FAIL,7984,36,False,True,,0,,,0
vehicle_positions_11_112838.parquet,FAIL,7969,36,False,True,,0,,,0
vehicle_positions_11_112909.parquet,FAIL,7939,35,False,True,,0,,,0
vehicle_positions_11_112939.parquet,FAIL,7935,35,False,True,,0,,,0
vehicle_positions_11_113010.parquet,FAIL,7926,35,False,True,,0,,,0
vehicle_positions_11_113040.parquet,FAIL,7903,34,False,True,,0,,,0
vehicle_positions_11_113111.parquet,FAIL,7901,34,False,True,,0,,,0
vehicle_positions_11_113142.parquet,FAIL,7935,35,False,True,,0,,,0
vehicle_positions_11_113212.parquet,FAIL,7940,35,False,True,,0,,,0
vehicle_positions_11_113243.parquet,FAIL,7901,34,False,True,,0,,,0
vehicle_positions_11_113313.parquet,FAIL,7875,34,False,True,,0,,,0
vehicle_positions_11_113344.parquet,FAIL,7911,35,False,True,,0,,,0
vehicle_positions_11_113414.parquet,FAIL,7922,35,False,True,,0,,,0
vehicle_positions_11_113445.parquet,FAIL,7920,35,False,True,,0,,,0
vehicle_positions_11_113515.parquet,FAIL,7922,35,False,True,,0,,,0
vehicle_positions_11_113546.parquet,FAIL,7949,36,False,True,,0,,,0
vehicle_positions_11_113616.parquet,FAIL,7962,36,False,True,,0,,,0
vehicle_positions_11_113647.parquet,FAIL,7957,36,False,True,,0,,,0
vehicle_positions_11_113718.parquet,FAIL,7940,36,False,True,,0,,,0
vehicle_positions_11_113748.parquet,FAIL,7949,36,False,True,,0,,,0
vehicle_positions_11_113819.parquet,FAIL,7917,35,False,True,,0,,,0
vehicle_positions_11_113849.parquet,FAIL,7912,35,False,True,,0,,,0
vehicle_positions_11_113920.parquet,FAIL,7890,35,False,True,,0,,,0
vehicle_positions_11_113950.parquet,FAIL,7899,35,False,True,,0,,,0
vehicle_positions_11_114020.parquet,FAIL,7932,36,False,True,,0,,,0
vehicle_positions_11_114051.parquet,FAIL,7923,36,False,True,,0,,,0
vehicle_positions_11_114121.parquet,FAIL,7890,35,False,True,,0,,,0
vehicle_positions_11_114152.parquet,FAIL,7894,35,False,True,,0,,,0
vehicle_positions_11_114222.parquet,FAIL,7969,37,False,True,,0,,,0
vehicle_positions_11_114253.parquet,FAIL,7949,37,False,True,,0,,,0
vehicle_positions_11_114323.parquet,FAIL,7961,37,False,True,,0,,,0
vehicle_positions_11_114354.parquet,FAIL,7954,37,False,True,,0,,,0
vehicle_positions_11_114424.parquet,FAIL,7980,37,False,True,,0,,,0
vehicle_positions_11_114455.parquet,FAIL,7947,37,False,True,,0,,,0
vehicle_positions_11_114525.parquet,FAIL,8018,37,False,True,,0,,,0
vehicle_positions_11_114556.parquet,FAIL,8012,38,False,True,,0,,,0
vehicle_positions_11_114626.parquet,FAIL,8031,38,False,True,,0,,,0
vehicle_positions_11_114657.parquet,FAIL,7984,37,False,True,,0,,,0
vehicle_positions_11_114727.parquet,FAIL,8046,38,False,True,,0,,,0
vehicle_positions_11_114758.parquet,FAIL,8076,39,False,True,,0,,,0
vehicle_positions_11_114828.parquet,FAIL,8105,40,False,True,,0,,,0
vehicle_positions_11_114859.parquet,FAIL,8176,41,False,True,,0,,,0
vehicle_positions_11_114929.parquet,FAIL,8198,41,False,True,,0,,,0
vehicle_positions_11_115000.parquet,FAIL,8195,41,False,True,,0,,,0
vehicle_positions_11_115030.parquet,FAIL,8220,42,False,True,,0,,,0
vehicle_positions_11_115101.parquet,FAIL,8213,42,False,True,,0,,,0
vehicle_positions_11_115131.parquet,FAIL,8227,42,False,True,,0,,,0
vehicle_positions_11_115202.parquet,FAIL,8261,43,False,True,,0,,,0
vehicle_positions_11_115232.parquet,FAIL,8249,42,False,True,,0,,,0
vehicle_positions_11_115303.parquet,FAIL,8288,44,False,True,,0,,,0
vehicle_positions_11_115333.parquet,FAIL,8321,44,False,True,,0,,,0
vehicle_positions_11_115404.parquet,FAIL,8317,44,False,True,,0,,,0
vehicle_positions_11_115434.parquet,FAIL,8347,45,False,True,,0,,,0
vehicle_positions_11_115505.parquet,FAIL,8399,45,False,True,,0,,,0
vehicle_positions_11_115535.parquet,FAIL,8366,46,False,True,,0,,,0
vehicle_positions_11_115606.parquet,FAIL,8392,46,False,True,,0,,,0
vehicle_positions_11_115636.parquet,FAIL,8486,48,False,True,,0,,,0
vehicle_positions_11_115707.parquet,FAIL,8498,48,False,True,,0,,,0
vehicle_positions_11_115737.parquet,FAIL,8447,47,False,True,,0,,,0
vehicle_positions_11_115808.parquet,FAIL,8423,47,False,True,,0,,,0
vehicle_positions_11_115838.parquet,FAIL,8546,49,False,True,,0,,,0
vehicle_positions_11_115910.parquet,FAIL,8496,49,False,True,,0,,,0
vehicle_positions_11_115940.parquet,FAIL,8549,50,False,True,,0,,,0
vehicle_positions_12_120011.parquet,FAIL,8531,50,False,True,,0,,,0
vehicle_positions_12_120041.parquet,FAIL,8668,53,False,True,,0,,,0
vehicle_positions_12_120112.parquet,FAIL,8655,54,False,True,,0,,,0
vehicle_positions_12_120142.parquet,FAIL,8669,54,False,True,,0,,,0
vehicle_positions_12_120214.parquet,FAIL,8675,55,False,True,,0,,,0
vehicle_positions_12_120245.parquet,FAIL,8758,56,False,True,,0,,,0
vehicle_positions_12_120316.parquet,FAIL,8732,56,False,True,,0,,,0
vehicle_positions_12_120346.parquet,FAIL,8734,56,False,True,,0,,,0
vehicle_positions_12_120417.parquet,FAIL,8709,55,False,True,,0,,,0
vehicle_positions_12_120447.parquet,FAIL,8709,55,False,True,,0,,,0
vehicle_positions_12_120518.parquet,FAIL,8671,54,False,True,,0,,,0
vehicle_positions_12_120548.parquet,FAIL,8667,54,False,True,,0,,,0
vehicle_positions_12_120619.parquet,FAIL,8679,54,False,True,,0,,,0
vehicle_positions_12_120649.parquet,FAIL,8738,55,False,True,,0,,,0
vehicle_positions_12_120720.parquet,FAIL,8690,55,False,True,,0,,,0
vehicle_positions_12_120750.parquet,FAIL,8741,55,False,True,,0,,,0
vehicle_positions_12_120821.parquet,FAIL,8723,55,False,True,,0,,,0
vehicle_positions_12_120851.parquet,FAIL,8723,55,False,True,,0,,,0
vehicle_positions_12_120922.parquet,FAIL,8631,53,False,True,,0,,,0
vehicle_positions_12_120952.parquet,FAIL,8615,53,False,True,,0,,,0
vehicle_positions_12_121023.parquet,FAIL,8652,54,False,True,,0,,,0
vehicle_positions_12_121053.parquet,FAIL,8706,56,False,True,,0,,,0
vehicle_positions_12_121124.parquet,FAIL,8694,56,False,True,,0,,,0
vehicle_positions_12_121154.parquet,FAIL,8774,58,False,True,,0,,,0
vehicle_positions_12_121225.parquet,FAIL,8764,57,False,True,,0,,,0
vehicle_positions_12_121255.parquet,FAIL,8725,59,False,True,,0,,,0
vehicle_positions_12_121326.parquet,FAIL,8748,60,False,True,,0,,,0
vehicle_positions_12_121357.parquet,FAIL,8782,61,False,True,,0,,,0
vehicle_positions_12_121427.parquet,FAIL,8820,62,False,True,,0,,,0
vehicle_positions_12_121458.parquet,FAIL,8882,64,False,True,,0,,,0
vehicle_positions_12_121528.parquet,FAIL,8919,64,False,True,,0,,,0
vehicle_positions_12_121559.parquet,FAIL,8911,64,False,True,,0,,,0
vehicle_positions_12_121630.parquet,FAIL,9045,66,False,True,,0,,,0
vehicle_positions_12_121701.parquet,FAIL,9113,68,False,True,,0,,,0
vehicle_positions_12_121731.parquet,FAIL,9163,69,False,True,,0,,,0
vehicle_positions_12_121802.parquet,FAIL,9169,69,False,True,,0,,,0
vehicle_positions_12_121832.parquet,FAIL,9233,71,False,True,,0,,,0
vehicle_positions_12_121903.parquet,FAIL,9308,74,False,True,,0,,,0
vehicle_positions_12_121933.parquet,FAIL,9451,76,False,True,,0,,,0
vehicle_positions_12_122004.parquet,FAIL,9464,77,False,True,,0,,,0
vehicle_positions_12_122034.parquet,FAIL,9500,78,False,True,,0,,,0
vehicle_positions_12_122105.parquet,FAIL,9574,80,False,True,,0,,,0
vehicle_positions_12_122136.parquet,FAIL,9536,80,False,True,,0,,,0
vehicle_positions_12_122206.parquet,FAIL,9680,82,False,True,,0,,,0
vehicle_positions_12_122237.parquet,FAIL,9690,82,False,True,,0,,,0
vehicle_positions_12_122307.parquet,FAIL,9690,82,False,True,,0,,,0
vehicle_positions_12_122338.parquet,FAIL,9696,82,False,True,,0,,,0
vehicle_positions_12_122408.parquet,FAIL,9729,82,False,True,,0,,,0
vehicle_positions_12_122439.parquet,FAIL,9737,83,False,True,,0,,,0
vehicle_positions_12_122509.parquet,FAIL,9735,84,False,True,,0,,,0
vehicle_positions_12_122540.parquet,FAIL,9763,85,False,True,,0,,,0
vehicle_positions_12_122610.parquet,FAIL,9851,86,False,True,,0,,,0
vehicle_positions_12_122641.parquet,FAIL,9806,85,False,True,,0,,,0
vehicle_positions_12_122711.parquet,FAIL,9834,87,False,True,,0,,,0
vehicle_positions_12_122742.parquet,FAIL,9861,87,False,True,,0,,,0
vehicle_positions_12_122812.parquet,FAIL,9869,87,False,True,,0,,,0
vehicle_positions_12_122843.parquet,FAIL,9874,88,False,True,,0,,,0
vehicle_positions_12_122913.parquet,FAIL,9882,88,False,True,,0,,,0
vehicle_positions_12_122944.parquet,FAIL,9861,88,False,True,,0,,,0
vehicle_positions_12_123014.parquet,FAIL,9975,89,False,True,,0,,,0
vehicle_positions_12_123045.parquet,FAIL,9863,88,False,True,,0,,,0
vehicle_positions_12_123115.parquet,FAIL,9874,88,False,True,,0,,,0
vehicle_positions_12_123146.parquet,FAIL,9937,89,False,True,,0,,,0
vehicle_positions_12_123216.parquet,FAIL,9957,89,False,True,,0,,,0
vehicle_positions_12_123247.parquet,FAIL,9938,89,False,True,,0,,,0
vehicle_positions_12_123317.parquet,FAIL,9968,89,False,True,,0,,,0
vehicle_positions_12_123348.parquet,FAIL,9936,89,False,True,,0,,,0
vehicle_positions_12_123419.parquet,FAIL,9986,91,False,True,,0,,,0
vehicle_positions_12_123449.parquet,FAIL,10041,92,False,True,,0,,,0
vehicle_positions_12_123519.parquet,FAIL,10035,93,False,True,,0,,,0
vehicle_positions_12_123550.parquet,FAIL,10090,94,False,True,,0,,,0
vehicle_positions_12_123621.parquet,FAIL,10089,93,False,True,,0,,,0
vehicle_positions_12_123651.parquet,FAIL,10243,97,False,True,,0,,,0
vehicle_positions_12_123721.parquet,FAIL,10322,100,False,True,,0,,,0
vehicle_positions_12_123752.parquet,FAIL,10345,101,False,True,,0,,,0
vehicle_positions_12_123822.parquet,FAIL,10397,102,False,True,,0,,,0
vehicle_positions_12_123853.parquet,FAIL,10426,103,False,True,,0,,,0
vehicle_positions_12_123923.parquet,FAIL,10525,105,False,True,,0,,,0
vehicle_positions_12_123954.parquet,FAIL,10516,105,False,True,,0,,,0
vehicle_positions_12_124024.parquet,FAIL,10512,106,False,True,,0,,,0
vehicle_positions_12_124055.parquet,FAIL,10529,106,False,True,,0,,,0
vehicle_positions_12_124125.parquet,FAIL,10489,105,False,True,,0,,,0
vehicle_positions_12_124156.parquet,FAIL,10550,107,False,True,,0,,,0
vehicle_positions_12_124227.parquet,FAIL,10639,111,False,True,,0,,,0
vehicle_positions_12_124257.parquet,FAIL,10671,111,False,True,,0,,,0
vehicle_positions_12_124327.parquet,FAIL,10696,112,False,True,,0,,,0
vehicle_positions_12_124358.parquet,FAIL,10798,114,False,True,,0,,,0
vehicle_positions_12_124428.parquet,FAIL,10872,115,False,True,,0,,,0
vehicle_positions_12_124459.parquet,FAIL,10907,116,False,True,,0,,,0
vehicle_positions_12_124529.parquet,FAIL,10955,118,False,True,,0,,,0
vehicle_positions_12_124600.parquet,FAIL,10933,118,False,True,,0,,,0
vehicle_positions_12_124632.parquet,FAIL,11000,119,False,True,,0,,,0
vehicle_positions_12_124703.parquet,FAIL,11110,121,False,True,,0,,,0
vehicle_positions_12_124733.parquet,FAIL,11119,121,False,True,,0,,,0
vehicle_positions_12_124804.parquet,FAIL,11123,122,False,True,,0,,,0
vehicle_positions_12_124834.parquet,FAIL,11119,122,False,True,,0,,,0
vehicle_positions_12_124905.parquet,FAIL,11116,123,False,True,,0,,,0
vehicle_positions_12_124935.parquet,FAIL,11223,125,False,True,,0,,,0
vehicle_positions_12_125006.parquet,FAIL,11178,125,False,True,,0,,,0
vehicle_positions_12_125036.parquet,FAIL,11236,126,False,True,,0,,,0
vehicle_positions_12_125107.parquet,FAIL,11260,127,False,True,,0,,,0
vehicle_positions_12_125137.parquet,FAIL,11424,129,False,True,,0,,,0
vehicle_positions_12_125208.parquet,FAIL,11510,131,False,True,,0,,,0
vehicle_positions_12_125238.parquet,FAIL,11499,132,False,True,,0,,,0
vehicle_positions_12_125309.parquet,FAIL,11578,134,False,True,,0,,,0
vehicle_positions_12_125339.parquet,FAIL,11637,135,False,True,,0,,,0
vehicle_positions_12_125410.parquet,FAIL,11733,137,False,True,,0,,,0
vehicle_positions_12_125440.parquet,FAIL,11680,136,False,True,,0,,,0
vehicle_positions_12_125511.parquet,FAIL,11766,137,False,True,,0,,,0
vehicle_positions_12_125541.parquet,FAIL,11577,135,False,True,,0,,,0
vehicle_positions_12_125612.parquet,FAIL,11660,136,False,True,,0,,,0
vehicle_positions_12_125643.parquet,FAIL,11688,136,False,True,,0,,,0
vehicle_positions_12_125713.parquet,FAIL,11793,140,False,True,,0,,,0
vehicle_positions_12_125743.parquet,FAIL,11853,141,False,True,,0,,,0
vehicle_positions_12_125814.parquet,FAIL,11838,141,False,True,,0,,,0
vehicle_positions_12_125845.parquet,FAIL,11793,141,False,True,,0,,,0
vehicle_positions_12_125915.parquet,FAIL,11830,142,False,True,,0,,,0
vehicle_positions_12_125946.parquet,FAIL,11865,143,False,True,,0,,,0
vehicle_positions_13_130016.parquet,FAIL,11964,147,False,True,,0,,,0
vehicle_positions_13_130047.parquet,FAIL,12053,150,False,True,,0,,,0
vehicle_positions_13_130117.parquet,FAIL,12068,150,False,True,,0,,,0
vehicle_positions_13_130148.parquet,FAIL,12079,151,False,True,,0,,,0
vehicle_positions_13_130219.parquet,FAIL,12120,152,False,True,,0,,,0
vehicle_positions_13_130249.parquet,FAIL,12214,153,False,True,,0,,,0
vehicle_positions_13_130320.parquet,FAIL,12245,154,False,True,,0,,,0
vehicle_positions_13_130350.parquet,FAIL,12236,153,False,True,,0,,,0
vehicle_positions_13_130421.parquet,FAIL,12218,154,False,True,,0,,,0
vehicle_positions_13_130452.parquet,FAIL,12302,156,False,True,,0,,,0
vehicle_positions_13_130522.parquet,FAIL,12413,158,False,True,,0,,,0
vehicle_positions_13_130553.parquet,FAIL,12421,160,False,True,,0,,,0
vehicle_positions_13_130623.parquet,FAIL,12543,163,False,True,,0,,,0
vehicle_positions_13_130654.parquet,FAIL,12631,165,False,True,,0,,,0
vehicle_positions_13_130724.parquet,FAIL,12727,166,False,True,,0,,,0
vehicle_positions_13_130754.parquet,FAIL,12746,166,False,True,,0,,,0
vehicle_positions_13_130825.parquet,FAIL,12768,167,False,True,,0,,,0
vehicle_positions_13_130856.parquet,FAIL,12774,170,False,True,,0,,,0
vehicle_positions_13_130926.parquet,FAIL,12814,171,False,True,,0,,,0
vehicle_positions_13_130957.parquet,FAIL,12809,171,False,True,,0,,,0
vehicle_positions_13_131027.parquet,FAIL,12855,173,False,True,,0,,,0
vehicle_positions_13_131058.parquet,FAIL,12873,173,False,True,,0,,,0
vehicle_positions_13_131128.parquet,FAIL,12772,171,False,True,,0,,,0
vehicle_positions_13_131159.parquet,FAIL,12792,170,False,True,,0,,,0
vehicle_positions_13_131229.parquet,FAIL,12758,169,False,True,,0,,,0
vehicle_positions_13_131300.parquet,FAIL,12792,171,False,True,,0,,,0
vehicle_positions_13_131331.parquet,FAIL,12795,171,False,True,,0,,,0
vehicle_positions_13_131401.parquet,FAIL,12814,169,False,True,,0,,,0
vehicle_positions_13_131432.parquet,FAIL,12817,171,False,True,,0,,,0
vehicle_positions_13_131502.parquet,FAIL,12869,173,False,True,,0,,,0
vehicle_positions_13_131533.parquet,FAIL,13112,178,False,True,,0,,,0
vehicle_positions_13_131603.parquet,FAIL,13144,179,False,True,,0,,,0
vehicle_positions_13_131634.parquet,FAIL,13230,184,False,True,,0,,,0
vehicle_positions_13_131705.parquet,FAIL,13388,187,False,True,,0,,,0
vehicle_positions_13_131735.parquet,FAIL,13436,189,False,True,,0,,,0
vehicle_positions_13_131806.parquet,FAIL,13602,193,False,True,,0,,,0
vehicle_positions_13_131836.parquet,FAIL,13604,193,False,True,,0,,,0
vehicle_positions_13_131907.parquet,FAIL,13685,195,False,True,,0,,,0
vehicle_positions_13_131938.parquet,FAIL,13666,196,False,True,,0,,,0
vehicle_positions_13_132008.parquet,FAIL,13713,200,False,True,,0,,,0
vehicle_positions_13_132039.parquet,FAIL,13817,202,False,True,,0,,,0
vehicle_positions_13_132109.parquet,FAIL,13824,202,False,True,,0,,,0
vehicle_positions_13_132140.parquet,FAIL,13833,202,False,True,,0,,,0
vehicle_positions_13_132210.parquet,FAIL,13841,203,False,True,,0,,,0
vehicle_positions_13_132241.parquet,FAIL,13833,204,False,True,,0,,,0
vehicle_positions_13_132312.parquet,FAIL,13867,205,False,True,,0,,,0
vehicle_positions_13_132342.parquet,FAIL,13908,206,False,True,,0,,,0
vehicle_positions_13_132413.parquet,FAIL,13956,207,False,True,,0,,,0
vehicle_positions_13_132443.parquet,FAIL,14047,209,False,True,,0,,,0
vehicle_positions_13_132514.parquet,FAIL,14035,210,False,True,,0,,,0
vehicle_positions_13_132545.parquet,FAIL,14182,215,False,True,,0,,,0
vehicle_positions_13_132615.parquet,FAIL,14213,215,False,True,,0,,,0
vehicle_positions_13_132646.parquet,FAIL,14232,214,False,True,,0,,,0
vehicle_positions_13_132717.parquet,FAIL,14262,214,False,True,,0,,,0
vehicle_positions_13_132747.parquet,FAIL,14294,216,False,True,,0,,,0
vehicle_positions_13_132818.parquet,FAIL,14365,218,False,True,,0,,,0
vehicle_positions_13_132849.parquet,FAIL,14360,218,False,True,,0,,,0
vehicle_positions_13_132919.parquet,FAIL,14408,219,False,True,,0,,,0
vehicle_positions_13_132950.parquet,FAIL,14512,219,False,True,,0,,,0
vehicle_positions_13_133020.parquet,FAIL,14659,226,False,True,,0,,,0
vehicle_positions_13_133051.parquet,FAIL,14683,228,False,True,,0,,,0
vehicle_positions_13_133121.parquet,FAIL,14721,229,False,True,,0,,,0
vehicle_positions_13_133152.parquet,FAIL,14726,230,False,True,,0,,,0
vehicle_positions_13_133223.parquet,FAIL,14703,229,False,True,,0,,,0
vehicle_positions_13_133253.parquet,FAIL,14768,230,False,True,,0,,,0
vehicle_positions_13_133324.parquet,FAIL,14943,234,False,True,,0,,,0
vehicle_positions_13_133355.parquet,FAIL,14945,235,False,True,,0,,,0
vehicle_positions_13_133426.parquet,FAIL,15035,236,False,True,,0,,,0
vehicle_positions_13_133456.parquet,FAIL,15065,236,False,True,,0,,,0
vehicle_positions_13_133527.parquet,FAIL,15030,236,False,True,,0,,,0
vehicle_positions_13_133558.parquet,FAIL,15085,241,False,True,,0,,,0
vehicle_positions_13_133628.parquet,FAIL,15177,241,False,True,,0,,,0
vehicle_positions_13_133659.parquet,FAIL,15168,242,False,True,,0,,,0
vehicle_positions_13_133729.parquet,FAIL,15177,241,False,True,,0,,,0
vehicle_positions_13_133800.parquet,FAIL,15122,240,False,True,,0,,,0
vehicle_positions_13_133830.parquet,FAIL,15364,249,False,True,,0,,,0
vehicle_positions_13_133901.parquet,FAIL,15346,248,False,True,,0,,,0
vehicle_positions_13_133932.parquet,FAIL,15531,252,False,True,,0,,,0
vehicle_positions_13_134002.parquet,FAIL,15603,253,False,True,,0,,,0
vehicle_positions_13_134033.parquet,FAIL,15620,254,False,True,,0,,,0
vehicle_positions_13_134103.parquet,FAIL,15663,256,False,True,,0,,,0
vehicle_positions_13_134134.parquet,FAIL,15672,256,False,True,,0,,,0
vehicle_positions_13_134204.parquet,FAIL,15626,254,False,True,,0,,,0
vehicle_positions_13_134235.parquet,FAIL,15593,254,False,True,,0,,,0
vehicle_positions_13_134306.parquet,FAIL,15807,257,False,True,,0,,,0
vehicle_positions_13_134337.parquet,FAIL,15829,258,False,True,,0,,,0
vehicle_positions_13_134407.parquet,FAIL,15917,259,False,True,,0,,,0
vehicle_positions_13_134438.parquet,FAIL,15852,262,False,True,,0,,,0
vehicle_positions_13_134508.parquet,FAIL,16000,264,False,True,,0,,,0
vehicle_positions_13_134539.parquet,FAIL,15983,263,False,True,,0,,,0
vehicle_positions_13_134609.parquet,FAIL,16135,266,False,True,,0,,,0
vehicle_positions_13_134640.parquet,FAIL,16433,273,False,True,,0,,,0
vehicle_positions_13_134710.parquet,FAIL,16457,274,False,True,,0,,,0
vehicle_positions_13_134741.parquet,FAIL,16449,274,False,True,,0,,,0
vehicle_positions_13_134812.parquet,FAIL,16491,275,False,True,,0,,,0
vehicle_positions_13_134842.parquet,FAIL,16532,275,False,True,,0,,,0
vehicle_positions_13_134913.parquet,FAIL,16572,278,False,True,,0,,,0
vehicle_positions_13_134943.parquet,FAIL,16706,281,False,True,,0,,,0
vehicle_positions_13_135014.parquet,FAIL,16612,279,False,True,,0,,,0
vehicle_positions_13_135044.parquet,FAIL,16725,283,False,True,,0,,,0
vehicle_positions_13_135115.parquet,FAIL,16765,284,False,True,,0,,,0
vehicle_positions_13_135146.parquet,FAIL,16854,287,False,True,,0,,,0
vehicle_positions_13_135216.parquet,FAIL,17015,290,False,True,,0,,,0
vehicle_positions_13_135247.parquet,FAIL,17079,293,False,True,,0,,,0
vehicle_positions_13_135317.parquet,FAIL,17013,291,False,True,,0,,,0
vehicle_positions_13_135348.parquet,FAIL,17122,295,False,True,,0,,,0
vehicle_positions_13_135419.parquet,FAIL,17192,296,False,True,,0,,,0
vehicle_positions_13_135449.parquet,FAIL,17106,294,False,True,,0,,,0
vehicle_positions_13_135520.parquet,FAIL,17089,295,False,True,,0,,,0
vehicle_positions_13_135550.parquet,FAIL,17141,297,False,True,,0,,,0
vehicle_positions_13_135621.parquet,FAIL,17053,293,False,True,,0,,,0
vehicle_positions_13_135651.parquet,FAIL,17060,292,False,True,,0,,,0
vehicle_positions_13_135722.parquet,FAIL,17017,292,False,True,,0,,,0
vehicle_positions_13_135752.parquet,FAIL,17037,295,False,True,,0,,,0
vehicle_positions_13_135823.parquet,FAIL,17121,295,False,True,,0,,,0
vehicle_positions_13_135853.parquet,FAIL,17199,295,False,True,,0,,,0
vehicle_positions_13_135924.parquet,FAIL,17027,294,False,True,,0,,,0
vehicle_positions_13_135955.parquet,FAIL,17225,297,False,True,,0,,,0
vehicle_positions_14_140025.parquet,FAIL,17225,298,False,True,,0,,,0
vehicle_positions_14_140056.parquet,FAIL,17259,304,False,True,,0,,,0
vehicle_positions_14_140126.parquet,FAIL,17487,311,False,True,,0,,,0
vehicle_positions_14_140157.parquet,FAIL,17735,313,False,True,,0,,,0
vehicle_positions_14_140228.parquet,FAIL,17705,313,False,True,,0,,,0
vehicle_positions_14_140258.parquet,FAIL,17724,313,False,True,,0,,,0
vehicle_positions_14_140329.parquet,FAIL,17742,313,False,True,,0,,,0
vehicle_positions_14_140359.parquet,FAIL,17751,314,False,True,,0,,,0
vehicle_positions_14_140430.parquet,FAIL,17869,316,False,True,,0,,,0
vehicle_positions_14_140501.parquet,FAIL,17880,317,False,True,,0,,,0
vehicle_positions_14_140531.parquet,FAIL,17877,317,False,True,,0,,,0
vehicle_positions_14_140602.parquet,FAIL,17803,315,False,True,,0,,,0
vehicle_positions_14_140632.parquet,FAIL,17961,321,False,True,,0,,,0
vehicle_positions_14_140703.parquet,FAIL,17887,318,False,True,,0,,,0
vehicle_positions_14_140733.parquet,FAIL,18206,321,False,True,,0,,,0
vehicle_positions_14_140804.parquet,FAIL,18266,321,False,True,,0,,,0
vehicle_positions_14_140835.parquet,FAIL,18245,323,False,True,,0,,,0
vehicle_positions_14_140905.parquet,FAIL,18374,326,False,True,,0,,,0
vehicle_positions_14_140936.parquet,FAIL,18486,328,False,True,,0,,,0
vehicle_positions_14_141006.parquet,FAIL,18563,329,False,True,,0,,,0
vehicle_positions_14_141037.parquet,FAIL,18544,328,False,True,,0,,,0
vehicle_positions_14_141107.parquet,FAIL,18473,328,False,True,,0,,,0
vehicle_positions_14_141138.parquet,FAIL,18469,328,False,True,,0,,,0
vehicle_positions_14_141208.parquet,FAIL,18614,331,False,True,,0,,,0
vehicle_positions_14_141239.parquet,FAIL,18648,333,False,True,,0,,,0
vehicle_positions_14_141310.parquet,FAIL,18665,334,False,True,,0,,,0
vehicle_positions_14_141340.parquet,FAIL,18626,335,False,True,,0,,,0
vehicle_positions_14_141411.parquet,FAIL,18679,334,False,True,,0,,,0
vehicle_positions_14_141441.parquet,FAIL,18645,334,False,True,,0,,,0
vehicle_positions_14_141512.parquet,FAIL,18673,335,False,True,,0,,,0
vehicle_positions_14_141542.parquet,FAIL,18697,336,False,True,,0,,,0
vehicle_positions_14_141613.parquet,FAIL,18778,337,False,True,,0,,,0
vehicle_positions_14_141644.parquet,FAIL,18669,336,False,True,,0,,,0
vehicle_positions_14_141714.parquet,FAIL,18825,339,False,True,,0,,,0
vehicle_positions_14_141745.parquet,FAIL,18960,341,False,True,,0,,,0
vehicle_positions_14_141815.parquet,FAIL,19058,345,False,True,,0,,,0
vehicle_positions_14_141846.parquet,FAIL,19066,345,False,True,,0,,,0
vehicle_positions_14_141916.parquet,FAIL,19232,351,False,True,,0,,,0
vehicle_positions_14_141947.parquet,FAIL,19379,353,False,True,,0,,,0
vehicle_positions_14_142018.parquet,FAIL,19455,355,False,True,,0,,,0
vehicle_positions_14_142048.parquet,FAIL,19517,360,False,True,,0,,,0
vehicle_positions_14_142119.parquet,FAIL,19555,358,False,True,,0,,,0
vehicle_positions_14_142149.parquet,FAIL,19513,358,False,True,,0,,,0
vehicle_positions_14_142220.parquet,FAIL,19504,358,False,True,,0,,,0
vehicle_positions_14_142250.parquet,FAIL,19493,356,False,True,,0,,,0
vehicle_positions_14_142321.parquet,FAIL,19479,356,False,True,,0,,,0
vehicle_positions_14_142352.parquet,FAIL,19509,356,False,True,,0,,,0
vehicle_positions_14_142422.parquet,FAIL,19585,357,False,True,,0,,,0
vehicle_positions_14_142453.parquet,FAIL,19644,359,False,True,,0,,,0
vehicle_positions_14_142523.parquet,FAIL,19764,361,False,True,,0,,,0
vehicle_positions_14_142554.parquet,FAIL,19733,362,False,True,,0,,,0
vehicle_positions_14_142624.parquet,FAIL,19793,365,False,True,,0,,,0
vehicle_positions_14_142655.parquet,FAIL,19766,364,False,True,,0,,,0
vehicle_positions_14_142726.parquet,FAIL,19867,366,False,True,,0,,,0
vehicle_positions_14_142756.parquet,FAIL,19908,367,False,True,,0,,,0
vehicle_positions_14_142827.parquet,FAIL,19920,368,False,True,,0,,,0
vehicle_positions_14_142857.parquet,FAIL,20049,371,False,True,,0,,,0
vehicle_positions_14_142928.parquet,FAIL,20142,375,False,True,,0,,,0
vehicle_positions_14_142958.parquet,FAIL,20139,374,False,True,,0,,,0
vehicle_positions_14_143029.parquet,FAIL,20077,375,False,True,,0,,,0
vehicle_positions_14_143100.parquet,FAIL,20094,376,False,True,,0,,,0
vehicle_positions_14_143130.parquet,FAIL,20147,375,False,True,,0,,,0
vehicle_positions_14_143201.parquet,FAIL,20072,376,False,True,,0,,,0
vehicle_positions_14_143231.parquet,FAIL,20114,374,False,True,,0,,,0
vehicle_positions_14_143302.parquet,FAIL,20084,375,False,True,,0,,,0
vehicle_positions_14_143332.parquet,FAIL,20183,376,False,True,,0,,,0
vehicle_positions_14_143403.parquet,FAIL,20251,378,False,True,,0,,,0
vehicle_positions_14_143434.parquet,FAIL,20329,380,False,True,,0,,,0
vehicle_positions_14_143504.parquet,FAIL,20427,382,False,True,,0,,,0
vehicle_positions_14_143535.parquet,FAIL,20360,383,False,True,,0,,,0
vehicle_positions_14_143605.parquet,FAIL,20462,384,False,True,,0,,,0
vehicle_positions_14_143636.parquet,FAIL,20358,381,False,True,,0,,,0
vehicle_positions_14_143706.parquet,FAIL,20262,380,False,True,,0,,,0
vehicle_positions_14_143737.parquet,FAIL,20393,382,False,True,,0,,,0
vehicle_positions_14_143808.parquet,FAIL,20456,383,False,True,,0,,,0
vehicle_positions_14_143838.parquet,FAIL,20479,385,False,True,,0,,,0
vehicle_positions_14_143909.parquet,FAIL,20476,386,False,True,,0,,,0
vehicle_positions_14_143939.parquet,FAIL,20535,386,False,True,,0,,,0
vehicle_positions_14_144010.parquet,FAIL,20607,389,False,True,,0,,,0
vehicle_positions_14_144040.parquet,FAIL,20552,389,False,True,,0,,,0
vehicle_positions_14_144111.parquet,FAIL,20652,391,False,True,,0,,,0
vehicle_positions_14_144141.parquet,FAIL,20743,391,False,True,,0,,,0
vehicle_positions_14_144212.parquet,FAIL,20707,391,False,True,,0,,,0
vehicle_positions_14_144243.parquet,FAIL,20843,394,False,True,,0,,,0
vehicle_positions_14_144313.parquet,FAIL,20965,399,False,True,,0,,,0
vehicle_positions_14_144344.parquet,FAIL,21152,401,False,True,,0,,,0
vehicle_positions_14_144414.parquet,FAIL,21157,400,False,True,,0,,,0
vehicle_positions_14_144445.parquet,FAIL,21120,398,False,True,,0,,,0
vehicle_positions_14_144515.parquet,FAIL,21050,396,False,True,,0,,,0
vehicle_positions_14_144546.parquet,FAIL,21099,401,False,True,,0,,,0
vehicle_positions_14_144617.parquet,FAIL,21159,405,False,True,,0,,,0
vehicle_positions_14_144647.parquet,FAIL,21315,407,False,True,,0,,,0
vehicle_positions_14_144718.parquet,FAIL,21194,407,False,True,,0,,,0
vehicle_positions_14_144748.parquet,FAIL,21313,406,False,True,,0,,,0
vehicle_positions_14_144819.parquet,FAIL,21302,407,False,True,,0,,,0
vehicle_positions_14_144849.parquet,FAIL,21472,412,False,True,,0,,,0
vehicle_positions_14_144920.parquet,FAIL,21385,414,False,True,,0,,,0
vehicle_positions_14_144951.parquet,FAIL,21543,416,False,True,,0,,,0
vehicle_positions_14_145021.parquet,FAIL,21725,419,False,True,,0,,,0
vehicle_positions_14_145052.parquet,FAIL,21710,423,False,True,,0,,,0
vehicle_positions_14_145122.parquet,FAIL,21820,424,False,True,,0,,,0
vehicle_positions_14_145153.parquet,FAIL,21978,426,False,True,,0,,,0
vehicle_positions_14_145223.parquet,FAIL,22184,428,False,True,,0,,,0
vehicle_positions_14_145254.parquet,FAIL,22154,429,False,True,,0,,,0
vehicle_positions_14_145325.parquet,FAIL,22153,429,False,True,,0,,,0
vehicle_positions_14_145355.parquet,FAIL,22218,430,False,True,,0,,,0
vehicle_positions_14_145426.parquet,FAIL,22399,433,False,True,,0,,,0
vehicle_positions_14_145456.parquet,FAIL,22261,432,False,True,,0,,,0
vehicle_positions_14_145527.parquet,FAIL,22320,434,False,True,,0,,,0
vehicle_positions_14_145558.parquet,FAIL,22083,430,False,True,,0,,,0
vehicle_positions_14_145628.parquet,FAIL,22037,428,False,True,,0,,,0
vehicle_positions_14_145659.parquet,FAIL,22125,429,False,True,,0,,,0
vehicle_positions_14_145729.parquet,FAIL,22260,432,False,True,,0,,,0
vehicle_positions_14_145800.parquet,FAIL,22302,432,False,True,,0,,,0
vehicle_positions_14_145830.parquet,FAIL,22390,434,False,True,,0,,,0
vehicle_positions_14_145901.parquet,FAIL,22621,441,False,True,,0,,,0
vehicle_positions_14_145932.parquet,FAIL,22530,440,False,True,,0,,,0
vehicle_positions_15_150002.parquet,FAIL,22495,438,False,True,,0,,,0
vehicle_positions_15_150033.parquet,FAIL,22423,438,False,True,,0,,,0
vehicle_positions_15_150103.parquet,FAIL,22657,443,False,True,,0,,,0
vehicle_positions_15_150134.parquet,FAIL,22706,444,False,True,,0,,,0
vehicle_positions_15_150204.parquet,FAIL,22688,445,False,True,,0,,,0
vehicle_positions_15_150235.parquet,FAIL,22758,450,False,True,,0,,,0
vehicle_positions_15_150306.parquet,FAIL,22820,453,False,True,,0,,,0
vehicle_positions_15_150336.parquet,FAIL,22927,454,False,True,,0,,,0
vehicle_positions_15_150407.parquet,FAIL,23167,459,False,True,,0,,,0
vehicle_positions_15_150437.parquet,FAIL,23224,463,False,True,,0,,,0
vehicle_positions_15_150508.parquet,FAIL,23220,464,False,True,,0,,,0
vehicle_positions_15_150539.parquet,FAIL,23328,467,False,True,,0,,,0
vehicle_positions_15_150609.parquet,FAIL,23476,467,False,True,,0,,,0
vehicle_positions_15_150640.parquet,FAIL,23390,467,False,True,,0,,,0
vehicle_positions_15_150710.parquet,FAIL,23324,465,False,True,,0,,,0
vehicle_positions_15_150741.parquet,FAIL,23414,469,False,True,,0,,,0
vehicle_positions_15_150811.parquet,FAIL,23498,470,False,True,,0,,,0
vehicle_positions_15_150842.parquet,FAIL,23441,471,False,True,,0,,,0
vehicle_positions_15_150913.parquet,FAIL,23424,469,False,True,,0,,,0
vehicle_positions_15_150943.parquet,FAIL,23505,470,False,True,,0,,,0
vehicle_positions_15_151015.parquet,FAIL,23467,469,False,True,,0,,,0
vehicle_positions_15_151045.parquet,FAIL,23675,474,False,True,,0,,,0
vehicle_positions_15_151116.parquet,FAIL,23632,474,False,True,,0,,,0
vehicle_positions_15_151147.parquet,FAIL,23775,475,False,True,,0,,,0
vehicle_positions_15_151217.parquet,FAIL,23737,476,False,True,,0,,,0
vehicle_positions_15_151248.parquet,FAIL,23820,478,False,True,,0,,,0
vehicle_positions_15_151318.parquet,FAIL,23792,476,False,True,,0,,,0
vehicle_positions_15_151349.parquet,FAIL,23841,475,False,True,,0,,,0
vehicle_positions_15_151419.parquet,FAIL,23784,476,False,True,,0,,,0
vehicle_positions_15_151450.parquet,FAIL,23918,480,False,True,,0,,,0
vehicle_positions_15_151521.parquet,FAIL,24009,482,False,True,,0,,,0
vehicle_positions_15_151551.parquet,FAIL,24108,486,False,True,,0,,,0
vehicle_positions_15_151622.parquet,FAIL,24109,484,False,True,,0,,,0
vehicle_positions_15_151652.parquet,FAIL,23942,483,False,True,,0,,,0
vehicle_positions_15_151723.parquet,FAIL,23992,484,False,True,,0,,,0
vehicle_positions_15_151753.parquet,FAIL,23993,482,False,True,,0,,,0
vehicle_positions_15_151824.parquet,FAIL,23783,480,False,True,,0,,,0
vehicle_positions_15_151854.parquet,FAIL,23783,478,False,True,,0,,,0
vehicle_positions_15_151925.parquet,FAIL,23867,481,False,True,,0,,,0
vehicle_positions_15_151956.parquet,FAIL,23873,482,False,True,,0,,,0
vehicle_positions_15_152026.parquet,FAIL,24036,486,False,True,,0,,,0
vehicle_positions_15_152057.parquet,FAIL,24112,489,False,True,,0,,,0
vehicle_positions_15_152127.parquet,FAIL,24199,491,False,True,,0,,,0
vehicle_positions_15_152158.parquet,FAIL,24139,491,False,True,,0,,,0
vehicle_positions_15_152228.parquet,FAIL,24099,488,False,True,,0,,,0
vehicle_positions_15_152259.parquet,FAIL,23948,485,False,True,,0,,,0
vehicle_positions_15_152329.parquet,FAIL,24010,487,False,True,,0,,,0
vehicle_positions_15_152400.parquet,FAIL,24071,486,False,True,,0,,,0
vehicle_positions_15_152431.parquet,FAIL,24040,487,False,True,,0,,,0
vehicle_positions_15_152501.parquet,FAIL,24115,489,False,True,,0,,,0
vehicle_positions_15_152532.parquet,FAIL,24165,490,False,True,,0,,,0
vehicle_positions_15_152602.parquet,FAIL,24120,489,False,True,,0,,,0
vehicle_positions_15_152633.parquet,FAIL,24017,488,False,True,,0,,,0
vehicle_positions_15_152704.parquet,FAIL,24029,487,False,True,,0,,,0
vehicle_positions_15_152734.parquet,FAIL,24085,488,False,True,,0,,,0
vehicle_positions_15_152805.parquet,FAIL,23991,487,False,True,,0,,,0
vehicle_positions_15_152835.parquet,FAIL,24202,490,False,True,,0,,,0
vehicle_positions_15_152906.parquet,FAIL,24220,493,False,True,,0,,,0
vehicle_positions_15_152936.parquet,FAIL,24311,496,False,True,,0,,,0
vehicle_positions_15_153007.parquet,FAIL,24282,496,False,True,,0,,,0
vehicle_positions_15_153038.parquet,FAIL,24499,502,False,True,,0,,,0
vehicle_positions_15_153108.parquet,FAIL,24536,505,False,True,,0,,,0
vehicle_positions_15_153139.parquet,FAIL,24612,506,False,True,,0,,,0
vehicle_positions_15_153209.parquet,FAIL,24522,504,False,True,,0,,,0
vehicle_positions_15_153240.parquet,FAIL,25150,513,False,True,,0,,,0
vehicle_positions_15_153311.parquet,FAIL,25208,516,False,True,,0,,,0
vehicle_positions_15_153341.parquet,FAIL,25099,514,False,True,,0,,,0
vehicle_positions_15_153412.parquet,FAIL,25182,515,False,True,,0,,,0
vehicle_positions_15_153443.parquet,FAIL,25207,518,False,True,,0,,,0
vehicle_positions_15_153513.parquet,FAIL,25182,520,False,True,,0,,,0
vehicle_positions_15_153544.parquet,FAIL,25434,522,False,True,,0,,,0
vehicle_positions_15_153615.parquet,FAIL,25433,522,False,True,,0,,,0
vehicle_positions_15_153645.parquet,FAIL,25425,521,False,True,,0,,,0
vehicle_positions_15_153716.parquet,FAIL,25524,521,False,True,,0,,,0
vehicle_positions_15_153747.parquet,FAIL,25298,520,False,True,,0,,,0
vehicle_positions_15_153818.parquet,FAIL,25438,523,False,True,,0,,,0
vehicle_positions_15_153848.parquet,FAIL,25627,523,False,True,,0,,,0
vehicle_positions_15_153919.parquet,FAIL,25480,522,False,True,,0,,,0
vehicle_positions_15_153950.parquet,FAIL,25365,521,False,True,,0,,,0
vehicle_positions_15_154020.parquet,FAIL,25326,520,False,True,,0,,,0
vehicle_positions_15_154051.parquet,FAIL,25273,520,False,True,,0,,,0
vehicle_positions_15_154121.parquet,FAIL,25227,518,False,True,,0,,,0
vehicle_positions_15_154152.parquet,FAIL,25100,517,False,True,,0,,,0
vehicle_positions_15_154223.parquet,FAIL,25199,518,False,True,,0,,,0
vehicle_positions_15_154254.parquet,FAIL,25403,521,False,True,,0,,,0
vehicle_positions_15_154324.parquet,FAIL,25271,520,False,True,,0,,,0
vehicle_positions_15_154355.parquet,FAIL,25438,523,False,True,,0,,,0
vehicle_positions_15_154425.parquet,FAIL,25575,526,False,True,,0,,,0
vehicle_positions_15_154456.parquet,FAIL,25493,524,False,True,,0,,,0
vehicle_positions_15_154527.parquet,FAIL,25420,521,False,True,,0,,,0
vehicle_positions_15_154557.parquet,FAIL,25475,523,False,True,,0,,,0
vehicle_positions_15_154628.parquet,FAIL,25490,526,False,True,,0,,,0
vehicle_positions_15_154658.parquet,FAIL,25437,523,False,True,,0,,,0
vehicle_positions_15_154729.parquet,FAIL,25514,526,False,True,,0,,,0
vehicle_positions_15_154800.parquet,FAIL,25718,527,False,True,,0,,,0
vehicle_positions_15_154830.parquet,FAIL,25803,530,False,True,,0,,,0
vehicle_positions_15_154901.parquet,FAIL,25835,531,False,True,,0,,,0
vehicle_positions_15_154931.parquet,FAIL,26045,534,False,True,,0,,,0
vehicle_positions_15_155002.parquet,FAIL,26105,536,False,True,,0,,,0
vehicle_positions_15_155033.parquet,FAIL,26177,538,False,True,,0,,,0
vehicle_positions_15_155103.parquet,FAIL,26273,539,False,True,,0,,,0
vehicle_positions_15_155134.parquet,FAIL,26166,539,False,True,,0,,,0
vehicle_positions_15_155205.parquet,FAIL,26180,540,False,True,,0,,,0
vehicle_positions_15_155235.parquet,FAIL,26263,540,False,True,,0,,,0
vehicle_positions_15_155306.parquet,FAIL,26258,538,False,True,,0,,,0
vehicle_positions_15_155336.parquet,FAIL,25935,536,False,True,,0,,,0
vehicle_positions_15_155407.parquet,FAIL,26133,537,False,True,,0,,,0
vehicle_positions_15_155438.parquet,FAIL,26018,531,False,True,,0,,,0
vehicle_positions_15_155508.parquet,FAIL,25918,530,False,True,,0,,,0
vehicle_positions_15_155539.parquet,FAIL,25950,531,False,True,,0,,,0
vehicle_positions_15_155610.parquet,FAIL,25725,528,False,True,,0,,,0
vehicle_positions_15_155640.parquet,FAIL,25810,526,False,True,,0,,,0
vehicle_positions_15_155711.parquet,FAIL,25826,527,False,True,,0,,,0
vehicle_positions_15_155742.parquet,FAIL,25836,528,False,True,,0,,,0
vehicle_positions_15_155812.parquet,FAIL,26020,531,False,True,,0,,,0
vehicle_positions_15_155843.parquet,FAIL,25947,532,False,True,,0,,,0
vehicle_positions_15_155913.parquet,FAIL,26148,535,False,True,,0,,,0
vehicle_positions_15_155944.parquet,FAIL,26139,536,False,True,,0,,,0
vehicle_positions_16_160015.parquet,FAIL,26299,539,False,True,,0,,,0
vehicle_positions_16_160045.parquet,FAIL,26332,546,False,True,,0,,,0
vehicle_positions_16_160117.parquet,FAIL,26441,548,False,True,,0,,,0
vehicle_positions_16_160147.parquet,FAIL,26352,546,False,True,,0,,,0
vehicle_positions_16_160218.parquet,FAIL,26507,549,False,True,,0,,,0
vehicle_positions_16_160248.parquet,FAIL,26493,548,False,True,,0,,,0
vehicle_positions_16_160319.parquet,FAIL,26591,553,False,True,,0,,,0
vehicle_positions_16_160350.parquet,FAIL,26566,552,False,True,,0,,,0
vehicle_positions_16_160420.parquet,FAIL,26513,551,False,True,,0,,,0
vehicle_positions_16_160451.parquet,FAIL,26664,553,False,True,,0,,,0
vehicle_positions_16_160522.parquet,FAIL,26600,553,False,True,,0,,,0
vehicle_positions_16_160552.parquet,FAIL,26596,553,False,True,,0,,,0
vehicle_positions_16_160623.parquet,FAIL,26682,555,False,True,,0,,,0
vehicle_positions_16_160653.parquet,FAIL,26573,555,False,True,,0,,,0
vehicle_positions_16_160724.parquet,FAIL,26627,556,False,True,,0,,,0
vehicle_positions_16_160755.parquet,FAIL,26693,556,False,True,,0,,,0
vehicle_positions_16_160825.parquet,FAIL,26623,554,False,True,,0,,,0
vehicle_positions_16_160856.parquet,FAIL,26682,553,False,True,,0,,,0
vehicle_positions_16_160926.parquet,FAIL,26804,557,False,True,,0,,,0
vehicle_positions_16_160957.parquet,FAIL,26872,558,False,True,,0,,,0
vehicle_positions_16_161028.parquet,FAIL,26874,559,False,True,,0,,,0
vehicle_positions_16_161058.parquet,FAIL,26818,559,False,True,,0,,,0
vehicle_positions_16_161129.parquet,FAIL,26805,556,False,True,,0,,,0
vehicle_positions_16_161200.parquet,FAIL,26724,555,False,True,,0,,,0
vehicle_positions_16_161230.parquet,FAIL,26620,554,False,True,,0,,,0
vehicle_positions_16_161302.parquet,FAIL,26677,555,False,True,,0,,,0
vehicle_positions_16_161332.parquet,FAIL,26776,556,False,True,,0,,,0
vehicle_positions_16_161403.parquet,FAIL,26800,559,False,True,,0,,,0
vehicle_positions_16_161435.parquet,FAIL,26956,561,False,True,,0,,,0
vehicle_positions_16_161506.parquet,FAIL,27012,562,False,True,,0,,,0
vehicle_positions_16_161537.parquet,FAIL,26979,562,False,True,,0,,,0
vehicle_positions_16_161607.parquet,FAIL,26948,561,False,True,,0,,,0
vehicle_positions_16_161638.parquet,FAIL,27049,565,False,True,,0,,,0
vehicle_positions_16_161709.parquet,FAIL,26978,564,False,True,,0,,,0
vehicle_positions_16_161739.parquet,FAIL,27031,564,False,True,,0,,,0
vehicle_positions_16_161810.parquet,FAIL,26978,565,False,True,,0,,,0
vehicle_positions_16_161841.parquet,FAIL,26843,566,False,True,,0,,,0
vehicle_positions_16_161911.parquet,FAIL,27012,569,False,True,,0,,,0
vehicle_positions_16_161942.parquet,FAIL,27055,570,False,True,,0,,,0
vehicle_positions_16_162012.parquet,FAIL,27015,564,False,True,,0,,,0
vehicle_positions_16_162043.parquet,FAIL,26927,566,False,True,,0,,,0
vehicle_positions_16_162114.parquet,FAIL,26955,567,False,True,,0,,,0
vehicle_positions_16_162144.parquet,FAIL,26910,565,False,True,,0,,,0
vehicle_positions_16_162215.parquet,FAIL,26886,565,False,True,,0,,,0
vehicle_positions_16_162246.parquet,FAIL,26902,564,False,True,,0,,,0
vehicle_positions_16_162316.parquet,FAIL,26755,563,False,True,,0,,,0
vehicle_positions_16_162347.parquet,FAIL,26891,564,False,True,,0,,,0
vehicle_positions_16_162417.parquet,FAIL,26980,564,False,True,,0,,,0
vehicle_positions_16_162448.parquet,FAIL,27040,566,False,True,,0,,,0
vehicle_positions_16_162519.parquet,FAIL,26996,567,False,True,,0,,,0
vehicle_positions_16_162550.parquet,FAIL,26790,563,False,True,,0,,,0
vehicle_positions_16_162620.parquet,FAIL,26830,564,False,True,,0,,,0
vehicle_positions_16_162651.parquet,FAIL,26883,564,False,True,,0,,,0
vehicle_positions_16_162721.parquet,FAIL,26925,565,False,True,,0,,,0
vehicle_positions_16_162752.parquet,FAIL,27003,568,False,True,,0,,,0
vehicle_positions_16_162823.parquet,FAIL,27087,569,False,True,,0,,,0
vehicle_positions_16_162853.parquet,FAIL,27154,572,False,True,,0,,,0
vehicle_positions_16_162924.parquet,FAIL,27297,576,False,True,,0,,,0
vehicle_positions_16_162955.parquet,FAIL,27380,582,False,True,,0,,,0
vehicle_positions_16_163026.parquet,FAIL,27521,585,False,True,,0,,,0
vehicle_positions_16_163057.parquet,FAIL,27585,586,False,True,,0,,,0
vehicle_positions_16_163127.parquet,FAIL,27493,583,False,True,,0,,,0
vehicle_positions_16_163158.parquet,FAIL,27511,582,False,True,,0,,,0
vehicle_positions_16_163229.parquet,FAIL,27565,584,False,True,,0,,,0
vehicle_positions_16_163259.parquet,FAIL,27779,586,False,True,,0,,,0
vehicle_positions_16_163330.parquet,FAIL,27780,587,False,True,,0,,,0
vehicle_positions_16_163400.parquet,FAIL,27890,589,False,True,,0,,,0
vehicle_positions_16_163432.parquet,FAIL,27756,590,False,True,,0,,,0
vehicle_positions_16_163502.parquet,FAIL,27740,589,False,True,,0,,,0
vehicle_positions_16_163533.parquet,FAIL,27799,589,False,True,,0,,,0
vehicle_positions_16_163603.parquet,FAIL,27802,589,False,True,,0,,,0
vehicle_positions_16_163634.parquet,FAIL,27904,590,False,True,,0,,,0
vehicle_positions_16_163705.parquet,FAIL,27822,589,False,True,,0,,,0
vehicle_positions_16_163735.parquet,FAIL,27975,591,False,True,,0,,,0
vehicle_positions_16_163806.parquet,FAIL,28027,591,False,True,,0,,,0
vehicle_positions_16_163837.parquet,FAIL,27820,587,False,True,,0,,,0
vehicle_positions_16_163907.parquet,FAIL,27866,587,False,True,,0,,,0
vehicle_positions_16_163938.parquet,FAIL,27757,586,False,True,,0,,,0
vehicle_positions_16_164008.parquet,FAIL,27862,586,False,True,,0,,,0
vehicle_positions_16_164039.parquet,FAIL,27675,586,False,True,,0,,,0
vehicle_positions_16_164110.parquet,FAIL,27713,585,False,True,,0,,,0
vehicle_positions_16_164141.parquet,FAIL,27594,584,False,True,,0,,,0
vehicle_positions_16_164212.parquet,FAIL,27604,583,False,True,,0,,,0
vehicle_positions_16_164242.parquet,FAIL,27548,583,False,True,,0,,,0
vehicle_positions_16_164313.parquet,FAIL,27767,587,False,True,,0,,,0
vehicle_positions_16_164344.parquet,FAIL,27808,588,False,True,,0,,,0
vehicle_positions_16_164414.parquet,FAIL,27870,592,False,True,,0,,,0
vehicle_positions_16_164445.parquet,FAIL,28086,595,False,True,,0,,,0
vehicle_positions_16_164516.parquet,FAIL,28058,596,False,True,,0,,,0
vehicle_positions_16_164546.parquet,FAIL,28189,600,False,True,,0,,,0
vehicle_positions_16_164617.parquet,FAIL,28107,598,False,True,,0,,,0
vehicle_positions_16_164648.parquet,FAIL,28144,598,False,True,,0,,,0
vehicle_positions_16_164718.parquet,FAIL,28357,601,False,True,,0,,,0
vehicle_positions_16_164749.parquet,FAIL,28265,601,False,True,,0,,,0
vehicle_positions_16_164819.parquet,FAIL,28096,599,False,True,,0,,,0
vehicle_positions_16_164850.parquet,FAIL,28075,597,False,True,,0,,,0
vehicle_positions_16_164920.parquet,FAIL,28045,597,False,True,,0,,,0
vehicle_positions_16_164951.parquet,FAIL,28043,595,False,True,,0,,,0
vehicle_positions_16_165022.parquet,FAIL,28215,599,False,True,,0,,,0
vehicle_positions_16_165052.parquet,FAIL,28239,600,False,True,,0,,,0
vehicle_positions_16_165123.parquet,FAIL,28215,599,False,True,,0,,,0
vehicle_positions_16_165154.parquet,FAIL,28151,600,False,True,,0,,,0
vehicle_positions_16_165224.parquet,FAIL,28266,599,False,True,,0,,,0
vehicle_positions_16_165255.parquet,FAIL,28176,600,False,True,,0,,,0
