filename,status,size_bytes,row_count,is_empty,is_corrupted,missing_columns,duplicate_count,earliest_timestamp,latest_timestamp,unique_routes
vehicle_positions_00_000012.parquet,FAIL,51767,1314,False,True,,0,,,0
vehicle_positions_00_000043.parquet,FAIL,51653,1315,False,True,,0,,,0
vehicle_positions_00_000114.parquet,FAIL,51810,1317,False,True,,0,,,0
vehicle_positions_00_000147.parquet,FAIL,51669,1316,False,True,,0,,,0
vehicle_positions_00_000218.parquet,FAIL,51733,1317,False,True,,0,,,0
vehicle_positions_00_000248.parquet,FAIL,51806,1320,False,True,,0,,,0
vehicle_positions_00_000319.parquet,FAIL,51818,1319,False,True,,0,,,0
vehicle_positions_00_000350.parquet,FAIL,51842,1317,False,True,,0,,,0
vehicle_positions_00_000421.parquet,FAIL,51767,1317,False,True,,0,,,0
vehicle_positions_00_000452.parquet,FAIL,51810,1318,False,True,,0,,,0
vehicle_positions_00_000522.parquet,FAIL,51684,1314,False,True,,0,,,0
vehicle_positions_00_000553.parquet,FAIL,51699,1314,False,True,,0,,,0
vehicle_positions_00_000624.parquet,FAIL,51791,1315,False,True,,0,,,0
vehicle_positions_00_000655.parquet,FAIL,51816,1314,False,True,,0,,,0
vehicle_positions_00_000725.parquet,FAIL,51723,1313,False,True,,0,,,0
vehicle_positions_00_000756.parquet,FAIL,51632,1312,False,True,,0,,,0
vehicle_positions_00_000827.parquet,FAIL,51551,1310,False,True,,0,,,0
vehicle_positions_00_000858.parquet,FAIL,51477,1309,False,True,,0,,,0
vehicle_positions_00_000929.parquet,FAIL,51494,1308,False,True,,0,,,0
vehicle_positions_00_000959.parquet,FAIL,51735,1311,False,True,,0,,,0
vehicle_positions_00_001030.parquet,FAIL,51739,1315,False,True,,0,,,0
vehicle_positions_00_001101.parquet,FAIL,51964,1316,False,True,,0,,,0
vehicle_positions_00_001131.parquet,FAIL,51726,1314,False,True,,0,,,0
vehicle_positions_00_001202.parquet,FAIL,51625,1314,False,True,,0,,,0
vehicle_positions_00_001233.parquet,FAIL,51608,1312,False,True,,0,,,0
vehicle_positions_00_001303.parquet,FAIL,51697,1312,False,True,,0,,,0
vehicle_positions_00_001334.parquet,FAIL,51584,1310,False,True,,0,,,0
vehicle_positions_00_001405.parquet,FAIL,51697,1311,False,True,,0,,,0
vehicle_positions_00_001436.parquet,FAIL,51465,1307,False,True,,0,,,0
vehicle_positions_00_001506.parquet,FAIL,51403,1311,False,True,,0,,,0
vehicle_positions_00_001537.parquet,FAIL,51555,1311,False,True,,0,,,0
vehicle_positions_00_001608.parquet,FAIL,51653,1312,False,True,,0,,,0
vehicle_positions_00_001638.parquet,FAIL,51728,1314,False,True,,0,,,0
vehicle_positions_00_001709.parquet,FAIL,51684,1313,False,True,,0,,,0
vehicle_positions_00_001740.parquet,FAIL,51554,1311,False,True,,0,,,0
vehicle_positions_00_001811.parquet,FAIL,51644,1315,False,True,,0,,,0
vehicle_positions_00_001841.parquet,FAIL,51618,1312,False,True,,0,,,0
vehicle_positions_00_001912.parquet,FAIL,51740,1310,False,True,,0,,,0
vehicle_positions_00_001943.parquet,FAIL,51420,1307,False,True,,0,,,0
vehicle_positions_00_002014.parquet,FAIL,51342,1310,False,True,,0,,,0
vehicle_positions_00_002045.parquet,FAIL,51598,1313,False,True,,0,,,0
vehicle_positions_00_002116.parquet,FAIL,51595,1311,False,True,,0,,,0
vehicle_positions_00_002147.parquet,FAIL,51423,1311,False,True,,0,,,0
vehicle_positions_00_002218.parquet,FAIL,51549,1311,False,True,,0,,,0
vehicle_positions_00_002249.parquet,FAIL,51535,1310,False,True,,0,,,0
vehicle_positions_00_002319.parquet,FAIL,51501,1310,False,True,,0,,,0
vehicle_positions_00_002350.parquet,FAIL,51596,1312,False,True,,0,,,0
vehicle_positions_00_002421.parquet,FAIL,51662,1314,False,True,,0,,,0
vehicle_positions_00_002452.parquet,FAIL,51717,1312,False,True,,0,,,0
vehicle_positions_00_002522.parquet,FAIL,51608,1312,False,True,,0,,,0
vehicle_positions_00_002553.parquet,FAIL,51647,1312,False,True,,0,,,0
vehicle_positions_00_002624.parquet,FAIL,51762,1313,False,True,,0,,,0
vehicle_positions_00_002655.parquet,FAIL,51652,1312,False,True,,0,,,0
vehicle_positions_00_002726.parquet,FAIL,51737,1312,False,True,,0,,,0
vehicle_positions_00_002756.parquet,FAIL,51703,1311,False,True,,0,,,0
vehicle_positions_00_002827.parquet,FAIL,52066,1314,False,True,,0,,,0
vehicle_positions_00_002858.parquet,FAIL,51903,1314,False,True,,0,,,0
vehicle_positions_00_002929.parquet,FAIL,51554,1310,False,True,,0,,,0
vehicle_positions_00_003000.parquet,FAIL,51838,1310,False,True,,0,,,0
vehicle_positions_00_003030.parquet,FAIL,51759,1308,False,True,,0,,,0
vehicle_positions_00_003101.parquet,FAIL,51637,1309,False,True,,0,,,0
vehicle_positions_00_003132.parquet,FAIL,51633,1307,False,True,,0,,,0
vehicle_positions_00_003205.parquet,FAIL,51343,1304,False,True,,0,,,0
vehicle_positions_00_003235.parquet,FAIL,51474,1302,False,True,,0,,,0
vehicle_positions_00_003306.parquet,FAIL,51371,1302,False,True,,0,,,0
vehicle_positions_00_003337.parquet,FAIL,51622,1305,False,True,,0,,,0
vehicle_positions_00_003408.parquet,FAIL,51467,1304,False,True,,0,,,0
vehicle_positions_00_003439.parquet,FAIL,51415,1300,False,True,,0,,,0
vehicle_positions_00_003510.parquet,FAIL,51579,1303,False,True,,0,,,0
vehicle_positions_00_003541.parquet,FAIL,51484,1305,False,True,,0,,,0
vehicle_positions_00_003612.parquet,FAIL,51322,1303,False,True,,0,,,0
vehicle_positions_00_003644.parquet,FAIL,51569,1305,False,True,,0,,,0
vehicle_positions_00_003714.parquet,FAIL,51681,1304,False,True,,0,,,0
vehicle_positions_00_003745.parquet,FAIL,51521,1303,False,True,,0,,,0
vehicle_positions_00_003817.parquet,FAIL,51642,1303,False,True,,0,,,0
vehicle_positions_00_003848.parquet,FAIL,51615,1305,False,True,,0,,,0
vehicle_positions_00_003918.parquet,FAIL,51506,1303,False,True,,0,,,0
vehicle_positions_00_003950.parquet,FAIL,51348,1301,False,True,,0,,,0
vehicle_positions_00_004021.parquet,FAIL,51432,1303,False,True,,0,,,0
vehicle_positions_00_004052.parquet,FAIL,51318,1303,False,True,,0,,,0
vehicle_positions_00_004122.parquet,FAIL,51422,1298,False,True,,0,,,0
vehicle_positions_00_004153.parquet,FAIL,51238,1296,False,True,,0,,,0
vehicle_positions_00_004224.parquet,FAIL,51055,1292,False,True,,0,,,0
vehicle_positions_00_004255.parquet,FAIL,51217,1292,False,True,,0,,,0
vehicle_positions_00_004326.parquet,FAIL,51108,1292,False,True,,0,,,0
vehicle_positions_00_004357.parquet,FAIL,51081,1288,False,True,,0,,,0
vehicle_positions_00_004427.parquet,FAIL,50792,1285,False,True,,0,,,0
vehicle_positions_00_004458.parquet,FAIL,50944,1284,False,True,,0,,,0
vehicle_positions_00_004529.parquet,FAIL,50809,1283,False,True,,0,,,0
vehicle_positions_00_004600.parquet,FAIL,50766,1281,False,True,,0,,,0
vehicle_positions_00_004632.parquet,FAIL,50842,1281,False,True,,0,,,0
vehicle_positions_00_004703.parquet,FAIL,50870,1280,False,True,,0,,,0
vehicle_positions_00_004734.parquet,FAIL,50718,1277,False,True,,0,,,0
vehicle_positions_00_004804.parquet,FAIL,50651,1279,False,True,,0,,,0
vehicle_positions_00_004835.parquet,FAIL,50491,1275,False,True,,0,,,0
vehicle_positions_00_004906.parquet,FAIL,50367,1271,False,True,,0,,,0
vehicle_positions_00_004936.parquet,FAIL,50304,1271,False,True,,0,,,0
vehicle_positions_00_005007.parquet,FAIL,50374,1271,False,True,,0,,,0
vehicle_positions_00_005038.parquet,FAIL,50415,1270,False,True,,0,,,0
vehicle_positions_00_005109.parquet,FAIL,50339,1272,False,True,,0,,,0
vehicle_positions_00_005139.parquet,FAIL,50643,1276,False,True,,0,,,0
vehicle_positions_00_005210.parquet,FAIL,50383,1273,False,True,,0,,,0
vehicle_positions_00_005241.parquet,FAIL,50229,1269,False,True,,0,,,0
vehicle_positions_00_005312.parquet,FAIL,50023,1263,False,True,,0,,,0
vehicle_positions_00_005342.parquet,FAIL,50170,1265,False,True,,0,,,0
vehicle_positions_00_005413.parquet,FAIL,50229,1265,False,True,,0,,,0
vehicle_positions_00_005444.parquet,FAIL,49864,1262,False,True,,0,,,0
vehicle_positions_00_005515.parquet,FAIL,49950,1262,False,True,,0,,,0
vehicle_positions_00_005545.parquet,FAIL,50004,1262,False,True,,0,,,0
vehicle_positions_00_005617.parquet,FAIL,49989,1260,False,True,,0,,,0
vehicle_positions_00_005647.parquet,FAIL,50065,1261,False,True,,0,,,0
vehicle_positions_00_005718.parquet,FAIL,49993,1258,False,True,,0,,,0
vehicle_positions_00_005749.parquet,FAIL,49878,1256,False,True,,0,,,0
vehicle_positions_00_005820.parquet,FAIL,49956,1257,False,True,,0,,,0
vehicle_positions_00_005851.parquet,FAIL,50028,1258,False,True,,0,,,0
vehicle_positions_00_005921.parquet,FAIL,50079,1262,False,True,,0,,,0
vehicle_positions_00_005952.parquet,FAIL,50165,1262,False,True,,0,,,0
vehicle_positions_01_010023.parquet,FAIL,50269,1267,False,True,,0,,,0
vehicle_positions_01_010054.parquet,FAIL,50136,1264,False,True,,0,,,0
vehicle_positions_01_010124.parquet,FAIL,50172,1264,False,True,,0,,,0
vehicle_positions_01_010155.parquet,FAIL,50449,1266,False,True,,0,,,0
vehicle_positions_01_010226.parquet,FAIL,50237,1263,False,True,,0,,,0
vehicle_positions_01_010257.parquet,FAIL,50322,1265,False,True,,0,,,0
vehicle_positions_01_010328.parquet,FAIL,50345,1261,False,True,,0,,,0
vehicle_positions_01_010358.parquet,FAIL,50372,1262,False,True,,0,,,0
vehicle_positions_01_010429.parquet,FAIL,50233,1259,False,True,,0,,,0
vehicle_positions_01_010500.parquet,FAIL,50168,1257,False,True,,0,,,0
vehicle_positions_01_010531.parquet,FAIL,50286,1257,False,True,,0,,,0
vehicle_positions_01_010602.parquet,FAIL,50261,1258,False,True,,0,,,0
vehicle_positions_01_010633.parquet,FAIL,50278,1257,False,True,,0,,,0
vehicle_positions_01_010703.parquet,FAIL,50167,1259,False,True,,0,,,0
vehicle_positions_01_010734.parquet,FAIL,50070,1254,False,True,,0,,,0
vehicle_positions_01_010805.parquet,FAIL,50071,1252,False,True,,0,,,0
vehicle_positions_01_010836.parquet,FAIL,50035,1252,False,True,,0,,,0
vehicle_positions_01_010906.parquet,FAIL,49959,1249,False,True,,0,,,0
vehicle_positions_01_010937.parquet,FAIL,50097,1249,False,True,,0,,,0
vehicle_positions_01_011008.parquet,FAIL,49864,1247,False,True,,0,,,0
vehicle_positions_01_011038.parquet,FAIL,49766,1241,False,True,,0,,,0
vehicle_positions_01_011109.parquet,FAIL,49718,1242,False,True,,0,,,0
vehicle_positions_01_011140.parquet,FAIL,49549,1238,False,True,,0,,,0
vehicle_positions_01_011210.parquet,FAIL,49664,1236,False,True,,0,,,0
vehicle_positions_01_011241.parquet,FAIL,49407,1230,False,True,,0,,,0
vehicle_positions_01_011312.parquet,FAIL,49338,1230,False,True,,0,,,0
vehicle_positions_01_011343.parquet,FAIL,49010,1219,False,True,,0,,,0
vehicle_positions_01_011413.parquet,FAIL,48884,1216,False,True,,0,,,0
vehicle_positions_01_011444.parquet,FAIL,48625,1211,False,True,,0,,,0
vehicle_positions_01_011515.parquet,FAIL,48593,1210,False,True,,0,,,0
vehicle_positions_01_011545.parquet,FAIL,48465,1208,False,True,,0,,,0
vehicle_positions_01_011617.parquet,FAIL,48414,1206,False,True,,0,,,0
vehicle_positions_01_011648.parquet,FAIL,48219,1201,False,True,,0,,,0
vehicle_positions_01_011718.parquet,FAIL,48323,1203,False,True,,0,,,0
vehicle_positions_01_011749.parquet,FAIL,48352,1201,False,True,,0,,,0
vehicle_positions_01_011820.parquet,FAIL,48109,1200,False,True,,0,,,0
vehicle_positions_01_011851.parquet,FAIL,48119,1199,False,True,,0,,,0
vehicle_positions_01_011921.parquet,FAIL,48100,1198,False,True,,0,,,0
vehicle_positions_01_011952.parquet,FAIL,48088,1195,False,True,,0,,,0
vehicle_positions_01_012023.parquet,FAIL,48045,1192,False,True,,0,,,0
vehicle_positions_01_012054.parquet,FAIL,47944,1191,False,True,,0,,,0
vehicle_positions_01_012124.parquet,FAIL,47967,1190,False,True,,0,,,0
vehicle_positions_01_012155.parquet,FAIL,48020,1193,False,True,,0,,,0
vehicle_positions_01_012226.parquet,FAIL,47855,1189,False,True,,0,,,0
vehicle_positions_01_012257.parquet,FAIL,47849,1188,False,True,,0,,,0
vehicle_positions_01_012327.parquet,FAIL,47905,1185,False,True,,0,,,0
vehicle_positions_01_012358.parquet,FAIL,47758,1185,False,True,,0,,,0
vehicle_positions_01_012429.parquet,FAIL,47742,1185,False,True,,0,,,0
vehicle_positions_01_012500.parquet,FAIL,47739,1183,False,True,,0,,,0
vehicle_positions_01_012531.parquet,FAIL,47691,1182,False,True,,0,,,0
vehicle_positions_01_012602.parquet,FAIL,47733,1180,False,True,,0,,,0
vehicle_positions_01_012632.parquet,FAIL,47445,1175,False,True,,0,,,0
vehicle_positions_01_012703.parquet,FAIL,47523,1174,False,True,,0,,,0
vehicle_positions_01_012734.parquet,FAIL,47495,1173,False,True,,0,,,0
vehicle_positions_01_012804.parquet,FAIL,47485,1174,False,True,,0,,,0
vehicle_positions_01_012835.parquet,FAIL,47279,1167,False,True,,0,,,0
vehicle_positions_01_012906.parquet,FAIL,47085,1167,False,True,,0,,,0
vehicle_positions_01_012937.parquet,FAIL,47192,1164,False,True,,0,,,0
vehicle_positions_01_013008.parquet,FAIL,47077,1159,False,True,,0,,,0
vehicle_positions_01_013038.parquet,FAIL,46925,1153,False,True,,0,,,0
vehicle_positions_01_013110.parquet,FAIL,46751,1151,False,True,,0,,,0
vehicle_positions_01_013141.parquet,FAIL,46663,1148,False,True,,0,,,0
vehicle_positions_01_013211.parquet,FAIL,46603,1146,False,True,,0,,,0
vehicle_positions_01_013242.parquet,FAIL,46638,1146,False,True,,0,,,0
vehicle_positions_01_013313.parquet,FAIL,46709,1146,False,True,,0,,,0
vehicle_positions_01_013344.parquet,FAIL,46734,1145,False,True,,0,,,0
vehicle_positions_01_013414.parquet,FAIL,46657,1143,False,True,,0,,,0
vehicle_positions_01_013445.parquet,FAIL,46558,1138,False,True,,0,,,0
vehicle_positions_01_013516.parquet,FAIL,46392,1135,False,True,,0,,,0
vehicle_positions_01_013546.parquet,FAIL,46244,1132,False,True,,0,,,0
vehicle_positions_01_013617.parquet,FAIL,46224,1131,False,True,,0,,,0
vehicle_positions_01_013648.parquet,FAIL,45894,1122,False,True,,0,,,0
vehicle_positions_01_013718.parquet,FAIL,45828,1121,False,True,,0,,,0
vehicle_positions_01_013749.parquet,FAIL,45685,1121,False,True,,0,,,0
vehicle_positions_01_013820.parquet,FAIL,45845,1120,False,True,,0,,,0
vehicle_positions_01_013851.parquet,FAIL,46099,1124,False,True,,0,,,0
vehicle_positions_01_013921.parquet,FAIL,45853,1118,False,True,,0,,,0
vehicle_positions_01_013952.parquet,FAIL,45774,1115,False,True,,0,,,0
vehicle_positions_01_014023.parquet,FAIL,45405,1108,False,True,,0,,,0
vehicle_positions_01_014054.parquet,FAIL,45307,1107,False,True,,0,,,0
vehicle_positions_01_014124.parquet,FAIL,45120,1102,False,True,,0,,,0
vehicle_positions_01_014155.parquet,FAIL,45300,1101,False,True,,0,,,0
vehicle_positions_01_014226.parquet,FAIL,45087,1098,False,True,,0,,,0
vehicle_positions_01_014256.parquet,FAIL,44958,1096,False,True,,0,,,0
vehicle_positions_01_014327.parquet,FAIL,44963,1093,False,True,,0,,,0
vehicle_positions_01_014358.parquet,FAIL,44883,1090,False,True,,0,,,0
vehicle_positions_01_014429.parquet,FAIL,44705,1088,False,True,,0,,,0
vehicle_positions_01_014459.parquet,FAIL,44689,1086,False,True,,0,,,0
vehicle_positions_01_014530.parquet,FAIL,44755,1085,False,True,,0,,,0
vehicle_positions_01_014601.parquet,FAIL,44530,1080,False,True,,0,,,0
vehicle_positions_01_014632.parquet,FAIL,44390,1076,False,True,,0,,,0
vehicle_positions_01_014702.parquet,FAIL,44324,1074,False,True,,0,,,0
vehicle_positions_01_014733.parquet,FAIL,44357,1073,False,True,,0,,,0
vehicle_positions_01_014804.parquet,FAIL,44103,1070,False,True,,0,,,0
vehicle_positions_01_014835.parquet,FAIL,44046,1066,False,True,,0,,,0
vehicle_positions_01_014905.parquet,FAIL,44011,1069,False,True,,0,,,0
vehicle_positions_01_014936.parquet,FAIL,43895,1065,False,True,,0,,,0
vehicle_positions_01_015007.parquet,FAIL,43846,1063,False,True,,0,,,0
vehicle_positions_01_015037.parquet,FAIL,43668,1060,False,True,,0,,,0
vehicle_positions_01_015108.parquet,FAIL,43540,1055,False,True,,0,,,0
vehicle_positions_01_015139.parquet,FAIL,43567,1052,False,True,,0,,,0
vehicle_positions_01_015209.parquet,FAIL,43429,1049,False,True,,0,,,0
vehicle_positions_01_015240.parquet,FAIL,43189,1046,False,True,,0,,,0
vehicle_positions_01_015311.parquet,FAIL,43176,1041,False,True,,0,,,0
vehicle_positions_01_015341.parquet,FAIL,43040,1040,False,True,,0,,,0
vehicle_positions_01_015412.parquet,FAIL,42956,1037,False,True,,0,,,0
vehicle_positions_01_015443.parquet,FAIL,42852,1038,False,True,,0,,,0
vehicle_positions_01_015514.parquet,FAIL,42711,1031,False,True,,0,,,0
vehicle_positions_01_015544.parquet,FAIL,42603,1031,False,True,,0,,,0
vehicle_positions_01_015615.parquet,FAIL,42614,1029,False,True,,0,,,0
vehicle_positions_01_015646.parquet,FAIL,42667,1027,False,True,,0,,,0
vehicle_positions_01_015716.parquet,FAIL,42104,1022,False,True,,0,,,0
vehicle_positions_01_015747.parquet,FAIL,41933,1016,False,True,,0,,,0
vehicle_positions_01_015818.parquet,FAIL,41712,1012,False,True,,0,,,0
vehicle_positions_01_015848.parquet,FAIL,41575,1009,False,True,,0,,,0
vehicle_positions_01_015919.parquet,FAIL,41553,1005,False,True,,0,,,0
vehicle_positions_01_015950.parquet,FAIL,41309,1000,False,True,,0,,,0
vehicle_positions_02_020021.parquet,FAIL,41429,1004,False,True,,0,,,0
vehicle_positions_02_020052.parquet,FAIL,41308,1000,False,True,,0,,,0
vehicle_positions_02_020123.parquet,FAIL,41155,996,False,True,,0,,,0
vehicle_positions_02_020153.parquet,FAIL,41189,998,False,True,,0,,,0
vehicle_positions_02_020224.parquet,FAIL,41045,993,False,True,,0,,,0
vehicle_positions_02_020255.parquet,FAIL,40972,990,False,True,,0,,,0
vehicle_positions_02_020325.parquet,FAIL,40815,987,False,True,,0,,,0
vehicle_positions_02_020356.parquet,FAIL,40793,987,False,True,,0,,,0
vehicle_positions_02_020427.parquet,FAIL,40663,983,False,True,,0,,,0
vehicle_positions_02_020457.parquet,FAIL,40776,983,False,True,,0,,,0
vehicle_positions_02_020528.parquet,FAIL,40859,987,False,True,,0,,,0
vehicle_positions_02_020559.parquet,FAIL,40923,986,False,True,,0,,,0
vehicle_positions_02_020630.parquet,FAIL,40803,980,False,True,,0,,,0
vehicle_positions_02_020700.parquet,FAIL,40814,982,False,True,,0,,,0
vehicle_positions_02_020732.parquet,FAIL,40856,982,False,True,,0,,,0
vehicle_positions_02_020804.parquet,FAIL,40892,982,False,True,,0,,,0
vehicle_positions_02_020834.parquet,FAIL,40575,974,False,True,,0,,,0
vehicle_positions_02_020905.parquet,FAIL,40428,970,False,True,,0,,,0
vehicle_positions_02_020937.parquet,FAIL,40620,972,False,True,,0,,,0
vehicle_positions_02_021008.parquet,FAIL,40476,971,False,True,,0,,,0
vehicle_positions_02_021038.parquet,FAIL,40279,966,False,True,,0,,,0
vehicle_positions_02_021109.parquet,FAIL,40289,966,False,True,,0,,,0
vehicle_positions_02_021140.parquet,FAIL,40100,961,False,True,,0,,,0
vehicle_positions_02_021211.parquet,FAIL,40051,959,False,True,,0,,,0
vehicle_positions_02_021241.parquet,FAIL,39898,953,False,True,,0,,,0
vehicle_positions_02_021312.parquet,FAIL,39718,946,False,True,,0,,,0
vehicle_positions_02_021343.parquet,FAIL,39553,944,False,True,,0,,,0
vehicle_positions_02_021413.parquet,FAIL,39552,940,False,True,,0,,,0
vehicle_positions_02_021444.parquet,FAIL,39548,938,False,True,,0,,,0
vehicle_positions_02_021515.parquet,FAIL,39269,933,False,True,,0,,,0
vehicle_positions_02_021545.parquet,FAIL,39242,930,False,True,,0,,,0
vehicle_positions_02_021616.parquet,FAIL,39049,924,False,True,,0,,,0
vehicle_positions_02_021647.parquet,FAIL,38741,918,False,True,,0,,,0
vehicle_positions_02_021717.parquet,FAIL,38719,915,False,True,,0,,,0
vehicle_positions_02_021748.parquet,FAIL,38441,910,False,True,,0,,,0
vehicle_positions_02_021819.parquet,FAIL,38339,905,False,True,,0,,,0
vehicle_positions_02_021850.parquet,FAIL,38228,901,False,True,,0,,,0
vehicle_positions_02_021920.parquet,FAIL,38418,902,False,True,,0,,,0
vehicle_positions_02_021951.parquet,FAIL,38479,905,False,True,,0,,,0
vehicle_positions_02_022022.parquet,FAIL,38296,900,False,True,,0,,,0
vehicle_positions_02_022052.parquet,FAIL,38146,894,False,True,,0,,,0
vehicle_positions_02_022123.parquet,FAIL,37755,889,False,True,,0,,,0
vehicle_positions_02_022154.parquet,FAIL,37603,887,False,True,,0,,,0
vehicle_positions_02_022224.parquet,FAIL,37445,883,False,True,,0,,,0
vehicle_positions_02_022255.parquet,FAIL,37278,883,False,True,,0,,,0
vehicle_positions_02_022326.parquet,FAIL,37253,878,False,True,,0,,,0
vehicle_positions_02_022356.parquet,FAIL,37168,879,False,True,,0,,,0
vehicle_positions_02_022427.parquet,FAIL,36868,874,False,True,,0,,,0
vehicle_positions_02_022458.parquet,FAIL,36763,869,False,True,,0,,,0
vehicle_positions_02_022528.parquet,FAIL,36644,865,False,True,,0,,,0
vehicle_positions_02_022559.parquet,FAIL,36539,862,False,True,,0,,,0
vehicle_positions_02_022630.parquet,FAIL,36601,864,False,True,,0,,,0
vehicle_positions_02_022700.parquet,FAIL,36763,862,False,True,,0,,,0
vehicle_positions_02_022731.parquet,FAIL,36662,861,False,True,,0,,,0
vehicle_positions_02_022802.parquet,FAIL,36675,860,False,True,,0,,,0
vehicle_positions_02_022832.parquet,FAIL,36506,855,False,True,,0,,,0
vehicle_positions_02_022903.parquet,FAIL,36364,848,False,True,,0,,,0
vehicle_positions_02_022934.parquet,FAIL,36133,842,False,True,,0,,,0
vehicle_positions_02_023004.parquet,FAIL,36260,846,False,True,,0,,,0
vehicle_positions_02_023035.parquet,FAIL,36404,850,False,True,,0,,,0
vehicle_positions_02_023106.parquet,FAIL,36100,841,False,True,,0,,,0
vehicle_positions_02_023136.parquet,FAIL,36180,844,False,True,,0,,,0
vehicle_positions_02_023207.parquet,FAIL,35886,835,False,True,,0,,,0
vehicle_positions_02_023238.parquet,FAIL,35773,833,False,True,,0,,,0
vehicle_positions_02_023308.parquet,FAIL,36001,833,False,True,,0,,,0
vehicle_positions_02_023339.parquet,FAIL,35839,831,False,True,,0,,,0
vehicle_positions_02_023410.parquet,FAIL,35851,832,False,True,,0,,,0
vehicle_positions_02_023440.parquet,FAIL,35914,832,False,True,,0,,,0
vehicle_positions_02_023511.parquet,FAIL,35903,831,False,True,,0,,,0
vehicle_positions_02_023542.parquet,FAIL,35807,828,False,True,,0,,,0
vehicle_positions_02_023612.parquet,FAIL,35795,828,False,True,,0,,,0
vehicle_positions_02_023643.parquet,FAIL,35692,826,False,True,,0,,,0
vehicle_positions_02_023714.parquet,FAIL,35731,825,False,True,,0,,,0
vehicle_positions_02_023744.parquet,FAIL,35283,816,False,True,,0,,,0
vehicle_positions_02_023815.parquet,FAIL,35257,811,False,True,,0,,,0
vehicle_positions_02_023846.parquet,FAIL,35110,808,False,True,,0,,,0
vehicle_positions_02_023916.parquet,FAIL,35112,808,False,True,,0,,,0
vehicle_positions_02_023947.parquet,FAIL,35038,807,False,True,,0,,,0
vehicle_positions_02_024018.parquet,FAIL,35115,805,False,True,,0,,,0
vehicle_positions_02_024048.parquet,FAIL,34969,802,False,True,,0,,,0
vehicle_positions_02_024119.parquet,FAIL,35091,802,False,True,,0,,,0
vehicle_positions_02_024150.parquet,FAIL,34857,798,False,True,,0,,,0
vehicle_positions_02_024220.parquet,FAIL,34651,792,False,True,,0,,,0
vehicle_positions_02_024251.parquet,FAIL,34587,788,False,True,,0,,,0
vehicle_positions_02_024322.parquet,FAIL,34568,787,False,True,,0,,,0
vehicle_positions_02_024352.parquet,FAIL,34213,780,False,True,,0,,,0
vehicle_positions_02_024423.parquet,FAIL,34183,778,False,True,,0,,,0
vehicle_positions_02_024454.parquet,FAIL,34080,776,False,True,,0,,,0
vehicle_positions_02_024524.parquet,FAIL,34036,774,False,True,,0,,,0
vehicle_positions_02_024555.parquet,FAIL,33961,774,False,True,,0,,,0
vehicle_positions_02_024626.parquet,FAIL,33984,773,False,True,,0,,,0
vehicle_positions_02_024656.parquet,FAIL,34011,774,False,True,,0,,,0
vehicle_positions_02_024727.parquet,FAIL,34050,772,False,True,,0,,,0
vehicle_positions_02_024757.parquet,FAIL,33984,768,False,True,,0,,,0
vehicle_positions_02_024828.parquet,FAIL,33703,766,False,True,,0,,,0
vehicle_positions_02_024859.parquet,FAIL,33808,764,False,True,,0,,,0
vehicle_positions_02_024929.parquet,FAIL,33535,759,False,True,,0,,,0
vehicle_positions_02_025000.parquet,FAIL,33546,757,False,True,,0,,,0
vehicle_positions_02_025031.parquet,FAIL,33577,760,False,True,,0,,,0
vehicle_positions_02_025101.parquet,FAIL,33544,757,False,True,,0,,,0
vehicle_positions_02_025132.parquet,FAIL,33588,755,False,True,,0,,,0
vehicle_positions_02_025203.parquet,FAIL,33616,754,False,True,,0,,,0
vehicle_positions_02_025233.parquet,FAIL,33358,749,False,True,,0,,,0
vehicle_positions_02_025304.parquet,FAIL,33437,750,False,True,,0,,,0
vehicle_positions_02_025334.parquet,FAIL,33392,750,False,True,,0,,,0
vehicle_positions_02_025405.parquet,FAIL,33226,748,False,True,,0,,,0
vehicle_positions_02_025436.parquet,FAIL,33183,746,False,True,,0,,,0
vehicle_positions_02_025506.parquet,FAIL,33250,746,False,True,,0,,,0
vehicle_positions_02_025537.parquet,FAIL,33128,746,False,True,,0,,,0
vehicle_positions_02_025607.parquet,FAIL,32915,740,False,True,,0,,,0
vehicle_positions_02_025638.parquet,FAIL,32858,737,False,True,,0,,,0
vehicle_positions_02_025709.parquet,FAIL,32502,736,False,True,,0,,,0
vehicle_positions_02_025739.parquet,FAIL,32756,735,False,True,,0,,,0
vehicle_positions_02_025810.parquet,FAIL,32499,731,False,True,,0,,,0
vehicle_positions_02_025841.parquet,FAIL,32490,730,False,True,,0,,,0
vehicle_positions_02_025911.parquet,FAIL,32683,732,False,True,,0,,,0
vehicle_positions_02_025942.parquet,FAIL,32650,733,False,True,,0,,,0
vehicle_positions_03_030013.parquet,FAIL,32568,729,False,True,,0,,,0
vehicle_positions_03_030043.parquet,FAIL,32503,731,False,True,,0,,,0
vehicle_positions_03_030114.parquet,FAIL,32515,731,False,True,,0,,,0
vehicle_positions_03_030144.parquet,FAIL,32267,724,False,True,,0,,,0
vehicle_positions_03_030215.parquet,FAIL,32349,722,False,True,,0,,,0
vehicle_positions_03_030246.parquet,FAIL,32029,718,False,True,,0,,,0
vehicle_positions_03_030317.parquet,FAIL,32045,718,False,True,,0,,,0
vehicle_positions_03_030347.parquet,FAIL,31986,717,False,True,,0,,,0
vehicle_positions_03_030418.parquet,FAIL,32215,718,False,True,,0,,,0
vehicle_positions_03_030449.parquet,FAIL,32171,717,False,True,,0,,,0
vehicle_positions_03_030519.parquet,FAIL,31973,714,False,True,,0,,,0
vehicle_positions_03_030550.parquet,FAIL,31763,710,False,True,,0,,,0
vehicle_positions_03_030621.parquet,FAIL,31836,708,False,True,,0,,,0
vehicle_positions_03_030651.parquet,FAIL,31806,706,False,True,,0,,,0
vehicle_positions_03_030722.parquet,FAIL,31587,704,False,True,,0,,,0
vehicle_positions_03_030753.parquet,FAIL,31387,701,False,True,,0,,,0
vehicle_positions_03_030823.parquet,FAIL,31459,701,False,True,,0,,,0
vehicle_positions_03_030854.parquet,FAIL,31448,700,False,True,,0,,,0
vehicle_positions_03_030925.parquet,FAIL,31395,701,False,True,,0,,,0
vehicle_positions_03_030955.parquet,FAIL,31216,696,False,True,,0,,,0
vehicle_positions_03_031026.parquet,FAIL,31355,697,False,True,,0,,,0
vehicle_positions_03_031057.parquet,FAIL,31451,697,False,True,,0,,,0
vehicle_positions_03_031127.parquet,FAIL,31204,695,False,True,,0,,,0
vehicle_positions_03_031158.parquet,FAIL,31208,693,False,True,,0,,,0
vehicle_positions_03_031229.parquet,FAIL,31095,692,False,True,,0,,,0
vehicle_positions_03_031259.parquet,FAIL,31121,691,False,True,,0,,,0
vehicle_positions_03_031330.parquet,FAIL,31197,692,False,True,,0,,,0
vehicle_positions_03_031401.parquet,FAIL,31268,693,False,True,,0,,,0
vehicle_positions_03_031431.parquet,FAIL,31147,692,False,True,,0,,,0
vehicle_positions_03_031502.parquet,FAIL,30896,688,False,True,,0,,,0
vehicle_positions_03_031533.parquet,FAIL,30924,688,False,True,,0,,,0
vehicle_positions_03_031603.parquet,FAIL,30909,687,False,True,,0,,,0
vehicle_positions_03_031634.parquet,FAIL,30756,683,False,True,,0,,,0
vehicle_positions_03_031705.parquet,FAIL,30847,683,False,True,,0,,,0
vehicle_positions_03_031736.parquet,FAIL,30921,682,False,True,,0,,,0
vehicle_positions_03_031806.parquet,FAIL,30780,682,False,True,,0,,,0
vehicle_positions_03_031837.parquet,FAIL,30865,682,False,True,,0,,,0
vehicle_positions_03_031907.parquet,FAIL,30934,681,False,True,,0,,,0
vehicle_positions_03_031938.parquet,FAIL,30812,680,False,True,,0,,,0
vehicle_positions_03_032009.parquet,FAIL,30787,680,False,True,,0,,,0
vehicle_positions_03_032039.parquet,FAIL,30739,680,False,True,,0,,,0
vehicle_positions_03_032110.parquet,FAIL,30592,677,False,True,,0,,,0
vehicle_positions_03_032141.parquet,FAIL,30659,675,False,True,,0,,,0
vehicle_positions_03_032211.parquet,FAIL,30578,677,False,True,,0,,,0
vehicle_positions_03_032242.parquet,FAIL,30586,673,False,True,,0,,,0
vehicle_positions_03_032313.parquet,FAIL,30473,673,False,True,,0,,,0
vehicle_positions_03_032343.parquet,FAIL,30507,673,False,True,,0,,,0
vehicle_positions_03_032414.parquet,FAIL,30686,674,False,True,,0,,,0
vehicle_positions_03_032445.parquet,FAIL,30602,678,False,True,,0,,,0
vehicle_positions_03_032515.parquet,FAIL,30662,676,False,True,,0,,,0
vehicle_positions_03_032546.parquet,FAIL,30697,675,False,True,,0,,,0
vehicle_positions_03_032616.parquet,FAIL,30528,672,False,True,,0,,,0
vehicle_positions_03_032647.parquet,FAIL,30464,669,False,True,,0,,,0
vehicle_positions_03_032718.parquet,FAIL,30382,669,False,True,,0,,,0
vehicle_positions_03_032748.parquet,FAIL,30351,669,False,True,,0,,,0
vehicle_positions_03_032819.parquet,FAIL,30512,670,False,True,,0,,,0
vehicle_positions_03_032850.parquet,FAIL,30475,671,False,True,,0,,,0
vehicle_positions_03_032920.parquet,FAIL,30488,667,False,True,,0,,,0
vehicle_positions_03_032951.parquet,FAIL,30349,666,False,True,,0,,,0
vehicle_positions_03_033021.parquet,FAIL,30472,670,False,True,,0,,,0
vehicle_positions_03_033052.parquet,FAIL,30630,673,False,True,,0,,,0
vehicle_positions_03_033123.parquet,FAIL,30601,671,False,True,,0,,,0
vehicle_positions_03_033154.parquet,FAIL,30483,666,False,True,,0,,,0
vehicle_positions_03_033224.parquet,FAIL,30404,664,False,True,,0,,,0
vehicle_positions_03_033255.parquet,FAIL,30233,663,False,True,,0,,,0
vehicle_positions_03_033326.parquet,FAIL,30240,664,False,True,,0,,,0
vehicle_positions_03_033356.parquet,FAIL,30386,665,False,True,,0,,,0
vehicle_positions_03_033427.parquet,FAIL,30175,662,False,True,,0,,,0
vehicle_positions_03_033457.parquet,FAIL,30162,661,False,True,,0,,,0
vehicle_positions_03_033528.parquet,FAIL,30149,659,False,True,,0,,,0
vehicle_positions_03_033559.parquet,FAIL,30140,659,False,True,,0,,,0
vehicle_positions_03_033629.parquet,FAIL,30016,657,False,True,,0,,,0
vehicle_positions_03_033700.parquet,FAIL,29995,656,False,True,,0,,,0
vehicle_positions_03_033731.parquet,FAIL,29940,654,False,True,,0,,,0
vehicle_positions_03_033802.parquet,FAIL,29969,653,False,True,,0,,,0
vehicle_positions_03_033832.parquet,FAIL,29775,652,False,True,,0,,,0
vehicle_positions_03_033903.parquet,FAIL,29715,650,False,True,,0,,,0
vehicle_positions_03_033933.parquet,FAIL,29815,649,False,True,,0,,,0
vehicle_positions_03_034004.parquet,FAIL,29560,647,False,True,,0,,,0
vehicle_positions_03_034035.parquet,FAIL,29669,647,False,True,,0,,,0
vehicle_positions_03_034106.parquet,FAIL,29561,644,False,True,,0,,,0
vehicle_positions_03_034137.parquet,FAIL,29552,645,False,True,,0,,,0
vehicle_positions_03_034207.parquet,FAIL,29641,645,False,True,,0,,,0
vehicle_positions_03_034238.parquet,FAIL,29558,646,False,True,,0,,,0
vehicle_positions_03_034308.parquet,FAIL,29670,646,False,True,,0,,,0
vehicle_positions_03_034339.parquet,FAIL,29739,644,False,True,,0,,,0
vehicle_positions_03_034410.parquet,FAIL,29608,641,False,True,,0,,,0
vehicle_positions_03_034440.parquet,FAIL,29408,639,False,True,,0,,,0
vehicle_positions_03_034511.parquet,FAIL,29267,637,False,True,,0,,,0
vehicle_positions_03_034542.parquet,FAIL,29384,639,False,True,,0,,,0
vehicle_positions_03_034612.parquet,FAIL,29303,639,False,True,,0,,,0
vehicle_positions_03_034643.parquet,FAIL,29259,637,False,True,,0,,,0
vehicle_positions_03_034713.parquet,FAIL,29316,635,False,True,,0,,,0
vehicle_positions_03_034744.parquet,FAIL,29306,634,False,True,,0,,,0
vehicle_positions_03_034815.parquet,FAIL,29352,634,False,True,,0,,,0
vehicle_positions_03_034846.parquet,FAIL,29310,635,False,True,,0,,,0
vehicle_positions_03_034916.parquet,FAIL,29139,628,False,True,,0,,,0
vehicle_positions_03_034947.parquet,FAIL,28852,623,False,True,,0,,,0
vehicle_positions_03_035017.parquet,FAIL,28975,624,False,True,,0,,,0
vehicle_positions_03_035048.parquet,FAIL,28792,620,False,True,,0,,,0
vehicle_positions_03_035119.parquet,FAIL,28744,618,False,True,,0,,,0
vehicle_positions_03_035149.parquet,FAIL,28662,618,False,True,,0,,,0
vehicle_positions_03_035220.parquet,FAIL,28549,615,False,True,,0,,,0
vehicle_positions_03_035251.parquet,FAIL,28681,617,False,True,,0,,,0
vehicle_positions_03_035321.parquet,FAIL,28666,616,False,True,,0,,,0
vehicle_positions_03_035352.parquet,FAIL,28724,617,False,True,,0,,,0
vehicle_positions_03_035423.parquet,FAIL,28701,618,False,True,,0,,,0
vehicle_positions_03_035453.parquet,FAIL,28546,615,False,True,,0,,,0
vehicle_positions_03_035524.parquet,FAIL,28680,616,False,True,,0,,,0
vehicle_positions_03_035554.parquet,FAIL,28795,619,False,True,,0,,,0
vehicle_positions_03_035625.parquet,FAIL,28739,618,False,True,,0,,,0
vehicle_positions_03_035656.parquet,FAIL,28757,617,False,True,,0,,,0
vehicle_positions_03_035726.parquet,FAIL,28694,614,False,True,,0,,,0
vehicle_positions_03_035757.parquet,FAIL,28650,615,False,True,,0,,,0
vehicle_positions_03_035828.parquet,FAIL,28579,614,False,True,,0,,,0
vehicle_positions_03_035858.parquet,FAIL,28705,614,False,True,,0,,,0
vehicle_positions_03_035929.parquet,FAIL,28612,612,False,True,,0,,,0
vehicle_positions_04_040000.parquet,FAIL,28572,612,False,True,,0,,,0
vehicle_positions_04_040030.parquet,FAIL,28587,612,False,True,,0,,,0
vehicle_positions_04_040102.parquet,FAIL,28597,613,False,True,,0,,,0
vehicle_positions_04_040132.parquet,FAIL,28665,615,False,True,,0,,,0
vehicle_positions_04_040203.parquet,FAIL,28599,613,False,True,,0,,,0
vehicle_positions_04_040233.parquet,FAIL,28640,613,False,True,,0,,,0
vehicle_positions_04_040304.parquet,FAIL,28584,613,False,True,,0,,,0
vehicle_positions_04_040335.parquet,FAIL,28331,608,False,True,,0,,,0
vehicle_positions_04_040405.parquet,FAIL,28350,608,False,True,,0,,,0
vehicle_positions_04_040436.parquet,FAIL,28363,608,False,True,,0,,,0
vehicle_positions_04_040507.parquet,FAIL,28360,608,False,True,,0,,,0
vehicle_positions_04_040537.parquet,FAIL,28579,612,False,True,,0,,,0
vehicle_positions_04_040608.parquet,FAIL,28616,612,False,True,,0,,,0
vehicle_positions_04_040639.parquet,FAIL,28495,608,False,True,,0,,,0
vehicle_positions_04_040709.parquet,FAIL,28378,608,False,True,,0,,,0
vehicle_positions_04_040740.parquet,FAIL,28388,606,False,True,,0,,,0
vehicle_positions_04_040810.parquet,FAIL,28242,604,False,True,,0,,,0
vehicle_positions_04_040841.parquet,FAIL,28164,602,False,True,,0,,,0
vehicle_positions_04_040912.parquet,FAIL,28176,600,False,True,,0,,,0
vehicle_positions_04_040942.parquet,FAIL,28266,603,False,True,,0,,,0
vehicle_positions_04_041013.parquet,FAIL,28099,600,False,True,,0,,,0
vehicle_positions_04_041044.parquet,FAIL,28090,600,False,True,,0,,,0
vehicle_positions_04_041114.parquet,FAIL,27990,599,False,True,,0,,,0
vehicle_positions_04_041145.parquet,FAIL,27921,597,False,True,,0,,,0
vehicle_positions_04_041216.parquet,FAIL,27985,596,False,True,,0,,,0
vehicle_positions_04_041246.parquet,FAIL,28004,598,False,True,,0,,,0
vehicle_positions_04_041317.parquet,FAIL,27997,595,False,True,,0,,,0
vehicle_positions_04_041348.parquet,FAIL,27915,593,False,True,,0,,,0
vehicle_positions_04_041418.parquet,FAIL,27730,591,False,True,,0,,,0
vehicle_positions_04_041449.parquet,FAIL,27852,590,False,True,,0,,,0
vehicle_positions_04_041520.parquet,FAIL,27752,592,False,True,,0,,,0
vehicle_positions_04_041551.parquet,FAIL,27851,592,False,True,,0,,,0
vehicle_positions_04_041621.parquet,FAIL,27816,591,False,True,,0,,,0
vehicle_positions_04_041652.parquet,FAIL,27703,588,False,True,,0,,,0
vehicle_positions_04_041723.parquet,FAIL,27691,588,False,True,,0,,,0
vehicle_positions_04_041753.parquet,FAIL,27868,587,False,True,,0,,,0
vehicle_positions_04_041824.parquet,FAIL,27797,588,False,True,,0,,,0
vehicle_positions_04_041855.parquet,FAIL,27709,585,False,True,,0,,,0
vehicle_positions_04_041925.parquet,FAIL,27594,584,False,True,,0,,,0
vehicle_positions_04_041956.parquet,FAIL,27678,586,False,True,,0,,,0
vehicle_positions_04_042026.parquet,FAIL,27744,587,False,True,,0,,,0
vehicle_positions_04_042057.parquet,FAIL,27789,589,False,True,,0,,,0
vehicle_positions_04_042128.parquet,FAIL,27719,589,False,True,,0,,,0
vehicle_positions_04_042158.parquet,FAIL,27709,589,False,True,,0,,,0
vehicle_positions_04_042229.parquet,FAIL,27842,589,False,True,,0,,,0
vehicle_positions_04_042300.parquet,FAIL,27569,584,False,True,,0,,,0
vehicle_positions_04_042330.parquet,FAIL,27652,584,False,True,,0,,,0
vehicle_positions_04_042401.parquet,FAIL,27580,582,False,True,,0,,,0
vehicle_positions_04_042432.parquet,FAIL,27259,575,False,True,,0,,,0
vehicle_positions_04_042502.parquet,FAIL,27288,574,False,True,,0,,,0
vehicle_positions_04_042533.parquet,FAIL,27339,574,False,True,,0,,,0
vehicle_positions_04_042604.parquet,FAIL,27267,575,False,True,,0,,,0
vehicle_positions_04_042634.parquet,FAIL,27285,571,False,True,,0,,,0
vehicle_positions_04_042705.parquet,FAIL,27271,571,False,True,,0,,,0
vehicle_positions_04_042736.parquet,FAIL,27057,566,False,True,,0,,,0
vehicle_positions_04_042806.parquet,FAIL,26974,565,False,True,,0,,,0
vehicle_positions_04_042837.parquet,FAIL,27119,567,False,True,,0,,,0
vehicle_positions_04_042908.parquet,FAIL,26974,564,False,True,,0,,,0
vehicle_positions_04_042938.parquet,FAIL,27077,564,False,True,,0,,,0
vehicle_positions_04_043009.parquet,FAIL,27134,565,False,True,,0,,,0
vehicle_positions_04_043039.parquet,FAIL,27086,566,False,True,,0,,,0
vehicle_positions_04_043110.parquet,FAIL,27063,565,False,True,,0,,,0
vehicle_positions_04_043141.parquet,FAIL,27019,565,False,True,,0,,,0
vehicle_positions_04_043211.parquet,FAIL,27142,565,False,True,,0,,,0
vehicle_positions_04_043242.parquet,FAIL,26772,560,False,True,,0,,,0
vehicle_positions_04_043313.parquet,FAIL,26806,556,False,True,,0,,,0
vehicle_positions_04_043343.parquet,FAIL,26853,556,False,True,,0,,,0
vehicle_positions_04_043414.parquet,FAIL,26732,557,False,True,,0,,,0
vehicle_positions_04_043445.parquet,FAIL,26664,554,False,True,,0,,,0
vehicle_positions_04_043515.parquet,FAIL,26756,553,False,True,,0,,,0
vehicle_positions_04_043547.parquet,FAIL,26571,552,False,True,,0,,,0
vehicle_positions_04_043617.parquet,FAIL,26534,550,False,True,,0,,,0
vehicle_positions_04_043648.parquet,FAIL,26464,549,False,True,,0,,,0
vehicle_positions_04_043719.parquet,FAIL,26577,549,False,True,,0,,,0
vehicle_positions_04_043749.parquet,FAIL,26487,548,False,True,,0,,,0
vehicle_positions_04_043820.parquet,FAIL,26428,547,False,True,,0,,,0
vehicle_positions_04_043851.parquet,FAIL,26444,546,False,True,,0,,,0
vehicle_positions_04_043921.parquet,FAIL,26414,545,False,True,,0,,,0
vehicle_positions_04_043952.parquet,FAIL,26448,545,False,True,,0,,,0
vehicle_positions_04_044023.parquet,FAIL,26429,545,False,True,,0,,,0
vehicle_positions_04_044053.parquet,FAIL,26401,546,False,True,,0,,,0
vehicle_positions_04_044124.parquet,FAIL,26377,547,False,True,,0,,,0
vehicle_positions_04_044155.parquet,FAIL,26258,545,False,True,,0,,,0
vehicle_positions_04_044225.parquet,FAIL,26301,545,False,True,,0,,,0
vehicle_positions_04_044256.parquet,FAIL,26299,544,False,True,,0,,,0
vehicle_positions_04_044327.parquet,FAIL,26316,542,False,True,,0,,,0
vehicle_positions_04_044357.parquet,FAIL,26363,544,False,True,,0,,,0
vehicle_positions_04_044428.parquet,FAIL,26451,544,False,True,,0,,,0
vehicle_positions_04_044459.parquet,FAIL,26427,546,False,True,,0,,,0
vehicle_positions_04_044529.parquet,FAIL,26545,547,False,True,,0,,,0
vehicle_positions_04_044600.parquet,FAIL,26523,548,False,True,,0,,,0
vehicle_positions_04_044631.parquet,FAIL,26500,547,False,True,,0,,,0
vehicle_positions_04_044701.parquet,FAIL,26605,549,False,True,,0,,,0
vehicle_positions_04_044732.parquet,FAIL,26556,548,False,True,,0,,,0
vehicle_positions_04_044802.parquet,FAIL,26330,544,False,True,,0,,,0
vehicle_positions_04_044833.parquet,FAIL,26380,542,False,True,,0,,,0
vehicle_positions_04_044904.parquet,FAIL,26328,540,False,True,,0,,,0
vehicle_positions_04_044934.parquet,FAIL,26294,540,False,True,,0,,,0
vehicle_positions_04_045005.parquet,FAIL,26257,540,False,True,,0,,,0
vehicle_positions_04_045036.parquet,FAIL,26153,538,False,True,,0,,,0
vehicle_positions_04_045106.parquet,FAIL,26172,538,False,True,,0,,,0
vehicle_positions_04_045137.parquet,FAIL,26012,534,False,True,,0,,,0
vehicle_positions_04_045208.parquet,FAIL,25921,533,False,True,,0,,,0
vehicle_positions_04_045238.parquet,FAIL,25836,532,False,True,,0,,,0
vehicle_positions_04_045309.parquet,FAIL,25620,527,False,True,,0,,,0
vehicle_positions_04_045339.parquet,FAIL,25473,523,False,True,,0,,,0
vehicle_positions_04_045410.parquet,FAIL,25514,522,False,True,,0,,,0
vehicle_positions_04_045441.parquet,FAIL,25521,522,False,True,,0,,,0
vehicle_positions_04_045511.parquet,FAIL,25463,521,False,True,,0,,,0
vehicle_positions_04_045542.parquet,FAIL,25367,519,False,True,,0,,,0
vehicle_positions_04_045613.parquet,FAIL,25430,520,False,True,,0,,,0
vehicle_positions_04_045643.parquet,FAIL,25140,516,False,True,,0,,,0
vehicle_positions_04_045714.parquet,FAIL,25254,516,False,True,,0,,,0
vehicle_positions_04_045744.parquet,FAIL,25122,515,False,True,,0,,,0
vehicle_positions_04_045815.parquet,FAIL,25084,514,False,True,,0,,,0
vehicle_positions_04_045846.parquet,FAIL,24807,512,False,True,,0,,,0
vehicle_positions_04_045916.parquet,FAIL,24811,511,False,True,,0,,,0
vehicle_positions_04_045947.parquet,FAIL,24745,509,False,True,,0,,,0
vehicle_positions_05_050018.parquet,FAIL,24876,510,False,True,,0,,,0
vehicle_positions_05_050049.parquet,FAIL,24923,512,False,True,,0,,,0
vehicle_positions_05_050119.parquet,FAIL,24882,511,False,True,,0,,,0
vehicle_positions_05_050150.parquet,FAIL,24972,511,False,True,,0,,,0
vehicle_positions_05_050221.parquet,FAIL,24862,509,False,True,,0,,,0
vehicle_positions_05_050251.parquet,FAIL,24643,504,False,True,,0,,,0
vehicle_positions_05_050322.parquet,FAIL,24706,505,False,True,,0,,,0
vehicle_positions_05_050353.parquet,FAIL,24548,503,False,True,,0,,,0
vehicle_positions_05_050423.parquet,FAIL,24602,502,False,True,,0,,,0
vehicle_positions_05_050454.parquet,FAIL,24580,503,False,True,,0,,,0
vehicle_positions_05_050525.parquet,FAIL,24538,504,False,True,,0,,,0
vehicle_positions_05_050556.parquet,FAIL,24657,504,False,True,,0,,,0
vehicle_positions_05_050627.parquet,FAIL,24628,504,False,True,,0,,,0
vehicle_positions_05_050657.parquet,FAIL,24751,507,False,True,,0,,,0
vehicle_positions_05_050728.parquet,FAIL,24748,506,False,True,,0,,,0
vehicle_positions_05_050758.parquet,FAIL,24665,503,False,True,,0,,,0
vehicle_positions_05_050829.parquet,FAIL,24597,499,False,True,,0,,,0
vehicle_positions_05_050900.parquet,FAIL,24499,500,False,True,,0,,,0
vehicle_positions_05_050930.parquet,FAIL,24443,499,False,True,,0,,,0
vehicle_positions_05_051001.parquet,FAIL,24433,499,False,True,,0,,,0
vehicle_positions_05_051032.parquet,FAIL,24281,495,False,True,,0,,,0
vehicle_positions_05_051102.parquet,FAIL,24398,494,False,True,,0,,,0
vehicle_positions_05_051133.parquet,FAIL,24352,494,False,True,,0,,,0
vehicle_positions_05_051204.parquet,FAIL,24277,493,False,True,,0,,,0
vehicle_positions_05_051234.parquet,FAIL,24241,492,False,True,,0,,,0
vehicle_positions_05_051305.parquet,FAIL,24273,494,False,True,,0,,,0
vehicle_positions_05_051338.parquet,FAIL,24252,492,False,True,,0,,,0
vehicle_positions_05_051408.parquet,FAIL,24198,491,False,True,,0,,,0
vehicle_positions_05_051439.parquet,FAIL,24322,492,False,True,,0,,,0
vehicle_positions_05_051509.parquet,FAIL,24296,490,False,True,,0,,,0
vehicle_positions_05_051540.parquet,FAIL,24181,491,False,True,,0,,,0
vehicle_positions_05_051610.parquet,FAIL,24242,491,False,True,,0,,,0
vehicle_positions_05_051641.parquet,FAIL,24010,485,False,True,,0,,,0
vehicle_positions_05_051712.parquet,FAIL,23950,484,False,True,,0,,,0
vehicle_positions_05_051742.parquet,FAIL,23985,483,False,True,,0,,,0
vehicle_positions_05_051813.parquet,FAIL,24074,483,False,True,,0,,,0
vehicle_positions_05_051843.parquet,FAIL,23955,483,False,True,,0,,,0
vehicle_positions_05_051914.parquet,FAIL,23823,480,False,True,,0,,,0
vehicle_positions_05_051944.parquet,FAIL,23774,478,False,True,,0,,,0
vehicle_positions_05_052015.parquet,FAIL,23774,478,False,True,,0,,,0
vehicle_positions_05_052046.parquet,FAIL,23634,475,False,True,,0,,,0
vehicle_positions_05_052117.parquet,FAIL,23645,476,False,True,,0,,,0
vehicle_positions_05_052147.parquet,FAIL,23611,473,False,True,,0,,,0
vehicle_positions_05_052218.parquet,FAIL,23599,472,False,True,,0,,,0
vehicle_positions_05_052248.parquet,FAIL,23594,473,False,True,,0,,,0
vehicle_positions_05_052319.parquet,FAIL,23443,471,False,True,,0,,,0
vehicle_positions_05_052350.parquet,FAIL,23467,471,False,True,,0,,,0
vehicle_positions_05_052420.parquet,FAIL,23475,470,False,True,,0,,,0
vehicle_positions_05_052451.parquet,FAIL,23391,468,False,True,,0,,,0
vehicle_positions_05_052521.parquet,FAIL,23496,469,False,True,,0,,,0
vehicle_positions_05_052552.parquet,FAIL,23426,466,False,True,,0,,,0
vehicle_positions_05_052622.parquet,FAIL,23416,465,False,True,,0,,,0
vehicle_positions_05_052653.parquet,FAIL,23431,465,False,True,,0,,,0
vehicle_positions_05_052724.parquet,FAIL,23514,466,False,True,,0,,,0
vehicle_positions_05_052754.parquet,FAIL,23512,467,False,True,,0,,,0
vehicle_positions_05_052825.parquet,FAIL,23504,468,False,True,,0,,,0
vehicle_positions_05_052855.parquet,FAIL,23472,466,False,True,,0,,,0
vehicle_positions_05_052926.parquet,FAIL,23403,465,False,True,,0,,,0
vehicle_positions_05_052956.parquet,FAIL,23501,466,False,True,,0,,,0
vehicle_positions_05_053027.parquet,FAIL,23463,467,False,True,,0,,,0
vehicle_positions_05_053058.parquet,FAIL,23480,468,False,True,,0,,,0
vehicle_positions_05_053128.parquet,FAIL,23477,466,False,True,,0,,,0
vehicle_positions_05_053159.parquet,FAIL,23431,466,False,True,,0,,,0
vehicle_positions_05_053229.parquet,FAIL,23447,465,False,True,,0,,,0
vehicle_positions_05_053300.parquet,FAIL,23337,463,False,True,,0,,,0
vehicle_positions_05_053331.parquet,FAIL,23168,458,False,True,,0,,,0
vehicle_positions_05_053401.parquet,FAIL,23045,455,False,True,,0,,,0
vehicle_positions_05_053432.parquet,FAIL,23054,455,False,True,,0,,,0
vehicle_positions_05_053503.parquet,FAIL,22967,453,False,True,,0,,,0
vehicle_positions_05_053534.parquet,FAIL,22899,451,False,True,,0,,,0
vehicle_positions_05_053604.parquet,FAIL,22937,452,False,True,,0,,,0
vehicle_positions_05_053635.parquet,FAIL,22838,450,False,True,,0,,,0
vehicle_positions_05_053706.parquet,FAIL,22973,450,False,True,,0,,,0
vehicle_positions_05_053736.parquet,FAIL,22838,448,False,True,,0,,,0
vehicle_positions_05_053807.parquet,FAIL,22661,444,False,True,,0,,,0
vehicle_positions_05_053837.parquet,FAIL,22726,444,False,True,,0,,,0
vehicle_positions_05_053908.parquet,FAIL,22566,440,False,True,,0,,,0
vehicle_positions_05_053938.parquet,FAIL,22453,437,False,True,,0,,,0
vehicle_positions_05_054009.parquet,FAIL,22304,434,False,True,,0,,,0
vehicle_positions_05_054040.parquet,FAIL,22293,434,False,True,,0,,,0
vehicle_positions_05_054110.parquet,FAIL,22346,435,False,True,,0,,,0
vehicle_positions_05_054141.parquet,FAIL,22230,433,False,True,,0,,,0
vehicle_positions_05_054212.parquet,FAIL,22287,435,False,True,,0,,,0
vehicle_positions_05_054242.parquet,FAIL,22363,435,False,True,,0,,,0
vehicle_positions_05_054313.parquet,FAIL,22353,435,False,True,,0,,,0
vehicle_positions_05_054343.parquet,FAIL,22268,435,False,True,,0,,,0
vehicle_positions_05_054414.parquet,FAIL,22308,435,False,True,,0,,,0
vehicle_positions_05_054444.parquet,FAIL,22301,435,False,True,,0,,,0
vehicle_positions_05_054515.parquet,FAIL,22221,432,False,True,,0,,,0
vehicle_positions_05_054546.parquet,FAIL,22304,433,False,True,,0,,,0
vehicle_positions_05_054616.parquet,FAIL,22248,432,False,True,,0,,,0
vehicle_positions_05_054647.parquet,FAIL,22186,430,False,True,,0,,,0
vehicle_positions_05_054717.parquet,FAIL,22070,427,False,True,,0,,,0
vehicle_positions_05_054748.parquet,FAIL,22198,428,False,True,,0,,,0
vehicle_positions_05_054819.parquet,FAIL,22041,425,False,True,,0,,,0
vehicle_positions_05_054849.parquet,FAIL,21953,424,False,True,,0,,,0
vehicle_positions_05_054920.parquet,FAIL,21864,421,False,True,,0,,,0
vehicle_positions_05_054950.parquet,FAIL,21680,421,False,True,,0,,,0
vehicle_positions_05_055021.parquet,FAIL,21754,420,False,True,,0,,,0
vehicle_positions_05_055051.parquet,FAIL,21708,419,False,True,,0,,,0
vehicle_positions_05_055122.parquet,FAIL,21502,414,False,True,,0,,,0
vehicle_positions_05_055153.parquet,FAIL,21531,414,False,True,,0,,,0
vehicle_positions_05_055223.parquet,FAIL,21525,414,False,True,,0,,,0
vehicle_positions_05_055254.parquet,FAIL,21545,413,False,True,,0,,,0
vehicle_positions_05_055324.parquet,FAIL,21417,411,False,True,,0,,,0
vehicle_positions_05_055355.parquet,FAIL,21465,410,False,True,,0,,,0
vehicle_positions_05_055425.parquet,FAIL,21457,410,False,True,,0,,,0
vehicle_positions_05_055456.parquet,FAIL,21298,407,False,True,,0,,,0
vehicle_positions_05_055526.parquet,FAIL,21252,405,False,True,,0,,,0
vehicle_positions_05_055557.parquet,FAIL,21359,406,False,True,,0,,,0
vehicle_positions_05_055628.parquet,FAIL,21343,407,False,True,,0,,,0
vehicle_positions_05_055658.parquet,FAIL,21346,406,False,True,,0,,,0
vehicle_positions_05_055729.parquet,FAIL,21311,406,False,True,,0,,,0
vehicle_positions_05_055759.parquet,FAIL,21349,408,False,True,,0,,,0
vehicle_positions_05_055830.parquet,FAIL,21464,410,False,True,,0,,,0
vehicle_positions_05_055900.parquet,FAIL,21520,412,False,True,,0,,,0
vehicle_positions_05_055931.parquet,FAIL,21640,415,False,True,,0,,,0
vehicle_positions_06_060001.parquet,FAIL,21607,413,False,True,,0,,,0
vehicle_positions_06_060032.parquet,FAIL,21583,416,False,True,,0,,,0
vehicle_positions_06_060103.parquet,FAIL,21688,418,False,True,,0,,,0
vehicle_positions_06_060134.parquet,FAIL,21579,415,False,True,,0,,,0
vehicle_positions_06_060205.parquet,FAIL,21452,414,False,True,,0,,,0
vehicle_positions_06_060236.parquet,FAIL,21644,416,False,True,,0,,,0
vehicle_positions_06_060306.parquet,FAIL,21665,414,False,True,,0,,,0
vehicle_positions_06_060337.parquet,FAIL,21632,415,False,True,,0,,,0
vehicle_positions_06_060407.parquet,FAIL,21555,412,False,True,,0,,,0
vehicle_positions_06_060438.parquet,FAIL,21525,413,False,True,,0,,,0
vehicle_positions_06_060509.parquet,FAIL,21555,413,False,True,,0,,,0
vehicle_positions_06_060539.parquet,FAIL,21697,415,False,True,,0,,,0
vehicle_positions_06_060610.parquet,FAIL,21719,414,False,True,,0,,,0
vehicle_positions_06_060641.parquet,FAIL,21699,412,False,True,,0,,,0
vehicle_positions_06_060711.parquet,FAIL,21655,412,False,True,,0,,,0
vehicle_positions_06_060742.parquet,FAIL,21494,409,False,True,,0,,,0
vehicle_positions_06_060812.parquet,FAIL,21408,408,False,True,,0,,,0
vehicle_positions_06_060843.parquet,FAIL,21422,408,False,True,,0,,,0
vehicle_positions_06_060914.parquet,FAIL,21404,405,False,True,,0,,,0
vehicle_positions_06_060944.parquet,FAIL,21301,404,False,True,,0,,,0
vehicle_positions_06_061015.parquet,FAIL,21217,399,False,True,,0,,,0
vehicle_positions_06_061045.parquet,FAIL,21238,399,False,True,,0,,,0
vehicle_positions_06_061116.parquet,FAIL,21136,397,False,True,,0,,,0
vehicle_positions_06_061146.parquet,FAIL,21089,395,False,True,,0,,,0
vehicle_positions_06_061217.parquet,FAIL,21033,393,False,True,,0,,,0
vehicle_positions_06_061247.parquet,FAIL,20889,391,False,True,,0,,,0
vehicle_positions_06_061318.parquet,FAIL,20935,389,False,True,,0,,,0
vehicle_positions_06_061349.parquet,FAIL,20977,392,False,True,,0,,,0
vehicle_positions_06_061419.parquet,FAIL,20883,392,False,True,,0,,,0
vehicle_positions_06_061450.parquet,FAIL,20864,391,False,True,,0,,,0
vehicle_positions_06_061520.parquet,FAIL,21074,394,False,True,,0,,,0
vehicle_positions_06_061551.parquet,FAIL,21032,394,False,True,,0,,,0
vehicle_positions_06_061621.parquet,FAIL,21059,395,False,True,,0,,,0
vehicle_positions_06_061652.parquet,FAIL,21042,395,False,True,,0,,,0
vehicle_positions_06_061723.parquet,FAIL,20903,391,False,True,,0,,,0
vehicle_positions_06_061753.parquet,FAIL,20857,390,False,True,,0,,,0
vehicle_positions_06_061824.parquet,FAIL,20793,389,False,True,,0,,,0
vehicle_positions_06_061854.parquet,FAIL,20772,388,False,True,,0,,,0
vehicle_positions_06_061925.parquet,FAIL,20765,389,False,True,,0,,,0
vehicle_positions_06_061956.parquet,FAIL,20817,389,False,True,,0,,,0
vehicle_positions_06_062026.parquet,FAIL,20819,388,False,True,,0,,,0
vehicle_positions_06_062057.parquet,FAIL,20752,388,False,True,,0,,,0
vehicle_positions_06_062127.parquet,FAIL,20672,387,False,True,,0,,,0
vehicle_positions_06_062158.parquet,FAIL,20666,384,False,True,,0,,,0
vehicle_positions_06_062228.parquet,FAIL,20654,385,False,True,,0,,,0
vehicle_positions_06_062259.parquet,FAIL,20546,384,False,True,,0,,,0
vehicle_positions_06_062330.parquet,FAIL,20498,383,False,True,,0,,,0
vehicle_positions_06_062400.parquet,FAIL,20555,384,False,True,,0,,,0
vehicle_positions_06_062431.parquet,FAIL,20518,382,False,True,,0,,,0
vehicle_positions_06_062501.parquet,FAIL,20550,381,False,True,,0,,,0
vehicle_positions_06_062532.parquet,FAIL,20584,383,False,True,,0,,,0
vehicle_positions_06_062602.parquet,FAIL,20667,383,False,True,,0,,,0
vehicle_positions_06_062633.parquet,FAIL,20635,383,False,True,,0,,,0
vehicle_positions_06_062703.parquet,FAIL,20597,382,False,True,,0,,,0
vehicle_positions_06_062734.parquet,FAIL,20509,382,False,True,,0,,,0
vehicle_positions_06_062805.parquet,FAIL,20494,382,False,True,,0,,,0
vehicle_positions_06_062835.parquet,FAIL,20486,381,False,True,,0,,,0
vehicle_positions_06_062906.parquet,FAIL,20568,382,False,True,,0,,,0
vehicle_positions_06_062936.parquet,FAIL,20448,382,False,True,,0,,,0
vehicle_positions_06_063007.parquet,FAIL,20516,381,False,True,,0,,,0
vehicle_positions_06_063037.parquet,FAIL,20523,383,False,True,,0,,,0
vehicle_positions_06_063108.parquet,FAIL,20547,382,False,True,,0,,,0
vehicle_positions_06_063139.parquet,FAIL,20549,380,False,True,,0,,,0
vehicle_positions_06_063210.parquet,FAIL,20500,378,False,True,,0,,,0
vehicle_positions_06_063240.parquet,FAIL,20393,376,False,True,,0,,,0
vehicle_positions_06_063311.parquet,FAIL,20405,373,False,True,,0,,,0
vehicle_positions_06_063342.parquet,FAIL,20307,372,False,True,,0,,,0
vehicle_positions_06_063412.parquet,FAIL,20103,368,False,True,,0,,,0
vehicle_positions_06_063443.parquet,FAIL,20102,368,False,True,,0,,,0
vehicle_positions_06_063513.parquet,FAIL,20054,368,False,True,,0,,,0
vehicle_positions_06_063544.parquet,FAIL,20123,369,False,True,,0,,,0
vehicle_positions_06_063614.parquet,FAIL,20116,369,False,True,,0,,,0
vehicle_positions_06_063645.parquet,FAIL,20129,369,False,True,,0,,,0
vehicle_positions_06_063715.parquet,FAIL,20009,367,False,True,,0,,,0
vehicle_positions_06_063746.parquet,FAIL,19878,363,False,True,,0,,,0
vehicle_positions_06_063817.parquet,FAIL,19909,361,False,True,,0,,,0
vehicle_positions_06_063847.parquet,FAIL,19773,359,False,True,,0,,,0
vehicle_positions_06_063918.parquet,FAIL,19738,361,False,True,,0,,,0
vehicle_positions_06_063948.parquet,FAIL,19625,357,False,True,,0,,,0
vehicle_positions_06_064019.parquet,FAIL,19708,357,False,True,,0,,,0
vehicle_positions_06_064049.parquet,FAIL,19603,355,False,True,,0,,,0
vehicle_positions_06_064120.parquet,FAIL,19556,353,False,True,,0,,,0
vehicle_positions_06_064150.parquet,FAIL,19622,354,False,True,,0,,,0
vehicle_positions_06_064221.parquet,FAIL,19494,352,False,True,,0,,,0
vehicle_positions_06_064252.parquet,FAIL,19590,353,False,True,,0,,,0
vehicle_positions_06_064322.parquet,FAIL,19637,353,False,True,,0,,,0
vehicle_positions_06_064353.parquet,FAIL,19601,354,False,True,,0,,,0
vehicle_positions_06_064423.parquet,FAIL,19693,355,False,True,,0,,,0
vehicle_positions_06_064454.parquet,FAIL,19748,356,False,True,,0,,,0
vehicle_positions_06_064524.parquet,FAIL,19701,355,False,True,,0,,,0
vehicle_positions_06_064555.parquet,FAIL,19563,352,False,True,,0,,,0
vehicle_positions_06_064626.parquet,FAIL,19492,351,False,True,,0,,,0
vehicle_positions_06_064656.parquet,FAIL,19545,351,False,True,,0,,,0
vehicle_positions_06_064727.parquet,FAIL,19563,351,False,True,,0,,,0
vehicle_positions_06_064757.parquet,FAIL,19442,349,False,True,,0,,,0
vehicle_positions_06_064828.parquet,FAIL,19267,345,False,True,,0,,,0
vehicle_positions_06_064858.parquet,FAIL,19228,344,False,True,,0,,,0
vehicle_positions_06_064929.parquet,FAIL,19233,344,False,True,,0,,,0
vehicle_positions_06_065000.parquet,FAIL,19142,343,False,True,,0,,,0
vehicle_positions_06_065030.parquet,FAIL,19184,343,False,True,,0,,,0
vehicle_positions_06_065101.parquet,FAIL,19127,341,False,True,,0,,,0
vehicle_positions_06_065131.parquet,FAIL,19082,340,False,True,,0,,,0
vehicle_positions_06_065202.parquet,FAIL,19119,339,False,True,,0,,,0
vehicle_positions_06_065233.parquet,FAIL,19155,343,False,True,,0,,,0
vehicle_positions_06_065303.parquet,FAIL,19161,342,False,True,,0,,,0
vehicle_positions_06_065334.parquet,FAIL,19211,343,False,True,,0,,,0
vehicle_positions_06_065404.parquet,FAIL,19184,341,False,True,,0,,,0
vehicle_positions_06_065435.parquet,FAIL,19207,343,False,True,,0,,,0
vehicle_positions_06_065505.parquet,FAIL,19201,342,False,True,,0,,,0
vehicle_positions_06_065536.parquet,FAIL,19149,341,False,True,,0,,,0
vehicle_positions_06_065606.parquet,FAIL,18995,339,False,True,,0,,,0
vehicle_positions_06_065637.parquet,FAIL,19059,341,False,True,,0,,,0
vehicle_positions_06_065708.parquet,FAIL,19193,342,False,True,,0,,,0
vehicle_positions_06_065738.parquet,FAIL,19161,342,False,True,,0,,,0
vehicle_positions_06_065809.parquet,FAIL,19089,340,False,True,,0,,,0
vehicle_positions_06_065839.parquet,FAIL,19004,337,False,True,,0,,,0
vehicle_positions_06_065910.parquet,FAIL,19087,337,False,True,,0,,,0
vehicle_positions_06_065940.parquet,FAIL,19054,337,False,True,,0,,,0
vehicle_positions_07_070011.parquet,FAIL,18990,335,False,True,,0,,,0
vehicle_positions_07_070042.parquet,FAIL,18919,333,False,True,,0,,,0
vehicle_positions_07_070112.parquet,FAIL,18900,334,False,True,,0,,,0
vehicle_positions_07_070143.parquet,FAIL,18874,332,False,True,,0,,,0
vehicle_positions_07_070213.parquet,FAIL,18841,331,False,True,,0,,,0
vehicle_positions_07_070244.parquet,FAIL,18847,330,False,True,,0,,,0
vehicle_positions_07_070315.parquet,FAIL,18842,330,False,True,,0,,,0
vehicle_positions_07_070345.parquet,FAIL,18705,328,False,True,,0,,,0
vehicle_positions_07_070416.parquet,FAIL,18723,327,False,True,,0,,,0
vehicle_positions_07_070446.parquet,FAIL,18599,326,False,True,,0,,,0
vehicle_positions_07_070517.parquet,FAIL,18672,327,False,True,,0,,,0
vehicle_positions_07_070547.parquet,FAIL,18706,327,False,True,,0,,,0
vehicle_positions_07_070618.parquet,FAIL,18614,324,False,True,,0,,,0
vehicle_positions_07_070649.parquet,FAIL,18526,322,False,True,,0,,,0
vehicle_positions_07_070719.parquet,FAIL,18511,322,False,True,,0,,,0
vehicle_positions_07_070750.parquet,FAIL,18592,321,False,True,,0,,,0
vehicle_positions_07_070821.parquet,FAIL,18573,321,False,True,,0,,,0
vehicle_positions_07_070851.parquet,FAIL,18435,317,False,True,,0,,,0
vehicle_positions_07_070922.parquet,FAIL,18398,317,False,True,,0,,,0
vehicle_positions_07_070953.parquet,FAIL,18337,315,False,True,,0,,,0
vehicle_positions_07_071024.parquet,FAIL,18393,316,False,True,,0,,,0
vehicle_positions_07_071054.parquet,FAIL,18393,316,False,True,,0,,,0
vehicle_positions_07_071125.parquet,FAIL,18255,315,False,True,,0,,,0
vehicle_positions_07_071155.parquet,FAIL,18303,315,False,True,,0,,,0
vehicle_positions_07_071226.parquet,FAIL,18421,316,False,True,,0,,,0
vehicle_positions_07_071256.parquet,FAIL,18324,314,False,True,,0,,,0
vehicle_positions_07_071327.parquet,FAIL,18168,312,False,True,,0,,,0
vehicle_positions_07_071357.parquet,FAIL,18308,313,False,True,,0,,,0
vehicle_positions_07_071428.parquet,FAIL,18135,309,False,True,,0,,,0
vehicle_positions_07_071458.parquet,FAIL,18261,310,False,True,,0,,,0
vehicle_positions_07_071529.parquet,FAIL,18159,309,False,True,,0,,,0
vehicle_positions_07_071600.parquet,FAIL,18176,309,False,True,,0,,,0
vehicle_positions_07_071630.parquet,FAIL,18053,305,False,True,,0,,,0
vehicle_positions_07_071701.parquet,FAIL,17906,304,False,True,,0,,,0
vehicle_positions_07_071731.parquet,FAIL,17851,301,False,True,,0,,,0
vehicle_positions_07_071802.parquet,FAIL,17899,300,False,True,,0,,,0
vehicle_positions_07_071832.parquet,FAIL,17657,295,False,True,,0,,,0
vehicle_positions_07_071903.parquet,FAIL,17609,295,False,True,,0,,,0
vehicle_positions_07_071933.parquet,FAIL,17550,295,False,True,,0,,,0
vehicle_positions_07_072004.parquet,FAIL,17797,297,False,True,,0,,,0
vehicle_positions_07_072035.parquet,FAIL,17676,296,False,True,,0,,,0
vehicle_positions_07_072105.parquet,FAIL,17611,294,False,True,,0,,,0
vehicle_positions_07_072136.parquet,FAIL,17648,294,False,True,,0,,,0
vehicle_positions_07_072206.parquet,FAIL,17688,293,False,True,,0,,,0
vehicle_positions_07_072237.parquet,FAIL,17585,293,False,True,,0,,,0
vehicle_positions_07_072308.parquet,FAIL,17522,292,False,True,,0,,,0
vehicle_positions_07_072338.parquet,FAIL,17533,290,False,True,,0,,,0
vehicle_positions_07_072409.parquet,FAIL,17515,289,False,True,,0,,,0
vehicle_positions_07_072439.parquet,FAIL,17315,284,False,True,,0,,,0
vehicle_positions_07_072510.parquet,FAIL,17336,285,False,True,,0,,,0
vehicle_positions_07_072540.parquet,FAIL,17341,286,False,True,,0,,,0
vehicle_positions_07_072611.parquet,FAIL,17314,284,False,True,,0,,,0
vehicle_positions_07_072642.parquet,FAIL,17235,283,False,True,,0,,,0
vehicle_positions_07_072712.parquet,FAIL,17244,282,False,True,,0,,,0
vehicle_positions_07_072743.parquet,FAIL,17310,282,False,True,,0,,,0
vehicle_positions_07_072813.parquet,FAIL,17195,281,False,True,,0,,,0
vehicle_positions_07_072844.parquet,FAIL,17045,279,False,True,,0,,,0
vehicle_positions_07_072914.parquet,FAIL,17099,280,False,True,,0,,,0
vehicle_positions_07_072945.parquet,FAIL,17046,278,False,True,,0,,,0
vehicle_positions_07_073015.parquet,FAIL,17047,278,False,True,,0,,,0
vehicle_positions_07_073046.parquet,FAIL,17026,278,False,True,,0,,,0
vehicle_positions_07_073117.parquet,FAIL,16955,274,False,True,,0,,,0
vehicle_positions_07_073147.parquet,FAIL,16817,271,False,True,,0,,,0
vehicle_positions_07_073218.parquet,FAIL,16796,271,False,True,,0,,,0
vehicle_positions_07_073248.parquet,FAIL,16751,269,False,True,,0,,,0
vehicle_positions_07_073319.parquet,FAIL,16763,269,False,True,,0,,,0
vehicle_positions_07_073349.parquet,FAIL,16660,267,False,True,,0,,,0
vehicle_positions_07_073420.parquet,FAIL,16472,264,False,True,,0,,,0
vehicle_positions_07_073451.parquet,FAIL,16540,264,False,True,,0,,,0
vehicle_positions_07_073521.parquet,FAIL,16529,264,False,True,,0,,,0
vehicle_positions_07_073552.parquet,FAIL,16624,265,False,True,,0,,,0
vehicle_positions_07_073622.parquet,FAIL,16504,263,False,True,,0,,,0
vehicle_positions_07_073653.parquet,FAIL,16497,263,False,True,,0,,,0
vehicle_positions_07_073724.parquet,FAIL,16456,263,False,True,,0,,,0
vehicle_positions_07_073754.parquet,FAIL,16222,257,False,True,,0,,,0
vehicle_positions_07_073825.parquet,FAIL,16053,256,False,True,,0,,,0
vehicle_positions_07_073855.parquet,FAIL,15985,254,False,True,,0,,,0
vehicle_positions_07_073926.parquet,FAIL,15912,252,False,True,,0,,,0
vehicle_positions_07_073956.parquet,FAIL,15901,251,False,True,,0,,,0
vehicle_positions_07_074027.parquet,FAIL,15839,250,False,True,,0,,,0
vehicle_positions_07_074057.parquet,FAIL,15899,251,False,True,,0,,,0
vehicle_positions_07_074128.parquet,FAIL,15965,250,False,True,,0,,,0
vehicle_positions_07_074159.parquet,FAIL,15928,249,False,True,,0,,,0
vehicle_positions_07_074229.parquet,FAIL,15823,248,False,True,,0,,,0
vehicle_positions_07_074300.parquet,FAIL,15895,249,False,True,,0,,,0
vehicle_positions_07_074330.parquet,FAIL,15952,251,False,True,,0,,,0
vehicle_positions_07_074401.parquet,FAIL,15871,249,False,True,,0,,,0
vehicle_positions_07_074431.parquet,FAIL,15849,249,False,True,,0,,,0
vehicle_positions_07_074502.parquet,FAIL,15746,248,False,True,,0,,,0
vehicle_positions_07_074532.parquet,FAIL,15722,247,False,True,,0,,,0
vehicle_positions_07_074603.parquet,FAIL,15708,246,False,True,,0,,,0
vehicle_positions_07_074634.parquet,FAIL,15746,247,False,True,,0,,,0
vehicle_positions_07_074704.parquet,FAIL,15659,245,False,True,,0,,,0
vehicle_positions_07_074735.parquet,FAIL,15698,244,False,True,,0,,,0
vehicle_positions_07_074805.parquet,FAIL,15721,244,False,True,,0,,,0
vehicle_positions_07_074836.parquet,FAIL,15579,241,False,True,,0,,,0
vehicle_positions_07_074906.parquet,FAIL,15559,239,False,True,,0,,,0
vehicle_positions_07_074937.parquet,FAIL,15473,237,False,True,,0,,,0
vehicle_positions_07_075007.parquet,FAIL,15327,234,False,True,,0,,,0
vehicle_positions_07_075038.parquet,FAIL,15378,233,False,True,,0,,,0
vehicle_positions_07_075109.parquet,FAIL,15412,233,False,True,,0,,,0
vehicle_positions_07_075139.parquet,FAIL,15313,232,False,True,,0,,,0
vehicle_positions_07_075210.parquet,FAIL,15163,230,False,True,,0,,,0
vehicle_positions_07_075240.parquet,FAIL,15154,229,False,True,,0,,,0
vehicle_positions_07_075311.parquet,FAIL,15127,229,False,True,,0,,,0
vehicle_positions_07_075342.parquet,FAIL,15157,228,False,True,,0,,,0
vehicle_positions_07_075412.parquet,FAIL,15162,228,False,True,,0,,,0
vehicle_positions_07_075443.parquet,FAIL,15060,225,False,True,,0,,,0
vehicle_positions_07_075514.parquet,FAIL,14883,224,False,True,,0,,,0
vehicle_positions_07_075544.parquet,FAIL,15038,225,False,True,,0,,,0
vehicle_positions_07_075615.parquet,FAIL,14896,223,False,True,,0,,,0
vehicle_positions_07_075645.parquet,FAIL,14891,222,False,True,,0,,,0
vehicle_positions_07_075716.parquet,FAIL,14844,220,False,True,,0,,,0
vehicle_positions_07_075746.parquet,FAIL,14769,218,False,True,,0,,,0
vehicle_positions_07_075817.parquet,FAIL,14833,219,False,True,,0,,,0
vehicle_positions_07_075848.parquet,FAIL,14899,220,False,True,,0,,,0
vehicle_positions_07_075918.parquet,FAIL,14838,219,False,True,,0,,,0
vehicle_positions_07_075949.parquet,FAIL,14781,219,False,True,,0,,,0
vehicle_positions_08_080019.parquet,FAIL,14643,216,False,True,,0,,,0
vehicle_positions_08_080050.parquet,FAIL,14686,215,False,True,,0,,,0
vehicle_positions_08_080120.parquet,FAIL,14622,214,False,True,,0,,,0
vehicle_positions_08_080151.parquet,FAIL,14634,214,False,True,,0,,,0
vehicle_positions_08_080221.parquet,FAIL,14620,214,False,True,,0,,,0
vehicle_positions_08_080252.parquet,FAIL,14633,214,False,True,,0,,,0
vehicle_positions_08_080323.parquet,FAIL,14585,213,False,True,,0,,,0
vehicle_positions_08_080353.parquet,FAIL,14617,213,False,True,,0,,,0
vehicle_positions_08_080424.parquet,FAIL,14626,211,False,True,,0,,,0
vehicle_positions_08_080454.parquet,FAIL,14527,209,False,True,,0,,,0
vehicle_positions_08_080525.parquet,FAIL,14490,209,False,True,,0,,,0
vehicle_positions_08_080555.parquet,FAIL,14596,210,False,True,,0,,,0
vehicle_positions_08_080626.parquet,FAIL,14422,206,False,True,,0,,,0
vehicle_positions_08_080656.parquet,FAIL,14419,206,False,True,,0,,,0
vehicle_positions_08_080727.parquet,FAIL,14327,205,False,True,,0,,,0
vehicle_positions_08_080758.parquet,FAIL,14396,206,False,True,,0,,,0
vehicle_positions_08_080828.parquet,FAIL,14361,204,False,True,,0,,,0
vehicle_positions_08_080859.parquet,FAIL,14356,204,False,True,,0,,,0
vehicle_positions_08_080929.parquet,FAIL,14322,203,False,True,,0,,,0
vehicle_positions_08_081000.parquet,FAIL,14279,202,False,True,,0,,,0
vehicle_positions_08_081030.parquet,FAIL,14318,202,False,True,,0,,,0
vehicle_positions_08_081101.parquet,FAIL,14273,202,False,True,,0,,,0
vehicle_positions_08_081131.parquet,FAIL,14146,200,False,True,,0,,,0
vehicle_positions_08_081202.parquet,FAIL,14003,197,False,True,,0,,,0
vehicle_positions_08_081232.parquet,FAIL,13985,195,False,True,,0,,,0
vehicle_positions_08_081303.parquet,FAIL,13942,193,False,True,,0,,,0
vehicle_positions_08_081334.parquet,FAIL,13934,193,False,True,,0,,,0
vehicle_positions_08_081404.parquet,FAIL,13867,193,False,True,,0,,,0
vehicle_positions_08_081435.parquet,FAIL,13838,192,False,True,,0,,,0
vehicle_positions_08_081505.parquet,FAIL,13745,189,False,True,,0,,,0
vehicle_positions_08_081536.parquet,FAIL,13663,189,False,True,,0,,,0
vehicle_positions_08_081607.parquet,FAIL,13686,187,False,True,,0,,,0
vehicle_positions_08_081637.parquet,FAIL,13550,185,False,True,,0,,,0
vehicle_positions_08_081708.parquet,FAIL,13588,186,False,True,,0,,,0
vehicle_positions_08_081738.parquet,FAIL,13636,185,False,True,,0,,,0
vehicle_positions_08_081809.parquet,FAIL,13514,184,False,True,,0,,,0
vehicle_positions_08_081839.parquet,FAIL,13548,184,False,True,,0,,,0
vehicle_positions_08_081910.parquet,FAIL,13531,183,False,True,,0,,,0
vehicle_positions_08_081941.parquet,FAIL,13533,183,False,True,,0,,,0
vehicle_positions_08_082011.parquet,FAIL,13516,182,False,True,,0,,,0
vehicle_positions_08_082042.parquet,FAIL,13492,182,False,True,,0,,,0
vehicle_positions_08_082112.parquet,FAIL,13527,182,False,True,,0,,,0
vehicle_positions_08_082143.parquet,FAIL,13470,182,False,True,,0,,,0
vehicle_positions_08_082214.parquet,FAIL,13427,179,False,True,,0,,,0
vehicle_positions_08_082244.parquet,FAIL,13441,177,False,True,,0,,,0
vehicle_positions_08_082315.parquet,FAIL,13236,173,False,True,,0,,,0
vehicle_positions_08_082345.parquet,FAIL,13255,173,False,True,,0,,,0
vehicle_positions_08_082416.parquet,FAIL,13249,173,False,True,,0,,,0
vehicle_positions_08_082446.parquet,FAIL,13252,172,False,True,,0,,,0
vehicle_positions_08_082517.parquet,FAIL,13205,170,False,True,,0,,,0
vehicle_positions_08_082547.parquet,FAIL,13145,169,False,True,,0,,,0
vehicle_positions_08_082618.parquet,FAIL,13068,166,False,True,,0,,,0
vehicle_positions_08_082648.parquet,FAIL,12980,166,False,True,,0,,,0
vehicle_positions_08_082719.parquet,FAIL,12958,165,False,True,,0,,,0
vehicle_positions_08_082749.parquet,FAIL,12931,165,False,True,,0,,,0
vehicle_positions_08_082820.parquet,FAIL,12991,165,False,True,,0,,,0
vehicle_positions_08_082850.parquet,FAIL,12937,163,False,True,,0,,,0
vehicle_positions_08_082921.parquet,FAIL,12905,162,False,True,,0,,,0
vehicle_positions_08_082951.parquet,FAIL,12841,160,False,True,,0,,,0
vehicle_positions_08_083022.parquet,FAIL,12919,162,False,True,,0,,,0
vehicle_positions_08_083052.parquet,FAIL,12842,160,False,True,,0,,,0
vehicle_positions_08_083123.parquet,FAIL,12691,157,False,True,,0,,,0
vehicle_positions_08_083153.parquet,FAIL,12747,157,False,True,,0,,,0
vehicle_positions_08_083224.parquet,FAIL,12709,157,False,True,,0,,,0
vehicle_positions_08_083254.parquet,FAIL,12652,154,False,True,,0,,,0
vehicle_positions_08_083325.parquet,FAIL,12625,154,False,True,,0,,,0
vehicle_positions_08_083356.parquet,FAIL,12542,152,False,True,,0,,,0
vehicle_positions_08_083426.parquet,FAIL,12517,152,False,True,,0,,,0
vehicle_positions_08_083457.parquet,FAIL,12484,151,False,True,,0,,,0
vehicle_positions_08_083527.parquet,FAIL,12360,148,False,True,,0,,,0
vehicle_positions_08_083558.parquet,FAIL,12441,151,False,True,,0,,,0
vehicle_positions_08_083628.parquet,FAIL,12458,152,False,True,,0,,,0
vehicle_positions_08_083659.parquet,FAIL,12432,151,False,True,,0,,,0
vehicle_positions_08_083729.parquet,FAIL,12500,151,False,True,,0,,,0
vehicle_positions_08_083800.parquet,FAIL,12368,147,False,True,,0,,,0
vehicle_positions_08_083830.parquet,FAIL,12344,147,False,True,,0,,,0
vehicle_positions_08_083901.parquet,FAIL,12291,145,False,True,,0,,,0
vehicle_positions_08_083931.parquet,FAIL,12252,144,False,True,,0,,,0
vehicle_positions_08_084002.parquet,FAIL,12154,143,False,True,,0,,,0
vehicle_positions_08_084033.parquet,FAIL,12126,143,False,True,,0,,,0
vehicle_positions_08_084104.parquet,FAIL,12199,144,False,True,,0,,,0
vehicle_positions_08_084134.parquet,FAIL,12210,144,False,True,,0,,,0
vehicle_positions_08_084205.parquet,FAIL,12225,144,False,True,,0,,,0
vehicle_positions_08_084235.parquet,FAIL,12187,143,False,True,,0,,,0
vehicle_positions_08_084306.parquet,FAIL,12211,143,False,True,,0,,,0
vehicle_positions_08_084337.parquet,FAIL,12149,142,False,True,,0,,,0
vehicle_positions_08_084407.parquet,FAIL,12141,142,False,True,,0,,,0
vehicle_positions_08_084438.parquet,FAIL,12171,142,False,True,,0,,,0
vehicle_positions_08_084508.parquet,FAIL,12072,139,False,True,,0,,,0
vehicle_positions_08_084539.parquet,FAIL,12195,142,False,True,,0,,,0
vehicle_positions_08_084610.parquet,FAIL,12195,141,False,True,,0,,,0
vehicle_positions_08_084640.parquet,FAIL,12098,139,False,True,,0,,,0
vehicle_positions_08_084711.parquet,FAIL,12126,139,False,True,,0,,,0
vehicle_positions_08_084741.parquet,FAIL,11992,138,False,True,,0,,,0
vehicle_positions_08_084812.parquet,FAIL,11995,137,False,True,,0,,,0
vehicle_positions_08_084842.parquet,FAIL,11945,136,False,True,,0,,,0
vehicle_positions_08_084913.parquet,FAIL,11920,136,False,True,,0,,,0
vehicle_positions_08_084943.parquet,FAIL,11953,136,False,True,,0,,,0
vehicle_positions_08_085014.parquet,FAIL,11912,135,False,True,,0,,,0
vehicle_positions_08_085044.parquet,FAIL,11872,134,False,True,,0,,,0
vehicle_positions_08_085115.parquet,FAIL,11800,132,False,True,,0,,,0
vehicle_positions_08_085145.parquet,FAIL,11717,131,False,True,,0,,,0
vehicle_positions_08_085216.parquet,FAIL,11548,128,False,True,,0,,,0
vehicle_positions_08_085246.parquet,FAIL,11541,127,False,True,,0,,,0
vehicle_positions_08_085317.parquet,FAIL,11477,126,False,True,,0,,,0
vehicle_positions_08_085347.parquet,FAIL,11506,126,False,True,,0,,,0
vehicle_positions_08_085418.parquet,FAIL,11435,123,False,True,,0,,,0
vehicle_positions_08_085448.parquet,FAIL,11436,123,False,True,,0,,,0
vehicle_positions_08_085519.parquet,FAIL,11355,121,False,True,,0,,,0
vehicle_positions_08_085549.parquet,FAIL,11261,120,False,True,,0,,,0
vehicle_positions_08_085620.parquet,FAIL,11312,121,False,True,,0,,,0
vehicle_positions_08_085650.parquet,FAIL,11215,120,False,True,,0,,,0
vehicle_positions_08_085721.parquet,FAIL,11149,118,False,True,,0,,,0
vehicle_positions_08_085751.parquet,FAIL,11105,117,False,True,,0,,,0
vehicle_positions_08_085822.parquet,FAIL,11114,116,False,True,,0,,,0
vehicle_positions_08_085852.parquet,FAIL,11135,116,False,True,,0,,,0
vehicle_positions_08_085923.parquet,FAIL,11131,116,False,True,,0,,,0
vehicle_positions_08_085953.parquet,FAIL,11142,114,False,True,,0,,,0
vehicle_positions_09_090024.parquet,FAIL,11138,115,False,True,,0,,,0
vehicle_positions_09_090055.parquet,FAIL,11139,115,False,True,,0,,,0
vehicle_positions_09_090125.parquet,FAIL,11088,114,False,True,,0,,,0
vehicle_positions_09_090156.parquet,FAIL,11051,114,False,True,,0,,,0
vehicle_positions_09_090226.parquet,FAIL,11124,115,False,True,,0,,,0
vehicle_positions_09_090257.parquet,FAIL,11036,113,False,True,,0,,,0
vehicle_positions_09_090327.parquet,FAIL,10980,112,False,True,,0,,,0
vehicle_positions_09_090358.parquet,FAIL,10937,111,False,True,,0,,,0
vehicle_positions_09_090428.parquet,FAIL,10937,111,False,True,,0,,,0
vehicle_positions_09_090459.parquet,FAIL,10940,110,False,True,,0,,,0
vehicle_positions_09_090529.parquet,FAIL,10865,108,False,True,,0,,,0
vehicle_positions_09_090600.parquet,FAIL,10880,108,False,True,,0,,,0
vehicle_positions_09_090631.parquet,FAIL,10882,108,False,True,,0,,,0
vehicle_positions_09_090701.parquet,FAIL,10893,108,False,True,,0,,,0
vehicle_positions_09_090731.parquet,FAIL,10804,107,False,True,,0,,,0
vehicle_positions_09_090802.parquet,FAIL,10707,104,False,True,,0,,,0
vehicle_positions_09_090832.parquet,FAIL,10603,103,False,True,,0,,,0
vehicle_positions_09_090903.parquet,FAIL,10631,102,False,True,,0,,,0
vehicle_positions_09_090933.parquet,FAIL,10648,103,False,True,,0,,,0
vehicle_positions_09_091004.parquet,FAIL,10669,102,False,True,,0,,,0
vehicle_positions_09_091034.parquet,FAIL,10558,101,False,True,,0,,,0
vehicle_positions_09_091105.parquet,FAIL,10588,101,False,True,,0,,,0
vehicle_positions_09_091135.parquet,FAIL,10652,101,False,True,,0,,,0
vehicle_positions_09_091206.parquet,FAIL,10599,101,False,True,,0,,,0
vehicle_positions_09_091237.parquet,FAIL,10585,100,False,True,,0,,,0
vehicle_positions_09_091307.parquet,FAIL,10594,100,False,True,,0,,,0
vehicle_positions_09_091337.parquet,FAIL,10563,99,False,True,,0,,,0
vehicle_positions_09_091408.parquet,FAIL,10556,98,False,True,,0,,,0
vehicle_positions_09_091439.parquet,FAIL,10516,98,False,True,,0,,,0
vehicle_positions_09_091509.parquet,FAIL,10496,98,False,True,,0,,,0
vehicle_positions_09_091539.parquet,FAIL,10344,96,False,True,,0,,,0
vehicle_positions_09_091610.parquet,FAIL,10289,95,False,True,,0,,,0
vehicle_positions_09_091641.parquet,FAIL,10292,94,False,True,,0,,,0
vehicle_positions_09_091711.parquet,FAIL,10319,93,False,True,,0,,,0
vehicle_positions_09_091742.parquet,FAIL,10271,93,False,True,,0,,,0
vehicle_positions_09_091812.parquet,FAIL,10267,92,False,True,,0,,,0
vehicle_positions_09_091843.parquet,FAIL,10246,91,False,True,,0,,,0
vehicle_positions_09_091913.parquet,FAIL,10171,89,False,True,,0,,,0
vehicle_positions_09_091944.parquet,FAIL,10156,89,False,True,,0,,,0
vehicle_positions_09_092014.parquet,FAIL,10137,89,False,True,,0,,,0
vehicle_positions_09_092045.parquet,FAIL,9980,86,False,True,,0,,,0
vehicle_positions_09_092115.parquet,FAIL,9951,85,False,True,,0,,,0
vehicle_positions_09_092146.parquet,FAIL,9900,83,False,True,,0,,,0
vehicle_positions_09_092216.parquet,FAIL,9837,81,False,True,,0,,,0
vehicle_positions_09_092248.parquet,FAIL,9821,81,False,True,,0,,,0
vehicle_positions_09_092318.parquet,FAIL,9838,81,False,True,,0,,,0
vehicle_positions_09_092349.parquet,FAIL,9757,80,False,True,,0,,,0
vehicle_positions_09_092419.parquet,FAIL,9739,80,False,True,,0,,,0
vehicle_positions_09_092450.parquet,FAIL,9698,78,False,True,,0,,,0
vehicle_positions_09_092520.parquet,FAIL,9766,80,False,True,,0,,,0
vehicle_positions_09_092551.parquet,FAIL,9827,81,False,True,,0,,,0
vehicle_positions_09_092621.parquet,FAIL,9722,79,False,True,,0,,,0
vehicle_positions_09_092652.parquet,FAIL,9671,78,False,True,,0,,,0
vehicle_positions_09_092722.parquet,FAIL,9593,76,False,True,,0,,,0
vehicle_positions_09_092753.parquet,FAIL,9552,75,False,True,,0,,,0
vehicle_positions_09_092823.parquet,FAIL,9565,75,False,True,,0,,,0
vehicle_positions_09_092854.parquet,FAIL,9593,76,False,True,,0,,,0
vehicle_positions_09_092924.parquet,FAIL,9526,74,False,True,,0,,,0
vehicle_positions_09_092955.parquet,FAIL,9548,74,False,True,,0,,,0
vehicle_positions_09_093025.parquet,FAIL,9535,74,False,True,,0,,,0
vehicle_positions_09_093056.parquet,FAIL,9555,74,False,True,,0,,,0
vehicle_positions_09_093126.parquet,FAIL,9505,73,False,True,,0,,,0
vehicle_positions_09_093157.parquet,FAIL,9439,72,False,True,,0,,,0
vehicle_positions_09_093227.parquet,FAIL,9416,72,False,True,,0,,,0
vehicle_positions_09_093258.parquet,FAIL,9500,73,False,True,,0,,,0
vehicle_positions_09_093328.parquet,FAIL,9413,72,False,True,,0,,,0
vehicle_positions_09_093359.parquet,FAIL,9402,71,False,True,,0,,,0
vehicle_positions_09_093429.parquet,FAIL,9342,70,False,True,,0,,,0
vehicle_positions_09_093500.parquet,FAIL,9313,69,False,True,,0,,,0
vehicle_positions_09_093530.parquet,FAIL,9279,68,False,True,,0,,,0
vehicle_positions_09_093601.parquet,FAIL,9287,68,False,True,,0,,,0
vehicle_positions_09_093631.parquet,FAIL,9259,68,False,True,,0,,,0
vehicle_positions_09_093702.parquet,FAIL,9307,69,False,True,,0,,,0
vehicle_positions_09_093732.parquet,FAIL,9198,67,False,True,,0,,,0
vehicle_positions_09_093803.parquet,FAIL,9177,66,False,True,,0,,,0
vehicle_positions_09_093833.parquet,FAIL,9138,65,False,True,,0,,,0
vehicle_positions_09_093904.parquet,FAIL,8916,63,False,True,,0,,,0
vehicle_positions_09_093934.parquet,FAIL,8893,62,False,True,,0,,,0
vehicle_positions_09_094005.parquet,FAIL,8884,61,False,True,,0,,,0
vehicle_positions_09_094035.parquet,FAIL,8842,60,False,True,,0,,,0
vehicle_positions_09_094106.parquet,FAIL,8860,61,False,True,,0,,,0
vehicle_positions_09_094136.parquet,FAIL,8826,60,False,True,,0,,,0
vehicle_positions_09_094207.parquet,FAIL,8858,60,False,True,,0,,,0
vehicle_positions_09_094237.parquet,FAIL,8844,60,False,True,,0,,,0
vehicle_positions_09_094308.parquet,FAIL,8817,60,False,True,,0,,,0
vehicle_positions_09_094338.parquet,FAIL,8731,58,False,True,,0,,,0
vehicle_positions_09_094409.parquet,FAIL,8701,57,False,True,,0,,,0
vehicle_positions_09_094439.parquet,FAIL,8631,56,False,True,,0,,,0
vehicle_positions_09_094510.parquet,FAIL,8603,55,False,True,,0,,,0
vehicle_positions_09_094540.parquet,FAIL,8608,56,False,True,,0,,,0
vehicle_positions_09_094611.parquet,FAIL,8704,57,False,True,,0,,,0
vehicle_positions_09_094641.parquet,FAIL,8586,56,False,True,,0,,,0
vehicle_positions_09_094712.parquet,FAIL,8603,56,False,True,,0,,,0
vehicle_positions_09_094742.parquet,FAIL,8587,56,False,True,,0,,,0
vehicle_positions_09_094813.parquet,FAIL,8594,56,False,True,,0,,,0
vehicle_positions_09_094843.parquet,FAIL,8567,56,False,True,,0,,,0
vehicle_positions_09_094914.parquet,FAIL,8552,56,False,True,,0,,,0
vehicle_positions_09_094944.parquet,FAIL,8572,56,False,True,,0,,,0
vehicle_positions_09_095015.parquet,FAIL,8605,56,False,True,,0,,,0
vehicle_positions_09_095045.parquet,FAIL,8614,56,False,True,,0,,,0
vehicle_positions_09_095116.parquet,FAIL,8619,56,False,True,,0,,,0
vehicle_positions_09_095146.parquet,FAIL,8636,56,False,True,,0,,,0
vehicle_positions_09_095217.parquet,FAIL,8595,56,False,True,,0,,,0
vehicle_positions_09_095247.parquet,FAIL,8544,55,False,True,,0,,,0
vehicle_positions_09_095318.parquet,FAIL,8547,55,False,True,,0,,,0
vehicle_positions_09_095348.parquet,FAIL,8528,54,False,True,,0,,,0
vehicle_positions_09_095419.parquet,FAIL,8514,54,False,True,,0,,,0
vehicle_positions_09_095449.parquet,FAIL,8538,54,False,True,,0,,,0
vehicle_positions_09_095520.parquet,FAIL,8560,54,False,True,,0,,,0
vehicle_positions_09_095550.parquet,FAIL,8562,54,False,True,,0,,,0
vehicle_positions_09_095621.parquet,FAIL,8456,52,False,True,,0,,,0
vehicle_positions_09_095651.parquet,FAIL,8482,52,False,True,,0,,,0
vehicle_positions_09_095722.parquet,FAIL,8486,52,False,True,,0,,,0
vehicle_positions_09_095752.parquet,FAIL,8471,52,False,True,,0,,,0
vehicle_positions_09_095823.parquet,FAIL,8481,52,False,True,,0,,,0
vehicle_positions_09_095853.parquet,FAIL,8401,50,False,True,,0,,,0
vehicle_positions_09_095924.parquet,FAIL,8306,49,False,True,,0,,,0
vehicle_positions_09_095954.parquet,FAIL,8260,48,False,True,,0,,,0
vehicle_positions_10_100025.parquet,FAIL,8263,48,False,True,,0,,,0
vehicle_positions_10_100055.parquet,FAIL,8211,47,False,True,,0,,,0
vehicle_positions_10_100126.parquet,FAIL,8171,46,False,True,,0,,,0
vehicle_positions_10_100157.parquet,FAIL,8171,46,False,True,,0,,,0
vehicle_positions_10_100228.parquet,FAIL,8171,46,False,True,,0,,,0
vehicle_positions_10_100258.parquet,FAIL,8171,46,False,True,,0,,,0
vehicle_positions_10_100329.parquet,FAIL,8171,46,False,True,,0,,,0
vehicle_positions_10_100359.parquet,FAIL,8129,45,False,True,,0,,,0
vehicle_positions_10_100430.parquet,FAIL,8129,45,False,True,,0,,,0
vehicle_positions_10_100500.parquet,FAIL,8099,44,False,True,,0,,,0
vehicle_positions_10_100531.parquet,FAIL,8099,44,False,True,,0,,,0
vehicle_positions_10_100601.parquet,FAIL,8099,44,False,True,,0,,,0
vehicle_positions_10_100633.parquet,FAIL,8099,44,False,True,,0,,,0
vehicle_positions_10_100704.parquet,FAIL,8179,45,False,True,,0,,,0
vehicle_positions_10_100734.parquet,FAIL,8173,45,False,True,,0,,,0
vehicle_positions_10_100805.parquet,FAIL,8141,46,False,True,,0,,,0
vehicle_positions_10_100835.parquet,FAIL,8160,46,False,True,,0,,,0
vehicle_positions_10_100905.parquet,FAIL,8189,46,False,True,,0,,,0
vehicle_positions_10_100936.parquet,FAIL,8243,46,False,True,,0,,,0
vehicle_positions_10_101007.parquet,FAIL,8153,43,False,True,,0,,,0
vehicle_positions_10_101037.parquet,FAIL,8025,43,False,True,,0,,,0
vehicle_positions_10_101108.parquet,FAIL,8149,43,False,True,,0,,,0
vehicle_positions_10_101138.parquet,FAIL,8071,43,False,True,,0,,,0
vehicle_positions_10_101209.parquet,FAIL,8064,43,False,True,,0,,,0
vehicle_positions_10_101239.parquet,FAIL,8121,43,False,True,,0,,,0
vehicle_positions_10_101310.parquet,FAIL,8065,43,False,True,,0,,,0
vehicle_positions_10_101340.parquet,FAIL,8155,43,False,True,,0,,,0
vehicle_positions_10_101411.parquet,FAIL,8168,43,False,True,,0,,,0
vehicle_positions_10_101442.parquet,FAIL,8148,43,False,True,,0,,,0
vehicle_positions_10_101512.parquet,FAIL,8103,43,False,True,,0,,,0
vehicle_positions_10_101543.parquet,FAIL,8122,43,False,True,,0,,,0
vehicle_positions_10_101617.parquet,FAIL,8144,43,False,True,,0,,,0
vehicle_positions_10_101647.parquet,FAIL,8148,43,False,True,,0,,,0
vehicle_positions_10_101717.parquet,FAIL,8023,42,False,True,,0,,,0
vehicle_positions_10_101748.parquet,FAIL,7930,39,False,True,,0,,,0
vehicle_positions_10_101819.parquet,FAIL,7912,38,False,True,,0,,,0
vehicle_positions_10_101849.parquet,FAIL,7862,38,False,True,,0,,,0
vehicle_positions_10_101919.parquet,FAIL,7912,38,False,True,,0,,,0
vehicle_positions_10_101950.parquet,FAIL,7934,38,False,True,,0,,,0
vehicle_positions_10_102020.parquet,FAIL,7815,37,False,True,,0,,,0
vehicle_positions_10_102051.parquet,FAIL,7821,36,False,True,,0,,,0
vehicle_positions_10_102121.parquet,FAIL,7841,36,False,True,,0,,,0
vehicle_positions_10_102152.parquet,FAIL,7845,37,False,True,,0,,,0
vehicle_positions_10_102222.parquet,FAIL,7778,37,False,True,,0,,,0
vehicle_positions_10_102253.parquet,FAIL,7835,36,False,True,,0,,,0
vehicle_positions_10_102324.parquet,FAIL,7874,36,False,True,,0,,,0
vehicle_positions_10_102354.parquet,FAIL,7870,36,False,True,,0,,,0
vehicle_positions_10_102425.parquet,FAIL,7872,36,False,True,,0,,,0
vehicle_positions_10_102455.parquet,FAIL,7849,36,False,True,,0,,,0
vehicle_positions_10_102526.parquet,FAIL,7842,36,False,True,,0,,,0
vehicle_positions_10_102556.parquet,FAIL,7874,36,False,True,,0,,,0
vehicle_positions_10_102627.parquet,FAIL,7889,37,False,True,,0,,,0
vehicle_positions_10_102657.parquet,FAIL,7859,36,False,True,,0,,,0
vehicle_positions_10_102728.parquet,FAIL,7800,36,False,True,,0,,,0
vehicle_positions_10_102758.parquet,FAIL,7859,36,False,True,,0,,,0
vehicle_positions_10_102829.parquet,FAIL,7853,36,False,True,,0,,,0
vehicle_positions_10_102859.parquet,FAIL,7867,36,False,True,,0,,,0
vehicle_positions_10_102929.parquet,FAIL,7900,36,False,True,,0,,,0
vehicle_positions_10_103000.parquet,FAIL,7822,37,False,True,,0,,,0
vehicle_positions_10_103031.parquet,FAIL,7896,38,False,True,,0,,,0
vehicle_positions_10_103101.parquet,FAIL,7864,37,False,True,,0,,,0
vehicle_positions_10_103132.parquet,FAIL,7887,37,False,True,,0,,,0
vehicle_positions_10_103202.parquet,FAIL,7852,36,False,True,,0,,,0
vehicle_positions_10_103233.parquet,FAIL,7869,36,False,True,,0,,,0
vehicle_positions_10_103303.parquet,FAIL,7886,36,False,True,,0,,,0
vehicle_positions_10_103334.parquet,FAIL,7899,36,False,True,,0,,,0
vehicle_positions_10_103404.parquet,FAIL,7890,36,False,True,,0,,,0
vehicle_positions_10_103435.parquet,FAIL,7818,36,False,True,,0,,,0
vehicle_positions_10_103505.parquet,FAIL,7849,35,False,True,,0,,,0
vehicle_positions_10_103536.parquet,FAIL,7862,35,False,True,,0,,,0
vehicle_positions_10_103607.parquet,FAIL,7857,35,False,True,,0,,,0
vehicle_positions_10_103637.parquet,FAIL,7839,35,False,True,,0,,,0
vehicle_positions_10_103707.parquet,FAIL,7872,35,False,True,,0,,,0
vehicle_positions_10_103738.parquet,FAIL,7882,35,False,True,,0,,,0
vehicle_positions_10_103808.parquet,FAIL,7908,36,False,True,,0,,,0
vehicle_positions_10_103839.parquet,FAIL,7887,36,False,True,,0,,,0
vehicle_positions_10_103909.parquet,FAIL,7913,37,False,True,,0,,,0
vehicle_positions_10_103940.parquet,FAIL,7782,35,False,True,,0,,,0
vehicle_positions_10_104010.parquet,FAIL,7801,34,False,True,,0,,,0
vehicle_positions_10_104041.parquet,FAIL,7784,34,False,True,,0,,,0
vehicle_positions_10_104111.parquet,FAIL,7800,34,False,True,,0,,,0
vehicle_positions_10_104142.parquet,FAIL,7781,34,False,True,,0,,,0
vehicle_positions_10_104212.parquet,FAIL,7768,34,False,True,,0,,,0
vehicle_positions_10_104243.parquet,FAIL,7798,34,False,True,,0,,,0
vehicle_positions_10_104313.parquet,FAIL,7802,34,False,True,,0,,,0
vehicle_positions_10_104344.parquet,FAIL,7820,34,False,True,,0,,,0
vehicle_positions_10_104414.parquet,FAIL,7799,34,False,True,,0,,,0
vehicle_positions_10_104445.parquet,FAIL,7674,32,False,True,,0,,,0
vehicle_positions_10_104515.parquet,FAIL,7600,32,False,True,,0,,,0
vehicle_positions_10_104546.parquet,FAIL,7772,33,False,True,,0,,,0
vehicle_positions_10_104617.parquet,FAIL,7668,32,False,True,,0,,,0
vehicle_positions_10_104647.parquet,FAIL,7695,32,False,True,,0,,,0
vehicle_positions_10_104718.parquet,FAIL,7772,34,False,True,,0,,,0
vehicle_positions_10_104748.parquet,FAIL,7773,33,False,True,,0,,,0
vehicle_positions_10_104819.parquet,FAIL,7707,32,False,True,,0,,,0
vehicle_positions_10_104849.parquet,FAIL,7594,32,False,True,,0,,,0
vehicle_positions_10_104919.parquet,FAIL,7693,32,False,True,,0,,,0
vehicle_positions_10_104950.parquet,FAIL,7669,32,False,True,,0,,,0
vehicle_positions_10_105021.parquet,FAIL,7668,32,False,True,,0,,,0
vehicle_positions_10_105051.parquet,FAIL,7637,31,False,True,,0,,,0
vehicle_positions_10_105122.parquet,FAIL,7638,31,False,True,,0,,,0
vehicle_positions_10_105152.parquet,FAIL,7668,31,False,True,,0,,,0
vehicle_positions_10_105223.parquet,FAIL,7626,30,False,True,,0,,,0
vehicle_positions_10_105253.parquet,FAIL,7595,30,False,True,,0,,,0
vehicle_positions_10_105323.parquet,FAIL,7610,30,False,True,,0,,,0
vehicle_positions_10_105354.parquet,FAIL,7585,30,False,True,,0,,,0
vehicle_positions_10_105424.parquet,FAIL,7616,30,False,True,,0,,,0
vehicle_positions_10_105455.parquet,FAIL,7577,30,False,True,,0,,,0
vehicle_positions_10_105526.parquet,FAIL,7573,29,False,True,,0,,,0
vehicle_positions_10_105556.parquet,FAIL,7549,28,False,True,,0,,,0
vehicle_positions_10_105627.parquet,FAIL,7506,28,False,True,,0,,,0
vehicle_positions_10_105657.parquet,FAIL,7550,28,False,True,,0,,,0
vehicle_positions_10_105727.parquet,FAIL,7550,28,False,True,,0,,,0
vehicle_positions_10_105758.parquet,FAIL,7531,28,False,True,,0,,,0
vehicle_positions_10_105828.parquet,FAIL,7531,28,False,True,,0,,,0
vehicle_positions_10_105859.parquet,FAIL,7566,28,False,True,,0,,,0
vehicle_positions_10_105929.parquet,FAIL,7548,28,False,True,,0,,,0
vehicle_positions_11_110000.parquet,FAIL,7550,28,False,True,,0,,,0
vehicle_positions_11_110030.parquet,FAIL,7515,27,False,True,,0,,,0
vehicle_positions_11_110101.parquet,FAIL,7577,28,False,True,,0,,,0
vehicle_positions_11_110131.parquet,FAIL,7565,28,False,True,,0,,,0
vehicle_positions_11_110202.parquet,FAIL,7594,29,False,True,,0,,,0
vehicle_positions_11_110232.parquet,FAIL,7631,30,False,True,,0,,,0
vehicle_positions_11_110303.parquet,FAIL,7610,30,False,True,,0,,,0
vehicle_positions_11_110333.parquet,FAIL,7591,29,False,True,,0,,,0
vehicle_positions_11_110404.parquet,FAIL,7584,29,False,True,,0,,,0
vehicle_positions_11_110435.parquet,FAIL,7592,30,False,True,,0,,,0
vehicle_positions_11_110505.parquet,FAIL,7588,30,False,True,,0,,,0
vehicle_positions_11_110535.parquet,FAIL,7617,30,False,True,,0,,,0
vehicle_positions_11_110606.parquet,FAIL,7569,30,False,True,,0,,,0
vehicle_positions_11_110637.parquet,FAIL,7594,30,False,True,,0,,,0
vehicle_positions_11_110707.parquet,FAIL,7608,30,False,True,,0,,,0
vehicle_positions_11_110737.parquet,FAIL,7571,29,False,True,,0,,,0
vehicle_positions_11_110808.parquet,FAIL,7566,29,False,True,,0,,,0
vehicle_positions_11_110838.parquet,FAIL,7623,30,False,True,,0,,,0
vehicle_positions_11_110909.parquet,FAIL,7650,30,False,True,,0,,,0
vehicle_positions_11_110939.parquet,FAIL,7672,31,False,True,,0,,,0
vehicle_positions_11_111010.parquet,FAIL,7646,30,False,True,,0,,,0
vehicle_positions_11_111040.parquet,FAIL,7601,29,False,True,,0,,,0
vehicle_positions_11_111111.parquet,FAIL,7582,29,False,True,,0,,,0
vehicle_positions_11_111141.parquet,FAIL,7580,29,False,True,,0,,,0
vehicle_positions_11_111212.parquet,FAIL,7605,29,False,True,,0,,,0
vehicle_positions_11_111242.parquet,FAIL,7648,30,False,True,,0,,,0
vehicle_positions_11_111313.parquet,FAIL,7619,29,False,True,,0,,,0
vehicle_positions_11_111343.parquet,FAIL,7632,29,False,True,,0,,,0
vehicle_positions_11_111414.parquet,FAIL,7627,29,False,True,,0,,,0
vehicle_positions_11_111444.parquet,FAIL,7592,28,False,True,,0,,,0
vehicle_positions_11_111515.parquet,FAIL,7588,28,False,True,,0,,,0
vehicle_positions_11_111545.parquet,FAIL,7605,28,False,True,,0,,,0
vehicle_positions_11_111616.parquet,FAIL,7592,28,False,True,,0,,,0
vehicle_positions_11_111647.parquet,FAIL,7683,30,False,True,,0,,,0
vehicle_positions_11_111717.parquet,FAIL,7684,31,False,True,,0,,,0
vehicle_positions_11_111747.parquet,FAIL,7714,31,False,True,,0,,,0
vehicle_positions_11_111818.parquet,FAIL,7679,30,False,True,,0,,,0
vehicle_positions_11_111848.parquet,FAIL,7651,30,False,True,,0,,,0
vehicle_positions_11_111919.parquet,FAIL,7686,31,False,True,,0,,,0
vehicle_positions_11_111949.parquet,FAIL,7694,31,False,True,,0,,,0
vehicle_positions_11_112020.parquet,FAIL,7687,31,False,True,,0,,,0
vehicle_positions_11_112050.parquet,FAIL,7677,31,False,True,,0,,,0
vehicle_positions_11_112121.parquet,FAIL,7737,32,False,True,,0,,,0
vehicle_positions_11_112151.parquet,FAIL,7847,33,False,True,,0,,,0
vehicle_positions_11_112222.parquet,FAIL,7839,33,False,True,,0,,,0
vehicle_positions_11_112252.parquet,FAIL,7832,33,False,True,,0,,,0
vehicle_positions_11_112323.parquet,FAIL,7850,33,False,True,,0,,,0
vehicle_positions_11_112353.parquet,FAIL,7835,33,False,True,,0,,,0
vehicle_positions_11_112424.parquet,FAIL,7826,33,False,True,,0,,,0
vehicle_positions_11_112454.parquet,FAIL,7821,33,False,True,,0,,,0
vehicle_positions_11_112525.parquet,FAIL,7844,34,False,True,,0,,,0
vehicle_positions_11_112555.parquet,FAIL,7855,34,False,True,,0,,,0
vehicle_positions_11_112626.parquet,FAIL,7887,35,False,True,,0,,,0
vehicle_positions_11_112656.parquet,FAIL,7883,35,False,True,,0,,,0
vehicle_positions_11_112727.parquet,FAIL,7900,35,False,True,,0,,,0
vehicle_positions_11_112757.parquet,FAIL,7913,35,False,True,,0,,,0
vehicle_positions_11_112828.parquet,FAIL,7911,36,False,True,,0,,,0
vehicle_positions_11_112858.parquet,FAIL,7916,36,False,True,,0,,,0
vehicle_positions_11_112929.parquet,FAIL,7904,36,False,True,,0,,,0
vehicle_positions_11_112959.parquet,FAIL,7910,36,False,True,,0,,,0
vehicle_positions_11_113030.parquet,FAIL,7903,36,False,True,,0,,,0
vehicle_positions_11_113101.parquet,FAIL,7887,35,False,True,,0,,,0
vehicle_positions_11_113131.parquet,FAIL,7931,37,False,True,,0,,,0
vehicle_positions_11_113202.parquet,FAIL,7952,37,False,True,,0,,,0
vehicle_positions_11_113232.parquet,FAIL,7991,38,False,True,,0,,,0
vehicle_positions_11_113303.parquet,FAIL,7980,38,False,True,,0,,,0
vehicle_positions_11_113333.parquet,FAIL,7981,38,False,True,,0,,,0
vehicle_positions_11_113404.parquet,FAIL,8014,38,False,True,,0,,,0
vehicle_positions_11_113434.parquet,FAIL,7966,38,False,True,,0,,,0
vehicle_positions_11_113505.parquet,FAIL,7977,38,False,True,,0,,,0
vehicle_positions_11_113535.parquet,FAIL,7950,38,False,True,,0,,,0
vehicle_positions_11_113606.parquet,FAIL,7968,38,False,True,,0,,,0
vehicle_positions_11_113636.parquet,FAIL,7991,38,False,True,,0,,,0
vehicle_positions_11_113707.parquet,FAIL,8038,39,False,True,,0,,,0
vehicle_positions_11_113738.parquet,FAIL,8031,39,False,True,,0,,,0
vehicle_positions_11_113808.parquet,FAIL,8025,39,False,True,,0,,,0
vehicle_positions_11_113838.parquet,FAIL,8015,39,False,True,,0,,,0
vehicle_positions_11_113909.parquet,FAIL,8066,40,False,True,,0,,,0
vehicle_positions_11_113939.parquet,FAIL,8038,39,False,True,,0,,,0
vehicle_positions_11_114010.parquet,FAIL,8019,39,False,True,,0,,,0
vehicle_positions_11_114040.parquet,FAIL,8050,40,False,True,,0,,,0
vehicle_positions_11_114111.parquet,FAIL,8044,40,False,True,,0,,,0
vehicle_positions_11_114141.parquet,FAIL,8147,41,False,True,,0,,,0
vehicle_positions_11_114212.parquet,FAIL,8141,42,False,True,,0,,,0
vehicle_positions_11_114242.parquet,FAIL,8195,42,False,True,,0,,,0
vehicle_positions_11_114313.parquet,FAIL,8152,42,False,True,,0,,,0
vehicle_positions_11_114344.parquet,FAIL,8256,44,False,True,,0,,,0
vehicle_positions_11_114414.parquet,FAIL,8277,45,False,True,,0,,,0
vehicle_positions_11_114445.parquet,FAIL,8312,46,False,True,,0,,,0
vehicle_positions_11_114516.parquet,FAIL,8319,46,False,True,,0,,,0
vehicle_positions_11_114546.parquet,FAIL,8311,44,False,True,,0,,,0
vehicle_positions_11_114616.parquet,FAIL,8292,44,False,True,,0,,,0
vehicle_positions_11_114647.parquet,FAIL,8290,44,False,True,,0,,,0
vehicle_positions_11_114718.parquet,FAIL,8308,45,False,True,,0,,,0
vehicle_positions_11_114748.parquet,FAIL,8357,46,False,True,,0,,,0
vehicle_positions_11_114818.parquet,FAIL,8379,47,False,True,,0,,,0
vehicle_positions_11_114849.parquet,FAIL,8367,47,False,True,,0,,,0
vehicle_positions_11_114919.parquet,FAIL,8359,47,False,True,,0,,,0
vehicle_positions_11_114950.parquet,FAIL,8421,48,False,True,,0,,,0
vehicle_positions_11_115020.parquet,FAIL,8421,48,False,True,,0,,,0
vehicle_positions_11_115051.parquet,FAIL,8443,48,False,True,,0,,,0
vehicle_positions_11_115121.parquet,FAIL,8532,50,False,True,,0,,,0
vehicle_positions_11_115152.parquet,FAIL,8505,50,False,True,,0,,,0
vehicle_positions_11_115222.parquet,FAIL,8534,50,False,True,,0,,,0
vehicle_positions_11_115253.parquet,FAIL,8524,50,False,True,,0,,,0
vehicle_positions_11_115323.parquet,FAIL,8499,50,False,True,,0,,,0
vehicle_positions_11_115354.parquet,FAIL,8496,50,False,True,,0,,,0
vehicle_positions_11_115424.parquet,FAIL,8521,50,False,True,,0,,,0
vehicle_positions_11_115455.parquet,FAIL,8588,51,False,True,,0,,,0
vehicle_positions_11_115525.parquet,FAIL,8538,51,False,True,,0,,,0
vehicle_positions_11_115556.parquet,FAIL,8496,50,False,True,,0,,,0
vehicle_positions_11_115626.parquet,FAIL,8524,50,False,True,,0,,,0
vehicle_positions_11_115657.parquet,FAIL,8567,52,False,True,,0,,,0
vehicle_positions_11_115727.parquet,FAIL,8589,53,False,True,,0,,,0
vehicle_positions_11_115758.parquet,FAIL,8623,54,False,True,,0,,,0
vehicle_positions_11_115828.parquet,FAIL,8696,55,False,True,,0,,,0
vehicle_positions_11_115859.parquet,FAIL,8671,55,False,True,,0,,,0
vehicle_positions_11_115929.parquet,FAIL,8714,56,False,True,,0,,,0
vehicle_positions_12_120000.parquet,FAIL,8704,56,False,True,,0,,,0
vehicle_positions_12_120030.parquet,FAIL,8827,57,False,True,,0,,,0
vehicle_positions_12_120101.parquet,FAIL,8810,57,False,True,,0,,,0
vehicle_positions_12_120131.parquet,FAIL,8827,59,False,True,,0,,,0
vehicle_positions_12_120202.parquet,FAIL,8870,60,False,True,,0,,,0
vehicle_positions_12_120232.parquet,FAIL,8871,60,False,True,,0,,,0
vehicle_positions_12_120303.parquet,FAIL,8912,61,False,True,,0,,,0
vehicle_positions_12_120333.parquet,FAIL,9024,64,False,True,,0,,,0
vehicle_positions_12_120404.parquet,FAIL,9045,64,False,True,,0,,,0
vehicle_positions_12_120434.parquet,FAIL,9073,64,False,True,,0,,,0
vehicle_positions_12_120505.parquet,FAIL,9045,64,False,True,,0,,,0
vehicle_positions_12_120535.parquet,FAIL,9173,65,False,True,,0,,,0
vehicle_positions_12_120606.parquet,FAIL,9169,65,False,True,,0,,,0
vehicle_positions_12_120636.parquet,FAIL,9203,66,False,True,,0,,,0
vehicle_positions_12_120707.parquet,FAIL,9248,66,False,True,,0,,,0
vehicle_positions_12_120737.parquet,FAIL,9231,67,False,True,,0,,,0
vehicle_positions_12_120808.parquet,FAIL,9317,68,False,True,,0,,,0
vehicle_positions_12_120838.parquet,FAIL,9348,69,False,True,,0,,,0
vehicle_positions_12_120909.parquet,FAIL,9315,68,False,True,,0,,,0
vehicle_positions_12_120939.parquet,FAIL,9337,68,False,True,,0,,,0
vehicle_positions_12_121010.parquet,FAIL,9368,69,False,True,,0,,,0
vehicle_positions_12_121040.parquet,FAIL,9362,69,False,True,,0,,,0
vehicle_positions_12_121111.parquet,FAIL,9435,72,False,True,,0,,,0
vehicle_positions_12_121141.parquet,FAIL,9562,74,False,True,,0,,,0
vehicle_positions_12_121212.parquet,FAIL,9659,77,False,True,,0,,,0
vehicle_positions_12_121242.parquet,FAIL,9672,77,False,True,,0,,,0
vehicle_positions_12_121313.parquet,FAIL,9646,77,False,True,,0,,,0
vehicle_positions_12_121343.parquet,FAIL,9726,80,False,True,,0,,,0
vehicle_positions_12_121414.parquet,FAIL,9852,82,False,True,,0,,,0
vehicle_positions_12_121444.parquet,FAIL,9919,85,False,True,,0,,,0
vehicle_positions_12_121515.parquet,FAIL,9943,86,False,True,,0,,,0
vehicle_positions_12_121545.parquet,FAIL,9918,85,False,True,,0,,,0
vehicle_positions_12_121616.parquet,FAIL,9919,86,False,True,,0,,,0
vehicle_positions_12_121646.parquet,FAIL,10124,89,False,True,,0,,,0
vehicle_positions_12_121717.parquet,FAIL,10197,91,False,True,,0,,,0
vehicle_positions_12_121747.parquet,FAIL,10140,90,False,True,,0,,,0
vehicle_positions_12_121818.parquet,FAIL,10189,91,False,True,,0,,,0
vehicle_positions_12_121848.parquet,FAIL,10237,94,False,True,,0,,,0
vehicle_positions_12_121919.parquet,FAIL,10199,94,False,True,,0,,,0
vehicle_positions_12_121949.parquet,FAIL,10280,95,False,True,,0,,,0
vehicle_positions_12_122020.parquet,FAIL,10440,100,False,True,,0,,,0
vehicle_positions_12_122050.parquet,FAIL,10380,100,False,True,,0,,,0
vehicle_positions_12_122121.parquet,FAIL,10511,103,False,True,,0,,,0
vehicle_positions_12_122152.parquet,FAIL,10512,103,False,True,,0,,,0
vehicle_positions_12_122222.parquet,FAIL,10642,105,False,True,,0,,,0
vehicle_positions_12_122253.parquet,FAIL,10723,107,False,True,,0,,,0
vehicle_positions_12_122323.parquet,FAIL,10787,108,False,True,,0,,,0
vehicle_positions_12_122354.parquet,FAIL,10773,108,False,True,,0,,,0
vehicle_positions_12_122424.parquet,FAIL,10780,109,False,True,,0,,,0
vehicle_positions_12_122455.parquet,FAIL,10828,111,False,True,,0,,,0
vehicle_positions_12_122525.parquet,FAIL,10884,112,False,True,,0,,,0
vehicle_positions_12_122556.parquet,FAIL,10967,113,False,True,,0,,,0
vehicle_positions_12_122626.parquet,FAIL,10956,113,False,True,,0,,,0
vehicle_positions_12_122657.parquet,FAIL,10966,114,False,True,,0,,,0
vehicle_positions_12_122727.parquet,FAIL,11043,117,False,True,,0,,,0
vehicle_positions_12_122758.parquet,FAIL,11067,117,False,True,,0,,,0
vehicle_positions_12_122828.parquet,FAIL,11124,120,False,True,,0,,,0
vehicle_positions_12_122859.parquet,FAIL,11318,123,False,True,,0,,,0
vehicle_positions_12_122929.parquet,FAIL,11261,122,False,True,,0,,,0
vehicle_positions_12_123000.parquet,FAIL,11325,124,False,True,,0,,,0
vehicle_positions_12_123032.parquet,FAIL,11385,127,False,True,,0,,,0
vehicle_positions_12_123102.parquet,FAIL,11399,127,False,True,,0,,,0
vehicle_positions_12_123133.parquet,FAIL,11552,129,False,True,,0,,,0
vehicle_positions_12_123204.parquet,FAIL,11622,130,False,True,,0,,,0
vehicle_positions_12_123234.parquet,FAIL,11482,128,False,True,,0,,,0
vehicle_positions_12_123305.parquet,FAIL,11619,129,False,True,,0,,,0
vehicle_positions_12_123335.parquet,FAIL,11629,130,False,True,,0,,,0
vehicle_positions_12_123406.parquet,FAIL,11726,132,False,True,,0,,,0
vehicle_positions_12_123436.parquet,FAIL,11987,138,False,True,,0,,,0
vehicle_positions_12_123507.parquet,FAIL,12030,140,False,True,,0,,,0
vehicle_positions_12_123537.parquet,FAIL,11984,139,False,True,,0,,,0
vehicle_positions_12_123608.parquet,FAIL,12002,141,False,True,,0,,,0
vehicle_positions_12_123638.parquet,FAIL,12092,144,False,True,,0,,,0
vehicle_positions_12_123709.parquet,FAIL,12229,147,False,True,,0,,,0
vehicle_positions_12_123739.parquet,FAIL,12191,146,False,True,,0,,,0
vehicle_positions_12_123810.parquet,FAIL,12519,155,False,True,,0,,,0
vehicle_positions_12_123840.parquet,FAIL,12546,156,False,True,,0,,,0
vehicle_positions_12_123911.parquet,FAIL,12553,157,False,True,,0,,,0
vehicle_positions_12_123941.parquet,FAIL,12541,158,False,True,,0,,,0
vehicle_positions_12_124012.parquet,FAIL,12607,160,False,True,,0,,,0
vehicle_positions_12_124042.parquet,FAIL,12740,164,False,True,,0,,,0
vehicle_positions_12_124113.parquet,FAIL,12817,165,False,True,,0,,,0
vehicle_positions_12_124143.parquet,FAIL,12920,168,False,True,,0,,,0
vehicle_positions_12_124214.parquet,FAIL,13043,171,False,True,,0,,,0
vehicle_positions_12_124244.parquet,FAIL,13152,175,False,True,,0,,,0
vehicle_positions_12_124315.parquet,FAIL,13181,175,False,True,,0,,,0
vehicle_positions_12_124346.parquet,FAIL,13287,177,False,True,,0,,,0
vehicle_positions_12_124416.parquet,FAIL,13355,180,False,True,,0,,,0
vehicle_positions_12_124447.parquet,FAIL,13372,181,False,True,,0,,,0
vehicle_positions_12_124517.parquet,FAIL,13389,182,False,True,,0,,,0
vehicle_positions_12_124548.parquet,FAIL,13546,185,False,True,,0,,,0
vehicle_positions_12_124619.parquet,FAIL,13528,186,False,True,,0,,,0
vehicle_positions_12_124649.parquet,FAIL,13564,186,False,True,,0,,,0
vehicle_positions_12_124720.parquet,FAIL,13593,187,False,True,,0,,,0
vehicle_positions_12_124750.parquet,FAIL,13556,186,False,True,,0,,,0
vehicle_positions_12_124821.parquet,FAIL,13602,189,False,True,,0,,,0
vehicle_positions_12_124852.parquet,FAIL,13645,190,False,True,,0,,,0
vehicle_positions_12_124922.parquet,FAIL,13624,190,False,True,,0,,,0
vehicle_positions_12_124953.parquet,FAIL,13805,195,False,True,,0,,,0
vehicle_positions_12_125023.parquet,FAIL,13948,197,False,True,,0,,,0
vehicle_positions_12_125054.parquet,FAIL,14062,199,False,True,,0,,,0
vehicle_positions_12_125124.parquet,FAIL,13984,198,False,True,,0,,,0
vehicle_positions_12_125155.parquet,FAIL,14007,199,False,True,,0,,,0
vehicle_positions_12_125225.parquet,FAIL,14228,201,False,True,,0,,,0
vehicle_positions_12_125256.parquet,FAIL,14398,210,False,True,,0,,,0
vehicle_positions_12_125326.parquet,FAIL,14468,213,False,True,,0,,,0
vehicle_positions_12_125357.parquet,FAIL,14534,215,False,True,,0,,,0
vehicle_positions_12_125428.parquet,FAIL,14737,218,False,True,,0,,,0
vehicle_positions_12_125458.parquet,FAIL,14827,220,False,True,,0,,,0
vehicle_positions_12_125529.parquet,FAIL,14795,221,False,True,,0,,,0
vehicle_positions_12_125559.parquet,FAIL,15059,228,False,True,,0,,,0
vehicle_positions_12_125630.parquet,FAIL,15196,231,False,True,,0,,,0
vehicle_positions_12_125700.parquet,FAIL,15389,237,False,True,,0,,,0
vehicle_positions_12_125731.parquet,FAIL,15403,235,False,True,,0,,,0
vehicle_positions_12_125802.parquet,FAIL,15619,241,False,True,,0,,,0
vehicle_positions_12_125832.parquet,FAIL,15675,241,False,True,,0,,,0
vehicle_positions_12_125903.parquet,FAIL,15753,247,False,True,,0,,,0
vehicle_positions_12_125933.parquet,FAIL,15742,248,False,True,,0,,,0
vehicle_positions_13_130004.parquet,FAIL,15906,250,False,True,,0,,,0
vehicle_positions_13_130034.parquet,FAIL,16238,257,False,True,,0,,,0
vehicle_positions_13_130105.parquet,FAIL,16190,257,False,True,,0,,,0
vehicle_positions_13_130136.parquet,FAIL,16241,257,False,True,,0,,,0
vehicle_positions_13_130206.parquet,FAIL,16275,261,False,True,,0,,,0
vehicle_positions_13_130237.parquet,FAIL,16387,264,False,True,,0,,,0
vehicle_positions_13_130307.parquet,FAIL,16539,265,False,True,,0,,,0
vehicle_positions_13_130338.parquet,FAIL,16400,264,False,True,,0,,,0
vehicle_positions_13_130408.parquet,FAIL,16563,266,False,True,,0,,,0
vehicle_positions_13_130439.parquet,FAIL,16677,271,False,True,,0,,,0
vehicle_positions_13_130510.parquet,FAIL,16818,273,False,True,,0,,,0
vehicle_positions_13_130540.parquet,FAIL,16913,275,False,True,,0,,,0
vehicle_positions_13_130611.parquet,FAIL,16853,274,False,True,,0,,,0
vehicle_positions_13_130641.parquet,FAIL,16805,275,False,True,,0,,,0
vehicle_positions_13_130712.parquet,FAIL,16957,279,False,True,,0,,,0
vehicle_positions_13_130742.parquet,FAIL,17008,280,False,True,,0,,,0
vehicle_positions_13_130813.parquet,FAIL,16932,280,False,True,,0,,,0
vehicle_positions_13_130844.parquet,FAIL,17198,283,False,True,,0,,,0
vehicle_positions_13_130914.parquet,FAIL,17131,284,False,True,,0,,,0
vehicle_positions_13_130945.parquet,FAIL,17145,284,False,True,,0,,,0
vehicle_positions_13_131016.parquet,FAIL,17207,287,False,True,,0,,,0
vehicle_positions_13_131046.parquet,FAIL,17137,286,False,True,,0,,,0
vehicle_positions_13_131117.parquet,FAIL,17275,289,False,True,,0,,,0
vehicle_positions_13_131148.parquet,FAIL,17356,292,False,True,,0,,,0
vehicle_positions_13_131218.parquet,FAIL,17379,293,False,True,,0,,,0
vehicle_positions_13_131249.parquet,FAIL,17377,294,False,True,,0,,,0
vehicle_positions_13_131319.parquet,FAIL,17487,297,False,True,,0,,,0
vehicle_positions_13_131350.parquet,FAIL,17623,300,False,True,,0,,,0
vehicle_positions_13_131421.parquet,FAIL,17895,307,False,True,,0,,,0
vehicle_positions_13_131451.parquet,FAIL,17873,306,False,True,,0,,,0
vehicle_positions_13_131522.parquet,FAIL,18007,312,False,True,,0,,,0
vehicle_positions_13_131553.parquet,FAIL,18121,316,False,True,,0,,,0
vehicle_positions_13_131623.parquet,FAIL,18218,317,False,True,,0,,,0
vehicle_positions_13_131654.parquet,FAIL,18229,320,False,True,,0,,,0
vehicle_positions_13_131724.parquet,FAIL,18175,317,False,True,,0,,,0
vehicle_positions_13_131755.parquet,FAIL,18203,318,False,True,,0,,,0
vehicle_positions_13_131826.parquet,FAIL,18200,320,False,True,,0,,,0
vehicle_positions_13_131856.parquet,FAIL,18371,321,False,True,,0,,,0
vehicle_positions_13_131927.parquet,FAIL,18554,325,False,True,,0,,,0
vehicle_positions_13_131957.parquet,FAIL,18563,326,False,True,,0,,,0
vehicle_positions_13_132028.parquet,FAIL,18684,331,False,True,,0,,,0
vehicle_positions_13_132059.parquet,FAIL,18726,331,False,True,,0,,,0
vehicle_positions_13_132129.parquet,FAIL,18761,332,False,True,,0,,,0
vehicle_positions_13_132200.parquet,FAIL,18819,332,False,True,,0,,,0
vehicle_positions_13_132230.parquet,FAIL,18878,335,False,True,,0,,,0
vehicle_positions_13_132301.parquet,FAIL,18890,338,False,True,,0,,,0
vehicle_positions_13_132331.parquet,FAIL,19028,338,False,True,,0,,,0
vehicle_positions_13_132402.parquet,FAIL,19065,341,False,True,,0,,,0
vehicle_positions_13_132433.parquet,FAIL,19067,342,False,True,,0,,,0
vehicle_positions_13_132503.parquet,FAIL,19061,344,False,True,,0,,,0
vehicle_positions_13_132534.parquet,FAIL,19180,348,False,True,,0,,,0
vehicle_positions_13_132605.parquet,FAIL,19446,353,False,True,,0,,,0
vehicle_positions_13_132635.parquet,FAIL,19395,355,False,True,,0,,,0
vehicle_positions_13_132706.parquet,FAIL,19442,355,False,True,,0,,,0
vehicle_positions_13_132736.parquet,FAIL,19489,355,False,True,,0,,,0
vehicle_positions_13_132807.parquet,FAIL,19489,354,False,True,,0,,,0
vehicle_positions_13_132837.parquet,FAIL,19524,357,False,True,,0,,,0
vehicle_positions_13_132908.parquet,FAIL,19596,358,False,True,,0,,,0
vehicle_positions_13_132939.parquet,FAIL,19699,362,False,True,,0,,,0
vehicle_positions_13_133009.parquet,FAIL,19790,364,False,True,,0,,,0
vehicle_positions_13_133040.parquet,FAIL,19805,366,False,True,,0,,,0
vehicle_positions_13_133110.parquet,FAIL,19785,365,False,True,,0,,,0
vehicle_positions_13_133141.parquet,FAIL,19845,367,False,True,,0,,,0
vehicle_positions_13_133211.parquet,FAIL,20038,370,False,True,,0,,,0
vehicle_positions_13_133243.parquet,FAIL,19987,369,False,True,,0,,,0
vehicle_positions_13_133314.parquet,FAIL,20033,371,False,True,,0,,,0
vehicle_positions_13_133344.parquet,FAIL,20021,373,False,True,,0,,,0
vehicle_positions_13_133415.parquet,FAIL,20199,376,False,True,,0,,,0
vehicle_positions_13_133445.parquet,FAIL,20128,376,False,True,,0,,,0
vehicle_positions_13_133516.parquet,FAIL,20340,378,False,True,,0,,,0
vehicle_positions_13_133546.parquet,FAIL,20385,383,False,True,,0,,,0
vehicle_positions_13_133617.parquet,FAIL,20445,384,False,True,,0,,,0
vehicle_positions_13_133648.parquet,FAIL,20413,382,False,True,,0,,,0
vehicle_positions_13_133718.parquet,FAIL,20340,381,False,True,,0,,,0
vehicle_positions_13_133749.parquet,FAIL,20361,382,False,True,,0,,,0
vehicle_positions_13_133819.parquet,FAIL,20480,383,False,True,,0,,,0
vehicle_positions_13_133850.parquet,FAIL,20449,384,False,True,,0,,,0
vehicle_positions_13_133920.parquet,FAIL,20582,386,False,True,,0,,,0
vehicle_positions_13_133951.parquet,FAIL,20579,386,False,True,,0,,,0
vehicle_positions_13_134021.parquet,FAIL,20758,390,False,True,,0,,,0
vehicle_positions_13_134052.parquet,FAIL,20774,394,False,True,,0,,,0
vehicle_positions_13_134123.parquet,FAIL,20822,394,False,True,,0,,,0
vehicle_positions_13_134153.parquet,FAIL,20672,392,False,True,,0,,,0
vehicle_positions_13_134224.parquet,FAIL,20667,392,False,True,,0,,,0
vehicle_positions_13_134254.parquet,FAIL,20730,391,False,True,,0,,,0
vehicle_positions_13_134325.parquet,FAIL,20688,389,False,True,,0,,,0
vehicle_positions_13_134355.parquet,FAIL,20702,390,False,True,,0,,,0
vehicle_positions_13_134426.parquet,FAIL,20847,393,False,True,,0,,,0
vehicle_positions_13_134456.parquet,FAIL,20855,395,False,True,,0,,,0
vehicle_positions_13_134527.parquet,FAIL,21066,401,False,True,,0,,,0
vehicle_positions_13_134558.parquet,FAIL,21195,403,False,True,,0,,,0
vehicle_positions_13_134628.parquet,FAIL,21257,406,False,True,,0,,,0
vehicle_positions_13_134659.parquet,FAIL,21223,405,False,True,,0,,,0
vehicle_positions_13_134730.parquet,FAIL,21217,404,False,True,,0,,,0
vehicle_positions_13_134800.parquet,FAIL,21177,404,False,True,,0,,,0
vehicle_positions_13_134831.parquet,FAIL,21249,407,False,True,,0,,,0
vehicle_positions_13_134901.parquet,FAIL,21388,409,False,True,,0,,,0
vehicle_positions_13_134932.parquet,FAIL,21549,415,False,True,,0,,,0
vehicle_positions_13_135002.parquet,FAIL,21517,414,False,True,,0,,,0
vehicle_positions_13_135033.parquet,FAIL,21700,421,False,True,,0,,,0
vehicle_positions_13_135104.parquet,FAIL,21726,420,False,True,,0,,,0
vehicle_positions_13_135134.parquet,FAIL,21712,421,False,True,,0,,,0
vehicle_positions_13_135205.parquet,FAIL,21820,424,False,True,,0,,,0
vehicle_positions_13_135235.parquet,FAIL,21887,425,False,True,,0,,,0
vehicle_positions_13_135306.parquet,FAIL,21991,427,False,True,,0,,,0
vehicle_positions_13_135336.parquet,FAIL,22071,429,False,True,,0,,,0
vehicle_positions_13_135407.parquet,FAIL,22095,432,False,True,,0,,,0
vehicle_positions_13_135438.parquet,FAIL,22143,432,False,True,,0,,,0
vehicle_positions_13_135508.parquet,FAIL,22323,435,False,True,,0,,,0
vehicle_positions_13_135539.parquet,FAIL,22286,434,False,True,,0,,,0
vehicle_positions_13_135609.parquet,FAIL,22375,436,False,True,,0,,,0
vehicle_positions_13_135640.parquet,FAIL,22274,434,False,True,,0,,,0
vehicle_positions_13_135710.parquet,FAIL,22248,434,False,True,,0,,,0
vehicle_positions_13_135741.parquet,FAIL,22209,434,False,True,,0,,,0
vehicle_positions_13_135811.parquet,FAIL,22200,434,False,True,,0,,,0
vehicle_positions_13_135842.parquet,FAIL,22271,434,False,True,,0,,,0
vehicle_positions_13_135912.parquet,FAIL,22445,442,False,True,,0,,,0
vehicle_positions_13_135943.parquet,FAIL,22590,446,False,True,,0,,,0
vehicle_positions_14_140014.parquet,FAIL,22831,450,False,True,,0,,,0
vehicle_positions_14_140044.parquet,FAIL,22870,454,False,True,,0,,,0
vehicle_positions_14_140115.parquet,FAIL,22785,454,False,True,,0,,,0
vehicle_positions_14_140145.parquet,FAIL,22797,454,False,True,,0,,,0
vehicle_positions_14_140216.parquet,FAIL,22939,455,False,True,,0,,,0
vehicle_positions_14_140246.parquet,FAIL,22959,456,False,True,,0,,,0
vehicle_positions_14_140317.parquet,FAIL,22809,453,False,True,,0,,,0
vehicle_positions_14_140348.parquet,FAIL,22929,456,False,True,,0,,,0
vehicle_positions_14_140418.parquet,FAIL,23070,458,False,True,,0,,,0
vehicle_positions_14_140449.parquet,FAIL,23072,460,False,True,,0,,,0
vehicle_positions_14_140519.parquet,FAIL,23329,466,False,True,,0,,,0
vehicle_positions_14_140550.parquet,FAIL,23236,466,False,True,,0,,,0
vehicle_positions_14_140620.parquet,FAIL,23335,469,False,True,,0,,,0
vehicle_positions_14_140651.parquet,FAIL,23304,469,False,True,,0,,,0
vehicle_positions_14_140722.parquet,FAIL,23308,470,False,True,,0,,,0
vehicle_positions_14_140752.parquet,FAIL,23439,471,False,True,,0,,,0
vehicle_positions_14_140823.parquet,FAIL,23505,472,False,True,,0,,,0
vehicle_positions_14_140854.parquet,FAIL,23462,473,False,True,,0,,,0
vehicle_positions_14_140924.parquet,FAIL,23469,473,False,True,,0,,,0
vehicle_positions_14_140955.parquet,FAIL,23594,479,False,True,,0,,,0
vehicle_positions_14_141025.parquet,FAIL,23624,480,False,True,,0,,,0
vehicle_positions_14_141056.parquet,FAIL,23747,482,False,True,,0,,,0
vehicle_positions_14_141127.parquet,FAIL,23751,481,False,True,,0,,,0
vehicle_positions_14_141157.parquet,FAIL,23624,478,False,True,,0,,,0
vehicle_positions_14_141228.parquet,FAIL,23642,479,False,True,,0,,,0
vehicle_positions_14_141259.parquet,FAIL,23796,481,False,True,,0,,,0
vehicle_positions_14_141329.parquet,FAIL,23819,481,False,True,,0,,,0
vehicle_positions_14_141400.parquet,FAIL,23689,480,False,True,,0,,,0
vehicle_positions_14_141430.parquet,FAIL,23847,483,False,True,,0,,,0
vehicle_positions_14_141501.parquet,FAIL,23810,484,False,True,,0,,,0
vehicle_positions_14_141531.parquet,FAIL,23929,486,False,True,,0,,,0
vehicle_positions_14_141602.parquet,FAIL,24047,489,False,True,,0,,,0
vehicle_positions_14_141633.parquet,FAIL,24087,491,False,True,,0,,,0
vehicle_positions_14_141703.parquet,FAIL,24210,493,False,True,,0,,,0
vehicle_positions_14_141734.parquet,FAIL,24212,494,False,True,,0,,,0
vehicle_positions_14_141804.parquet,FAIL,24237,495,False,True,,0,,,0
vehicle_positions_14_141835.parquet,FAIL,24148,495,False,True,,0,,,0
vehicle_positions_14_141905.parquet,FAIL,24241,495,False,True,,0,,,0
vehicle_positions_14_141936.parquet,FAIL,24415,497,False,True,,0,,,0
vehicle_positions_14_142007.parquet,FAIL,24315,494,False,True,,0,,,0
vehicle_positions_14_142037.parquet,FAIL,24325,497,False,True,,0,,,0
vehicle_positions_14_142108.parquet,FAIL,24176,494,False,True,,0,,,0
vehicle_positions_14_142139.parquet,FAIL,24246,496,False,True,,0,,,0
vehicle_positions_14_142209.parquet,FAIL,24415,501,False,True,,0,,,0
vehicle_positions_14_142240.parquet,FAIL,24405,502,False,True,,0,,,0
vehicle_positions_14_142310.parquet,FAIL,24422,501,False,True,,0,,,0
vehicle_positions_14_142341.parquet,FAIL,24324,500,False,True,,0,,,0
vehicle_positions_14_142412.parquet,FAIL,24528,502,False,True,,0,,,0
vehicle_positions_14_142442.parquet,FAIL,24386,500,False,True,,0,,,0
vehicle_positions_14_142513.parquet,FAIL,24453,502,False,True,,0,,,0
vehicle_positions_14_142543.parquet,FAIL,24439,502,False,True,,0,,,0
vehicle_positions_14_142614.parquet,FAIL,24377,500,False,True,,0,,,0
vehicle_positions_14_142644.parquet,FAIL,24437,502,False,True,,0,,,0
vehicle_positions_14_142716.parquet,FAIL,24524,504,False,True,,0,,,0
vehicle_positions_14_142746.parquet,FAIL,24498,504,False,True,,0,,,0
vehicle_positions_14_142817.parquet,FAIL,24446,501,False,True,,0,,,0
vehicle_positions_14_142847.parquet,FAIL,24452,501,False,True,,0,,,0
vehicle_positions_14_142918.parquet,FAIL,24458,499,False,True,,0,,,0
vehicle_positions_14_142949.parquet,FAIL,24498,503,False,True,,0,,,0
vehicle_positions_14_143019.parquet,FAIL,24713,507,False,True,,0,,,0
vehicle_positions_14_143050.parquet,FAIL,24710,510,False,True,,0,,,0
vehicle_positions_14_143121.parquet,FAIL,25098,514,False,True,,0,,,0
vehicle_positions_14_143151.parquet,FAIL,25230,520,False,True,,0,,,0
vehicle_positions_14_143222.parquet,FAIL,25423,522,False,True,,0,,,0
vehicle_positions_14_143253.parquet,FAIL,25482,524,False,True,,0,,,0
vehicle_positions_14_143324.parquet,FAIL,25443,523,False,True,,0,,,0
vehicle_positions_14_143354.parquet,FAIL,25478,525,False,True,,0,,,0
vehicle_positions_14_143425.parquet,FAIL,25651,529,False,True,,0,,,0
vehicle_positions_14_143456.parquet,FAIL,25799,532,False,True,,0,,,0
vehicle_positions_14_143526.parquet,FAIL,25852,533,False,True,,0,,,0
vehicle_positions_14_143557.parquet,FAIL,25850,534,False,True,,0,,,0
vehicle_positions_14_143628.parquet,FAIL,25963,536,False,True,,0,,,0
vehicle_positions_14_143658.parquet,FAIL,25858,533,False,True,,0,,,0
vehicle_positions_14_143729.parquet,FAIL,25768,531,False,True,,0,,,0
vehicle_positions_14_143759.parquet,FAIL,25747,532,False,True,,0,,,0
vehicle_positions_14_143830.parquet,FAIL,25895,533,False,True,,0,,,0
vehicle_positions_14_143901.parquet,FAIL,25794,532,False,True,,0,,,0
vehicle_positions_14_143932.parquet,FAIL,25657,531,False,True,,0,,,0
vehicle_positions_14_144002.parquet,FAIL,25828,532,False,True,,0,,,0
vehicle_positions_14_144033.parquet,FAIL,25730,533,False,True,,0,,,0
vehicle_positions_14_144103.parquet,FAIL,25940,537,False,True,,0,,,0
vehicle_positions_14_144134.parquet,FAIL,25766,536,False,True,,0,,,0
vehicle_positions_14_144205.parquet,FAIL,25934,537,False,True,,0,,,0
vehicle_positions_14_144235.parquet,FAIL,25962,536,False,True,,0,,,0
vehicle_positions_14_144306.parquet,FAIL,25802,536,False,True,,0,,,0
vehicle_positions_14_144337.parquet,FAIL,25844,536,False,True,,0,,,0
vehicle_positions_14_144407.parquet,FAIL,26000,539,False,True,,0,,,0
vehicle_positions_14_144438.parquet,FAIL,25979,538,False,True,,0,,,0
vehicle_positions_14_144509.parquet,FAIL,26103,540,False,True,,0,,,0
vehicle_positions_14_144539.parquet,FAIL,26276,546,False,True,,0,,,0
vehicle_positions_14_144610.parquet,FAIL,26255,547,False,True,,0,,,0
vehicle_positions_14_144641.parquet,FAIL,26302,546,False,True,,0,,,0
vehicle_positions_14_144711.parquet,FAIL,26272,548,False,True,,0,,,0
vehicle_positions_14_144742.parquet,FAIL,26316,548,False,True,,0,,,0
vehicle_positions_14_144813.parquet,FAIL,26411,548,False,True,,0,,,0
vehicle_positions_14_144844.parquet,FAIL,26465,549,False,True,,0,,,0
vehicle_positions_14_144914.parquet,FAIL,26451,548,False,True,,0,,,0
vehicle_positions_14_144945.parquet,FAIL,26409,547,False,True,,0,,,0
vehicle_positions_14_145016.parquet,FAIL,26458,549,False,True,,0,,,0
vehicle_positions_14_145047.parquet,FAIL,26441,550,False,True,,0,,,0
vehicle_positions_14_145117.parquet,FAIL,26496,549,False,True,,0,,,0
vehicle_positions_14_145148.parquet,FAIL,26393,551,False,True,,0,,,0
vehicle_positions_14_145218.parquet,FAIL,26464,551,False,True,,0,,,0
vehicle_positions_14_145249.parquet,FAIL,26488,552,False,True,,0,,,0
vehicle_positions_14_145320.parquet,FAIL,26420,551,False,True,,0,,,0
vehicle_positions_14_145350.parquet,FAIL,26421,551,False,True,,0,,,0
vehicle_positions_14_145421.parquet,FAIL,26484,551,False,True,,0,,,0
vehicle_positions_14_145452.parquet,FAIL,26457,551,False,True,,0,,,0
vehicle_positions_14_145522.parquet,FAIL,26526,552,False,True,,0,,,0
vehicle_positions_14_145553.parquet,FAIL,26621,553,False,True,,0,,,0
vehicle_positions_14_145624.parquet,FAIL,26449,549,False,True,,0,,,0
vehicle_positions_14_145654.parquet,FAIL,26372,549,False,True,,0,,,0
vehicle_positions_14_145725.parquet,FAIL,26361,549,False,True,,0,,,0
vehicle_positions_14_145756.parquet,FAIL,26367,549,False,True,,0,,,0
vehicle_positions_14_145826.parquet,FAIL,26424,550,False,True,,0,,,0
vehicle_positions_14_145857.parquet,FAIL,26562,553,False,True,,0,,,0
vehicle_positions_14_145927.parquet,FAIL,26630,554,False,True,,0,,,0
vehicle_positions_14_145958.parquet,FAIL,26674,556,False,True,,0,,,0
vehicle_positions_15_150029.parquet,FAIL,26614,554,False,True,,0,,,0
vehicle_positions_15_150059.parquet,FAIL,26922,559,False,True,,0,,,0
vehicle_positions_15_150130.parquet,FAIL,27041,562,False,True,,0,,,0
vehicle_positions_15_150201.parquet,FAIL,27169,565,False,True,,0,,,0
vehicle_positions_15_150231.parquet,FAIL,27208,570,False,True,,0,,,0
vehicle_positions_15_150302.parquet,FAIL,27300,571,False,True,,0,,,0
vehicle_positions_15_150333.parquet,FAIL,27284,569,False,True,,0,,,0
vehicle_positions_15_150403.parquet,FAIL,27329,574,False,True,,0,,,0
vehicle_positions_15_150434.parquet,FAIL,27216,572,False,True,,0,,,0
vehicle_positions_15_150505.parquet,FAIL,27164,573,False,True,,0,,,0
vehicle_positions_15_150535.parquet,FAIL,27348,578,False,True,,0,,,0
vehicle_positions_15_150606.parquet,FAIL,27446,578,False,True,,0,,,0
vehicle_positions_15_150636.parquet,FAIL,27506,581,False,True,,0,,,0
vehicle_positions_15_150707.parquet,FAIL,27486,582,False,True,,0,,,0
vehicle_positions_15_150738.parquet,FAIL,27491,582,False,True,,0,,,0
vehicle_positions_15_150808.parquet,FAIL,27544,584,False,True,,0,,,0
vehicle_positions_15_150839.parquet,FAIL,27427,581,False,True,,0,,,0
vehicle_positions_15_150910.parquet,FAIL,27492,581,False,True,,0,,,0
vehicle_positions_15_150940.parquet,FAIL,27538,579,False,True,,0,,,0
vehicle_positions_15_151011.parquet,FAIL,27480,577,False,True,,0,,,0
vehicle_positions_15_151041.parquet,FAIL,27464,577,False,True,,0,,,0
vehicle_positions_15_151112.parquet,FAIL,27440,578,False,True,,0,,,0
vehicle_positions_15_151143.parquet,FAIL,27479,579,False,True,,0,,,0
vehicle_positions_15_151213.parquet,FAIL,27601,581,False,True,,0,,,0
vehicle_positions_15_151244.parquet,FAIL,27540,583,False,True,,0,,,0
vehicle_positions_15_151315.parquet,FAIL,27609,583,False,True,,0,,,0
vehicle_positions_15_151345.parquet,FAIL,27601,583,False,True,,0,,,0
vehicle_positions_15_151416.parquet,FAIL,27546,582,False,True,,0,,,0
vehicle_positions_15_151447.parquet,FAIL,27466,579,False,True,,0,,,0
vehicle_positions_15_151517.parquet,FAIL,27567,581,False,True,,0,,,0
vehicle_positions_15_151548.parquet,FAIL,27545,583,False,True,,0,,,0
vehicle_positions_15_151619.parquet,FAIL,27741,586,False,True,,0,,,0
vehicle_positions_15_151649.parquet,FAIL,27637,584,False,True,,0,,,0
vehicle_positions_15_151720.parquet,FAIL,27538,582,False,True,,0,,,0
vehicle_positions_15_151751.parquet,FAIL,27561,580,False,True,,0,,,0
vehicle_positions_15_151821.parquet,FAIL,27499,582,False,True,,0,,,0
vehicle_positions_15_151852.parquet,FAIL,27783,588,False,True,,0,,,0
vehicle_positions_15_151922.parquet,FAIL,27873,591,False,True,,0,,,0
vehicle_positions_15_151953.parquet,FAIL,27964,594,False,True,,0,,,0
vehicle_positions_15_152024.parquet,FAIL,28055,596,False,True,,0,,,0
vehicle_positions_15_152054.parquet,FAIL,28135,598,False,True,,0,,,0
vehicle_positions_15_152125.parquet,FAIL,28022,598,False,True,,0,,,0
vehicle_positions_15_152156.parquet,FAIL,28040,596,False,True,,0,,,0
vehicle_positions_15_152226.parquet,FAIL,27937,594,False,True,,0,,,0
vehicle_positions_15_152257.parquet,FAIL,27978,594,False,True,,0,,,0
vehicle_positions_15_152328.parquet,FAIL,27821,591,False,True,,0,,,0
vehicle_positions_15_152358.parquet,FAIL,27945,595,False,True,,0,,,0
vehicle_positions_15_152429.parquet,FAIL,27996,595,False,True,,0,,,0
vehicle_positions_15_152500.parquet,FAIL,27867,594,False,True,,0,,,0
vehicle_positions_15_152530.parquet,FAIL,27985,594,False,True,,0,,,0
vehicle_positions_15_152601.parquet,FAIL,27891,595,False,True,,0,,,0
vehicle_positions_15_152631.parquet,FAIL,27854,591,False,True,,0,,,0
vehicle_positions_15_152702.parquet,FAIL,27893,592,False,True,,0,,,0
vehicle_positions_15_152733.parquet,FAIL,27797,592,False,True,,0,,,0
vehicle_positions_15_152803.parquet,FAIL,27932,594,False,True,,0,,,0
vehicle_positions_15_152834.parquet,FAIL,28072,596,False,True,,0,,,0
vehicle_positions_15_152905.parquet,FAIL,28022,597,False,True,,0,,,0
vehicle_positions_15_152935.parquet,FAIL,28003,595,False,True,,0,,,0
vehicle_positions_15_153006.parquet,FAIL,28065,596,False,True,,0,,,0
vehicle_positions_15_153037.parquet,FAIL,28285,602,False,True,,0,,,0
vehicle_positions_15_153107.parquet,FAIL,28105,602,False,True,,0,,,0
vehicle_positions_15_153138.parquet,FAIL,28249,601,False,True,,0,,,0
vehicle_positions_15_153209.parquet,FAIL,28131,600,False,True,,0,,,0
vehicle_positions_15_153239.parquet,FAIL,28288,602,False,True,,0,,,0
vehicle_positions_15_153310.parquet,FAIL,28134,599,False,True,,0,,,0
vehicle_positions_15_153340.parquet,FAIL,28346,605,False,True,,0,,,0
vehicle_positions_15_153411.parquet,FAIL,28265,605,False,True,,0,,,0
vehicle_positions_15_153442.parquet,FAIL,28408,607,False,True,,0,,,0
vehicle_positions_15_153512.parquet,FAIL,28386,607,False,True,,0,,,0
vehicle_positions_15_153543.parquet,FAIL,28463,608,False,True,,0,,,0
vehicle_positions_15_153614.parquet,FAIL,28610,612,False,True,,0,,,0
vehicle_positions_15_153644.parquet,FAIL,28530,612,False,True,,0,,,0
vehicle_positions_15_153715.parquet,FAIL,28579,611,False,True,,0,,,0
vehicle_positions_15_153745.parquet,FAIL,28650,613,False,True,,0,,,0
vehicle_positions_15_153816.parquet,FAIL,28561,609,False,True,,0,,,0
vehicle_positions_15_153847.parquet,FAIL,28425,608,False,True,,0,,,0
vehicle_positions_15_153918.parquet,FAIL,28466,610,False,True,,0,,,0
vehicle_positions_15_153948.parquet,FAIL,28510,612,False,True,,0,,,0
vehicle_positions_15_154019.parquet,FAIL,28536,615,False,True,,0,,,0
vehicle_positions_15_154049.parquet,FAIL,28784,619,False,True,,0,,,0
vehicle_positions_15_154120.parquet,FAIL,28827,620,False,True,,0,,,0
vehicle_positions_15_154151.parquet,FAIL,28823,620,False,True,,0,,,0
vehicle_positions_15_154221.parquet,FAIL,28868,620,False,True,,0,,,0
vehicle_positions_15_154252.parquet,FAIL,28759,620,False,True,,0,,,0
vehicle_positions_15_154322.parquet,FAIL,28751,618,False,True,,0,,,0
vehicle_positions_15_154353.parquet,FAIL,28794,620,False,True,,0,,,0
vehicle_positions_15_154424.parquet,FAIL,28579,612,False,True,,0,,,0
vehicle_positions_15_154454.parquet,FAIL,28526,610,False,True,,0,,,0
vehicle_positions_15_154525.parquet,FAIL,28626,609,False,True,,0,,,0
vehicle_positions_15_154556.parquet,FAIL,28552,613,False,True,,0,,,0
vehicle_positions_15_154626.parquet,FAIL,28606,613,False,True,,0,,,0
vehicle_positions_15_154657.parquet,FAIL,28530,612,False,True,,0,,,0
vehicle_positions_15_154728.parquet,FAIL,28530,612,False,True,,0,,,0
vehicle_positions_15_154758.parquet,FAIL,28649,613,False,True,,0,,,0
vehicle_positions_15_154829.parquet,FAIL,28632,614,False,True,,0,,,0
vehicle_positions_15_154900.parquet,FAIL,28594,615,False,True,,0,,,0
vehicle_positions_15_154930.parquet,FAIL,28568,615,False,True,,0,,,0
vehicle_positions_15_155001.parquet,FAIL,28643,614,False,True,,0,,,0
vehicle_positions_15_155032.parquet,FAIL,28795,620,False,True,,0,,,0
vehicle_positions_15_155103.parquet,FAIL,28688,619,False,True,,0,,,0
vehicle_positions_15_155133.parquet,FAIL,28761,620,False,True,,0,,,0
vehicle_positions_15_155204.parquet,FAIL,28836,621,False,True,,0,,,0
vehicle_positions_15_155235.parquet,FAIL,28859,623,False,True,,0,,,0
vehicle_positions_15_155305.parquet,FAIL,28882,622,False,True,,0,,,0
vehicle_positions_15_155336.parquet,FAIL,28899,624,False,True,,0,,,0
vehicle_positions_15_155406.parquet,FAIL,28975,624,False,True,,0,,,0
vehicle_positions_15_155437.parquet,FAIL,28752,620,False,True,,0,,,0
vehicle_positions_15_155508.parquet,FAIL,28859,622,False,True,,0,,,0
vehicle_positions_15_155538.parquet,FAIL,28724,623,False,True,,0,,,0
vehicle_positions_15_155609.parquet,FAIL,28788,623,False,True,,0,,,0
vehicle_positions_15_155640.parquet,FAIL,29002,625,False,True,,0,,,0
vehicle_positions_15_155710.parquet,FAIL,29051,628,False,True,,0,,,0
vehicle_positions_15_155741.parquet,FAIL,28948,626,False,True,,0,,,0
vehicle_positions_15_155811.parquet,FAIL,29066,629,False,True,,0,,,0
vehicle_positions_15_155842.parquet,FAIL,29226,633,False,True,,0,,,0
vehicle_positions_15_155913.parquet,FAIL,29122,630,False,True,,0,,,0
vehicle_positions_15_155943.parquet,FAIL,29084,632,False,True,,0,,,0
vehicle_positions_16_160014.parquet,FAIL,29260,634,False,True,,0,,,0
vehicle_positions_16_160045.parquet,FAIL,29575,642,False,True,,0,,,0
vehicle_positions_16_160118.parquet,FAIL,29496,642,False,True,,0,,,0
vehicle_positions_16_160148.parquet,FAIL,29463,642,False,True,,0,,,0
vehicle_positions_16_160219.parquet,FAIL,29577,647,False,True,,0,,,0
vehicle_positions_16_160250.parquet,FAIL,29688,647,False,True,,0,,,0
vehicle_positions_16_160320.parquet,FAIL,29793,651,False,True,,0,,,0
vehicle_positions_16_160351.parquet,FAIL,29947,656,False,True,,0,,,0
vehicle_positions_16_160422.parquet,FAIL,29899,656,False,True,,0,,,0
vehicle_positions_16_160452.parquet,FAIL,29917,657,False,True,,0,,,0
vehicle_positions_16_160523.parquet,FAIL,30135,658,False,True,,0,,,0
vehicle_positions_16_160554.parquet,FAIL,30117,659,False,True,,0,,,0
vehicle_positions_16_160624.parquet,FAIL,30090,660,False,True,,0,,,0
vehicle_positions_16_160655.parquet,FAIL,30104,660,False,True,,0,,,0
vehicle_positions_16_160726.parquet,FAIL,30100,661,False,True,,0,,,0
vehicle_positions_16_160756.parquet,FAIL,30216,664,False,True,,0,,,0
vehicle_positions_16_160827.parquet,FAIL,30087,664,False,True,,0,,,0
vehicle_positions_16_160858.parquet,FAIL,30121,662,False,True,,0,,,0
vehicle_positions_16_160928.parquet,FAIL,30169,660,False,True,,0,,,0
vehicle_positions_16_160959.parquet,FAIL,30225,659,False,True,,0,,,0
vehicle_positions_16_161030.parquet,FAIL,30192,660,False,True,,0,,,0
vehicle_positions_16_161100.parquet,FAIL,30209,660,False,True,,0,,,0
vehicle_positions_16_161131.parquet,FAIL,29981,656,False,True,,0,,,0
vehicle_positions_16_161202.parquet,FAIL,29915,655,False,True,,0,,,0
vehicle_positions_16_161232.parquet,FAIL,30076,657,False,True,,0,,,0
vehicle_positions_16_161303.parquet,FAIL,30056,658,False,True,,0,,,0
vehicle_positions_16_161333.parquet,FAIL,29869,654,False,True,,0,,,0
vehicle_positions_16_161404.parquet,FAIL,29999,653,False,True,,0,,,0
vehicle_positions_16_161435.parquet,FAIL,29867,654,False,True,,0,,,0
vehicle_positions_16_161505.parquet,FAIL,30128,659,False,True,,0,,,0
vehicle_positions_16_161536.parquet,FAIL,30065,658,False,True,,0,,,0
vehicle_positions_16_161607.parquet,FAIL,29999,661,False,True,,0,,,0
vehicle_positions_16_161639.parquet,FAIL,30081,660,False,True,,0,,,0
vehicle_positions_16_161710.parquet,FAIL,30070,660,False,True,,0,,,0
vehicle_positions_16_161740.parquet,FAIL,30013,659,False,True,,0,,,0
vehicle_positions_16_161811.parquet,FAIL,30066,661,False,True,,0,,,0
vehicle_positions_16_161841.parquet,FAIL,30054,662,False,True,,0,,,0
vehicle_positions_16_161912.parquet,FAIL,29903,662,False,True,,0,,,0
vehicle_positions_16_161943.parquet,FAIL,29997,661,False,True,,0,,,0
vehicle_positions_16_162013.parquet,FAIL,30033,663,False,True,,0,,,0
vehicle_positions_16_162044.parquet,FAIL,30152,666,False,True,,0,,,0
vehicle_positions_16_162115.parquet,FAIL,30123,665,False,True,,0,,,0
vehicle_positions_16_162146.parquet,FAIL,30317,665,False,True,,0,,,0
vehicle_positions_16_162217.parquet,FAIL,30311,665,False,True,,0,,,0
vehicle_positions_16_162248.parquet,FAIL,30334,667,False,True,,0,,,0
vehicle_positions_16_162318.parquet,FAIL,30374,667,False,True,,0,,,0
vehicle_positions_16_162349.parquet,FAIL,30356,669,False,True,,0,,,0
vehicle_positions_16_162420.parquet,FAIL,30359,669,False,True,,0,,,0
vehicle_positions_16_162450.parquet,FAIL,30268,667,False,True,,0,,,0
vehicle_positions_16_162521.parquet,FAIL,30341,669,False,True,,0,,,0
vehicle_positions_16_162552.parquet,FAIL,30501,670,False,True,,0,,,0
vehicle_positions_16_162622.parquet,FAIL,30337,670,False,True,,0,,,0
vehicle_positions_16_162653.parquet,FAIL,30427,670,False,True,,0,,,0
vehicle_positions_16_162723.parquet,FAIL,30454,669,False,True,,0,,,0
vehicle_positions_16_162754.parquet,FAIL,30282,665,False,True,,0,,,0
vehicle_positions_16_162825.parquet,FAIL,30267,667,False,True,,0,,,0
vehicle_positions_16_162856.parquet,FAIL,30358,669,False,True,,0,,,0
vehicle_positions_16_162926.parquet,FAIL,30458,671,False,True,,0,,,0
vehicle_positions_16_162957.parquet,FAIL,30501,672,False,True,,0,,,0
vehicle_positions_16_163027.parquet,FAIL,30520,677,False,True,,0,,,0
vehicle_positions_16_163058.parquet,FAIL,30646,679,False,True,,0,,,0
vehicle_positions_16_163129.parquet,FAIL,30641,677,False,True,,0,,,0
vehicle_positions_16_163159.parquet,FAIL,30474,676,False,True,,0,,,0
vehicle_positions_16_163230.parquet,FAIL,30651,677,False,True,,0,,,0
vehicle_positions_16_163301.parquet,FAIL,30687,677,False,True,,0,,,0
vehicle_positions_16_163332.parquet,FAIL,30886,681,False,True,,0,,,0
vehicle_positions_16_163402.parquet,FAIL,30864,680,False,True,,0,,,0
vehicle_positions_16_163433.parquet,FAIL,30890,684,False,True,,0,,,0
vehicle_positions_16_163503.parquet,FAIL,30840,683,False,True,,0,,,0
vehicle_positions_16_163534.parquet,FAIL,30748,683,False,True,,0,,,0
vehicle_positions_16_163605.parquet,FAIL,30834,683,False,True,,0,,,0
vehicle_positions_16_163635.parquet,FAIL,30933,683,False,True,,0,,,0
vehicle_positions_16_163706.parquet,FAIL,30638,678,False,True,,0,,,0
vehicle_positions_16_163737.parquet,FAIL,30705,680,False,True,,0,,,0
vehicle_positions_16_163807.parquet,FAIL,30572,679,False,True,,0,,,0
vehicle_positions_16_163838.parquet,FAIL,30769,682,False,True,,0,,,0
vehicle_positions_16_163909.parquet,FAIL,30854,681,False,True,,0,,,0
vehicle_positions_16_163941.parquet,FAIL,30922,683,False,True,,0,,,0
vehicle_positions_16_164012.parquet,FAIL,30845,681,False,True,,0,,,0
vehicle_positions_16_164043.parquet,FAIL,30858,682,False,True,,0,,,0
vehicle_positions_16_164113.parquet,FAIL,30889,682,False,True,,0,,,0
vehicle_positions_16_164144.parquet,FAIL,30852,682,False,True,,0,,,0
vehicle_positions_16_164215.parquet,FAIL,30677,679,False,True,,0,,,0
vehicle_positions_16_164245.parquet,FAIL,30870,685,False,True,,0,,,0
vehicle_positions_16_164316.parquet,FAIL,30946,685,False,True,,0,,,0
vehicle_positions_16_164347.parquet,FAIL,31129,684,False,True,,0,,,0
vehicle_positions_16_164417.parquet,FAIL,30960,687,False,True,,0,,,0
vehicle_positions_16_164448.parquet,FAIL,31246,692,False,True,,0,,,0
vehicle_positions_16_164518.parquet,FAIL,31146,691,False,True,,0,,,0
vehicle_positions_16_164549.parquet,FAIL,31094,694,False,True,,0,,,0
vehicle_positions_16_164620.parquet,FAIL,31109,694,False,True,,0,,,0
vehicle_positions_16_164650.parquet,FAIL,31037,695,False,True,,0,,,0
vehicle_positions_16_164721.parquet,FAIL,31254,695,False,True,,0,,,0
vehicle_positions_16_164752.parquet,FAIL,31086,694,False,True,,0,,,0
vehicle_positions_16_164822.parquet,FAIL,31203,693,False,True,,0,,,0
vehicle_positions_16_164853.parquet,FAIL,31094,694,False,True,,0,,,0
vehicle_positions_16_164923.parquet,FAIL,31070,692,False,True,,0,,,0
vehicle_positions_16_164954.parquet,FAIL,31190,696,False,True,,0,,,0
vehicle_positions_16_165025.parquet,FAIL,31238,697,False,True,,0,,,0
vehicle_positions_16_165055.parquet,FAIL,31265,698,False,True,,0,,,0
vehicle_positions_16_165126.parquet,FAIL,31211,697,False,True,,0,,,0
vehicle_positions_16_165157.parquet,FAIL,31084,695,False,True,,0,,,0
vehicle_positions_16_165227.parquet,FAIL,31033,693,False,True,,0,,,0
vehicle_positions_16_165258.parquet,FAIL,31052,693,False,True,,0,,,0
vehicle_positions_16_165329.parquet,FAIL,30991,695,False,True,,0,,,0
vehicle_positions_16_165359.parquet,FAIL,30919,693,False,True,,0,,,0
vehicle_positions_16_165430.parquet,FAIL,31135,695,False,True,,0,,,0
vehicle_positions_16_165500.parquet,FAIL,31251,698,False,True,,0,,,0
vehicle_positions_16_165531.parquet,FAIL,31322,702,False,True,,0,,,0
vehicle_positions_16_165602.parquet,FAIL,31356,702,False,True,,0,,,0
vehicle_positions_16_165632.parquet,FAIL,31389,706,False,True,,0,,,0
vehicle_positions_16_165703.parquet,FAIL,31433,704,False,True,,0,,,0
vehicle_positions_16_165734.parquet,FAIL,31245,701,False,True,,0,,,0
vehicle_positions_16_165811.parquet,FAIL,31247,699,False,True,,0,,,0
vehicle_positions_16_165842.parquet,FAIL,31242,697,False,True,,0,,,0
vehicle_positions_16_165913.parquet,FAIL,31202,698,False,True,,0,,,0
vehicle_positions_16_165944.parquet,FAIL,31271,700,False,True,,0,,,0
vehicle_positions_17_170014.parquet,FAIL,31435,704,False,True,,0,,,0
vehicle_positions_17_170045.parquet,FAIL,31621,708,False,True,,0,,,0
vehicle_positions_17_170115.parquet,FAIL,31668,705,False,True,,0,,,0
vehicle_positions_17_170146.parquet,FAIL,31655,705,False,True,,0,,,0
vehicle_positions_17_170218.parquet,FAIL,31588,708,False,True,,0,,,0
vehicle_positions_17_170249.parquet,FAIL,31632,707,False,True,,0,,,0
vehicle_positions_17_170320.parquet,FAIL,31479,705,False,True,,0,,,0
vehicle_positions_17_170350.parquet,FAIL,31452,705,False,True,,0,,,0
vehicle_positions_17_170421.parquet,FAIL,31295,704,False,True,,0,,,0
vehicle_positions_17_170451.parquet,FAIL,31488,708,False,True,,0,,,0
vehicle_positions_17_170522.parquet,FAIL,31574,710,False,True,,0,,,0
vehicle_positions_17_170554.parquet,FAIL,31579,710,False,True,,0,,,0
vehicle_positions_17_170625.parquet,FAIL,31636,708,False,True,,0,,,0
vehicle_positions_17_170656.parquet,FAIL,31570,707,False,True,,0,,,0
vehicle_positions_17_170726.parquet,FAIL,31530,707,False,True,,0,,,0
vehicle_positions_17_170757.parquet,FAIL,31469,707,False,True,,0,,,0
vehicle_positions_17_170827.parquet,FAIL,31575,709,False,True,,0,,,0
vehicle_positions_17_170858.parquet,FAIL,31586,707,False,True,,0,,,0
vehicle_positions_17_170929.parquet,FAIL,31544,704,False,True,,0,,,0
vehicle_positions_17_170959.parquet,FAIL,31539,705,False,True,,0,,,0
vehicle_positions_17_171030.parquet,FAIL,31625,706,False,True,,0,,,0
vehicle_positions_17_171101.parquet,FAIL,31588,707,False,True,,0,,,0
vehicle_positions_17_171131.parquet,FAIL,31571,708,False,True,,0,,,0
vehicle_positions_17_171202.parquet,FAIL,31579,708,False,True,,0,,,0
vehicle_positions_17_171233.parquet,FAIL,31650,711,False,True,,0,,,0
vehicle_positions_17_171303.parquet,FAIL,31781,712,False,True,,0,,,0
vehicle_positions_17_171334.parquet,FAIL,31823,714,False,True,,0,,,0
vehicle_positions_17_171405.parquet,FAIL,31919,714,False,True,,0,,,0
vehicle_positions_17_171435.parquet,FAIL,31758,713,False,True,,0,,,0
vehicle_positions_17_171506.parquet,FAIL,31844,715,False,True,,0,,,0
vehicle_positions_17_171537.parquet,FAIL,31753,715,False,True,,0,,,0
vehicle_positions_17_171607.parquet,FAIL,31891,716,False,True,,0,,,0
vehicle_positions_17_171638.parquet,FAIL,31775,715,False,True,,0,,,0
vehicle_positions_17_171709.parquet,FAIL,31839,715,False,True,,0,,,0
vehicle_positions_17_171739.parquet,FAIL,31858,716,False,True,,0,,,0
vehicle_positions_17_171810.parquet,FAIL,31937,717,False,True,,0,,,0
vehicle_positions_17_171840.parquet,FAIL,31700,714,False,True,,0,,,0
vehicle_positions_17_171911.parquet,FAIL,31618,711,False,True,,0,,,0
vehicle_positions_17_171942.parquet,FAIL,31687,711,False,True,,0,,,0
vehicle_positions_17_172012.parquet,FAIL,31811,716,False,True,,0,,,0
vehicle_positions_17_172043.parquet,FAIL,31821,719,False,True,,0,,,0
vehicle_positions_17_172114.parquet,FAIL,31951,721,False,True,,0,,,0
vehicle_positions_17_172144.parquet,FAIL,31921,721,False,True,,0,,,0
vehicle_positions_17_172215.parquet,FAIL,31961,720,False,True,,0,,,0
vehicle_positions_17_172246.parquet,FAIL,31959,720,False,True,,0,,,0
vehicle_positions_17_172316.parquet,FAIL,31903,718,False,True,,0,,,0
vehicle_positions_17_172347.parquet,FAIL,31875,718,False,True,,0,,,0
vehicle_positions_17_172418.parquet,FAIL,31949,720,False,True,,0,,,0
vehicle_positions_17_172448.parquet,FAIL,32080,721,False,True,,0,,,0
vehicle_positions_17_172519.parquet,FAIL,32166,723,False,True,,0,,,0
vehicle_positions_17_172550.parquet,FAIL,31998,721,False,True,,0,,,0
vehicle_positions_17_172620.parquet,FAIL,32066,722,False,True,,0,,,0
vehicle_positions_17_172651.parquet,FAIL,32068,722,False,True,,0,,,0
vehicle_positions_17_172722.parquet,FAIL,32006,721,False,True,,0,,,0
vehicle_positions_17_172752.parquet,FAIL,32063,721,False,True,,0,,,0
vehicle_positions_17_172823.parquet,FAIL,32001,720,False,True,,0,,,0
vehicle_positions_17_172854.parquet,FAIL,31854,720,False,True,,0,,,0
vehicle_positions_17_172924.parquet,FAIL,32027,721,False,True,,0,,,0
vehicle_positions_17_172955.parquet,FAIL,32132,721,False,True,,0,,,0
vehicle_positions_17_173025.parquet,FAIL,32148,722,False,True,,0,,,0
vehicle_positions_17_173057.parquet,FAIL,32162,724,False,True,,0,,,0
vehicle_positions_17_173127.parquet,FAIL,32078,723,False,True,,0,,,0
vehicle_positions_17_173158.parquet,FAIL,32121,724,False,True,,0,,,0
vehicle_positions_17_173229.parquet,FAIL,32102,723,False,True,,0,,,0
vehicle_positions_17_173259.parquet,FAIL,32170,722,False,True,,0,,,0
vehicle_positions_17_173330.parquet,FAIL,32025,719,False,True,,0,,,0
vehicle_positions_17_173402.parquet,FAIL,32133,724,False,True,,0,,,0
vehicle_positions_17_173432.parquet,FAIL,32288,726,False,True,,0,,,0
vehicle_positions_17_173503.parquet,FAIL,32210,726,False,True,,0,,,0
vehicle_positions_17_173534.parquet,FAIL,32304,729,False,True,,0,,,0
vehicle_positions_17_173604.parquet,FAIL,32306,732,False,True,,0,,,0
vehicle_positions_17_173635.parquet,FAIL,32395,732,False,True,,0,,,0
vehicle_positions_17_173706.parquet,FAIL,32319,730,False,True,,0,,,0
vehicle_positions_17_173736.parquet,FAIL,32377,733,False,True,,0,,,0
vehicle_positions_17_173807.parquet,FAIL,32442,734,False,True,,0,,,0
vehicle_positions_17_173837.parquet,FAIL,32316,731,False,True,,0,,,0
vehicle_positions_17_173908.parquet,FAIL,32228,729,False,True,,0,,,0
vehicle_positions_17_173938.parquet,FAIL,32144,726,False,True,,0,,,0
vehicle_positions_17_174009.parquet,FAIL,32115,726,False,True,,0,,,0
vehicle_positions_17_174041.parquet,FAIL,32225,730,False,True,,0,,,0
vehicle_positions_17_174111.parquet,FAIL,32269,731,False,True,,0,,,0
vehicle_positions_17_174142.parquet,FAIL,32313,731,False,True,,0,,,0
vehicle_positions_17_174212.parquet,FAIL,32287,730,False,True,,0,,,0
vehicle_positions_17_174243.parquet,FAIL,32312,730,False,True,,0,,,0
vehicle_positions_17_174314.parquet,FAIL,32285,730,False,True,,0,,,0
vehicle_positions_17_174344.parquet,FAIL,32239,729,False,True,,0,,,0
vehicle_positions_17_174415.parquet,FAIL,32279,730,False,True,,0,,,0
vehicle_positions_17_174446.parquet,FAIL,32274,729,False,True,,0,,,0
vehicle_positions_17_174516.parquet,FAIL,32143,728,False,True,,0,,,0
vehicle_positions_17_174547.parquet,FAIL,32184,727,False,True,,0,,,0
vehicle_positions_17_174617.parquet,FAIL,32108,726,False,True,,0,,,0
vehicle_positions_17_174648.parquet,FAIL,32221,729,False,True,,0,,,0
vehicle_positions_17_174719.parquet,FAIL,32332,730,False,True,,0,,,0
vehicle_positions_17_174749.parquet,FAIL,32225,729,False,True,,0,,,0
vehicle_positions_17_174820.parquet,FAIL,32166,727,False,True,,0,,,0
vehicle_positions_17_174851.parquet,FAIL,32365,731,False,True,,0,,,0
vehicle_positions_17_174921.parquet,FAIL,32423,733,False,True,,0,,,0
vehicle_positions_17_174952.parquet,FAIL,32381,734,False,True,,0,,,0
vehicle_positions_17_175023.parquet,FAIL,32394,731,False,True,,0,,,0
vehicle_positions_17_175053.parquet,FAIL,32228,729,False,True,,0,,,0
vehicle_positions_17_175124.parquet,FAIL,32340,729,False,True,,0,,,0
vehicle_positions_17_175155.parquet,FAIL,32361,731,False,True,,0,,,0
vehicle_positions_17_175225.parquet,FAIL,32407,734,False,True,,0,,,0
vehicle_positions_17_175256.parquet,FAIL,32396,734,False,True,,0,,,0
vehicle_positions_17_175327.parquet,FAIL,32452,736,False,True,,0,,,0
vehicle_positions_17_175357.parquet,FAIL,32595,737,False,True,,0,,,0
vehicle_positions_17_175428.parquet,FAIL,32426,733,False,True,,0,,,0
vehicle_positions_17_175458.parquet,FAIL,32284,731,False,True,,0,,,0
vehicle_positions_17_175529.parquet,FAIL,32328,730,False,True,,0,,,0
vehicle_positions_17_175600.parquet,FAIL,32214,732,False,True,,0,,,0
vehicle_positions_17_175630.parquet,FAIL,32378,733,False,True,,0,,,0
vehicle_positions_17_175701.parquet,FAIL,32422,735,False,True,,0,,,0
vehicle_positions_17_175732.parquet,FAIL,32425,735,False,True,,0,,,0
vehicle_positions_17_175802.parquet,FAIL,32343,736,False,True,,0,,,0
vehicle_positions_17_175833.parquet,FAIL,32320,736,False,True,,0,,,0
vehicle_positions_17_175903.parquet,FAIL,32595,740,False,True,,0,,,0
vehicle_positions_17_175934.parquet,FAIL,32623,743,False,True,,0,,,0
vehicle_positions_18_180005.parquet,FAIL,32812,744,False,True,,0,,,0
vehicle_positions_18_180035.parquet,FAIL,32711,745,False,True,,0,,,0
vehicle_positions_18_180106.parquet,FAIL,32723,748,False,True,,0,,,0
vehicle_positions_18_180137.parquet,FAIL,32921,749,False,True,,0,,,0
vehicle_positions_18_180207.parquet,FAIL,32878,752,False,True,,0,,,0
vehicle_positions_18_180238.parquet,FAIL,32877,753,False,True,,0,,,0
vehicle_positions_18_180308.parquet,FAIL,32964,752,False,True,,0,,,0
vehicle_positions_18_180339.parquet,FAIL,32881,752,False,True,,0,,,0
vehicle_positions_18_180410.parquet,FAIL,33070,755,False,True,,0,,,0
vehicle_positions_18_180441.parquet,FAIL,33015,752,False,True,,0,,,0
vehicle_positions_18_180511.parquet,FAIL,32908,750,False,True,,0,,,0
vehicle_positions_18_180543.parquet,FAIL,32987,755,False,True,,0,,,0
vehicle_positions_18_180614.parquet,FAIL,32929,751,False,True,,0,,,0
vehicle_positions_18_180644.parquet,FAIL,32971,752,False,True,,0,,,0
vehicle_positions_18_180715.parquet,FAIL,32983,750,False,True,,0,,,0
vehicle_positions_18_180745.parquet,FAIL,32866,749,False,True,,0,,,0
vehicle_positions_18_180817.parquet,FAIL,32999,751,False,True,,0,,,0
vehicle_positions_18_180848.parquet,FAIL,32920,749,False,True,,0,,,0
vehicle_positions_18_180919.parquet,FAIL,32851,750,False,True,,0,,,0
vehicle_positions_18_180949.parquet,FAIL,32897,750,False,True,,0,,,0
vehicle_positions_18_181020.parquet,FAIL,33060,753,False,True,,0,,,0
vehicle_positions_18_181050.parquet,FAIL,32945,752,False,True,,0,,,0
vehicle_positions_18_181121.parquet,FAIL,32873,752,False,True,,0,,,0
vehicle_positions_18_181152.parquet,FAIL,32944,753,False,True,,0,,,0
vehicle_positions_18_181222.parquet,FAIL,33027,754,False,True,,0,,,0
vehicle_positions_18_181253.parquet,FAIL,33072,755,False,True,,0,,,0
vehicle_positions_18_181324.parquet,FAIL,33082,753,False,True,,0,,,0
vehicle_positions_18_181355.parquet,FAIL,32907,753,False,True,,0,,,0
vehicle_positions_18_181426.parquet,FAIL,32811,752,False,True,,0,,,0
vehicle_positions_18_181457.parquet,FAIL,32976,754,False,True,,0,,,0
vehicle_positions_18_181527.parquet,FAIL,32938,753,False,True,,0,,,0
vehicle_positions_18_181558.parquet,FAIL,32952,753,False,True,,0,,,0
vehicle_positions_18_181629.parquet,FAIL,32936,754,False,True,,0,,,0
vehicle_positions_18_181659.parquet,FAIL,32934,756,False,True,,0,,,0
vehicle_positions_18_181730.parquet,FAIL,32958,755,False,True,,0,,,0
vehicle_positions_18_181801.parquet,FAIL,33013,756,False,True,,0,,,0
vehicle_positions_18_181832.parquet,FAIL,33010,756,False,True,,0,,,0
vehicle_positions_18_181902.parquet,FAIL,33089,760,False,True,,0,,,0
vehicle_positions_18_181933.parquet,FAIL,32979,758,False,True,,0,,,0
vehicle_positions_18_182003.parquet,FAIL,33196,761,False,True,,0,,,0
vehicle_positions_18_182035.parquet,FAIL,33200,764,False,True,,0,,,0
vehicle_positions_18_182105.parquet,FAIL,33320,763,False,True,,0,,,0
vehicle_positions_18_182136.parquet,FAIL,33296,761,False,True,,0,,,0
vehicle_positions_18_182207.parquet,FAIL,33080,759,False,True,,0,,,0
vehicle_positions_18_182237.parquet,FAIL,32902,756,False,True,,0,,,0
vehicle_positions_18_182308.parquet,FAIL,33000,754,False,True,,0,,,0
vehicle_positions_18_182339.parquet,FAIL,32964,755,False,True,,0,,,0
vehicle_positions_18_182411.parquet,FAIL,33168,758,False,True,,0,,,0
vehicle_positions_18_182442.parquet,FAIL,33161,759,False,True,,0,,,0
vehicle_positions_18_182512.parquet,FAIL,33269,763,False,True,,0,,,0
vehicle_positions_18_182543.parquet,FAIL,33441,763,False,True,,0,,,0
vehicle_positions_18_182613.parquet,FAIL,33251,763,False,True,,0,,,0
vehicle_positions_18_182644.parquet,FAIL,33151,760,False,True,,0,,,0
vehicle_positions_18_182715.parquet,FAIL,33346,762,False,True,,0,,,0
vehicle_positions_18_182745.parquet,FAIL,33347,762,False,True,,0,,,0
vehicle_positions_18_182816.parquet,FAIL,33437,767,False,True,,0,,,0
vehicle_positions_18_182847.parquet,FAIL,33518,769,False,True,,0,,,0
vehicle_positions_18_182917.parquet,FAIL,33545,770,False,True,,0,,,0
vehicle_positions_18_182948.parquet,FAIL,33665,772,False,True,,0,,,0
vehicle_positions_18_183019.parquet,FAIL,33601,770,False,True,,0,,,0
vehicle_positions_18_183049.parquet,FAIL,33656,774,False,True,,0,,,0
vehicle_positions_18_183120.parquet,FAIL,33557,774,False,True,,0,,,0
vehicle_positions_18_183150.parquet,FAIL,33397,770,False,True,,0,,,0
vehicle_positions_18_183223.parquet,FAIL,33290,768,False,True,,0,,,0
vehicle_positions_18_183253.parquet,FAIL,33554,771,False,True,,0,,,0
vehicle_positions_18_183324.parquet,FAIL,33614,772,False,True,,0,,,0
vehicle_positions_18_183355.parquet,FAIL,33547,769,False,True,,0,,,0
vehicle_positions_18_183425.parquet,FAIL,33680,772,False,True,,0,,,0
vehicle_positions_18_183456.parquet,FAIL,33648,773,False,True,,0,,,0
vehicle_positions_18_183526.parquet,FAIL,33626,771,False,True,,0,,,0
vehicle_positions_18_183557.parquet,FAIL,33585,773,False,True,,0,,,0
vehicle_positions_18_183628.parquet,FAIL,33697,772,False,True,,0,,,0
vehicle_positions_18_183658.parquet,FAIL,33652,772,False,True,,0,,,0
vehicle_positions_18_183729.parquet,FAIL,33612,772,False,True,,0,,,0
vehicle_positions_18_183800.parquet,FAIL,33472,768,False,True,,0,,,0
vehicle_positions_18_183830.parquet,FAIL,33286,765,False,True,,0,,,0
vehicle_positions_18_183902.parquet,FAIL,33340,767,False,True,,0,,,0
vehicle_positions_18_183932.parquet,FAIL,33554,771,False,True,,0,,,0
vehicle_positions_18_184003.parquet,FAIL,33566,771,False,True,,0,,,0
vehicle_positions_18_184034.parquet,FAIL,33666,773,False,True,,0,,,0
vehicle_positions_18_184104.parquet,FAIL,33690,776,False,True,,0,,,0
vehicle_positions_18_184135.parquet,FAIL,33681,771,False,True,,0,,,0
vehicle_positions_18_184205.parquet,FAIL,33705,773,False,True,,0,,,0
vehicle_positions_18_184237.parquet,FAIL,33812,773,False,True,,0,,,0
vehicle_positions_18_184307.parquet,FAIL,33788,771,False,True,,0,,,0
vehicle_positions_18_184338.parquet,FAIL,33627,772,False,True,,0,,,0
vehicle_positions_18_184408.parquet,FAIL,33650,772,False,True,,0,,,0
vehicle_positions_18_184439.parquet,FAIL,33656,771,False,True,,0,,,0
vehicle_positions_18_184510.parquet,FAIL,33711,769,False,True,,0,,,0
vehicle_positions_18_184540.parquet,FAIL,33503,769,False,True,,0,,,0
vehicle_positions_18_184611.parquet,FAIL,33479,769,False,True,,0,,,0
vehicle_positions_18_184642.parquet,FAIL,33549,769,False,True,,0,,,0
vehicle_positions_18_184712.parquet,FAIL,33780,772,False,True,,0,,,0
vehicle_positions_18_184743.parquet,FAIL,33765,776,False,True,,0,,,0
vehicle_positions_18_184814.parquet,FAIL,33649,775,False,True,,0,,,0
vehicle_positions_18_184844.parquet,FAIL,33624,776,False,True,,0,,,0
vehicle_positions_18_184915.parquet,FAIL,33622,776,False,True,,0,,,0
vehicle_positions_18_184945.parquet,FAIL,33736,777,False,True,,0,,,0
vehicle_positions_18_185016.parquet,FAIL,33766,776,False,True,,0,,,0
vehicle_positions_18_185047.parquet,FAIL,33719,775,False,True,,0,,,0
vehicle_positions_18_185118.parquet,FAIL,33595,772,False,True,,0,,,0
vehicle_positions_18_185148.parquet,FAIL,33518,772,False,True,,0,,,0
vehicle_positions_18_185219.parquet,FAIL,33610,772,False,True,,0,,,0
vehicle_positions_18_185250.parquet,FAIL,33611,774,False,True,,0,,,0
vehicle_positions_18_185320.parquet,FAIL,33865,779,False,True,,0,,,0
vehicle_positions_18_185351.parquet,FAIL,33649,776,False,True,,0,,,0
vehicle_positions_18_185422.parquet,FAIL,33793,777,False,True,,0,,,0
vehicle_positions_18_185452.parquet,FAIL,33815,779,False,True,,0,,,0
vehicle_positions_18_185523.parquet,FAIL,34116,783,False,True,,0,,,0
vehicle_positions_18_185553.parquet,FAIL,34205,787,False,True,,0,,,0
vehicle_positions_18_185624.parquet,FAIL,34311,787,False,True,,0,,,0
vehicle_positions_18_185655.parquet,FAIL,34187,787,False,True,,0,,,0
vehicle_positions_18_185725.parquet,FAIL,34152,785,False,True,,0,,,0
vehicle_positions_18_185756.parquet,FAIL,34282,787,False,True,,0,,,0
vehicle_positions_18_185827.parquet,FAIL,34153,784,False,True,,0,,,0
vehicle_positions_18_185857.parquet,FAIL,34278,785,False,True,,0,,,0
vehicle_positions_18_185928.parquet,FAIL,34047,782,False,True,,0,,,0
vehicle_positions_18_185958.parquet,FAIL,33843,779,False,True,,0,,,0
vehicle_positions_19_190029.parquet,FAIL,33826,780,False,True,,0,,,0
vehicle_positions_19_190100.parquet,FAIL,33899,780,False,True,,0,,,0
vehicle_positions_19_190130.parquet,FAIL,33831,778,False,True,,0,,,0
vehicle_positions_19_190201.parquet,FAIL,33847,780,False,True,,0,,,0
vehicle_positions_19_190232.parquet,FAIL,33840,780,False,True,,0,,,0
vehicle_positions_19_190303.parquet,FAIL,33878,782,False,True,,0,,,0
vehicle_positions_19_190333.parquet,FAIL,33936,783,False,True,,0,,,0
vehicle_positions_19_190404.parquet,FAIL,33984,786,False,True,,0,,,0
vehicle_positions_19_190434.parquet,FAIL,34116,790,False,True,,0,,,0
vehicle_positions_19_190506.parquet,FAIL,34061,790,False,True,,0,,,0
vehicle_positions_19_190536.parquet,FAIL,34160,793,False,True,,0,,,0
vehicle_positions_19_190607.parquet,FAIL,34319,795,False,True,,0,,,0
vehicle_positions_19_190638.parquet,FAIL,34369,794,False,True,,0,,,0
vehicle_positions_19_190708.parquet,FAIL,34240,796,False,True,,0,,,0
vehicle_positions_19_190739.parquet,FAIL,34289,797,False,True,,0,,,0
vehicle_positions_19_190809.parquet,FAIL,34507,799,False,True,,0,,,0
vehicle_positions_19_190840.parquet,FAIL,34329,799,False,True,,0,,,0
vehicle_positions_19_190911.parquet,FAIL,34350,797,False,True,,0,,,0
vehicle_positions_19_190941.parquet,FAIL,34279,797,False,True,,0,,,0
vehicle_positions_19_191013.parquet,FAIL,34395,798,False,True,,0,,,0
vehicle_positions_19_191043.parquet,FAIL,34423,801,False,True,,0,,,0
vehicle_positions_19_191114.parquet,FAIL,34276,800,False,True,,0,,,0
vehicle_positions_19_191145.parquet,FAIL,34382,799,False,True,,0,,,0
vehicle_positions_19_191215.parquet,FAIL,34434,800,False,True,,0,,,0
vehicle_positions_19_191246.parquet,FAIL,34543,801,False,True,,0,,,0
vehicle_positions_19_191317.parquet,FAIL,34754,803,False,True,,0,,,0
vehicle_positions_19_191347.parquet,FAIL,34631,802,False,True,,0,,,0
vehicle_positions_19_191418.parquet,FAIL,34366,799,False,True,,0,,,0
vehicle_positions_19_191449.parquet,FAIL,34378,799,False,True,,0,,,0
vehicle_positions_19_191519.parquet,FAIL,34372,798,False,True,,0,,,0
vehicle_positions_19_191550.parquet,FAIL,34364,798,False,True,,0,,,0
vehicle_positions_19_191621.parquet,FAIL,34290,799,False,True,,0,,,0
vehicle_positions_19_191651.parquet,FAIL,34511,802,False,True,,0,,,0
vehicle_positions_19_191722.parquet,FAIL,34573,801,False,True,,0,,,0
vehicle_positions_19_191753.parquet,FAIL,34784,804,False,True,,0,,,0
vehicle_positions_19_191823.parquet,FAIL,34590,804,False,True,,0,,,0
vehicle_positions_19_191854.parquet,FAIL,34529,802,False,True,,0,,,0
vehicle_positions_19_191925.parquet,FAIL,34487,804,False,True,,0,,,0
vehicle_positions_19_191955.parquet,FAIL,34521,803,False,True,,0,,,0
vehicle_positions_19_192026.parquet,FAIL,34634,804,False,True,,0,,,0
vehicle_positions_19_192057.parquet,FAIL,34464,804,False,True,,0,,,0
vehicle_positions_19_192127.parquet,FAIL,34553,802,False,True,,0,,,0
vehicle_positions_19_192158.parquet,FAIL,34303,800,False,True,,0,,,0
vehicle_positions_19_192229.parquet,FAIL,34487,802,False,True,,0,,,0
vehicle_positions_19_192259.parquet,FAIL,34553,804,False,True,,0,,,0
vehicle_positions_19_192330.parquet,FAIL,34351,801,False,True,,0,,,0
vehicle_positions_19_192400.parquet,FAIL,34471,800,False,True,,0,,,0
vehicle_positions_19_192432.parquet,FAIL,34519,800,False,True,,0,,,0
vehicle_positions_19_192502.parquet,FAIL,34423,798,False,True,,0,,,0
vehicle_positions_19_192533.parquet,FAIL,34516,802,False,True,,0,,,0
vehicle_positions_19_192604.parquet,FAIL,34562,803,False,True,,0,,,0
vehicle_positions_19_192635.parquet,FAIL,34412,805,False,True,,0,,,0
vehicle_positions_19_192706.parquet,FAIL,34458,804,False,True,,0,,,0
vehicle_positions_19_192736.parquet,FAIL,34474,804,False,True,,0,,,0
vehicle_positions_19_192807.parquet,FAIL,34617,804,False,True,,0,,,0
vehicle_positions_19_192838.parquet,FAIL,34561,804,False,True,,0,,,0
vehicle_positions_19_192909.parquet,FAIL,34467,802,False,True,,0,,,0
vehicle_positions_19_192939.parquet,FAIL,34589,803,False,True,,0,,,0
vehicle_positions_19_193010.parquet,FAIL,34635,803,False,True,,0,,,0
vehicle_positions_19_193040.parquet,FAIL,34629,805,False,True,,0,,,0
vehicle_positions_19_193111.parquet,FAIL,34620,808,False,True,,0,,,0
vehicle_positions_19_193142.parquet,FAIL,34765,809,False,True,,0,,,0
vehicle_positions_19_193213.parquet,FAIL,34685,811,False,True,,0,,,0
vehicle_positions_19_193243.parquet,FAIL,34676,810,False,True,,0,,,0
vehicle_positions_19_193314.parquet,FAIL,34795,813,False,True,,0,,,0
vehicle_positions_19_193345.parquet,FAIL,34853,814,False,True,,0,,,0
vehicle_positions_19_193416.parquet,FAIL,34849,816,False,True,,0,,,0
vehicle_positions_19_193446.parquet,FAIL,35087,819,False,True,,0,,,0
vehicle_positions_19_193517.parquet,FAIL,35236,821,False,True,,0,,,0
vehicle_positions_19_193548.parquet,FAIL,35183,822,False,True,,0,,,0
vehicle_positions_19_193618.parquet,FAIL,35110,822,False,True,,0,,,0
vehicle_positions_19_193649.parquet,FAIL,35160,821,False,True,,0,,,0
vehicle_positions_19_193720.parquet,FAIL,34997,820,False,True,,0,,,0
vehicle_positions_19_193750.parquet,FAIL,35001,820,False,True,,0,,,0
vehicle_positions_19_193821.parquet,FAIL,35104,820,False,True,,0,,,0
vehicle_positions_19_193851.parquet,FAIL,35166,820,False,True,,0,,,0
vehicle_positions_19_193922.parquet,FAIL,35105,821,False,True,,0,,,0
vehicle_positions_19_193953.parquet,FAIL,35253,821,False,True,,0,,,0
vehicle_positions_19_194023.parquet,FAIL,35233,822,False,True,,0,,,0
vehicle_positions_19_194054.parquet,FAIL,35118,822,False,True,,0,,,0
vehicle_positions_19_194125.parquet,FAIL,35075,819,False,True,,0,,,0
vehicle_positions_19_194155.parquet,FAIL,35002,818,False,True,,0,,,0
vehicle_positions_19_194227.parquet,FAIL,34975,817,False,True,,0,,,0
vehicle_positions_19_194257.parquet,FAIL,34825,814,False,True,,0,,,0
vehicle_positions_19_194328.parquet,FAIL,34812,814,False,True,,0,,,0
vehicle_positions_19_194359.parquet,FAIL,34828,812,False,True,,0,,,0
vehicle_positions_19_194429.parquet,FAIL,34777,811,False,True,,0,,,0
vehicle_positions_19_194500.parquet,FAIL,34876,812,False,True,,0,,,0
vehicle_positions_19_194531.parquet,FAIL,34922,813,False,True,,0,,,0
vehicle_positions_19_194602.parquet,FAIL,35065,816,False,True,,0,,,0
vehicle_positions_19_194632.parquet,FAIL,35040,817,False,True,,0,,,0
vehicle_positions_19_194703.parquet,FAIL,35083,817,False,True,,0,,,0
vehicle_positions_19_194733.parquet,FAIL,34968,817,False,True,,0,,,0
vehicle_positions_19_194804.parquet,FAIL,35028,817,False,True,,0,,,0
vehicle_positions_19_194835.parquet,FAIL,35166,818,False,True,,0,,,0
vehicle_positions_19_194906.parquet,FAIL,35115,817,False,True,,0,,,0
vehicle_positions_19_194936.parquet,FAIL,35028,816,False,True,,0,,,0
vehicle_positions_19_195007.parquet,FAIL,35036,815,False,True,,0,,,0
vehicle_positions_19_195037.parquet,FAIL,35085,817,False,True,,0,,,0
vehicle_positions_19_195108.parquet,FAIL,35029,817,False,True,,0,,,0
vehicle_positions_19_195139.parquet,FAIL,35048,817,False,True,,0,,,0
vehicle_positions_19_195209.parquet,FAIL,35029,819,False,True,,0,,,0
vehicle_positions_19_195240.parquet,FAIL,35141,820,False,True,,0,,,0
vehicle_positions_19_195311.parquet,FAIL,34996,822,False,True,,0,,,0
vehicle_positions_19_195341.parquet,FAIL,35034,821,False,True,,0,,,0
vehicle_positions_19_195412.parquet,FAIL,35163,823,False,True,,0,,,0
vehicle_positions_19_195443.parquet,FAIL,35162,822,False,True,,0,,,0
vehicle_positions_19_195513.parquet,FAIL,35123,821,False,True,,0,,,0
vehicle_positions_19_195544.parquet,FAIL,35007,821,False,True,,0,,,0
vehicle_positions_19_195614.parquet,FAIL,35064,822,False,True,,0,,,0
vehicle_positions_19_195645.parquet,FAIL,35070,822,False,True,,0,,,0
vehicle_positions_19_195716.parquet,FAIL,35135,821,False,True,,0,,,0
vehicle_positions_19_195746.parquet,FAIL,35012,821,False,True,,0,,,0
vehicle_positions_19_195817.parquet,FAIL,35107,822,False,True,,0,,,0
vehicle_positions_19_195848.parquet,FAIL,35049,822,False,True,,0,,,0
vehicle_positions_19_195918.parquet,FAIL,35108,823,False,True,,0,,,0
vehicle_positions_19_195949.parquet,FAIL,35286,825,False,True,,0,,,0
vehicle_positions_20_200020.parquet,FAIL,35193,825,False,True,,0,,,0
vehicle_positions_20_200050.parquet,FAIL,35300,830,False,True,,0,,,0
vehicle_positions_20_200121.parquet,FAIL,35366,831,False,True,,0,,,0
vehicle_positions_20_200152.parquet,FAIL,35355,831,False,True,,0,,,0
vehicle_positions_20_200222.parquet,FAIL,35479,832,False,True,,0,,,0
vehicle_positions_20_200253.parquet,FAIL,35553,833,False,True,,0,,,0
vehicle_positions_20_200324.parquet,FAIL,35521,832,False,True,,0,,,0
vehicle_positions_20_200354.parquet,FAIL,35539,833,False,True,,0,,,0
vehicle_positions_20_200425.parquet,FAIL,35445,833,False,True,,0,,,0
vehicle_positions_20_200455.parquet,FAIL,35633,835,False,True,,0,,,0
vehicle_positions_20_200526.parquet,FAIL,35597,835,False,True,,0,,,0
vehicle_positions_20_200557.parquet,FAIL,35472,833,False,True,,0,,,0
vehicle_positions_20_200627.parquet,FAIL,35455,833,False,True,,0,,,0
vehicle_positions_20_200658.parquet,FAIL,35621,835,False,True,,0,,,0
vehicle_positions_20_200728.parquet,FAIL,35664,837,False,True,,0,,,0
vehicle_positions_20_200759.parquet,FAIL,35546,837,False,True,,0,,,0
vehicle_positions_20_200830.parquet,FAIL,35556,836,False,True,,0,,,0
vehicle_positions_20_200900.parquet,FAIL,35516,836,False,True,,0,,,0
vehicle_positions_20_200931.parquet,FAIL,35610,835,False,True,,0,,,0
vehicle_positions_20_201002.parquet,FAIL,35614,834,False,True,,0,,,0
vehicle_positions_20_201032.parquet,FAIL,35632,837,False,True,,0,,,0
vehicle_positions_20_201103.parquet,FAIL,35593,838,False,True,,0,,,0
vehicle_positions_20_201134.parquet,FAIL,35541,835,False,True,,0,,,0
vehicle_positions_20_201204.parquet,FAIL,35425,832,False,True,,0,,,0
vehicle_positions_20_201235.parquet,FAIL,35410,834,False,True,,0,,,0
vehicle_positions_20_201306.parquet,FAIL,35525,836,False,True,,0,,,0
vehicle_positions_20_201337.parquet,FAIL,35538,835,False,True,,0,,,0
vehicle_positions_20_201410.parquet,FAIL,35602,835,False,True,,0,,,0
vehicle_positions_20_201441.parquet,FAIL,35660,836,False,True,,0,,,0
vehicle_positions_20_201512.parquet,FAIL,35645,835,False,True,,0,,,0
vehicle_positions_20_201542.parquet,FAIL,35506,837,False,True,,0,,,0
vehicle_positions_20_201614.parquet,FAIL,35481,833,False,True,,0,,,0
vehicle_positions_20_201645.parquet,FAIL,35442,834,False,True,,0,,,0
vehicle_positions_20_201715.parquet,FAIL,35502,834,False,True,,0,,,0
vehicle_positions_20_201746.parquet,FAIL,35564,835,False,True,,0,,,0
vehicle_positions_20_201817.parquet,FAIL,35609,838,False,True,,0,,,0
vehicle_positions_20_201847.parquet,FAIL,35586,838,False,True,,0,,,0
vehicle_positions_20_201918.parquet,FAIL,35649,839,False,True,,0,,,0
vehicle_positions_20_201948.parquet,FAIL,35646,838,False,True,,0,,,0
vehicle_positions_20_202019.parquet,FAIL,35476,835,False,True,,0,,,0
vehicle_positions_20_202050.parquet,FAIL,35539,840,False,True,,0,,,0
vehicle_positions_20_202120.parquet,FAIL,35838,842,False,True,,0,,,0
vehicle_positions_20_202151.parquet,FAIL,35562,839,False,True,,0,,,0
vehicle_positions_20_202222.parquet,FAIL,35432,837,False,True,,0,,,0
vehicle_positions_20_202252.parquet,FAIL,35515,835,False,True,,0,,,0
vehicle_positions_20_202323.parquet,FAIL,35432,835,False,True,,0,,,0
vehicle_positions_20_202353.parquet,FAIL,35480,835,False,True,,0,,,0
vehicle_positions_20_202424.parquet,FAIL,35541,836,False,True,,0,,,0
vehicle_positions_20_202455.parquet,FAIL,35471,837,False,True,,0,,,0
vehicle_positions_20_202525.parquet,FAIL,35458,838,False,True,,0,,,0
vehicle_positions_20_202556.parquet,FAIL,35524,838,False,True,,0,,,0
vehicle_positions_20_202627.parquet,FAIL,35365,836,False,True,,0,,,0
vehicle_positions_20_202657.parquet,FAIL,35392,835,False,True,,0,,,0
vehicle_positions_20_202728.parquet,FAIL,35565,837,False,True,,0,,,0
vehicle_positions_20_202758.parquet,FAIL,35503,836,False,True,,0,,,0
vehicle_positions_20_202829.parquet,FAIL,35408,835,False,True,,0,,,0
vehicle_positions_20_202900.parquet,FAIL,35608,838,False,True,,0,,,0
vehicle_positions_20_202930.parquet,FAIL,35565,840,False,True,,0,,,0
vehicle_positions_20_203001.parquet,FAIL,35803,843,False,True,,0,,,0
vehicle_positions_20_203032.parquet,FAIL,35746,846,False,True,,0,,,0
vehicle_positions_20_203103.parquet,FAIL,35701,847,False,True,,0,,,0
vehicle_positions_20_203133.parquet,FAIL,36099,851,False,True,,0,,,0
vehicle_positions_20_203204.parquet,FAIL,36119,851,False,True,,0,,,0
vehicle_positions_20_203235.parquet,FAIL,36112,851,False,True,,0,,,0
vehicle_positions_20_203306.parquet,FAIL,36079,852,False,True,,0,,,0
vehicle_positions_20_203336.parquet,FAIL,36047,850,False,True,,0,,,0
vehicle_positions_20_203407.parquet,FAIL,35753,847,False,True,,0,,,0
vehicle_positions_20_203438.parquet,FAIL,35790,847,False,True,,0,,,0
vehicle_positions_20_203508.parquet,FAIL,35844,846,False,True,,0,,,0
vehicle_positions_20_203539.parquet,FAIL,35943,849,False,True,,0,,,0
vehicle_positions_20_203610.parquet,FAIL,35954,848,False,True,,0,,,0
vehicle_positions_20_203640.parquet,FAIL,35840,846,False,True,,0,,,0
vehicle_positions_20_203711.parquet,FAIL,35874,847,False,True,,0,,,0
vehicle_positions_20_203742.parquet,FAIL,35986,846,False,True,,0,,,0
vehicle_positions_20_203812.parquet,FAIL,36066,848,False,True,,0,,,0
vehicle_positions_20_203843.parquet,FAIL,36253,848,False,True,,0,,,0
vehicle_positions_20_203914.parquet,FAIL,36003,848,False,True,,0,,,0
vehicle_positions_20_203944.parquet,FAIL,36248,850,False,True,,0,,,0
vehicle_positions_20_204015.parquet,FAIL,36266,849,False,True,,0,,,0
vehicle_positions_20_204046.parquet,FAIL,36285,851,False,True,,0,,,0
vehicle_positions_20_204117.parquet,FAIL,36246,853,False,True,,0,,,0
vehicle_positions_20_204147.parquet,FAIL,36465,856,False,True,,0,,,0
vehicle_positions_20_204218.parquet,FAIL,36171,855,False,True,,0,,,0
vehicle_positions_20_204248.parquet,FAIL,36401,854,False,True,,0,,,0
vehicle_positions_20_204319.parquet,FAIL,36528,854,False,True,,0,,,0
vehicle_positions_20_204350.parquet,FAIL,36155,854,False,True,,0,,,0
vehicle_positions_20_204420.parquet,FAIL,35966,850,False,True,,0,,,0
vehicle_positions_20_204451.parquet,FAIL,36092,853,False,True,,0,,,0
vehicle_positions_20_204522.parquet,FAIL,36060,854,False,True,,0,,,0
vehicle_positions_20_204552.parquet,FAIL,36167,856,False,True,,0,,,0
vehicle_positions_20_204623.parquet,FAIL,36186,852,False,True,,0,,,0
vehicle_positions_20_204654.parquet,FAIL,36004,851,False,True,,0,,,0
vehicle_positions_20_204725.parquet,FAIL,35908,847,False,True,,0,,,0
vehicle_positions_20_204756.parquet,FAIL,35886,847,False,True,,0,,,0
vehicle_positions_20_204827.parquet,FAIL,35833,847,False,True,,0,,,0
vehicle_positions_20_204858.parquet,FAIL,35993,847,False,True,,0,,,0
vehicle_positions_20_204928.parquet,FAIL,35784,847,False,True,,0,,,0
vehicle_positions_20_204959.parquet,FAIL,36111,850,False,True,,0,,,0
vehicle_positions_20_205029.parquet,FAIL,35971,849,False,True,,0,,,0
vehicle_positions_20_205100.parquet,FAIL,35711,844,False,True,,0,,,0
vehicle_positions_20_205131.parquet,FAIL,35782,845,False,True,,0,,,0
vehicle_positions_20_205202.parquet,FAIL,35766,846,False,True,,0,,,0
vehicle_positions_20_205232.parquet,FAIL,35780,848,False,True,,0,,,0
vehicle_positions_20_205303.parquet,FAIL,35968,851,False,True,,0,,,0
vehicle_positions_20_205334.parquet,FAIL,35923,850,False,True,,0,,,0
vehicle_positions_20_205404.parquet,FAIL,36032,851,False,True,,0,,,0
vehicle_positions_20_205435.parquet,FAIL,35980,850,False,True,,0,,,0
vehicle_positions_20_205505.parquet,FAIL,36038,852,False,True,,0,,,0
vehicle_positions_20_205536.parquet,FAIL,36125,851,False,True,,0,,,0
vehicle_positions_20_205607.parquet,FAIL,35933,849,False,True,,0,,,0
vehicle_positions_20_205637.parquet,FAIL,35956,849,False,True,,0,,,0
vehicle_positions_20_205708.parquet,FAIL,36064,850,False,True,,0,,,0
vehicle_positions_20_205739.parquet,FAIL,35958,850,False,True,,0,,,0
vehicle_positions_20_205809.parquet,FAIL,35982,850,False,True,,0,,,0
vehicle_positions_20_205840.parquet,FAIL,36139,850,False,True,,0,,,0
vehicle_positions_20_205910.parquet,FAIL,36080,853,False,True,,0,,,0
vehicle_positions_20_205941.parquet,FAIL,36180,855,False,True,,0,,,0
vehicle_positions_21_210012.parquet,FAIL,36199,855,False,True,,0,,,0
vehicle_positions_21_210050.parquet,FAIL,36591,859,False,True,,0,,,0
vehicle_positions_21_210123.parquet,FAIL,36331,859,False,True,,0,,,0
vehicle_positions_21_210153.parquet,FAIL,36306,856,False,True,,0,,,0
vehicle_positions_21_210224.parquet,FAIL,36075,854,False,True,,0,,,0
vehicle_positions_21_210255.parquet,FAIL,36053,855,False,True,,0,,,0
vehicle_positions_21_210325.parquet,FAIL,36321,857,False,True,,0,,,0
vehicle_positions_21_210356.parquet,FAIL,36517,857,False,True,,0,,,0
vehicle_positions_21_210427.parquet,FAIL,36590,858,False,True,,0,,,0
vehicle_positions_21_210457.parquet,FAIL,36478,863,False,True,,0,,,0
vehicle_positions_21_210528.parquet,FAIL,36421,863,False,True,,0,,,0
vehicle_positions_21_210559.parquet,FAIL,36278,860,False,True,,0,,,0
vehicle_positions_21_210630.parquet,FAIL,36508,858,False,True,,0,,,0
vehicle_positions_21_210702.parquet,FAIL,36681,864,False,True,,0,,,0
vehicle_positions_21_210733.parquet,FAIL,36639,864,False,True,,0,,,0
vehicle_positions_21_210803.parquet,FAIL,36353,862,False,True,,0,,,0
vehicle_positions_21_210834.parquet,FAIL,36413,862,False,True,,0,,,0
vehicle_positions_21_210905.parquet,FAIL,36426,861,False,True,,0,,,0
vehicle_positions_21_210935.parquet,FAIL,36623,863,False,True,,0,,,0
vehicle_positions_21_211007.parquet,FAIL,36677,864,False,True,,0,,,0
vehicle_positions_21_211037.parquet,FAIL,36663,865,False,True,,0,,,0
vehicle_positions_21_211108.parquet,FAIL,36639,866,False,True,,0,,,0
vehicle_positions_21_211139.parquet,FAIL,36562,866,False,True,,0,,,0
vehicle_positions_21_211209.parquet,FAIL,36654,864,False,True,,0,,,0
vehicle_positions_21_211240.parquet,FAIL,36416,864,False,True,,0,,,0
vehicle_positions_21_211311.parquet,FAIL,36255,862,False,True,,0,,,0
vehicle_positions_21_211342.parquet,FAIL,36373,862,False,True,,0,,,0
vehicle_positions_21_211412.parquet,FAIL,36453,864,False,True,,0,,,0
vehicle_positions_21_211443.parquet,FAIL,36489,864,False,True,,0,,,0
vehicle_positions_21_211514.parquet,FAIL,36399,864,False,True,,0,,,0
vehicle_positions_21_211544.parquet,FAIL,36481,865,False,True,,0,,,0
vehicle_positions_21_211615.parquet,FAIL,36380,864,False,True,,0,,,0
vehicle_positions_21_211645.parquet,FAIL,36400,860,False,True,,0,,,0
vehicle_positions_21_211717.parquet,FAIL,36397,859,False,True,,0,,,0
vehicle_positions_21_211747.parquet,FAIL,36137,854,False,True,,0,,,0
vehicle_positions_21_211821.parquet,FAIL,36264,855,False,True,,0,,,0
vehicle_positions_21_211851.parquet,FAIL,36318,858,False,True,,0,,,0
vehicle_positions_21_211922.parquet,FAIL,36470,861,False,True,,0,,,0
vehicle_positions_21_211953.parquet,FAIL,36244,862,False,True,,0,,,0
vehicle_positions_21_212023.parquet,FAIL,36607,863,False,True,,0,,,0
vehicle_positions_21_212054.parquet,FAIL,36380,862,False,True,,0,,,0
vehicle_positions_21_212125.parquet,FAIL,36405,863,False,True,,0,,,0
vehicle_positions_21_212155.parquet,FAIL,36375,862,False,True,,0,,,0
vehicle_positions_21_212226.parquet,FAIL,36514,864,False,True,,0,,,0
vehicle_positions_21_212257.parquet,FAIL,36642,867,False,True,,0,,,0
vehicle_positions_21_212327.parquet,FAIL,36749,867,False,True,,0,,,0
vehicle_positions_21_212358.parquet,FAIL,36427,864,False,True,,0,,,0
vehicle_positions_21_212429.parquet,FAIL,36371,862,False,True,,0,,,0
vehicle_positions_21_212459.parquet,FAIL,36467,862,False,True,,0,,,0
vehicle_positions_21_212530.parquet,FAIL,36569,863,False,True,,0,,,0
vehicle_positions_21_212601.parquet,FAIL,36480,862,False,True,,0,,,0
vehicle_positions_21_212631.parquet,FAIL,36569,865,False,True,,0,,,0
vehicle_positions_21_212702.parquet,FAIL,36435,864,False,True,,0,,,0
vehicle_positions_21_212733.parquet,FAIL,36542,864,False,True,,0,,,0
vehicle_positions_21_212803.parquet,FAIL,36461,863,False,True,,0,,,0
vehicle_positions_21_212834.parquet,FAIL,36667,865,False,True,,0,,,0
vehicle_positions_21_212904.parquet,FAIL,36744,867,False,True,,0,,,0
vehicle_positions_21_212935.parquet,FAIL,36633,865,False,True,,0,,,0
vehicle_positions_21_213006.parquet,FAIL,36532,865,False,True,,0,,,0
vehicle_positions_21_213036.parquet,FAIL,36665,868,False,True,,0,,,0
vehicle_positions_21_213107.parquet,FAIL,36641,871,False,True,,0,,,0
vehicle_positions_21_213138.parquet,FAIL,36630,869,False,True,,0,,,0
vehicle_positions_21_213208.parquet,FAIL,36669,871,False,True,,0,,,0
vehicle_positions_21_213239.parquet,FAIL,36716,872,False,True,,0,,,0
vehicle_positions_21_213310.parquet,FAIL,36741,873,False,True,,0,,,0
vehicle_positions_21_213341.parquet,FAIL,36609,872,False,True,,0,,,0
vehicle_positions_21_213411.parquet,FAIL,36483,871,False,True,,0,,,0
vehicle_positions_21_213442.parquet,FAIL,36680,872,False,True,,0,,,0
vehicle_positions_21_213513.parquet,FAIL,36646,871,False,True,,0,,,0
vehicle_positions_21_213544.parquet,FAIL,36572,870,False,True,,0,,,0
vehicle_positions_21_213614.parquet,FAIL,36607,872,False,True,,0,,,0
vehicle_positions_21_213645.parquet,FAIL,36594,873,False,True,,0,,,0
vehicle_positions_21_213716.parquet,FAIL,36698,873,False,True,,0,,,0
vehicle_positions_21_213746.parquet,FAIL,36862,876,False,True,,0,,,0
vehicle_positions_21_213817.parquet,FAIL,36792,873,False,True,,0,,,0
vehicle_positions_21_213848.parquet,FAIL,36749,873,False,True,,0,,,0
vehicle_positions_21_213919.parquet,FAIL,36965,875,False,True,,0,,,0
vehicle_positions_21_213950.parquet,FAIL,36904,874,False,True,,0,,,0
vehicle_positions_21_214021.parquet,FAIL,36665,873,False,True,,0,,,0
vehicle_positions_21_214051.parquet,FAIL,36902,876,False,True,,0,,,0
vehicle_positions_21_214122.parquet,FAIL,36828,873,False,True,,0,,,0
vehicle_positions_21_214153.parquet,FAIL,36845,873,False,True,,0,,,0
vehicle_positions_21_214223.parquet,FAIL,36896,874,False,True,,0,,,0
vehicle_positions_21_214254.parquet,FAIL,36863,873,False,True,,0,,,0
vehicle_positions_21_214325.parquet,FAIL,36732,870,False,True,,0,,,0
vehicle_positions_21_214355.parquet,FAIL,36863,871,False,True,,0,,,0
vehicle_positions_21_214426.parquet,FAIL,36865,872,False,True,,0,,,0
vehicle_positions_21_214457.parquet,FAIL,36675,870,False,True,,0,,,0
vehicle_positions_21_214527.parquet,FAIL,36893,872,False,True,,0,,,0
vehicle_positions_21_214558.parquet,FAIL,36599,870,False,True,,0,,,0
vehicle_positions_21_214629.parquet,FAIL,36777,873,False,True,,0,,,0
vehicle_positions_21_214659.parquet,FAIL,36828,874,False,True,,0,,,0
vehicle_positions_21_214730.parquet,FAIL,36719,873,False,True,,0,,,0
vehicle_positions_21_214801.parquet,FAIL,36757,873,False,True,,0,,,0
vehicle_positions_21_214831.parquet,FAIL,36637,870,False,True,,0,,,0
vehicle_positions_21_214902.parquet,FAIL,36609,869,False,True,,0,,,0
vehicle_positions_21_214933.parquet,FAIL,36655,869,False,True,,0,,,0
vehicle_positions_21_215003.parquet,FAIL,36689,870,False,True,,0,,,0
vehicle_positions_21_215034.parquet,FAIL,36853,874,False,True,,0,,,0
vehicle_positions_21_215105.parquet,FAIL,36769,873,False,True,,0,,,0
vehicle_positions_21_215135.parquet,FAIL,36823,873,False,True,,0,,,0
vehicle_positions_21_215206.parquet,FAIL,36758,873,False,True,,0,,,0
vehicle_positions_21_215237.parquet,FAIL,36627,873,False,True,,0,,,0
vehicle_positions_21_215307.parquet,FAIL,36728,874,False,True,,0,,,0
vehicle_positions_21_215338.parquet,FAIL,36728,873,False,True,,0,,,0
vehicle_positions_21_215408.parquet,FAIL,36713,874,False,True,,0,,,0
vehicle_positions_21_215439.parquet,FAIL,36548,872,False,True,,0,,,0
vehicle_positions_21_215510.parquet,FAIL,36450,870,False,True,,0,,,0
vehicle_positions_21_215540.parquet,FAIL,36445,871,False,True,,0,,,0
vehicle_positions_21_215611.parquet,FAIL,36604,875,False,True,,0,,,0
vehicle_positions_21_215642.parquet,FAIL,36695,872,False,True,,0,,,0
vehicle_positions_21_215712.parquet,FAIL,36675,872,False,True,,0,,,0
vehicle_positions_21_215743.parquet,FAIL,36831,875,False,True,,0,,,0
vehicle_positions_21_215813.parquet,FAIL,36773,875,False,True,,0,,,0
vehicle_positions_21_215844.parquet,FAIL,36854,874,False,True,,0,,,0
vehicle_positions_21_215915.parquet,FAIL,36839,873,False,True,,0,,,0
vehicle_positions_21_215945.parquet,FAIL,36580,872,False,True,,0,,,0
vehicle_positions_22_220017.parquet,FAIL,36673,872,False,True,,0,,,0
vehicle_positions_22_220047.parquet,FAIL,36775,876,False,True,,0,,,0
vehicle_positions_22_220118.parquet,FAIL,36805,878,False,True,,0,,,0
vehicle_positions_22_220149.parquet,FAIL,36884,880,False,True,,0,,,0
vehicle_positions_22_220219.parquet,FAIL,36996,883,False,True,,0,,,0
vehicle_positions_22_220250.parquet,FAIL,37006,883,False,True,,0,,,0
vehicle_positions_22_220321.parquet,FAIL,37048,882,False,True,,0,,,0
vehicle_positions_22_220351.parquet,FAIL,36949,883,False,True,,0,,,0
vehicle_positions_22_220422.parquet,FAIL,37020,881,False,True,,0,,,0
vehicle_positions_22_220453.parquet,FAIL,36837,876,False,True,,0,,,0
vehicle_positions_22_220523.parquet,FAIL,36918,879,False,True,,0,,,0
vehicle_positions_22_220554.parquet,FAIL,36993,883,False,True,,0,,,0
vehicle_positions_22_220624.parquet,FAIL,37128,881,False,True,,0,,,0
vehicle_positions_22_220655.parquet,FAIL,37020,882,False,True,,0,,,0
vehicle_positions_22_220726.parquet,FAIL,36788,880,False,True,,0,,,0
vehicle_positions_22_220756.parquet,FAIL,36777,878,False,True,,0,,,0
vehicle_positions_22_220827.parquet,FAIL,36680,878,False,True,,0,,,0
vehicle_positions_22_220858.parquet,FAIL,36946,881,False,True,,0,,,0
vehicle_positions_22_220929.parquet,FAIL,36842,880,False,True,,0,,,0
vehicle_positions_22_221000.parquet,FAIL,37068,881,False,True,,0,,,0
vehicle_positions_22_221030.parquet,FAIL,37071,880,False,True,,0,,,0
vehicle_positions_22_221101.parquet,FAIL,36866,881,False,True,,0,,,0
vehicle_positions_22_221132.parquet,FAIL,37041,881,False,True,,0,,,0
vehicle_positions_22_221202.parquet,FAIL,36984,882,False,True,,0,,,0
vehicle_positions_22_221233.parquet,FAIL,36950,880,False,True,,0,,,0
vehicle_positions_22_221304.parquet,FAIL,37158,882,False,True,,0,,,0
vehicle_positions_22_221335.parquet,FAIL,36975,881,False,True,,0,,,0
vehicle_positions_22_221406.parquet,FAIL,36957,881,False,True,,0,,,0
vehicle_positions_22_221436.parquet,FAIL,37133,882,False,True,,0,,,0
vehicle_positions_22_221507.parquet,FAIL,37179,884,False,True,,0,,,0
vehicle_positions_22_221538.parquet,FAIL,37142,884,False,True,,0,,,0
vehicle_positions_22_221608.parquet,FAIL,37053,882,False,True,,0,,,0
vehicle_positions_22_221639.parquet,FAIL,37161,884,False,True,,0,,,0
vehicle_positions_22_221710.parquet,FAIL,36866,881,False,True,,0,,,0
vehicle_positions_22_221740.parquet,FAIL,37001,882,False,True,,0,,,0
vehicle_positions_22_221811.parquet,FAIL,36913,881,False,True,,0,,,0
vehicle_positions_22_221842.parquet,FAIL,36991,881,False,True,,0,,,0
vehicle_positions_22_221912.parquet,FAIL,36967,879,False,True,,0,,,0
vehicle_positions_22_221943.parquet,FAIL,36690,876,False,True,,0,,,0
vehicle_positions_22_222014.parquet,FAIL,36706,878,False,True,,0,,,0
vehicle_positions_22_222044.parquet,FAIL,36757,878,False,True,,0,,,0
vehicle_positions_22_222115.parquet,FAIL,36821,878,False,True,,0,,,0
vehicle_positions_22_222146.parquet,FAIL,36936,880,False,True,,0,,,0
vehicle_positions_22_222217.parquet,FAIL,36721,880,False,True,,0,,,0
vehicle_positions_22_222247.parquet,FAIL,36854,878,False,True,,0,,,0
vehicle_positions_22_222318.parquet,FAIL,36811,877,False,True,,0,,,0
vehicle_positions_22_222349.parquet,FAIL,36780,875,False,True,,0,,,0
vehicle_positions_22_222419.parquet,FAIL,36697,874,False,True,,0,,,0
vehicle_positions_22_222450.parquet,FAIL,36744,873,False,True,,0,,,0
vehicle_positions_22_222521.parquet,FAIL,36768,877,False,True,,0,,,0
vehicle_positions_22_222552.parquet,FAIL,36813,878,False,True,,0,,,0
vehicle_positions_22_222622.parquet,FAIL,36821,876,False,True,,0,,,0
vehicle_positions_22_222653.parquet,FAIL,36813,877,False,True,,0,,,0
vehicle_positions_22_222724.parquet,FAIL,36866,877,False,True,,0,,,0
vehicle_positions_22_222754.parquet,FAIL,36950,880,False,True,,0,,,0
vehicle_positions_22_222825.parquet,FAIL,37020,880,False,True,,0,,,0
vehicle_positions_22_222856.parquet,FAIL,37056,881,False,True,,0,,,0
vehicle_positions_22_222926.parquet,FAIL,36992,880,False,True,,0,,,0
vehicle_positions_22_222957.parquet,FAIL,37027,882,False,True,,0,,,0
vehicle_positions_22_223028.parquet,FAIL,37061,884,False,True,,0,,,0
vehicle_positions_22_223058.parquet,FAIL,37158,886,False,True,,0,,,0
vehicle_positions_22_223129.parquet,FAIL,37145,886,False,True,,0,,,0
vehicle_positions_22_223200.parquet,FAIL,37164,886,False,True,,0,,,0
vehicle_positions_22_223230.parquet,FAIL,37108,885,False,True,,0,,,0
vehicle_positions_22_223301.parquet,FAIL,36890,884,False,True,,0,,,0
vehicle_positions_22_223332.parquet,FAIL,36949,882,False,True,,0,,,0
vehicle_positions_22_223402.parquet,FAIL,37130,882,False,True,,0,,,0
vehicle_positions_22_223433.parquet,FAIL,37025,881,False,True,,0,,,0
vehicle_positions_22_223504.parquet,FAIL,36828,879,False,True,,0,,,0
vehicle_positions_22_223534.parquet,FAIL,37021,883,False,True,,0,,,0
vehicle_positions_22_223605.parquet,FAIL,37037,888,False,True,,0,,,0
vehicle_positions_22_223636.parquet,FAIL,36955,886,False,True,,0,,,0
vehicle_positions_22_223706.parquet,FAIL,37089,887,False,True,,0,,,0
vehicle_positions_22_223737.parquet,FAIL,37112,888,False,True,,0,,,0
vehicle_positions_22_223809.parquet,FAIL,36994,886,False,True,,0,,,0
vehicle_positions_22_223840.parquet,FAIL,37154,888,False,True,,0,,,0
vehicle_positions_22_223910.parquet,FAIL,37119,888,False,True,,0,,,0
vehicle_positions_22_223941.parquet,FAIL,37145,886,False,True,,0,,,0
vehicle_positions_22_224012.parquet,FAIL,37082,885,False,True,,0,,,0
vehicle_positions_22_224042.parquet,FAIL,37070,885,False,True,,0,,,0
vehicle_positions_22_224113.parquet,FAIL,37134,887,False,True,,0,,,0
vehicle_positions_22_224144.parquet,FAIL,37039,884,False,True,,0,,,0
vehicle_positions_22_224214.parquet,FAIL,37096,883,False,True,,0,,,0
vehicle_positions_22_224245.parquet,FAIL,36949,881,False,True,,0,,,0
vehicle_positions_22_224315.parquet,FAIL,37082,884,False,True,,0,,,0
vehicle_positions_22_224347.parquet,FAIL,37035,881,False,True,,0,,,0
vehicle_positions_22_224417.parquet,FAIL,37024,883,False,True,,0,,,0
vehicle_positions_22_224448.parquet,FAIL,37122,886,False,True,,0,,,0
vehicle_positions_22_224518.parquet,FAIL,37145,886,False,True,,0,,,0
vehicle_positions_22_224549.parquet,FAIL,37140,889,False,True,,0,,,0
vehicle_positions_22_224620.parquet,FAIL,37138,889,False,True,,0,,,0
vehicle_positions_22_224650.parquet,FAIL,36993,887,False,True,,0,,,0
vehicle_positions_22_224721.parquet,FAIL,37227,887,False,True,,0,,,0
vehicle_positions_22_224752.parquet,FAIL,37207,887,False,True,,0,,,0
vehicle_positions_22_224822.parquet,FAIL,37083,884,False,True,,0,,,0
vehicle_positions_22_224853.parquet,FAIL,37077,883,False,True,,0,,,0
vehicle_positions_22_224924.parquet,FAIL,36973,881,False,True,,0,,,0
vehicle_positions_22_224954.parquet,FAIL,37033,881,False,True,,0,,,0
vehicle_positions_22_225025.parquet,FAIL,36849,879,False,True,,0,,,0
vehicle_positions_22_225056.parquet,FAIL,36791,877,False,True,,0,,,0
vehicle_positions_22_225126.parquet,FAIL,36711,876,False,True,,0,,,0
vehicle_positions_22_225157.parquet,FAIL,36779,879,False,True,,0,,,0
vehicle_positions_22_225228.parquet,FAIL,36736,878,False,True,,0,,,0
vehicle_positions_22_225258.parquet,FAIL,36804,878,False,True,,0,,,0
vehicle_positions_22_225329.parquet,FAIL,36850,879,False,True,,0,,,0
vehicle_positions_22_225400.parquet,FAIL,36933,881,False,True,,0,,,0
vehicle_positions_22_225430.parquet,FAIL,37094,885,False,True,,0,,,0
vehicle_positions_22_225502.parquet,FAIL,37078,884,False,True,,0,,,0
vehicle_positions_22_225532.parquet,FAIL,36948,885,False,True,,0,,,0
vehicle_positions_22_225603.parquet,FAIL,36970,883,False,True,,0,,,0
vehicle_positions_22_225633.parquet,FAIL,36884,883,False,True,,0,,,0
vehicle_positions_22_225704.parquet,FAIL,36939,883,False,True,,0,,,0
vehicle_positions_22_225735.parquet,FAIL,37009,885,False,True,,0,,,0
vehicle_positions_22_225805.parquet,FAIL,37083,884,False,True,,0,,,0
vehicle_positions_22_225836.parquet,FAIL,36972,883,False,True,,0,,,0
vehicle_positions_22_225907.parquet,FAIL,37013,885,False,True,,0,,,0
vehicle_positions_22_225937.parquet,FAIL,37105,885,False,True,,0,,,0
vehicle_positions_23_230008.parquet,FAIL,37118,888,False,True,,0,,,0
vehicle_positions_23_230039.parquet,FAIL,37254,889,False,True,,0,,,0
vehicle_positions_23_230109.parquet,FAIL,37362,889,False,True,,0,,,0
vehicle_positions_23_230140.parquet,FAIL,37257,889,False,True,,0,,,0
vehicle_positions_23_230211.parquet,FAIL,37180,890,False,True,,0,,,0
vehicle_positions_23_230241.parquet,FAIL,37190,890,False,True,,0,,,0
vehicle_positions_23_230312.parquet,FAIL,37294,891,False,True,,0,,,0
vehicle_positions_23_230343.parquet,FAIL,37299,890,False,True,,0,,,0
vehicle_positions_23_230414.parquet,FAIL,37278,891,False,True,,0,,,0
vehicle_positions_23_230444.parquet,FAIL,37409,892,False,True,,0,,,0
vehicle_positions_23_230515.parquet,FAIL,37337,891,False,True,,0,,,0
vehicle_positions_23_230546.parquet,FAIL,37408,891,False,True,,0,,,0
vehicle_positions_23_230617.parquet,FAIL,37311,890,False,True,,0,,,0
vehicle_positions_23_230648.parquet,FAIL,37168,889,False,True,,0,,,0
vehicle_positions_23_230718.parquet,FAIL,37140,887,False,True,,0,,,0
vehicle_positions_23_230749.parquet,FAIL,37121,887,False,True,,0,,,0
vehicle_positions_23_230820.parquet,FAIL,36990,884,False,True,,0,,,0
vehicle_positions_23_230851.parquet,FAIL,37043,887,False,True,,0,,,0
vehicle_positions_23_230921.parquet,FAIL,37018,887,False,True,,0,,,0
vehicle_positions_23_230952.parquet,FAIL,37216,891,False,True,,0,,,0
vehicle_positions_23_231023.parquet,FAIL,37453,893,False,True,,0,,,0
vehicle_positions_23_231054.parquet,FAIL,37316,895,False,True,,0,,,0
vehicle_positions_23_231124.parquet,FAIL,37385,895,False,True,,0,,,0
vehicle_positions_23_231155.parquet,FAIL,37267,896,False,True,,0,,,0
vehicle_positions_23_231226.parquet,FAIL,37373,896,False,True,,0,,,0
vehicle_positions_23_231256.parquet,FAIL,37522,897,False,True,,0,,,0
vehicle_positions_23_231327.parquet,FAIL,37354,896,False,True,,0,,,0
vehicle_positions_23_231358.parquet,FAIL,37415,896,False,True,,0,,,0
vehicle_positions_23_231429.parquet,FAIL,37722,897,False,True,,0,,,0
vehicle_positions_23_231459.parquet,FAIL,37636,897,False,True,,0,,,0
vehicle_positions_23_231530.parquet,FAIL,37562,898,False,True,,0,,,0
vehicle_positions_23_231601.parquet,FAIL,37322,896,False,True,,0,,,0
vehicle_positions_23_231632.parquet,FAIL,37305,894,False,True,,0,,,0
vehicle_positions_23_231702.parquet,FAIL,37333,895,False,True,,0,,,0
vehicle_positions_23_231733.parquet,FAIL,37320,895,False,True,,0,,,0
vehicle_positions_23_231804.parquet,FAIL,37351,894,False,True,,0,,,0
vehicle_positions_23_231834.parquet,FAIL,37232,891,False,True,,0,,,0
vehicle_positions_23_231905.parquet,FAIL,37366,892,False,True,,0,,,0
vehicle_positions_23_231935.parquet,FAIL,37412,896,False,True,,0,,,0
vehicle_positions_23_232006.parquet,FAIL,37548,896,False,True,,0,,,0
vehicle_positions_23_232037.parquet,FAIL,37476,898,False,True,,0,,,0
vehicle_positions_23_232107.parquet,FAIL,37352,896,False,True,,0,,,0
vehicle_positions_23_232138.parquet,FAIL,37463,895,False,True,,0,,,0
vehicle_positions_23_232209.parquet,FAIL,37270,892,False,True,,0,,,0
vehicle_positions_23_232239.parquet,FAIL,37322,893,False,True,,0,,,0
vehicle_positions_23_232310.parquet,FAIL,37258,891,False,True,,0,,,0
vehicle_positions_23_232341.parquet,FAIL,37166,888,False,True,,0,,,0
vehicle_positions_23_232411.parquet,FAIL,37263,890,False,True,,0,,,0
vehicle_positions_23_232442.parquet,FAIL,37198,891,False,True,,0,,,0
vehicle_positions_23_232512.parquet,FAIL,37269,890,False,True,,0,,,0
vehicle_positions_23_232543.parquet,FAIL,37143,891,False,True,,0,,,0
vehicle_positions_23_232614.parquet,FAIL,37245,891,False,True,,0,,,0
vehicle_positions_23_232645.parquet,FAIL,37218,891,False,True,,0,,,0
vehicle_positions_23_232715.parquet,FAIL,37330,890,False,True,,0,,,0
vehicle_positions_23_232746.parquet,FAIL,37303,891,False,True,,0,,,0
vehicle_positions_23_232817.parquet,FAIL,37281,894,False,True,,0,,,0
vehicle_positions_23_232848.parquet,FAIL,37309,894,False,True,,0,,,0
vehicle_positions_23_232918.parquet,FAIL,37232,892,False,True,,0,,,0
vehicle_positions_23_232949.parquet,FAIL,37222,894,False,True,,0,,,0
vehicle_positions_23_233019.parquet,FAIL,37391,896,False,True,,0,,,0
vehicle_positions_23_233050.parquet,FAIL,37335,897,False,True,,0,,,0
vehicle_positions_23_233121.parquet,FAIL,37410,896,False,True,,0,,,0
vehicle_positions_23_233151.parquet,FAIL,37309,894,False,True,,0,,,0
vehicle_positions_23_233222.parquet,FAIL,37370,895,False,True,,0,,,0
vehicle_positions_23_233253.parquet,FAIL,37556,895,False,True,,0,,,0
vehicle_positions_23_233323.parquet,FAIL,37655,898,False,True,,0,,,0
vehicle_positions_23_233354.parquet,FAIL,37441,897,False,True,,0,,,0
vehicle_positions_23_233425.parquet,FAIL,37231,895,False,True,,0,,,0
vehicle_positions_23_233456.parquet,FAIL,37481,899,False,True,,0,,,0
vehicle_positions_23_233526.parquet,FAIL,37591,899,False,True,,0,,,0
vehicle_positions_23_233557.parquet,FAIL,37487,899,False,True,,0,,,0
vehicle_positions_23_233627.parquet,FAIL,37489,899,False,True,,0,,,0
vehicle_positions_23_233658.parquet,FAIL,37487,898,False,True,,0,,,0
vehicle_positions_23_233729.parquet,FAIL,37544,898,False,True,,0,,,0
vehicle_positions_23_233759.parquet,FAIL,37689,899,False,True,,0,,,0
vehicle_positions_23_233830.parquet,FAIL,37435,896,False,True,,0,,,0
vehicle_positions_23_233901.parquet,FAIL,37317,896,False,True,,0,,,0
vehicle_positions_23_233931.parquet,FAIL,37552,895,False,True,,0,,,0
vehicle_positions_23_234002.parquet,FAIL,37513,892,False,True,,0,,,0
vehicle_positions_23_234032.parquet,FAIL,37365,891,False,True,,0,,,0
vehicle_positions_23_234103.parquet,FAIL,37500,892,False,True,,0,,,0
vehicle_positions_23_234134.parquet,FAIL,37427,894,False,True,,0,,,0
vehicle_positions_23_234205.parquet,FAIL,37544,897,False,True,,0,,,0
vehicle_positions_23_234236.parquet,FAIL,37442,894,False,True,,0,,,0
vehicle_positions_23_234307.parquet,FAIL,37450,889,False,True,,0,,,0
vehicle_positions_23_234337.parquet,FAIL,37529,891,False,True,,0,,,0
vehicle_positions_23_234408.parquet,FAIL,37461,891,False,True,,0,,,0
vehicle_positions_23_234439.parquet,FAIL,37370,890,False,True,,0,,,0
vehicle_positions_23_234509.parquet,FAIL,37619,892,False,True,,0,,,0
vehicle_positions_23_234540.parquet,FAIL,37294,892,False,True,,0,,,0
vehicle_positions_23_234611.parquet,FAIL,37399,893,False,True,,0,,,0
vehicle_positions_23_234642.parquet,FAIL,37375,892,False,True,,0,,,0
vehicle_positions_23_234712.parquet,FAIL,37251,893,False,True,,0,,,0
vehicle_positions_23_234743.parquet,FAIL,37456,890,False,True,,0,,,0
vehicle_positions_23_234814.parquet,FAIL,37428,889,False,True,,0,,,0
vehicle_positions_23_234844.parquet,FAIL,37483,891,False,True,,0,,,0
vehicle_positions_23_234915.parquet,FAIL,37316,891,False,True,,0,,,0
vehicle_positions_23_234946.parquet,FAIL,37334,889,False,True,,0,,,0
vehicle_positions_23_235017.parquet,FAIL,37184,887,False,True,,0,,,0
vehicle_positions_23_235047.parquet,FAIL,37225,889,False,True,,0,,,0
vehicle_positions_23_235118.parquet,FAIL,37050,889,False,True,,0,,,0
vehicle_positions_23_235148.parquet,FAIL,37180,888,False,True,,0,,,0
vehicle_positions_23_235219.parquet,FAIL,37234,889,False,True,,0,,,0
vehicle_positions_23_235250.parquet,FAIL,37061,888,False,True,,0,,,0
vehicle_positions_23_235320.parquet,FAIL,37114,887,False,True,,0,,,0
vehicle_positions_23_235351.parquet,FAIL,36999,885,False,True,,0,,,0
vehicle_positions_23_235422.parquet,FAIL,37118,885,False,True,,0,,,0
vehicle_positions_23_235452.parquet,FAIL,37169,885,False,True,,0,,,0
vehicle_positions_23_235523.parquet,FAIL,36844,880,False,True,,0,,,0
vehicle_positions_23_235554.parquet,FAIL,36933,882,False,True,,0,,,0
vehicle_positions_23_235624.parquet,FAIL,36879,881,False,True,,0,,,0
vehicle_positions_23_235655.parquet,FAIL,37013,881,False,True,,0,,,0
vehicle_positions_23_235725.parquet,FAIL,37093,884,False,True,,0,,,0
vehicle_positions_23_235756.parquet,FAIL,37083,886,False,True,,0,,,0
vehicle_positions_23_235827.parquet,FAIL,37258,888,False,True,,0,,,0
vehicle_positions_23_235857.parquet,FAIL,37153,888,False,True,,0,,,0
vehicle_positions_23_235928.parquet,FAIL,37382,892,False,True,,0,,,0
vehicle_positions_23_235959.parquet,FAIL,37345,893,False,True,,0,,,0
