service_date,collection_timestamp,route_id,direction_id,shape_id,vehicle_id,next_vehicle_id,approx_shape_dist_traveled,next_shape_dist,distance_to_next_bus_km,bunching_severity,peak_period,route_segment_km
2026-05-23 00:00:00,2026-05-23 09:38:07.246591-07,6641,1,312530,22012,24007,0.9818,1.0471,0.0653,Severe,AM Peak,0.5
2026-05-23 00:00:00,2026-05-23 09:38:37.790678-07,6641,1,312530,22012,24007,1.0471,1.3213,0.2742,Moderate,AM Peak,1.0
2026-05-23 00:00:00,2026-05-23 09:39:08.555949-07,6641,1,312530,22012,24007,1.2424,1.6033,0.3609,Moderate,AM Peak,1.0
2026-05-23 00:00:00,2026-05-23 09:39:40.017276-07,6641,1,312530,22012,24007,1.3213,1.7432,0.4219,Moderate,AM Peak,1.0
2026-05-23 00:00:00,2026-05-23 09:40:12.24644-07,6641,1,312530,22012,24007,1.6033,1.7432,0.1399,High,AM Peak,1.5
2026-05-23 00:00:00,2026-05-23 09:40:42.82023-07,6641,1,312530,22012,24007,1.7432,1.885,0.1418,High,AM Peak,1.5
2026-05-23 00:00:00,2026-05-23 09:41:44.120326-07,6641,1,312530,22012,24007,1.885,2.024,0.139,High,AM Peak,1.5
2026-05-23 00:00:00,2026-05-23 09:42:14.713482-07,6641,1,312530,22012,24007,1.885,2.3085,0.4235,Moderate,AM Peak,1.5
2026-05-23 00:00:00,2026-05-23 09:42:45.252519-07,6641,1,312530,22012,24007,2.024,2.3553,0.3313,Moderate,AM Peak,2.0
2026-05-23 00:00:00,2026-05-23 09:43:15.940556-07,6641,1,312530,22012,24007,2.1664,2.4628,0.2964,Moderate,AM Peak,2.0
2026-05-23 00:00:00,2026-05-23 09:43:46.538806-07,6641,1,312530,22012,24007,2.3553,2.7011,0.3458,Moderate,AM Peak,2.0
2026-05-23 00:00:00,2026-05-23 09:44:17.346619-07,6641,1,312530,22012,24007,2.4628,2.896,0.4332,Moderate,AM Peak,2.0
2026-05-23 00:00:00,2026-05-23 09:45:18.614501-07,6641,1,312530,22012,24007,2.6458,3.0362,0.3904,Moderate,AM Peak,2.5
2026-05-23 00:00:00,2026-05-23 09:45:49.156641-07,6641,1,312530,22012,24007,3.0364,3.3714,0.335,Moderate,AM Peak,3.0
2026-05-23 00:00:00,2026-05-23 09:47:21.007952-07,6641,1,312530,22012,24007,3.6196,3.7677,0.1481,High,AM Peak,3.5
2026-05-23 00:00:00,2026-05-23 09:47:51.727381-07,6641,1,312530,22012,24007,3.757,3.9567,0.1997,High,AM Peak,3.5
2026-05-23 00:00:00,2026-05-23 09:48:22.296285-07,6641,1,312530,22012,24007,3.757,4.1296,0.3726,Moderate,AM Peak,3.5
2026-05-23 00:00:00,2026-05-23 09:48:52.893207-07,6641,1,312530,22012,24007,3.9567,4.2697,0.313,Moderate,AM Peak,3.5
2026-05-23 00:00:00,2026-05-23 09:49:23.587864-07,6641,0,312527,24013,16201,9.6854,10.058,0.3726,Moderate,AM Peak,9.5
2026-05-23 00:00:00,2026-05-23 09:49:23.587864-07,6641,1,312530,22012,24007,3.9567,4.2697,0.313,Moderate,AM Peak,3.5
2026-05-23 00:00:00,2026-05-23 09:49:54.178807-07,6641,0,312527,24013,16201,9.6854,10.058,0.3726,Moderate,AM Peak,9.5
2026-05-23 00:00:00,2026-05-23 09:49:54.178807-07,6641,1,312530,22012,24007,3.9567,4.2697,0.313,Moderate,AM Peak,3.5
2026-05-23 00:00:00,2026-05-23 09:50:24.799325-07,6641,0,312527,24013,16201,10.0472,10.1954,0.1482,High,AM Peak,10.0
2026-05-23 00:00:00,2026-05-23 09:50:55.469383-07,6641,0,312527,24013,16201,10.0472,10.3366,0.2894,Moderate,AM Peak,10.0
2026-05-23 00:00:00,2026-05-23 10:30:25.545618-07,6641,0,312527,22012,24007,3.5354,3.7478,0.2124,High,Off Peak,3.5
2026-05-23 00:00:00,2026-05-23 10:30:56.728409-07,6641,0,312527,22012,24007,3.9755,4.1982,0.2227,High,Off Peak,3.5
2026-05-23 00:00:00,2026-05-23 10:31:27.356264-07,6641,0,312527,22012,24007,4.422,4.6423,0.2203,High,Off Peak,4.0
2026-05-23 00:00:00,2026-05-23 10:34:32.461139-07,6641,0,312527,22012,24007,5.3213,5.3215,0.0002,Severe,Off Peak,5.0
2026-05-23 00:00:00,2026-05-23 10:36:04.292417-07,6641,0,312527,22012,24007,5.7462,5.8872,0.141,High,Off Peak,5.5
2026-05-23 00:00:00,2026-05-23 10:36:34.987716-07,6641,0,312527,22012,24007,5.9466,6.0317,0.0851,Severe,Off Peak,5.5
2026-05-23 00:00:00,2026-05-23 10:37:05.591967-07,6641,0,312527,22012,24007,6.0317,6.171,0.1393,High,Off Peak,6.0
2026-05-23 00:00:00,2026-05-23 10:39:08.014655-07,6641,0,312527,22012,24007,6.7642,6.9369,0.1727,High,Off Peak,6.5
2026-05-23 00:00:00,2026-05-23 10:40:40.648329-07,6641,0,312527,22012,24007,7.2793,7.3224,0.0431,Severe,Off Peak,7.0
2026-05-23 00:00:00,2026-05-23 10:41:11.221865-07,6641,0,312527,22012,24007,7.2793,7.4538,0.1745,High,Off Peak,7.0
2026-05-23 00:00:00,2026-05-23 10:41:41.840522-07,6641,0,312527,22012,24007,7.3224,7.4537,0.1313,High,Off Peak,7.0
2026-05-23 00:00:00,2026-05-23 10:42:12.398643-07,6641,0,312527,22012,24007,7.4537,7.6286,0.1749,High,Off Peak,7.0
2026-05-23 00:00:00,2026-05-23 10:42:43.091465-07,6641,0,312527,22012,24007,7.6286,7.8023,0.1737,High,Off Peak,7.5
2026-05-23 00:00:00,2026-05-23 10:43:13.647043-07,6641,0,312527,22012,24007,7.8023,8.1467,0.3444,Moderate,Off Peak,7.5
2026-05-23 00:00:00,2026-05-23 10:43:44.240587-07,6641,0,312527,22012,24007,7.8023,8.1467,0.3444,Moderate,Off Peak,7.5
2026-05-23 00:00:00,2026-05-23 10:44:14.871422-07,6641,0,312527,22012,24007,7.9729,8.2755,0.3026,Moderate,Off Peak,7.5
2026-05-23 00:00:00,2026-05-23 10:44:45.628493-07,6641,0,312527,22012,24007,8.1467,8.2755,0.1288,High,Off Peak,8.0
2026-05-23 00:00:00,2026-05-23 10:45:16.228143-07,6641,0,312527,22012,24007,8.1468,8.5063,0.3595,Moderate,Off Peak,8.0
2026-05-23 00:00:00,2026-05-23 10:45:46.845678-07,6641,0,312527,22012,24007,8.2755,8.5063,0.2308,High,Off Peak,8.0
2026-05-23 00:00:00,2026-05-23 10:46:17.415503-07,6641,0,312527,22012,24007,8.3773,8.5062,0.1289,High,Off Peak,8.0
2026-05-23 00:00:00,2026-05-23 10:46:48.224845-07,6641,0,312527,22012,24007,8.5063,8.85,0.3437,Moderate,Off Peak,8.5
2026-05-23 00:00:00,2026-05-23 10:48:20.082863-07,6641,0,312527,22012,24007,8.85,9.1958,0.3458,Moderate,Off Peak,8.5
2026-05-23 00:00:00,2026-05-23 10:48:50.768183-07,6641,0,312527,22012,24007,9.1958,9.3737,0.1779,High,Off Peak,9.0
2026-05-23 00:00:00,2026-05-23 10:49:21.33881-07,6641,0,312527,22012,24007,9.1958,9.6854,0.4896,Moderate,Off Peak,9.0
2026-05-23 00:00:00,2026-05-23 10:50:53.53066-07,6641,0,312527,22012,24007,9.6854,10.058,0.3726,Moderate,Off Peak,9.5
2026-05-23 00:00:00,2026-05-23 10:51:54.733659-07,6641,0,312527,22012,24007,10.058,10.4435,0.3855,Moderate,Off Peak,10.0
2026-05-23 00:00:00,2026-05-23 10:54:27.779058-07,6641,0,312527,22012,24007,10.7787,11.1692,0.3905,Moderate,Off Peak,10.5
2026-05-23 00:00:00,2026-05-23 10:54:58.481464-07,6641,0,312527,22012,24007,11.0585,11.1692,0.1107,High,Off Peak,11.0
2026-05-23 00:00:00,2026-05-23 10:55:29.11846-07,6641,0,312527,22012,24007,11.1692,11.5064,0.3372,Moderate,Off Peak,11.0
2026-05-23 00:00:00,2026-05-23 10:57:31.622718-07,6641,0,312527,19035,19015,8.1468,8.5062,0.3594,Moderate,Off Peak,8.0
2026-05-23 00:00:00,2026-05-23 10:58:02.262058-07,6641,0,312527,22012,24007,11.9299,12.0717,0.1418,High,Off Peak,11.5
2026-05-23 00:00:00,2026-05-23 10:58:32.817945-07,6641,0,312527,22012,24007,11.9299,12.3531,0.4232,Moderate,Off Peak,11.5
2026-05-23 00:00:00,2026-05-23 10:59:03.558263-07,6641,0,312527,22012,24007,12.3531,12.4937,0.1406,High,Off Peak,12.0
2026-05-23 00:00:00,2026-05-23 10:59:34.161345-07,6641,0,312527,15019,19035,7.4538,7.8023,0.3485,Moderate,Off Peak,7.0
2026-05-23 00:00:00,2026-05-23 10:59:34.161345-07,6641,0,312527,22012,24007,12.5725,12.7679,0.1954,High,Off Peak,12.5
2026-05-23 00:00:00,2026-05-23 11:00:04.753556-07,6641,0,312527,15019,19035,7.6286,7.8023,0.1737,High,Off Peak,7.5
2026-05-23 00:00:00,2026-05-23 11:00:04.753556-07,6641,0,312527,24007,22012,12.9163,12.9711,0.0548,Severe,Off Peak,12.5
2026-05-23 00:00:00,2026-05-23 11:00:35.292793-07,6641,0,312527,19035,15019,7.4537,7.8023,0.3486,Moderate,Off Peak,7.0
2026-05-23 00:00:00,2026-05-23 11:01:06.058057-07,6641,0,312527,19035,15019,7.4538,7.8023,0.3485,Moderate,Off Peak,7.0
2026-05-23 00:00:00,2026-05-23 11:04:10.015846-07,6641,0,312527,19026,19035,6.2929,6.5897,0.2968,Moderate,Off Peak,6.0
2026-05-23 00:00:00,2026-05-23 11:04:40.634342-07,6641,0,312527,19026,19035,6.4273,6.5897,0.1624,High,Off Peak,6.0
2026-05-23 00:00:00,2026-05-23 11:05:11.41543-07,6641,0,312527,19035,19026,6.2929,6.7642,0.4713,Moderate,Off Peak,6.0
2026-05-23 00:00:00,2026-05-23 11:09:49.205901-07,6641,0,312527,16201,19035,4.4218,4.7818,0.36,Moderate,Off Peak,4.0
2026-05-23 00:00:00,2026-05-23 11:10:19.862597-07,6641,0,312527,19035,16201,4.4218,4.6423,0.2205,High,Off Peak,4.0
2026-05-23 00:00:00,2026-05-23 11:15:27.453804-07,6641,0,312527,19035,23002,0.9528,1.0698,0.117,High,Off Peak,0.5
2026-05-23 00:00:00,2026-05-23 11:15:27.453804-07,6641,0,312527,23002,24013,1.0698,1.4103,0.3405,Moderate,Off Peak,1.0
2026-05-23 00:00:00,2026-05-23 11:18:00.920602-07,6641,0,312527,23002,24013,2.7581,3.0906,0.3325,Moderate,Off Peak,2.5
2026-05-23 00:00:00,2026-05-23 11:20:03.576121-07,6641,0,312527,23002,24013,3.7489,3.9755,0.2266,High,Off Peak,3.5
2026-05-23 00:00:00,2026-05-23 11:20:34.660179-07,6641,0,312527,24013,23002,4.4218,4.6423,0.2205,High,Off Peak,4.0
2026-05-23 00:00:00,2026-05-23 11:21:35.978476-07,6641,0,312527,23002,24013,4.6423,4.7818,0.1395,High,Off Peak,4.5
2026-05-23 00:00:00,2026-05-23 11:22:06.877155-07,6641,0,312527,24013,23002,4.8807,5.0332,0.1525,High,Off Peak,4.5
2026-05-23 00:00:00,2026-05-23 11:23:39.060907-07,6641,0,312527,23002,24013,5.4691,5.6073,0.1382,High,Off Peak,5.0
2026-05-23 00:00:00,2026-05-23 11:25:43.004531-07,6641,1,312530,24007,23009,3.6196,3.9567,0.3371,Moderate,Off Peak,3.5
2026-05-23 00:00:00,2026-05-23 11:26:44.140358-07,6641,1,312530,24007,23009,3.9567,4.1296,0.1729,High,Off Peak,3.5
2026-05-23 00:00:00,2026-05-23 11:27:14.677457-07,6641,1,312530,24007,23009,3.9567,4.2697,0.313,Moderate,Off Peak,3.5
2026-05-23 00:00:00,2026-05-23 11:27:45.417514-07,6641,1,312530,24007,23009,3.9567,4.2697,0.313,Moderate,Off Peak,3.5
2026-05-23 00:00:00,2026-05-23 11:29:17.187289-07,6641,0,312527,24013,23002,7.3193,7.3224,0.0031,Severe,Off Peak,7.0
2026-05-23 00:00:00,2026-05-23 11:29:17.187289-07,6641,1,312530,24007,23009,4.1296,4.6192,0.4896,Moderate,Off Peak,4.0
2026-05-23 00:00:00,2026-05-23 11:29:47.871301-07,6641,0,312527,24013,23002,7.3224,7.4538,0.1314,High,Off Peak,7.0
2026-05-23 00:00:00,2026-05-23 11:32:53.346449-07,6641,0,312527,24013,23002,8.1468,8.2755,0.1287,High,Off Peak,8.0
2026-05-23 00:00:00,2026-05-23 11:33:54.688109-07,6641,0,312527,24013,23002,8.2755,8.3261,0.0506,Severe,Off Peak,8.0
2026-05-23 00:00:00,2026-05-23 11:34:55.89787-07,6641,0,312527,23002,24013,8.3261,8.5062,0.1801,High,Off Peak,8.0
2026-05-23 00:00:00,2026-05-23 11:35:57.128398-07,6641,0,312527,23002,24013,8.85,9.0222,0.1722,High,Off Peak,8.5
2026-05-23 00:00:00,2026-05-23 11:36:27.722345-07,6641,0,312527,23002,24013,8.85,9.1958,0.3458,Moderate,Off Peak,8.5
2026-05-23 00:00:00,2026-05-23 11:37:59.868462-07,6641,0,312527,23002,24013,9.1958,9.3737,0.1779,High,Off Peak,9.0
2026-05-23 00:00:00,2026-05-23 11:38:30.49677-07,6641,0,312527,23002,24013,9.3737,9.6854,0.3117,Moderate,Off Peak,9.0
2026-05-23 00:00:00,2026-05-23 11:40:02.999088-07,6641,0,312527,23002,24013,9.8582,9.8583,0.0001,Severe,Off Peak,9.5
2026-05-23 00:00:00,2026-05-23 11:40:33.573696-07,6641,0,312527,23002,24013,9.8582,10.0472,0.189,High,Off Peak,9.5
2026-05-23 00:00:00,2026-05-23 11:41:04.176697-07,6641,0,312527,23002,24013,9.8583,10.058,0.1997,High,Off Peak,9.5
2026-05-23 00:00:00,2026-05-23 11:41:04.176697-07,6641,1,312530,19015,22012,3.9567,4.4413,0.4846,Moderate,Off Peak,3.5
2026-05-23 00:00:00,2026-05-23 11:41:34.801629-07,6641,0,312527,23002,24013,10.0472,10.058,0.0108,Severe,Off Peak,10.0
2026-05-23 00:00:00,2026-05-23 11:41:34.801629-07,6641,1,312530,19015,22012,3.9567,4.4413,0.4846,Moderate,Off Peak,3.5
2026-05-23 00:00:00,2026-05-23 11:42:05.537038-07,6641,0,312527,23002,24013,10.0472,10.058,0.0108,Severe,Off Peak,10.0
2026-05-23 00:00:00,2026-05-23 11:42:05.537038-07,6641,1,312530,19015,22012,3.9567,4.4413,0.4846,Moderate,Off Peak,3.5
2026-05-23 00:00:00,2026-05-23 11:42:36.728537-07,6641,0,312527,23002,24013,10.058,10.1954,0.1374,High,Off Peak,10.0
2026-05-23 00:00:00,2026-05-23 11:43:07.327412-07,6641,0,312527,23002,24013,10.058,10.1954,0.1374,High,Off Peak,10.0
2026-05-23 00:00:00,2026-05-23 11:43:37.906593-07,6641,0,312527,23002,24013,10.3366,10.4437,0.1071,High,Off Peak,10.0
2026-05-23 00:00:00,2026-05-23 11:44:08.597611-07,6641,0,312527,23002,24013,10.4437,10.7787,0.335,Moderate,Off Peak,10.0
2026-05-23 00:00:00,2026-05-23 11:44:39.167575-07,6641,0,312527,23002,24013,10.6369,10.919,0.2821,Moderate,Off Peak,10.5
2026-05-23 00:00:00,2026-05-23 11:45:09.777218-07,6641,0,312527,23002,24013,10.919,11.0585,0.1395,High,Off Peak,10.5
2026-05-23 00:00:00,2026-05-23 11:45:09.777218-07,6641,1,312530,24007,23009,8.6414,9.0331,0.3917,Moderate,Off Peak,8.5
2026-05-23 00:00:00,2026-05-23 11:45:40.384532-07,6641,0,312527,23002,24013,10.919,11.0585,0.1395,High,Off Peak,10.5
2026-05-23 00:00:00,2026-05-23 11:45:40.384532-07,6641,1,312530,24007,23009,8.9343,9.393,0.4587,Moderate,Off Peak,8.5
2026-05-23 00:00:00,2026-05-23 11:46:11.069163-07,6641,0,312527,23002,24013,11.1139,11.1692,0.0553,Severe,Off Peak,11.0
2026-05-23 00:00:00,2026-05-23 11:46:41.627024-07,6641,0,312527,23002,24013,11.1139,11.1692,0.0553,Severe,Off Peak,11.0
2026-05-23 00:00:00,2026-05-23 11:47:12.367214-07,6641,0,312527,24013,23002,11.1692,11.3522,0.183,High,Off Peak,11.0
2026-05-23 00:00:00,2026-05-23 11:47:42.92072-07,6641,0,312527,23002,24013,11.3522,11.3751,0.0229,Severe,Off Peak,11.0
2026-05-23 00:00:00,2026-05-23 11:48:13.711964-07,6641,0,312527,23002,24013,11.4285,11.5065,0.078,Severe,Off Peak,11.0
2026-05-23 00:00:00,2026-05-23 11:48:44.359207-07,6641,0,312527,23002,24013,11.6486,11.791,0.1424,High,Off Peak,11.5
2026-05-23 00:00:00,2026-05-23 11:51:17.725818-07,6641,0,312527,23002,24013,12.4937,12.8332,0.3395,Moderate,Off Peak,12.0
2026-05-23 00:00:00,2026-05-23 11:51:48.2601-07,6641,0,312527,23002,24013,12.8332,12.9163,0.0831,Severe,Off Peak,12.5
2026-05-23 00:00:00,2026-05-23 12:02:32.150834-07,6641,1,312530,19015,22012,8.7818,9.1727,0.3909,Moderate,Off Peak,8.5
2026-05-23 00:00:00,2026-05-23 12:03:02.735728-07,6641,1,312530,19015,22012,8.9343,9.3931,0.4588,Moderate,Off Peak,8.5
2026-05-23 00:00:00,2026-05-23 12:05:36.366237-07,6641,1,312530,16201,19026,3.4784,3.9567,0.4783,Moderate,Off Peak,3.0
2026-05-23 00:00:00,2026-05-23 12:06:06.932183-07,6641,1,312530,16201,19026,3.4784,3.9567,0.4783,Moderate,Off Peak,3.0
2026-05-23 00:00:00,2026-05-23 12:08:09.513445-07,6641,1,312530,16201,19026,3.9567,4.4413,0.4846,Moderate,Off Peak,3.5
2026-05-23 00:00:00,2026-05-23 12:13:47.311452-07,6641,1,312530,23002,24013,0.7576,1.2424,0.4848,Moderate,Off Peak,0.5
2026-05-23 00:00:00,2026-05-23 12:15:19.214422-07,6641,1,312530,23002,24013,1.4619,1.885,0.4231,Moderate,Off Peak,1.0
2026-05-23 00:00:00,2026-05-23 12:15:49.814395-07,6641,1,312530,23002,24013,1.7432,2.024,0.2808,Moderate,Off Peak,1.5
2026-05-23 00:00:00,2026-05-23 12:16:20.642824-07,6641,1,312530,23002,24013,1.885,2.1664,0.2814,Moderate,Off Peak,1.5
2026-05-23 00:00:00,2026-05-23 12:16:51.562686-07,6641,1,312530,23002,24013,2.024,2.4629,0.4389,Moderate,Off Peak,2.0
2026-05-23 00:00:00,2026-05-23 12:17:22.280662-07,6641,1,312530,23002,24013,2.2049,2.4628,0.2579,Moderate,Off Peak,2.0
2026-05-23 00:00:00,2026-05-23 12:17:52.855038-07,6641,1,312530,23002,24013,2.4628,2.7011,0.2383,High,Off Peak,2.0
2026-05-23 00:00:00,2026-05-23 12:18:23.427041-07,6641,1,312530,23002,24013,2.4628,2.896,0.4332,Moderate,Off Peak,2.0
2026-05-23 00:00:00,2026-05-23 12:18:54.178337-07,6641,1,312530,23002,24013,2.745,2.896,0.151,High,Off Peak,2.5
2026-05-23 00:00:00,2026-05-23 12:20:25.967093-07,6641,1,312530,24013,23002,3.0362,3.0364,0.0002,Severe,Off Peak,3.0
2026-05-23 00:00:00,2026-05-23 12:20:56.774346-07,6641,0,312527,24007,23009,6.9369,7.2793,0.3424,Moderate,Off Peak,6.5
2026-05-23 00:00:00,2026-05-23 12:20:56.774346-07,6641,1,312530,23002,24013,3.1781,3.3714,0.1933,High,Off Peak,3.0
2026-05-23 00:00:00,2026-05-23 12:21:27.379654-07,6641,0,312527,24007,23009,7.1074,7.4537,0.3463,Moderate,Off Peak,7.0
2026-05-23 00:00:00,2026-05-23 12:23:29.985739-07,6641,1,312530,23002,24013,3.7677,3.9567,0.189,High,Off Peak,3.5
2026-05-23 00:00:00,2026-05-23 12:24:00.615562-07,6641,1,312530,23002,24013,3.7677,3.9567,0.189,High,Off Peak,3.5
2026-05-23 00:00:00,2026-05-23 12:24:31.202986-07,6641,1,312530,23002,24013,3.7677,3.9567,0.189,High,Off Peak,3.5
2026-05-23 00:00:00,2026-05-23 12:25:02.475756-07,6641,1,312530,23002,24013,3.9567,4.1296,0.1729,High,Off Peak,3.5
2026-05-23 00:00:00,2026-05-23 12:25:33.055908-07,6641,1,312530,23002,24013,3.9567,4.2697,0.313,Moderate,Off Peak,3.5
2026-05-23 00:00:00,2026-05-23 12:26:04.490601-07,6641,1,312530,23002,24013,3.9567,4.2697,0.313,Moderate,Off Peak,3.5
2026-05-23 00:00:00,2026-05-23 12:26:35.206163-07,6641,1,312530,23002,24013,4.2697,4.4413,0.1716,High,Off Peak,4.0
2026-05-23 00:00:00,2026-05-23 12:27:05.94282-07,6641,1,312530,23002,24013,4.2697,4.4413,0.1716,High,Off Peak,4.0
2026-05-23 00:00:00,2026-05-23 12:27:36.492368-07,6641,1,312530,23002,24013,4.2697,4.4413,0.1716,High,Off Peak,4.0
2026-05-23 00:00:00,2026-05-23 12:28:07.085006-07,6641,1,312530,23002,24013,4.2697,4.4413,0.1716,High,Off Peak,4.0
2026-05-23 00:00:00,2026-05-23 12:28:37.951585-07,6641,1,312530,23002,24013,4.4413,4.6192,0.1779,High,Off Peak,4.0
2026-05-23 00:00:00,2026-05-23 12:29:08.698789-07,6641,1,312530,23002,24013,4.4413,4.6192,0.1779,High,Off Peak,4.0
2026-05-23 00:00:00,2026-05-23 12:29:39.298148-07,6641,1,312530,23002,24013,4.4413,4.6192,0.1779,High,Off Peak,4.0
2026-05-23 00:00:00,2026-05-23 12:30:09.937136-07,6641,1,312530,23002,24013,4.6192,4.7927,0.1735,High,Off Peak,4.5
2026-05-23 00:00:00,2026-05-23 12:30:40.48168-07,6641,0,312527,24007,23009,9.1958,9.6854,0.4896,Moderate,Off Peak,9.0
2026-05-23 00:00:00,2026-05-23 12:30:40.48168-07,6641,1,312530,23002,24013,4.6192,4.9649,0.3457,Moderate,Off Peak,4.5
2026-05-23 00:00:00,2026-05-23 12:31:41.916575-07,6641,0,312527,24007,23009,9.3737,9.8583,0.4846,Moderate,Off Peak,9.0
2026-05-23 00:00:00,2026-05-23 12:31:41.916575-07,6641,1,312530,23002,24013,4.9649,5.3087,0.3438,Moderate,Off Peak,4.5
2026-05-23 00:00:00,2026-05-23 12:32:12.769401-07,6641,1,312530,23002,24013,4.9649,5.3087,0.3438,Moderate,Off Peak,4.5
2026-05-23 00:00:00,2026-05-23 12:32:43.43635-07,6641,0,312527,24007,23009,9.6854,10.058,0.3726,Moderate,Off Peak,9.5
2026-05-23 00:00:00,2026-05-23 12:32:43.43635-07,6641,1,312530,23002,24013,5.3087,5.4888,0.1801,High,Off Peak,5.0
2026-05-23 00:00:00,2026-05-23 12:33:14.380394-07,6641,0,312527,24007,23009,9.6854,10.058,0.3726,Moderate,Off Peak,9.5
2026-05-23 00:00:00,2026-05-23 12:33:14.380394-07,6641,1,312530,23002,24013,5.3087,5.4888,0.1801,High,Off Peak,5.0
2026-05-23 00:00:00,2026-05-23 12:33:45.025235-07,6641,0,312527,24007,23009,10.0472,10.3366,0.2894,Moderate,Off Peak,10.0
2026-05-23 00:00:00,2026-05-23 12:33:45.025235-07,6641,1,312530,23002,24013,5.3087,5.4888,0.1801,High,Off Peak,5.0
2026-05-23 00:00:00,2026-05-23 12:34:15.65108-07,6641,1,312530,23002,24013,5.4377,5.6682,0.2305,High,Off Peak,5.0
2026-05-23 00:00:00,2026-05-23 12:34:46.320362-07,6641,1,312530,23002,24013,5.5394,5.6682,0.1288,High,Off Peak,5.5
2026-05-23 00:00:00,2026-05-23 12:35:47.700511-07,6641,1,312530,23002,24013,5.6682,6.0127,0.3445,Moderate,Off Peak,5.5
2026-05-23 00:00:00,2026-05-23 12:37:19.828627-07,6641,1,312530,23002,24013,6.0127,6.4926,0.4799,Moderate,Off Peak,6.0
2026-05-23 00:00:00,2026-05-23 12:37:50.395309-07,6641,1,312530,23002,24013,6.0127,6.4957,0.483,Moderate,Off Peak,6.0
2026-05-23 00:00:00,2026-05-23 12:38:20.975555-07,6641,1,312530,23002,24013,6.1863,6.5357,0.3494,Moderate,Off Peak,6.0
2026-05-23 00:00:00,2026-05-23 12:39:22.233931-07,6641,1,312530,23002,24013,6.4926,6.7076,0.215,High,Off Peak,6.0
2026-05-23 00:00:00,2026-05-23 12:39:52.802114-07,6641,1,312530,23002,24013,6.5357,6.8781,0.3424,Moderate,Off Peak,6.5
2026-05-23 00:00:00,2026-05-23 12:40:23.567174-07,6641,1,312530,24001,16222,0.8986,0.9818,0.0832,Severe,Off Peak,0.5
2026-05-23 00:00:00,2026-05-23 12:41:24.962944-07,6641,1,312530,16222,24001,1.0471,1.2424,0.1953,High,Off Peak,1.0
2026-05-23 00:00:00,2026-05-23 12:41:24.962944-07,6641,1,312530,23002,24013,7.2253,7.5221,0.2968,Moderate,Off Peak,7.0
2026-05-23 00:00:00,2026-05-23 12:41:55.582031-07,6641,1,312530,16222,24001,1.0471,1.3213,0.2742,Moderate,Off Peak,1.0
2026-05-23 00:00:00,2026-05-23 12:41:55.582031-07,6641,1,312530,23002,24013,7.2253,7.644,0.4187,Moderate,Off Peak,7.0
2026-05-23 00:00:00,2026-05-23 12:42:26.855227-07,6641,1,312530,16222,24001,1.4619,1.6033,0.1414,High,Off Peak,1.0
2026-05-23 00:00:00,2026-05-23 12:42:26.855227-07,6641,1,312530,23002,24013,7.3877,7.644,0.2563,Moderate,Off Peak,7.0
2026-05-23 00:00:00,2026-05-23 12:42:57.491561-07,6641,1,312530,16222,24001,1.7432,1.885,0.1418,High,Off Peak,1.5
2026-05-23 00:00:00,2026-05-23 12:42:57.491561-07,6641,1,312530,23002,24013,7.5221,7.644,0.1219,High,Off Peak,7.5
2026-05-23 00:00:00,2026-05-23 12:43:28.299796-07,6641,1,312530,16222,24001,1.885,2.024,0.139,High,Off Peak,1.5
2026-05-23 00:00:00,2026-05-23 12:43:28.299796-07,6641,1,312530,23002,24013,7.644,7.8684,0.2244,High,Off Peak,7.5
2026-05-23 00:00:00,2026-05-23 12:43:58.870938-07,6641,1,312530,16222,24001,2.024,2.1664,0.1424,High,Off Peak,2.0
2026-05-23 00:00:00,2026-05-23 12:43:58.870938-07,6641,1,312530,23002,24013,7.644,7.9278,0.2838,Moderate,Off Peak,7.5
2026-05-23 00:00:00,2026-05-23 12:44:29.433612-07,6641,1,312530,23002,24013,7.8684,8.2077,0.3393,Moderate,Off Peak,7.5
2026-05-23 00:00:00,2026-05-23 12:44:59.97778-07,6641,1,312530,16222,24001,2.3553,2.6062,0.2509,Moderate,Off Peak,2.0
2026-05-23 00:00:00,2026-05-23 12:45:30.693273-07,6641,1,312530,16222,24001,2.4628,2.6062,0.1434,High,Off Peak,2.0
2026-05-23 00:00:00,2026-05-23 12:46:01.302624-07,6641,1,312530,23002,24013,8.4936,8.9822,0.4886,Moderate,Off Peak,8.0
2026-05-23 00:00:00,2026-05-23 12:46:32.215001-07,6641,1,312530,23002,24013,8.9343,9.0331,0.0988,Severe,Off Peak,8.5
2026-05-23 00:00:00,2026-05-23 12:47:02.852049-07,6641,1,312530,23002,24013,8.9343,9.1727,0.2384,High,Off Peak,8.5
2026-05-23 00:00:00,2026-05-23 12:51:08.053431-07,6641,1,312530,23002,24013,10.7243,11.2204,0.4961,Moderate,Off Peak,10.5
2026-05-23 00:00:00,2026-05-23 12:51:38.780085-07,6641,0,312527,16201,19026,4.6423,5.0332,0.3909,Moderate,Off Peak,4.5
2026-05-23 00:00:00,2026-05-23 12:52:09.371881-07,6641,1,312530,16222,24001,3.9567,4.4413,0.4846,Moderate,Off Peak,3.5
2026-05-23 00:00:00,2026-05-23 12:53:10.617509-07,6641,1,312530,24011,16222,3.4784,3.9567,0.4783,Moderate,Off Peak,3.0
2026-05-23 00:00:00,2026-05-23 12:53:41.36781-07,6641,1,312530,24011,16222,3.4784,3.9567,0.4783,Moderate,Off Peak,3.0
2026-05-23 00:00:00,2026-05-23 12:54:12.057533-07,6641,1,312530,24011,16222,3.6196,3.9567,0.3371,Moderate,Off Peak,3.5
2026-05-23 00:00:00,2026-05-23 12:54:42.671476-07,6641,1,312530,24011,16222,3.6196,3.9567,0.3371,Moderate,Off Peak,3.5
2026-05-23 00:00:00,2026-05-23 12:55:13.286955-07,6641,1,312530,24011,16222,3.9567,4.1296,0.1729,High,Off Peak,3.5
2026-05-23 00:00:00,2026-05-23 12:55:43.966623-07,6641,1,312530,24011,16222,3.9567,4.2697,0.313,Moderate,Off Peak,3.5
2026-05-23 00:00:00,2026-05-23 12:56:14.589171-07,6641,1,312530,24011,16222,3.9567,4.2697,0.313,Moderate,Off Peak,3.5
2026-05-23 00:00:00,2026-05-23 12:56:45.17876-07,6641,1,312530,24011,16222,3.9567,4.2697,0.313,Moderate,Off Peak,3.5
2026-05-23 00:00:00,2026-05-23 12:57:15.789166-07,6641,1,312530,24011,16222,3.9567,4.4413,0.4846,Moderate,Off Peak,3.5
2026-05-23 00:00:00,2026-05-23 12:57:46.489515-07,6641,1,312530,24011,16222,3.9567,4.4413,0.4846,Moderate,Off Peak,3.5
2026-05-23 00:00:00,2026-05-23 12:59:18.427897-07,6641,1,312530,24011,16222,4.1296,4.6192,0.4896,Moderate,Off Peak,4.0
2026-05-23 00:00:00,2026-05-23 13:02:53.064112-07,6641,1,312530,24011,16222,5.3087,5.6682,0.3595,Moderate,Off Peak,5.0
2026-05-23 00:00:00,2026-05-23 13:03:23.627835-07,6641,1,312530,24011,16222,5.3087,5.6682,0.3595,Moderate,Off Peak,5.0
2026-05-23 00:00:00,2026-05-23 13:03:54.376332-07,6641,1,312530,24011,16222,5.5394,5.6682,0.1288,High,Off Peak,5.5
2026-05-23 00:00:00,2026-05-23 13:04:24.935539-07,6641,1,312530,24011,16222,5.6682,5.8421,0.1739,High,Off Peak,5.5
2026-05-23 00:00:00,2026-05-23 13:04:55.541552-07,6641,1,312530,24011,16222,5.6683,6.0127,0.3444,Moderate,Off Peak,5.5
2026-05-23 00:00:00,2026-05-23 13:05:26.108359-07,6641,1,312530,24011,16222,6.0127,6.1863,0.1736,High,Off Peak,6.0
2026-05-23 00:00:00,2026-05-23 13:05:56.770137-07,6641,1,312530,24011,16222,6.0127,6.3612,0.3485,Moderate,Off Peak,6.0
2026-05-23 00:00:00,2026-05-23 13:06:27.320863-07,6641,1,312530,24011,16222,6.0127,6.4926,0.4799,Moderate,Off Peak,6.0
2026-05-23 00:00:00,2026-05-23 13:06:57.89097-07,6641,1,312530,24011,16222,6.3613,6.4957,0.1344,High,Off Peak,6.0
2026-05-23 00:00:00,2026-05-23 13:07:28.485079-07,6641,1,312530,24011,16222,6.4957,6.7076,0.2119,High,Off Peak,6.0
2026-05-23 00:00:00,2026-05-23 13:07:59.168835-07,6641,1,312530,24007,23009,0.8438,1.3213,0.4775,Moderate,Off Peak,0.5
2026-05-23 00:00:00,2026-05-23 13:08:29.733755-07,6641,1,312530,24007,23009,0.9818,1.3213,0.3395,Moderate,Off Peak,0.5
2026-05-23 00:00:00,2026-05-23 13:09:30.901696-07,6641,1,312530,24011,16222,7.0508,7.5221,0.4713,Moderate,Off Peak,7.0
2026-05-23 00:00:00,2026-05-23 13:10:01.699108-07,6641,1,312530,24007,23009,1.4619,1.885,0.4231,Moderate,Off Peak,1.0
2026-05-23 00:00:00,2026-05-23 13:10:01.699108-07,6641,1,312530,24011,16222,7.3877,7.644,0.2563,Moderate,Off Peak,7.0
2026-05-23 00:00:00,2026-05-23 13:10:32.477523-07,6641,1,312530,24007,23009,1.7432,2.024,0.2808,Moderate,Off Peak,1.5
2026-05-23 00:00:00,2026-05-23 13:10:32.477523-07,6641,1,312530,24011,16222,7.5221,7.644,0.1219,High,Off Peak,7.5
2026-05-23 00:00:00,2026-05-23 13:11:03.211592-07,6641,0,312527,23002,24013,4.6423,5.0332,0.3909,Moderate,Off Peak,4.5
2026-05-23 00:00:00,2026-05-23 13:11:03.211592-07,6641,1,312530,24007,23009,1.7432,2.1664,0.4232,Moderate,Off Peak,1.5
2026-05-23 00:00:00,2026-05-23 13:11:33.849936-07,6641,1,312530,24007,23009,1.885,2.3553,0.4703,Moderate,Off Peak,1.5
2026-05-23 00:00:00,2026-05-23 13:11:33.849936-07,6641,1,312530,24011,16222,7.8684,7.9278,0.0594,Severe,Off Peak,7.5
2026-05-23 00:00:00,2026-05-23 13:12:04.560731-07,6641,1,312530,24011,16222,7.9278,8.0688,0.141,High,Off Peak,7.5
2026-05-23 00:00:00,2026-05-23 13:12:35.117448-07,6641,1,312530,24007,23009,2.024,2.4628,0.4388,Moderate,Off Peak,2.0
2026-05-23 00:00:00,2026-05-23 13:14:40.976033-07,6641,1,312530,24011,16222,8.9822,9.0331,0.0509,Severe,Off Peak,8.5
2026-05-23 00:00:00,2026-05-23 13:15:11.665062-07,6641,1,312530,24011,16222,8.9822,9.0331,0.0509,Severe,Off Peak,8.5
2026-05-23 00:00:00,2026-05-23 13:15:42.217855-07,6641,0,312527,23002,24013,5.7462,6.171,0.4248,Moderate,Off Peak,5.5
2026-05-23 00:00:00,2026-05-23 13:15:42.217855-07,6641,1,312530,24007,23009,3.0364,3.4784,0.442,Moderate,Off Peak,3.0
2026-05-23 00:00:00,2026-05-23 13:15:42.217855-07,6641,1,312530,24011,16222,8.9822,9.0331,0.0509,Severe,Off Peak,8.5
2026-05-23 00:00:00,2026-05-23 13:16:14.203819-07,6641,0,312527,23002,24013,5.9466,6.171,0.2244,High,Off Peak,5.5
2026-05-23 00:00:00,2026-05-23 13:16:14.203819-07,6641,1,312530,16222,24011,9.0331,9.1727,0.1396,High,Off Peak,9.0
2026-05-23 00:00:00,2026-05-23 13:16:44.759519-07,6641,0,312527,23002,24013,6.0317,6.2929,0.2612,Moderate,Off Peak,6.0
2026-05-23 00:00:00,2026-05-23 13:16:44.759519-07,6641,1,312530,16222,24011,9.1727,9.3931,0.2204,High,Off Peak,9.0
2026-05-23 00:00:00,2026-05-23 13:17:15.388489-07,6641,0,312527,23002,24013,6.171,6.5897,0.4187,Moderate,Off Peak,6.0
2026-05-23 00:00:00,2026-05-23 13:17:15.388489-07,6641,1,312530,24007,23009,3.4784,3.7677,0.2893,Moderate,Off Peak,3.0
2026-05-23 00:00:00,2026-05-23 13:17:46.015938-07,6641,0,312527,23002,24013,6.171,6.5897,0.4187,Moderate,Off Peak,6.0
2026-05-23 00:00:00,2026-05-23 13:17:46.015938-07,6641,1,312530,24007,23009,3.6196,3.9567,0.3371,Moderate,Off Peak,3.5
2026-05-23 00:00:00,2026-05-23 13:17:46.015938-07,6641,1,312530,16222,24011,9.8395,10.2794,0.4399,Moderate,Off Peak,9.5
2026-05-23 00:00:00,2026-05-23 13:18:16.691367-07,6641,1,312530,24007,23009,3.6196,3.9567,0.3371,Moderate,Off Peak,3.5
2026-05-23 00:00:00,2026-05-23 13:18:47.28363-07,6641,1,312530,24007,23009,3.7677,3.9567,0.189,High,Off Peak,3.5
2026-05-23 00:00:00,2026-05-23 13:19:17.887825-07,6641,0,312527,23002,24013,6.7642,7.1074,0.3432,Moderate,Off Peak,6.5
2026-05-23 00:00:00,2026-05-23 13:19:17.887825-07,6641,1,312530,24007,23009,3.7677,3.9567,0.189,High,Off Peak,3.5
2026-05-23 00:00:00,2026-05-23 13:19:48.438603-07,6641,0,312527,23002,24013,6.9369,7.1074,0.1705,High,Off Peak,6.5
2026-05-23 00:00:00,2026-05-23 13:20:19.220723-07,6641,1,312530,24007,23009,3.9567,4.2697,0.313,Moderate,Off Peak,3.5
2026-05-23 00:00:00,2026-05-23 13:20:49.775683-07,6641,0,312527,23002,24013,7.3224,7.6286,0.3062,Moderate,Off Peak,7.0
2026-05-23 00:00:00,2026-05-23 13:20:49.775683-07,6641,1,312530,24007,23009,3.9567,4.2697,0.313,Moderate,Off Peak,3.5
2026-05-23 00:00:00,2026-05-23 13:21:20.40455-07,6641,0,312527,23002,24013,7.4538,7.6286,0.1748,High,Off Peak,7.0
2026-05-23 00:00:00,2026-05-23 13:21:20.40455-07,6641,1,312530,24007,23009,3.9567,4.2697,0.313,Moderate,Off Peak,3.5
2026-05-23 00:00:00,2026-05-23 13:21:50.987906-07,6641,1,312530,24007,23009,3.9567,4.4413,0.4846,Moderate,Off Peak,3.5
2026-05-23 00:00:00,2026-05-23 13:22:21.721196-07,6641,1,312530,24007,23009,3.9567,4.4413,0.4846,Moderate,Off Peak,3.5
2026-05-23 00:00:00,2026-05-23 13:22:21.721196-07,6641,1,312530,24011,16222,12.5924,13.0367,0.4443,Moderate,Off Peak,12.5
2026-05-23 00:00:00,2026-05-23 13:23:22.909406-07,6641,0,312527,23002,24013,8.1467,8.2755,0.1288,High,Off Peak,8.0
2026-05-23 00:00:00,2026-05-23 13:23:22.909406-07,6641,1,312530,24007,23009,4.1296,4.6192,0.4896,Moderate,Off Peak,4.0
2026-05-23 00:00:00,2026-05-23 13:24:54.799908-07,6641,0,312527,23002,24013,8.2755,8.3773,0.1018,High,Off Peak,8.0
2026-05-23 00:00:00,2026-05-23 13:25:25.418446-07,6641,0,312527,23002,24013,8.2755,8.5063,0.2308,High,Off Peak,8.0
2026-05-23 00:00:00,2026-05-23 13:25:56.004729-07,6641,0,312527,23002,24013,8.2755,8.5062,0.2307,High,Off Peak,8.0
2026-05-23 00:00:00,2026-05-23 13:26:26.718876-07,6641,0,312527,23002,24013,8.5063,8.85,0.3437,Moderate,Off Peak,8.5
2026-05-23 00:00:00,2026-05-23 13:28:29.142648-07,6641,0,312527,23002,24013,9.1958,9.6854,0.4896,Moderate,Off Peak,9.0
2026-05-23 00:00:00,2026-05-23 13:28:59.704042-07,6641,0,312527,23002,24013,9.1958,9.6854,0.4896,Moderate,Off Peak,9.0
2026-05-23 00:00:00,2026-05-23 13:29:30.368461-07,6641,0,312527,23002,24013,9.1958,9.6854,0.4896,Moderate,Off Peak,9.0
2026-05-23 00:00:00,2026-05-23 13:30:00.963683-07,6641,0,312527,24001,22013,4.7818,5.1735,0.3917,Moderate,Off Peak,4.5
2026-05-23 00:00:00,2026-05-23 13:30:00.963683-07,6641,0,312527,23002,24013,9.3737,9.8582,0.4845,Moderate,Off Peak,9.0
2026-05-23 00:00:00,2026-05-23 13:30:32.048575-07,6641,0,312527,23002,24013,9.6854,10.0472,0.3618,Moderate,Off Peak,9.5
2026-05-23 00:00:00,2026-05-23 13:30:32.048575-07,6641,1,312530,19015,22012,3.4784,3.9567,0.4783,Moderate,Off Peak,3.0
2026-05-23 00:00:00,2026-05-23 13:31:02.597318-07,6641,0,312527,23002,24013,9.6854,10.0472,0.3618,Moderate,Off Peak,9.5
2026-05-23 00:00:00,2026-05-23 13:31:33.258247-07,6641,0,312527,23002,24013,9.8582,10.0472,0.189,High,Off Peak,9.5
2026-05-23 00:00:00,2026-05-23 13:31:33.258247-07,6641,1,312530,24007,23009,6.0127,6.4926,0.4799,Moderate,Off Peak,6.0
2026-05-23 00:00:00,2026-05-23 13:32:03.809267-07,6641,0,312527,23002,24013,9.8582,10.058,0.1998,High,Off Peak,9.5
2026-05-23 00:00:00,2026-05-23 13:32:03.809267-07,6641,1,312530,19015,22012,3.9567,4.2697,0.313,Moderate,Off Peak,3.5
2026-05-23 00:00:00,2026-05-23 13:32:03.809267-07,6641,1,312530,24007,23009,6.1863,6.4957,0.3094,Moderate,Off Peak,6.0
2026-05-23 00:00:00,2026-05-23 13:32:35.044733-07,6641,0,312527,23002,24013,10.0472,10.058,0.0108,Severe,Off Peak,10.0
2026-05-23 00:00:00,2026-05-23 13:32:35.044733-07,6641,1,312530,19015,22012,3.9567,4.4413,0.4846,Moderate,Off Peak,3.5
2026-05-23 00:00:00,2026-05-23 13:32:35.044733-07,6641,1,312530,24007,23009,6.1863,6.5357,0.3494,Moderate,Off Peak,6.0
2026-05-23 00:00:00,2026-05-23 13:33:05.641305-07,6641,0,312527,24001,22013,5.7462,6.171,0.4248,Moderate,Off Peak,5.5
2026-05-23 00:00:00,2026-05-23 13:33:05.641305-07,6641,0,312527,23002,24013,10.0472,10.058,0.0108,Severe,Off Peak,10.0
2026-05-23 00:00:00,2026-05-23 13:33:05.641305-07,6641,1,312530,24007,23009,6.3613,6.7076,0.3463,Moderate,Off Peak,6.0
2026-05-23 00:00:00,2026-05-23 13:33:36.333593-07,6641,0,312527,24001,22013,6.0317,6.2929,0.2612,Moderate,Off Peak,6.0
2026-05-23 00:00:00,2026-05-23 13:33:36.333593-07,6641,0,312527,23002,24013,10.058,10.1954,0.1374,High,Off Peak,10.0
2026-05-23 00:00:00,2026-05-23 13:33:36.333593-07,6641,1,312530,24007,23009,6.3613,6.7076,0.3463,Moderate,Off Peak,6.0
2026-05-23 00:00:00,2026-05-23 13:34:06.981116-07,6641,0,312527,23002,24013,10.058,10.3366,0.2786,Moderate,Off Peak,10.0
2026-05-23 00:00:00,2026-05-23 13:34:37.739549-07,6641,0,312527,23002,24013,10.1954,10.3366,0.1412,High,Off Peak,10.0
2026-05-23 00:00:00,2026-05-23 13:35:08.301913-07,6641,0,312527,23002,24013,10.1954,10.4435,0.2481,High,Off Peak,10.0
2026-05-23 00:00:00,2026-05-23 13:35:39.335994-07,6641,0,312527,23002,24013,10.3366,10.7787,0.4421,Moderate,Off Peak,10.0
2026-05-23 00:00:00,2026-05-23 13:36:09.920249-07,6641,0,312527,23002,24013,10.6369,10.919,0.2821,Moderate,Off Peak,10.5
2026-05-23 00:00:00,2026-05-23 13:36:40.608328-07,6641,0,312527,23002,24013,10.6369,11.0585,0.4216,Moderate,Off Peak,10.5
2026-05-23 00:00:00,2026-05-23 13:36:40.608328-07,6641,1,312530,24007,23009,7.3877,7.7832,0.3955,Moderate,Off Peak,7.0
2026-05-23 00:00:00,2026-05-23 13:37:11.153658-07,6641,0,312527,24001,22013,6.9369,7.1074,0.1705,High,Off Peak,6.5
2026-05-23 00:00:00,2026-05-23 13:37:11.153658-07,6641,0,312527,23002,24013,10.7787,11.1692,0.3905,Moderate,Off Peak,10.5
2026-05-23 00:00:00,2026-05-23 13:37:11.153658-07,6641,1,312530,24007,23009,7.5221,7.7832,0.2611,Moderate,Off Peak,7.5
2026-05-23 00:00:00,2026-05-23 13:37:41.723593-07,6641,0,312527,23002,24013,10.919,11.1692,0.2502,Moderate,Off Peak,10.5
2026-05-23 00:00:00,2026-05-23 13:37:41.723593-07,6641,1,312530,24007,23009,7.644,8.0687,0.4247,Moderate,Off Peak,7.5
2026-05-23 00:00:00,2026-05-23 13:38:12.321274-07,6641,0,312527,23002,24013,11.0585,11.1692,0.1107,High,Off Peak,11.0
2026-05-23 00:00:00,2026-05-23 13:38:12.321274-07,6641,1,312530,24007,23009,7.644,8.0687,0.4247,Moderate,Off Peak,7.5
2026-05-23 00:00:00,2026-05-23 13:38:43.040535-07,6641,0,312527,23002,24013,11.1692,11.3522,0.183,High,Off Peak,11.0
2026-05-23 00:00:00,2026-05-23 13:38:43.040535-07,6641,1,312530,24007,23009,7.9278,8.3458,0.418,Moderate,Off Peak,7.5
2026-05-23 00:00:00,2026-05-23 13:39:13.781829-07,6641,0,312527,23002,24013,11.1692,11.5065,0.3373,Moderate,Off Peak,11.0
2026-05-23 00:00:00,2026-05-23 13:39:44.387985-07,6641,0,312527,24001,22013,7.1074,7.2793,0.1719,High,Off Peak,7.0
2026-05-23 00:00:00,2026-05-23 13:39:44.387985-07,6641,0,312527,23002,24013,11.3751,11.791,0.4159,Moderate,Off Peak,11.0
2026-05-23 00:00:00,2026-05-23 13:40:15.279247-07,6641,0,312527,24001,22013,7.1074,7.2793,0.1719,High,Off Peak,7.0
2026-05-23 00:00:00,2026-05-23 13:40:15.279247-07,6641,0,312527,23002,24013,11.6101,11.9299,0.3198,Moderate,Off Peak,11.5
2026-05-23 00:00:00,2026-05-23 13:40:15.279247-07,6641,1,312530,24007,23009,8.6414,8.9343,0.2929,Moderate,Off Peak,8.5
2026-05-23 00:00:00,2026-05-23 13:40:45.995312-07,6641,0,312527,24001,22013,7.2793,7.3224,0.0431,Severe,Off Peak,7.0
2026-05-23 00:00:00,2026-05-23 13:40:45.995312-07,6641,1,312530,24007,23009,8.9343,9.0331,0.0988,Severe,Off Peak,8.5
2026-05-23 00:00:00,2026-05-23 13:41:16.692291-07,6641,0,312527,24001,22013,7.2793,7.4537,0.1744,High,Off Peak,7.0
2026-05-23 00:00:00,2026-05-23 13:41:16.692291-07,6641,0,312527,23002,24013,11.9299,12.0717,0.1418,High,Off Peak,11.5
2026-05-23 00:00:00,2026-05-23 13:41:16.692291-07,6641,1,312530,24007,23009,8.9343,9.393,0.4587,Moderate,Off Peak,8.5
2026-05-23 00:00:00,2026-05-23 13:41:47.290207-07,6641,0,312527,24001,22013,7.2793,7.6286,0.3493,Moderate,Off Peak,7.0
2026-05-23 00:00:00,2026-05-23 13:42:17.845893-07,6641,0,312527,24001,22013,7.2793,7.6286,0.3493,Moderate,Off Peak,7.0
2026-05-23 00:00:00,2026-05-23 13:42:17.845893-07,6641,0,312527,23002,24013,12.3531,12.5725,0.2194,High,Off Peak,12.0
2026-05-23 00:00:00,2026-05-23 13:42:48.521929-07,6641,0,312527,24001,22013,7.4538,7.8023,0.3485,Moderate,Off Peak,7.0
2026-05-23 00:00:00,2026-05-23 13:43:19.163007-07,6641,0,312527,23002,24013,12.5725,12.7679,0.1954,High,Off Peak,12.5
2026-05-23 00:00:00,2026-05-23 13:43:49.751664-07,6641,0,312527,23002,24013,12.8332,12.9163,0.0831,Severe,Off Peak,12.5
2026-05-23 00:00:00,2026-05-23 13:44:20.390817-07,6641,0,312527,24001,22013,7.9729,8.2755,0.3026,Moderate,Off Peak,7.5
2026-05-23 00:00:00,2026-05-23 13:44:51.207743-07,6641,0,312527,24001,22013,8.1467,8.2755,0.1288,High,Off Peak,8.0
2026-05-23 00:00:00,2026-05-23 13:45:21.839099-07,6641,0,312527,24001,22013,8.2755,8.3773,0.1018,High,Off Peak,8.0
2026-05-23 00:00:00,2026-05-23 13:45:21.839099-07,6641,1,312530,24007,23009,10.7243,11.1454,0.4211,Moderate,Off Peak,10.5
2026-05-23 00:00:00,2026-05-23 13:45:52.485883-07,6641,0,312527,24001,22013,8.2755,8.5063,0.2308,High,Off Peak,8.0
2026-05-23 00:00:00,2026-05-23 13:46:23.061735-07,6641,0,312527,24001,22013,8.5063,8.6788,0.1725,High,Off Peak,8.5
2026-05-23 00:00:00,2026-05-23 13:47:56.172707-07,6641,0,312527,24001,22013,8.85,9.1958,0.3458,Moderate,Off Peak,8.5
2026-05-23 00:00:00,2026-05-23 13:48:26.802176-07,6641,0,312527,24001,22013,9.0222,9.1958,0.1736,High,Off Peak,9.0
2026-05-23 00:00:00,2026-05-23 13:49:59.02673-07,6641,0,312527,24001,22013,9.5453,9.6854,0.1401,High,Off Peak,9.5
2026-05-23 00:00:00,2026-05-23 13:51:00.247172-07,6641,0,312527,22013,24001,9.6854,9.8582,0.1728,High,Off Peak,9.5
2026-05-23 00:00:00,2026-05-23 13:51:30.891199-07,6641,0,312527,22013,24001,9.8582,10.0472,0.189,High,Off Peak,9.5
2026-05-23 00:00:00,2026-05-23 13:52:01.692978-07,6641,0,312527,22013,24001,10.0472,10.058,0.0108,Severe,Off Peak,10.0
2026-05-23 00:00:00,2026-05-23 13:52:32.388685-07,6641,0,312527,24011,16222,7.1074,7.4537,0.3463,Moderate,Off Peak,7.0
2026-05-23 00:00:00,2026-05-23 13:52:32.388685-07,6641,0,312527,22013,24001,10.0472,10.058,0.0108,Severe,Off Peak,10.0
2026-05-23 00:00:00,2026-05-23 13:52:32.388685-07,6641,1,312530,19026,15019,3.9567,4.4413,0.4846,Moderate,Off Peak,3.5
2026-05-23 00:00:00,2026-05-23 13:53:03.120964-07,6641,0,312527,22013,24001,10.058,10.3366,0.2786,Moderate,Off Peak,10.0
2026-05-23 00:00:00,2026-05-23 13:53:33.672445-07,6641,0,312527,22013,24001,10.058,10.4435,0.3855,Moderate,Off Peak,10.0
2026-05-23 00:00:00,2026-05-23 13:54:04.251677-07,6641,0,312527,22013,24001,10.1954,10.6369,0.4415,Moderate,Off Peak,10.0
2026-05-23 00:00:00,2026-05-23 13:54:34.838034-07,6641,0,312527,24011,16222,7.8023,8.2755,0.4732,Moderate,Off Peak,7.5
2026-05-23 00:00:00,2026-05-23 13:54:34.838034-07,6641,0,312527,22013,24001,10.3366,10.7787,0.4421,Moderate,Off Peak,10.0
2026-05-23 00:00:00,2026-05-23 13:55:05.556612-07,6641,0,312527,24011,16222,7.8023,8.2755,0.4732,Moderate,Off Peak,7.5
2026-05-23 00:00:00,2026-05-23 13:55:05.556612-07,6641,0,312527,22013,24001,10.6369,10.7786,0.1417,High,Off Peak,10.5
2026-05-23 00:00:00,2026-05-23 13:55:36.126866-07,6641,0,312527,24011,16222,7.9729,8.3261,0.3532,Moderate,Off Peak,7.5
2026-05-23 00:00:00,2026-05-23 13:55:36.126866-07,6641,0,312527,22013,24001,10.7787,10.919,0.1403,High,Off Peak,10.5
2026-05-23 00:00:00,2026-05-23 13:56:06.72023-07,6641,0,312527,24011,16222,8.1467,8.3773,0.2306,High,Off Peak,8.0
2026-05-23 00:00:00,2026-05-23 13:56:06.72023-07,6641,0,312527,22013,24001,10.7786,11.1692,0.3906,Moderate,Off Peak,10.5
2026-05-23 00:00:00,2026-05-23 13:56:37.349564-07,6641,0,312527,22013,24001,11.0585,11.1692,0.1107,High,Off Peak,11.0
2026-05-23 00:00:00,2026-05-23 13:57:08.104941-07,6641,0,312527,24011,16222,8.2755,8.6788,0.4033,Moderate,Off Peak,8.0
2026-05-23 00:00:00,2026-05-23 13:57:38.686371-07,6641,0,312527,24011,16222,8.5062,8.85,0.3438,Moderate,Off Peak,8.5
2026-05-23 00:00:00,2026-05-23 13:57:38.686371-07,6641,0,312527,22013,24001,11.1692,11.4285,0.2593,Moderate,Off Peak,11.0
2026-05-23 00:00:00,2026-05-23 13:58:09.27463-07,6641,0,312527,22013,24001,11.4285,11.6486,0.2201,High,Off Peak,11.0
2026-05-23 00:00:00,2026-05-23 13:58:09.27463-07,6641,1,312530,16201,19026,3.9567,4.4413,0.4846,Moderate,Off Peak,3.5
2026-05-23 00:00:00,2026-05-23 13:58:39.822477-07,6641,0,312527,24011,16222,9.0222,9.1958,0.1736,High,Off Peak,9.0
2026-05-23 00:00:00,2026-05-23 13:58:39.822477-07,6641,0,312527,22013,24001,11.6101,11.9299,0.3198,Moderate,Off Peak,11.5
2026-05-23 00:00:00,2026-05-23 13:58:39.822477-07,6641,1,312530,16201,19026,3.9567,4.4413,0.4846,Moderate,Off Peak,3.5
2026-05-23 00:00:00,2026-05-23 13:59:10.540744-07,6641,0,312527,24011,16222,9.0222,9.1958,0.1736,High,Off Peak,9.0
2026-05-23 00:00:00,2026-05-23 13:59:10.540744-07,6641,0,312527,22013,24001,11.791,11.9299,0.1389,High,Off Peak,11.5
2026-05-23 00:00:00,2026-05-23 13:59:10.540744-07,6641,1,312530,16201,19026,3.9567,4.4413,0.4846,Moderate,Off Peak,3.5
2026-05-23 00:00:00,2026-05-23 13:59:41.100063-07,6641,0,312527,24011,16222,9.1958,9.3737,0.1779,High,Off Peak,9.0
2026-05-23 00:00:00,2026-05-23 14:00:11.747253-07,6641,0,312527,24011,16222,9.1958,9.3737,0.1779,High,Off Peak,9.0
2026-05-23 00:00:00,2026-05-23 14:00:11.747253-07,6641,0,312527,22013,24001,11.9299,12.3531,0.4232,Moderate,Off Peak,11.5
2026-05-23 00:00:00,2026-05-23 14:00:49.987783-07,6641,0,312527,24011,16222,9.1958,9.6854,0.4896,Moderate,Off Peak,9.0
2026-05-23 00:00:00,2026-05-23 14:01:22.834371-07,6641,0,312527,24011,16222,9.3737,9.6854,0.3117,Moderate,Off Peak,9.0
2026-05-23 00:00:00,2026-05-23 14:01:22.834371-07,6641,0,312527,22013,24001,12.3531,12.7679,0.4148,Moderate,Off Peak,12.0
2026-05-23 00:00:00,2026-05-23 14:01:53.466214-07,6641,0,312527,24011,16222,9.5453,9.6854,0.1401,High,Off Peak,9.5
2026-05-23 00:00:00,2026-05-23 14:02:24.245024-07,6641,0,312527,22013,24001,12.7679,12.8332,0.0653,Severe,Off Peak,12.5
2026-05-23 00:00:00,2026-05-23 14:02:54.790955-07,6641,0,312527,24001,22013,12.9163,12.9711,0.0548,Severe,Off Peak,12.5
2026-05-23 00:00:00,2026-05-23 14:04:57.372956-07,6641,0,312527,24011,16222,9.6854,9.8582,0.1728,High,Off Peak,9.5
2026-05-23 00:00:00,2026-05-23 14:05:28.076256-07,6641,0,312527,24011,16222,9.8582,9.8583,0.0001,Severe,Off Peak,9.5
2026-05-23 00:00:00,2026-05-23 14:05:58.639578-07,6641,0,312527,24011,16222,9.8582,9.8583,0.0001,Severe,Off Peak,9.5
2026-05-23 00:00:00,2026-05-23 14:06:30.528057-07,6641,0,312527,24011,16222,9.8582,9.8583,0.0001,Severe,Off Peak,9.5
2026-05-23 00:00:00,2026-05-23 14:07:01.532985-07,6641,0,312527,24011,16222,9.8583,10.058,0.1997,High,Off Peak,9.5
2026-05-23 00:00:00,2026-05-23 14:07:32.836744-07,6641,0,312527,24011,16222,10.0472,10.058,0.0108,Severe,Off Peak,10.0
2026-05-23 00:00:00,2026-05-23 14:08:03.461401-07,6641,0,312527,24011,16222,10.0472,10.058,0.0108,Severe,Off Peak,10.0
2026-05-23 00:00:00,2026-05-23 14:08:03.461401-07,6641,1,312530,24013,22002,3.4784,3.9567,0.4783,Moderate,Off Peak,3.0
2026-05-23 00:00:00,2026-05-23 14:08:34.047315-07,6641,0,312527,24011,16222,10.0472,10.058,0.0108,Severe,Off Peak,10.0
2026-05-23 00:00:00,2026-05-23 14:09:04.717624-07,6641,0,312527,24011,16222,10.0472,10.3366,0.2894,Moderate,Off Peak,10.0
2026-05-23 00:00:00,2026-05-23 14:09:04.717624-07,6641,1,312530,24013,22002,3.757,4.1296,0.3726,Moderate,Off Peak,3.5
2026-05-23 00:00:00,2026-05-23 14:09:35.477396-07,6641,0,312527,24011,16222,10.058,10.4437,0.3857,Moderate,Off Peak,10.0
2026-05-23 00:00:00,2026-05-23 14:10:06.064061-07,6641,0,312527,24011,16222,10.058,10.4437,0.3857,Moderate,Off Peak,10.0
2026-05-23 00:00:00,2026-05-23 14:10:06.064061-07,6641,1,312530,24013,22002,3.9567,4.4413,0.4846,Moderate,Off Peak,3.5
2026-05-23 00:00:00,2026-05-23 14:12:40.098673-07,6641,0,312527,19041,8147,9.3737,9.6854,0.3117,Moderate,Off Peak,9.0
2026-05-23 00:00:00,2026-05-23 14:13:10.649745-07,6641,0,312527,19041,8147,9.5453,9.8582,0.3129,Moderate,Off Peak,9.5
2026-05-23 00:00:00,2026-05-23 14:13:41.905368-07,6641,0,312527,19041,8147,9.6854,9.8583,0.1729,High,Off Peak,9.5
2026-05-23 00:00:00,2026-05-23 14:13:41.905368-07,6641,1,312530,23002,24013,3.4784,3.9567,0.4783,Moderate,Off Peak,3.0
2026-05-23 00:00:00,2026-05-23 14:14:12.47078-07,6641,0,312527,19041,8147,9.6854,9.8583,0.1729,High,Off Peak,9.5
2026-05-23 00:00:00,2026-05-23 14:14:12.47078-07,6641,1,312530,23002,24013,3.6196,3.9567,0.3371,Moderate,Off Peak,3.5
2026-05-23 00:00:00,2026-05-23 14:14:43.027967-07,6641,0,312527,19041,8147,9.8582,9.8583,0.0001,Severe,Off Peak,9.5
2026-05-23 00:00:00,2026-05-23 14:15:13.594021-07,6641,0,312527,19041,8147,9.8583,10.0472,0.1889,High,Off Peak,9.5
2026-05-23 00:00:00,2026-05-23 14:15:44.329727-07,6641,0,312527,19041,8147,9.8583,10.058,0.1997,High,Off Peak,9.5
2026-05-23 00:00:00,2026-05-23 14:16:14.917292-07,6641,0,312527,19041,8147,10.0472,10.058,0.0108,Severe,Off Peak,10.0
2026-05-23 00:00:00,2026-05-23 14:16:14.917292-07,6641,0,312527,24011,16222,11.4597,11.9299,0.4702,Moderate,Off Peak,11.0
2026-05-23 00:00:00,2026-05-23 14:16:14.917292-07,6641,1,312530,23002,24013,3.9567,4.4413,0.4846,Moderate,Off Peak,3.5
2026-05-23 00:00:00,2026-05-23 14:16:45.530198-07,6641,0,312527,24011,16222,11.791,12.2116,0.4206,Moderate,Off Peak,11.5
2026-05-23 00:00:00,2026-05-23 14:17:16.174819-07,6641,0,312527,19041,8147,10.058,10.3366,0.2786,Moderate,Off Peak,10.0
2026-05-23 00:00:00,2026-05-23 14:17:16.174819-07,6641,1,312530,23002,24013,4.1296,4.6192,0.4896,Moderate,Off Peak,4.0
2026-05-23 00:00:00,2026-05-23 14:17:47.365741-07,6641,0,312527,24011,16222,12.4937,12.7679,0.2742,Moderate,Off Peak,12.0
2026-05-23 00:00:00,2026-05-23 14:18:20.50812-07,6641,0,312527,24011,16222,12.4937,12.7679,0.2742,Moderate,Off Peak,12.0
2026-05-23 00:00:00,2026-05-23 14:19:21.806119-07,6641,0,312527,24007,23009,8.1467,8.5063,0.3596,Moderate,Off Peak,8.0
2026-05-23 00:00:00,2026-05-23 14:19:21.806119-07,6641,0,312527,24011,16222,12.8332,12.9163,0.0831,Severe,Off Peak,12.5
2026-05-23 00:00:00,2026-05-23 14:20:53.779077-07,6641,1,312530,23002,24013,4.9649,5.3087,0.3438,Moderate,Off Peak,4.5
2026-05-23 00:00:00,2026-05-23 14:21:24.63933-07,6641,1,312530,23002,24013,5.1362,5.3087,0.1725,High,Off Peak,5.0
2026-05-23 00:00:00,2026-05-23 14:21:55.559002-07,6641,1,312530,23002,24013,5.1362,5.4888,0.3526,Moderate,Off Peak,5.0
2026-05-23 00:00:00,2026-05-23 14:22:26.097427-07,6641,1,312530,23002,24013,5.1362,5.5394,0.4032,Moderate,Off Peak,5.0
2026-05-23 00:00:00,2026-05-23 14:24:28.623705-07,6641,0,312527,24007,23009,9.1958,9.6854,0.4896,Moderate,Off Peak,9.0
2026-05-23 00:00:00,2026-05-23 14:24:59.425766-07,6641,0,312527,24007,23009,9.1958,9.6854,0.4896,Moderate,Off Peak,9.0
2026-05-23 00:00:00,2026-05-23 14:25:30.083794-07,6641,0,312527,24007,23009,9.1958,9.6854,0.4896,Moderate,Off Peak,9.0
2026-05-23 00:00:00,2026-05-23 14:26:00.786539-07,6641,0,312527,24007,23009,9.3737,9.8582,0.4845,Moderate,Off Peak,9.0
2026-05-23 00:00:00,2026-05-23 14:26:31.386726-07,6641,0,312527,24007,23009,9.5453,9.8582,0.3129,Moderate,Off Peak,9.5
2026-05-23 00:00:00,2026-05-23 14:27:02.032193-07,6641,0,312527,24007,23009,9.6854,9.8582,0.1728,High,Off Peak,9.5
2026-05-23 00:00:00,2026-05-23 14:27:32.606774-07,6641,0,312527,24007,23009,9.6854,9.8582,0.1728,High,Off Peak,9.5
2026-05-23 00:00:00,2026-05-23 14:28:33.851371-07,6641,0,312527,24007,23009,9.8582,9.8583,0.0001,Severe,Off Peak,9.5
2026-05-23 00:00:00,2026-05-23 14:30:05.754362-07,6641,1,312530,24001,22013,3.4784,3.9567,0.4783,Moderate,Off Peak,3.0
2026-05-23 00:00:00,2026-05-23 14:30:36.406527-07,6641,0,312527,24007,23009,9.8583,10.0472,0.1889,High,Off Peak,9.5
2026-05-23 00:00:00,2026-05-23 14:30:36.406527-07,6641,1,312530,24001,22013,3.4784,3.9567,0.4783,Moderate,Off Peak,3.0
2026-05-23 00:00:00,2026-05-23 14:31:07.035561-07,6641,1,312530,24001,22013,3.757,3.9567,0.1997,High,Off Peak,3.5
2026-05-23 00:00:00,2026-05-23 14:31:37.678614-07,6641,0,312527,24007,23009,10.0472,10.058,0.0108,Severe,Off Peak,10.0
2026-05-23 00:00:00,2026-05-23 14:31:37.678614-07,6641,1,312530,24001,22013,3.757,3.9567,0.1997,High,Off Peak,3.5
2026-05-23 00:00:00,2026-05-23 14:32:08.362559-07,6641,0,312527,24007,23009,10.0472,10.058,0.0108,Severe,Off Peak,10.0
2026-05-23 00:00:00,2026-05-23 14:32:08.362559-07,6641,1,312530,24001,22013,3.9567,4.1296,0.1729,High,Off Peak,3.5
2026-05-23 00:00:00,2026-05-23 14:32:39.150003-07,6641,0,312527,24007,23009,10.0472,10.058,0.0108,Severe,Off Peak,10.0
2026-05-23 00:00:00,2026-05-23 14:32:39.150003-07,6641,1,312530,24001,22013,3.9567,4.2697,0.313,Moderate,Off Peak,3.5
2026-05-23 00:00:00,2026-05-23 14:33:10.15935-07,6641,0,312527,24007,23009,10.0472,10.3366,0.2894,Moderate,Off Peak,10.0
2026-05-23 00:00:00,2026-05-23 14:33:10.15935-07,6641,1,312530,24001,22013,3.9567,4.2697,0.313,Moderate,Off Peak,3.5
2026-05-23 00:00:00,2026-05-23 14:33:40.871384-07,6641,1,312530,24001,22013,3.9567,4.2697,0.313,Moderate,Off Peak,3.5
2026-05-23 00:00:00,2026-05-23 14:34:11.558011-07,6641,1,312530,24011,16222,0.8438,0.8986,0.0548,Severe,Off Peak,0.5
2026-05-23 00:00:00,2026-05-23 14:34:11.558011-07,6641,1,312530,24001,22013,3.9567,4.4413,0.4846,Moderate,Off Peak,3.5
2026-05-23 00:00:00,2026-05-23 14:34:42.374746-07,6641,1,312530,16222,24011,1.0471,1.2424,0.1953,High,Off Peak,1.0
2026-05-23 00:00:00,2026-05-23 14:34:42.374746-07,6641,1,312530,24001,22013,3.9567,4.4413,0.4846,Moderate,Off Peak,3.5
2026-05-23 00:00:00,2026-05-23 14:35:13.068576-07,6641,1,312530,24001,22013,3.9567,4.4413,0.4846,Moderate,Off Peak,3.5
2026-05-23 00:00:00,2026-05-23 14:37:15.651715-07,6641,0,312527,19015,22012,9.1958,9.6854,0.4896,Moderate,Off Peak,9.0
2026-05-23 00:00:00,2026-05-23 14:37:46.215932-07,6641,1,312530,16222,24011,2.024,2.4628,0.4388,Moderate,Off Peak,2.0
2026-05-23 00:00:00,2026-05-23 14:39:18.754084-07,6641,0,312527,15019,19045,7.1074,7.4538,0.3464,Moderate,Off Peak,7.0
2026-05-23 00:00:00,2026-05-23 14:39:50.225118-07,6641,0,312527,15019,19045,7.1074,7.4537,0.3463,Moderate,Off Peak,7.0
2026-05-23 00:00:00,2026-05-23 14:40:21.02731-07,6641,0,312527,24007,23009,12.3531,12.7783,0.4252,Moderate,Off Peak,12.0
2026-05-23 00:00:00,2026-05-23 14:40:51.593044-07,6641,0,312527,24007,23009,12.5725,12.9163,0.3438,Moderate,Off Peak,12.5
2026-05-23 00:00:00,2026-05-23 14:42:54.063185-07,6641,1,312530,16222,24011,3.4784,3.9567,0.4783,Moderate,Off Peak,3.0
2026-05-23 00:00:00,2026-05-23 14:43:24.669071-07,6641,0,312527,15019,19045,7.8023,8.2755,0.4732,Moderate,Off Peak,7.5
2026-05-23 00:00:00,2026-05-23 14:43:24.669071-07,6641,1,312530,16222,24011,3.6196,3.9567,0.3371,Moderate,Off Peak,3.5
2026-05-23 00:00:00,2026-05-23 14:43:55.242984-07,6641,1,312530,16222,24011,3.7677,3.9567,0.189,High,Off Peak,3.5
2026-05-23 00:00:00,2026-05-23 14:44:26.013664-07,6641,0,312527,15019,19045,8.1467,8.5063,0.3596,Moderate,Off Peak,8.0
2026-05-23 00:00:00,2026-05-23 14:44:26.013664-07,6641,1,312530,16222,24011,3.7677,3.9567,0.189,High,Off Peak,3.5
2026-05-23 00:00:00,2026-05-23 14:44:56.800927-07,6641,1,312530,16222,24011,3.7677,3.9567,0.189,High,Off Peak,3.5
2026-05-23 00:00:00,2026-05-23 14:45:27.441497-07,6641,1,312530,16222,24011,3.7677,3.9567,0.189,High,Off Peak,3.5
2026-05-23 00:00:00,2026-05-23 14:46:28.992517-07,6641,1,312530,24011,16222,3.9567,4.1296,0.1729,High,Off Peak,3.5
2026-05-23 00:00:00,2026-05-23 14:46:59.564046-07,6641,1,312530,24011,16222,3.9567,4.2697,0.313,Moderate,Off Peak,3.5
2026-05-23 00:00:00,2026-05-23 14:47:30.150521-07,6641,1,312530,24011,16222,3.9567,4.2697,0.313,Moderate,Off Peak,3.5
2026-05-23 00:00:00,2026-05-23 14:48:00.699641-07,6641,0,312527,15019,19045,9.0222,9.1958,0.1736,High,Off Peak,9.0
2026-05-23 00:00:00,2026-05-23 14:48:00.699641-07,6641,1,312530,24011,16222,3.9567,4.4413,0.4846,Moderate,Off Peak,3.5
2026-05-23 00:00:00,2026-05-23 14:48:31.451371-07,6641,0,312527,15019,19045,9.0222,9.3737,0.3515,Moderate,Off Peak,9.0
2026-05-23 00:00:00,2026-05-23 14:49:02.001966-07,6641,0,312527,15019,19045,9.1958,9.3737,0.1779,High,Off Peak,9.0
2026-05-23 00:00:00,2026-05-23 14:49:32.754125-07,6641,0,312527,15019,19045,9.1958,9.5453,0.3495,Moderate,Off Peak,9.0
2026-05-23 00:00:00,2026-05-23 14:50:03.497688-07,6641,0,312527,15019,19045,9.3737,9.6854,0.3117,Moderate,Off Peak,9.0
2026-05-23 00:00:00,2026-05-23 14:50:34.218636-07,6641,0,312527,15019,19045,9.3737,9.6854,0.3117,Moderate,Off Peak,9.0
2026-05-23 00:00:00,2026-05-23 14:51:04.756233-07,6641,0,312527,15019,19045,9.5453,9.8582,0.3129,Moderate,Off Peak,9.5
2026-05-23 00:00:00,2026-05-23 14:51:35.430596-07,6641,0,312527,15019,19045,9.6854,9.8582,0.1728,High,Off Peak,9.5
2026-05-23 00:00:00,2026-05-23 14:52:05.995316-07,6641,0,312527,15019,19045,9.6854,9.8582,0.1728,High,Off Peak,9.5
2026-05-23 00:00:00,2026-05-23 14:52:36.74242-07,6641,0,312527,15019,19045,9.6854,9.8582,0.1728,High,Off Peak,9.5
2026-05-23 00:00:00,2026-05-23 14:53:07.367332-07,6641,0,312527,15019,19045,9.6854,9.8582,0.1728,High,Off Peak,9.5
2026-05-23 00:00:00,2026-05-23 14:53:37.946078-07,6641,0,312527,15019,19045,9.8582,9.8583,0.0001,Severe,Off Peak,9.5
2026-05-23 00:00:00,2026-05-23 14:54:08.486321-07,6641,0,312527,15019,19045,9.8582,9.8583,0.0001,Severe,Off Peak,9.5
2026-05-23 00:00:00,2026-05-23 14:54:39.259307-07,6641,0,312527,15019,19045,9.8582,10.058,0.1998,High,Off Peak,9.5
2026-05-23 00:00:00,2026-05-23 14:55:09.921677-07,6641,0,312527,15019,19045,9.8583,10.058,0.1997,High,Off Peak,9.5
2026-05-23 00:00:00,2026-05-23 14:55:40.497827-07,6641,0,312527,15019,19045,10.0472,10.058,0.0108,Severe,Off Peak,10.0
2026-05-23 00:00:00,2026-05-23 14:55:40.497827-07,6641,1,312530,19041,8147,3.4784,3.9567,0.4783,Moderate,Off Peak,3.0
2026-05-23 00:00:00,2026-05-23 14:56:11.055776-07,6641,0,312527,15019,19045,10.058,10.1954,0.1374,High,Off Peak,10.0
2026-05-23 00:00:00,2026-05-23 14:56:41.850357-07,6641,0,312527,15019,19045,10.058,10.3366,0.2786,Moderate,Off Peak,10.0
2026-05-23 00:00:00,2026-05-23 14:57:12.448374-07,6641,1,312530,24011,16222,6.0127,6.4926,0.4799,Moderate,Off Peak,6.0
2026-05-23 00:00:00,2026-05-23 14:57:43.036453-07,6641,0,312527,23002,24013,0.9528,1.3143,0.3615,Moderate,Off Peak,0.5
2026-05-23 00:00:00,2026-05-23 14:57:43.036453-07,6641,1,312530,19041,8147,3.9567,4.4413,0.4846,Moderate,Off Peak,3.5
2026-05-23 00:00:00,2026-05-23 14:58:13.577608-07,6641,0,312527,23002,24013,1.3143,1.5845,0.2702,Moderate,Off Peak,1.0
2026-05-23 00:00:00,2026-05-23 14:58:13.577608-07,6641,1,312530,24011,16222,6.3613,6.7076,0.3463,Moderate,Off Peak,6.0
2026-05-23 00:00:00,2026-05-23 14:59:45.42663-07,6641,0,312527,23002,24013,2.5945,2.8302,0.2357,High,Off Peak,2.5
2026-05-23 00:00:00,2026-05-23 15:00:16.05006-07,6641,0,312527,23002,24013,2.6551,3.0906,0.4355,Moderate,PM Peak,2.5
2026-05-23 00:00:00,2026-05-23 15:00:47.419258-07,6641,0,312527,23002,24013,3.0906,3.5354,0.4448,Moderate,PM Peak,3.0
2026-05-23 00:00:00,2026-05-23 15:01:18.073153-07,6641,0,312527,15019,19045,11.4597,11.9299,0.4702,Moderate,PM Peak,11.0
2026-05-23 00:00:00,2026-05-23 15:01:18.073153-07,6641,1,312530,24011,16222,7.3877,7.644,0.2563,Moderate,PM Peak,7.0
2026-05-23 00:00:00,2026-05-23 15:01:48.746717-07,6641,0,312527,23002,24013,3.5354,3.9755,0.4401,Moderate,PM Peak,3.5
2026-05-23 00:00:00,2026-05-23 15:01:48.746717-07,6641,0,312527,15019,19045,11.6486,11.9299,0.2813,Moderate,PM Peak,11.5
2026-05-23 00:00:00,2026-05-23 15:01:48.746717-07,6641,1,312530,24011,16222,7.5221,7.644,0.1219,High,PM Peak,7.5
2026-05-23 00:00:00,2026-05-23 15:02:19.387635-07,6641,0,312527,15019,19045,11.9299,12.2116,0.2817,Moderate,PM Peak,11.5
2026-05-23 00:00:00,2026-05-23 15:02:19.387635-07,6641,1,312530,24011,16222,7.644,7.9278,0.2838,Moderate,PM Peak,7.5
2026-05-23 00:00:00,2026-05-23 15:02:50.134475-07,6641,0,312527,15019,19045,11.9299,12.3531,0.4232,Moderate,PM Peak,11.5
2026-05-23 00:00:00,2026-05-23 15:02:50.134475-07,6641,1,312530,24011,16222,7.644,7.9278,0.2838,Moderate,PM Peak,7.5
2026-05-23 00:00:00,2026-05-23 15:03:20.758487-07,6641,0,312527,23002,24013,4.6423,4.7818,0.1395,High,PM Peak,4.5
2026-05-23 00:00:00,2026-05-23 15:03:20.758487-07,6641,1,312530,24011,16222,7.8684,8.2077,0.3393,Moderate,PM Peak,7.5
2026-05-23 00:00:00,2026-05-23 15:03:51.45434-07,6641,0,312527,23002,24013,4.7818,4.8328,0.051,Severe,PM Peak,4.5
2026-05-23 00:00:00,2026-05-23 15:04:21.989791-07,6641,0,312527,23002,24013,4.7818,4.8807,0.0989,Severe,PM Peak,4.5
2026-05-23 00:00:00,2026-05-23 15:04:21.989791-07,6641,0,312527,15019,19045,12.4937,12.9163,0.4226,Moderate,PM Peak,12.0
2026-05-23 00:00:00,2026-05-23 15:04:52.692996-07,6641,0,312527,23002,24013,4.8328,5.0332,0.2004,High,PM Peak,4.5
2026-05-23 00:00:00,2026-05-23 15:04:52.692996-07,6641,1,312530,24011,16222,8.6414,8.9343,0.2929,Moderate,PM Peak,8.5
2026-05-23 00:00:00,2026-05-23 15:05:23.303603-07,6641,0,312527,23002,24013,4.8807,5.1735,0.2928,Moderate,PM Peak,4.5
2026-05-23 00:00:00,2026-05-23 15:05:23.303603-07,6641,1,312530,24011,16222,8.9343,8.9822,0.0479,Severe,PM Peak,8.5
2026-05-23 00:00:00,2026-05-23 15:05:53.944075-07,6641,0,312527,23002,24013,5.0332,5.3215,0.2883,Moderate,PM Peak,5.0
2026-05-23 00:00:00,2026-05-23 15:05:53.944075-07,6641,1,312530,24011,16222,8.9343,8.9822,0.0479,Severe,PM Peak,8.5
2026-05-23 00:00:00,2026-05-23 15:06:24.576504-07,6641,0,312527,23002,24013,5.3213,5.3215,0.0002,Severe,PM Peak,5.0
2026-05-23 00:00:00,2026-05-23 15:06:24.576504-07,6641,1,312530,24011,16222,8.9822,9.0331,0.0509,Severe,PM Peak,8.5
2026-05-23 00:00:00,2026-05-23 15:06:55.25061-07,6641,0,312527,23002,24013,5.4691,5.6073,0.1382,High,PM Peak,5.0
2026-05-23 00:00:00,2026-05-23 15:06:55.25061-07,6641,1,312530,24011,16222,9.0331,9.393,0.3599,Moderate,PM Peak,9.0
2026-05-23 00:00:00,2026-05-23 15:07:25.866548-07,6641,0,312527,23002,24013,5.6073,5.8872,0.2799,Moderate,PM Peak,5.5
2026-05-23 00:00:00,2026-05-23 15:07:25.866548-07,6641,1,312530,24011,16222,9.3931,9.7438,0.3507,Moderate,PM Peak,9.0
2026-05-23 00:00:00,2026-05-23 15:07:56.481882-07,6641,0,312527,23002,24013,5.8872,6.0317,0.1445,High,PM Peak,5.5
2026-05-23 00:00:00,2026-05-23 15:07:56.481882-07,6641,1,312530,24011,16222,9.8395,10.0671,0.2276,High,PM Peak,9.5
2026-05-23 00:00:00,2026-05-23 15:08:27.088677-07,6641,0,312527,23002,24013,6.0317,6.171,0.1393,High,PM Peak,6.0
2026-05-23 00:00:00,2026-05-23 15:08:27.088677-07,6641,1,312530,24011,16222,10.2796,10.5037,0.2241,High,PM Peak,10.0
2026-05-23 00:00:00,2026-05-23 15:08:57.76207-07,6641,0,312527,23002,24013,6.171,6.2929,0.1219,High,PM Peak,6.0
2026-05-23 00:00:00,2026-05-23 15:08:57.76207-07,6641,1,312530,24011,16222,10.5037,10.7243,0.2206,High,PM Peak,10.5
2026-05-23 00:00:00,2026-05-23 15:09:59.633222-07,6641,0,312527,23002,24013,6.7642,6.9369,0.1727,High,PM Peak,6.5
2026-05-23 00:00:00,2026-05-23 15:09:59.633222-07,6641,1,312530,24011,16222,10.7243,11.1454,0.4211,Moderate,PM Peak,10.5
2026-05-23 00:00:00,2026-05-23 15:12:02.352918-07,6641,0,312527,23002,24013,7.3224,7.4538,0.1314,High,PM Peak,7.0
2026-05-23 00:00:00,2026-05-23 15:16:08.523349-07,6641,0,312527,24013,23002,8.2755,8.3773,0.1018,High,PM Peak,8.0
2026-05-23 00:00:00,2026-05-23 15:16:39.1571-07,6641,0,312527,24013,23002,8.3261,8.5063,0.1802,High,PM Peak,8.0
2026-05-23 00:00:00,2026-05-23 15:16:39.1571-07,6641,1,312530,19041,8147,8.7818,9.1727,0.3909,Moderate,PM Peak,8.5
2026-05-23 00:00:00,2026-05-23 15:17:09.865461-07,6641,0,312527,24013,23002,8.3261,8.6788,0.3527,Moderate,PM Peak,8.0
2026-05-23 00:00:00,2026-05-23 15:17:09.865461-07,6641,1,312530,19041,8147,8.9343,9.3931,0.4588,Moderate,PM Peak,8.5
2026-05-23 00:00:00,2026-05-23 15:17:40.438944-07,6641,0,312527,24013,23002,8.6788,9.0222,0.3434,Moderate,PM Peak,8.5
2026-05-23 00:00:00,2026-05-23 15:18:41.787123-07,6641,0,312527,24013,23002,9.0222,9.1958,0.1736,High,PM Peak,9.0
2026-05-23 00:00:00,2026-05-23 15:19:12.488426-07,6641,0,312527,24013,23002,9.0222,9.1958,0.1736,High,PM Peak,9.0
2026-05-23 00:00:00,2026-05-23 15:19:43.05081-07,6641,0,312527,24013,23002,9.1958,9.3737,0.1779,High,PM Peak,9.0
2026-05-23 00:00:00,2026-05-23 15:20:13.695107-07,6641,0,312527,24013,23002,9.1958,9.5453,0.3495,Moderate,PM Peak,9.0
2026-05-23 00:00:00,2026-05-23 15:20:44.352386-07,6641,0,312527,24013,23002,9.3737,9.6854,0.3117,Moderate,PM Peak,9.0
2026-05-23 00:00:00,2026-05-23 15:21:15.200603-07,6641,0,312527,24013,23002,9.3737,9.6854,0.3117,Moderate,PM Peak,9.0
2026-05-23 00:00:00,2026-05-23 15:21:45.804855-07,6641,0,312527,23002,16201,10.0472,10.4437,0.3965,Moderate,PM Peak,10.0
2026-05-23 00:00:00,2026-05-23 15:22:16.864238-07,6641,0,312527,24013,23002,9.6854,10.0472,0.3618,Moderate,PM Peak,9.5
2026-05-23 00:00:00,2026-05-23 15:22:47.501966-07,6641,0,312527,24013,23002,9.6854,10.0472,0.3618,Moderate,PM Peak,9.5
2026-05-23 00:00:00,2026-05-23 15:23:18.346349-07,6641,0,312527,24013,23002,9.8583,10.058,0.1997,High,PM Peak,9.5
2026-05-23 00:00:00,2026-05-23 15:23:48.890155-07,6641,0,312527,24013,23002,10.0472,10.1954,0.1482,High,PM Peak,10.0
2026-05-23 00:00:00,2026-05-23 15:24:19.512091-07,6641,0,312527,24013,23002,10.0472,10.3366,0.2894,Moderate,PM Peak,10.0
2026-05-23 00:00:00,2026-05-23 15:25:20.9456-07,6641,0,312527,22013,24005,6.9369,7.1074,0.1705,High,PM Peak,6.5
2026-05-23 00:00:00,2026-05-23 15:25:51.575392-07,6641,0,312527,22013,24005,7.1074,7.2793,0.1719,High,PM Peak,7.0
2026-05-23 00:00:00,2026-05-23 15:26:22.426772-07,6641,0,312527,22013,24005,7.1074,7.2793,0.1719,High,PM Peak,7.0
2026-05-23 00:00:00,2026-05-23 15:26:53.082811-07,6641,0,312527,22013,24005,7.2793,7.3224,0.0431,Severe,PM Peak,7.0
2026-05-23 00:00:00,2026-05-23 15:27:23.780042-07,6641,0,312527,22013,24005,7.2793,7.4538,0.1745,High,PM Peak,7.0
2026-05-23 00:00:00,2026-05-23 15:27:54.352914-07,6641,0,312527,22013,24005,7.3224,7.4537,0.1313,High,PM Peak,7.0
2026-05-23 00:00:00,2026-05-23 15:28:24.951307-07,6641,0,312527,22013,24005,7.4538,7.8023,0.3485,Moderate,PM Peak,7.0
2026-05-23 00:00:00,2026-05-23 15:28:24.951307-07,6641,0,312527,24013,23002,11.0585,11.1692,0.1107,High,PM Peak,11.0
2026-05-23 00:00:00,2026-05-23 15:28:55.660551-07,6641,0,312527,22013,24005,7.4537,7.8023,0.3486,Moderate,PM Peak,7.0
2026-05-23 00:00:00,2026-05-23 15:28:55.660551-07,6641,0,312527,24013,23002,11.0585,11.1692,0.1107,High,PM Peak,11.0
2026-05-23 00:00:00,2026-05-23 15:29:26.366436-07,6641,0,312527,22013,24005,7.8023,7.9729,0.1706,High,PM Peak,7.5
2026-05-23 00:00:00,2026-05-23 15:29:26.366436-07,6641,0,312527,24013,23002,11.1692,11.4285,0.2593,Moderate,PM Peak,11.0
2026-05-23 00:00:00,2026-05-23 15:29:56.987963-07,6641,0,312527,22013,24005,7.8023,8.1467,0.3444,Moderate,PM Peak,7.5
2026-05-23 00:00:00,2026-05-23 15:29:56.987963-07,6641,0,312527,24013,23002,11.1692,11.6486,0.4794,Moderate,PM Peak,11.0
2026-05-23 00:00:00,2026-05-23 15:30:27.768453-07,6641,0,312527,22013,24005,7.9729,8.1468,0.1739,High,PM Peak,7.5
2026-05-23 00:00:00,2026-05-23 15:30:27.768453-07,6641,1,312530,19045,19015,3.4784,3.9567,0.4783,Moderate,PM Peak,3.0
2026-05-23 00:00:00,2026-05-23 15:30:58.370376-07,6641,0,312527,22013,24005,8.1467,8.2755,0.1288,High,PM Peak,8.0
2026-05-23 00:00:00,2026-05-23 15:31:29.307568-07,6641,0,312527,22013,24005,8.1467,8.5063,0.3596,Moderate,PM Peak,8.0
2026-05-23 00:00:00,2026-05-23 15:31:29.307568-07,6641,0,312527,24013,23002,11.6486,11.9299,0.2813,Moderate,PM Peak,11.5
2026-05-23 00:00:00,2026-05-23 15:31:59.948505-07,6641,0,312527,22013,24005,8.2755,8.5063,0.2308,High,PM Peak,8.0
2026-05-23 00:00:00,2026-05-23 15:31:59.948505-07,6641,0,312527,24013,23002,11.9299,12.2116,0.2817,Moderate,PM Peak,11.5
2026-05-23 00:00:00,2026-05-23 15:32:30.535379-07,6641,0,312527,22013,24005,8.2755,8.5063,0.2308,High,PM Peak,8.0
2026-05-23 00:00:00,2026-05-23 15:34:02.478259-07,6641,0,312527,24011,16222,4.6423,5.0332,0.3909,Moderate,PM Peak,4.5
2026-05-23 00:00:00,2026-05-23 15:34:02.478259-07,6641,0,312527,22013,24005,8.85,9.1958,0.3458,Moderate,PM Peak,8.5
2026-05-23 00:00:00,2026-05-23 15:34:02.478259-07,6641,0,312527,24013,23002,12.3531,12.7679,0.4148,Moderate,PM Peak,12.0
2026-05-23 00:00:00,2026-05-23 15:34:02.478259-07,6641,1,312530,19015,22012,4.9649,5.4377,0.4728,Moderate,PM Peak,4.5
2026-05-23 00:00:00,2026-05-23 15:34:33.065252-07,6641,0,312527,24011,16222,4.7818,5.0332,0.2514,Moderate,PM Peak,4.5
2026-05-23 00:00:00,2026-05-23 15:34:33.065252-07,6641,0,312527,22013,24005,9.0222,9.3737,0.3515,Moderate,PM Peak,9.0
2026-05-23 00:00:00,2026-05-23 15:34:33.065252-07,6641,0,312527,24013,23002,12.5725,12.9163,0.3438,Moderate,PM Peak,12.5
2026-05-23 00:00:00,2026-05-23 15:35:03.720522-07,6641,0,312527,24011,16222,4.8328,5.1735,0.3407,Moderate,PM Peak,4.5
2026-05-23 00:00:00,2026-05-23 15:35:03.720522-07,6641,0,312527,24013,23002,12.8332,12.9711,0.1379,High,PM Peak,12.5
2026-05-23 00:00:00,2026-05-23 15:35:03.720522-07,6641,1,312530,19015,22012,5.1362,5.5394,0.4032,Moderate,PM Peak,5.0
2026-05-23 00:00:00,2026-05-23 15:35:34.467434-07,6641,0,312527,24011,16222,5.0332,5.3213,0.2881,Moderate,PM Peak,5.0
2026-05-23 00:00:00,2026-05-23 15:35:34.467434-07,6641,0,312527,22013,24005,9.1958,9.6854,0.4896,Moderate,PM Peak,9.0
2026-05-23 00:00:00,2026-05-23 15:36:05.031571-07,6641,0,312527,22013,24005,9.1958,9.6854,0.4896,Moderate,PM Peak,9.0
2026-05-23 00:00:00,2026-05-23 15:36:35.725313-07,6641,0,312527,24011,16222,5.3213,5.7462,0.4249,Moderate,PM Peak,5.0
2026-05-23 00:00:00,2026-05-23 15:36:35.725313-07,6641,0,312527,22013,24005,9.3737,9.6854,0.3117,Moderate,PM Peak,9.0
2026-05-23 00:00:00,2026-05-23 15:37:06.279926-07,6641,0,312527,24011,16222,5.6073,5.9466,0.3393,Moderate,PM Peak,5.5
2026-05-23 00:00:00,2026-05-23 15:37:06.279926-07,6641,0,312527,22013,24005,9.5453,9.6854,0.1401,High,PM Peak,9.5
2026-05-23 00:00:00,2026-05-23 15:37:37.012456-07,6641,0,312527,24011,16222,5.6073,6.0317,0.4244,Moderate,PM Peak,5.5
2026-05-23 00:00:00,2026-05-23 15:38:09.198361-07,6641,0,312527,24011,16222,5.8872,6.171,0.2838,Moderate,PM Peak,5.5
2026-05-23 00:00:00,2026-05-23 15:38:39.891452-07,6641,0,312527,24011,16222,5.9466,6.171,0.2244,High,PM Peak,5.5
2026-05-23 00:00:00,2026-05-23 15:38:39.891452-07,6641,0,312527,24001,22013,9.1958,9.6854,0.4896,Moderate,PM Peak,9.0
2026-05-23 00:00:00,2026-05-23 15:38:39.891452-07,6641,0,312527,22013,24005,9.6854,9.8582,0.1728,High,PM Peak,9.5
2026-05-23 00:00:00,2026-05-23 15:38:39.891452-07,6641,1,312530,19045,19015,4.9649,5.3087,0.3438,Moderate,PM Peak,4.5
2026-05-23 00:00:00,2026-05-23 15:39:10.437867-07,6641,0,312527,24011,16222,6.171,6.2929,0.1219,High,PM Peak,6.0
2026-05-23 00:00:00,2026-05-23 15:39:10.437867-07,6641,0,312527,24001,22013,9.1958,9.6854,0.4896,Moderate,PM Peak,9.0
2026-05-23 00:00:00,2026-05-23 15:39:10.437867-07,6641,0,312527,22013,24005,9.6854,9.8582,0.1728,High,PM Peak,9.5
2026-05-23 00:00:00,2026-05-23 15:39:10.437867-07,6641,1,312530,19045,19015,5.1362,5.3087,0.1725,High,PM Peak,5.0
2026-05-23 00:00:00,2026-05-23 15:39:41.208028-07,6641,0,312527,24011,16222,6.171,6.4273,0.2563,Moderate,PM Peak,6.0
2026-05-23 00:00:00,2026-05-23 15:39:41.208028-07,6641,0,312527,24001,22013,9.3737,9.6854,0.3117,Moderate,PM Peak,9.0
2026-05-23 00:00:00,2026-05-23 15:39:41.208028-07,6641,0,312527,22013,24005,9.6854,9.8583,0.1729,High,PM Peak,9.5
2026-05-23 00:00:00,2026-05-23 15:39:41.208028-07,6641,1,312530,19045,19015,5.1362,5.3087,0.1725,High,PM Peak,5.0
2026-05-23 00:00:00,2026-05-23 15:40:11.738603-07,6641,0,312527,24011,16222,6.2929,6.7642,0.4713,Moderate,PM Peak,6.0
2026-05-23 00:00:00,2026-05-23 15:40:11.738603-07,6641,0,312527,24001,22013,9.5453,9.8582,0.3129,Moderate,PM Peak,9.5
2026-05-23 00:00:00,2026-05-23 15:40:11.738603-07,6641,0,312527,22013,24005,9.8582,10.0472,0.189,High,PM Peak,9.5
2026-05-23 00:00:00,2026-05-23 15:40:11.738603-07,6641,1,312530,19045,19015,5.1362,5.3087,0.1725,High,PM Peak,5.0
2026-05-23 00:00:00,2026-05-23 15:40:42.385368-07,6641,0,312527,24001,22013,9.6854,9.8583,0.1729,High,PM Peak,9.5
2026-05-23 00:00:00,2026-05-23 15:40:42.385368-07,6641,0,312527,22013,24005,9.8583,10.0472,0.1889,High,PM Peak,9.5
2026-05-23 00:00:00,2026-05-23 15:40:42.385368-07,6641,1,312530,19045,19015,5.1362,5.3087,0.1725,High,PM Peak,5.0
2026-05-23 00:00:00,2026-05-23 15:41:12.965211-07,6641,0,312527,24011,16222,6.7642,7.1074,0.3432,Moderate,PM Peak,6.5
2026-05-23 00:00:00,2026-05-23 15:41:12.965211-07,6641,0,312527,24001,22013,9.6854,9.8583,0.1729,High,PM Peak,9.5
2026-05-23 00:00:00,2026-05-23 15:41:12.965211-07,6641,0,312527,22013,24005,9.8583,10.058,0.1997,High,PM Peak,9.5
2026-05-23 00:00:00,2026-05-23 15:41:12.965211-07,6641,1,312530,19045,19015,5.1362,5.3087,0.1725,High,PM Peak,5.0
2026-05-23 00:00:00,2026-05-23 15:41:43.731833-07,6641,0,312527,24011,16222,6.9369,7.1074,0.1705,High,PM Peak,6.5
2026-05-23 00:00:00,2026-05-23 15:41:43.731833-07,6641,0,312527,24001,22013,9.8582,10.0472,0.189,High,PM Peak,9.5
2026-05-23 00:00:00,2026-05-23 15:41:43.731833-07,6641,0,312527,22013,24005,10.0472,10.058,0.0108,Severe,PM Peak,10.0
2026-05-23 00:00:00,2026-05-23 15:41:43.731833-07,6641,1,312530,19045,19015,5.1362,5.3087,0.1725,High,PM Peak,5.0
2026-05-23 00:00:00,2026-05-23 15:42:14.301759-07,6641,0,312527,24001,22013,9.8582,10.0472,0.189,High,PM Peak,9.5
2026-05-23 00:00:00,2026-05-23 15:42:14.301759-07,6641,0,312527,22013,24005,10.0472,10.058,0.0108,Severe,PM Peak,10.0
2026-05-23 00:00:00,2026-05-23 15:42:14.301759-07,6641,1,312530,19045,19015,5.1362,5.3087,0.1725,High,PM Peak,5.0
2026-05-23 00:00:00,2026-05-23 15:42:44.885099-07,6641,0,312527,24001,22013,9.8583,10.058,0.1997,High,PM Peak,9.5
2026-05-23 00:00:00,2026-05-23 15:42:44.885099-07,6641,0,312527,22013,24005,10.058,10.1954,0.1374,High,PM Peak,10.0
2026-05-23 00:00:00,2026-05-23 15:42:44.885099-07,6641,1,312530,19045,19015,5.1362,5.4377,0.3015,Moderate,PM Peak,5.0
2026-05-23 00:00:00,2026-05-23 15:43:15.552049-07,6641,0,312527,19041,8147,2.6551,3.0906,0.4355,Moderate,PM Peak,2.5
2026-05-23 00:00:00,2026-05-23 15:43:15.552049-07,6641,0,312527,24011,16222,7.1074,7.2793,0.1719,High,PM Peak,7.0
2026-05-23 00:00:00,2026-05-23 15:43:15.552049-07,6641,0,312527,24001,22013,9.8583,10.058,0.1997,High,PM Peak,9.5
2026-05-23 00:00:00,2026-05-23 15:43:15.552049-07,6641,0,312527,22013,24005,10.058,10.3366,0.2786,Moderate,PM Peak,10.0
2026-05-23 00:00:00,2026-05-23 15:43:15.552049-07,6641,1,312530,19045,19015,5.1362,5.4377,0.3015,Moderate,PM Peak,5.0
2026-05-23 00:00:00,2026-05-23 15:43:46.377087-07,6641,0,312527,19041,8147,2.8302,3.0906,0.2604,Moderate,PM Peak,2.5
2026-05-23 00:00:00,2026-05-23 15:43:46.377087-07,6641,0,312527,24011,16222,7.1074,7.2793,0.1719,High,PM Peak,7.0
2026-05-23 00:00:00,2026-05-23 15:43:46.377087-07,6641,0,312527,24001,22013,9.8583,10.058,0.1997,High,PM Peak,9.5
2026-05-23 00:00:00,2026-05-23 15:43:46.377087-07,6641,0,312527,22013,24005,10.058,10.4437,0.3857,Moderate,PM Peak,10.0
2026-05-23 00:00:00,2026-05-23 15:43:46.377087-07,6641,1,312530,19045,19015,5.1362,5.4377,0.3015,Moderate,PM Peak,5.0
2026-05-23 00:00:00,2026-05-23 15:44:17.314114-07,6641,0,312527,24011,16222,7.2793,7.4538,0.1745,High,PM Peak,7.0
2026-05-23 00:00:00,2026-05-23 15:44:17.314114-07,6641,0,312527,24001,22013,10.0472,10.1954,0.1482,High,PM Peak,10.0
2026-05-23 00:00:00,2026-05-23 15:44:17.314114-07,6641,1,312530,19045,19015,5.3087,5.4377,0.129,High,PM Peak,5.0
2026-05-23 00:00:00,2026-05-23 15:44:47.921336-07,6641,0,312527,24011,16222,7.2793,7.4537,0.1744,High,PM Peak,7.0
2026-05-23 00:00:00,2026-05-23 15:44:47.921336-07,6641,0,312527,22013,24005,10.6369,10.7787,0.1418,High,PM Peak,10.5
2026-05-23 00:00:00,2026-05-23 15:44:47.921336-07,6641,1,312530,19045,19015,5.3087,5.4888,0.1801,High,PM Peak,5.0
2026-05-23 00:00:00,2026-05-23 15:45:18.474394-07,6641,0,312527,24011,16222,7.4538,7.6286,0.1748,High,PM Peak,7.0
2026-05-23 00:00:00,2026-05-23 15:45:18.474394-07,6641,0,312527,22013,24005,10.7787,11.1692,0.3905,Moderate,PM Peak,10.5
2026-05-23 00:00:00,2026-05-23 15:45:18.474394-07,6641,1,312530,19026,16201,0.8986,0.9818,0.0832,Severe,PM Peak,0.5
2026-05-23 00:00:00,2026-05-23 15:45:18.474394-07,6641,1,312530,19045,19015,5.3087,5.6682,0.3595,Moderate,PM Peak,5.0
2026-05-23 00:00:00,2026-05-23 15:45:49.183402-07,6641,0,312527,24011,16222,7.6286,7.8023,0.1737,High,PM Peak,7.5
2026-05-23 00:00:00,2026-05-23 15:45:49.183402-07,6641,0,312527,22013,24005,10.7787,11.1692,0.3905,Moderate,PM Peak,10.5
2026-05-23 00:00:00,2026-05-23 15:45:49.183402-07,6641,1,312530,19045,19015,5.3087,5.6682,0.3595,Moderate,PM Peak,5.0
2026-05-23 00:00:00,2026-05-23 15:46:19.925914-07,6641,0,312527,19041,8147,4.422,4.8807,0.4587,Moderate,PM Peak,4.0
2026-05-23 00:00:00,2026-05-23 15:46:19.925914-07,6641,0,312527,24011,16222,7.6286,7.9729,0.3443,Moderate,PM Peak,7.5
2026-05-23 00:00:00,2026-05-23 15:46:19.925914-07,6641,0,312527,24001,22013,10.6369,11.0585,0.4216,Moderate,PM Peak,10.5
2026-05-23 00:00:00,2026-05-23 15:46:19.925914-07,6641,0,312527,22013,24005,11.0585,11.1692,0.1107,High,PM Peak,11.0
2026-05-23 00:00:00,2026-05-23 15:46:19.925914-07,6641,1,312530,16201,19026,1.0471,1.2424,0.1953,High,PM Peak,1.0
2026-05-23 00:00:00,2026-05-23 15:46:19.925914-07,6641,1,312530,19045,19015,5.3087,5.6683,0.3596,Moderate,PM Peak,5.0
2026-05-23 00:00:00,2026-05-23 15:46:50.563463-07,6641,0,312527,19041,8147,4.7818,5.0332,0.2514,Moderate,PM Peak,4.5
2026-05-23 00:00:00,2026-05-23 15:46:50.563463-07,6641,0,312527,24011,16222,8.1467,8.1468,0.0001,Severe,PM Peak,8.0
2026-05-23 00:00:00,2026-05-23 15:46:50.563463-07,6641,0,312527,22013,24005,11.1692,11.4597,0.2905,Moderate,PM Peak,11.0
2026-05-23 00:00:00,2026-05-23 15:46:50.563463-07,6641,1,312530,16201,19026,1.2424,1.4619,0.2195,High,PM Peak,1.0
2026-05-23 00:00:00,2026-05-23 15:47:21.107882-07,6641,0,312527,19041,8147,4.7818,5.0332,0.2514,Moderate,PM Peak,4.5
2026-05-23 00:00:00,2026-05-23 15:47:21.107882-07,6641,0,312527,24011,16222,8.1467,8.2755,0.1288,High,PM Peak,8.0
2026-05-23 00:00:00,2026-05-23 15:47:21.107882-07,6641,0,312527,24001,22013,10.7786,11.1692,0.3906,Moderate,PM Peak,10.5
2026-05-23 00:00:00,2026-05-23 15:47:21.107882-07,6641,1,312530,16201,19026,1.4619,1.6033,0.1414,High,PM Peak,1.0
2026-05-23 00:00:00,2026-05-23 15:47:51.785978-07,6641,0,312527,19041,8147,4.8328,5.0332,0.2004,High,PM Peak,4.5
2026-05-23 00:00:00,2026-05-23 15:47:51.785978-07,6641,0,312527,24001,22013,10.919,11.1692,0.2502,Moderate,PM Peak,10.5
2026-05-23 00:00:00,2026-05-23 15:47:51.785978-07,6641,1,312530,16201,19026,1.7432,1.885,0.1418,High,PM Peak,1.5
2026-05-23 00:00:00,2026-05-23 15:47:51.785978-07,6641,1,312530,15019,19045,4.9649,5.3087,0.3438,Moderate,PM Peak,4.5
2026-05-23 00:00:00,2026-05-23 15:48:22.422384-07,6641,0,312527,19041,8147,5.0332,5.3213,0.2881,Moderate,PM Peak,5.0
2026-05-23 00:00:00,2026-05-23 15:48:22.422384-07,6641,0,312527,24001,22013,11.1139,11.3751,0.2612,Moderate,PM Peak,11.0
2026-05-23 00:00:00,2026-05-23 15:48:22.422384-07,6641,1,312530,15019,19045,4.9649,5.3087,0.3438,Moderate,PM Peak,4.5
2026-05-23 00:00:00,2026-05-23 15:48:53.058851-07,6641,0,312527,19041,8147,5.1735,5.6073,0.4338,Moderate,PM Peak,5.0
2026-05-23 00:00:00,2026-05-23 15:48:53.058851-07,6641,0,312527,24011,16222,8.3773,8.5063,0.129,High,PM Peak,8.0
2026-05-23 00:00:00,2026-05-23 15:48:53.058851-07,6641,0,312527,24001,22013,11.1692,11.6101,0.4409,Moderate,PM Peak,11.0
2026-05-23 00:00:00,2026-05-23 15:48:53.058851-07,6641,0,312527,22013,24005,11.6101,11.9299,0.3198,Moderate,PM Peak,11.5
2026-05-23 00:00:00,2026-05-23 15:48:53.058851-07,6641,1,312530,16201,19026,1.885,2.024,0.139,High,PM Peak,1.5
2026-05-23 00:00:00,2026-05-23 15:48:53.058851-07,6641,1,312530,15019,19045,4.9649,5.4377,0.4728,Moderate,PM Peak,4.5
2026-05-23 00:00:00,2026-05-23 15:49:23.653129-07,6641,0,312527,19041,8147,5.4691,5.6073,0.1382,High,PM Peak,5.0
2026-05-23 00:00:00,2026-05-23 15:49:23.653129-07,6641,0,312527,22013,24005,11.791,11.9299,0.1389,High,PM Peak,11.5
2026-05-23 00:00:00,2026-05-23 15:49:23.653129-07,6641,1,312530,15019,19045,5.1362,5.4377,0.3015,Moderate,PM Peak,5.0
2026-05-23 00:00:00,2026-05-23 15:49:54.556477-07,6641,0,312527,19041,8147,5.6073,5.8872,0.2799,Moderate,PM Peak,5.5
2026-05-23 00:00:00,2026-05-23 15:49:54.556477-07,6641,0,312527,16222,24011,8.5062,8.6788,0.1726,High,PM Peak,8.5
2026-05-23 00:00:00,2026-05-23 15:49:54.556477-07,6641,0,312527,24001,22013,11.4597,11.9299,0.4702,Moderate,PM Peak,11.0
2026-05-23 00:00:00,2026-05-23 15:49:54.556477-07,6641,0,312527,22013,24005,11.9299,12.2116,0.2817,Moderate,PM Peak,11.5
2026-05-23 00:00:00,2026-05-23 15:49:54.556477-07,6641,1,312530,16201,19026,2.1664,2.4628,0.2964,Moderate,PM Peak,2.0
2026-05-23 00:00:00,2026-05-23 15:49:54.556477-07,6641,1,312530,15019,19045,5.1362,5.4888,0.3526,Moderate,PM Peak,5.0
2026-05-23 00:00:00,2026-05-23 15:50:25.178448-07,6641,0,312527,19041,8147,5.7462,5.9466,0.2004,High,PM Peak,5.5
2026-05-23 00:00:00,2026-05-23 15:50:25.178448-07,6641,0,312527,24001,22013,11.791,11.9299,0.1389,High,PM Peak,11.5
2026-05-23 00:00:00,2026-05-23 15:50:25.178448-07,6641,1,312530,16201,19026,2.3085,2.4628,0.1543,High,PM Peak,2.0
2026-05-23 00:00:00,2026-05-23 15:50:25.178448-07,6641,1,312530,15019,19045,5.1362,5.4888,0.3526,Moderate,PM Peak,5.0
2026-05-23 00:00:00,2026-05-23 15:50:55.8159-07,6641,0,312527,19041,8147,6.0317,6.171,0.1393,High,PM Peak,6.0
2026-05-23 00:00:00,2026-05-23 15:50:55.8159-07,6641,1,312530,16201,19026,2.4628,2.6062,0.1434,High,PM Peak,2.0
2026-05-23 00:00:00,2026-05-23 15:50:55.8159-07,6641,1,312530,15019,19045,5.1362,5.5394,0.4032,Moderate,PM Peak,5.0
2026-05-23 00:00:00,2026-05-23 15:51:26.374275-07,6641,0,312527,19041,8147,6.0317,6.2929,0.2612,Moderate,PM Peak,6.0
2026-05-23 00:00:00,2026-05-23 15:51:26.374275-07,6641,0,312527,24001,22013,11.9299,12.2116,0.2817,Moderate,PM Peak,11.5
2026-05-23 00:00:00,2026-05-23 15:51:26.374275-07,6641,1,312530,16201,19026,2.4628,2.896,0.4332,Moderate,PM Peak,2.0
2026-05-23 00:00:00,2026-05-23 15:51:57.154391-07,6641,0,312527,19041,8147,6.171,6.5897,0.4187,Moderate,PM Peak,6.0
2026-05-23 00:00:00,2026-05-23 15:51:57.154391-07,6641,0,312527,24011,16222,9.1958,9.3737,0.1779,High,PM Peak,9.0
2026-05-23 00:00:00,2026-05-23 15:51:57.154391-07,6641,0,312527,22013,24005,12.4937,12.7679,0.2742,Moderate,PM Peak,12.0
2026-05-23 00:00:00,2026-05-23 15:52:27.712561-07,6641,0,312527,24011,16222,9.3737,9.5453,0.1716,High,PM Peak,9.0
2026-05-23 00:00:00,2026-05-23 15:52:27.712561-07,6641,0,312527,22013,24005,12.5725,12.8332,0.2607,Moderate,PM Peak,12.5
2026-05-23 00:00:00,2026-05-23 15:52:58.297552-07,6641,0,312527,19041,8147,6.7642,7.1074,0.3432,Moderate,PM Peak,6.5
2026-05-23 00:00:00,2026-05-23 15:52:58.297552-07,6641,0,312527,22013,24005,12.8332,12.9163,0.0831,Severe,PM Peak,12.5
2026-05-23 00:00:00,2026-05-23 15:53:29.223562-07,6641,0,312527,19041,8147,6.9369,7.1074,0.1705,High,PM Peak,6.5
2026-05-23 00:00:00,2026-05-23 15:53:59.909535-07,6641,0,312527,19041,8147,7.1074,7.2793,0.1719,High,PM Peak,7.0
2026-05-23 00:00:00,2026-05-23 15:54:30.52373-07,6641,0,312527,19041,8147,7.1074,7.2793,0.1719,High,PM Peak,7.0
2026-05-23 00:00:00,2026-05-23 15:54:30.52373-07,6641,0,312527,24011,16222,9.6854,9.8583,0.1729,High,PM Peak,9.5
2026-05-23 00:00:00,2026-05-23 15:55:01.075548-07,6641,0,312527,19041,8147,7.1074,7.4538,0.3464,Moderate,PM Peak,7.0
2026-05-23 00:00:00,2026-05-23 15:55:01.075548-07,6641,0,312527,24011,16222,10.0472,10.058,0.0108,Severe,PM Peak,10.0
2026-05-23 00:00:00,2026-05-23 15:55:32.27094-07,6641,0,312527,19041,8147,7.2793,7.4538,0.1745,High,PM Peak,7.0
2026-05-23 00:00:00,2026-05-23 15:55:32.27094-07,6641,0,312527,24011,16222,10.0472,10.058,0.0108,Severe,PM Peak,10.0
2026-05-23 00:00:00,2026-05-23 15:55:32.27094-07,6641,1,312530,16201,19026,3.4784,3.9567,0.4783,Moderate,PM Peak,3.0
2026-05-23 00:00:00,2026-05-23 15:56:03.036557-07,6641,0,312527,19041,8147,7.2793,7.6286,0.3493,Moderate,PM Peak,7.0
2026-05-23 00:00:00,2026-05-23 15:56:03.036557-07,6641,0,312527,24011,16222,10.0472,10.058,0.0108,Severe,PM Peak,10.0
2026-05-23 00:00:00,2026-05-23 15:56:33.590068-07,6641,0,312527,24011,16222,10.058,10.1954,0.1374,High,PM Peak,10.0
2026-05-23 00:00:00,2026-05-23 15:57:04.269395-07,6641,0,312527,24011,16222,10.058,10.4437,0.3857,Moderate,PM Peak,10.0
2026-05-23 00:00:00,2026-05-23 15:57:04.269395-07,6641,1,312530,16201,19026,3.9567,4.2697,0.313,Moderate,PM Peak,3.5
2026-05-23 00:00:00,2026-05-23 15:57:34.871177-07,6641,1,312530,16201,19026,4.1296,4.4413,0.3117,Moderate,PM Peak,4.0
2026-05-23 00:00:00,2026-05-23 15:58:05.571761-07,6641,0,312527,24011,16222,10.4435,10.919,0.4755,Moderate,PM Peak,10.0
2026-05-23 00:00:00,2026-05-23 15:58:05.571761-07,6641,1,312530,16201,19026,4.2697,4.6192,0.3495,Moderate,PM Peak,4.0
2026-05-23 00:00:00,2026-05-23 15:58:36.273397-07,6641,0,312527,19041,8147,7.8023,8.2755,0.4732,Moderate,PM Peak,7.5
2026-05-23 00:00:00,2026-05-23 15:58:36.273397-07,6641,0,312527,24011,16222,10.6369,11.0585,0.4216,Moderate,PM Peak,10.5
2026-05-23 00:00:00,2026-05-23 15:58:36.273397-07,6641,1,312530,16201,19026,4.2697,4.6192,0.3495,Moderate,PM Peak,4.0
2026-05-23 00:00:00,2026-05-23 15:59:06.84521-07,6641,0,312527,19041,8147,8.1467,8.5063,0.3596,Moderate,PM Peak,8.0
2026-05-23 00:00:00,2026-05-23 15:59:06.84521-07,6641,0,312527,24011,16222,10.919,11.1692,0.2502,Moderate,PM Peak,10.5
2026-05-23 00:00:00,2026-05-23 15:59:06.84521-07,6641,1,312530,16201,19026,4.4413,4.6192,0.1779,High,PM Peak,4.0
2026-05-23 00:00:00,2026-05-23 15:59:37.444165-07,6641,0,312527,19041,8147,8.1467,8.5063,0.3596,Moderate,PM Peak,8.0
2026-05-23 00:00:00,2026-05-23 15:59:37.444165-07,6641,0,312527,24011,16222,10.919,11.1692,0.2502,Moderate,PM Peak,10.5
2026-05-23 00:00:00,2026-05-23 15:59:37.444165-07,6641,1,312530,16201,19026,4.6192,4.9649,0.3457,Moderate,PM Peak,4.5
2026-05-23 00:00:00,2026-05-23 16:00:08.214063-07,6641,0,312527,24011,16222,11.1139,11.1692,0.0553,Severe,PM Peak,11.0
2026-05-23 00:00:00,2026-05-23 16:00:38.78009-07,6641,0,312527,16222,24011,11.1692,11.1698,0.0006,Severe,PM Peak,11.0
2026-05-23 00:00:00,2026-05-23 16:00:38.78009-07,6641,1,312530,16201,19026,4.7927,5.1362,0.3435,Moderate,PM Peak,4.5
2026-05-23 00:00:00,2026-05-23 16:01:09.428557-07,6641,1,312530,16201,19026,4.9649,5.1362,0.1713,High,PM Peak,4.5
2026-05-23 00:00:00,2026-05-23 16:01:40.003381-07,6641,0,312527,19041,8147,8.85,9.1958,0.3458,Moderate,PM Peak,8.5
2026-05-23 00:00:00,2026-05-23 16:01:40.003381-07,6641,0,312527,16222,24011,11.5065,11.6101,0.1036,High,PM Peak,11.5
2026-05-23 00:00:00,2026-05-23 16:01:40.003381-07,6641,1,312530,16201,19026,5.1362,5.3087,0.1725,High,PM Peak,5.0
2026-05-23 00:00:00,2026-05-23 16:02:10.743699-07,6641,0,312527,19041,8147,9.0222,9.3737,0.3515,Moderate,PM Peak,9.0
2026-05-23 00:00:00,2026-05-23 16:02:10.743699-07,6641,0,312527,16222,24011,11.791,11.9299,0.1389,High,PM Peak,11.5
2026-05-23 00:00:00,2026-05-23 16:02:10.743699-07,6641,1,312530,16201,19026,5.1362,5.3087,0.1725,High,PM Peak,5.0
2026-05-23 00:00:00,2026-05-23 16:02:41.436625-07,6641,0,312527,19041,8147,9.1958,9.3737,0.1779,High,PM Peak,9.0
2026-05-23 00:00:00,2026-05-23 16:02:41.436625-07,6641,1,312530,16201,19026,5.1362,5.3087,0.1725,High,PM Peak,5.0
2026-05-23 00:00:00,2026-05-23 16:03:12.060052-07,6641,0,312527,19041,8147,9.3737,9.5453,0.1716,High,PM Peak,9.0
2026-05-23 00:00:00,2026-05-23 16:04:44.399481-07,6641,0,312527,8147,19041,9.6854,9.8582,0.1728,High,PM Peak,9.5
2026-05-23 00:00:00,2026-05-23 16:06:16.364053-07,6641,0,312527,24011,16222,12.8332,12.9163,0.0831,Severe,PM Peak,12.5
2026-05-23 00:00:00,2026-05-23 16:06:16.364053-07,6641,1,312530,16201,19026,5.3087,5.4377,0.129,High,PM Peak,5.0
2026-05-23 00:00:00,2026-05-23 16:07:18.426489-07,6641,1,312530,16201,19026,5.4377,5.4888,0.0511,Severe,PM Peak,5.0
2026-05-23 00:00:00,2026-05-23 16:07:49.034063-07,6641,1,312530,16201,19026,5.4888,5.6682,0.1794,High,PM Peak,5.0
2026-05-23 00:00:00,2026-05-23 16:08:19.873658-07,6641,0,312527,19041,8147,9.8582,9.8583,0.0001,Severe,PM Peak,9.5
2026-05-23 00:00:00,2026-05-23 16:08:19.873658-07,6641,1,312530,16201,19026,5.4888,5.6682,0.1794,High,PM Peak,5.0
2026-05-23 00:00:00,2026-05-23 16:08:50.640944-07,6641,0,312527,19041,8147,9.8582,9.8583,0.0001,Severe,PM Peak,9.5
2026-05-23 00:00:00,2026-05-23 16:08:50.640944-07,6641,1,312530,16201,19026,5.5394,5.6682,0.1288,High,PM Peak,5.5
2026-05-23 00:00:00,2026-05-23 16:09:21.231592-07,6641,1,312530,16201,19026,5.6682,6.0127,0.3445,Moderate,PM Peak,5.5
2026-05-23 00:00:00,2026-05-23 16:09:52.067331-07,6641,1,312530,16201,19026,5.6682,6.0127,0.3445,Moderate,PM Peak,5.5
2026-05-23 00:00:00,2026-05-23 16:10:23.230747-07,6641,1,312530,16201,19026,5.8421,6.1863,0.3442,Moderate,PM Peak,5.5
2026-05-23 00:00:00,2026-05-23 16:10:53.780684-07,6641,0,312527,19041,8147,10.0472,10.058,0.0108,Severe,PM Peak,10.0
2026-05-23 00:00:00,2026-05-23 16:10:53.780684-07,6641,1,312530,16201,19026,6.0127,6.3613,0.3486,Moderate,PM Peak,6.0
2026-05-23 00:00:00,2026-05-23 16:11:24.441379-07,6641,0,312527,19041,8147,10.0472,10.058,0.0108,Severe,PM Peak,10.0
2026-05-23 00:00:00,2026-05-23 16:11:24.441379-07,6641,1,312530,16201,19026,6.0127,6.4957,0.483,Moderate,PM Peak,6.0
2026-05-23 00:00:00,2026-05-23 16:11:55.037409-07,6641,0,312527,19041,8147,10.0472,10.058,0.0108,Severe,PM Peak,10.0
2026-05-23 00:00:00,2026-05-23 16:11:55.037409-07,6641,1,312530,16201,19026,6.1863,6.4957,0.3094,Moderate,PM Peak,6.0
2026-05-23 00:00:00,2026-05-23 16:12:25.86268-07,6641,0,312527,19041,8147,10.058,10.1954,0.1374,High,PM Peak,10.0
2026-05-23 00:00:00,2026-05-23 16:12:56.441393-07,6641,0,312527,19041,8147,10.058,10.3366,0.2786,Moderate,PM Peak,10.0
2026-05-23 00:00:00,2026-05-23 16:12:56.441393-07,6641,1,312530,16201,19026,6.3612,6.7076,0.3464,Moderate,PM Peak,6.0
2026-05-23 00:00:00,2026-05-23 16:13:27.127826-07,6641,0,312527,19041,8147,10.1954,10.4437,0.2483,High,PM Peak,10.0
2026-05-23 00:00:00,2026-05-23 16:13:27.127826-07,6641,1,312530,16201,19026,6.4957,6.8781,0.3824,Moderate,PM Peak,6.0
2026-05-23 00:00:00,2026-05-23 16:13:57.831898-07,6641,0,312527,19041,8147,10.3366,10.6369,0.3003,Moderate,PM Peak,10.0
2026-05-23 00:00:00,2026-05-23 16:14:28.56389-07,6641,0,312527,19041,8147,10.4437,10.919,0.4753,Moderate,PM Peak,10.0
2026-05-23 00:00:00,2026-05-23 16:14:28.56389-07,6641,1,312530,24005,23002,3.3714,3.7677,0.3963,Moderate,PM Peak,3.0
2026-05-23 00:00:00,2026-05-23 16:14:59.264189-07,6641,0,312527,19041,8147,10.6369,10.919,0.2821,Moderate,PM Peak,10.5
2026-05-23 00:00:00,2026-05-23 16:14:59.264189-07,6641,1,312530,24005,23002,3.4784,3.9567,0.4783,Moderate,PM Peak,3.0
2026-05-23 00:00:00,2026-05-23 16:14:59.264189-07,6641,1,312530,23002,24013,3.9567,4.4413,0.4846,Moderate,PM Peak,3.5
2026-05-23 00:00:00,2026-05-23 16:15:30.003978-07,6641,0,312527,19041,8147,10.919,11.1692,0.2502,Moderate,PM Peak,10.5
2026-05-23 00:00:00,2026-05-23 16:15:30.003978-07,6641,1,312530,24005,23002,3.4784,3.9567,0.4783,Moderate,PM Peak,3.0
2026-05-23 00:00:00,2026-05-23 16:16:00.956768-07,6641,0,312527,24007,23009,9.1958,9.6854,0.4896,Moderate,PM Peak,9.0
2026-05-23 00:00:00,2026-05-23 16:16:00.956768-07,6641,0,312527,19041,8147,11.0585,11.1692,0.1107,High,PM Peak,11.0
2026-05-23 00:00:00,2026-05-23 16:16:00.956768-07,6641,1,312530,24005,23002,3.6196,3.9567,0.3371,Moderate,PM Peak,3.5
2026-05-23 00:00:00,2026-05-23 16:16:31.67208-07,6641,0,312527,24007,23009,9.3737,9.6854,0.3117,Moderate,PM Peak,9.0
2026-05-23 00:00:00,2026-05-23 16:16:31.67208-07,6641,1,312530,24005,23002,3.6196,3.9567,0.3371,Moderate,PM Peak,3.5
2026-05-23 00:00:00,2026-05-23 16:17:02.33986-07,6641,0,312527,24007,23009,9.5453,9.6854,0.1401,High,PM Peak,9.5
2026-05-23 00:00:00,2026-05-23 16:17:02.33986-07,6641,0,312527,19041,8147,11.3751,11.4285,0.0534,Severe,PM Peak,11.0
2026-05-23 00:00:00,2026-05-23 16:17:02.33986-07,6641,1,312530,24005,23002,3.7677,4.1296,0.3619,Moderate,PM Peak,3.5
2026-05-23 00:00:00,2026-05-23 16:17:33.033712-07,6641,0,312527,24007,23009,9.5453,9.6854,0.1401,High,PM Peak,9.5
2026-05-23 00:00:00,2026-05-23 16:17:33.033712-07,6641,1,312530,24005,23002,3.9567,4.2697,0.313,Moderate,PM Peak,3.5
2026-05-23 00:00:00,2026-05-23 16:18:03.649913-07,6641,0,312527,19025,23009,9.1958,9.6854,0.4896,Moderate,PM Peak,9.0
2026-05-23 00:00:00,2026-05-23 16:18:03.649913-07,6641,1,312530,24005,23002,3.9567,4.2697,0.313,Moderate,PM Peak,3.5
2026-05-23 00:00:00,2026-05-23 16:18:34.343397-07,6641,0,312527,19025,24007,9.1958,9.6854,0.4896,Moderate,PM Peak,9.0
2026-05-23 00:00:00,2026-05-23 16:18:34.343397-07,6641,0,312527,24007,23009,9.6854,9.8582,0.1728,High,PM Peak,9.5
2026-05-23 00:00:00,2026-05-23 16:18:34.343397-07,6641,0,312527,19041,8147,11.791,11.9299,0.1389,High,PM Peak,11.5
2026-05-23 00:00:00,2026-05-23 16:18:34.343397-07,6641,1,312530,24005,23002,3.9567,4.4413,0.4846,Moderate,PM Peak,3.5
2026-05-23 00:00:00,2026-05-23 16:19:04.95812-07,6641,0,312527,19025,24007,9.3737,9.6854,0.3117,Moderate,PM Peak,9.0
2026-05-23 00:00:00,2026-05-23 16:19:04.95812-07,6641,0,312527,24007,23009,9.6854,9.8582,0.1728,High,PM Peak,9.5
2026-05-23 00:00:00,2026-05-23 16:19:35.586486-07,6641,0,312527,19025,24007,9.5453,9.6854,0.1401,High,PM Peak,9.5
2026-05-23 00:00:00,2026-05-23 16:19:35.586486-07,6641,0,312527,24007,23009,9.6854,9.8582,0.1728,High,PM Peak,9.5
2026-05-23 00:00:00,2026-05-23 16:19:35.586486-07,6641,0,312527,19041,8147,11.9299,12.0717,0.1418,High,PM Peak,11.5
2026-05-23 00:00:00,2026-05-23 16:20:06.142672-07,6641,0,312527,24007,23009,9.6854,9.8582,0.1728,High,PM Peak,9.5
2026-05-23 00:00:00,2026-05-23 16:20:06.142672-07,6641,0,312527,19041,8147,11.9299,12.3531,0.4232,Moderate,PM Peak,11.5
2026-05-23 00:00:00,2026-05-23 16:20:06.142672-07,6641,1,312530,23002,24013,5.1362,5.4888,0.3526,Moderate,PM Peak,5.0
2026-05-23 00:00:00,2026-05-23 16:20:36.839427-07,6641,0,312527,19025,23009,9.6854,9.8582,0.1728,High,PM Peak,9.5
2026-05-23 00:00:00,2026-05-23 16:20:36.839427-07,6641,0,312527,19041,8147,12.0717,12.4937,0.422,Moderate,PM Peak,12.0
2026-05-23 00:00:00,2026-05-23 16:20:36.839427-07,6641,1,312530,23002,24013,5.1362,5.4888,0.3526,Moderate,PM Peak,5.0
2026-05-23 00:00:00,2026-05-23 16:21:07.461329-07,6641,0,312527,24007,23009,9.6854,9.8582,0.1728,High,PM Peak,9.5
2026-05-23 00:00:00,2026-05-23 16:21:07.461329-07,6641,0,312527,19041,8147,12.2116,12.5725,0.3609,Moderate,PM Peak,12.0
2026-05-23 00:00:00,2026-05-23 16:21:07.461329-07,6641,1,312530,23002,24013,5.1362,5.5394,0.4032,Moderate,PM Peak,5.0
2026-05-23 00:00:00,2026-05-23 16:21:38.061277-07,6641,0,312527,19025,24007,9.6854,9.8582,0.1728,High,PM Peak,9.5
2026-05-23 00:00:00,2026-05-23 16:21:38.061277-07,6641,0,312527,24007,23009,9.8582,9.8583,0.0001,Severe,PM Peak,9.5
2026-05-23 00:00:00,2026-05-23 16:21:38.061277-07,6641,0,312527,19041,8147,12.4937,12.7679,0.2742,Moderate,PM Peak,12.0
2026-05-23 00:00:00,2026-05-23 16:21:38.061277-07,6641,1,312530,23002,24013,5.3087,5.6682,0.3595,Moderate,PM Peak,5.0
2026-05-23 00:00:00,2026-05-23 16:22:08.654437-07,6641,0,312527,19025,24007,9.6854,9.8582,0.1728,High,PM Peak,9.5
2026-05-23 00:00:00,2026-05-23 16:22:08.654437-07,6641,0,312527,24007,23009,9.8582,10.0472,0.189,High,PM Peak,9.5
2026-05-23 00:00:00,2026-05-23 16:22:08.654437-07,6641,0,312527,19041,8147,12.7679,12.8332,0.0653,Severe,PM Peak,12.5
2026-05-23 00:00:00,2026-05-23 16:22:08.654437-07,6641,1,312530,23002,24013,5.3087,5.6682,0.3595,Moderate,PM Peak,5.0
2026-05-23 00:00:00,2026-05-23 16:22:39.389133-07,6641,0,312527,24007,23009,9.8582,10.0472,0.189,High,PM Peak,9.5
2026-05-23 00:00:00,2026-05-23 16:22:39.389133-07,6641,0,312527,19041,8147,12.7679,12.9163,0.1484,High,PM Peak,12.5
2026-05-23 00:00:00,2026-05-23 16:22:39.389133-07,6641,1,312530,23002,24013,5.4377,5.6682,0.2305,High,PM Peak,5.0
2026-05-23 00:00:00,2026-05-23 16:23:09.95952-07,6641,0,312527,19025,24007,9.8582,9.8583,0.0001,Severe,PM Peak,9.5
2026-05-23 00:00:00,2026-05-23 16:23:09.95952-07,6641,0,312527,24007,23009,9.8583,10.058,0.1997,High,PM Peak,9.5
2026-05-23 00:00:00,2026-05-23 16:23:09.95952-07,6641,1,312530,23002,24013,5.4377,5.8421,0.4044,Moderate,PM Peak,5.0
2026-05-23 00:00:00,2026-05-23 16:23:40.649693-07,6641,0,312527,24007,23009,10.0472,10.058,0.0108,Severe,PM Peak,10.0
2026-05-23 00:00:00,2026-05-23 16:24:11.213006-07,6641,0,312527,24007,23009,10.0472,10.1954,0.1482,High,PM Peak,10.0
2026-05-23 00:00:00,2026-05-23 16:24:11.213006-07,6641,1,312530,23002,24013,5.6682,6.0127,0.3445,Moderate,PM Peak,5.5
2026-05-23 00:00:00,2026-05-23 16:24:41.988892-07,6641,0,312527,19025,24007,10.0472,10.058,0.0108,Severe,PM Peak,10.0
2026-05-23 00:00:00,2026-05-23 16:24:41.988892-07,6641,0,312527,24007,23009,10.058,10.3366,0.2786,Moderate,PM Peak,10.0
2026-05-23 00:00:00,2026-05-23 16:25:12.558972-07,6641,0,312527,19025,24007,10.0472,10.058,0.0108,Severe,PM Peak,10.0
2026-05-23 00:00:00,2026-05-23 16:25:12.558972-07,6641,0,312527,24007,23009,10.058,10.4437,0.3857,Moderate,PM Peak,10.0
2026-05-23 00:00:00,2026-05-23 16:25:43.146546-07,6641,0,312527,19025,24007,10.0472,10.058,0.0108,Severe,PM Peak,10.0
2026-05-23 00:00:00,2026-05-23 16:25:43.146546-07,6641,1,312530,24001,22013,2.896,3.3714,0.4754,Moderate,PM Peak,2.5
2026-05-23 00:00:00,2026-05-23 16:25:43.146546-07,6641,1,312530,23002,24013,6.0127,6.3613,0.3486,Moderate,PM Peak,6.0
2026-05-23 00:00:00,2026-05-23 16:26:13.978686-07,6641,0,312527,22012,19025,9.6854,10.058,0.3726,Moderate,PM Peak,9.5
2026-05-23 00:00:00,2026-05-23 16:26:13.978686-07,6641,0,312527,19025,24007,10.058,10.3366,0.2786,Moderate,PM Peak,10.0
2026-05-23 00:00:00,2026-05-23 16:26:13.978686-07,6641,0,312527,24007,23009,10.3366,10.7787,0.4421,Moderate,PM Peak,10.0
2026-05-23 00:00:00,2026-05-23 16:26:13.978686-07,6641,1,312530,24001,22013,3.0364,3.4784,0.442,Moderate,PM Peak,3.0
2026-05-23 00:00:00,2026-05-23 16:26:13.978686-07,6641,1,312530,23002,24013,6.0127,6.3612,0.3485,Moderate,PM Peak,6.0
2026-05-23 00:00:00,2026-05-23 16:26:44.821687-07,6641,0,312527,22012,19025,9.6854,10.058,0.3726,Moderate,PM Peak,9.5
2026-05-23 00:00:00,2026-05-23 16:26:44.821687-07,6641,0,312527,24007,23009,10.6369,10.919,0.2821,Moderate,PM Peak,10.5
2026-05-23 00:00:00,2026-05-23 16:26:44.821687-07,6641,1,312530,24001,22013,3.0362,3.4784,0.4422,Moderate,PM Peak,3.0
2026-05-23 00:00:00,2026-05-23 16:26:44.821687-07,6641,1,312530,23002,24013,6.1863,6.5357,0.3494,Moderate,PM Peak,6.0
2026-05-23 00:00:00,2026-05-23 16:27:15.375371-07,6641,0,312527,22012,19025,9.8582,10.3366,0.4784,Moderate,PM Peak,9.5
2026-05-23 00:00:00,2026-05-23 16:27:15.375371-07,6641,0,312527,19025,24007,10.3366,10.7787,0.4421,Moderate,PM Peak,10.0
2026-05-23 00:00:00,2026-05-23 16:27:15.375371-07,6641,0,312527,24007,23009,10.7787,10.919,0.1403,High,PM Peak,10.5
2026-05-23 00:00:00,2026-05-23 16:27:15.375371-07,6641,1,312530,24001,22013,3.3714,3.6196,0.2482,High,PM Peak,3.0
2026-05-23 00:00:00,2026-05-23 16:27:15.375371-07,6641,1,312530,23002,24013,6.1863,6.5357,0.3494,Moderate,PM Peak,6.0
2026-05-23 00:00:00,2026-05-23 16:27:46.140988-07,6641,0,312527,19025,24007,10.4437,10.7787,0.335,Moderate,PM Peak,10.0
2026-05-23 00:00:00,2026-05-23 16:27:46.140988-07,6641,0,312527,24007,23009,10.7787,11.1139,0.3352,Moderate,PM Peak,10.5
2026-05-23 00:00:00,2026-05-23 16:27:46.140988-07,6641,1,312530,24001,22013,3.3714,3.7677,0.3963,Moderate,PM Peak,3.0
2026-05-23 00:00:00,2026-05-23 16:27:46.140988-07,6641,1,312530,23002,24013,6.3613,6.7076,0.3463,Moderate,PM Peak,6.0
2026-05-23 00:00:00,2026-05-23 16:28:16.946294-07,6641,0,312527,19025,24007,10.7787,11.0585,0.2798,Moderate,PM Peak,10.5
2026-05-23 00:00:00,2026-05-23 16:28:16.946294-07,6641,0,312527,24007,23009,11.0585,11.1692,0.1107,High,PM Peak,11.0
2026-05-23 00:00:00,2026-05-23 16:28:16.946294-07,6641,1,312530,24001,22013,3.4784,3.9567,0.4783,Moderate,PM Peak,3.0
2026-05-23 00:00:00,2026-05-23 16:28:16.946294-07,6641,1,312530,23002,24013,6.3612,6.7076,0.3464,Moderate,PM Peak,6.0
2026-05-23 00:00:00,2026-05-23 16:28:47.736015-07,6641,0,312527,19025,24007,10.7786,11.0585,0.2799,Moderate,PM Peak,10.5
2026-05-23 00:00:00,2026-05-23 16:28:47.736015-07,6641,0,312527,24007,23009,11.0585,11.1692,0.1107,High,PM Peak,11.0
2026-05-23 00:00:00,2026-05-23 16:28:47.736015-07,6641,1,312530,24001,22013,3.6196,3.9567,0.3371,Moderate,PM Peak,3.5
2026-05-23 00:00:00,2026-05-23 16:28:47.736015-07,6641,1,312530,23002,24013,6.4957,6.8781,0.3824,Moderate,PM Peak,6.0
2026-05-23 00:00:00,2026-05-23 16:29:18.298855-07,6641,0,312527,19025,24007,11.0585,11.1139,0.0554,Severe,PM Peak,11.0
2026-05-23 00:00:00,2026-05-23 16:29:18.298855-07,6641,0,312527,24007,23009,11.1139,11.1692,0.0553,Severe,PM Peak,11.0
2026-05-23 00:00:00,2026-05-23 16:29:48.893782-07,6641,0,312527,19025,24007,11.1139,11.1692,0.0553,Severe,PM Peak,11.0
2026-05-23 00:00:00,2026-05-23 16:29:48.893782-07,6641,0,312527,24007,23009,11.1692,11.4597,0.2905,Moderate,PM Peak,11.0
2026-05-23 00:00:00,2026-05-23 16:30:19.552318-07,6641,0,312527,19025,24007,11.1139,11.1692,0.0553,Severe,PM Peak,11.0
2026-05-23 00:00:00,2026-05-23 16:30:19.552318-07,6641,1,312530,24005,23002,6.3613,6.7076,0.3463,Moderate,PM Peak,6.0
2026-05-23 00:00:00,2026-05-23 16:30:50.272885-07,6641,0,312527,19025,24007,11.2087,11.4597,0.251,Moderate,PM Peak,11.0
2026-05-23 00:00:00,2026-05-23 16:30:50.272885-07,6641,0,312527,24007,23009,11.4597,11.9299,0.4702,Moderate,PM Peak,11.0
2026-05-23 00:00:00,2026-05-23 16:30:50.272885-07,6641,1,312530,24001,22013,3.9567,4.4413,0.4846,Moderate,PM Peak,3.5
2026-05-23 00:00:00,2026-05-23 16:31:20.902643-07,6641,0,312527,19025,24007,11.5065,11.6101,0.1036,High,PM Peak,11.5
2026-05-23 00:00:00,2026-05-23 16:31:20.902643-07,6641,0,312527,24007,23009,11.6101,11.9299,0.3198,Moderate,PM Peak,11.5
2026-05-23 00:00:00,2026-05-23 16:31:20.902643-07,6641,1,312530,23002,24013,7.2253,7.644,0.4187,Moderate,PM Peak,7.0
2026-05-23 00:00:00,2026-05-23 16:31:51.550658-07,6641,0,312527,19025,24007,11.6101,11.791,0.1809,High,PM Peak,11.5
2026-05-23 00:00:00,2026-05-23 16:31:51.550658-07,6641,1,312530,23002,24013,7.5221,7.644,0.1219,High,PM Peak,7.5
2026-05-23 00:00:00,2026-05-23 16:32:22.113861-07,6641,1,312530,23002,24013,7.644,7.7832,0.1392,High,PM Peak,7.5
2026-05-23 00:00:00,2026-05-23 16:33:23.440141-07,6641,0,312527,19025,24007,11.9299,12.0717,0.1418,High,PM Peak,11.5
2026-05-23 00:00:00,2026-05-23 16:33:23.440141-07,6641,1,312530,24013,23002,7.9278,8.0688,0.141,High,PM Peak,7.5
2026-05-23 00:00:00,2026-05-23 16:33:54.33984-07,6641,1,312530,24013,23002,8.0687,8.2077,0.139,High,PM Peak,8.0
2026-05-23 00:00:00,2026-05-23 16:34:25.017976-07,6641,0,312527,24007,23009,12.4937,12.9711,0.4774,Moderate,PM Peak,12.0
2026-05-23 00:00:00,2026-05-23 16:34:25.017976-07,6641,1,312530,24013,23002,8.3458,8.4936,0.1478,High,PM Peak,8.0
2026-05-23 00:00:00,2026-05-23 16:34:55.703486-07,6641,0,312527,24007,19025,12.4937,12.5725,0.0788,Severe,PM Peak,12.0
2026-05-23 00:00:00,2026-05-23 16:34:55.703486-07,6641,0,312527,19025,23009,12.5725,12.9711,0.3986,Moderate,PM Peak,12.5
2026-05-23 00:00:00,2026-05-23 16:35:56.979758-07,6641,0,312527,19025,24007,12.8332,12.9163,0.0831,Severe,PM Peak,12.5
2026-05-23 00:00:00,2026-05-23 16:36:27.538679-07,6641,1,312530,23002,24013,8.9343,8.9822,0.0479,Severe,PM Peak,8.5
2026-05-23 00:00:00,2026-05-23 16:36:58.22362-07,6641,1,312530,23002,24013,8.9822,9.0331,0.0509,Severe,PM Peak,8.5
2026-05-23 00:00:00,2026-05-23 16:37:28.781851-07,6641,1,312530,23002,24013,8.9822,9.0331,0.0509,Severe,PM Peak,8.5
2026-05-23 00:00:00,2026-05-23 16:37:59.390695-07,6641,1,312530,24005,23002,8.6414,8.9822,0.3408,Moderate,PM Peak,8.5
2026-05-23 00:00:00,2026-05-23 16:37:59.390695-07,6641,1,312530,23002,24013,8.9822,9.393,0.4108,Moderate,PM Peak,8.5
2026-05-23 00:00:00,2026-05-23 16:38:29.980583-07,6641,1,312530,24005,23002,8.9343,9.0331,0.0988,Severe,PM Peak,8.5
2026-05-23 00:00:00,2026-05-23 16:39:00.665559-07,6641,1,312530,24005,23002,8.9343,9.393,0.4587,Moderate,PM Peak,8.5
2026-05-23 00:00:00,2026-05-23 16:39:31.281322-07,6641,1,312530,23002,24013,10.2794,10.7243,0.4449,Moderate,PM Peak,10.0
2026-05-23 00:00:00,2026-05-23 16:40:01.856711-07,6641,1,312530,23002,24013,10.5037,10.7243,0.2206,High,PM Peak,10.5
2026-05-23 00:00:00,2026-05-23 16:40:32.42544-07,6641,1,312530,23002,24013,10.7243,11.1454,0.4211,Moderate,PM Peak,10.5
2026-05-23 00:00:00,2026-05-23 16:43:06.760202-07,6641,1,312530,23002,24013,12.5925,12.8898,0.2973,Moderate,PM Peak,12.5
2026-05-23 00:00:00,2026-05-23 16:51:48.59888-07,6641,1,312530,24011,16222,6.3612,6.7076,0.3464,Moderate,PM Peak,6.0
2026-05-23 00:00:00,2026-05-23 16:52:19.205837-07,6641,1,312530,24011,16222,6.5357,6.8781,0.3424,Moderate,PM Peak,6.5
2026-05-23 00:00:00,2026-05-23 16:56:54.782437-07,6641,1,312530,24011,16222,7.9278,8.3458,0.418,Moderate,PM Peak,7.5
2026-05-23 00:00:00,2026-05-23 16:58:57.217307-07,6641,1,312530,24011,16222,8.9343,8.9822,0.0479,Severe,PM Peak,8.5
2026-05-23 00:00:00,2026-05-23 16:59:28.459767-07,6641,1,312530,24011,16222,8.9343,9.0331,0.0988,Severe,PM Peak,8.5
2026-05-23 00:00:00,2026-05-23 16:59:59.054592-07,6641,1,312530,24011,16222,8.9822,9.0331,0.0509,Severe,PM Peak,8.5
2026-05-23 00:00:00,2026-05-23 17:00:29.626942-07,6641,1,312530,24011,16222,9.0331,9.393,0.3599,Moderate,PM Peak,9.0
2026-05-23 00:00:00,2026-05-23 17:01:30.954463-07,6641,0,312527,23002,24005,2.5945,3.0906,0.4961,Moderate,PM Peak,2.5
2026-05-23 00:00:00,2026-05-23 17:02:01.762609-07,6641,0,312527,23002,24005,2.8717,3.3113,0.4396,Moderate,PM Peak,2.5
2026-05-23 00:00:00,2026-05-23 17:02:01.762609-07,6641,1,312530,23009,19041,3.9567,4.2697,0.313,Moderate,PM Peak,3.5
2026-05-23 00:00:00,2026-05-23 17:02:32.387823-07,6641,1,312530,23009,19041,3.9567,4.2697,0.313,Moderate,PM Peak,3.5
2026-05-23 00:00:00,2026-05-23 17:03:04.578608-07,6641,1,312530,23009,19041,3.9567,4.2697,0.313,Moderate,PM Peak,3.5
2026-05-23 00:00:00,2026-05-23 17:03:35.366191-07,6641,1,312530,23009,19041,4.1296,4.2697,0.1401,High,PM Peak,4.0
2026-05-23 00:00:00,2026-05-23 17:03:35.366191-07,6641,1,312530,24011,16222,10.5037,10.7243,0.2206,High,PM Peak,10.5
2026-05-23 00:00:00,2026-05-23 17:04:06.075298-07,6641,1,312530,24011,16222,10.7243,10.9433,0.219,High,PM Peak,10.5
2026-05-23 00:00:00,2026-05-23 17:05:38.033475-07,6641,0,312527,23002,24005,4.7818,5.0332,0.2514,Moderate,PM Peak,4.5
2026-05-23 00:00:00,2026-05-23 17:06:08.668474-07,6641,0,312527,23002,24005,4.8328,5.3215,0.4887,Moderate,PM Peak,4.5
2026-05-23 00:00:00,2026-05-23 17:06:39.306029-07,6641,1,312530,24011,16222,12.2674,12.5925,0.3251,Moderate,PM Peak,12.0
2026-05-23 00:00:00,2026-05-23 17:07:09.872582-07,6641,1,312530,24007,19041,3.9567,4.2697,0.313,Moderate,PM Peak,3.5
2026-05-23 00:00:00,2026-05-23 17:07:09.872582-07,6641,1,312530,16222,24011,12.9553,13.0367,0.0814,Severe,PM Peak,12.5
2026-05-23 00:00:00,2026-05-23 17:07:40.580855-07,6641,0,312527,23002,24005,5.4691,5.9466,0.4775,Moderate,PM Peak,5.0
2026-05-23 00:00:00,2026-05-23 17:07:40.580855-07,6641,1,312530,24007,23009,3.9567,4.2697,0.313,Moderate,PM Peak,3.5
2026-05-23 00:00:00,2026-05-23 17:07:40.580855-07,6641,1,312530,23009,19041,4.2697,4.4413,0.1716,High,PM Peak,4.0
2026-05-23 00:00:00,2026-05-23 17:08:11.18243-07,6641,1,312530,24007,23009,3.9567,4.2697,0.313,Moderate,PM Peak,3.5
2026-05-23 00:00:00,2026-05-23 17:08:11.18243-07,6641,1,312530,23009,19041,4.2697,4.4413,0.1716,High,PM Peak,4.0
2026-05-23 00:00:00,2026-05-23 17:08:41.838847-07,6641,0,312527,23002,24005,5.7463,6.171,0.4247,Moderate,PM Peak,5.5
2026-05-23 00:00:00,2026-05-23 17:08:41.838847-07,6641,1,312530,24007,23009,3.9567,4.4413,0.4846,Moderate,PM Peak,3.5
2026-05-23 00:00:00,2026-05-23 17:08:41.838847-07,6641,1,312530,23009,19041,4.4413,4.6192,0.1779,High,PM Peak,4.0
2026-05-23 00:00:00,2026-05-23 17:09:12.766134-07,6641,0,312527,23002,24005,6.0317,6.171,0.1393,High,PM Peak,6.0
2026-05-23 00:00:00,2026-05-23 17:09:43.47046-07,6641,0,312527,23002,24005,6.171,6.2929,0.1219,High,PM Peak,6.0
2026-05-23 00:00:00,2026-05-23 17:09:43.47046-07,6641,1,312530,24007,23009,4.1296,4.6192,0.4896,Moderate,PM Peak,4.0
2026-05-23 00:00:00,2026-05-23 17:09:43.47046-07,6641,1,312530,23009,19041,4.6192,4.7927,0.1735,High,PM Peak,4.5
2026-05-23 00:00:00,2026-05-23 17:10:14.083661-07,6641,0,312527,23002,24005,6.2929,6.5897,0.2968,Moderate,PM Peak,6.0
2026-05-23 00:00:00,2026-05-23 17:10:14.083661-07,6641,1,312530,23009,19041,4.7927,5.1362,0.3435,Moderate,PM Peak,4.5
2026-05-23 00:00:00,2026-05-23 17:10:44.674687-07,6641,1,312530,23009,19041,4.9649,5.1362,0.1713,High,PM Peak,4.5
2026-05-23 00:00:00,2026-05-23 17:11:15.242273-07,6641,0,312527,23002,24005,6.7642,7.1074,0.3432,Moderate,PM Peak,6.5
2026-05-23 00:00:00,2026-05-23 17:11:15.242273-07,6641,1,312530,23009,19041,5.1362,5.4888,0.3526,Moderate,PM Peak,5.0
2026-05-23 00:00:00,2026-05-23 17:11:45.950308-07,6641,0,312527,23002,24005,6.9369,7.1074,0.1705,High,PM Peak,6.5
2026-05-23 00:00:00,2026-05-23 17:11:45.950308-07,6641,1,312530,23009,19041,5.3087,5.4888,0.1801,High,PM Peak,5.0
2026-05-23 00:00:00,2026-05-23 17:12:16.58777-07,6641,1,312530,23009,19041,5.5394,5.6682,0.1288,High,PM Peak,5.5
2026-05-23 00:00:00,2026-05-23 17:12:47.427732-07,6641,0,312527,23002,24005,7.1074,7.2793,0.1719,High,PM Peak,7.0
2026-05-23 00:00:00,2026-05-23 17:12:47.427732-07,6641,1,312530,23009,19041,5.6682,5.8421,0.1739,High,PM Peak,5.5
2026-05-23 00:00:00,2026-05-23 17:13:18.030627-07,6641,0,312527,23002,24005,7.2793,7.3224,0.0431,Severe,PM Peak,7.0
2026-05-23 00:00:00,2026-05-23 17:13:18.030627-07,6641,1,312530,23009,19041,5.6682,6.0127,0.3445,Moderate,PM Peak,5.5
2026-05-23 00:00:00,2026-05-23 17:13:49.596304-07,6641,0,312527,23002,24005,7.3224,7.4538,0.1314,High,PM Peak,7.0
2026-05-23 00:00:00,2026-05-23 17:14:20.845018-07,6641,1,312530,23009,19041,6.0127,6.4926,0.4799,Moderate,PM Peak,6.0
2026-05-23 00:00:00,2026-05-23 17:15:22.079742-07,6641,0,312527,24005,23002,7.8023,7.9729,0.1706,High,PM Peak,7.5
2026-05-23 00:00:00,2026-05-23 17:15:52.850138-07,6641,1,312530,23009,19041,6.4926,6.8781,0.3855,Moderate,PM Peak,6.0
2026-05-23 00:00:00,2026-05-23 17:16:23.442743-07,6641,0,312527,24005,23002,8.1467,8.1468,0.0001,Severe,PM Peak,8.0
2026-05-23 00:00:00,2026-05-23 17:17:24.582269-07,6641,1,312530,23009,19041,7.2253,7.5221,0.2968,Moderate,PM Peak,7.0
2026-05-23 00:00:00,2026-05-23 17:17:55.343804-07,6641,0,312527,23002,24005,8.5063,8.6788,0.1725,High,PM Peak,8.5
2026-05-23 00:00:00,2026-05-23 17:17:55.343804-07,6641,1,312530,23009,19041,7.2253,7.644,0.4187,Moderate,PM Peak,7.0
2026-05-23 00:00:00,2026-05-23 17:18:25.986207-07,6641,1,312530,23009,19041,7.644,7.8684,0.2244,High,PM Peak,7.5
2026-05-23 00:00:00,2026-05-23 17:18:56.573107-07,6641,1,312530,23009,19041,7.644,8.0687,0.4247,Moderate,PM Peak,7.5
2026-05-23 00:00:00,2026-05-23 17:21:29.972137-07,6641,0,312527,24005,23002,9.3737,9.5453,0.1716,High,PM Peak,9.0
2026-05-23 00:00:00,2026-05-23 17:21:29.972137-07,6641,1,312530,23009,19041,8.6414,8.9822,0.3408,Moderate,PM Peak,8.5
2026-05-23 00:00:00,2026-05-23 17:22:00.68234-07,6641,1,312530,23009,19041,8.7818,8.9822,0.2004,High,PM Peak,8.5
2026-05-23 00:00:00,2026-05-23 17:22:31.476989-07,6641,1,312530,23009,19041,9.0331,9.1727,0.1396,High,PM Peak,9.0
2026-05-23 00:00:00,2026-05-23 17:23:02.159378-07,6641,0,312527,23002,24005,9.8582,9.8583,0.0001,Severe,PM Peak,9.5
2026-05-23 00:00:00,2026-05-23 17:23:32.746462-07,6641,0,312527,23002,24005,10.0472,10.058,0.0108,Severe,PM Peak,10.0
2026-05-23 00:00:00,2026-05-23 17:24:03.478225-07,6641,0,312527,23002,24005,10.0472,10.058,0.0108,Severe,PM Peak,10.0
2026-05-23 00:00:00,2026-05-23 17:24:34.091273-07,6641,0,312527,23002,24005,10.0472,10.058,0.0108,Severe,PM Peak,10.0
2026-05-23 00:00:00,2026-05-23 17:25:04.688618-07,6641,0,312527,23002,24005,10.0472,10.058,0.0108,Severe,PM Peak,10.0
2026-05-23 00:00:00,2026-05-23 17:25:35.251839-07,6641,0,312527,23002,24005,10.0472,10.058,0.0108,Severe,PM Peak,10.0
2026-05-23 00:00:00,2026-05-23 17:25:35.251839-07,6641,1,312530,23009,19041,10.7243,11.1454,0.4211,Moderate,PM Peak,10.5
2026-05-23 00:00:00,2026-05-23 17:26:06.071173-07,6641,0,312527,23002,24005,10.058,10.3366,0.2786,Moderate,PM Peak,10.0
2026-05-23 00:00:00,2026-05-23 17:26:06.071173-07,6641,1,312530,23009,19041,10.7243,11.2204,0.4961,Moderate,PM Peak,10.5
2026-05-23 00:00:00,2026-05-23 17:26:36.679395-07,6641,0,312527,23002,24005,10.058,10.4437,0.3857,Moderate,PM Peak,10.0
2026-05-23 00:00:00,2026-05-23 17:27:07.406138-07,6641,0,312527,23002,24005,10.3366,10.7786,0.442,Moderate,PM Peak,10.0
2026-05-23 00:00:00,2026-05-23 17:27:37.971891-07,6641,0,312527,23002,24005,10.6369,11.0585,0.4216,Moderate,PM Peak,10.5
2026-05-23 00:00:00,2026-05-23 17:28:08.682352-07,6641,0,312527,23002,24005,10.7787,11.0585,0.2798,Moderate,PM Peak,10.5
2026-05-23 00:00:00,2026-05-23 17:28:39.374543-07,6641,0,312527,23002,24005,10.7786,11.1692,0.3906,Moderate,PM Peak,10.5
2026-05-23 00:00:00,2026-05-23 17:29:10.031804-07,6641,0,312527,23002,24005,10.919,11.1692,0.2502,Moderate,PM Peak,10.5
2026-05-23 00:00:00,2026-05-23 17:29:40.655387-07,6641,0,312527,23002,24005,11.0585,11.4285,0.37,Moderate,PM Peak,11.0
2026-05-23 00:00:00,2026-05-23 17:30:11.399372-07,6641,0,312527,23002,24005,11.1692,11.6486,0.4794,Moderate,PM Peak,11.0
2026-05-23 00:00:00,2026-05-23 17:30:11.399372-07,6641,1,312530,19025,24007,8.7818,8.9822,0.2004,High,PM Peak,8.5
2026-05-23 00:00:00,2026-05-23 17:30:41.986395-07,6641,1,312530,19025,24007,8.9343,9.0331,0.0988,Severe,PM Peak,8.5
2026-05-23 00:00:00,2026-05-23 17:31:12.710312-07,6641,0,312527,23002,24005,11.4597,11.9299,0.4702,Moderate,PM Peak,11.0
2026-05-23 00:00:00,2026-05-23 17:31:12.710312-07,6641,1,312530,19025,24007,8.9822,9.1727,0.1905,High,PM Peak,8.5
2026-05-23 00:00:00,2026-05-23 17:31:43.355389-07,6641,0,312527,23002,24005,11.791,12.0717,0.2807,Moderate,PM Peak,11.5
2026-05-23 00:00:00,2026-05-23 17:32:14.088476-07,6641,0,312527,23002,24005,11.9299,12.2116,0.2817,Moderate,PM Peak,11.5
2026-05-23 00:00:00,2026-05-23 17:32:14.088476-07,6641,1,312530,19025,24007,9.393,9.8395,0.4465,Moderate,PM Peak,9.0
2026-05-23 00:00:00,2026-05-23 17:33:15.328622-07,6641,1,312530,19025,24007,10.2794,10.5037,0.2243,High,PM Peak,10.0
2026-05-23 00:00:00,2026-05-23 17:33:45.913625-07,6641,1,312530,19025,24007,10.5037,10.7243,0.2206,High,PM Peak,10.5
2026-05-23 00:00:00,2026-05-23 17:34:16.773175-07,6641,0,312527,23002,24005,12.5725,12.7783,0.2058,High,PM Peak,12.5
2026-05-23 00:00:00,2026-05-23 17:34:16.773175-07,6641,1,312530,19025,24007,10.7243,11.1454,0.4211,Moderate,PM Peak,10.5
2026-05-23 00:00:00,2026-05-23 17:34:47.661022-07,6641,0,312527,23002,24005,12.8332,12.9163,0.0831,Severe,PM Peak,12.5
2026-05-23 00:00:00,2026-05-23 17:34:47.661022-07,6641,1,312530,19025,24007,11.0569,11.1454,0.0885,Severe,PM Peak,11.0
2026-05-23 00:00:00,2026-05-23 17:36:50.350302-07,6641,1,312530,19025,24007,12.3019,12.5924,0.2905,Moderate,PM Peak,12.0
2026-05-23 00:00:00,2026-05-23 17:37:51.667633-07,6641,1,312530,19025,24007,12.733,13.1754,0.4424,Moderate,PM Peak,12.5
2026-05-23 00:00:00,2026-05-23 18:01:57.999583-07,6641,1,312530,23002,22002,3.3713,3.7677,0.3964,Moderate,PM Peak,3.0
2026-05-23 00:00:00,2026-05-23 18:02:28.624099-07,6641,1,312530,23002,22002,3.4784,3.7677,0.2893,Moderate,PM Peak,3.0
2026-05-23 00:00:00,2026-05-23 18:02:59.459661-07,6641,1,312530,23002,22002,3.6196,3.7677,0.1481,High,PM Peak,3.5
2026-05-23 00:00:00,2026-05-23 18:03:30.1208-07,6641,1,312530,23002,22002,3.757,3.7677,0.0107,Severe,PM Peak,3.5
2026-05-23 00:00:00,2026-05-23 18:32:09.992573-07,6641,0,312527,16201,15019,2.5945,3.0906,0.4961,Moderate,PM Peak,2.5
2026-05-23 00:00:00,2026-05-23 18:36:45.784699-07,6641,0,312527,16201,15019,4.6423,5.0332,0.3909,Moderate,PM Peak,4.5
2026-05-23 00:00:00,2026-05-23 18:38:48.42158-07,6641,0,312527,16201,15019,5.6073,5.9466,0.3393,Moderate,PM Peak,5.5
2026-05-23 00:00:00,2026-05-23 18:40:20.427851-07,6641,0,312527,16201,15019,6.0317,6.2929,0.2612,Moderate,PM Peak,6.0
2026-05-23 00:00:00,2026-05-23 18:40:50.998084-07,6641,0,312527,16201,15019,6.171,6.5897,0.4187,Moderate,PM Peak,6.0
2026-05-23 00:00:00,2026-05-23 18:43:24.046424-07,6641,1,312530,19041,8147,3.757,4.1296,0.3726,Moderate,PM Peak,3.5
2026-05-23 00:00:00,2026-05-23 18:46:27.839479-07,6641,0,312527,16201,15019,7.8023,8.2755,0.4732,Moderate,PM Peak,7.5
2026-05-23 00:00:00,2026-05-23 18:46:58.471457-07,6641,0,312527,16201,15019,8.1467,8.2755,0.1288,High,PM Peak,8.0
2026-05-23 00:00:00,2026-05-23 18:47:29.050667-07,6641,0,312527,16201,15019,8.1467,8.2755,0.1288,High,PM Peak,8.0
2026-05-23 00:00:00,2026-05-23 18:48:30.318514-07,6641,0,312527,16201,15019,8.2755,8.3261,0.0506,Severe,PM Peak,8.0
2026-05-23 00:00:00,2026-05-23 18:49:31.48917-07,6641,0,312527,15019,16201,8.5062,8.5063,0.0001,Severe,PM Peak,8.5
2026-05-23 00:00:00,2026-05-23 18:50:02.17702-07,6641,0,312527,16201,15019,8.5062,8.85,0.3438,Moderate,PM Peak,8.5
2026-05-23 00:00:00,2026-05-23 18:50:32.828291-07,6641,0,312527,16201,15019,8.85,9.0222,0.1722,High,PM Peak,8.5
2026-05-23 00:00:00,2026-05-23 18:51:03.602919-07,6641,0,312527,16201,15019,8.85,9.1958,0.3458,Moderate,PM Peak,8.5
2026-05-23 00:00:00,2026-05-23 18:51:34.169481-07,6641,0,312527,16201,15019,9.0222,9.3737,0.3515,Moderate,PM Peak,9.0
2026-05-23 00:00:00,2026-05-23 18:52:04.853649-07,6641,0,312527,16201,15019,9.1958,9.3737,0.1779,High,PM Peak,9.0
2026-05-23 00:00:00,2026-05-23 18:52:35.411764-07,6641,0,312527,16201,15019,9.1958,9.6854,0.4896,Moderate,PM Peak,9.0
2026-05-23 00:00:00,2026-05-23 18:53:06.036954-07,6641,0,312527,16201,15019,9.5453,9.6854,0.1401,High,PM Peak,9.5
2026-05-23 00:00:00,2026-05-23 18:54:07.292027-07,6641,0,312527,16201,15019,9.6854,9.8582,0.1728,High,PM Peak,9.5
2026-05-23 00:00:00,2026-05-23 18:54:37.929927-07,6641,0,312527,16201,15019,9.8583,10.058,0.1997,High,PM Peak,9.5
2026-05-23 00:00:00,2026-05-23 18:55:08.561867-07,6641,0,312527,16201,15019,10.0472,10.058,0.0108,Severe,PM Peak,10.0
2026-05-23 00:00:00,2026-05-23 18:55:39.118065-07,6641,0,312527,16201,15019,10.0472,10.058,0.0108,Severe,PM Peak,10.0
2026-05-23 00:00:00,2026-05-23 18:56:09.834543-07,6641,0,312527,16201,15019,10.058,10.1954,0.1374,High,PM Peak,10.0
2026-05-23 00:00:00,2026-05-23 18:56:40.555726-07,6641,0,312527,16201,15019,10.058,10.3366,0.2786,Moderate,PM Peak,10.0
2026-05-23 00:00:00,2026-05-23 18:58:43.091855-07,6641,0,312527,16201,15019,10.7787,11.1692,0.3905,Moderate,PM Peak,10.5
2026-05-23 00:00:00,2026-05-23 18:59:13.765683-07,6641,0,312527,16201,15019,10.919,11.1692,0.2502,Moderate,PM Peak,10.5
2026-05-23 00:00:00,2026-05-23 18:59:44.322153-07,6641,0,312527,16201,15019,10.919,11.1692,0.2502,Moderate,PM Peak,10.5
2026-05-23 00:00:00,2026-05-23 19:00:15.011088-07,6641,0,312527,16201,15019,11.1692,11.5065,0.3373,Moderate,Off Peak,11.0
2026-05-23 00:00:00,2026-05-23 19:04:51.692449-07,6641,0,312527,16201,15019,12.3531,12.8332,0.4801,Moderate,Off Peak,12.0
2026-05-23 00:00:00,2026-05-23 19:05:22.315176-07,6641,0,312527,16201,15019,12.7679,12.9163,0.1484,High,Off Peak,12.5
2026-05-23 00:00:00,2026-05-23 19:18:09.202791-07,6641,1,312530,22012,24007,8.6414,9.0331,0.3917,Moderate,Off Peak,8.5
2026-05-23 00:00:00,2026-05-23 19:18:39.886068-07,6641,1,312530,22012,24007,8.9343,9.393,0.4587,Moderate,Off Peak,8.5
2026-05-23 00:00:00,2026-05-23 19:22:14.402737-07,6641,1,312530,22012,24007,10.7243,11.1454,0.4211,Moderate,Off Peak,10.5
2026-05-23 00:00:00,2026-05-23 20:30:40.822033-07,6641,0,312527,16201,15019,7.8023,8.2755,0.4732,Moderate,Off Peak,7.5
2026-05-23 00:00:00,2026-05-23 20:31:11.537169-07,6641,0,312527,16201,15019,7.8023,8.2755,0.4732,Moderate,Off Peak,7.5
2026-05-23 00:00:00,2026-05-23 20:31:42.110604-07,6641,0,312527,16201,15019,8.1468,8.5063,0.3595,Moderate,Off Peak,8.0
2026-05-23 00:00:00,2026-05-23 20:32:12.771926-07,6641,0,312527,16201,15019,8.2755,8.5063,0.2308,High,Off Peak,8.0
2026-05-23 00:00:00,2026-05-23 20:32:43.34294-07,6641,0,312527,16201,15019,8.2755,8.6788,0.4033,Moderate,Off Peak,8.0
2026-05-23 00:00:00,2026-05-23 20:35:16.492042-07,6641,0,312527,16201,15019,9.1958,9.6854,0.4896,Moderate,Off Peak,9.0
2026-05-23 00:00:00,2026-05-23 20:37:18.997765-07,6641,0,312527,16201,15019,9.6854,10.058,0.3726,Moderate,Off Peak,9.5
2026-05-23 00:00:00,2026-05-23 20:37:49.559837-07,6641,0,312527,16201,15019,9.6854,10.058,0.3726,Moderate,Off Peak,9.5
2026-05-23 00:00:00,2026-05-23 20:38:20.147446-07,6641,0,312527,16201,15019,9.8583,10.1954,0.3371,Moderate,Off Peak,9.5
2026-05-23 00:00:00,2026-05-23 20:38:50.698117-07,6641,0,312527,16201,15019,10.0472,10.4437,0.3965,Moderate,Off Peak,10.0
2026-05-23 00:00:00,2026-05-23 20:44:27.258236-07,6641,0,312527,16201,15019,11.5064,11.9299,0.4235,Moderate,Off Peak,11.5
2026-05-23 00:00:00,2026-05-23 20:45:28.396897-07,6641,0,312527,16201,15019,11.9299,12.3531,0.4232,Moderate,Off Peak,11.5
2026-05-23 00:00:00,2026-05-23 22:02:03.027409-07,6641,0,312527,16201,15019,4.8328,5.3215,0.4887,Moderate,Off Peak,4.5
2026-05-23 00:00:00,2026-05-23 22:07:09.174161-07,6641,0,312527,16201,15019,7.1074,7.4537,0.3463,Moderate,Off Peak,7.0
2026-05-23 00:00:00,2026-05-23 22:09:42.099298-07,6641,0,312527,16201,15019,7.8023,8.2755,0.4732,Moderate,Off Peak,7.5
2026-05-23 00:00:00,2026-05-23 22:10:43.307854-07,6641,0,312527,16201,15019,8.1468,8.5063,0.3595,Moderate,Off Peak,8.0
2026-05-23 00:00:00,2026-05-23 22:11:13.875695-07,6641,0,312527,16201,15019,8.2755,8.6788,0.4033,Moderate,Off Peak,8.0
2026-05-23 00:00:00,2026-05-23 22:14:48.100166-07,6641,0,312527,16201,15019,9.6854,10.058,0.3726,Moderate,Off Peak,9.5
2026-05-23 00:00:00,2026-05-23 22:15:18.661994-07,6641,0,312527,16201,15019,9.6854,10.058,0.3726,Moderate,Off Peak,9.5
2026-05-23 00:00:00,2026-05-23 22:15:49.166654-07,6641,0,312527,16201,15019,9.8583,10.1954,0.3371,Moderate,Off Peak,9.5
2026-05-23 00:00:00,2026-05-23 22:16:19.789181-07,6641,0,312527,16201,15019,10.058,10.1954,0.1374,High,Off Peak,10.0
