service_date,route_id,observed_service_hours,total_observations,observation_cv,coverage_band,stability_band,valid_row_percentage,eligibility_status
2026-05-08,10232,3,209,0.7948,Low Coverage,Moderate,100.0,Not Eligible
2026-05-08,11201,3,873,0.4061,Low Coverage,Stable,100.0,Not Eligible
2026-05-08,11692,3,842,0.6885,Low Coverage,Moderate,100.0,Not Eligible
2026-05-08,11693,2,589,0.838,Low Coverage,Moderate,100.0,Not Eligible
2026-05-08,11696,3,933,0.3366,Low Coverage,Stable,100.0,Not Eligible
2026-05-08,12940,3,507,0.6209,Low Coverage,Moderate,100.0,Not Eligible
2026-05-08,13684,1,21,0.0,Low Coverage,Stable,100.0,Not Eligible
2026-05-08,16717,3,1067,0.2416,Low Coverage,Stable,100.0,Not Eligible
2026-05-08,16718,3,1443,0.3971,Low Coverage,Stable,100.0,Not Eligible
2026-05-08,16719,3,241,0.2434,Low Coverage,Stable,100.0,Not Eligible
2026-05-08,17707,3,553,0.7066,Low Coverage,Moderate,100.0,Not Eligible
2026-05-08,18705,3,610,0.3855,Low Coverage,Stable,100.0,Not Eligible
2026-05-08,20667,3,452,0.5191,Low Coverage,Moderate,100.0,Not Eligible
2026-05-08,22638,3,656,0.3932,Low Coverage,Stable,100.0,Not Eligible
2026-05-08,22639,1,9,0.0,Low Coverage,Stable,100.0,Not Eligible
2026-05-08,23384,3,3231,0.4514,Low Coverage,Stable,100.0,Not Eligible
2026-05-08,29038,3,821,0.7638,Low Coverage,Moderate,100.0,Not Eligible
2026-05-08,30036,3,268,0.2575,Low Coverage,Stable,100.0,Not Eligible
2026-05-08,30037,3,236,0.0745,Low Coverage,Stable,100.0,Not Eligible
2026-05-08,30038,3,232,0.3786,Low Coverage,Stable,100.0,Not Eligible
2026-05-08,30039,3,263,0.5309,Low Coverage,Moderate,100.0,Not Eligible
2026-05-08,30040,3,293,0.0871,Low Coverage,Stable,100.0,Not Eligible
2026-05-08,30043,3,715,0.4241,Low Coverage,Stable,100.0,Not Eligible
2026-05-08,30044,3,247,0.131,Low Coverage,Stable,100.0,Not Eligible
2026-05-08,30045,1,81,0.0,Low Coverage,Stable,100.0,Not Eligible
2026-05-08,30046,3,676,0.3643,Low Coverage,Stable,100.0,Not Eligible
2026-05-08,30047,3,279,0.5203,Low Coverage,Moderate,100.0,Not Eligible
2026-05-08,30048,3,296,0.2997,Low Coverage,Stable,100.0,Not Eligible
2026-05-08,30049,3,311,0.4831,Low Coverage,Stable,100.0,Not Eligible
2026-05-08,30050,3,337,0.32,Low Coverage,Stable,100.0,Not Eligible
2026-05-08,30051,3,134,0.2671,Low Coverage,Stable,100.0,Not Eligible
2026-05-08,30055,3,1120,0.5021,Low Coverage,Moderate,100.0,Not Eligible
2026-05-08,30584,3,255,0.7305,Low Coverage,Moderate,100.0,Not Eligible
2026-05-08,31818,3,272,0.2317,Low Coverage,Stable,100.0,Not Eligible
2026-05-08,31819,3,519,0.317,Low Coverage,Stable,100.0,Not Eligible
2026-05-08,31821,1,52,0.0,Low Coverage,Stable,100.0,Not Eligible
2026-05-08,31822,1,67,0.0,Low Coverage,Stable,100.0,Not Eligible
2026-05-08,32799,3,805,0.5661,Low Coverage,Moderate,100.0,Not Eligible
2026-05-08,33292,3,564,0.3213,Low Coverage,Stable,100.0,Not Eligible
2026-05-08,33538,3,549,0.2436,Low Coverage,Stable,100.0,Not Eligible
2026-05-08,34042,2,65,1.2402,Low Coverage,Volatile,100.0,Not Eligible
2026-05-08,34043,1,90,0.0,Low Coverage,Stable,100.0,Not Eligible
2026-05-08,34540,2,198,0.1143,Low Coverage,Stable,100.0,Not Eligible
2026-05-08,34541,2,144,0.8642,Low Coverage,Moderate,100.0,Not Eligible
2026-05-08,34542,3,1119,0.4117,Low Coverage,Stable,100.0,Not Eligible
2026-05-08,34543,3,544,0.2317,Low Coverage,Stable,100.0,Not Eligible
2026-05-08,36799,3,161,0.3397,Low Coverage,Stable,100.0,Not Eligible
2026-05-08,37807,3,1883,0.251,Low Coverage,Stable,100.0,Not Eligible
2026-05-08,37808,3,1418,0.2905,Low Coverage,Stable,100.0,Not Eligible
2026-05-08,37809,3,1348,0.2519,Low Coverage,Stable,100.0,Not Eligible
2026-05-08,37810,3,2147,0.3479,Low Coverage,Stable,100.0,Not Eligible
2026-05-08,38311,3,1270,0.2519,Low Coverage,Stable,100.0,Not Eligible
2026-05-08,39304,2,179,0.6083,Low Coverage,Moderate,100.0,Not Eligible
2026-05-08,39307,3,430,0.539,Low Coverage,Moderate,100.0,Not Eligible
2026-05-08,40855,3,519,0.2573,Low Coverage,Stable,100.0,Not Eligible
2026-05-08,46099,3,377,0.264,Low Coverage,Stable,100.0,Not Eligible
2026-05-08,46604,3,1731,0.4077,Low Coverage,Stable,100.0,Not Eligible
2026-05-08,48855,1,104,0.0,Low Coverage,Stable,100.0,Not Eligible
2026-05-08,6612,3,1339,0.2589,Low Coverage,Stable,100.0,Not Eligible
2026-05-08,6613,3,1696,0.306,Low Coverage,Stable,100.0,Not Eligible
2026-05-08,6614,3,1321,0.267,Low Coverage,Stable,100.0,Not Eligible
2026-05-08,6615,3,928,0.3168,Low Coverage,Stable,100.0,Not Eligible
2026-05-08,6616,3,801,0.3222,Low Coverage,Stable,100.0,Not Eligible
2026-05-08,6617,3,2087,0.2919,Low Coverage,Stable,100.0,Not Eligible
2026-05-08,6618,3,1767,0.3201,Low Coverage,Stable,100.0,Not Eligible
2026-05-08,6619,3,1868,0.2418,Low Coverage,Stable,100.0,Not Eligible
2026-05-08,6620,3,1541,0.3877,Low Coverage,Stable,100.0,Not Eligible
2026-05-08,6621,3,701,0.3296,Low Coverage,Stable,100.0,Not Eligible
2026-05-08,6622,3,2414,0.386,Low Coverage,Stable,100.0,Not Eligible
2026-05-08,6623,3,1223,0.327,Low Coverage,Stable,100.0,Not Eligible
2026-05-08,6624,3,2248,0.4151,Low Coverage,Stable,100.0,Not Eligible
2026-05-08,6625,3,2098,0.2468,Low Coverage,Stable,100.0,Not Eligible
2026-05-08,6626,3,1604,0.262,Low Coverage,Stable,100.0,Not Eligible
2026-05-08,6627,3,1647,0.4353,Low Coverage,Stable,100.0,Not Eligible
2026-05-08,6628,3,574,0.5502,Low Coverage,Moderate,100.0,Not Eligible
2026-05-08,6629,3,417,0.6221,Low Coverage,Moderate,100.0,Not Eligible
2026-05-08,6630,3,787,0.256,Low Coverage,Stable,100.0,Not Eligible
2026-05-08,6631,3,271,0.4451,Low Coverage,Stable,100.0,Not Eligible
2026-05-08,6633,3,1119,0.6034,Low Coverage,Moderate,100.0,Not Eligible
2026-05-08,6636,3,2312,0.5965,Low Coverage,Moderate,100.0,Not Eligible
2026-05-08,6637,3,797,0.3695,Low Coverage,Stable,100.0,Not Eligible
2026-05-08,6638,3,685,0.8006,Low Coverage,Moderate,100.0,Not Eligible
2026-05-08,6641,3,2197,0.4791,Low Coverage,Stable,100.0,Not Eligible
2026-05-08,6642,3,1730,0.3339,Low Coverage,Stable,100.0,Not Eligible
2026-05-08,6643,3,415,0.1831,Low Coverage,Stable,100.0,Not Eligible
2026-05-08,6644,3,424,0.6396,Low Coverage,Moderate,100.0,Not Eligible
2026-05-08,6645,3,886,0.4471,Low Coverage,Stable,100.0,Not Eligible
2026-05-08,6646,3,865,0.4685,Low Coverage,Stable,100.0,Not Eligible
2026-05-08,6647,3,446,0.1446,Low Coverage,Stable,100.0,Not Eligible
2026-05-08,6648,3,564,0.6866,Low Coverage,Moderate,100.0,Not Eligible
2026-05-08,6649,3,932,0.8238,Low Coverage,Moderate,100.0,Not Eligible
2026-05-08,6650,3,703,0.3301,Low Coverage,Stable,100.0,Not Eligible
2026-05-08,6651,3,947,0.7872,Low Coverage,Moderate,100.0,Not Eligible
2026-05-08,6652,3,508,0.5788,Low Coverage,Moderate,100.0,Not Eligible
2026-05-08,6654,3,602,0.3204,Low Coverage,Stable,100.0,Not Eligible
2026-05-08,6657,3,987,0.3587,Low Coverage,Stable,100.0,Not Eligible
2026-05-08,6658,3,561,0.2879,Low Coverage,Stable,100.0,Not Eligible
2026-05-08,6659,3,523,0.2424,Low Coverage,Stable,100.0,Not Eligible
2026-05-08,6660,3,377,0.4541,Low Coverage,Stable,100.0,Not Eligible
2026-05-08,6661,3,495,0.496,Low Coverage,Stable,100.0,Not Eligible
2026-05-08,6662,3,519,0.3273,Low Coverage,Stable,100.0,Not Eligible
2026-05-08,6663,3,557,0.193,Low Coverage,Stable,100.0,Not Eligible
2026-05-08,6664,3,596,0.3659,Low Coverage,Stable,100.0,Not Eligible
2026-05-08,6665,3,694,0.3636,Low Coverage,Stable,100.0,Not Eligible
2026-05-08,6666,3,736,0.5608,Low Coverage,Moderate,100.0,Not Eligible
2026-05-08,6667,3,1662,0.6018,Low Coverage,Moderate,100.0,Not Eligible
2026-05-08,6668,3,526,0.3018,Low Coverage,Stable,100.0,Not Eligible
2026-05-08,6673,3,362,0.6856,Low Coverage,Moderate,100.0,Not Eligible
2026-05-08,6674,3,347,0.3469,Low Coverage,Stable,100.0,Not Eligible
2026-05-08,6675,3,269,0.5855,Low Coverage,Moderate,100.0,Not Eligible
2026-05-08,6676,3,550,0.2354,Low Coverage,Stable,100.0,Not Eligible
2026-05-08,6677,3,514,0.2833,Low Coverage,Stable,100.0,Not Eligible
2026-05-08,6678,3,384,0.5705,Low Coverage,Moderate,100.0,Not Eligible
2026-05-08,6679,3,527,0.874,Low Coverage,Moderate,100.0,Not Eligible
2026-05-08,6680,3,378,0.6442,Low Coverage,Moderate,100.0,Not Eligible
2026-05-08,6682,3,1332,0.4475,Low Coverage,Stable,100.0,Not Eligible
2026-05-08,6685,3,338,0.3808,Low Coverage,Stable,100.0,Not Eligible
2026-05-08,6687,3,1364,0.4864,Low Coverage,Stable,100.0,Not Eligible
2026-05-08,6688,3,243,0.294,Low Coverage,Stable,100.0,Not Eligible
2026-05-08,6689,3,173,0.6168,Low Coverage,Moderate,100.0,Not Eligible
2026-05-08,6690,3,222,0.4516,Low Coverage,Stable,100.0,Not Eligible
2026-05-08,6691,3,191,0.5408,Low Coverage,Moderate,100.0,Not Eligible
2026-05-08,6692,3,853,0.3876,Low Coverage,Stable,100.0,Not Eligible
2026-05-08,6693,3,872,0.7183,Low Coverage,Moderate,100.0,Not Eligible
2026-05-08,6698,3,769,0.6038,Low Coverage,Moderate,100.0,Not Eligible
2026-05-08,6700,3,800,0.3076,Low Coverage,Stable,100.0,Not Eligible
2026-05-08,6701,3,246,0.3034,Low Coverage,Stable,100.0,Not Eligible
2026-05-08,6702,2,199,0.5756,Low Coverage,Moderate,100.0,Not Eligible
2026-05-08,6703,3,1640,0.3151,Low Coverage,Stable,100.0,Not Eligible
2026-05-08,6704,3,1113,0.6286,Low Coverage,Moderate,100.0,Not Eligible
2026-05-08,6705,3,2334,0.4254,Low Coverage,Stable,100.0,Not Eligible
2026-05-08,6706,3,1814,0.3275,Low Coverage,Stable,100.0,Not Eligible
2026-05-08,6707,3,559,0.5912,Low Coverage,Moderate,100.0,Not Eligible
2026-05-08,6708,3,602,0.3863,Low Coverage,Stable,100.0,Not Eligible
2026-05-08,6709,2,148,1.0129,Low Coverage,Volatile,100.0,Not Eligible
2026-05-08,6712,3,2538,0.3846,Low Coverage,Stable,100.0,Not Eligible
2026-05-08,6713,3,981,0.2954,Low Coverage,Stable,100.0,Not Eligible
2026-05-08,6714,2,325,1.2315,Low Coverage,Volatile,100.0,Not Eligible
2026-05-08,6715,3,1169,0.3481,Low Coverage,Stable,100.0,Not Eligible
2026-05-08,6722,3,534,0.2642,Low Coverage,Stable,100.0,Not Eligible
2026-05-08,6723,3,408,0.6106,Low Coverage,Moderate,100.0,Not Eligible
2026-05-08,6724,3,816,0.2317,Low Coverage,Stable,100.0,Not Eligible
2026-05-08,6725,3,509,0.6281,Low Coverage,Moderate,100.0,Not Eligible
2026-05-08,6726,3,747,0.5865,Low Coverage,Moderate,100.0,Not Eligible
2026-05-08,6727,3,883,0.3158,Low Coverage,Stable,100.0,Not Eligible
2026-05-08,6728,3,1814,0.3979,Low Coverage,Stable,100.0,Not Eligible
2026-05-08,6730,3,694,0.6598,Low Coverage,Moderate,100.0,Not Eligible
2026-05-08,6737,3,1083,0.4945,Low Coverage,Stable,100.0,Not Eligible
2026-05-08,6738,3,1951,0.3408,Low Coverage,Stable,100.0,Not Eligible
2026-05-08,6741,3,979,0.5298,Low Coverage,Moderate,100.0,Not Eligible
2026-05-08,6747,3,399,0.7664,Low Coverage,Moderate,100.0,Not Eligible
2026-05-08,6748,3,1232,0.4198,Low Coverage,Stable,100.0,Not Eligible
2026-05-08,6749,3,1468,0.4332,Low Coverage,Stable,100.0,Not Eligible
2026-05-08,6776,2,99,0.8142,Low Coverage,Moderate,100.0,Not Eligible
2026-05-08,6779,3,272,0.2317,Low Coverage,Stable,100.0,Not Eligible
2026-05-08,6780,3,260,0.1763,Low Coverage,Stable,100.0,Not Eligible
2026-05-08,6790,3,167,0.1971,Low Coverage,Stable,100.0,Not Eligible
2026-05-08,6796,3,540,0.231,Low Coverage,Stable,100.0,Not Eligible
2026-05-08,6799,3,326,0.178,Low Coverage,Stable,100.0,Not Eligible
2026-05-08,6800,2,222,0.3567,Low Coverage,Stable,100.0,Not Eligible
2026-05-08,6806,3,320,0.3425,Low Coverage,Stable,100.0,Not Eligible
2026-05-08,6811,3,256,0.1595,Low Coverage,Stable,100.0,Not Eligible
2026-05-08,6817,3,491,0.1712,Low Coverage,Stable,100.0,Not Eligible
2026-05-08,6818,3,282,0.2454,Low Coverage,Stable,100.0,Not Eligible
2026-05-08,6819,3,493,0.8072,Low Coverage,Moderate,100.0,Not Eligible
2026-05-08,6821,3,1078,0.5025,Low Coverage,Moderate,100.0,Not Eligible
2026-05-08,6822,2,271,0.7984,Low Coverage,Moderate,100.0,Not Eligible
2026-05-08,6828,3,245,0.4316,Low Coverage,Stable,100.0,Not Eligible
2026-05-08,6843,2,81,1.065,Low Coverage,Volatile,100.0,Not Eligible
2026-05-08,6844,1,62,0.0,Low Coverage,Stable,100.0,Not Eligible
2026-05-08,7224,1,112,0.0,Low Coverage,Stable,100.0,Not Eligible
2026-05-08,7321,3,790,0.5351,Low Coverage,Moderate,100.0,Not Eligible
2026-05-08,7322,1,34,0.0,Low Coverage,Stable,100.0,Not Eligible
2026-05-08,8290,3,460,0.6943,Low Coverage,Moderate,100.0,Not Eligible
2026-05-09,11201,2,313,0.61,Low Coverage,Moderate,100.0,Not Eligible
2026-05-09,11692,2,259,0.9119,Low Coverage,Moderate,100.0,Not Eligible
2026-05-09,12940,2,148,0.9747,Low Coverage,Moderate,100.0,Not Eligible
2026-05-09,16717,2,520,0.9138,Low Coverage,Moderate,100.0,Not Eligible
2026-05-09,16718,2,556,0.8088,Low Coverage,Moderate,100.0,Not Eligible
2026-05-09,16719,2,123,0.9543,Low Coverage,Moderate,100.0,Not Eligible
2026-05-09,17707,2,104,0.1632,Low Coverage,Stable,100.0,Not Eligible
2026-05-09,18705,2,260,0.9138,Low Coverage,Moderate,100.0,Not Eligible
2026-05-09,20667,2,130,0.4134,Low Coverage,Stable,100.0,Not Eligible
2026-05-09,22638,2,372,0.8896,Low Coverage,Moderate,100.0,Not Eligible
2026-05-09,23384,2,812,0.7733,Low Coverage,Moderate,100.0,Not Eligible
2026-05-09,29038,2,245,0.8832,Low Coverage,Moderate,100.0,Not Eligible
2026-05-09,30036,2,126,0.8979,Low Coverage,Moderate,100.0,Not Eligible
2026-05-09,30037,2,82,0.8968,Low Coverage,Moderate,100.0,Not Eligible
2026-05-09,30038,2,108,1.1785,Low Coverage,Volatile,100.0,Not Eligible
2026-05-09,30039,2,143,1.0582,Low Coverage,Volatile,100.0,Not Eligible
2026-05-09,30040,2,132,0.4714,Low Coverage,Stable,100.0,Not Eligible
2026-05-09,30043,2,212,0.8005,Low Coverage,Moderate,100.0,Not Eligible
2026-05-09,30044,2,130,0.9138,Low Coverage,Moderate,100.0,Not Eligible
2026-05-09,30046,2,380,0.9006,Low Coverage,Moderate,100.0,Not Eligible
2026-05-09,30047,2,128,0.8397,Low Coverage,Moderate,100.0,Not Eligible
2026-05-09,30048,2,156,1.0879,Low Coverage,Volatile,100.0,Not Eligible
2026-05-09,30049,2,94,0.2708,Low Coverage,Stable,100.0,Not Eligible
2026-05-09,30050,2,157,0.6215,Low Coverage,Moderate,100.0,Not Eligible
2026-05-09,30051,1,4,0.0,Low Coverage,Stable,100.0,Not Eligible
2026-05-09,30055,2,458,0.8584,Low Coverage,Moderate,100.0,Not Eligible
2026-05-09,30584,2,97,0.7436,Low Coverage,Moderate,100.0,Not Eligible
2026-05-09,31818,2,130,0.9138,Low Coverage,Moderate,100.0,Not Eligible
2026-05-09,31819,2,213,0.8034,Low Coverage,Moderate,100.0,Not Eligible
2026-05-09,32799,2,290,0.9656,Low Coverage,Moderate,100.0,Not Eligible
2026-05-09,33292,2,262,0.7449,Low Coverage,Moderate,100.0,Not Eligible
2026-05-09,33538,2,295,0.7526,Low Coverage,Moderate,100.0,Not Eligible
2026-05-09,34540,1,10,0.0,Low Coverage,Stable,100.0,Not Eligible
2026-05-09,34542,2,390,0.9138,Low Coverage,Moderate,100.0,Not Eligible
2026-05-09,34543,2,155,0.5748,Low Coverage,Moderate,100.0,Not Eligible
2026-05-09,36799,2,77,0.8265,Low Coverage,Moderate,100.0,Not Eligible
2026-05-09,37807,2,943,0.8593,Low Coverage,Moderate,100.0,Not Eligible
2026-05-09,37808,2,569,0.9569,Low Coverage,Moderate,100.0,Not Eligible
2026-05-09,37809,2,598,0.9081,Low Coverage,Moderate,100.0,Not Eligible
2026-05-09,37810,2,852,0.8963,Low Coverage,Moderate,100.0,Not Eligible
2026-05-09,38311,2,636,0.9117,Low Coverage,Moderate,100.0,Not Eligible
2026-05-09,39307,2,130,0.9138,Low Coverage,Moderate,100.0,Not Eligible
2026-05-09,40855,2,260,0.9138,Low Coverage,Moderate,100.0,Not Eligible
2026-05-09,46099,2,194,0.8602,Low Coverage,Moderate,100.0,Not Eligible
2026-05-09,46604,2,639,0.9052,Low Coverage,Moderate,100.0,Not Eligible
2026-05-09,6612,2,647,0.9115,Low Coverage,Moderate,100.0,Not Eligible
2026-05-09,6613,2,855,0.8816,Low Coverage,Moderate,100.0,Not Eligible
2026-05-09,6614,2,604,0.8757,Low Coverage,Moderate,100.0,Not Eligible
2026-05-09,6615,2,420,0.6869,Low Coverage,Moderate,100.0,Not Eligible
2026-05-09,6616,2,442,0.9407,Low Coverage,Moderate,100.0,Not Eligible
2026-05-09,6617,2,1012,0.9,Low Coverage,Moderate,100.0,Not Eligible
2026-05-09,6618,2,780,0.9138,Low Coverage,Moderate,100.0,Not Eligible
2026-05-09,6619,2,880,0.9192,Low Coverage,Moderate,100.0,Not Eligible
2026-05-09,6620,2,578,0.8515,Low Coverage,Moderate,100.0,Not Eligible
2026-05-09,6621,2,264,0.6643,Low Coverage,Moderate,100.0,Not Eligible
2026-05-09,6622,2,1007,0.8974,Low Coverage,Moderate,100.0,Not Eligible
2026-05-09,6623,2,478,0.8462,Low Coverage,Moderate,100.0,Not Eligible
2026-05-09,6624,2,910,0.9138,Low Coverage,Moderate,100.0,Not Eligible
2026-05-09,6625,2,854,0.8909,Low Coverage,Moderate,100.0,Not Eligible
2026-05-09,6626,2,726,0.8766,Low Coverage,Moderate,100.0,Not Eligible
2026-05-09,6627,2,633,0.9316,Low Coverage,Moderate,100.0,Not Eligible
2026-05-09,6628,2,143,0.7417,Low Coverage,Moderate,100.0,Not Eligible
2026-05-09,6629,2,109,0.8174,Low Coverage,Moderate,100.0,Not Eligible
2026-05-09,6630,2,376,0.8726,Low Coverage,Moderate,100.0,Not Eligible
2026-05-09,6631,2,76,1.0793,Low Coverage,Volatile,100.0,Not Eligible
2026-05-09,6633,2,385,0.9293,Low Coverage,Moderate,100.0,Not Eligible
2026-05-09,6636,2,832,0.8975,Low Coverage,Moderate,100.0,Not Eligible
2026-05-09,6637,2,330,0.84,Low Coverage,Moderate,100.0,Not Eligible
2026-05-09,6641,2,1065,0.8645,Low Coverage,Moderate,100.0,Not Eligible
2026-05-09,6642,2,729,0.7934,Low Coverage,Moderate,100.0,Not Eligible
2026-05-09,6643,2,163,1.0151,Low Coverage,Volatile,100.0,Not Eligible
2026-05-09,6644,2,120,0.8721,Low Coverage,Moderate,100.0,Not Eligible
2026-05-09,6645,2,294,0.7504,Low Coverage,Moderate,100.0,Not Eligible
2026-05-09,6646,2,289,0.7389,Low Coverage,Moderate,100.0,Not Eligible
2026-05-09,6647,2,198,0.8428,Low Coverage,Moderate,100.0,Not Eligible
2026-05-09,6648,2,130,0.9138,Low Coverage,Moderate,100.0,Not Eligible
2026-05-09,6649,2,359,0.8312,Low Coverage,Moderate,100.0,Not Eligible
2026-05-09,6650,2,290,0.8973,Low Coverage,Moderate,100.0,Not Eligible
2026-05-09,6651,2,260,0.9138,Low Coverage,Moderate,100.0,Not Eligible
2026-05-09,6652,2,168,0.8081,Low Coverage,Moderate,100.0,Not Eligible
2026-05-09,6654,2,202,0.9521,Low Coverage,Moderate,100.0,Not Eligible
2026-05-09,6657,2,363,0.7285,Low Coverage,Moderate,100.0,Not Eligible
2026-05-09,6658,2,130,0.9138,Low Coverage,Moderate,100.0,Not Eligible
2026-05-09,6659,2,260,0.9138,Low Coverage,Moderate,100.0,Not Eligible
2026-05-09,6660,2,165,1.0199,Low Coverage,Volatile,100.0,Not Eligible
2026-05-09,6661,2,124,0.8896,Low Coverage,Moderate,100.0,Not Eligible
2026-05-09,6662,2,233,1.0136,Low Coverage,Volatile,100.0,Not Eligible
2026-05-09,6663,2,258,0.9099,Low Coverage,Moderate,100.0,Not Eligible
2026-05-09,6664,2,208,0.8431,Low Coverage,Moderate,100.0,Not Eligible
2026-05-09,6665,2,162,0.6111,Low Coverage,Moderate,100.0,Not Eligible
2026-05-09,6666,2,236,0.8629,Low Coverage,Moderate,100.0,Not Eligible
2026-05-09,6667,2,520,0.9138,Low Coverage,Moderate,100.0,Not Eligible
2026-05-09,6668,2,260,0.9138,Low Coverage,Moderate,100.0,Not Eligible
2026-05-09,6673,2,214,0.8062,Low Coverage,Moderate,100.0,Not Eligible
2026-05-09,6674,2,200,0.7778,Low Coverage,Moderate,100.0,Not Eligible
2026-05-09,6675,2,65,0.4134,Low Coverage,Stable,100.0,Not Eligible
2026-05-09,6676,2,264,0.9214,Low Coverage,Moderate,100.0,Not Eligible
2026-05-09,6677,2,253,0.9,Low Coverage,Moderate,100.0,Not Eligible
2026-05-09,6678,2,130,0.9138,Low Coverage,Moderate,100.0,Not Eligible
2026-05-09,6679,2,34,0.5823,Low Coverage,Moderate,100.0,Not Eligible
2026-05-09,6680,2,102,0.9428,Low Coverage,Moderate,100.0,Not Eligible
2026-05-09,6682,2,672,0.8713,Low Coverage,Moderate,100.0,Not Eligible
2026-05-09,6685,2,163,1.0151,Low Coverage,Volatile,100.0,Not Eligible
2026-05-09,6687,2,660,0.8614,Low Coverage,Moderate,100.0,Not Eligible
2026-05-09,6688,2,167,0.669,Low Coverage,Moderate,100.0,Not Eligible
2026-05-09,6689,2,89,1.3507,Low Coverage,Volatile,100.0,Not Eligible
2026-05-09,6690,2,52,0.1632,Low Coverage,Stable,100.0,Not Eligible
2026-05-09,6691,2,90,0.9428,Low Coverage,Moderate,100.0,Not Eligible
2026-05-09,6692,2,252,0.8979,Low Coverage,Moderate,100.0,Not Eligible
2026-05-09,6693,2,92,1.199,Low Coverage,Volatile,100.0,Not Eligible
2026-05-09,6698,2,186,0.365,Low Coverage,Stable,100.0,Not Eligible
2026-05-09,6700,2,367,0.9364,Low Coverage,Moderate,100.0,Not Eligible
2026-05-09,6701,2,130,0.9138,Low Coverage,Moderate,100.0,Not Eligible
2026-05-09,6702,2,32,0.6187,Low Coverage,Moderate,100.0,Not Eligible
2026-05-09,6703,2,779,0.9132,Low Coverage,Moderate,100.0,Not Eligible
2026-05-09,6704,2,378,0.8979,Low Coverage,Moderate,100.0,Not Eligible
2026-05-09,6705,2,997,0.827,Low Coverage,Moderate,100.0,Not Eligible
2026-05-09,6706,2,632,0.8995,Low Coverage,Moderate,100.0,Not Eligible
2026-05-09,6707,2,166,1.0223,Low Coverage,Volatile,100.0,Not Eligible
2026-05-09,6708,2,124,0.8896,Low Coverage,Moderate,100.0,Not Eligible
2026-05-09,6712,2,884,0.8991,Low Coverage,Moderate,100.0,Not Eligible
2026-05-09,6713,2,148,0.6307,Low Coverage,Moderate,100.0,Not Eligible
2026-05-09,6715,2,410,0.7933,Low Coverage,Moderate,100.0,Not Eligible
2026-05-09,6722,2,146,0.6587,Low Coverage,Moderate,100.0,Not Eligible
2026-05-09,6723,2,138,0.9428,Low Coverage,Moderate,100.0,Not Eligible
2026-05-09,6724,2,364,0.9091,Low Coverage,Moderate,100.0,Not Eligible
2026-05-09,6725,2,112,1.0354,Low Coverage,Volatile,100.0,Not Eligible
2026-05-09,6726,2,242,0.8181,Low Coverage,Moderate,100.0,Not Eligible
2026-05-09,6727,2,282,0.9528,Low Coverage,Moderate,100.0,Not Eligible
2026-05-09,6728,2,705,0.8606,Low Coverage,Moderate,100.0,Not Eligible
2026-05-09,6730,2,187,0.8243,Low Coverage,Moderate,100.0,Not Eligible
2026-05-09,6737,2,377,0.724,Low Coverage,Moderate,100.0,Not Eligible
2026-05-09,6738,2,1009,0.9068,Low Coverage,Moderate,100.0,Not Eligible
2026-05-09,6741,2,324,0.8119,Low Coverage,Moderate,100.0,Not Eligible
2026-05-09,6747,2,280,0.899,Low Coverage,Moderate,100.0,Not Eligible
2026-05-09,6748,2,358,0.6874,Low Coverage,Moderate,100.0,Not Eligible
2026-05-09,6749,2,508,0.902,Low Coverage,Moderate,100.0,Not Eligible
2026-05-09,6779,2,107,0.8062,Low Coverage,Moderate,100.0,Not Eligible
2026-05-09,6780,2,64,0.4419,Low Coverage,Stable,100.0,Not Eligible
2026-05-09,6790,2,66,1.0714,Low Coverage,Volatile,100.0,Not Eligible
2026-05-09,6796,2,260,0.9138,Low Coverage,Moderate,100.0,Not Eligible
2026-05-09,6806,2,109,0.6876,Low Coverage,Moderate,100.0,Not Eligible
2026-05-09,6811,1,15,0.0,Low Coverage,Stable,100.0,Not Eligible
2026-05-09,6817,2,195,0.9211,Low Coverage,Moderate,100.0,Not Eligible
2026-05-09,6818,2,130,0.9138,Low Coverage,Moderate,100.0,Not Eligible
2026-05-09,6819,2,379,0.8993,Low Coverage,Moderate,100.0,Not Eligible
2026-05-09,6821,2,383,0.9194,Low Coverage,Moderate,100.0,Not Eligible
2026-05-09,6822,1,1,0.0,Low Coverage,Stable,100.0,Not Eligible
2026-05-09,6828,2,130,0.9138,Low Coverage,Moderate,100.0,Not Eligible
2026-05-09,6834,1,18,0.0,Low Coverage,Stable,100.0,Not Eligible
2026-05-09,7321,2,292,0.9686,Low Coverage,Moderate,100.0,Not Eligible
2026-05-09,8290,2,158,0.8235,Low Coverage,Moderate,100.0,Not Eligible
2026-05-10,11201,1,4,0.0,Low Coverage,Stable,100.0,Not Eligible
2026-05-10,11692,1,8,0.0,Low Coverage,Stable,100.0,Not Eligible
2026-05-10,12940,1,4,0.0,Low Coverage,Stable,100.0,Not Eligible
2026-05-10,16717,1,16,0.0,Low Coverage,Stable,100.0,Not Eligible
2026-05-10,16718,1,12,0.0,Low Coverage,Stable,100.0,Not Eligible
2026-05-10,16719,1,4,0.0,Low Coverage,Stable,100.0,Not Eligible
2026-05-10,18705,1,8,0.0,Low Coverage,Stable,100.0,Not Eligible
2026-05-10,22638,1,8,0.0,Low Coverage,Stable,100.0,Not Eligible
2026-05-10,23384,1,8,0.0,Low Coverage,Stable,100.0,Not Eligible
2026-05-10,29038,1,6,0.0,Low Coverage,Stable,100.0,Not Eligible
2026-05-10,30036,1,4,0.0,Low Coverage,Stable,100.0,Not Eligible
2026-05-10,30037,1,8,0.0,Low Coverage,Stable,100.0,Not Eligible
2026-05-10,30040,1,8,0.0,Low Coverage,Stable,100.0,Not Eligible
2026-05-10,30044,1,4,0.0,Low Coverage,Stable,100.0,Not Eligible
2026-05-10,30046,1,12,0.0,Low Coverage,Stable,100.0,Not Eligible
2026-05-10,30047,1,4,0.0,Low Coverage,Stable,100.0,Not Eligible
2026-05-10,30055,1,12,0.0,Low Coverage,Stable,100.0,Not Eligible
2026-05-10,30584,1,2,0.0,Low Coverage,Stable,100.0,Not Eligible
2026-05-10,31818,1,4,0.0,Low Coverage,Stable,100.0,Not Eligible
2026-05-10,32799,1,12,0.0,Low Coverage,Stable,100.0,Not Eligible
2026-05-10,33538,1,8,0.0,Low Coverage,Stable,100.0,Not Eligible
2026-05-10,34542,1,12,0.0,Low Coverage,Stable,100.0,Not Eligible
2026-05-10,34543,1,4,0.0,Low Coverage,Stable,100.0,Not Eligible
2026-05-10,36799,1,4,0.0,Low Coverage,Stable,100.0,Not Eligible
2026-05-10,37807,1,28,0.0,Low Coverage,Stable,100.0,Not Eligible
2026-05-10,37808,1,16,0.0,Low Coverage,Stable,100.0,Not Eligible
2026-05-10,37809,1,16,0.0,Low Coverage,Stable,100.0,Not Eligible
2026-05-10,37810,1,24,0.0,Low Coverage,Stable,100.0,Not Eligible
2026-05-10,38311,1,16,0.0,Low Coverage,Stable,100.0,Not Eligible
2026-05-10,39307,1,4,0.0,Low Coverage,Stable,100.0,Not Eligible
2026-05-10,40855,1,8,0.0,Low Coverage,Stable,100.0,Not Eligible
2026-05-10,46099,1,4,0.0,Low Coverage,Stable,100.0,Not Eligible
2026-05-10,46604,1,20,0.0,Low Coverage,Stable,100.0,Not Eligible
2026-05-10,6612,1,20,0.0,Low Coverage,Stable,100.0,Not Eligible
2026-05-10,6613,1,20,0.0,Low Coverage,Stable,100.0,Not Eligible
2026-05-10,6614,1,16,0.0,Low Coverage,Stable,100.0,Not Eligible
2026-05-10,6615,1,10,0.0,Low Coverage,Stable,100.0,Not Eligible
2026-05-10,6616,1,10,0.0,Low Coverage,Stable,100.0,Not Eligible
2026-05-10,6617,1,28,0.0,Low Coverage,Stable,100.0,Not Eligible
2026-05-10,6618,1,20,0.0,Low Coverage,Stable,100.0,Not Eligible
2026-05-10,6619,1,28,0.0,Low Coverage,Stable,100.0,Not Eligible
2026-05-10,6620,1,16,0.0,Low Coverage,Stable,100.0,Not Eligible
2026-05-10,6621,1,12,0.0,Low Coverage,Stable,100.0,Not Eligible
2026-05-10,6622,1,24,0.0,Low Coverage,Stable,100.0,Not Eligible
2026-05-10,6623,1,12,0.0,Low Coverage,Stable,100.0,Not Eligible
2026-05-10,6624,1,28,0.0,Low Coverage,Stable,100.0,Not Eligible
2026-05-10,6625,1,20,0.0,Low Coverage,Stable,100.0,Not Eligible
2026-05-10,6626,1,16,0.0,Low Coverage,Stable,100.0,Not Eligible
2026-05-10,6627,1,19,0.0,Low Coverage,Stable,100.0,Not Eligible
2026-05-10,6629,1,4,0.0,Low Coverage,Stable,100.0,Not Eligible
2026-05-10,6630,1,12,0.0,Low Coverage,Stable,100.0,Not Eligible
2026-05-10,6631,1,4,0.0,Low Coverage,Stable,100.0,Not Eligible
2026-05-10,6633,1,12,0.0,Low Coverage,Stable,100.0,Not Eligible
2026-05-10,6636,1,24,0.0,Low Coverage,Stable,100.0,Not Eligible
2026-05-10,6637,1,4,0.0,Low Coverage,Stable,100.0,Not Eligible
2026-05-10,6641,1,32,0.0,Low Coverage,Stable,100.0,Not Eligible
2026-05-10,6642,1,20,0.0,Low Coverage,Stable,100.0,Not Eligible
2026-05-10,6643,1,4,0.0,Low Coverage,Stable,100.0,Not Eligible
2026-05-10,6644,1,4,0.0,Low Coverage,Stable,100.0,Not Eligible
2026-05-10,6645,1,8,0.0,Low Coverage,Stable,100.0,Not Eligible
2026-05-10,6646,1,8,0.0,Low Coverage,Stable,100.0,Not Eligible
2026-05-10,6647,1,4,0.0,Low Coverage,Stable,100.0,Not Eligible
2026-05-10,6648,1,4,0.0,Low Coverage,Stable,100.0,Not Eligible
2026-05-10,6649,1,12,0.0,Low Coverage,Stable,100.0,Not Eligible
2026-05-10,6650,1,8,0.0,Low Coverage,Stable,100.0,Not Eligible
2026-05-10,6651,1,8,0.0,Low Coverage,Stable,100.0,Not Eligible
2026-05-10,6652,1,4,0.0,Low Coverage,Stable,100.0,Not Eligible
2026-05-10,6654,1,8,0.0,Low Coverage,Stable,100.0,Not Eligible
2026-05-10,6657,1,4,0.0,Low Coverage,Stable,100.0,Not Eligible
2026-05-10,6658,1,4,0.0,Low Coverage,Stable,100.0,Not Eligible
2026-05-10,6659,1,8,0.0,Low Coverage,Stable,100.0,Not Eligible
2026-05-10,6660,1,4,0.0,Low Coverage,Stable,100.0,Not Eligible
2026-05-10,6662,1,8,0.0,Low Coverage,Stable,100.0,Not Eligible
2026-05-10,6663,1,4,0.0,Low Coverage,Stable,100.0,Not Eligible
2026-05-10,6664,1,4,0.0,Low Coverage,Stable,100.0,Not Eligible
2026-05-10,6665,1,4,0.0,Low Coverage,Stable,100.0,Not Eligible
2026-05-10,6666,1,4,0.0,Low Coverage,Stable,100.0,Not Eligible
2026-05-10,6667,1,16,0.0,Low Coverage,Stable,100.0,Not Eligible
2026-05-10,6668,1,8,0.0,Low Coverage,Stable,100.0,Not Eligible
2026-05-10,6673,1,8,0.0,Low Coverage,Stable,100.0,Not Eligible
2026-05-10,6676,1,8,0.0,Low Coverage,Stable,100.0,Not Eligible
2026-05-10,6677,1,8,0.0,Low Coverage,Stable,100.0,Not Eligible
2026-05-10,6678,1,4,0.0,Low Coverage,Stable,100.0,Not Eligible
2026-05-10,6680,1,4,0.0,Low Coverage,Stable,100.0,Not Eligible
2026-05-10,6682,1,16,0.0,Low Coverage,Stable,100.0,Not Eligible
2026-05-10,6687,1,12,0.0,Low Coverage,Stable,100.0,Not Eligible
2026-05-10,6688,1,3,0.0,Low Coverage,Stable,100.0,Not Eligible
2026-05-10,6692,1,8,0.0,Low Coverage,Stable,100.0,Not Eligible
2026-05-10,6700,1,12,0.0,Low Coverage,Stable,100.0,Not Eligible
2026-05-10,6701,1,4,0.0,Low Coverage,Stable,100.0,Not Eligible
2026-05-10,6703,1,24,0.0,Low Coverage,Stable,100.0,Not Eligible
2026-05-10,6704,1,12,0.0,Low Coverage,Stable,100.0,Not Eligible
2026-05-10,6705,1,22,0.0,Low Coverage,Stable,100.0,Not Eligible
2026-05-10,6706,1,20,0.0,Low Coverage,Stable,100.0,Not Eligible
2026-05-10,6707,1,4,0.0,Low Coverage,Stable,100.0,Not Eligible
2026-05-10,6708,1,4,0.0,Low Coverage,Stable,100.0,Not Eligible
2026-05-10,6712,1,20,0.0,Low Coverage,Stable,100.0,Not Eligible
2026-05-10,6713,1,4,0.0,Low Coverage,Stable,100.0,Not Eligible
2026-05-10,6715,1,12,0.0,Low Coverage,Stable,100.0,Not Eligible
2026-05-10,6722,1,4,0.0,Low Coverage,Stable,100.0,Not Eligible
2026-05-10,6723,1,4,0.0,Low Coverage,Stable,100.0,Not Eligible
2026-05-10,6724,1,8,0.0,Low Coverage,Stable,100.0,Not Eligible
2026-05-10,6725,1,4,0.0,Low Coverage,Stable,100.0,Not Eligible
2026-05-10,6726,1,4,0.0,Low Coverage,Stable,100.0,Not Eligible
2026-05-10,6727,1,8,0.0,Low Coverage,Stable,100.0,Not Eligible
2026-05-10,6728,1,16,0.0,Low Coverage,Stable,100.0,Not Eligible
2026-05-10,6737,1,4,0.0,Low Coverage,Stable,100.0,Not Eligible
2026-05-10,6738,1,28,0.0,Low Coverage,Stable,100.0,Not Eligible
2026-05-10,6741,1,8,0.0,Low Coverage,Stable,100.0,Not Eligible
2026-05-10,6748,1,4,0.0,Low Coverage,Stable,100.0,Not Eligible
2026-05-10,6749,1,16,0.0,Low Coverage,Stable,100.0,Not Eligible
2026-05-10,6790,1,4,0.0,Low Coverage,Stable,100.0,Not Eligible
2026-05-10,6796,1,4,0.0,Low Coverage,Stable,100.0,Not Eligible
2026-05-10,6818,1,4,0.0,Low Coverage,Stable,100.0,Not Eligible
2026-05-10,6819,1,5,0.0,Low Coverage,Stable,100.0,Not Eligible
2026-05-10,6821,1,10,0.0,Low Coverage,Stable,100.0,Not Eligible
2026-05-10,6834,1,4,0.0,Low Coverage,Stable,100.0,Not Eligible
2026-05-10,7321,1,8,0.0,Low Coverage,Stable,100.0,Not Eligible
2026-05-10,8290,1,8,0.0,Low Coverage,Stable,100.0,Not Eligible
2026-05-14,10232,10,745,0.6993,Medium Coverage,Moderate,100.0,Not Eligible
2026-05-14,11201,10,6183,0.7421,Medium Coverage,Moderate,100.0,Not Eligible
2026-05-14,11692,10,5993,0.7615,Medium Coverage,Moderate,100.0,Not Eligible
2026-05-14,11693,10,3921,0.7007,Medium Coverage,Moderate,100.0,Not Eligible
2026-05-14,11696,10,2639,0.6999,Medium Coverage,Moderate,100.0,Not Eligible
2026-05-14,12940,10,2704,0.7534,Medium Coverage,Moderate,100.0,Not Eligible
2026-05-14,13684,10,1191,0.7379,Medium Coverage,Moderate,100.0,Not Eligible
2026-05-14,16717,2,91,0.9169,Low Coverage,Moderate,100.0,Not Eligible
2026-05-14,16718,10,11247,0.7724,Medium Coverage,Moderate,100.0,Not Eligible
2026-05-14,16719,10,1649,0.8174,Medium Coverage,Moderate,100.0,Not Eligible
2026-05-14,17707,10,2832,0.7235,Medium Coverage,Moderate,100.0,Not Eligible
2026-05-14,18213,4,230,0.8494,Low Coverage,Moderate,100.0,Not Eligible
2026-05-14,18705,10,4802,0.7744,Medium Coverage,Moderate,100.0,Not Eligible
2026-05-14,20667,10,3164,0.8155,Medium Coverage,Moderate,100.0,Not Eligible
2026-05-14,22638,10,3178,0.8037,Medium Coverage,Moderate,100.0,Not Eligible
2026-05-14,22639,10,1355,0.7173,Medium Coverage,Moderate,100.0,Not Eligible
2026-05-14,23384,10,13388,0.7939,Medium Coverage,Moderate,100.0,Not Eligible
2026-05-14,29038,10,5810,0.7415,Medium Coverage,Moderate,100.0,Not Eligible
2026-05-14,30036,10,1328,0.8722,Medium Coverage,Moderate,100.0,Not Eligible
2026-05-14,30037,10,1850,0.8358,Medium Coverage,Moderate,100.0,Not Eligible
2026-05-14,30038,10,2322,0.8573,Medium Coverage,Moderate,100.0,Not Eligible
2026-05-14,30039,10,3048,0.834,Medium Coverage,Moderate,100.0,Not Eligible
2026-05-14,30040,10,2643,0.8253,Medium Coverage,Moderate,100.0,Not Eligible
2026-05-14,30041,5,1390,0.7267,Low Coverage,Moderate,100.0,Not Eligible
2026-05-14,30043,10,3514,0.7136,Medium Coverage,Moderate,100.0,Not Eligible
2026-05-14,30044,10,912,0.794,Medium Coverage,Moderate,100.0,Not Eligible
2026-05-14,30045,10,2012,0.7294,Medium Coverage,Moderate,100.0,Not Eligible
2026-05-14,30046,10,3583,0.8383,Medium Coverage,Moderate,100.0,Not Eligible
2026-05-14,30047,10,1585,0.8786,Medium Coverage,Moderate,100.0,Not Eligible
2026-05-14,30048,10,1415,0.8459,Medium Coverage,Moderate,100.0,Not Eligible
2026-05-14,30049,10,1983,0.8604,Medium Coverage,Moderate,100.0,Not Eligible
2026-05-14,30050,10,1861,0.7988,Medium Coverage,Moderate,100.0,Not Eligible
2026-05-14,30051,9,861,0.6244,Low Coverage,Moderate,100.0,Not Eligible
2026-05-14,30055,10,4158,0.7264,Medium Coverage,Moderate,100.0,Not Eligible
2026-05-14,30584,10,1279,0.7217,Medium Coverage,Moderate,100.0,Not Eligible
2026-05-14,31816,10,1425,0.724,Medium Coverage,Moderate,100.0,Not Eligible
2026-05-14,31817,10,1344,0.7362,Medium Coverage,Moderate,100.0,Not Eligible
2026-05-14,31818,10,719,0.6897,Medium Coverage,Moderate,100.0,Not Eligible
2026-05-14,31819,10,2124,0.7109,Medium Coverage,Moderate,100.0,Not Eligible
2026-05-14,31821,10,922,0.8087,Medium Coverage,Moderate,100.0,Not Eligible
2026-05-14,31822,9,1014,0.7633,Low Coverage,Moderate,100.0,Not Eligible
2026-05-14,32799,10,3841,0.7247,Medium Coverage,Moderate,100.0,Not Eligible
2026-05-14,33292,10,2628,0.86,Medium Coverage,Moderate,100.0,Not Eligible
2026-05-14,33538,10,2090,0.7131,Medium Coverage,Moderate,100.0,Not Eligible
2026-05-14,34042,10,1233,0.8289,Medium Coverage,Moderate,100.0,Not Eligible
2026-05-14,34043,9,1412,0.79,Low Coverage,Moderate,100.0,Not Eligible
2026-05-14,34540,10,758,0.7399,Medium Coverage,Moderate,100.0,Not Eligible
2026-05-14,34541,10,954,0.7884,Medium Coverage,Moderate,100.0,Not Eligible
2026-05-14,34542,10,3884,0.7351,Medium Coverage,Moderate,100.0,Not Eligible
2026-05-14,34543,10,3715,0.7537,Medium Coverage,Moderate,100.0,Not Eligible
2026-05-14,36799,10,1809,0.8635,Medium Coverage,Moderate,100.0,Not Eligible
2026-05-14,37807,10,10636,0.8408,Medium Coverage,Moderate,100.0,Not Eligible
2026-05-14,37808,10,6792,0.74,Medium Coverage,Moderate,100.0,Not Eligible
2026-05-14,37809,10,5533,0.7861,Medium Coverage,Moderate,100.0,Not Eligible
2026-05-14,37810,10,16504,0.8603,Medium Coverage,Moderate,100.0,Not Eligible
2026-05-14,38311,10,5103,0.7714,Medium Coverage,Moderate,100.0,Not Eligible
2026-05-14,39304,10,1739,0.832,Medium Coverage,Moderate,100.0,Not Eligible
2026-05-14,39305,5,4111,0.5974,Low Coverage,Moderate,100.0,Not Eligible
2026-05-14,39307,10,2277,0.7835,Medium Coverage,Moderate,100.0,Not Eligible
2026-05-14,40855,10,1947,0.7617,Medium Coverage,Moderate,100.0,Not Eligible
2026-05-14,45596,8,1143,0.6728,Low Coverage,Moderate,100.0,Not Eligible
2026-05-14,46099,10,1387,0.7601,Medium Coverage,Moderate,100.0,Not Eligible
2026-05-14,46604,10,7323,0.7358,Medium Coverage,Moderate,100.0,Not Eligible
2026-05-14,48855,10,1226,0.7326,Medium Coverage,Moderate,100.0,Not Eligible
2026-05-14,6612,10,6167,0.7519,Medium Coverage,Moderate,100.0,Not Eligible
2026-05-14,6613,10,6514,0.7388,Medium Coverage,Moderate,100.0,Not Eligible
2026-05-14,6614,10,9171,0.7847,Medium Coverage,Moderate,100.0,Not Eligible
2026-05-14,6615,10,5829,0.8265,Medium Coverage,Moderate,100.0,Not Eligible
2026-05-14,6616,10,5582,0.8266,Medium Coverage,Moderate,100.0,Not Eligible
2026-05-14,6617,10,9456,0.7514,Medium Coverage,Moderate,100.0,Not Eligible
2026-05-14,6618,10,5929,0.7213,Medium Coverage,Moderate,100.0,Not Eligible
2026-05-14,6619,10,9087,0.8164,Medium Coverage,Moderate,100.0,Not Eligible
2026-05-14,6620,10,6413,0.7301,Medium Coverage,Moderate,100.0,Not Eligible
2026-05-14,6621,10,3128,0.737,Medium Coverage,Moderate,100.0,Not Eligible
2026-05-14,6622,10,15201,0.7692,Medium Coverage,Moderate,100.0,Not Eligible
2026-05-14,6623,10,5661,0.7509,Medium Coverage,Moderate,100.0,Not Eligible
2026-05-14,6624,10,10704,0.7258,Medium Coverage,Moderate,100.0,Not Eligible
2026-05-14,6625,10,7390,0.7295,Medium Coverage,Moderate,100.0,Not Eligible
2026-05-14,6626,10,6949,0.7587,Medium Coverage,Moderate,100.0,Not Eligible
2026-05-14,6627,10,12420,0.8132,Medium Coverage,Moderate,100.0,Not Eligible
2026-05-14,6628,10,3752,0.7816,Medium Coverage,Moderate,100.0,Not Eligible
2026-05-14,6629,10,2710,0.7777,Medium Coverage,Moderate,100.0,Not Eligible
2026-05-14,6630,10,4312,0.7169,Medium Coverage,Moderate,100.0,Not Eligible
2026-05-14,6631,10,1733,0.7777,Medium Coverage,Moderate,100.0,Not Eligible
2026-05-14,6633,10,5334,0.7232,Medium Coverage,Moderate,100.0,Not Eligible
2026-05-14,6635,9,3868,0.8165,Low Coverage,Moderate,100.0,Not Eligible
2026-05-14,6636,10,17742,0.7796,Medium Coverage,Moderate,100.0,Not Eligible
2026-05-14,6637,10,3500,0.7105,Medium Coverage,Moderate,100.0,Not Eligible
2026-05-14,6638,10,4862,0.7357,Medium Coverage,Moderate,100.0,Not Eligible
2026-05-14,6641,10,19444,0.8051,Medium Coverage,Moderate,100.0,Not Eligible
2026-05-14,6642,10,8383,0.8134,Medium Coverage,Moderate,100.0,Not Eligible
2026-05-14,6643,10,3351,0.8034,Medium Coverage,Moderate,100.0,Not Eligible
2026-05-14,6644,10,2905,0.864,Medium Coverage,Moderate,100.0,Not Eligible
2026-05-14,6645,10,5595,0.7556,Medium Coverage,Moderate,100.0,Not Eligible
2026-05-14,6646,10,4025,0.8122,Medium Coverage,Moderate,100.0,Not Eligible
2026-05-14,6647,10,2580,0.71,Medium Coverage,Moderate,100.0,Not Eligible
2026-05-14,6648,10,4145,0.9316,Medium Coverage,Moderate,100.0,Not Eligible
2026-05-14,6649,10,6078,0.7759,Medium Coverage,Moderate,100.0,Not Eligible
2026-05-14,6650,10,3545,0.868,Medium Coverage,Moderate,100.0,Not Eligible
2026-05-14,6651,10,8012,0.7135,Medium Coverage,Moderate,100.0,Not Eligible
2026-05-14,6652,10,1895,0.7156,Medium Coverage,Moderate,100.0,Not Eligible
2026-05-14,6654,10,1933,0.7477,Medium Coverage,Moderate,100.0,Not Eligible
2026-05-14,6656,10,1303,0.7402,Medium Coverage,Moderate,100.0,Not Eligible
2026-05-14,6657,10,5830,0.7494,Medium Coverage,Moderate,100.0,Not Eligible
2026-05-14,6658,10,2855,0.7691,Medium Coverage,Moderate,100.0,Not Eligible
2026-05-14,6659,10,1655,0.7387,Medium Coverage,Moderate,100.0,Not Eligible
2026-05-14,6660,10,3350,0.8418,Medium Coverage,Moderate,100.0,Not Eligible
2026-05-14,6661,10,2972,0.787,Medium Coverage,Moderate,100.0,Not Eligible
2026-05-14,6662,10,2627,0.8478,Medium Coverage,Moderate,100.0,Not Eligible
2026-05-14,6663,10,2344,0.809,Medium Coverage,Moderate,100.0,Not Eligible
2026-05-14,6664,10,2453,0.7165,Medium Coverage,Moderate,100.0,Not Eligible
2026-05-14,6665,10,2129,0.707,Medium Coverage,Moderate,100.0,Not Eligible
2026-05-14,6666,10,4245,0.8295,Medium Coverage,Moderate,100.0,Not Eligible
2026-05-14,6667,10,7935,0.7203,Medium Coverage,Moderate,100.0,Not Eligible
2026-05-14,6668,10,1868,0.7364,Medium Coverage,Moderate,100.0,Not Eligible
2026-05-14,6672,10,4727,0.8262,Medium Coverage,Moderate,100.0,Not Eligible
2026-05-14,6673,10,3972,0.8312,Medium Coverage,Moderate,100.0,Not Eligible
2026-05-14,6674,10,1410,0.7619,Medium Coverage,Moderate,100.0,Not Eligible
2026-05-14,6675,10,1156,0.8926,Medium Coverage,Moderate,100.0,Not Eligible
2026-05-14,6676,10,2768,0.8246,Medium Coverage,Moderate,100.0,Not Eligible
2026-05-14,6677,10,2881,0.813,Medium Coverage,Moderate,100.0,Not Eligible
2026-05-14,6678,10,2359,0.8524,Medium Coverage,Moderate,100.0,Not Eligible
2026-05-14,6679,10,2833,0.734,Medium Coverage,Moderate,100.0,Not Eligible
2026-05-14,6680,10,3035,0.7595,Medium Coverage,Moderate,100.0,Not Eligible
2026-05-14,6682,10,8076,0.7768,Medium Coverage,Moderate,100.0,Not Eligible
2026-05-14,6683,6,1398,0.7041,Low Coverage,Moderate,100.0,Not Eligible
2026-05-14,6685,10,3289,0.8734,Medium Coverage,Moderate,100.0,Not Eligible
2026-05-14,6686,4,444,0.6524,Low Coverage,Moderate,100.0,Not Eligible
2026-05-14,6687,10,10254,0.7949,Medium Coverage,Moderate,100.0,Not Eligible
2026-05-14,6688,10,1178,0.8314,Medium Coverage,Moderate,100.0,Not Eligible
2026-05-14,6689,7,1044,0.4841,Low Coverage,Stable,100.0,Not Eligible
2026-05-14,6690,9,1758,0.8008,Low Coverage,Moderate,100.0,Not Eligible
2026-05-14,6691,10,1264,0.9776,Medium Coverage,Moderate,100.0,Not Eligible
2026-05-14,6692,10,3823,0.7245,Medium Coverage,Moderate,100.0,Not Eligible
2026-05-14,6693,10,4649,0.7288,Medium Coverage,Moderate,100.0,Not Eligible
2026-05-14,6698,10,5301,0.8279,Medium Coverage,Moderate,100.0,Not Eligible
2026-05-14,6699,5,1265,0.2468,Low Coverage,Stable,100.0,Not Eligible
2026-05-14,6700,10,3117,0.773,Medium Coverage,Moderate,100.0,Not Eligible
2026-05-14,6701,10,1558,0.8472,Medium Coverage,Moderate,100.0,Not Eligible
2026-05-14,6702,10,2295,0.727,Medium Coverage,Moderate,100.0,Not Eligible
2026-05-14,6703,10,5795,0.7417,Medium Coverage,Moderate,100.0,Not Eligible
2026-05-14,6704,10,7838,0.7826,Medium Coverage,Moderate,100.0,Not Eligible
2026-05-14,6705,10,12471,0.7575,Medium Coverage,Moderate,100.0,Not Eligible
2026-05-14,6706,10,8269,0.7598,Medium Coverage,Moderate,100.0,Not Eligible
2026-05-14,6707,10,4655,0.7928,Medium Coverage,Moderate,100.0,Not Eligible
2026-05-14,6708,10,3150,0.7892,Medium Coverage,Moderate,100.0,Not Eligible
2026-05-14,6709,10,2092,0.8569,Medium Coverage,Moderate,100.0,Not Eligible
2026-05-14,6710,8,625,0.79,Low Coverage,Moderate,100.0,Not Eligible
2026-05-14,6712,10,11082,0.822,Medium Coverage,Moderate,100.0,Not Eligible
2026-05-14,6713,10,3766,0.8221,Medium Coverage,Moderate,100.0,Not Eligible
2026-05-14,6714,10,5754,0.828,Medium Coverage,Moderate,100.0,Not Eligible
2026-05-14,6715,10,7222,0.7593,Medium Coverage,Moderate,100.0,Not Eligible
2026-05-14,6716,5,1368,0.3417,Low Coverage,Stable,100.0,Not Eligible
2026-05-14,6717,5,1270,0.8919,Low Coverage,Moderate,100.0,Not Eligible
2026-05-14,6718,4,437,0.4938,Low Coverage,Stable,100.0,Not Eligible
2026-05-14,6719,4,638,0.5232,Low Coverage,Moderate,100.0,Not Eligible
2026-05-14,6720,5,1922,0.2644,Low Coverage,Stable,100.0,Not Eligible
2026-05-14,6721,6,1564,0.7077,Low Coverage,Moderate,100.0,Not Eligible
2026-05-14,6722,10,3548,0.7144,Medium Coverage,Moderate,100.0,Not Eligible
2026-05-14,6723,10,3036,0.8088,Medium Coverage,Moderate,100.0,Not Eligible
2026-05-14,6724,10,4908,0.7479,Medium Coverage,Moderate,100.0,Not Eligible
2026-05-14,6725,10,1980,0.7133,Medium Coverage,Moderate,100.0,Not Eligible
2026-05-14,6726,10,3257,0.7333,Medium Coverage,Moderate,100.0,Not Eligible
2026-05-14,6727,10,4703,0.7658,Medium Coverage,Moderate,100.0,Not Eligible
2026-05-14,6728,10,9347,0.7793,Medium Coverage,Moderate,100.0,Not Eligible
2026-05-14,6730,10,7006,0.8234,Medium Coverage,Moderate,100.0,Not Eligible
2026-05-14,6737,10,6983,0.8357,Medium Coverage,Moderate,100.0,Not Eligible
2026-05-14,6738,10,8450,0.7614,Medium Coverage,Moderate,100.0,Not Eligible
2026-05-14,6739,5,1382,0.5583,Low Coverage,Moderate,100.0,Not Eligible
2026-05-14,6741,10,5524,0.7461,Medium Coverage,Moderate,100.0,Not Eligible
2026-05-14,6742,4,763,0.4511,Low Coverage,Stable,100.0,Not Eligible
2026-05-14,6743,5,770,0.5223,Low Coverage,Moderate,100.0,Not Eligible
2026-05-14,6744,5,781,0.5764,Low Coverage,Moderate,100.0,Not Eligible
2026-05-14,6745,5,444,0.5605,Low Coverage,Moderate,100.0,Not Eligible
2026-05-14,6747,10,3911,0.7813,Medium Coverage,Moderate,100.0,Not Eligible
2026-05-14,6748,10,5838,0.8488,Medium Coverage,Moderate,100.0,Not Eligible
2026-05-14,6749,10,7108,0.742,Medium Coverage,Moderate,100.0,Not Eligible
2026-05-14,6754,2,107,0.8591,Low Coverage,Moderate,100.0,Not Eligible
2026-05-14,6761,1,49,0.0,Low Coverage,Stable,100.0,Not Eligible
2026-05-14,6762,1,46,0.0,Low Coverage,Stable,100.0,Not Eligible
2026-05-14,6776,8,686,0.5353,Low Coverage,Moderate,100.0,Not Eligible
2026-05-14,6779,10,720,0.7091,Medium Coverage,Moderate,100.0,Not Eligible
2026-05-14,6780,10,1614,0.8447,Medium Coverage,Moderate,100.0,Not Eligible
2026-05-14,6790,10,1098,0.7605,Medium Coverage,Moderate,100.0,Not Eligible
2026-05-14,6796,10,1421,0.7064,Medium Coverage,Moderate,100.0,Not Eligible
2026-05-14,6799,10,1519,0.7625,Medium Coverage,Moderate,100.0,Not Eligible
2026-05-14,6800,10,1468,0.7978,Medium Coverage,Moderate,100.0,Not Eligible
2026-05-14,6804,8,380,0.9165,Low Coverage,Moderate,100.0,Not Eligible
2026-05-14,6805,8,582,0.5844,Low Coverage,Moderate,100.0,Not Eligible
2026-05-14,6806,10,1768,0.8158,Medium Coverage,Moderate,100.0,Not Eligible
2026-05-14,6811,10,703,0.7159,Medium Coverage,Moderate,100.0,Not Eligible
2026-05-14,6817,10,2830,0.834,Medium Coverage,Moderate,100.0,Not Eligible
2026-05-14,6818,10,1810,0.7508,Medium Coverage,Moderate,100.0,Not Eligible
2026-05-14,6819,10,5563,0.801,Medium Coverage,Moderate,100.0,Not Eligible
2026-05-14,6821,10,6269,0.7718,Medium Coverage,Moderate,100.0,Not Eligible
2026-05-14,6822,10,3755,0.8191,Medium Coverage,Moderate,100.0,Not Eligible
2026-05-14,6823,9,579,0.7057,Low Coverage,Moderate,100.0,Not Eligible
2026-05-14,6825,10,721,0.7094,Medium Coverage,Moderate,100.0,Not Eligible
2026-05-14,6827,9,1277,0.6488,Low Coverage,Moderate,100.0,Not Eligible
2026-05-14,6828,10,1486,0.7035,Medium Coverage,Moderate,100.0,Not Eligible
2026-05-14,6829,5,952,0.2761,Low Coverage,Stable,100.0,Not Eligible
2026-05-14,6843,7,419,0.5472,Low Coverage,Moderate,100.0,Not Eligible
2026-05-14,6844,9,524,0.5909,Low Coverage,Moderate,100.0,Not Eligible
2026-05-14,7224,10,4289,0.8283,Medium Coverage,Moderate,100.0,Not Eligible
2026-05-14,7321,10,3553,0.7105,Medium Coverage,Moderate,100.0,Not Eligible
2026-05-14,7322,9,481,0.8046,Low Coverage,Moderate,100.0,Not Eligible
2026-05-14,8290,10,2766,0.758,Medium Coverage,Moderate,100.0,Not Eligible
2026-05-14,9745,5,1721,0.3957,Low Coverage,Stable,100.0,Not Eligible
2026-05-15,10232,11,695,0.6163,Medium Coverage,Moderate,100.0,Not Eligible
2026-05-15,11201,11,5850,0.647,Medium Coverage,Moderate,100.0,Not Eligible
2026-05-15,11692,11,5634,0.6407,Medium Coverage,Moderate,100.0,Not Eligible
2026-05-15,11693,10,4022,0.5507,Medium Coverage,Moderate,100.0,Not Eligible
2026-05-15,11696,11,2832,0.4222,Medium Coverage,Stable,100.0,Not Eligible
2026-05-15,12940,11,2703,0.6022,Medium Coverage,Moderate,100.0,Not Eligible
2026-05-15,13684,6,688,0.5667,Low Coverage,Moderate,100.0,Not Eligible
2026-05-15,16717,5,1236,0.4549,Low Coverage,Stable,100.0,Not Eligible
2026-05-15,16718,11,9194,0.6519,Medium Coverage,Moderate,100.0,Not Eligible
2026-05-15,16719,11,1383,0.6501,Medium Coverage,Moderate,100.0,Not Eligible
2026-05-15,17707,11,2731,0.5077,Medium Coverage,Moderate,100.0,Not Eligible
2026-05-15,18213,5,255,0.8311,Low Coverage,Moderate,100.0,Not Eligible
2026-05-15,18705,11,4584,0.5822,Medium Coverage,Moderate,100.0,Not Eligible
2026-05-15,20667,11,3077,0.5806,Medium Coverage,Moderate,100.0,Not Eligible
2026-05-15,22638,11,3157,0.4752,Medium Coverage,Stable,100.0,Not Eligible
2026-05-15,22639,9,1100,0.5664,Low Coverage,Moderate,100.0,Not Eligible
2026-05-15,23384,11,14627,0.4998,Medium Coverage,Stable,100.0,Not Eligible
2026-05-15,29038,11,5469,0.5855,Medium Coverage,Moderate,100.0,Not Eligible
2026-05-15,29040,2,35,0.9293,Low Coverage,Moderate,100.0,Not Eligible
2026-05-15,30036,11,1365,0.5848,Medium Coverage,Moderate,100.0,Not Eligible
2026-05-15,30037,11,1626,0.6561,Medium Coverage,Moderate,100.0,Not Eligible
2026-05-15,30038,11,2043,0.7125,Medium Coverage,Moderate,100.0,Not Eligible
2026-05-15,30039,11,2567,0.6949,Medium Coverage,Moderate,100.0,Not Eligible
2026-05-15,30040,11,2472,0.7394,Medium Coverage,Moderate,100.0,Not Eligible
2026-05-15,30041,7,953,0.8462,Low Coverage,Moderate,100.0,Not Eligible
2026-05-15,30043,11,3643,0.5158,Medium Coverage,Moderate,100.0,Not Eligible
2026-05-15,30044,11,863,0.5282,Medium Coverage,Moderate,100.0,Not Eligible
2026-05-15,30045,9,1770,0.5245,Low Coverage,Moderate,100.0,Not Eligible
2026-05-15,30046,11,3566,0.4858,Medium Coverage,Stable,100.0,Not Eligible
2026-05-15,30047,11,1591,0.5315,Medium Coverage,Moderate,100.0,Not Eligible
2026-05-15,30048,11,1440,0.5715,Medium Coverage,Moderate,100.0,Not Eligible
2026-05-15,30049,11,1986,0.6704,Medium Coverage,Moderate,100.0,Not Eligible
2026-05-15,30050,11,1857,0.5137,Medium Coverage,Moderate,100.0,Not Eligible
2026-05-15,30051,11,822,0.6048,Medium Coverage,Moderate,100.0,Not Eligible
2026-05-15,30055,11,4310,0.5189,Medium Coverage,Moderate,100.0,Not Eligible
2026-05-15,30584,11,1489,0.5605,Medium Coverage,Moderate,100.0,Not Eligible
2026-05-15,31816,8,1011,0.5902,Low Coverage,Moderate,100.0,Not Eligible
2026-05-15,31817,8,984,0.6149,Low Coverage,Moderate,100.0,Not Eligible
2026-05-15,31818,8,642,0.3938,Low Coverage,Stable,100.0,Not Eligible
2026-05-15,31819,11,2167,0.4461,Medium Coverage,Stable,100.0,Not Eligible
2026-05-15,31821,9,883,0.3867,Low Coverage,Stable,100.0,Not Eligible
2026-05-15,31822,9,978,0.6226,Low Coverage,Moderate,100.0,Not Eligible
2026-05-15,32799,11,3484,0.5514,Medium Coverage,Moderate,100.0,Not Eligible
2026-05-15,33292,11,2724,0.5076,Medium Coverage,Moderate,100.0,Not Eligible
2026-05-15,33538,11,2006,0.4744,Medium Coverage,Stable,100.0,Not Eligible
2026-05-15,34042,9,1094,0.6814,Low Coverage,Moderate,100.0,Not Eligible
2026-05-15,34043,9,1282,0.5244,Low Coverage,Moderate,100.0,Not Eligible
2026-05-15,34540,10,774,0.5697,Medium Coverage,Moderate,100.0,Not Eligible
2026-05-15,34541,10,873,0.543,Medium Coverage,Moderate,100.0,Not Eligible
2026-05-15,34542,11,4285,0.4644,Medium Coverage,Stable,100.0,Not Eligible
2026-05-15,34543,11,3491,0.5689,Medium Coverage,Moderate,100.0,Not Eligible
2026-05-15,36799,11,1494,0.7128,Medium Coverage,Moderate,100.0,Not Eligible
2026-05-15,37807,11,10028,0.5744,Medium Coverage,Moderate,100.0,Not Eligible
2026-05-15,37808,11,6753,0.4993,Medium Coverage,Stable,100.0,Not Eligible
2026-05-15,37809,11,5474,0.4291,Medium Coverage,Stable,100.0,Not Eligible
2026-05-15,37810,11,15945,0.6622,Medium Coverage,Moderate,100.0,Not Eligible
2026-05-15,38311,11,5049,0.4449,Medium Coverage,Stable,100.0,Not Eligible
2026-05-15,39304,10,1644,0.7049,Medium Coverage,Moderate,100.0,Not Eligible
2026-05-15,39305,7,3627,0.7345,Low Coverage,Moderate,100.0,Not Eligible
2026-05-15,39307,11,2504,0.7188,Medium Coverage,Moderate,100.0,Not Eligible
2026-05-15,40855,11,2062,0.4408,Medium Coverage,Stable,100.0,Not Eligible
2026-05-15,45596,6,781,0.4453,Low Coverage,Stable,100.0,Not Eligible
2026-05-15,46099,11,1480,0.5389,Medium Coverage,Moderate,100.0,Not Eligible
2026-05-15,46604,11,7740,0.4889,Medium Coverage,Stable,100.0,Not Eligible
2026-05-15,48855,8,1275,0.3877,Low Coverage,Stable,100.0,Not Eligible
2026-05-15,6612,11,6171,0.4848,Medium Coverage,Stable,100.0,Not Eligible
2026-05-15,6613,11,6218,0.4516,Medium Coverage,Stable,100.0,Not Eligible
2026-05-15,6614,11,7287,0.6612,Medium Coverage,Moderate,100.0,Not Eligible
2026-05-15,6615,11,5153,0.6206,Medium Coverage,Moderate,100.0,Not Eligible
2026-05-15,6616,11,4741,0.689,Medium Coverage,Moderate,100.0,Not Eligible
2026-05-15,6617,11,8887,0.4848,Medium Coverage,Stable,100.0,Not Eligible
2026-05-15,6618,11,6183,0.4418,Medium Coverage,Stable,100.0,Not Eligible
2026-05-15,6619,11,8405,0.4991,Medium Coverage,Stable,100.0,Not Eligible
2026-05-15,6620,11,6767,0.4701,Medium Coverage,Stable,100.0,Not Eligible
2026-05-15,6621,11,2971,0.5047,Medium Coverage,Moderate,100.0,Not Eligible
2026-05-15,6622,11,13695,0.5673,Medium Coverage,Moderate,100.0,Not Eligible
2026-05-15,6623,11,5323,0.488,Medium Coverage,Stable,100.0,Not Eligible
2026-05-15,6624,11,10341,0.5139,Medium Coverage,Moderate,100.0,Not Eligible
2026-05-15,6625,11,7560,0.4156,Medium Coverage,Stable,100.0,Not Eligible
2026-05-15,6626,11,7614,0.5152,Medium Coverage,Moderate,100.0,Not Eligible
2026-05-15,6627,11,12440,0.6584,Medium Coverage,Moderate,100.0,Not Eligible
2026-05-15,6628,11,3383,0.6159,Medium Coverage,Moderate,100.0,Not Eligible
2026-05-15,6629,11,2513,0.6458,Medium Coverage,Moderate,100.0,Not Eligible
2026-05-15,6630,11,4121,0.5327,Medium Coverage,Moderate,100.0,Not Eligible
2026-05-15,6631,11,1568,0.6566,Medium Coverage,Moderate,100.0,Not Eligible
2026-05-15,6633,11,5250,0.5316,Medium Coverage,Moderate,100.0,Not Eligible
2026-05-15,6635,7,3346,0.677,Low Coverage,Moderate,100.0,Not Eligible
2026-05-15,6636,11,16349,0.6377,Medium Coverage,Moderate,100.0,Not Eligible
2026-05-15,6637,11,3376,0.4902,Medium Coverage,Stable,100.0,Not Eligible
2026-05-15,6638,11,4298,0.6228,Medium Coverage,Moderate,100.0,Not Eligible
2026-05-15,6641,11,16997,0.6628,Medium Coverage,Moderate,100.0,Not Eligible
2026-05-15,6642,11,8036,0.5628,Medium Coverage,Moderate,100.0,Not Eligible
2026-05-15,6643,11,2906,0.577,Medium Coverage,Moderate,100.0,Not Eligible
2026-05-15,6644,11,2874,0.6494,Medium Coverage,Moderate,100.0,Not Eligible
2026-05-15,6645,11,5199,0.5828,Medium Coverage,Moderate,100.0,Not Eligible
2026-05-15,6646,11,4130,0.5382,Medium Coverage,Moderate,100.0,Not Eligible
2026-05-15,6647,11,2334,0.5084,Medium Coverage,Moderate,100.0,Not Eligible
2026-05-15,6648,11,4373,0.6977,Medium Coverage,Moderate,100.0,Not Eligible
2026-05-15,6649,11,5487,0.6194,Medium Coverage,Moderate,100.0,Not Eligible
2026-05-15,6650,11,3606,0.5326,Medium Coverage,Moderate,100.0,Not Eligible
2026-05-15,6651,11,6979,0.6156,Medium Coverage,Moderate,100.0,Not Eligible
2026-05-15,6652,11,2286,0.4813,Medium Coverage,Stable,100.0,Not Eligible
2026-05-15,6654,11,2513,0.4689,Medium Coverage,Stable,100.0,Not Eligible
2026-05-15,6656,8,967,0.6304,Low Coverage,Moderate,100.0,Not Eligible
2026-05-15,6657,11,5067,0.5637,Medium Coverage,Moderate,100.0,Not Eligible
2026-05-15,6658,11,2999,0.5477,Medium Coverage,Moderate,100.0,Not Eligible
2026-05-15,6659,11,1691,0.3885,Medium Coverage,Stable,100.0,Not Eligible
2026-05-15,6660,11,3102,0.6641,Medium Coverage,Moderate,100.0,Not Eligible
2026-05-15,6661,11,3075,0.5835,Medium Coverage,Moderate,100.0,Not Eligible
2026-05-15,6662,11,2721,0.6007,Medium Coverage,Moderate,100.0,Not Eligible
2026-05-15,6663,11,2427,0.4888,Medium Coverage,Stable,100.0,Not Eligible
2026-05-15,6664,11,2598,0.4507,Medium Coverage,Stable,100.0,Not Eligible
2026-05-15,6665,11,2340,0.4044,Medium Coverage,Stable,100.0,Not Eligible
2026-05-15,6666,11,3916,0.6222,Medium Coverage,Moderate,100.0,Not Eligible
2026-05-15,6667,11,7879,0.5384,Medium Coverage,Moderate,100.0,Not Eligible
2026-05-15,6668,11,1881,0.4392,Medium Coverage,Stable,100.0,Not Eligible
2026-05-15,6672,8,4063,0.5988,Low Coverage,Moderate,100.0,Not Eligible
2026-05-15,6673,11,3347,0.687,Medium Coverage,Moderate,100.0,Not Eligible
2026-05-15,6674,11,1473,0.6416,Medium Coverage,Moderate,100.0,Not Eligible
2026-05-15,6675,11,1517,0.6599,Medium Coverage,Moderate,100.0,Not Eligible
2026-05-15,6676,11,2680,0.5944,Medium Coverage,Moderate,100.0,Not Eligible
2026-05-15,6677,11,2675,0.646,Medium Coverage,Moderate,100.0,Not Eligible
2026-05-15,6678,11,2153,0.6004,Medium Coverage,Moderate,100.0,Not Eligible
2026-05-15,6679,11,2436,0.5825,Medium Coverage,Moderate,100.0,Not Eligible
2026-05-15,6680,11,1979,0.6432,Medium Coverage,Moderate,100.0,Not Eligible
2026-05-15,6682,11,7818,0.5687,Medium Coverage,Moderate,100.0,Not Eligible
2026-05-15,6683,8,1846,0.751,Low Coverage,Moderate,100.0,Not Eligible
2026-05-15,6685,11,2775,0.7274,Medium Coverage,Moderate,100.0,Not Eligible
2026-05-15,6686,7,536,0.69,Low Coverage,Moderate,100.0,Not Eligible
2026-05-15,6687,11,9232,0.6258,Medium Coverage,Moderate,100.0,Not Eligible
2026-05-15,6688,11,1148,0.5516,Medium Coverage,Moderate,100.0,Not Eligible
2026-05-15,6689,11,825,0.7838,Medium Coverage,Moderate,100.0,Not Eligible
2026-05-15,6690,11,1391,0.6893,Medium Coverage,Moderate,100.0,Not Eligible
2026-05-15,6691,11,1130,0.7792,Medium Coverage,Moderate,100.0,Not Eligible
2026-05-15,6692,11,3686,0.5185,Medium Coverage,Moderate,100.0,Not Eligible
2026-05-15,6693,11,4600,0.6446,Medium Coverage,Moderate,100.0,Not Eligible
2026-05-15,6698,11,4718,0.5823,Medium Coverage,Moderate,100.0,Not Eligible
2026-05-15,6699,6,1115,0.5928,Low Coverage,Moderate,100.0,Not Eligible
2026-05-15,6700,11,3263,0.4549,Medium Coverage,Stable,100.0,Not Eligible
2026-05-15,6701,11,1626,0.7341,Medium Coverage,Moderate,100.0,Not Eligible
2026-05-15,6702,10,2299,0.674,Medium Coverage,Moderate,100.0,Not Eligible
2026-05-15,6703,11,6455,0.4193,Medium Coverage,Stable,100.0,Not Eligible
2026-05-15,6704,11,6687,0.661,Medium Coverage,Moderate,100.0,Not Eligible
2026-05-15,6705,11,12054,0.5236,Medium Coverage,Moderate,100.0,Not Eligible
2026-05-15,6706,11,8140,0.5108,Medium Coverage,Moderate,100.0,Not Eligible
2026-05-15,6707,11,4175,0.6872,Medium Coverage,Moderate,100.0,Not Eligible
2026-05-15,6708,11,3224,0.5961,Medium Coverage,Moderate,100.0,Not Eligible
2026-05-15,6709,9,2128,0.5561,Low Coverage,Moderate,100.0,Not Eligible
2026-05-15,6710,5,184,0.7142,Low Coverage,Moderate,100.0,Not Eligible
2026-05-15,6712,11,10934,0.5054,Medium Coverage,Moderate,100.0,Not Eligible
2026-05-15,6713,11,3971,0.5019,Medium Coverage,Moderate,100.0,Not Eligible
2026-05-15,6714,9,5315,0.5366,Low Coverage,Moderate,100.0,Not Eligible
2026-05-15,6715,11,6937,0.5511,Medium Coverage,Moderate,100.0,Not Eligible
2026-05-15,6716,7,1265,0.4886,Low Coverage,Stable,100.0,Not Eligible
2026-05-15,6717,6,1266,0.7917,Low Coverage,Moderate,100.0,Not Eligible
2026-05-15,6718,5,351,0.381,Low Coverage,Stable,100.0,Not Eligible
2026-05-15,6719,7,705,0.6352,Low Coverage,Moderate,100.0,Not Eligible
2026-05-15,6720,7,1257,0.8924,Low Coverage,Moderate,100.0,Not Eligible
2026-05-15,6721,7,1192,0.8178,Low Coverage,Moderate,100.0,Not Eligible
2026-05-15,6722,11,3147,0.5705,Medium Coverage,Moderate,100.0,Not Eligible
2026-05-15,6723,11,2823,0.6058,Medium Coverage,Moderate,100.0,Not Eligible
2026-05-15,6724,11,4361,0.5576,Medium Coverage,Moderate,100.0,Not Eligible
2026-05-15,6725,11,1965,0.5357,Medium Coverage,Moderate,100.0,Not Eligible
2026-05-15,6726,11,3136,0.5359,Medium Coverage,Moderate,100.0,Not Eligible
2026-05-15,6727,11,4388,0.4472,Medium Coverage,Stable,100.0,Not Eligible
2026-05-15,6728,11,9885,0.5391,Medium Coverage,Moderate,100.0,Not Eligible
2026-05-15,6730,11,6643,0.6956,Medium Coverage,Moderate,100.0,Not Eligible
2026-05-15,6737,11,6253,0.601,Medium Coverage,Moderate,100.0,Not Eligible
2026-05-15,6738,11,8232,0.5105,Medium Coverage,Moderate,100.0,Not Eligible
2026-05-15,6739,7,1047,0.7639,Low Coverage,Moderate,100.0,Not Eligible
2026-05-15,6741,11,5321,0.5255,Medium Coverage,Moderate,100.0,Not Eligible
2026-05-15,6742,6,609,0.4467,Low Coverage,Stable,100.0,Not Eligible
2026-05-15,6743,8,832,0.8918,Low Coverage,Moderate,100.0,Not Eligible
2026-05-15,6744,6,809,0.5037,Low Coverage,Moderate,100.0,Not Eligible
2026-05-15,6745,3,198,0.2424,Low Coverage,Stable,100.0,Not Eligible
2026-05-15,6746,2,98,0.7793,Low Coverage,Moderate,100.0,Not Eligible
2026-05-15,6747,11,3424,0.6656,Medium Coverage,Moderate,100.0,Not Eligible
2026-05-15,6748,11,5580,0.4879,Medium Coverage,Stable,100.0,Not Eligible
2026-05-15,6749,11,6688,0.4897,Medium Coverage,Stable,100.0,Not Eligible
2026-05-15,6754,2,52,0.8159,Low Coverage,Moderate,100.0,Not Eligible
2026-05-15,6762,2,81,0.2619,Low Coverage,Stable,100.0,Not Eligible
2026-05-15,6776,9,684,0.5044,Low Coverage,Moderate,100.0,Not Eligible
2026-05-15,6779,11,870,0.4151,Medium Coverage,Stable,100.0,Not Eligible
2026-05-15,6780,11,1599,0.6914,Medium Coverage,Moderate,100.0,Not Eligible
2026-05-15,6790,11,1123,0.5486,Medium Coverage,Moderate,100.0,Not Eligible
2026-05-15,6796,11,1594,0.3892,Medium Coverage,Stable,100.0,Not Eligible
2026-05-15,6799,11,1503,0.5006,Medium Coverage,Moderate,100.0,Not Eligible
2026-05-15,6800,10,1370,0.4939,Medium Coverage,Stable,100.0,Not Eligible
2026-05-15,6804,6,307,0.7391,Low Coverage,Moderate,100.0,Not Eligible
2026-05-15,6805,8,342,0.6961,Low Coverage,Moderate,100.0,Not Eligible
2026-05-15,6806,11,1718,0.6136,Medium Coverage,Moderate,100.0,Not Eligible
2026-05-15,6811,11,828,0.3838,Medium Coverage,Stable,100.0,Not Eligible
2026-05-15,6817,11,2865,0.6368,Medium Coverage,Moderate,100.0,Not Eligible
2026-05-15,6818,11,1661,0.6389,Medium Coverage,Moderate,100.0,Not Eligible
2026-05-15,6819,11,5263,0.687,Medium Coverage,Moderate,100.0,Not Eligible
2026-05-15,6821,11,5853,0.6264,Medium Coverage,Moderate,100.0,Not Eligible
2026-05-15,6822,10,2910,0.6065,Medium Coverage,Moderate,100.0,Not Eligible
2026-05-15,6823,6,366,0.7358,Low Coverage,Moderate,100.0,Not Eligible
2026-05-15,6825,5,391,0.347,Low Coverage,Stable,100.0,Not Eligible
2026-05-15,6827,7,1000,0.4725,Low Coverage,Stable,100.0,Not Eligible
2026-05-15,6828,10,1217,0.6138,Medium Coverage,Moderate,100.0,Not Eligible
2026-05-15,6829,7,952,0.4885,Low Coverage,Stable,100.0,Not Eligible
2026-05-15,6841,1,9,0.0,Low Coverage,Stable,100.0,Not Eligible
2026-05-15,6843,6,329,0.7692,Low Coverage,Moderate,100.0,Not Eligible
2026-05-15,6844,6,325,0.4032,Low Coverage,Stable,100.0,Not Eligible
2026-05-15,7224,9,3587,0.562,Low Coverage,Moderate,100.0,Not Eligible
2026-05-15,7321,11,3583,0.5049,Medium Coverage,Moderate,100.0,Not Eligible
2026-05-15,7322,8,387,0.609,Low Coverage,Moderate,100.0,Not Eligible
2026-05-15,8290,11,2704,0.5705,Medium Coverage,Moderate,100.0,Not Eligible
2026-05-15,9745,7,1740,0.5184,Low Coverage,Moderate,100.0,Not Eligible
2026-05-16,10232,9,506,0.7226,Low Coverage,Moderate,100.0,Not Eligible
2026-05-16,11201,10,2599,0.6917,Medium Coverage,Moderate,100.0,Not Eligible
2026-05-16,11202,10,534,0.8083,Medium Coverage,Moderate,100.0,Not Eligible
2026-05-16,11692,10,2996,0.8573,Medium Coverage,Moderate,100.0,Not Eligible
2026-05-16,11696,10,1982,0.7666,Medium Coverage,Moderate,100.0,Not Eligible
2026-05-16,12940,10,1564,0.7425,Medium Coverage,Moderate,100.0,Not Eligible
2026-05-16,13684,8,398,0.7882,Low Coverage,Moderate,100.0,Not Eligible
2026-05-16,16717,3,1050,0.3192,Low Coverage,Stable,100.0,Not Eligible
2026-05-16,16718,10,7532,0.8179,Medium Coverage,Moderate,100.0,Not Eligible
2026-05-16,16719,10,920,0.7763,Medium Coverage,Moderate,100.0,Not Eligible
2026-05-16,17707,10,2037,0.7064,Medium Coverage,Moderate,100.0,Not Eligible
2026-05-16,18705,10,2386,0.7218,Medium Coverage,Moderate,100.0,Not Eligible
2026-05-16,20667,10,1161,0.6917,Medium Coverage,Moderate,100.0,Not Eligible
2026-05-16,22638,10,1711,0.7311,Medium Coverage,Moderate,100.0,Not Eligible
2026-05-16,22639,9,1363,0.9995,Low Coverage,Moderate,100.0,Not Eligible
2026-05-16,23384,10,7493,0.6664,Medium Coverage,Moderate,100.0,Not Eligible
2026-05-16,29038,10,3019,0.7356,Medium Coverage,Moderate,100.0,Not Eligible
2026-05-16,30036,10,594,0.6888,Medium Coverage,Moderate,100.0,Not Eligible
2026-05-16,30037,10,680,0.9626,Medium Coverage,Moderate,100.0,Not Eligible
2026-05-16,30038,10,1055,0.7229,Medium Coverage,Moderate,100.0,Not Eligible
2026-05-16,30039,10,1336,0.7162,Medium Coverage,Moderate,100.0,Not Eligible
2026-05-16,30040,10,1177,0.9185,Medium Coverage,Moderate,100.0,Not Eligible
2026-05-16,30042,7,662,0.8815,Low Coverage,Moderate,100.0,Not Eligible
2026-05-16,30043,10,1935,0.7039,Medium Coverage,Moderate,100.0,Not Eligible
2026-05-16,30044,10,544,0.7166,Medium Coverage,Moderate,100.0,Not Eligible
2026-05-16,30045,9,1150,0.8586,Low Coverage,Moderate,100.0,Not Eligible
2026-05-16,30046,10,1707,0.6734,Medium Coverage,Moderate,100.0,Not Eligible
2026-05-16,30047,10,693,0.7835,Medium Coverage,Moderate,100.0,Not Eligible
2026-05-16,30048,9,628,0.5262,Low Coverage,Moderate,100.0,Not Eligible
2026-05-16,30049,10,976,0.6637,Medium Coverage,Moderate,100.0,Not Eligible
2026-05-16,30050,10,867,0.6419,Medium Coverage,Moderate,100.0,Not Eligible
2026-05-16,30051,10,552,0.7133,Medium Coverage,Moderate,100.0,Not Eligible
2026-05-16,30055,10,3359,0.6838,Medium Coverage,Moderate,100.0,Not Eligible
2026-05-16,30584,10,905,0.7428,Medium Coverage,Moderate,100.0,Not Eligible
2026-05-16,31816,8,461,0.6151,Low Coverage,Moderate,100.0,Not Eligible
2026-05-16,31817,9,468,0.6635,Low Coverage,Moderate,100.0,Not Eligible
2026-05-16,31818,10,582,0.7426,Medium Coverage,Moderate,100.0,Not Eligible
2026-05-16,31819,10,1526,0.6818,Medium Coverage,Moderate,100.0,Not Eligible
2026-05-16,31821,9,462,0.7277,Low Coverage,Moderate,100.0,Not Eligible
2026-05-16,31822,9,409,0.7318,Low Coverage,Moderate,100.0,Not Eligible
2026-05-16,32799,10,2602,0.7155,Medium Coverage,Moderate,100.0,Not Eligible
2026-05-16,33292,10,1313,0.6966,Medium Coverage,Moderate,100.0,Not Eligible
2026-05-16,33538,10,1477,0.7172,Medium Coverage,Moderate,100.0,Not Eligible
2026-05-16,34042,7,353,0.9952,Low Coverage,Moderate,100.0,Not Eligible
2026-05-16,34043,7,249,0.7379,Low Coverage,Moderate,100.0,Not Eligible
2026-05-16,34540,10,553,0.684,Medium Coverage,Moderate,100.0,Not Eligible
2026-05-16,34541,10,572,0.7611,Medium Coverage,Moderate,100.0,Not Eligible
2026-05-16,34542,10,2778,0.684,Medium Coverage,Moderate,100.0,Not Eligible
2026-05-16,34543,10,1844,0.7473,Medium Coverage,Moderate,100.0,Not Eligible
2026-05-16,36799,9,659,0.7165,Low Coverage,Moderate,100.0,Not Eligible
2026-05-16,37807,10,5703,0.667,Medium Coverage,Moderate,100.0,Not Eligible
2026-05-16,37808,10,4056,0.6603,Medium Coverage,Moderate,100.0,Not Eligible
2026-05-16,37809,10,3370,0.6933,Medium Coverage,Moderate,100.0,Not Eligible
2026-05-16,37810,10,6218,0.725,Medium Coverage,Moderate,100.0,Not Eligible
2026-05-16,38311,10,3598,0.7056,Medium Coverage,Moderate,100.0,Not Eligible
2026-05-16,39304,10,936,0.7062,Medium Coverage,Moderate,100.0,Not Eligible
2026-05-16,39307,10,594,0.6888,Medium Coverage,Moderate,100.0,Not Eligible
2026-05-16,40855,10,1095,0.6721,Medium Coverage,Moderate,100.0,Not Eligible
2026-05-16,46099,10,1010,0.6668,Medium Coverage,Moderate,100.0,Not Eligible
2026-05-16,46604,10,4650,0.6967,Medium Coverage,Moderate,100.0,Not Eligible
2026-05-16,48855,8,655,0.8898,Low Coverage,Moderate,100.0,Not Eligible
2026-05-16,6612,10,4036,0.675,Medium Coverage,Moderate,100.0,Not Eligible
2026-05-16,6613,10,4668,0.6596,Medium Coverage,Moderate,100.0,Not Eligible
2026-05-16,6614,10,5665,0.8256,Medium Coverage,Moderate,100.0,Not Eligible
2026-05-16,6615,10,3210,0.6605,Medium Coverage,Moderate,100.0,Not Eligible
2026-05-16,6616,10,2942,0.6351,Medium Coverage,Moderate,100.0,Not Eligible
2026-05-16,6617,10,6338,0.6782,Medium Coverage,Moderate,100.0,Not Eligible
2026-05-16,6618,10,4699,0.6946,Medium Coverage,Moderate,100.0,Not Eligible
2026-05-16,6619,10,5449,0.7395,Medium Coverage,Moderate,100.0,Not Eligible
2026-05-16,6620,10,4153,0.6962,Medium Coverage,Moderate,100.0,Not Eligible
2026-05-16,6621,10,2412,0.719,Medium Coverage,Moderate,100.0,Not Eligible
2026-05-16,6622,10,8947,0.7181,Medium Coverage,Moderate,100.0,Not Eligible
2026-05-16,6623,10,3967,0.6881,Medium Coverage,Moderate,100.0,Not Eligible
2026-05-16,6624,10,10007,0.8124,Medium Coverage,Moderate,100.0,Not Eligible
2026-05-16,6625,10,5212,0.6856,Medium Coverage,Moderate,100.0,Not Eligible
2026-05-16,6626,10,4215,0.6919,Medium Coverage,Moderate,100.0,Not Eligible
2026-05-16,6627,10,6278,0.7278,Medium Coverage,Moderate,100.0,Not Eligible
2026-05-16,6628,10,2004,0.7004,Medium Coverage,Moderate,100.0,Not Eligible
2026-05-16,6629,10,1658,0.7331,Medium Coverage,Moderate,100.0,Not Eligible
2026-05-16,6630,10,2368,0.7058,Medium Coverage,Moderate,100.0,Not Eligible
2026-05-16,6631,10,925,0.8086,Medium Coverage,Moderate,100.0,Not Eligible
2026-05-16,6633,10,3701,0.7172,Medium Coverage,Moderate,100.0,Not Eligible
2026-05-16,6636,10,6928,0.7008,Medium Coverage,Moderate,100.0,Not Eligible
2026-05-16,6637,10,2836,0.6673,Medium Coverage,Moderate,100.0,Not Eligible
2026-05-16,6638,9,2548,0.797,Low Coverage,Moderate,100.0,Not Eligible
2026-05-16,6641,10,8259,0.7072,Medium Coverage,Moderate,100.0,Not Eligible
2026-05-16,6642,10,4809,0.7089,Medium Coverage,Moderate,100.0,Not Eligible
2026-05-16,6643,10,1713,0.7005,Medium Coverage,Moderate,100.0,Not Eligible
2026-05-16,6644,10,1045,0.705,Medium Coverage,Moderate,100.0,Not Eligible
2026-05-16,6645,10,3065,0.6929,Medium Coverage,Moderate,100.0,Not Eligible
2026-05-16,6646,10,2244,0.6902,Medium Coverage,Moderate,100.0,Not Eligible
2026-05-16,6647,10,1893,0.7411,Medium Coverage,Moderate,100.0,Not Eligible
2026-05-16,6648,10,1748,0.7145,Medium Coverage,Moderate,100.0,Not Eligible
2026-05-16,6649,10,3355,0.7119,Medium Coverage,Moderate,100.0,Not Eligible
2026-05-16,6650,10,1571,0.6838,Medium Coverage,Moderate,100.0,Not Eligible
2026-05-16,6651,10,4042,0.7894,Medium Coverage,Moderate,100.0,Not Eligible
2026-05-16,6652,10,1442,0.7094,Medium Coverage,Moderate,100.0,Not Eligible
2026-05-16,6654,10,1694,0.6822,Medium Coverage,Moderate,100.0,Not Eligible
2026-05-16,6657,10,2979,0.6995,Medium Coverage,Moderate,100.0,Not Eligible
2026-05-16,6658,10,1494,0.7211,Medium Coverage,Moderate,100.0,Not Eligible
2026-05-16,6659,10,1181,0.6881,Medium Coverage,Moderate,100.0,Not Eligible
2026-05-16,6660,10,1859,0.7727,Medium Coverage,Moderate,100.0,Not Eligible
2026-05-16,6661,10,1320,0.7462,Medium Coverage,Moderate,100.0,Not Eligible
2026-05-16,6662,10,1259,0.7028,Medium Coverage,Moderate,100.0,Not Eligible
2026-05-16,6663,10,1465,0.6926,Medium Coverage,Moderate,100.0,Not Eligible
2026-05-16,6664,10,1568,0.7678,Medium Coverage,Moderate,100.0,Not Eligible
2026-05-16,6665,10,1521,0.6964,Medium Coverage,Moderate,100.0,Not Eligible
2026-05-16,6666,10,2143,0.688,Medium Coverage,Moderate,100.0,Not Eligible
2026-05-16,6667,10,5296,0.737,Medium Coverage,Moderate,100.0,Not Eligible
2026-05-16,6668,10,1395,0.7139,Medium Coverage,Moderate,100.0,Not Eligible
2026-05-16,6672,8,1693,0.927,Low Coverage,Moderate,100.0,Not Eligible
2026-05-16,6673,10,1921,0.7457,Medium Coverage,Moderate,100.0,Not Eligible
2026-05-16,6674,10,1063,0.7185,Medium Coverage,Moderate,100.0,Not Eligible
2026-05-16,6675,10,740,0.7053,Medium Coverage,Moderate,100.0,Not Eligible
2026-05-16,6676,10,1420,0.7349,Medium Coverage,Moderate,100.0,Not Eligible
2026-05-16,6677,10,1653,0.6492,Medium Coverage,Moderate,100.0,Not Eligible
2026-05-16,6678,10,1288,0.7704,Medium Coverage,Moderate,100.0,Not Eligible
2026-05-16,6679,10,1820,0.7043,Medium Coverage,Moderate,100.0,Not Eligible
2026-05-16,6680,10,2038,0.8078,Medium Coverage,Moderate,100.0,Not Eligible
2026-05-16,6682,10,5039,0.678,Medium Coverage,Moderate,100.0,Not Eligible
2026-05-16,6685,10,1273,0.7517,Medium Coverage,Moderate,100.0,Not Eligible
2026-05-16,6687,10,5730,0.6837,Medium Coverage,Moderate,100.0,Not Eligible
2026-05-16,6688,9,661,0.6419,Low Coverage,Moderate,100.0,Not Eligible
2026-05-16,6689,9,505,0.5911,Low Coverage,Moderate,100.0,Not Eligible
2026-05-16,6690,10,527,0.6565,Medium Coverage,Moderate,100.0,Not Eligible
2026-05-16,6691,10,467,0.8242,Medium Coverage,Moderate,100.0,Not Eligible
2026-05-16,6692,10,2667,0.7803,Medium Coverage,Moderate,100.0,Not Eligible
2026-05-16,6693,10,3888,0.7681,Medium Coverage,Moderate,100.0,Not Eligible
2026-05-16,6698,10,2753,0.6446,Medium Coverage,Moderate,100.0,Not Eligible
2026-05-16,6700,10,1790,0.6956,Medium Coverage,Moderate,100.0,Not Eligible
2026-05-16,6701,10,743,0.7322,Medium Coverage,Moderate,100.0,Not Eligible
2026-05-16,6702,10,1664,0.7446,Medium Coverage,Moderate,100.0,Not Eligible
2026-05-16,6703,10,3708,0.6724,Medium Coverage,Moderate,100.0,Not Eligible
2026-05-16,6704,10,3950,0.6972,Medium Coverage,Moderate,100.0,Not Eligible
2026-05-16,6705,10,7654,0.6871,Medium Coverage,Moderate,100.0,Not Eligible
2026-05-16,6706,10,4512,0.664,Medium Coverage,Moderate,100.0,Not Eligible
2026-05-16,6707,10,2143,0.7235,Medium Coverage,Moderate,100.0,Not Eligible
2026-05-16,6708,10,1407,0.6885,Medium Coverage,Moderate,100.0,Not Eligible
2026-05-16,6709,9,753,0.7379,Low Coverage,Moderate,100.0,Not Eligible
2026-05-16,6710,7,450,0.9707,Low Coverage,Moderate,100.0,Not Eligible
2026-05-16,6712,10,5454,0.6438,Medium Coverage,Moderate,100.0,Not Eligible
2026-05-16,6713,10,1701,0.6495,Medium Coverage,Moderate,100.0,Not Eligible
2026-05-16,6715,10,4397,0.7083,Medium Coverage,Moderate,100.0,Not Eligible
2026-05-16,6722,10,2251,0.7579,Medium Coverage,Moderate,100.0,Not Eligible
2026-05-16,6723,10,1225,0.7607,Medium Coverage,Moderate,100.0,Not Eligible
2026-05-16,6724,10,3451,0.7971,Medium Coverage,Moderate,100.0,Not Eligible
2026-05-16,6725,10,1453,0.6949,Medium Coverage,Moderate,100.0,Not Eligible
2026-05-16,6726,10,2029,0.761,Medium Coverage,Moderate,100.0,Not Eligible
2026-05-16,6727,10,2823,0.6992,Medium Coverage,Moderate,100.0,Not Eligible
2026-05-16,6728,10,5094,0.7028,Medium Coverage,Moderate,100.0,Not Eligible
2026-05-16,6730,10,3860,0.838,Medium Coverage,Moderate,100.0,Not Eligible
2026-05-16,6737,10,3931,0.7059,Medium Coverage,Moderate,100.0,Not Eligible
2026-05-16,6738,10,5139,0.6674,Medium Coverage,Moderate,100.0,Not Eligible
2026-05-16,6741,10,3300,0.6816,Medium Coverage,Moderate,100.0,Not Eligible
2026-05-16,6747,10,2246,0.8565,Medium Coverage,Moderate,100.0,Not Eligible
2026-05-16,6748,10,2281,0.7322,Medium Coverage,Moderate,100.0,Not Eligible
2026-05-16,6749,10,3805,0.7033,Medium Coverage,Moderate,100.0,Not Eligible
2026-05-16,6776,8,361,0.6195,Low Coverage,Moderate,100.0,Not Eligible
2026-05-16,6779,10,594,0.6888,Medium Coverage,Moderate,100.0,Not Eligible
2026-05-16,6780,10,752,0.788,Medium Coverage,Moderate,100.0,Not Eligible
2026-05-16,6790,10,557,0.8638,Medium Coverage,Moderate,100.0,Not Eligible
2026-05-16,6796,10,1183,0.6914,Medium Coverage,Moderate,100.0,Not Eligible
2026-05-16,6799,7,391,0.8202,Low Coverage,Moderate,100.0,Not Eligible
2026-05-16,6800,7,449,1.0037,Low Coverage,Volatile,100.0,Not Eligible
2026-05-16,6804,5,246,0.9542,Low Coverage,Moderate,100.0,Not Eligible
2026-05-16,6805,6,153,0.9163,Low Coverage,Moderate,100.0,Not Eligible
2026-05-16,6806,10,840,0.6929,Medium Coverage,Moderate,100.0,Not Eligible
2026-05-16,6811,10,493,0.6323,Medium Coverage,Moderate,100.0,Not Eligible
2026-05-16,6817,10,1561,0.6982,Medium Coverage,Moderate,100.0,Not Eligible
2026-05-16,6818,10,925,0.7474,Medium Coverage,Moderate,100.0,Not Eligible
2026-05-16,6819,10,3037,0.6983,Medium Coverage,Moderate,100.0,Not Eligible
2026-05-16,6821,10,3464,0.7094,Medium Coverage,Moderate,100.0,Not Eligible
2026-05-16,6822,10,1499,0.8275,Medium Coverage,Moderate,100.0,Not Eligible
2026-05-16,6823,7,276,1.0189,Low Coverage,Volatile,100.0,Not Eligible
2026-05-16,6825,7,349,0.9455,Low Coverage,Moderate,100.0,Not Eligible
2026-05-16,6827,7,520,0.8703,Low Coverage,Moderate,100.0,Not Eligible
2026-05-16,6828,10,925,0.7474,Medium Coverage,Moderate,100.0,Not Eligible
2026-05-16,6843,8,272,0.8244,Low Coverage,Moderate,100.0,Not Eligible
2026-05-16,6844,8,327,0.6995,Low Coverage,Moderate,100.0,Not Eligible
2026-05-16,7321,10,3187,0.779,Medium Coverage,Moderate,100.0,Not Eligible
2026-05-16,7322,9,198,0.5562,Low Coverage,Moderate,100.0,Not Eligible
2026-05-16,7509,8,707,0.888,Low Coverage,Moderate,100.0,Not Eligible
2026-05-16,8290,10,1441,0.699,Medium Coverage,Moderate,100.0,Not Eligible
2026-05-17,10232,6,61,0.8025,Low Coverage,Moderate,100.0,Not Eligible
2026-05-17,11201,9,2994,0.3125,Low Coverage,Stable,100.0,Not Eligible
2026-05-17,11202,10,865,0.3568,Medium Coverage,Stable,100.0,Not Eligible
2026-05-17,11692,10,3777,0.4619,Medium Coverage,Stable,100.0,Not Eligible
2026-05-17,11696,10,2706,0.4126,Medium Coverage,Stable,100.0,Not Eligible
2026-05-17,12940,10,2534,0.3744,Medium Coverage,Stable,100.0,Not Eligible
2026-05-17,16718,10,9595,0.3355,Medium Coverage,Stable,100.0,Not Eligible
2026-05-17,16719,10,1281,0.3479,Medium Coverage,Stable,100.0,Not Eligible
2026-05-17,17707,10,2796,0.4126,Medium Coverage,Stable,100.0,Not Eligible
2026-05-17,18705,10,3632,0.2917,Medium Coverage,Stable,100.0,Not Eligible
2026-05-17,20667,9,1464,0.3752,Low Coverage,Stable,100.0,Not Eligible
2026-05-17,22638,10,2183,0.3241,Medium Coverage,Stable,100.0,Not Eligible
2026-05-17,22639,9,1995,0.5052,Low Coverage,Moderate,100.0,Not Eligible
2026-05-17,23384,10,8424,0.3022,Medium Coverage,Stable,100.0,Not Eligible
2026-05-17,29038,9,3360,0.3022,Low Coverage,Stable,100.0,Not Eligible
2026-05-17,30036,9,793,0.2627,Low Coverage,Stable,100.0,Not Eligible
2026-05-17,30037,10,882,0.4718,Medium Coverage,Stable,100.0,Not Eligible
2026-05-17,30038,10,1453,0.4456,Medium Coverage,Stable,100.0,Not Eligible
2026-05-17,30039,10,1685,0.4453,Medium Coverage,Stable,100.0,Not Eligible
2026-05-17,30040,10,1565,0.4098,Medium Coverage,Stable,100.0,Not Eligible
2026-05-17,30042,8,1346,0.2941,Low Coverage,Stable,100.0,Not Eligible
2026-05-17,30043,10,2527,0.3741,Medium Coverage,Stable,100.0,Not Eligible
2026-05-17,30044,8,805,0.3713,Low Coverage,Stable,100.0,Not Eligible
2026-05-17,30045,9,1783,0.5468,Low Coverage,Moderate,100.0,Not Eligible
2026-05-17,30046,10,2606,0.2902,Medium Coverage,Stable,100.0,Not Eligible
2026-05-17,30047,9,932,0.4489,Low Coverage,Stable,100.0,Not Eligible
2026-05-17,30048,9,680,0.4236,Low Coverage,Stable,100.0,Not Eligible
2026-05-17,30049,10,1289,0.3388,Medium Coverage,Stable,100.0,Not Eligible
2026-05-17,30050,10,1250,0.3233,Medium Coverage,Stable,100.0,Not Eligible
2026-05-17,30051,10,961,0.4203,Medium Coverage,Stable,100.0,Not Eligible
2026-05-17,30055,9,2810,0.4567,Low Coverage,Stable,100.0,Not Eligible
2026-05-17,30584,9,1425,0.3221,Low Coverage,Stable,100.0,Not Eligible
2026-05-17,31816,8,705,0.2763,Low Coverage,Stable,100.0,Not Eligible
2026-05-17,31817,8,633,0.357,Low Coverage,Stable,100.0,Not Eligible
2026-05-17,31818,8,692,0.4004,Low Coverage,Stable,100.0,Not Eligible
2026-05-17,31819,9,2028,0.3324,Low Coverage,Stable,100.0,Not Eligible
2026-05-17,31821,9,773,0.318,Low Coverage,Stable,100.0,Not Eligible
2026-05-17,31822,9,656,0.346,Low Coverage,Stable,100.0,Not Eligible
2026-05-17,32799,10,3446,0.3659,Medium Coverage,Stable,100.0,Not Eligible
2026-05-17,33292,9,1531,0.3187,Low Coverage,Stable,100.0,Not Eligible
2026-05-17,33538,9,1596,0.4907,Low Coverage,Stable,100.0,Not Eligible
2026-05-17,34042,9,624,0.5069,Low Coverage,Moderate,100.0,Not Eligible
2026-05-17,34043,8,712,0.3092,Low Coverage,Stable,100.0,Not Eligible
2026-05-17,34540,8,648,0.2614,Low Coverage,Stable,100.0,Not Eligible
2026-05-17,34541,8,709,0.4562,Low Coverage,Stable,100.0,Not Eligible
2026-05-17,34542,10,3971,0.3322,Medium Coverage,Stable,100.0,Not Eligible
2026-05-17,34543,10,2604,0.3305,Medium Coverage,Stable,100.0,Not Eligible
2026-05-17,36799,9,821,0.4245,Low Coverage,Stable,100.0,Not Eligible
2026-05-17,37807,10,6590,0.3237,Medium Coverage,Stable,100.0,Not Eligible
2026-05-17,37808,10,5352,0.3156,Medium Coverage,Stable,100.0,Not Eligible
2026-05-17,37809,10,4658,0.3184,Medium Coverage,Stable,100.0,Not Eligible
2026-05-17,37810,10,7100,0.3195,Medium Coverage,Stable,100.0,Not Eligible
2026-05-17,38311,10,5236,0.3161,Medium Coverage,Stable,100.0,Not Eligible
2026-05-17,39304,9,1151,0.4243,Low Coverage,Stable,100.0,Not Eligible
2026-05-17,39307,9,752,0.3574,Low Coverage,Stable,100.0,Not Eligible
2026-05-17,40855,10,1759,0.2843,Medium Coverage,Stable,100.0,Not Eligible
2026-05-17,46099,9,1283,0.4507,Low Coverage,Stable,100.0,Not Eligible
2026-05-17,46604,10,5401,0.3351,Medium Coverage,Stable,100.0,Not Eligible
2026-05-17,48855,8,1345,0.2846,Low Coverage,Stable,100.0,Not Eligible
2026-05-17,6612,10,5313,0.3832,Medium Coverage,Stable,100.0,Not Eligible
2026-05-17,6613,10,5318,0.3594,Medium Coverage,Stable,100.0,Not Eligible
2026-05-17,6614,10,6584,0.4793,Medium Coverage,Stable,100.0,Not Eligible
2026-05-17,6615,10,3708,0.5404,Medium Coverage,Moderate,100.0,Not Eligible
2026-05-17,6616,10,3128,0.4642,Medium Coverage,Stable,100.0,Not Eligible
2026-05-17,6617,10,7400,0.4303,Medium Coverage,Stable,100.0,Not Eligible
2026-05-17,6618,10,6062,0.3649,Medium Coverage,Stable,100.0,Not Eligible
2026-05-17,6619,10,7579,0.3784,Medium Coverage,Stable,100.0,Not Eligible
2026-05-17,6620,10,5767,0.3368,Medium Coverage,Stable,100.0,Not Eligible
2026-05-17,6621,10,2963,0.3658,Medium Coverage,Stable,100.0,Not Eligible
2026-05-17,6622,10,10671,0.3606,Medium Coverage,Stable,100.0,Not Eligible
2026-05-17,6623,10,5259,0.3166,Medium Coverage,Stable,100.0,Not Eligible
2026-05-17,6624,10,14644,0.4552,Medium Coverage,Stable,100.0,Not Eligible
2026-05-17,6625,10,6468,0.349,Medium Coverage,Stable,100.0,Not Eligible
2026-05-17,6626,10,5312,0.3635,Medium Coverage,Stable,100.0,Not Eligible
2026-05-17,6627,10,8320,0.3573,Medium Coverage,Stable,100.0,Not Eligible
2026-05-17,6628,10,2331,0.3121,Medium Coverage,Stable,100.0,Not Eligible
2026-05-17,6629,10,1684,0.329,Medium Coverage,Stable,100.0,Not Eligible
2026-05-17,6630,10,3220,0.3518,Medium Coverage,Stable,100.0,Not Eligible
2026-05-17,6631,10,1023,0.449,Medium Coverage,Stable,100.0,Not Eligible
2026-05-17,6633,10,5724,0.3063,Medium Coverage,Stable,100.0,Not Eligible
2026-05-17,6636,10,8172,0.3712,Medium Coverage,Stable,100.0,Not Eligible
2026-05-17,6637,10,3377,0.3695,Medium Coverage,Stable,100.0,Not Eligible
2026-05-17,6638,9,2083,0.4394,Low Coverage,Stable,100.0,Not Eligible
2026-05-17,6641,10,7807,0.5068,Medium Coverage,Moderate,100.0,Not Eligible
2026-05-17,6642,10,5437,0.3175,Medium Coverage,Stable,100.0,Not Eligible
2026-05-17,6643,9,2270,0.3383,Low Coverage,Stable,100.0,Not Eligible
2026-05-17,6644,9,1561,0.2625,Low Coverage,Stable,100.0,Not Eligible
2026-05-17,6645,10,4158,0.3478,Medium Coverage,Stable,100.0,Not Eligible
2026-05-17,6646,9,2833,0.3792,Low Coverage,Stable,100.0,Not Eligible
2026-05-17,6647,10,2137,0.3526,Medium Coverage,Stable,100.0,Not Eligible
2026-05-17,6648,9,2259,0.3615,Low Coverage,Stable,100.0,Not Eligible
2026-05-17,6649,10,4742,0.3741,Medium Coverage,Stable,100.0,Not Eligible
2026-05-17,6650,9,2072,0.2875,Low Coverage,Stable,100.0,Not Eligible
2026-05-17,6651,10,4819,0.4158,Medium Coverage,Stable,100.0,Not Eligible
2026-05-17,6652,9,1966,0.3218,Low Coverage,Stable,100.0,Not Eligible
2026-05-17,6654,10,1896,0.4362,Medium Coverage,Stable,100.0,Not Eligible
2026-05-17,6657,9,2599,0.3961,Low Coverage,Stable,100.0,Not Eligible
2026-05-17,6658,9,1909,0.3742,Low Coverage,Stable,100.0,Not Eligible
2026-05-17,6659,10,1639,0.4335,Medium Coverage,Stable,100.0,Not Eligible
2026-05-17,6660,10,2049,0.5041,Medium Coverage,Moderate,100.0,Not Eligible
2026-05-17,6661,10,1854,0.398,Medium Coverage,Stable,100.0,Not Eligible
2026-05-17,6662,10,1124,0.558,Medium Coverage,Moderate,100.0,Not Eligible
2026-05-17,6663,10,1995,0.3419,Medium Coverage,Stable,100.0,Not Eligible
2026-05-17,6664,10,2182,0.4407,Medium Coverage,Stable,100.0,Not Eligible
2026-05-17,6665,10,1998,0.5259,Medium Coverage,Moderate,100.0,Not Eligible
2026-05-17,6666,10,2675,0.4715,Medium Coverage,Stable,100.0,Not Eligible
2026-05-17,6667,10,7029,0.5294,Medium Coverage,Moderate,100.0,Not Eligible
2026-05-17,6668,10,1982,0.3151,Medium Coverage,Stable,100.0,Not Eligible
2026-05-17,6672,10,3084,0.4627,Medium Coverage,Stable,100.0,Not Eligible
2026-05-17,6673,10,2476,0.5748,Medium Coverage,Moderate,100.0,Not Eligible
2026-05-17,6674,9,1361,0.3862,Low Coverage,Stable,100.0,Not Eligible
2026-05-17,6675,9,773,0.4314,Low Coverage,Stable,100.0,Not Eligible
2026-05-17,6676,10,1553,0.4359,Medium Coverage,Stable,100.0,Not Eligible
2026-05-17,6677,8,1473,0.2957,Low Coverage,Stable,100.0,Not Eligible
2026-05-17,6678,9,1468,0.4545,Low Coverage,Stable,100.0,Not Eligible
2026-05-17,6679,9,2357,0.3865,Low Coverage,Stable,100.0,Not Eligible
2026-05-17,6680,9,2618,0.4777,Low Coverage,Stable,100.0,Not Eligible
2026-05-17,6682,10,5852,0.3408,Medium Coverage,Stable,100.0,Not Eligible
2026-05-17,6685,9,1717,0.3945,Low Coverage,Stable,100.0,Not Eligible
2026-05-17,6687,10,7236,0.428,Medium Coverage,Stable,100.0,Not Eligible
2026-05-17,6688,7,589,0.4853,Low Coverage,Stable,100.0,Not Eligible
2026-05-17,6689,6,418,0.4,Low Coverage,Stable,100.0,Not Eligible
2026-05-17,6690,8,595,0.3726,Low Coverage,Stable,100.0,Not Eligible
2026-05-17,6691,7,601,0.2308,Low Coverage,Stable,100.0,Not Eligible
2026-05-17,6692,10,4129,0.3139,Medium Coverage,Stable,100.0,Not Eligible
2026-05-17,6693,10,4948,0.4638,Medium Coverage,Stable,100.0,Not Eligible
2026-05-17,6698,10,3775,0.3384,Medium Coverage,Stable,100.0,Not Eligible
2026-05-17,6700,9,2157,0.3169,Low Coverage,Stable,100.0,Not Eligible
2026-05-17,6701,9,584,0.38,Low Coverage,Stable,100.0,Not Eligible
2026-05-17,6702,8,1534,0.356,Low Coverage,Stable,100.0,Not Eligible
2026-05-17,6703,10,5192,0.3013,Medium Coverage,Stable,100.0,Not Eligible
2026-05-17,6704,10,5833,0.3519,Medium Coverage,Stable,100.0,Not Eligible
2026-05-17,6705,10,9491,0.2767,Medium Coverage,Stable,100.0,Not Eligible
2026-05-17,6706,10,5786,0.3079,Medium Coverage,Stable,100.0,Not Eligible
2026-05-17,6707,10,2870,0.3082,Medium Coverage,Stable,100.0,Not Eligible
2026-05-17,6708,10,2428,0.3438,Medium Coverage,Stable,100.0,Not Eligible
2026-05-17,6709,6,698,0.399,Low Coverage,Stable,100.0,Not Eligible
2026-05-17,6712,9,6210,0.4614,Low Coverage,Stable,100.0,Not Eligible
2026-05-17,6713,10,2509,0.2997,Medium Coverage,Stable,100.0,Not Eligible
2026-05-17,6715,10,6500,0.3161,Medium Coverage,Stable,100.0,Not Eligible
2026-05-17,6722,10,2664,0.3394,Medium Coverage,Stable,100.0,Not Eligible
2026-05-17,6723,10,1565,0.4298,Medium Coverage,Stable,100.0,Not Eligible
2026-05-17,6724,10,4246,0.337,Medium Coverage,Stable,100.0,Not Eligible
2026-05-17,6725,10,1738,0.3521,Medium Coverage,Stable,100.0,Not Eligible
2026-05-17,6726,9,2500,0.4093,Low Coverage,Stable,100.0,Not Eligible
2026-05-17,6727,10,2985,0.4719,Medium Coverage,Stable,100.0,Not Eligible
2026-05-17,6728,10,6577,0.3102,Medium Coverage,Stable,100.0,Not Eligible
2026-05-17,6730,9,4547,0.4633,Low Coverage,Stable,100.0,Not Eligible
2026-05-17,6737,10,4489,0.3074,Medium Coverage,Stable,100.0,Not Eligible
2026-05-17,6738,10,7204,0.2904,Medium Coverage,Stable,100.0,Not Eligible
2026-05-17,6741,10,5194,0.4118,Medium Coverage,Stable,100.0,Not Eligible
2026-05-17,6747,10,3642,0.4591,Medium Coverage,Stable,100.0,Not Eligible
2026-05-17,6748,10,2498,0.4226,Medium Coverage,Stable,100.0,Not Eligible
2026-05-17,6749,10,6075,0.347,Medium Coverage,Stable,100.0,Not Eligible
2026-05-17,6776,8,433,0.326,Low Coverage,Stable,100.0,Not Eligible
2026-05-17,6779,6,486,0.2866,Low Coverage,Stable,100.0,Not Eligible
2026-05-17,6780,8,1118,0.4278,Low Coverage,Stable,100.0,Not Eligible
2026-05-17,6790,9,942,0.3317,Low Coverage,Stable,100.0,Not Eligible
2026-05-17,6796,9,1447,0.3982,Low Coverage,Stable,100.0,Not Eligible
2026-05-17,6799,9,1098,0.3634,Low Coverage,Stable,100.0,Not Eligible
2026-05-17,6800,8,1004,0.3332,Low Coverage,Stable,100.0,Not Eligible
2026-05-17,6806,9,970,0.2976,Low Coverage,Stable,100.0,Not Eligible
2026-05-17,6811,8,737,0.4414,Low Coverage,Stable,100.0,Not Eligible
2026-05-17,6817,9,1488,0.5116,Low Coverage,Moderate,100.0,Not Eligible
2026-05-17,6818,9,1039,0.357,Low Coverage,Stable,100.0,Not Eligible
2026-05-17,6819,10,3036,0.5893,Medium Coverage,Moderate,100.0,Not Eligible
2026-05-17,6821,9,3899,0.4864,Low Coverage,Stable,100.0,Not Eligible
2026-05-17,6822,9,2454,0.3321,Low Coverage,Stable,100.0,Not Eligible
2026-05-17,6823,8,571,0.4682,Low Coverage,Stable,100.0,Not Eligible
2026-05-17,6825,7,442,0.3515,Low Coverage,Stable,100.0,Not Eligible
2026-05-17,6828,6,873,0.3341,Low Coverage,Stable,100.0,Not Eligible
2026-05-17,6834,3,912,0.5906,Low Coverage,Moderate,100.0,Not Eligible
2026-05-17,6837,3,601,0.606,Low Coverage,Moderate,100.0,Not Eligible
2026-05-17,6841,3,1055,0.5235,Low Coverage,Moderate,100.0,Not Eligible
2026-05-17,6843,7,400,0.4147,Low Coverage,Stable,100.0,Not Eligible
2026-05-17,6844,8,399,0.3823,Low Coverage,Stable,100.0,Not Eligible
2026-05-17,7321,10,4427,0.4084,Medium Coverage,Stable,100.0,Not Eligible
2026-05-17,7322,8,244,0.5208,Low Coverage,Moderate,100.0,Not Eligible
2026-05-17,7509,7,988,0.438,Low Coverage,Stable,100.0,Not Eligible
2026-05-17,8290,9,2010,0.3175,Low Coverage,Stable,100.0,Not Eligible
2026-05-18,10232,4,414,0.0791,Low Coverage,Stable,100.0,Not Eligible
2026-05-18,11201,7,2977,0.1912,Low Coverage,Stable,100.0,Not Eligible
2026-05-18,11202,6,593,0.4552,Low Coverage,Stable,100.0,Not Eligible
2026-05-18,11692,7,3255,0.5048,Low Coverage,Moderate,100.0,Not Eligible
2026-05-18,11696,5,1744,0.3543,Low Coverage,Stable,100.0,Not Eligible
2026-05-18,12940,7,2006,0.3417,Low Coverage,Stable,100.0,Not Eligible
2026-05-18,16717,6,1960,0.5936,Low Coverage,Moderate,100.0,Not Eligible
2026-05-18,16718,7,6461,0.4891,Low Coverage,Stable,100.0,Not Eligible
2026-05-18,16719,7,773,0.4833,Low Coverage,Stable,100.0,Not Eligible
2026-05-18,17707,6,1806,0.5322,Low Coverage,Moderate,100.0,Not Eligible
2026-05-18,18705,7,2714,0.3405,Low Coverage,Stable,100.0,Not Eligible
2026-05-18,20667,7,1431,0.2744,Low Coverage,Stable,100.0,Not Eligible
2026-05-18,22638,7,2150,0.0663,Low Coverage,Stable,100.0,Not Eligible
2026-05-18,22639,5,1386,0.7491,Low Coverage,Moderate,100.0,Not Eligible
2026-05-18,23384,7,7241,0.1884,Low Coverage,Stable,100.0,Not Eligible
2026-05-18,29038,7,3318,0.4297,Low Coverage,Stable,100.0,Not Eligible
2026-05-18,30036,7,803,0.0329,Low Coverage,Stable,100.0,Not Eligible
2026-05-18,30037,7,708,0.5014,Low Coverage,Moderate,100.0,Not Eligible
2026-05-18,30038,7,992,0.4617,Low Coverage,Stable,100.0,Not Eligible
2026-05-18,30039,7,1286,0.4154,Low Coverage,Stable,100.0,Not Eligible
2026-05-18,30040,7,1245,0.3876,Low Coverage,Stable,100.0,Not Eligible
2026-05-18,30042,3,526,0.5499,Low Coverage,Moderate,100.0,Not Eligible
2026-05-18,30043,7,2243,0.2579,Low Coverage,Stable,100.0,Not Eligible
2026-05-18,30044,7,786,0.2572,Low Coverage,Stable,100.0,Not Eligible
2026-05-18,30045,5,1317,0.4294,Low Coverage,Stable,100.0,Not Eligible
2026-05-18,30046,7,2368,0.0508,Low Coverage,Stable,100.0,Not Eligible
2026-05-18,30047,6,770,0.3681,Low Coverage,Stable,100.0,Not Eligible
2026-05-18,30048,5,611,0.0506,Low Coverage,Stable,100.0,Not Eligible
2026-05-18,30049,7,1118,0.2686,Low Coverage,Stable,100.0,Not Eligible
2026-05-18,30050,6,774,0.5076,Low Coverage,Moderate,100.0,Not Eligible
2026-05-18,30051,5,587,0.3698,Low Coverage,Stable,100.0,Not Eligible
2026-05-18,30055,7,3590,0.1707,Low Coverage,Stable,100.0,Not Eligible
2026-05-18,30584,7,1197,0.2904,Low Coverage,Stable,100.0,Not Eligible
2026-05-18,31816,3,330,0.232,Low Coverage,Stable,100.0,Not Eligible
2026-05-18,31817,3,244,0.6488,Low Coverage,Moderate,100.0,Not Eligible
2026-05-18,31818,6,591,0.4601,Low Coverage,Stable,100.0,Not Eligible
2026-05-18,31819,7,1880,0.2494,Low Coverage,Stable,100.0,Not Eligible
2026-05-18,31821,5,655,0.0889,Low Coverage,Stable,100.0,Not Eligible
2026-05-18,31822,5,496,0.0424,Low Coverage,Stable,100.0,Not Eligible
2026-05-18,32799,7,2810,0.3694,Low Coverage,Stable,100.0,Not Eligible
2026-05-18,33292,7,1621,0.1919,Low Coverage,Stable,100.0,Not Eligible
2026-05-18,33538,7,1783,0.156,Low Coverage,Stable,100.0,Not Eligible
2026-05-18,34042,3,261,0.2787,Low Coverage,Stable,100.0,Not Eligible
2026-05-18,34043,3,277,0.4536,Low Coverage,Stable,100.0,Not Eligible
2026-05-18,34540,6,485,0.3363,Low Coverage,Stable,100.0,Not Eligible
2026-05-18,34541,6,806,0.238,Low Coverage,Stable,100.0,Not Eligible
2026-05-18,34542,7,3546,0.1979,Low Coverage,Stable,100.0,Not Eligible
2026-05-18,34543,7,1590,0.3041,Low Coverage,Stable,100.0,Not Eligible
2026-05-18,36799,7,668,0.4669,Low Coverage,Stable,100.0,Not Eligible
2026-05-18,37807,7,6599,0.1731,Low Coverage,Stable,100.0,Not Eligible
2026-05-18,37808,7,5228,0.219,Low Coverage,Stable,100.0,Not Eligible
2026-05-18,37809,7,4197,0.0906,Low Coverage,Stable,100.0,Not Eligible
2026-05-18,37810,7,6629,0.2447,Low Coverage,Stable,100.0,Not Eligible
2026-05-18,38311,7,4852,0.1685,Low Coverage,Stable,100.0,Not Eligible
2026-05-18,39304,6,1064,0.3297,Low Coverage,Stable,100.0,Not Eligible
2026-05-18,39307,7,830,0.0279,Low Coverage,Stable,100.0,Not Eligible
2026-05-18,40855,7,1518,0.062,Low Coverage,Stable,100.0,Not Eligible
2026-05-18,46099,7,1091,0.2046,Low Coverage,Stable,100.0,Not Eligible
2026-05-18,46604,7,5552,0.2229,Low Coverage,Stable,100.0,Not Eligible
2026-05-18,48855,3,586,0.2996,Low Coverage,Stable,100.0,Not Eligible
2026-05-18,6612,7,4817,0.2135,Low Coverage,Stable,100.0,Not Eligible
2026-05-18,6613,7,5285,0.1361,Low Coverage,Stable,100.0,Not Eligible
2026-05-18,6614,7,5348,0.3912,Low Coverage,Stable,100.0,Not Eligible
2026-05-18,6615,7,3462,0.4025,Low Coverage,Stable,100.0,Not Eligible
2026-05-18,6616,7,3468,0.3599,Low Coverage,Stable,100.0,Not Eligible
2026-05-18,6617,7,6940,0.1856,Low Coverage,Stable,100.0,Not Eligible
2026-05-18,6618,7,5491,0.2321,Low Coverage,Stable,100.0,Not Eligible
2026-05-18,6619,7,5321,0.2839,Low Coverage,Stable,100.0,Not Eligible
2026-05-18,6620,7,4862,0.2247,Low Coverage,Stable,100.0,Not Eligible
2026-05-18,6621,7,2299,0.239,Low Coverage,Stable,100.0,Not Eligible
2026-05-18,6622,7,8297,0.2291,Low Coverage,Stable,100.0,Not Eligible
2026-05-18,6623,7,4655,0.192,Low Coverage,Stable,100.0,Not Eligible
2026-05-18,6624,7,11043,0.5407,Low Coverage,Moderate,100.0,Not Eligible
2026-05-18,6625,7,6323,0.0945,Low Coverage,Stable,100.0,Not Eligible
2026-05-18,6626,7,5163,0.1134,Low Coverage,Stable,100.0,Not Eligible
2026-05-18,6627,7,6690,0.3443,Low Coverage,Stable,100.0,Not Eligible
2026-05-18,6628,7,1824,0.3409,Low Coverage,Stable,100.0,Not Eligible
2026-05-18,6629,7,1375,0.2293,Low Coverage,Stable,100.0,Not Eligible
2026-05-18,6630,7,2496,0.2429,Low Coverage,Stable,100.0,Not Eligible
2026-05-18,6631,7,814,0.3229,Low Coverage,Stable,100.0,Not Eligible
2026-05-18,6633,7,4449,0.3136,Low Coverage,Stable,100.0,Not Eligible
2026-05-18,6636,7,6787,0.4026,Low Coverage,Stable,100.0,Not Eligible
2026-05-18,6637,7,2872,0.2548,Low Coverage,Stable,100.0,Not Eligible
2026-05-18,6638,4,1112,0.4989,Low Coverage,Stable,100.0,Not Eligible
2026-05-18,6641,7,7302,0.2737,Low Coverage,Stable,100.0,Not Eligible
2026-05-18,6642,7,5451,0.2549,Low Coverage,Stable,100.0,Not Eligible
2026-05-18,6643,7,1874,0.4104,Low Coverage,Stable,100.0,Not Eligible
2026-05-18,6644,7,1323,0.3326,Low Coverage,Stable,100.0,Not Eligible
2026-05-18,6645,7,3199,0.4165,Low Coverage,Stable,100.0,Not Eligible
2026-05-18,6646,7,2689,0.2544,Low Coverage,Stable,100.0,Not Eligible
2026-05-18,6647,7,1860,0.2442,Low Coverage,Stable,100.0,Not Eligible
2026-05-18,6648,7,2162,0.2075,Low Coverage,Stable,100.0,Not Eligible
2026-05-18,6649,7,3917,0.3171,Low Coverage,Stable,100.0,Not Eligible
2026-05-18,6650,7,2006,0.193,Low Coverage,Stable,100.0,Not Eligible
2026-05-18,6651,7,3451,0.4653,Low Coverage,Stable,100.0,Not Eligible
2026-05-18,6652,7,1886,0.2946,Low Coverage,Stable,100.0,Not Eligible
2026-05-18,6654,7,2065,0.1826,Low Coverage,Stable,100.0,Not Eligible
2026-05-18,6657,7,3159,0.0417,Low Coverage,Stable,100.0,Not Eligible
2026-05-18,6658,7,2017,0.2219,Low Coverage,Stable,100.0,Not Eligible
2026-05-18,6659,7,1753,0.0775,Low Coverage,Stable,100.0,Not Eligible
2026-05-18,6660,7,1945,0.3869,Low Coverage,Stable,100.0,Not Eligible
2026-05-18,6661,7,1612,0.2965,Low Coverage,Stable,100.0,Not Eligible
2026-05-18,6662,7,1575,0.0316,Low Coverage,Stable,100.0,Not Eligible
2026-05-18,6663,7,1899,0.0889,Low Coverage,Stable,100.0,Not Eligible
2026-05-18,6664,7,1633,0.4358,Low Coverage,Stable,100.0,Not Eligible
2026-05-18,6665,7,2046,0.4648,Low Coverage,Stable,100.0,Not Eligible
2026-05-18,6666,7,2432,0.3251,Low Coverage,Stable,100.0,Not Eligible
2026-05-18,6667,7,6095,0.3557,Low Coverage,Stable,100.0,Not Eligible
2026-05-18,6668,7,1719,0.1717,Low Coverage,Stable,100.0,Not Eligible
2026-05-18,6672,4,1374,0.5459,Low Coverage,Moderate,100.0,Not Eligible
2026-05-18,6673,7,1877,0.357,Low Coverage,Stable,100.0,Not Eligible
2026-05-18,6674,7,1411,0.1868,Low Coverage,Stable,100.0,Not Eligible
2026-05-18,6675,7,891,0.3587,Low Coverage,Stable,100.0,Not Eligible
2026-05-18,6676,7,1833,0.1255,Low Coverage,Stable,100.0,Not Eligible
2026-05-18,6677,7,2035,0.2411,Low Coverage,Stable,100.0,Not Eligible
2026-05-18,6678,7,1317,0.3289,Low Coverage,Stable,100.0,Not Eligible
2026-05-18,6679,7,2585,0.4608,Low Coverage,Stable,100.0,Not Eligible
2026-05-18,6680,7,1935,0.6246,Low Coverage,Moderate,100.0,Not Eligible
2026-05-18,6682,7,4319,0.4239,Low Coverage,Stable,100.0,Not Eligible
2026-05-18,6685,7,1464,0.418,Low Coverage,Stable,100.0,Not Eligible
2026-05-18,6687,7,5608,0.4595,Low Coverage,Stable,100.0,Not Eligible
2026-05-18,6688,7,872,0.205,Low Coverage,Stable,100.0,Not Eligible
2026-05-18,6689,7,718,0.0661,Low Coverage,Stable,100.0,Not Eligible
2026-05-18,6690,7,659,0.2896,Low Coverage,Stable,100.0,Not Eligible
2026-05-18,6691,7,607,0.5646,Low Coverage,Moderate,100.0,Not Eligible
2026-05-18,6692,7,2458,0.3604,Low Coverage,Stable,100.0,Not Eligible
2026-05-18,6693,7,5432,0.526,Low Coverage,Moderate,100.0,Not Eligible
2026-05-18,6698,7,2331,0.4304,Low Coverage,Stable,100.0,Not Eligible
2026-05-18,6700,7,1917,0.3619,Low Coverage,Stable,100.0,Not Eligible
2026-05-18,6701,7,546,0.1184,Low Coverage,Stable,100.0,Not Eligible
2026-05-18,6702,7,1672,0.4409,Low Coverage,Stable,100.0,Not Eligible
2026-05-18,6703,7,5017,0.0817,Low Coverage,Stable,100.0,Not Eligible
2026-05-18,6704,7,4277,0.3867,Low Coverage,Stable,100.0,Not Eligible
2026-05-18,6705,7,8385,0.2563,Low Coverage,Stable,100.0,Not Eligible
2026-05-18,6706,7,5923,0.2462,Low Coverage,Stable,100.0,Not Eligible
2026-05-18,6707,7,2307,0.3848,Low Coverage,Stable,100.0,Not Eligible
2026-05-18,6708,7,1821,0.5121,Low Coverage,Moderate,100.0,Not Eligible
2026-05-18,6709,6,899,0.5108,Low Coverage,Moderate,100.0,Not Eligible
2026-05-18,6712,7,7348,0.1989,Low Coverage,Stable,100.0,Not Eligible
2026-05-18,6713,7,1810,0.3388,Low Coverage,Stable,100.0,Not Eligible
2026-05-18,6715,7,5313,0.3058,Low Coverage,Stable,100.0,Not Eligible
2026-05-18,6722,7,2045,0.34,Low Coverage,Stable,100.0,Not Eligible
2026-05-18,6723,7,1535,0.1302,Low Coverage,Stable,100.0,Not Eligible
2026-05-18,6724,7,3593,0.3841,Low Coverage,Stable,100.0,Not Eligible
2026-05-18,6725,7,1422,0.298,Low Coverage,Stable,100.0,Not Eligible
2026-05-18,6726,7,2012,0.3465,Low Coverage,Stable,100.0,Not Eligible
2026-05-18,6727,7,3098,0.1942,Low Coverage,Stable,100.0,Not Eligible
2026-05-18,6728,7,5500,0.206,Low Coverage,Stable,100.0,Not Eligible
2026-05-18,6730,7,3789,0.6003,Low Coverage,Moderate,100.0,Not Eligible
2026-05-18,6737,7,4073,0.3804,Low Coverage,Stable,100.0,Not Eligible
2026-05-18,6738,7,6661,0.1164,Low Coverage,Stable,100.0,Not Eligible
2026-05-18,6741,7,4422,0.4714,Low Coverage,Stable,100.0,Not Eligible
2026-05-18,6747,7,3518,0.3969,Low Coverage,Stable,100.0,Not Eligible
2026-05-18,6748,7,2432,0.1523,Low Coverage,Stable,100.0,Not Eligible
2026-05-18,6749,7,4765,0.2986,Low Coverage,Stable,100.0,Not Eligible
2026-05-18,6776,6,421,0.1986,Low Coverage,Stable,100.0,Not Eligible
2026-05-18,6779,2,130,0.087,Low Coverage,Stable,100.0,Not Eligible
2026-05-18,6780,7,810,0.5932,Low Coverage,Moderate,100.0,Not Eligible
2026-05-18,6790,7,978,0.2247,Low Coverage,Stable,100.0,Not Eligible
2026-05-18,6796,7,1642,0.0042,Low Coverage,Stable,100.0,Not Eligible
2026-05-18,6799,4,564,0.4847,Low Coverage,Stable,100.0,Not Eligible
2026-05-18,6800,4,533,0.5114,Low Coverage,Moderate,100.0,Not Eligible
2026-05-18,6806,7,988,0.1383,Low Coverage,Stable,100.0,Not Eligible
2026-05-18,6811,6,700,0.2633,Low Coverage,Stable,100.0,Not Eligible
2026-05-18,6817,7,1952,0.356,Low Coverage,Stable,100.0,Not Eligible
2026-05-18,6818,7,874,0.1367,Low Coverage,Stable,100.0,Not Eligible
2026-05-18,6819,7,3672,0.4372,Low Coverage,Stable,100.0,Not Eligible
2026-05-18,6821,7,4719,0.3933,Low Coverage,Stable,100.0,Not Eligible
2026-05-18,6822,6,1617,0.4283,Low Coverage,Stable,100.0,Not Eligible
2026-05-18,6823,3,252,0.6804,Low Coverage,Moderate,100.0,Not Eligible
2026-05-18,6825,2,210,0.1616,Low Coverage,Stable,100.0,Not Eligible
2026-05-18,6828,3,654,0.1271,Low Coverage,Stable,100.0,Not Eligible
2026-05-18,6837,2,204,1.1369,Low Coverage,Volatile,100.0,Not Eligible
2026-05-18,6841,1,34,0.0,Low Coverage,Stable,100.0,Not Eligible
2026-05-18,6843,4,281,0.5433,Low Coverage,Moderate,100.0,Not Eligible
2026-05-18,6844,4,277,0.3266,Low Coverage,Stable,100.0,Not Eligible
2026-05-18,7321,7,3513,0.4988,Low Coverage,Stable,100.0,Not Eligible
2026-05-18,7322,6,214,0.398,Low Coverage,Stable,100.0,Not Eligible
2026-05-18,7509,4,751,0.3435,Low Coverage,Stable,100.0,Not Eligible
2026-05-18,8290,7,1978,0.3073,Low Coverage,Stable,100.0,Not Eligible
2026-05-19,10232,15,1557,0.4624,Medium Coverage,Stable,100.0,Eligible
2026-05-19,11201,20,13523,0.643,High Coverage,Moderate,100.0,Eligible
2026-05-19,11692,21,13488,0.6032,High Coverage,Moderate,100.0,Eligible
2026-05-19,11693,19,10068,0.5,High Coverage,Stable,100.0,Eligible
2026-05-19,11696,20,6846,0.3903,High Coverage,Stable,100.0,Eligible
2026-05-19,12940,22,6557,0.5453,High Coverage,Moderate,100.0,Eligible
2026-05-19,13684,13,1865,0.4857,Medium Coverage,Stable,100.0,Eligible
2026-05-19,16717,8,2544,0.5666,Low Coverage,Moderate,100.0,Not Eligible
2026-05-19,16718,24,23716,0.6716,High Coverage,Moderate,100.0,Eligible
2026-05-19,16719,21,3763,0.6008,High Coverage,Moderate,100.0,Eligible
2026-05-19,17707,19,6573,0.4515,High Coverage,Stable,100.0,Eligible
2026-05-19,18213,6,440,0.6573,Low Coverage,Moderate,100.0,Not Eligible
2026-05-19,18705,21,11638,0.6029,High Coverage,Moderate,100.0,Eligible
2026-05-19,20667,20,7389,0.5925,High Coverage,Moderate,100.0,Eligible
2026-05-19,22638,22,8063,0.59,High Coverage,Moderate,100.0,Eligible
2026-05-19,22639,17,2866,0.4989,Medium Coverage,Stable,100.0,Eligible
2026-05-19,23384,22,32192,0.5681,High Coverage,Moderate,100.0,Eligible
2026-05-19,29038,21,13256,0.5838,High Coverage,Moderate,100.0,Eligible
2026-05-19,29039,2,90,0.6285,Low Coverage,Moderate,100.0,Not Eligible
2026-05-19,29040,2,52,1.0879,Low Coverage,Volatile,100.0,Not Eligible
2026-05-19,30036,20,3180,0.5938,High Coverage,Moderate,100.0,Eligible
2026-05-19,30037,22,3896,0.7321,High Coverage,Moderate,100.0,Eligible
2026-05-19,30038,21,5674,0.6972,High Coverage,Moderate,100.0,Eligible
2026-05-19,30039,21,6375,0.6687,High Coverage,Moderate,100.0,Eligible
2026-05-19,30040,21,6303,0.6578,High Coverage,Moderate,100.0,Eligible
2026-05-19,30041,11,2723,0.8272,Medium Coverage,Moderate,100.0,Not Eligible
2026-05-19,30043,20,8852,0.44,High Coverage,Stable,100.0,Eligible
2026-05-19,30044,19,2189,0.4787,High Coverage,Stable,100.0,Eligible
2026-05-19,30045,17,4411,0.468,Medium Coverage,Stable,100.0,Eligible
2026-05-19,30046,21,8969,0.4544,High Coverage,Stable,100.0,Eligible
2026-05-19,30047,18,3687,0.4563,High Coverage,Stable,100.0,Eligible
2026-05-19,30048,19,3140,0.5308,High Coverage,Moderate,100.0,Eligible
2026-05-19,30049,19,4632,0.5892,High Coverage,Moderate,100.0,Eligible
2026-05-19,30050,20,4516,0.4963,High Coverage,Stable,100.0,Eligible
2026-05-19,30051,19,2063,0.4695,High Coverage,Stable,100.0,Eligible
2026-05-19,30055,20,9929,0.4692,High Coverage,Stable,100.0,Eligible
2026-05-19,30584,20,3559,0.4683,High Coverage,Stable,100.0,Eligible
2026-05-19,31816,16,2833,0.5099,Medium Coverage,Moderate,100.0,Eligible
2026-05-19,31817,16,2892,0.4737,Medium Coverage,Stable,100.0,Eligible
2026-05-19,31818,14,1264,0.4944,Medium Coverage,Stable,100.0,Eligible
2026-05-19,31819,20,5127,0.4509,High Coverage,Stable,100.0,Eligible
2026-05-19,31821,18,2336,0.594,High Coverage,Moderate,100.0,Eligible
2026-05-19,31822,17,2601,0.6214,Medium Coverage,Moderate,100.0,Eligible
2026-05-19,32799,23,9702,0.5607,High Coverage,Moderate,100.0,Eligible
2026-05-19,33292,20,6468,0.5422,High Coverage,Moderate,100.0,Eligible
2026-05-19,33538,20,4957,0.4539,High Coverage,Stable,100.0,Eligible
2026-05-19,34042,19,2791,0.6682,High Coverage,Moderate,100.0,Eligible
2026-05-19,34043,17,3203,0.6077,Medium Coverage,Moderate,100.0,Eligible
2026-05-19,34540,18,1885,0.4119,High Coverage,Stable,100.0,Eligible
2026-05-19,34541,18,2357,0.425,High Coverage,Stable,100.0,Eligible
2026-05-19,34542,23,10818,0.4707,High Coverage,Stable,100.0,Eligible
2026-05-19,34543,23,8869,0.6239,High Coverage,Moderate,100.0,Eligible
2026-05-19,36799,21,3627,0.712,High Coverage,Moderate,100.0,Eligible
2026-05-19,37807,23,25158,0.6614,High Coverage,Moderate,100.0,Eligible
2026-05-19,37808,23,17194,0.5221,High Coverage,Moderate,100.0,Eligible
2026-05-19,37809,21,13777,0.4975,High Coverage,Stable,100.0,Eligible
2026-05-19,37810,22,39005,0.7173,High Coverage,Moderate,100.0,Eligible
2026-05-19,38311,23,12805,0.536,High Coverage,Moderate,100.0,Eligible
2026-05-19,39304,18,3758,0.573,High Coverage,Moderate,100.0,Eligible
2026-05-19,39305,11,8558,0.6655,Medium Coverage,Moderate,100.0,Not Eligible
2026-05-19,39307,21,6474,0.6156,High Coverage,Moderate,100.0,Eligible
2026-05-19,40855,23,5338,0.4071,High Coverage,Stable,100.0,Eligible
2026-05-19,45596,14,2578,0.4383,Medium Coverage,Stable,100.0,Eligible
2026-05-19,46099,20,3469,0.4893,High Coverage,Stable,100.0,Eligible
2026-05-19,46604,22,18733,0.4676,High Coverage,Stable,100.0,Eligible
2026-05-19,48855,15,2624,0.3877,Medium Coverage,Stable,100.0,Eligible
2026-05-19,6612,22,15315,0.5253,High Coverage,Moderate,100.0,Eligible
2026-05-19,6613,23,15615,0.5609,High Coverage,Moderate,100.0,Eligible
2026-05-19,6614,20,18478,0.5565,High Coverage,Moderate,100.0,Eligible
2026-05-19,6615,22,11730,0.6724,High Coverage,Moderate,100.0,Eligible
2026-05-19,6616,21,11606,0.6175,High Coverage,Moderate,100.0,Eligible
2026-05-19,6617,21,22940,0.489,High Coverage,Stable,100.0,Eligible
2026-05-19,6618,23,15252,0.5222,High Coverage,Moderate,100.0,Eligible
2026-05-19,6619,23,22278,0.6046,High Coverage,Moderate,100.0,Eligible
2026-05-19,6620,23,17178,0.5027,High Coverage,Moderate,100.0,Eligible
2026-05-19,6621,23,8007,0.5492,High Coverage,Moderate,100.0,Eligible
2026-05-19,6622,23,34468,0.6641,High Coverage,Moderate,100.0,Eligible
2026-05-19,6623,22,13881,0.5047,High Coverage,Moderate,100.0,Eligible
2026-05-19,6624,23,25266,0.5931,High Coverage,Moderate,100.0,Eligible
2026-05-19,6625,23,19520,0.5233,High Coverage,Moderate,100.0,Eligible
2026-05-19,6626,22,18070,0.5739,High Coverage,Moderate,100.0,Eligible
2026-05-19,6627,20,29961,0.6106,High Coverage,Moderate,100.0,Eligible
2026-05-19,6628,22,8443,0.5902,High Coverage,Moderate,100.0,Eligible
2026-05-19,6629,19,5738,0.5154,High Coverage,Moderate,100.0,Eligible
2026-05-19,6630,22,10930,0.4904,High Coverage,Stable,100.0,Eligible
2026-05-19,6631,19,3694,0.5347,High Coverage,Moderate,100.0,Eligible
2026-05-19,6633,24,14219,0.5183,High Coverage,Moderate,100.0,Eligible
2026-05-19,6635,14,7964,0.6594,Medium Coverage,Moderate,100.0,Eligible
2026-05-19,6636,21,40522,0.6822,High Coverage,Moderate,100.0,Eligible
2026-05-19,6637,23,8628,0.5119,High Coverage,Moderate,100.0,Eligible
2026-05-19,6638,19,10576,0.5682,High Coverage,Moderate,100.0,Eligible
2026-05-19,6641,23,43439,0.7873,High Coverage,Moderate,100.0,Eligible
2026-05-19,6642,23,21021,0.6269,High Coverage,Moderate,100.0,Eligible
2026-05-19,6643,21,7549,0.6222,High Coverage,Moderate,100.0,Eligible
2026-05-19,6644,21,7255,0.7083,High Coverage,Moderate,100.0,Eligible
2026-05-19,6645,23,12581,0.618,High Coverage,Moderate,100.0,Eligible
2026-05-19,6646,23,10327,0.6207,High Coverage,Moderate,100.0,Eligible
2026-05-19,6647,21,6497,0.4838,High Coverage,Stable,100.0,Eligible
2026-05-19,6648,20,10693,0.7251,High Coverage,Moderate,100.0,Eligible
2026-05-19,6649,23,13710,0.6337,High Coverage,Moderate,100.0,Eligible
2026-05-19,6650,20,8086,0.5902,High Coverage,Moderate,100.0,Eligible
2026-05-19,6651,21,18197,0.6309,High Coverage,Moderate,100.0,Eligible
2026-05-19,6652,19,5671,0.3257,High Coverage,Stable,100.0,Eligible
2026-05-19,6654,22,5937,0.4966,High Coverage,Stable,100.0,Eligible
2026-05-19,6656,15,2699,0.4785,Medium Coverage,Stable,100.0,Eligible
2026-05-19,6657,21,13419,0.5521,High Coverage,Moderate,100.0,Eligible
2026-05-19,6658,20,6951,0.5042,High Coverage,Moderate,100.0,Eligible
2026-05-19,6659,21,4391,0.4008,High Coverage,Stable,100.0,Eligible
2026-05-19,6660,21,7577,0.6625,High Coverage,Moderate,100.0,Eligible
2026-05-19,6661,20,7207,0.5922,High Coverage,Moderate,100.0,Eligible
2026-05-19,6662,20,7010,0.554,High Coverage,Moderate,100.0,Eligible
2026-05-19,6663,20,5881,0.4506,High Coverage,Stable,100.0,Eligible
2026-05-19,6664,21,6414,0.4596,High Coverage,Stable,100.0,Eligible
2026-05-19,6665,19,5439,0.348,High Coverage,Stable,100.0,Eligible
2026-05-19,6666,21,9349,0.6028,High Coverage,Moderate,100.0,Eligible
2026-05-19,6667,22,18957,0.5381,High Coverage,Moderate,100.0,Eligible
2026-05-19,6668,20,4457,0.3983,High Coverage,Stable,100.0,Eligible
2026-05-19,6672,16,9766,0.5744,Medium Coverage,Moderate,100.0,Eligible
2026-05-19,6673,22,8674,0.7262,High Coverage,Moderate,100.0,Eligible
2026-05-19,6674,20,3432,0.4415,High Coverage,Stable,100.0,Eligible
2026-05-19,6675,19,2996,0.6594,High Coverage,Moderate,100.0,Eligible
2026-05-19,6676,21,5885,0.5591,High Coverage,Moderate,100.0,Eligible
2026-05-19,6677,20,6037,0.5826,High Coverage,Moderate,100.0,Eligible
2026-05-19,6678,21,4891,0.6247,High Coverage,Moderate,100.0,Eligible
2026-05-19,6679,19,6549,0.5001,High Coverage,Moderate,100.0,Eligible
2026-05-19,6680,18,5591,0.5791,High Coverage,Moderate,100.0,Eligible
2026-05-19,6682,20,18132,0.5531,High Coverage,Moderate,100.0,Eligible
2026-05-19,6683,10,2755,0.7333,Medium Coverage,Moderate,100.0,Not Eligible
2026-05-19,6685,20,6608,0.7024,High Coverage,Moderate,100.0,Eligible
2026-05-19,6686,8,924,0.5369,Low Coverage,Moderate,100.0,Not Eligible
2026-05-19,6687,21,22185,0.6067,High Coverage,Moderate,100.0,Eligible
2026-05-19,6688,19,2810,0.5545,High Coverage,Moderate,100.0,Eligible
2026-05-19,6689,18,2458,0.4824,High Coverage,Stable,100.0,Eligible
2026-05-19,6690,18,3440,0.7046,High Coverage,Moderate,100.0,Eligible
2026-05-19,6691,18,2741,0.7928,High Coverage,Moderate,100.0,Eligible
2026-05-19,6692,21,9983,0.4797,High Coverage,Stable,100.0,Eligible
2026-05-19,6693,21,10017,0.6073,High Coverage,Moderate,100.0,Eligible
2026-05-19,6698,20,12203,0.5412,High Coverage,Moderate,100.0,Eligible
2026-05-19,6699,11,2688,0.4618,Medium Coverage,Stable,100.0,Not Eligible
2026-05-19,6700,21,7600,0.5021,High Coverage,Moderate,100.0,Eligible
2026-05-19,6701,20,3875,0.6379,High Coverage,Moderate,100.0,Eligible
2026-05-19,6702,19,5675,0.5508,High Coverage,Moderate,100.0,Eligible
2026-05-19,6703,22,16172,0.443,High Coverage,Stable,100.0,Eligible
2026-05-19,6704,23,16503,0.6683,High Coverage,Moderate,100.0,Eligible
2026-05-19,6705,24,31043,0.6456,High Coverage,Moderate,100.0,Eligible
2026-05-19,6706,22,19553,0.5454,High Coverage,Moderate,100.0,Eligible
2026-05-19,6707,21,10006,0.6289,High Coverage,Moderate,100.0,Eligible
2026-05-19,6708,20,7406,0.5588,High Coverage,Moderate,100.0,Eligible
2026-05-19,6709,19,5207,0.7145,High Coverage,Moderate,100.0,Eligible
2026-05-19,6710,11,1299,0.6943,Medium Coverage,Moderate,100.0,Not Eligible
2026-05-19,6712,21,25506,0.5511,High Coverage,Moderate,100.0,Eligible
2026-05-19,6713,22,8716,0.5761,High Coverage,Moderate,100.0,Eligible
2026-05-19,6714,19,12819,0.6202,High Coverage,Moderate,100.0,Eligible
2026-05-19,6715,23,17653,0.5873,High Coverage,Moderate,100.0,Eligible
2026-05-19,6716,13,3035,0.6272,Medium Coverage,Moderate,100.0,Eligible
2026-05-19,6717,9,2740,0.7493,Low Coverage,Moderate,100.0,Not Eligible
2026-05-19,6718,7,853,0.2712,Low Coverage,Stable,100.0,Not Eligible
2026-05-19,6719,8,1205,0.6091,Low Coverage,Moderate,100.0,Not Eligible
2026-05-19,6720,11,3506,0.5223,Medium Coverage,Moderate,100.0,Not Eligible
2026-05-19,6721,10,2577,0.5903,Medium Coverage,Moderate,100.0,Not Eligible
2026-05-19,6722,23,8789,0.5579,High Coverage,Moderate,100.0,Eligible
2026-05-19,6723,22,6904,0.6454,High Coverage,Moderate,100.0,Eligible
2026-05-19,6724,23,11680,0.5646,High Coverage,Moderate,100.0,Eligible
2026-05-19,6725,22,5080,0.5121,High Coverage,Moderate,100.0,Eligible
2026-05-19,6726,20,7543,0.4826,High Coverage,Stable,100.0,Eligible
2026-05-19,6727,23,11397,0.5737,High Coverage,Moderate,100.0,Eligible
2026-05-19,6728,23,24607,0.5916,High Coverage,Moderate,100.0,Eligible
2026-05-19,6730,20,16168,0.6331,High Coverage,Moderate,100.0,Eligible
2026-05-19,6737,21,18032,0.6651,High Coverage,Moderate,100.0,Eligible
2026-05-19,6738,21,20416,0.4689,High Coverage,Stable,100.0,Eligible
2026-05-19,6739,11,2735,0.6562,Medium Coverage,Moderate,100.0,Not Eligible
2026-05-19,6741,24,14200,0.6337,High Coverage,Moderate,100.0,Eligible
2026-05-19,6742,10,1790,0.482,Medium Coverage,Stable,100.0,Not Eligible
2026-05-19,6743,11,1453,0.8035,Medium Coverage,Moderate,100.0,Not Eligible
2026-05-19,6744,8,1442,0.556,Low Coverage,Moderate,100.0,Not Eligible
2026-05-19,6745,6,482,0.5395,Low Coverage,Moderate,100.0,Not Eligible
2026-05-19,6746,3,374,0.5189,Low Coverage,Moderate,100.0,Not Eligible
2026-05-19,6747,21,6015,0.6085,High Coverage,Moderate,100.0,Eligible
2026-05-19,6748,21,16745,0.6285,High Coverage,Moderate,100.0,Eligible
2026-05-19,6749,22,17033,0.5128,High Coverage,Moderate,100.0,Eligible
2026-05-19,6754,4,233,0.6551,Low Coverage,Moderate,100.0,Not Eligible
2026-05-19,6761,1,49,0.0,Low Coverage,Stable,100.0,Not Eligible
2026-05-19,6762,3,141,0.4104,Low Coverage,Stable,100.0,Not Eligible
2026-05-19,6776,17,1533,0.4939,Medium Coverage,Stable,100.0,Eligible
2026-05-19,6779,15,1037,0.6551,Medium Coverage,Moderate,100.0,Eligible
2026-05-19,6780,18,3164,0.6459,High Coverage,Moderate,100.0,Eligible
2026-05-19,6790,20,2529,0.4858,High Coverage,Stable,100.0,Eligible
2026-05-19,6796,20,3827,0.3821,High Coverage,Stable,100.0,Eligible
2026-05-19,6799,20,3894,0.5295,High Coverage,Moderate,100.0,Eligible
2026-05-19,6800,18,3710,0.428,High Coverage,Stable,100.0,Eligible
2026-05-19,6804,15,982,0.5885,Medium Coverage,Moderate,100.0,Not Eligible
2026-05-19,6805,14,907,0.7295,Medium Coverage,Moderate,100.0,Not Eligible
2026-05-19,6806,20,4438,0.5258,High Coverage,Moderate,100.0,Eligible
2026-05-19,6811,18,1858,0.3154,High Coverage,Stable,100.0,Eligible
2026-05-19,6817,19,6181,0.5989,High Coverage,Moderate,100.0,Eligible
2026-05-19,6818,20,4508,0.566,High Coverage,Moderate,100.0,Eligible
2026-05-19,6819,21,12924,0.6732,High Coverage,Moderate,100.0,Eligible
2026-05-19,6821,21,13499,0.564,High Coverage,Moderate,100.0,Eligible
2026-05-19,6822,18,8028,0.5887,High Coverage,Moderate,100.0,Eligible
2026-05-19,6823,13,1048,0.5859,Medium Coverage,Moderate,100.0,Eligible
2026-05-19,6825,12,1136,0.3993,Medium Coverage,Stable,100.0,Eligible
2026-05-19,6827,14,2601,0.4302,Medium Coverage,Stable,100.0,Eligible
2026-05-19,6828,15,2712,0.5069,Medium Coverage,Moderate,100.0,Eligible
2026-05-19,6829,12,1970,0.5339,Medium Coverage,Moderate,100.0,Eligible
2026-05-19,6830,5,1601,0.4063,Low Coverage,Stable,100.0,Not Eligible
2026-05-19,6831,3,408,0.7025,Low Coverage,Moderate,100.0,Not Eligible
2026-05-19,6833,3,439,0.6626,Low Coverage,Moderate,100.0,Not Eligible
2026-05-19,6834,6,2188,0.6244,Low Coverage,Moderate,100.0,Not Eligible
2026-05-19,6835,4,649,0.7977,Low Coverage,Moderate,100.0,Not Eligible
2026-05-19,6836,3,448,0.5113,Low Coverage,Moderate,100.0,Not Eligible
2026-05-19,6837,5,1315,0.5254,Low Coverage,Moderate,100.0,Not Eligible
2026-05-19,6838,5,1582,0.3519,Low Coverage,Stable,100.0,Not Eligible
2026-05-19,6840,3,598,0.5571,Low Coverage,Moderate,100.0,Not Eligible
2026-05-19,6841,7,3159,0.3678,Low Coverage,Stable,100.0,Not Eligible
2026-05-19,6843,14,834,0.5452,Medium Coverage,Moderate,100.0,Not Eligible
2026-05-19,6844,13,931,0.4558,Medium Coverage,Stable,100.0,Not Eligible
2026-05-19,7224,18,10074,0.5615,High Coverage,Moderate,100.0,Eligible
2026-05-19,7321,21,8683,0.4995,High Coverage,Stable,100.0,Eligible
2026-05-19,7322,16,982,0.5057,Medium Coverage,Moderate,100.0,Not Eligible
2026-05-19,8289,2,94,0.1504,Low Coverage,Stable,100.0,Not Eligible
2026-05-19,8290,21,6915,0.5275,High Coverage,Moderate,100.0,Eligible
2026-05-19,9745,12,3523,0.5641,Medium Coverage,Moderate,100.0,Eligible
2026-05-20,10232,15,1610,0.3435,Medium Coverage,Stable,100.0,Eligible
2026-05-20,11201,20,15368,0.5372,High Coverage,Moderate,100.0,Eligible
2026-05-20,11692,22,14326,0.5858,High Coverage,Moderate,100.0,Eligible
2026-05-20,11693,19,10486,0.4094,High Coverage,Stable,100.0,Eligible
2026-05-20,11696,21,7342,0.328,High Coverage,Stable,100.0,Eligible
2026-05-20,12940,21,6774,0.4378,High Coverage,Stable,100.0,Eligible
2026-05-20,13684,13,2249,0.3765,Medium Coverage,Stable,100.0,Eligible
2026-05-20,16717,8,2466,0.6127,Low Coverage,Moderate,100.0,Not Eligible
2026-05-20,16718,24,24738,0.5939,High Coverage,Moderate,100.0,Eligible
2026-05-20,16719,22,3265,0.5113,High Coverage,Moderate,100.0,Eligible
2026-05-20,17707,19,6960,0.3563,High Coverage,Stable,100.0,Eligible
2026-05-20,18213,6,460,0.6127,Low Coverage,Moderate,100.0,Not Eligible
2026-05-20,18705,21,12055,0.5471,High Coverage,Moderate,100.0,Eligible
2026-05-20,20667,20,7807,0.5169,High Coverage,Moderate,100.0,Eligible
2026-05-20,22638,23,8958,0.5104,High Coverage,Moderate,100.0,Eligible
2026-05-20,22639,17,3054,0.3898,Medium Coverage,Stable,100.0,Eligible
2026-05-20,23384,23,33564,0.56,High Coverage,Moderate,100.0,Eligible
2026-05-20,29038,22,14664,0.5693,High Coverage,Moderate,100.0,Eligible
2026-05-20,29039,2,83,0.2215,Low Coverage,Stable,100.0,Not Eligible
2026-05-20,29040,2,75,0.4337,Low Coverage,Stable,100.0,Not Eligible
2026-05-20,30036,20,3251,0.5269,High Coverage,Moderate,100.0,Eligible
2026-05-20,30037,22,4089,0.6326,High Coverage,Moderate,100.0,Eligible
2026-05-20,30038,21,5777,0.6349,High Coverage,Moderate,100.0,Eligible
2026-05-20,30039,21,6583,0.5865,High Coverage,Moderate,100.0,Eligible
2026-05-20,30040,23,6637,0.6683,High Coverage,Moderate,100.0,Eligible
2026-05-20,30041,11,2788,0.7834,Medium Coverage,Moderate,100.0,Not Eligible
2026-05-20,30043,22,9201,0.4687,High Coverage,Stable,100.0,Eligible
2026-05-20,30044,20,2301,0.4597,High Coverage,Stable,100.0,Eligible
2026-05-20,30045,17,4492,0.3724,Medium Coverage,Stable,100.0,Eligible
2026-05-20,30046,23,9546,0.4658,High Coverage,Stable,100.0,Eligible
2026-05-20,30047,20,3798,0.5472,High Coverage,Moderate,100.0,Eligible
2026-05-20,30048,20,3014,0.5522,High Coverage,Moderate,100.0,Eligible
2026-05-20,30049,19,4763,0.5394,High Coverage,Moderate,100.0,Eligible
2026-05-20,30050,20,4624,0.4493,High Coverage,Stable,100.0,Eligible
2026-05-20,30051,19,2123,0.3735,High Coverage,Stable,100.0,Eligible
2026-05-20,30055,20,10241,0.385,High Coverage,Stable,100.0,Eligible
2026-05-20,30584,19,3449,0.3766,High Coverage,Stable,100.0,Eligible
2026-05-20,31816,16,2995,0.4488,Medium Coverage,Stable,100.0,Eligible
2026-05-20,31817,16,3133,0.361,Medium Coverage,Stable,100.0,Eligible
2026-05-20,31818,14,1333,0.3649,Medium Coverage,Stable,100.0,Eligible
2026-05-20,31819,19,5482,0.2967,High Coverage,Stable,100.0,Eligible
2026-05-20,31821,18,2437,0.5379,High Coverage,Moderate,100.0,Eligible
2026-05-20,31822,17,2625,0.5626,Medium Coverage,Moderate,100.0,Eligible
2026-05-20,32799,23,10259,0.4716,High Coverage,Stable,100.0,Eligible
2026-05-20,33292,21,6524,0.5359,High Coverage,Moderate,100.0,Eligible
2026-05-20,33538,20,5124,0.3894,High Coverage,Stable,100.0,Eligible
2026-05-20,34042,18,2877,0.5526,High Coverage,Moderate,100.0,Eligible
2026-05-20,34043,17,3296,0.5173,Medium Coverage,Moderate,100.0,Eligible
2026-05-20,34540,19,2021,0.3567,High Coverage,Stable,100.0,Eligible
2026-05-20,34541,18,2497,0.3654,High Coverage,Stable,100.0,Eligible
2026-05-20,34542,23,10906,0.4079,High Coverage,Stable,100.0,Eligible
2026-05-20,34543,23,9274,0.557,High Coverage,Moderate,100.0,Eligible
2026-05-20,36799,22,4137,0.7567,High Coverage,Moderate,100.0,Eligible
2026-05-20,37807,23,27280,0.6245,High Coverage,Moderate,100.0,Eligible
2026-05-20,37808,22,17898,0.4122,High Coverage,Stable,100.0,Eligible
2026-05-20,37809,20,14110,0.3576,High Coverage,Stable,100.0,Eligible
2026-05-20,37810,22,40914,0.6701,High Coverage,Moderate,100.0,Eligible
2026-05-20,38311,22,13494,0.4149,High Coverage,Stable,100.0,Eligible
2026-05-20,39304,18,3789,0.559,High Coverage,Moderate,100.0,Eligible
2026-05-20,39305,14,10330,0.7036,Medium Coverage,Moderate,100.0,Eligible
2026-05-20,39307,21,6589,0.5383,High Coverage,Moderate,100.0,Eligible
2026-05-20,40855,24,5447,0.3929,High Coverage,Stable,100.0,Eligible
2026-05-20,45596,14,2753,0.2864,Medium Coverage,Stable,100.0,Eligible
2026-05-20,46099,20,3775,0.417,High Coverage,Stable,100.0,Eligible
2026-05-20,46604,22,19629,0.3945,High Coverage,Stable,100.0,Eligible
2026-05-20,48855,15,2724,0.2593,Medium Coverage,Stable,100.0,Eligible
2026-05-20,6612,21,15280,0.4162,High Coverage,Stable,100.0,Eligible
2026-05-20,6613,23,17168,0.4404,High Coverage,Stable,100.0,Eligible
2026-05-20,6614,21,19948,0.5562,High Coverage,Moderate,100.0,Eligible
2026-05-20,6615,22,12152,0.6269,High Coverage,Moderate,100.0,Eligible
2026-05-20,6616,22,11165,0.6395,High Coverage,Moderate,100.0,Eligible
2026-05-20,6617,21,24166,0.4269,High Coverage,Stable,100.0,Eligible
2026-05-20,6618,23,15925,0.427,High Coverage,Stable,100.0,Eligible
2026-05-20,6619,24,21794,0.5823,High Coverage,Moderate,100.0,Eligible
2026-05-20,6620,24,17762,0.4914,High Coverage,Stable,100.0,Eligible
2026-05-20,6621,23,8059,0.4665,High Coverage,Stable,100.0,Eligible
2026-05-20,6622,23,35395,0.6014,High Coverage,Moderate,100.0,Eligible
2026-05-20,6623,22,14310,0.4275,High Coverage,Stable,100.0,Eligible
2026-05-20,6624,23,26736,0.5224,High Coverage,Moderate,100.0,Eligible
2026-05-20,6625,23,20171,0.4072,High Coverage,Stable,100.0,Eligible
2026-05-20,6626,23,18751,0.5647,High Coverage,Moderate,100.0,Eligible
2026-05-20,6627,21,30802,0.5995,High Coverage,Moderate,100.0,Eligible
2026-05-20,6628,23,8752,0.615,High Coverage,Moderate,100.0,Eligible
2026-05-20,6629,21,5922,0.5622,High Coverage,Moderate,100.0,Eligible
2026-05-20,6630,23,11173,0.4692,High Coverage,Stable,100.0,Eligible
2026-05-20,6631,21,3637,0.6404,High Coverage,Moderate,100.0,Eligible
2026-05-20,6633,24,14320,0.4501,High Coverage,Stable,100.0,Eligible
2026-05-20,6635,14,8754,0.5703,Medium Coverage,Moderate,100.0,Eligible
2026-05-20,6636,21,42785,0.6153,High Coverage,Moderate,100.0,Eligible
2026-05-20,6637,23,8645,0.4614,High Coverage,Stable,100.0,Eligible
2026-05-20,6638,19,11295,0.5012,High Coverage,Moderate,100.0,Eligible
2026-05-20,6641,23,46623,0.7117,High Coverage,Moderate,100.0,Eligible
2026-05-20,6642,24,22643,0.6129,High Coverage,Moderate,100.0,Eligible
2026-05-20,6643,21,7634,0.5146,High Coverage,Moderate,100.0,Eligible
2026-05-20,6644,21,7824,0.6455,High Coverage,Moderate,100.0,Eligible
2026-05-20,6645,23,13221,0.5354,High Coverage,Moderate,100.0,Eligible
2026-05-20,6646,23,10998,0.5278,High Coverage,Moderate,100.0,Eligible
2026-05-20,6647,24,6842,0.5236,High Coverage,Moderate,100.0,Eligible
2026-05-20,6648,19,10834,0.6312,High Coverage,Moderate,100.0,Eligible
2026-05-20,6649,23,14298,0.562,High Coverage,Moderate,100.0,Eligible
2026-05-20,6650,21,8740,0.59,High Coverage,Moderate,100.0,Eligible
2026-05-20,6651,22,19078,0.6059,High Coverage,Moderate,100.0,Eligible
2026-05-20,6652,22,6020,0.4612,High Coverage,Stable,100.0,Eligible
2026-05-20,6654,22,6237,0.3991,High Coverage,Stable,100.0,Eligible
2026-05-20,6656,16,2902,0.451,Medium Coverage,Stable,100.0,Eligible
2026-05-20,6657,21,14036,0.4642,High Coverage,Stable,100.0,Eligible
2026-05-20,6658,22,7312,0.5066,High Coverage,Moderate,100.0,Eligible
2026-05-20,6659,23,4848,0.3731,High Coverage,Stable,100.0,Eligible
2026-05-20,6660,20,7807,0.548,High Coverage,Moderate,100.0,Eligible
2026-05-20,6661,19,7359,0.4745,High Coverage,Stable,100.0,Eligible
2026-05-20,6662,22,7374,0.5377,High Coverage,Moderate,100.0,Eligible
2026-05-20,6663,21,6160,0.4748,High Coverage,Stable,100.0,Eligible
2026-05-20,6664,21,6799,0.3273,High Coverage,Stable,100.0,Eligible
2026-05-20,6665,20,5788,0.3334,High Coverage,Stable,100.0,Eligible
2026-05-20,6666,23,10014,0.5972,High Coverage,Moderate,100.0,Eligible
2026-05-20,6667,23,20589,0.4775,High Coverage,Stable,100.0,Eligible
2026-05-20,6668,22,4726,0.3535,High Coverage,Stable,100.0,Eligible
2026-05-20,6672,16,10250,0.5059,Medium Coverage,Moderate,100.0,Eligible
2026-05-20,6673,22,8683,0.7125,High Coverage,Moderate,100.0,Eligible
2026-05-20,6674,21,3693,0.4313,High Coverage,Stable,100.0,Eligible
2026-05-20,6675,19,2835,0.5759,High Coverage,Moderate,100.0,Eligible
2026-05-20,6676,23,7301,0.6412,High Coverage,Moderate,100.0,Eligible
2026-05-20,6677,21,6132,0.5305,High Coverage,Moderate,100.0,Eligible
2026-05-20,6678,21,5188,0.5529,High Coverage,Moderate,100.0,Eligible
2026-05-20,6679,19,7032,0.4378,High Coverage,Stable,100.0,Eligible
2026-05-20,6680,19,5726,0.5136,High Coverage,Moderate,100.0,Eligible
2026-05-20,6682,22,19772,0.5679,High Coverage,Moderate,100.0,Eligible
2026-05-20,6683,10,2770,0.7138,Medium Coverage,Moderate,100.0,Not Eligible
2026-05-20,6685,22,7122,0.6967,High Coverage,Moderate,100.0,Eligible
2026-05-20,6686,8,937,0.499,Low Coverage,Stable,100.0,Not Eligible
2026-05-20,6687,21,23343,0.5492,High Coverage,Moderate,100.0,Eligible
2026-05-20,6688,18,2903,0.4111,High Coverage,Stable,100.0,Eligible
2026-05-20,6689,18,2443,0.4583,High Coverage,Stable,100.0,Eligible
2026-05-20,6690,18,3464,0.6658,High Coverage,Moderate,100.0,Eligible
2026-05-20,6691,18,2862,0.6984,High Coverage,Moderate,100.0,Eligible
2026-05-20,6692,21,10483,0.3835,High Coverage,Stable,100.0,Eligible
2026-05-20,6693,21,10553,0.4959,High Coverage,Stable,100.0,Eligible
2026-05-20,6698,20,12961,0.4912,High Coverage,Stable,100.0,Eligible
2026-05-20,6699,10,2695,0.3497,Medium Coverage,Stable,100.0,Not Eligible
2026-05-20,6700,22,8554,0.3995,High Coverage,Stable,100.0,Eligible
2026-05-20,6701,20,4002,0.6017,High Coverage,Moderate,100.0,Eligible
2026-05-20,6702,19,5892,0.4607,High Coverage,Stable,100.0,Eligible
2026-05-20,6703,23,17232,0.3847,High Coverage,Stable,100.0,Eligible
2026-05-20,6704,24,17676,0.6016,High Coverage,Moderate,100.0,Eligible
2026-05-20,6705,23,32764,0.493,High Coverage,Stable,100.0,Eligible
2026-05-20,6706,23,20555,0.4876,High Coverage,Stable,100.0,Eligible
2026-05-20,6707,21,10225,0.5471,High Coverage,Moderate,100.0,Eligible
2026-05-20,6708,20,7533,0.474,High Coverage,Stable,100.0,Eligible
2026-05-20,6709,19,5609,0.662,High Coverage,Moderate,100.0,Eligible
2026-05-20,6710,11,1425,0.5568,Medium Coverage,Moderate,100.0,Not Eligible
2026-05-20,6712,22,26756,0.5096,High Coverage,Moderate,100.0,Eligible
2026-05-20,6713,22,9475,0.5023,High Coverage,Moderate,100.0,Eligible
2026-05-20,6714,19,13750,0.5407,High Coverage,Moderate,100.0,Eligible
2026-05-20,6715,23,18220,0.491,High Coverage,Stable,100.0,Eligible
2026-05-20,6716,14,3093,0.6978,Medium Coverage,Moderate,100.0,Eligible
2026-05-20,6717,9,2822,0.7523,Low Coverage,Moderate,100.0,Not Eligible
2026-05-20,6718,9,885,0.548,Low Coverage,Moderate,100.0,Not Eligible
2026-05-20,6719,8,1141,0.6636,Low Coverage,Moderate,100.0,Not Eligible
2026-05-20,6720,12,3450,0.6388,Medium Coverage,Moderate,100.0,Eligible
2026-05-20,6721,10,2511,0.5582,Medium Coverage,Moderate,100.0,Not Eligible
2026-05-20,6722,23,9067,0.4961,High Coverage,Stable,100.0,Eligible
2026-05-20,6723,23,7211,0.6076,High Coverage,Moderate,100.0,Eligible
2026-05-20,6724,23,12349,0.4896,High Coverage,Stable,100.0,Eligible
2026-05-20,6725,22,5288,0.4346,High Coverage,Stable,100.0,Eligible
2026-05-20,6726,20,7653,0.434,High Coverage,Stable,100.0,Eligible
2026-05-20,6727,23,11698,0.4977,High Coverage,Stable,100.0,Eligible
2026-05-20,6728,23,24395,0.5474,High Coverage,Moderate,100.0,Eligible
2026-05-20,6730,21,16697,0.6319,High Coverage,Moderate,100.0,Eligible
2026-05-20,6737,22,18382,0.6427,High Coverage,Moderate,100.0,Eligible
2026-05-20,6738,23,22205,0.4047,High Coverage,Stable,100.0,Eligible
2026-05-20,6739,11,2776,0.6481,Medium Coverage,Moderate,100.0,Not Eligible
2026-05-20,6741,24,14614,0.5745,High Coverage,Moderate,100.0,Eligible
2026-05-20,6742,10,1834,0.4757,Medium Coverage,Stable,100.0,Not Eligible
2026-05-20,6743,11,1486,0.7194,Medium Coverage,Moderate,100.0,Not Eligible
2026-05-20,6744,9,1447,0.6446,Low Coverage,Moderate,100.0,Not Eligible
2026-05-20,6745,6,488,0.5635,Low Coverage,Moderate,100.0,Not Eligible
2026-05-20,6746,3,365,0.57,Low Coverage,Moderate,100.0,Not Eligible
2026-05-20,6747,21,6216,0.5273,High Coverage,Moderate,100.0,Eligible
2026-05-20,6748,21,17096,0.5521,High Coverage,Moderate,100.0,Eligible
2026-05-20,6749,24,18213,0.5223,High Coverage,Moderate,100.0,Eligible
2026-05-20,6754,4,230,0.7051,Low Coverage,Moderate,100.0,Not Eligible
2026-05-20,6761,1,45,0.0,Low Coverage,Stable,100.0,Not Eligible
2026-05-20,6762,4,153,0.53,Low Coverage,Moderate,100.0,Not Eligible
2026-05-20,6776,18,1583,0.4619,High Coverage,Stable,100.0,Eligible
2026-05-20,6779,15,1541,0.277,Medium Coverage,Stable,100.0,Eligible
2026-05-20,6780,18,3289,0.49,High Coverage,Stable,100.0,Eligible
2026-05-20,6790,20,2466,0.4505,High Coverage,Stable,100.0,Eligible
2026-05-20,6796,20,4061,0.2961,High Coverage,Stable,100.0,Eligible
2026-05-20,6799,21,4027,0.5197,High Coverage,Moderate,100.0,Eligible
2026-05-20,6800,18,3793,0.3332,High Coverage,Stable,100.0,Eligible
2026-05-20,6804,14,1020,0.494,Medium Coverage,Stable,100.0,Eligible
2026-05-20,6805,14,983,0.5839,Medium Coverage,Moderate,100.0,Not Eligible
2026-05-20,6806,21,4533,0.4992,High Coverage,Stable,100.0,Eligible
2026-05-20,6811,19,1964,0.2234,High Coverage,Stable,100.0,Eligible
2026-05-20,6817,20,6522,0.5654,High Coverage,Moderate,100.0,Eligible
2026-05-20,6818,20,4822,0.4641,High Coverage,Stable,100.0,Eligible
2026-05-20,6819,21,13249,0.6146,High Coverage,Moderate,100.0,Eligible
2026-05-20,6821,21,14189,0.4961,High Coverage,Stable,100.0,Eligible
2026-05-20,6822,18,8225,0.536,High Coverage,Moderate,100.0,Eligible
2026-05-20,6823,13,1120,0.4315,Medium Coverage,Stable,100.0,Eligible
2026-05-20,6825,13,1283,0.3069,Medium Coverage,Stable,100.0,Eligible
2026-05-20,6827,14,2773,0.3155,Medium Coverage,Stable,100.0,Eligible
2026-05-20,6828,15,2873,0.4382,Medium Coverage,Stable,100.0,Eligible
2026-05-20,6829,12,2024,0.4854,Medium Coverage,Stable,100.0,Eligible
2026-05-20,6830,6,1571,0.6419,Low Coverage,Moderate,100.0,Not Eligible
2026-05-20,6831,3,395,0.8127,Low Coverage,Moderate,100.0,Not Eligible
2026-05-20,6833,3,577,0.5658,Low Coverage,Moderate,100.0,Not Eligible
2026-05-20,6834,6,1918,0.5641,Low Coverage,Moderate,100.0,Not Eligible
2026-05-20,6835,7,1771,0.808,Low Coverage,Moderate,100.0,Not Eligible
2026-05-20,6836,3,431,0.5801,Low Coverage,Moderate,100.0,Not Eligible
2026-05-20,6837,5,1067,0.7966,Low Coverage,Moderate,100.0,Not Eligible
2026-05-20,6838,7,1745,0.7133,Low Coverage,Moderate,100.0,Not Eligible
2026-05-20,6840,6,1325,0.7153,Low Coverage,Moderate,100.0,Not Eligible
2026-05-20,6841,7,3163,0.5279,Low Coverage,Moderate,100.0,Not Eligible
2026-05-20,6843,14,933,0.3942,Medium Coverage,Stable,100.0,Not Eligible
2026-05-20,6844,13,864,0.2657,Medium Coverage,Stable,100.0,Not Eligible
2026-05-20,7224,19,10616,0.5423,High Coverage,Moderate,100.0,Eligible
2026-05-20,7321,21,9119,0.4208,High Coverage,Stable,100.0,Eligible
2026-05-20,7322,16,967,0.4957,Medium Coverage,Stable,100.0,Not Eligible
2026-05-20,8289,2,84,0.2694,Low Coverage,Stable,100.0,Not Eligible
2026-05-20,8290,21,7211,0.4787,High Coverage,Stable,100.0,Eligible
2026-05-20,9745,12,3697,0.5178,Medium Coverage,Moderate,100.0,Eligible
2026-05-21,10232,16,1838,0.3919,Medium Coverage,Stable,100.0,Eligible
2026-05-21,11201,20,15137,0.5362,High Coverage,Moderate,100.0,Eligible
2026-05-21,11692,22,14973,0.5354,High Coverage,Moderate,100.0,Eligible
2026-05-21,11693,19,10806,0.3546,High Coverage,Stable,100.0,Eligible
2026-05-21,11696,21,7662,0.2884,High Coverage,Stable,100.0,Eligible
2026-05-21,12940,21,7345,0.3961,High Coverage,Stable,100.0,Eligible
2026-05-21,13684,13,2239,0.3234,Medium Coverage,Stable,100.0,Eligible
2026-05-21,16717,8,2459,0.604,Low Coverage,Moderate,100.0,Not Eligible
2026-05-21,16718,24,26641,0.5529,High Coverage,Moderate,100.0,Eligible
2026-05-21,16719,20,3338,0.4068,High Coverage,Stable,100.0,Eligible
2026-05-21,17707,19,7346,0.2916,High Coverage,Stable,100.0,Eligible
2026-05-21,18213,6,486,0.5841,Low Coverage,Moderate,100.0,Not Eligible
2026-05-21,18705,20,12511,0.4379,High Coverage,Stable,100.0,Eligible
2026-05-21,20667,20,7908,0.4651,High Coverage,Stable,100.0,Eligible
2026-05-21,22638,23,9117,0.4572,High Coverage,Stable,100.0,Eligible
2026-05-21,22639,17,3111,0.3815,Medium Coverage,Stable,100.0,Eligible
2026-05-21,23384,22,35305,0.4548,High Coverage,Stable,100.0,Eligible
2026-05-21,29038,22,15437,0.5185,High Coverage,Moderate,100.0,Eligible
2026-05-21,29039,2,100,0.5374,Low Coverage,Moderate,100.0,Not Eligible
2026-05-21,29040,2,75,0.396,Low Coverage,Stable,100.0,Not Eligible
2026-05-21,30036,20,3360,0.446,High Coverage,Stable,100.0,Eligible
2026-05-21,30037,22,4257,0.5322,High Coverage,Moderate,100.0,Eligible
2026-05-21,30038,21,5942,0.5645,High Coverage,Moderate,100.0,Eligible
2026-05-21,30039,21,6778,0.5437,High Coverage,Moderate,100.0,Eligible
2026-05-21,30040,23,6774,0.6199,High Coverage,Moderate,100.0,Eligible
2026-05-21,30041,11,2304,0.8362,Medium Coverage,Moderate,100.0,Not Eligible
2026-05-21,30043,22,9372,0.4289,High Coverage,Stable,100.0,Eligible
2026-05-21,30044,20,2383,0.3856,High Coverage,Stable,100.0,Eligible
2026-05-21,30045,17,4725,0.3121,Medium Coverage,Stable,100.0,Eligible
2026-05-21,30046,24,10029,0.4881,High Coverage,Stable,100.0,Eligible
2026-05-21,30047,20,3959,0.5099,High Coverage,Moderate,100.0,Eligible
2026-05-21,30048,19,3117,0.4,High Coverage,Stable,100.0,Eligible
2026-05-21,30049,19,5028,0.4583,High Coverage,Stable,100.0,Eligible
2026-05-21,30050,20,4901,0.3572,High Coverage,Stable,100.0,Eligible
2026-05-21,30051,19,2205,0.3552,High Coverage,Stable,100.0,Eligible
2026-05-21,30055,20,10957,0.33,High Coverage,Stable,100.0,Eligible
2026-05-21,30584,19,3647,0.3347,High Coverage,Stable,100.0,Eligible
2026-05-21,31816,16,3291,0.3823,Medium Coverage,Stable,100.0,Eligible
2026-05-21,31817,16,3283,0.2712,Medium Coverage,Stable,100.0,Eligible
2026-05-21,31818,13,1487,0.0975,Medium Coverage,Stable,100.0,Eligible
2026-05-21,31819,19,5627,0.2522,High Coverage,Stable,100.0,Eligible
2026-05-21,31821,18,2563,0.4608,High Coverage,Stable,100.0,Eligible
2026-05-21,31822,17,2705,0.4711,Medium Coverage,Stable,100.0,Eligible
2026-05-21,32799,23,10838,0.4513,High Coverage,Stable,100.0,Eligible
2026-05-21,33292,21,6840,0.493,High Coverage,Stable,100.0,Eligible
2026-05-21,33538,20,5529,0.3337,High Coverage,Stable,100.0,Eligible
2026-05-21,34042,18,3042,0.4951,High Coverage,Stable,100.0,Eligible
2026-05-21,34043,17,3537,0.4549,Medium Coverage,Stable,100.0,Eligible
2026-05-21,34540,19,2024,0.3058,High Coverage,Stable,100.0,Eligible
2026-05-21,34541,18,2651,0.2665,High Coverage,Stable,100.0,Eligible
2026-05-21,34542,23,11638,0.395,High Coverage,Stable,100.0,Eligible
2026-05-21,34543,23,9687,0.5071,High Coverage,Moderate,100.0,Eligible
2026-05-21,36799,22,4230,0.6283,High Coverage,Moderate,100.0,Eligible
2026-05-21,37807,23,27212,0.5817,High Coverage,Moderate,100.0,Eligible
2026-05-21,37808,22,18657,0.3665,High Coverage,Stable,100.0,Eligible
2026-05-21,37809,20,14761,0.2965,High Coverage,Stable,100.0,Eligible
2026-05-21,37810,22,42911,0.6104,High Coverage,Moderate,100.0,Eligible
2026-05-21,38311,23,14421,0.4226,High Coverage,Stable,100.0,Eligible
2026-05-21,39304,18,4010,0.4586,High Coverage,Stable,100.0,Eligible
2026-05-21,39305,11,8200,0.6195,Medium Coverage,Moderate,100.0,Not Eligible
2026-05-21,39307,21,7071,0.5023,High Coverage,Moderate,100.0,Eligible
2026-05-21,40855,24,5740,0.3509,High Coverage,Stable,100.0,Eligible
2026-05-21,45596,14,2917,0.2141,Medium Coverage,Stable,100.0,Eligible
2026-05-21,46099,20,3896,0.3615,High Coverage,Stable,100.0,Eligible
2026-05-21,46604,22,20446,0.3504,High Coverage,Stable,100.0,Eligible
2026-05-21,48855,15,3113,0.1607,Medium Coverage,Stable,100.0,Eligible
2026-05-21,6612,21,16403,0.365,High Coverage,Stable,100.0,Eligible
2026-05-21,6613,23,17961,0.4144,High Coverage,Stable,100.0,Eligible
2026-05-21,6614,20,21182,0.4493,High Coverage,Stable,100.0,Eligible
2026-05-21,6615,22,13213,0.6216,High Coverage,Moderate,100.0,Eligible
2026-05-21,6616,21,12082,0.4798,High Coverage,Stable,100.0,Eligible
2026-05-21,6617,22,25492,0.4477,High Coverage,Stable,100.0,Eligible
2026-05-21,6618,24,17020,0.4509,High Coverage,Stable,100.0,Eligible
2026-05-21,6619,23,24142,0.5004,High Coverage,Moderate,100.0,Eligible
2026-05-21,6620,23,18663,0.3928,High Coverage,Stable,100.0,Eligible
2026-05-21,6621,23,8706,0.4521,High Coverage,Stable,100.0,Eligible
2026-05-21,6622,23,37460,0.5621,High Coverage,Moderate,100.0,Eligible
2026-05-21,6623,22,15327,0.4086,High Coverage,Stable,100.0,Eligible
2026-05-21,6624,23,28284,0.4972,High Coverage,Stable,100.0,Eligible
2026-05-21,6625,23,21750,0.3837,High Coverage,Stable,100.0,Eligible
2026-05-21,6626,23,19260,0.5155,High Coverage,Moderate,100.0,Eligible
2026-05-21,6627,21,32203,0.5467,High Coverage,Moderate,100.0,Eligible
2026-05-21,6628,22,8774,0.5257,High Coverage,Moderate,100.0,Eligible
2026-05-21,6629,21,6774,0.4628,High Coverage,Stable,100.0,Eligible
2026-05-21,6630,23,12181,0.449,High Coverage,Stable,100.0,Eligible
2026-05-21,6631,20,3926,0.4319,High Coverage,Stable,100.0,Eligible
2026-05-21,6633,24,15720,0.4158,High Coverage,Stable,100.0,Eligible
2026-05-21,6635,14,8946,0.5204,Medium Coverage,Moderate,100.0,Eligible
2026-05-21,6636,21,44996,0.5697,High Coverage,Moderate,100.0,Eligible
2026-05-21,6637,23,9336,0.4224,High Coverage,Stable,100.0,Eligible
2026-05-21,6638,19,12000,0.4405,High Coverage,Stable,100.0,Eligible
2026-05-21,6641,23,48946,0.6653,High Coverage,Moderate,100.0,Eligible
2026-05-21,6642,24,23790,0.5411,High Coverage,Moderate,100.0,Eligible
2026-05-21,6643,21,8195,0.5067,High Coverage,Moderate,100.0,Eligible
2026-05-21,6644,21,8079,0.5921,High Coverage,Moderate,100.0,Eligible
2026-05-21,6645,23,13882,0.4998,High Coverage,Stable,100.0,Eligible
2026-05-21,6646,22,11001,0.4311,High Coverage,Stable,100.0,Eligible
2026-05-21,6647,23,7138,0.4581,High Coverage,Stable,100.0,Eligible
2026-05-21,6648,19,10603,0.5597,High Coverage,Moderate,100.0,Eligible
2026-05-21,6649,23,14959,0.5127,High Coverage,Moderate,100.0,Eligible
2026-05-21,6650,21,9002,0.5224,High Coverage,Moderate,100.0,Eligible
2026-05-21,6651,22,18203,0.5648,High Coverage,Moderate,100.0,Eligible
2026-05-21,6652,21,6464,0.3652,High Coverage,Stable,100.0,Eligible
2026-05-21,6654,22,6686,0.3754,High Coverage,Stable,100.0,Eligible
2026-05-21,6656,16,3126,0.3974,Medium Coverage,Stable,100.0,Eligible
2026-05-21,6657,21,15160,0.4363,High Coverage,Stable,100.0,Eligible
2026-05-21,6658,22,7756,0.4621,High Coverage,Stable,100.0,Eligible
2026-05-21,6659,23,5127,0.3445,High Coverage,Stable,100.0,Eligible
2026-05-21,6660,20,8037,0.4924,High Coverage,Stable,100.0,Eligible
2026-05-21,6661,19,7610,0.4331,High Coverage,Stable,100.0,Eligible
2026-05-21,6662,22,7714,0.5013,High Coverage,Moderate,100.0,Eligible
2026-05-21,6663,20,6352,0.3438,High Coverage,Stable,100.0,Eligible
2026-05-21,6664,23,7284,0.4126,High Coverage,Stable,100.0,Eligible
2026-05-21,6665,20,6090,0.281,High Coverage,Stable,100.0,Eligible
2026-05-21,6666,23,10511,0.5562,High Coverage,Moderate,100.0,Eligible
2026-05-21,6667,23,21934,0.4538,High Coverage,Stable,100.0,Eligible
2026-05-21,6668,22,4998,0.3016,High Coverage,Stable,100.0,Eligible
2026-05-21,6672,16,10640,0.4197,Medium Coverage,Stable,100.0,Eligible
2026-05-21,6673,22,9930,0.6211,High Coverage,Moderate,100.0,Eligible
2026-05-21,6674,21,3756,0.3286,High Coverage,Stable,100.0,Eligible
2026-05-21,6675,19,3269,0.5243,High Coverage,Moderate,100.0,Eligible
2026-05-21,6676,23,6963,0.4872,High Coverage,Stable,100.0,Eligible
2026-05-21,6677,21,6327,0.4557,High Coverage,Stable,100.0,Eligible
2026-05-21,6678,21,5529,0.4894,High Coverage,Stable,100.0,Eligible
2026-05-21,6679,19,7279,0.3834,High Coverage,Stable,100.0,Eligible
2026-05-21,6680,19,6616,0.5125,High Coverage,Moderate,100.0,Eligible
2026-05-21,6682,22,21056,0.5299,High Coverage,Moderate,100.0,Eligible
2026-05-21,6683,10,3332,0.5625,Medium Coverage,Moderate,100.0,Not Eligible
2026-05-21,6685,22,8454,0.7005,High Coverage,Moderate,100.0,Eligible
2026-05-21,6686,8,970,0.5541,Low Coverage,Moderate,100.0,Not Eligible
2026-05-21,6687,21,24747,0.4984,High Coverage,Stable,100.0,Eligible
2026-05-21,6688,18,2888,0.3874,High Coverage,Stable,100.0,Eligible
2026-05-21,6689,19,2571,0.4349,High Coverage,Stable,100.0,Eligible
2026-05-21,6690,18,3733,0.6016,High Coverage,Moderate,100.0,Eligible
2026-05-21,6691,18,3080,0.6546,High Coverage,Moderate,100.0,Eligible
2026-05-21,6692,21,11309,0.3507,High Coverage,Stable,100.0,Eligible
2026-05-21,6693,20,11112,0.3938,High Coverage,Stable,100.0,Eligible
2026-05-21,6698,20,13612,0.4275,High Coverage,Stable,100.0,Eligible
2026-05-21,6699,13,2766,0.6544,Medium Coverage,Moderate,100.0,Eligible
2026-05-21,6700,22,8998,0.3533,High Coverage,Stable,100.0,Eligible
2026-05-21,6701,21,4129,0.5603,High Coverage,Moderate,100.0,Eligible
2026-05-21,6702,19,6379,0.4185,High Coverage,Stable,100.0,Eligible
2026-05-21,6703,23,18020,0.3217,High Coverage,Stable,100.0,Eligible
2026-05-21,6704,24,18432,0.5589,High Coverage,Moderate,100.0,Eligible
2026-05-21,6705,23,34506,0.4589,High Coverage,Stable,100.0,Eligible
2026-05-21,6706,23,21566,0.4329,High Coverage,Stable,100.0,Eligible
2026-05-21,6707,20,10950,0.4499,High Coverage,Stable,100.0,Eligible
2026-05-21,6708,20,7970,0.4112,High Coverage,Stable,100.0,Eligible
2026-05-21,6709,19,5417,0.6085,High Coverage,Moderate,100.0,Eligible
2026-05-21,6710,12,1602,0.5884,Medium Coverage,Moderate,100.0,Eligible
2026-05-21,6712,23,27765,0.5018,High Coverage,Moderate,100.0,Eligible
2026-05-21,6713,22,9946,0.4643,High Coverage,Stable,100.0,Eligible
2026-05-21,6714,19,14089,0.488,High Coverage,Stable,100.0,Eligible
2026-05-21,6715,23,19718,0.4663,High Coverage,Stable,100.0,Eligible
2026-05-21,6716,14,3219,0.6511,Medium Coverage,Moderate,100.0,Eligible
2026-05-21,6717,9,2871,0.7045,Low Coverage,Moderate,100.0,Not Eligible
2026-05-21,6718,8,876,0.3734,Low Coverage,Stable,100.0,Not Eligible
2026-05-21,6719,8,1134,0.5947,Low Coverage,Moderate,100.0,Not Eligible
2026-05-21,6720,11,3517,0.5256,Medium Coverage,Moderate,100.0,Not Eligible
2026-05-21,6721,10,2498,0.548,Medium Coverage,Moderate,100.0,Not Eligible
2026-05-21,6722,24,9703,0.538,High Coverage,Moderate,100.0,Eligible
2026-05-21,6723,23,7381,0.5645,High Coverage,Moderate,100.0,Eligible
2026-05-21,6724,23,12952,0.4637,High Coverage,Stable,100.0,Eligible
2026-05-21,6725,22,5652,0.4229,High Coverage,Stable,100.0,Eligible
2026-05-21,6726,20,8315,0.3736,High Coverage,Stable,100.0,Eligible
2026-05-21,6727,23,12488,0.462,High Coverage,Stable,100.0,Eligible
2026-05-21,6728,23,26809,0.4958,High Coverage,Stable,100.0,Eligible
2026-05-21,6730,21,17586,0.5778,High Coverage,Moderate,100.0,Eligible
2026-05-21,6737,22,19355,0.606,High Coverage,Moderate,100.0,Eligible
2026-05-21,6738,23,23249,0.3518,High Coverage,Stable,100.0,Eligible
2026-05-21,6739,11,2844,0.6691,Medium Coverage,Moderate,100.0,Not Eligible
2026-05-21,6741,24,15276,0.5448,High Coverage,Moderate,100.0,Eligible
2026-05-21,6742,10,1802,0.4896,Medium Coverage,Stable,100.0,Not Eligible
2026-05-21,6743,10,1586,0.5993,Medium Coverage,Moderate,100.0,Not Eligible
2026-05-21,6744,9,1435,0.6635,Low Coverage,Moderate,100.0,Not Eligible
2026-05-21,6745,6,473,0.5041,Low Coverage,Moderate,100.0,Not Eligible
2026-05-21,6746,4,384,0.8794,Low Coverage,Moderate,100.0,Not Eligible
2026-05-21,6747,21,6736,0.4883,High Coverage,Stable,100.0,Eligible
2026-05-21,6748,21,17938,0.5228,High Coverage,Moderate,100.0,Eligible
2026-05-21,6749,23,19077,0.4279,High Coverage,Stable,100.0,Eligible
2026-05-21,6754,4,244,0.6038,Low Coverage,Moderate,100.0,Not Eligible
2026-05-21,6761,1,52,0.0,Low Coverage,Stable,100.0,Not Eligible
2026-05-21,6762,3,136,0.2758,Low Coverage,Stable,100.0,Not Eligible
2026-05-21,6776,18,1633,0.4458,High Coverage,Stable,100.0,Eligible
2026-05-21,6779,15,1648,0.1989,Medium Coverage,Stable,100.0,Eligible
2026-05-21,6780,18,3940,0.4524,High Coverage,Stable,100.0,Eligible
2026-05-21,6790,20,2721,0.3277,High Coverage,Stable,100.0,Eligible
2026-05-21,6796,20,4221,0.2471,High Coverage,Stable,100.0,Eligible
2026-05-21,6799,20,4172,0.4174,High Coverage,Stable,100.0,Eligible
2026-05-21,6800,18,4130,0.2661,High Coverage,Stable,100.0,Eligible
2026-05-21,6804,15,1056,0.5414,Medium Coverage,Moderate,100.0,Eligible
2026-05-21,6805,14,1044,0.5838,Medium Coverage,Moderate,100.0,Eligible
2026-05-21,6806,20,4711,0.4046,High Coverage,Stable,100.0,Eligible
2026-05-21,6811,20,2082,0.2701,High Coverage,Stable,100.0,Eligible
2026-05-21,6817,20,6870,0.4921,High Coverage,Stable,100.0,Eligible
2026-05-21,6818,20,4987,0.4524,High Coverage,Stable,100.0,Eligible
2026-05-21,6819,21,13724,0.5604,High Coverage,Moderate,100.0,Eligible
2026-05-21,6821,21,14904,0.4296,High Coverage,Stable,100.0,Eligible
2026-05-21,6822,18,8762,0.4469,High Coverage,Stable,100.0,Eligible
2026-05-21,6823,13,1262,0.337,Medium Coverage,Stable,100.0,Eligible
2026-05-21,6825,13,1409,0.215,Medium Coverage,Stable,100.0,Eligible
2026-05-21,6827,14,2917,0.2342,Medium Coverage,Stable,100.0,Eligible
2026-05-21,6828,15,3117,0.3558,Medium Coverage,Stable,100.0,Eligible
2026-05-21,6829,12,2061,0.4523,Medium Coverage,Stable,100.0,Eligible
2026-05-21,6830,5,1492,0.513,Low Coverage,Moderate,100.0,Not Eligible
2026-05-21,6831,3,352,0.7934,Low Coverage,Moderate,100.0,Not Eligible
2026-05-21,6833,3,536,0.5413,Low Coverage,Moderate,100.0,Not Eligible
2026-05-21,6834,6,1901,0.6396,Low Coverage,Moderate,100.0,Not Eligible
2026-05-21,6835,7,1746,0.7657,Low Coverage,Moderate,100.0,Not Eligible
2026-05-21,6836,3,447,0.5259,Low Coverage,Moderate,100.0,Not Eligible
2026-05-21,6837,5,1160,0.7806,Low Coverage,Moderate,100.0,Not Eligible
2026-05-21,6838,7,1708,0.7214,Low Coverage,Moderate,100.0,Not Eligible
2026-05-21,6840,6,1314,0.6921,Low Coverage,Moderate,100.0,Not Eligible
2026-05-21,6841,7,3123,0.5363,Low Coverage,Moderate,100.0,Not Eligible
2026-05-21,6843,14,940,0.2315,Medium Coverage,Stable,100.0,Not Eligible
2026-05-21,6844,13,1032,0.2411,Medium Coverage,Stable,100.0,Eligible
2026-05-21,7224,19,10986,0.4966,High Coverage,Stable,100.0,Eligible
2026-05-21,7321,21,9714,0.3933,High Coverage,Stable,100.0,Eligible
2026-05-21,7322,16,1029,0.3606,Medium Coverage,Stable,100.0,Eligible
2026-05-21,8289,2,76,0.0372,Low Coverage,Stable,100.0,Not Eligible
2026-05-21,8290,21,7431,0.4311,High Coverage,Stable,100.0,Eligible
2026-05-21,9745,13,3913,0.5834,Medium Coverage,Moderate,100.0,Eligible
2026-05-22,10232,18,2118,0.2476,High Coverage,Stable,100.0,Eligible
2026-05-22,11201,20,16258,0.4873,High Coverage,Stable,100.0,Eligible
2026-05-22,11692,22,14969,0.5446,High Coverage,Moderate,100.0,Eligible
2026-05-22,11693,18,11053,0.244,High Coverage,Stable,100.0,Eligible
2026-05-22,11696,21,7912,0.2793,High Coverage,Stable,100.0,Eligible
2026-05-22,12940,21,7259,0.3762,High Coverage,Stable,100.0,Eligible
2026-05-22,13684,13,2262,0.295,Medium Coverage,Stable,100.0,Eligible
2026-05-22,16717,8,2490,0.5961,Low Coverage,Moderate,100.0,Not Eligible
2026-05-22,16718,24,26790,0.5533,High Coverage,Moderate,100.0,Eligible
2026-05-22,16719,21,4090,0.4728,High Coverage,Stable,100.0,Eligible
2026-05-22,17707,19,6903,0.2772,High Coverage,Stable,100.0,Eligible
2026-05-22,18213,6,446,0.6512,Low Coverage,Moderate,100.0,Not Eligible
2026-05-22,18705,20,12758,0.4366,High Coverage,Stable,100.0,Eligible
2026-05-22,20667,20,7743,0.4758,High Coverage,Stable,100.0,Eligible
2026-05-22,22638,23,8764,0.4914,High Coverage,Stable,100.0,Eligible
2026-05-22,22639,17,3282,0.36,Medium Coverage,Stable,100.0,Eligible
2026-05-22,23384,22,34733,0.4432,High Coverage,Stable,100.0,Eligible
2026-05-22,29038,22,15137,0.5067,High Coverage,Moderate,100.0,Eligible
2026-05-22,29039,2,84,0.4377,Low Coverage,Stable,100.0,Not Eligible
2026-05-22,29040,2,61,0.9969,Low Coverage,Moderate,100.0,Not Eligible
2026-05-22,30036,20,3078,0.3879,High Coverage,Stable,100.0,Eligible
2026-05-22,30037,22,4541,0.5862,High Coverage,Moderate,100.0,Eligible
2026-05-22,30038,20,5654,0.5566,High Coverage,Moderate,100.0,Eligible
2026-05-22,30039,21,6528,0.5208,High Coverage,Moderate,100.0,Eligible
2026-05-22,30040,22,6865,0.6,High Coverage,Moderate,100.0,Eligible
2026-05-22,30041,11,2802,0.8026,Medium Coverage,Moderate,100.0,Not Eligible
2026-05-22,30043,22,9937,0.4126,High Coverage,Stable,100.0,Eligible
2026-05-22,30044,20,2322,0.4384,High Coverage,Stable,100.0,Eligible
2026-05-22,30045,17,4918,0.3061,Medium Coverage,Stable,100.0,Eligible
2026-05-22,30046,23,9886,0.4316,High Coverage,Stable,100.0,Eligible
2026-05-22,30047,20,4073,0.4944,High Coverage,Stable,100.0,Eligible
2026-05-22,30048,19,3175,0.4558,High Coverage,Stable,100.0,Eligible
2026-05-22,30049,19,4946,0.4634,High Coverage,Stable,100.0,Eligible
2026-05-22,30050,20,4938,0.3688,High Coverage,Stable,100.0,Eligible
2026-05-22,30051,18,2205,0.2965,High Coverage,Stable,100.0,Eligible
2026-05-22,30055,20,10947,0.3211,High Coverage,Stable,100.0,Eligible
2026-05-22,30584,19,3518,0.3359,High Coverage,Stable,100.0,Eligible
2026-05-22,31816,16,3211,0.3976,Medium Coverage,Stable,100.0,Eligible
2026-05-22,31817,17,3337,0.3603,Medium Coverage,Stable,100.0,Eligible
2026-05-22,31818,15,1681,0.1335,Medium Coverage,Stable,100.0,Eligible
2026-05-22,31819,19,5792,0.2618,High Coverage,Stable,100.0,Eligible
2026-05-22,31821,18,2376,0.4433,High Coverage,Stable,100.0,Eligible
2026-05-22,31822,18,2833,0.5153,High Coverage,Moderate,100.0,Eligible
2026-05-22,32799,23,10967,0.4412,High Coverage,Stable,100.0,Eligible
2026-05-22,33292,21,6852,0.4966,High Coverage,Stable,100.0,Eligible
2026-05-22,33538,20,5509,0.361,High Coverage,Stable,100.0,Eligible
2026-05-22,34042,18,3170,0.5042,High Coverage,Moderate,100.0,Eligible
2026-05-22,34043,17,3299,0.4478,Medium Coverage,Stable,100.0,Eligible
2026-05-22,34540,19,2144,0.2882,High Coverage,Stable,100.0,Eligible
2026-05-22,34541,19,2617,0.3439,High Coverage,Stable,100.0,Eligible
2026-05-22,34542,23,11731,0.3895,High Coverage,Stable,100.0,Eligible
2026-05-22,34543,23,9745,0.5068,High Coverage,Moderate,100.0,Eligible
2026-05-22,36799,22,4178,0.6365,High Coverage,Moderate,100.0,Eligible
2026-05-22,37807,23,27372,0.582,High Coverage,Moderate,100.0,Eligible
2026-05-22,37808,22,19022,0.3676,High Coverage,Stable,100.0,Eligible
2026-05-22,37809,21,14977,0.3627,High Coverage,Stable,100.0,Eligible
2026-05-22,37810,22,43037,0.6196,High Coverage,Moderate,100.0,Eligible
2026-05-22,38311,22,14406,0.3507,High Coverage,Stable,100.0,Eligible
2026-05-22,39304,17,3899,0.3977,Medium Coverage,Stable,100.0,Eligible
2026-05-22,39305,11,8375,0.636,Medium Coverage,Moderate,100.0,Not Eligible
2026-05-22,39307,21,6837,0.4941,High Coverage,Stable,100.0,Eligible
2026-05-22,40855,24,5698,0.3512,High Coverage,Stable,100.0,Eligible
2026-05-22,45596,14,2982,0.222,Medium Coverage,Stable,100.0,Eligible
2026-05-22,46099,20,3697,0.3758,High Coverage,Stable,100.0,Eligible
2026-05-22,46604,22,20309,0.3601,High Coverage,Stable,100.0,Eligible
2026-05-22,48855,15,3219,0.2011,Medium Coverage,Stable,100.0,Eligible
2026-05-22,6612,21,16264,0.3714,High Coverage,Stable,100.0,Eligible
2026-05-22,6613,23,17812,0.404,High Coverage,Stable,100.0,Eligible
2026-05-22,6614,20,21197,0.4441,High Coverage,Stable,100.0,Eligible
2026-05-22,6615,22,12802,0.5227,High Coverage,Moderate,100.0,Eligible
2026-05-22,6616,22,12496,0.5831,High Coverage,Moderate,100.0,Eligible
2026-05-22,6617,21,25240,0.3803,High Coverage,Stable,100.0,Eligible
2026-05-22,6618,23,16965,0.3988,High Coverage,Stable,100.0,Eligible
2026-05-22,6619,23,24375,0.4888,High Coverage,Stable,100.0,Eligible
2026-05-22,6620,23,18753,0.3928,High Coverage,Stable,100.0,Eligible
2026-05-22,6621,23,8864,0.4539,High Coverage,Stable,100.0,Eligible
2026-05-22,6622,23,37548,0.5548,High Coverage,Moderate,100.0,Eligible
2026-05-22,6623,22,15336,0.4086,High Coverage,Stable,100.0,Eligible
2026-05-22,6624,23,28407,0.4883,High Coverage,Stable,100.0,Eligible
2026-05-22,6625,23,21589,0.3932,High Coverage,Stable,100.0,Eligible
2026-05-22,6626,23,19755,0.516,High Coverage,Moderate,100.0,Eligible
2026-05-22,6627,21,32368,0.5502,High Coverage,Moderate,100.0,Eligible
2026-05-22,6628,22,9920,0.4796,High Coverage,Stable,100.0,Eligible
2026-05-22,6629,21,7232,0.4476,High Coverage,Stable,100.0,Eligible
2026-05-22,6630,23,12218,0.4397,High Coverage,Stable,100.0,Eligible
2026-05-22,6631,21,4380,0.4815,High Coverage,Stable,100.0,Eligible
2026-05-22,6633,24,15753,0.4182,High Coverage,Stable,100.0,Eligible
2026-05-22,6635,14,9052,0.508,Medium Coverage,Moderate,100.0,Eligible
2026-05-22,6636,21,45055,0.5804,High Coverage,Moderate,100.0,Eligible
2026-05-22,6637,23,9350,0.4143,High Coverage,Stable,100.0,Eligible
2026-05-22,6638,19,11808,0.4473,High Coverage,Stable,100.0,Eligible
2026-05-22,6641,23,48566,0.668,High Coverage,Moderate,100.0,Eligible
2026-05-22,6642,23,23608,0.4965,High Coverage,Stable,100.0,Eligible
2026-05-22,6643,21,8252,0.4713,High Coverage,Stable,100.0,Eligible
2026-05-22,6644,21,7973,0.6205,High Coverage,Moderate,100.0,Eligible
2026-05-22,6645,23,13190,0.5132,High Coverage,Moderate,100.0,Eligible
2026-05-22,6646,22,11102,0.4393,High Coverage,Stable,100.0,Eligible
2026-05-22,6647,23,7190,0.4812,High Coverage,Stable,100.0,Eligible
2026-05-22,6648,20,11097,0.636,High Coverage,Moderate,100.0,Eligible
2026-05-22,6649,23,13852,0.5277,High Coverage,Moderate,100.0,Eligible
2026-05-22,6650,21,8711,0.5191,High Coverage,Moderate,100.0,Eligible
2026-05-22,6651,22,21028,0.5731,High Coverage,Moderate,100.0,Eligible
2026-05-22,6652,21,6317,0.3562,High Coverage,Stable,100.0,Eligible
2026-05-22,6654,21,6701,0.2914,High Coverage,Stable,100.0,Eligible
2026-05-22,6656,16,3107,0.4008,Medium Coverage,Stable,100.0,Eligible
2026-05-22,6657,21,15054,0.429,High Coverage,Stable,100.0,Eligible
2026-05-22,6658,22,7652,0.4624,High Coverage,Stable,100.0,Eligible
2026-05-22,6659,23,5061,0.326,High Coverage,Stable,100.0,Eligible
2026-05-22,6660,20,7787,0.5565,High Coverage,Moderate,100.0,Eligible
2026-05-22,6661,19,7699,0.4285,High Coverage,Stable,100.0,Eligible
2026-05-22,6662,22,7790,0.5228,High Coverage,Moderate,100.0,Eligible
2026-05-22,6663,20,6388,0.3344,High Coverage,Stable,100.0,Eligible
2026-05-22,6664,22,7371,0.327,High Coverage,Stable,100.0,Eligible
2026-05-22,6665,20,6024,0.2901,High Coverage,Stable,100.0,Eligible
2026-05-22,6666,23,10367,0.551,High Coverage,Moderate,100.0,Eligible
2026-05-22,6667,23,21897,0.4525,High Coverage,Stable,100.0,Eligible
2026-05-22,6668,22,5111,0.304,High Coverage,Stable,100.0,Eligible
2026-05-22,6672,16,10606,0.4319,Medium Coverage,Stable,100.0,Eligible
2026-05-22,6673,22,9697,0.609,High Coverage,Moderate,100.0,Eligible
2026-05-22,6674,21,3755,0.3547,High Coverage,Stable,100.0,Eligible
2026-05-22,6675,19,3306,0.5149,High Coverage,Moderate,100.0,Eligible
2026-05-22,6676,23,7242,0.5043,High Coverage,Moderate,100.0,Eligible
2026-05-22,6677,21,6469,0.4946,High Coverage,Stable,100.0,Eligible
2026-05-22,6678,21,5311,0.4893,High Coverage,Stable,100.0,Eligible
2026-05-22,6679,19,7295,0.3714,High Coverage,Stable,100.0,Eligible
2026-05-22,6680,19,7029,0.5469,High Coverage,Moderate,100.0,Eligible
2026-05-22,6682,21,20910,0.4609,High Coverage,Stable,100.0,Eligible
2026-05-22,6683,10,2952,0.6596,Medium Coverage,Moderate,100.0,Not Eligible
2026-05-22,6685,22,7793,0.632,High Coverage,Moderate,100.0,Eligible
2026-05-22,6686,8,926,0.486,Low Coverage,Stable,100.0,Not Eligible
2026-05-22,6687,21,24566,0.5045,High Coverage,Moderate,100.0,Eligible
2026-05-22,6688,18,2933,0.3769,High Coverage,Stable,100.0,Eligible
2026-05-22,6689,18,2363,0.4241,High Coverage,Stable,100.0,Eligible
2026-05-22,6690,18,3635,0.6468,High Coverage,Moderate,100.0,Eligible
2026-05-22,6691,18,3013,0.6533,High Coverage,Moderate,100.0,Eligible
2026-05-22,6692,21,10854,0.3757,High Coverage,Stable,100.0,Eligible
2026-05-22,6693,21,12134,0.4996,High Coverage,Stable,100.0,Eligible
2026-05-22,6698,20,13355,0.413,High Coverage,Stable,100.0,Eligible
2026-05-22,6699,11,2761,0.4563,Medium Coverage,Stable,100.0,Not Eligible
2026-05-22,6700,22,8910,0.3639,High Coverage,Stable,100.0,Eligible
2026-05-22,6701,21,4180,0.5633,High Coverage,Moderate,100.0,Eligible
2026-05-22,6702,19,6258,0.4053,High Coverage,Stable,100.0,Eligible
2026-05-22,6703,23,18171,0.3261,High Coverage,Stable,100.0,Eligible
2026-05-22,6704,24,18547,0.5878,High Coverage,Moderate,100.0,Eligible
2026-05-22,6705,23,34544,0.4598,High Coverage,Stable,100.0,Eligible
2026-05-22,6706,23,21784,0.4389,High Coverage,Stable,100.0,Eligible
2026-05-22,6707,21,10978,0.5071,High Coverage,Moderate,100.0,Eligible
2026-05-22,6708,20,7961,0.422,High Coverage,Stable,100.0,Eligible
2026-05-22,6709,19,5685,0.5996,High Coverage,Moderate,100.0,Eligible
2026-05-22,6710,12,1560,0.5892,Medium Coverage,Moderate,100.0,Eligible
2026-05-22,6712,22,27860,0.462,High Coverage,Stable,100.0,Eligible
2026-05-22,6713,22,10132,0.4404,High Coverage,Stable,100.0,Eligible
2026-05-22,6714,19,13782,0.5021,High Coverage,Moderate,100.0,Eligible
2026-05-22,6715,22,19114,0.4436,High Coverage,Stable,100.0,Eligible
2026-05-22,6716,14,2827,0.6342,Medium Coverage,Moderate,100.0,Eligible
2026-05-22,6717,9,2611,0.764,Low Coverage,Moderate,100.0,Not Eligible
2026-05-22,6718,9,915,0.51,Low Coverage,Moderate,100.0,Not Eligible
2026-05-22,6719,8,1271,0.6646,Low Coverage,Moderate,100.0,Not Eligible
2026-05-22,6720,12,3507,0.6397,Medium Coverage,Moderate,100.0,Eligible
2026-05-22,6721,10,2558,0.5596,Medium Coverage,Moderate,100.0,Not Eligible
2026-05-22,6722,24,9758,0.5239,High Coverage,Moderate,100.0,Eligible
2026-05-22,6723,23,7492,0.5455,High Coverage,Moderate,100.0,Eligible
2026-05-22,6724,23,12942,0.4557,High Coverage,Stable,100.0,Eligible
2026-05-22,6725,22,5689,0.4099,High Coverage,Stable,100.0,Eligible
2026-05-22,6726,20,8308,0.3649,High Coverage,Stable,100.0,Eligible
2026-05-22,6727,23,12247,0.4566,High Coverage,Stable,100.0,Eligible
2026-05-22,6728,23,26242,0.489,High Coverage,Stable,100.0,Eligible
2026-05-22,6730,21,17549,0.5772,High Coverage,Moderate,100.0,Eligible
2026-05-22,6737,22,18997,0.6128,High Coverage,Moderate,100.0,Eligible
2026-05-22,6738,23,23436,0.356,High Coverage,Stable,100.0,Eligible
2026-05-22,6739,11,2886,0.6045,Medium Coverage,Moderate,100.0,Not Eligible
2026-05-22,6741,24,15825,0.5427,High Coverage,Moderate,100.0,Eligible
2026-05-22,6742,10,1785,0.5903,Medium Coverage,Moderate,100.0,Not Eligible
2026-05-22,6743,10,1565,0.5979,Medium Coverage,Moderate,100.0,Not Eligible
2026-05-22,6744,8,1336,0.6705,Low Coverage,Moderate,100.0,Not Eligible
2026-05-22,6745,6,461,0.5579,Low Coverage,Moderate,100.0,Not Eligible
2026-05-22,6746,3,367,0.549,Low Coverage,Moderate,100.0,Not Eligible
2026-05-22,6747,21,6782,0.4961,High Coverage,Stable,100.0,Eligible
2026-05-22,6748,21,17929,0.5223,High Coverage,Moderate,100.0,Eligible
2026-05-22,6749,23,19226,0.4303,High Coverage,Stable,100.0,Eligible
2026-05-22,6754,4,246,0.558,Low Coverage,Moderate,100.0,Not Eligible
2026-05-22,6761,1,43,0.0,Low Coverage,Stable,100.0,Not Eligible
2026-05-22,6762,3,164,0.4116,Low Coverage,Stable,100.0,Not Eligible
2026-05-22,6776,18,1635,0.4318,High Coverage,Stable,100.0,Eligible
2026-05-22,6779,18,2102,0.0397,High Coverage,Stable,100.0,Eligible
2026-05-22,6780,18,3909,0.4337,High Coverage,Stable,100.0,Eligible
2026-05-22,6790,20,2802,0.3653,High Coverage,Stable,100.0,Eligible
2026-05-22,6796,20,4215,0.2616,High Coverage,Stable,100.0,Eligible
2026-05-22,6799,20,4148,0.4045,High Coverage,Stable,100.0,Eligible
2026-05-22,6800,18,4072,0.3033,High Coverage,Stable,100.0,Eligible
2026-05-22,6804,12,949,0.424,Medium Coverage,Stable,100.0,Not Eligible
2026-05-22,6805,15,1149,0.5828,Medium Coverage,Moderate,100.0,Eligible
2026-05-22,6806,20,4715,0.4036,High Coverage,Stable,100.0,Eligible
2026-05-22,6811,20,1973,0.3264,High Coverage,Stable,100.0,Eligible
2026-05-22,6817,20,6485,0.4731,High Coverage,Stable,100.0,Eligible
2026-05-22,6818,20,5121,0.435,High Coverage,Stable,100.0,Eligible
2026-05-22,6819,21,14010,0.5595,High Coverage,Moderate,100.0,Eligible
2026-05-22,6821,21,15006,0.4428,High Coverage,Stable,100.0,Eligible
2026-05-22,6822,18,8648,0.4511,High Coverage,Stable,100.0,Eligible
2026-05-22,6823,13,1232,0.3552,Medium Coverage,Stable,100.0,Eligible
2026-05-22,6825,12,1299,0.1521,Medium Coverage,Stable,100.0,Eligible
2026-05-22,6827,14,2944,0.2155,Medium Coverage,Stable,100.0,Eligible
2026-05-22,6828,17,3374,0.3505,Medium Coverage,Stable,100.0,Eligible
2026-05-22,6829,12,2036,0.4715,Medium Coverage,Stable,100.0,Eligible
2026-05-22,6830,6,1555,0.6889,Low Coverage,Moderate,100.0,Not Eligible
2026-05-22,6831,3,398,0.7918,Low Coverage,Moderate,100.0,Not Eligible
2026-05-22,6833,3,519,0.6075,Low Coverage,Moderate,100.0,Not Eligible
2026-05-22,6834,6,1887,0.6231,Low Coverage,Moderate,100.0,Not Eligible
2026-05-22,6835,6,1774,0.6976,Low Coverage,Moderate,100.0,Not Eligible
2026-05-22,6836,3,444,0.5243,Low Coverage,Moderate,100.0,Not Eligible
2026-05-22,6837,5,1067,0.822,Low Coverage,Moderate,100.0,Not Eligible
2026-05-22,6838,7,1736,0.7147,Low Coverage,Moderate,100.0,Not Eligible
2026-05-22,6840,6,1355,0.7093,Low Coverage,Moderate,100.0,Not Eligible
2026-05-22,6841,7,3079,0.5555,Low Coverage,Moderate,100.0,Not Eligible
2026-05-22,6843,14,885,0.2004,Medium Coverage,Stable,100.0,Not Eligible
2026-05-22,6844,14,1044,0.2432,Medium Coverage,Stable,100.0,Eligible
2026-05-22,7224,18,11013,0.422,High Coverage,Stable,100.0,Eligible
2026-05-22,7321,21,9591,0.3921,High Coverage,Stable,100.0,Eligible
2026-05-22,7322,16,1012,0.3609,Medium Coverage,Stable,100.0,Eligible
2026-05-22,8289,2,90,0.0943,Low Coverage,Stable,100.0,Not Eligible
2026-05-22,8290,21,7372,0.4145,High Coverage,Stable,100.0,Eligible
2026-05-22,9745,12,3694,0.542,Medium Coverage,Moderate,100.0,Eligible
2026-05-23,10232,15,1719,0.049,Medium Coverage,Stable,100.0,Eligible
2026-05-23,11201,19,8929,0.3284,High Coverage,Stable,100.0,Eligible
2026-05-23,11202,16,1767,0.2474,Medium Coverage,Stable,100.0,Eligible
2026-05-23,11692,21,12028,0.5543,High Coverage,Moderate,100.0,Eligible
2026-05-23,11696,18,6620,0.2807,High Coverage,Stable,100.0,Eligible
2026-05-23,12940,20,5951,0.387,High Coverage,Stable,100.0,Eligible
2026-05-23,13684,13,1400,0.283,Medium Coverage,Stable,100.0,Eligible
2026-05-23,16717,8,2655,0.5395,Low Coverage,Moderate,100.0,Not Eligible
2026-05-23,16718,24,28321,0.6262,High Coverage,Moderate,100.0,Eligible
2026-05-23,16719,23,3358,0.452,High Coverage,Stable,100.0,Eligible
2026-05-23,17707,19,6933,0.382,High Coverage,Stable,100.0,Eligible
2026-05-23,18705,20,8656,0.3716,High Coverage,Stable,100.0,Eligible
2026-05-23,20667,18,3754,0.2613,High Coverage,Stable,100.0,Eligible
2026-05-23,22638,22,6575,0.2534,High Coverage,Stable,100.0,Eligible
2026-05-23,22639,16,5031,0.4868,Medium Coverage,Stable,100.0,Eligible
2026-05-23,23384,21,25719,0.4735,High Coverage,Stable,100.0,Eligible
2026-05-23,29038,20,10971,0.4381,High Coverage,Stable,100.0,Eligible
2026-05-23,30036,19,2098,0.1754,High Coverage,Stable,100.0,Eligible
2026-05-23,30037,20,2747,0.523,High Coverage,Moderate,100.0,Eligible
2026-05-23,30038,19,3630,0.3555,High Coverage,Stable,100.0,Eligible
2026-05-23,30039,20,4815,0.4441,High Coverage,Stable,100.0,Eligible
2026-05-23,30040,20,4594,0.463,High Coverage,Stable,100.0,Eligible
2026-05-23,30042,12,2564,0.2339,Medium Coverage,Stable,100.0,Eligible
2026-05-23,30043,21,6395,0.4501,High Coverage,Stable,100.0,Eligible
2026-05-23,30044,18,2287,0.3144,High Coverage,Stable,100.0,Eligible
2026-05-23,30045,14,3982,0.268,Medium Coverage,Stable,100.0,Eligible
2026-05-23,30046,22,6879,0.1996,High Coverage,Stable,100.0,Eligible
2026-05-23,30047,18,2588,0.2397,High Coverage,Stable,100.0,Eligible
2026-05-23,30048,17,2159,0.199,Medium Coverage,Stable,100.0,Eligible
2026-05-23,30049,19,3546,0.3724,High Coverage,Stable,100.0,Eligible
2026-05-23,30050,19,3134,0.2208,High Coverage,Stable,100.0,Eligible
2026-05-23,30051,17,1898,0.3719,Medium Coverage,Stable,100.0,Eligible
2026-05-23,30055,18,10268,0.3919,High Coverage,Stable,100.0,Eligible
2026-05-23,30584,19,3257,0.2969,High Coverage,Stable,100.0,Eligible
2026-05-23,31816,15,1633,0.2315,Medium Coverage,Stable,100.0,Eligible
2026-05-23,31817,15,1597,0.2221,Medium Coverage,Stable,100.0,Eligible
2026-05-23,31818,19,2005,0.3179,High Coverage,Stable,100.0,Eligible
2026-05-23,31819,17,5017,0.2146,Medium Coverage,Stable,100.0,Eligible
2026-05-23,31821,16,1709,0.2315,Medium Coverage,Stable,100.0,Eligible
2026-05-23,31822,16,1681,0.2221,Medium Coverage,Stable,100.0,Eligible
2026-05-23,32799,22,9935,0.4459,High Coverage,Stable,100.0,Eligible
2026-05-23,33292,20,4513,0.2986,High Coverage,Stable,100.0,Eligible
2026-05-23,33538,19,5222,0.3583,High Coverage,Stable,100.0,Eligible
2026-05-23,34042,12,1123,0.2593,Medium Coverage,Stable,100.0,Eligible
2026-05-23,34043,12,1241,0.2297,Medium Coverage,Stable,100.0,Eligible
2026-05-23,34540,16,1518,0.3966,Medium Coverage,Stable,100.0,Eligible
2026-05-23,34541,15,1765,0.2141,Medium Coverage,Stable,100.0,Eligible
2026-05-23,34542,23,10328,0.3872,High Coverage,Stable,100.0,Eligible
2026-05-23,34543,22,6861,0.4732,High Coverage,Stable,100.0,Eligible
2026-05-23,36799,22,2662,0.4699,High Coverage,Stable,100.0,Eligible
2026-05-23,37807,23,19829,0.4676,High Coverage,Stable,100.0,Eligible
2026-05-23,37808,22,15463,0.3439,High Coverage,Stable,100.0,Eligible
2026-05-23,37809,21,12444,0.3128,High Coverage,Stable,100.0,Eligible
2026-05-23,37810,21,23655,0.3948,High Coverage,Stable,100.0,Eligible
2026-05-23,38311,22,13717,0.3571,High Coverage,Stable,100.0,Eligible
2026-05-23,39304,16,2987,0.3305,Medium Coverage,Stable,100.0,Eligible
2026-05-23,39307,20,2312,0.0534,High Coverage,Stable,100.0,Eligible
2026-05-23,40855,24,4474,0.3195,High Coverage,Stable,100.0,Eligible
2026-05-23,46099,19,3294,0.3013,High Coverage,Stable,100.0,Eligible
2026-05-23,46604,21,17568,0.311,High Coverage,Stable,100.0,Eligible
2026-05-23,48855,14,2684,0.3204,Medium Coverage,Stable,100.0,Eligible
2026-05-23,6612,21,14132,0.3574,High Coverage,Stable,100.0,Eligible
2026-05-23,6613,23,17048,0.4316,High Coverage,Stable,100.0,Eligible
2026-05-23,6614,20,20353,0.5069,High Coverage,Moderate,100.0,Eligible
2026-05-23,6615,22,10543,0.5401,High Coverage,Moderate,100.0,Eligible
2026-05-23,6616,22,11246,0.5872,High Coverage,Moderate,100.0,Eligible
2026-05-23,6617,21,24000,0.4246,High Coverage,Stable,100.0,Eligible
2026-05-23,6618,23,17029,0.4692,High Coverage,Stable,100.0,Eligible
2026-05-23,6619,24,21454,0.5107,High Coverage,Moderate,100.0,Eligible
2026-05-23,6620,23,16048,0.4294,High Coverage,Stable,100.0,Eligible
2026-05-23,6621,23,8906,0.5186,High Coverage,Moderate,100.0,Eligible
2026-05-23,6622,22,31635,0.4964,High Coverage,Stable,100.0,Eligible
2026-05-23,6623,22,14302,0.4205,High Coverage,Stable,100.0,Eligible
2026-05-23,6624,23,35056,0.636,High Coverage,Moderate,100.0,Eligible
2026-05-23,6625,23,18912,0.3711,High Coverage,Stable,100.0,Eligible
2026-05-23,6626,22,13837,0.3941,High Coverage,Stable,100.0,Eligible
2026-05-23,6627,21,22596,0.4772,High Coverage,Stable,100.0,Eligible
2026-05-23,6628,22,7516,0.4465,High Coverage,Stable,100.0,Eligible
2026-05-23,6629,21,6306,0.434,High Coverage,Stable,100.0,Eligible
2026-05-23,6630,21,8896,0.3826,High Coverage,Stable,100.0,Eligible
2026-05-23,6631,20,3212,0.3948,High Coverage,Stable,100.0,Eligible
2026-05-23,6633,24,14840,0.4108,High Coverage,Stable,100.0,Eligible
2026-05-23,6636,20,24248,0.4347,High Coverage,Stable,100.0,Eligible
2026-05-23,6637,22,10123,0.4687,High Coverage,Stable,100.0,Eligible
2026-05-23,6638,15,8188,0.402,Medium Coverage,Stable,100.0,Eligible
2026-05-23,6641,23,29312,0.5266,High Coverage,Moderate,100.0,Eligible
2026-05-23,6642,23,18050,0.3959,High Coverage,Stable,100.0,Eligible
2026-05-23,6643,21,6453,0.4065,High Coverage,Stable,100.0,Eligible
2026-05-23,6644,21,4142,0.3355,High Coverage,Stable,100.0,Eligible
2026-05-23,6645,22,10709,0.424,High Coverage,Stable,100.0,Eligible
2026-05-23,6646,21,7891,0.3153,High Coverage,Stable,100.0,Eligible
2026-05-23,6647,21,4984,0.3802,High Coverage,Stable,100.0,Eligible
2026-05-23,6648,18,5595,0.2594,High Coverage,Stable,100.0,Eligible
2026-05-23,6649,23,12458,0.477,High Coverage,Stable,100.0,Eligible
2026-05-23,6650,21,5731,0.3503,High Coverage,Stable,100.0,Eligible
2026-05-23,6651,22,15096,0.5638,High Coverage,Moderate,100.0,Eligible
2026-05-23,6652,20,5449,0.2953,High Coverage,Stable,100.0,Eligible
2026-05-23,6654,21,5860,0.3679,High Coverage,Stable,100.0,Eligible
2026-05-23,6657,20,8401,0.4373,High Coverage,Stable,100.0,Eligible
2026-05-23,6658,21,5024,0.4073,High Coverage,Stable,100.0,Eligible
2026-05-23,6659,22,4587,0.3177,High Coverage,Stable,100.0,Eligible
2026-05-23,6660,19,6592,0.442,High Coverage,Stable,100.0,Eligible
2026-05-23,6661,19,4790,0.2426,High Coverage,Stable,100.0,Eligible
2026-05-23,6662,22,4725,0.3139,High Coverage,Stable,100.0,Eligible
2026-05-23,6663,20,5310,0.2362,High Coverage,Stable,100.0,Eligible
2026-05-23,6664,21,6461,0.3624,High Coverage,Stable,100.0,Eligible
2026-05-23,6665,20,5767,0.4327,High Coverage,Stable,100.0,Eligible
2026-05-23,6666,21,7777,0.4255,High Coverage,Stable,100.0,Eligible
2026-05-23,6667,22,19276,0.4837,High Coverage,Stable,100.0,Eligible
2026-05-23,6668,22,4995,0.3291,High Coverage,Stable,100.0,Eligible
2026-05-23,6672,16,7882,0.4013,Medium Coverage,Stable,100.0,Eligible
2026-05-23,6673,21,6222,0.54,High Coverage,Moderate,100.0,Eligible
2026-05-23,6674,20,3882,0.2956,High Coverage,Stable,100.0,Eligible
2026-05-23,6675,19,2394,0.317,High Coverage,Stable,100.0,Eligible
2026-05-23,6676,22,5749,0.3035,High Coverage,Stable,100.0,Eligible
2026-05-23,6677,20,5635,0.4502,High Coverage,Stable,100.0,Eligible
2026-05-23,6678,21,4471,0.3696,High Coverage,Stable,100.0,Eligible
2026-05-23,6679,18,6063,0.3491,High Coverage,Stable,100.0,Eligible
2026-05-23,6680,19,6923,0.5417,High Coverage,Moderate,100.0,Eligible
2026-05-23,6682,21,17178,0.4743,High Coverage,Stable,100.0,Eligible
2026-05-23,6685,22,5316,0.4947,High Coverage,Stable,100.0,Eligible
2026-05-23,6687,21,21206,0.476,High Coverage,Stable,100.0,Eligible
2026-05-23,6688,17,2231,0.1689,Medium Coverage,Stable,100.0,Eligible
2026-05-23,6689,16,1536,0.1047,Medium Coverage,Stable,100.0,Eligible
2026-05-23,6690,17,1635,0.2337,Medium Coverage,Stable,100.0,Eligible
2026-05-23,6691,17,1730,0.2313,Medium Coverage,Stable,100.0,Eligible
2026-05-23,6692,21,9824,0.384,High Coverage,Stable,100.0,Eligible
2026-05-23,6693,20,13743,0.5149,High Coverage,Moderate,100.0,Eligible
2026-05-23,6698,20,10370,0.4031,High Coverage,Stable,100.0,Eligible
2026-05-23,6700,22,6677,0.303,High Coverage,Stable,100.0,Eligible
2026-05-23,6701,19,2713,0.3422,High Coverage,Stable,100.0,Eligible
2026-05-23,6702,19,5693,0.3729,High Coverage,Stable,100.0,Eligible
2026-05-23,6703,22,14574,0.2465,High Coverage,Stable,100.0,Eligible
2026-05-23,6704,23,14267,0.4652,High Coverage,Stable,100.0,Eligible
2026-05-23,6705,22,28865,0.3743,High Coverage,Stable,100.0,Eligible
2026-05-23,6706,22,16417,0.3871,High Coverage,Stable,100.0,Eligible
2026-05-23,6707,20,7673,0.4093,High Coverage,Stable,100.0,Eligible
2026-05-23,6708,20,5177,0.3876,High Coverage,Stable,100.0,Eligible
2026-05-23,6709,15,2790,0.2844,Medium Coverage,Stable,100.0,Eligible
2026-05-23,6710,10,1420,0.2267,Medium Coverage,Stable,100.0,Not Eligible
2026-05-23,6712,22,19650,0.4726,High Coverage,Stable,100.0,Eligible
2026-05-23,6713,21,6879,0.2979,High Coverage,Stable,100.0,Eligible
2026-05-23,6715,23,15719,0.4298,High Coverage,Stable,100.0,Eligible
2026-05-23,6722,23,8429,0.5369,High Coverage,Moderate,100.0,Eligible
2026-05-23,6723,21,4400,0.3794,High Coverage,Stable,100.0,Eligible
2026-05-23,6724,23,12814,0.5384,High Coverage,Moderate,100.0,Eligible
2026-05-23,6725,21,5345,0.3488,High Coverage,Stable,100.0,Eligible
2026-05-23,6726,19,7383,0.4224,High Coverage,Stable,100.0,Eligible
2026-05-23,6727,22,9744,0.4643,High Coverage,Stable,100.0,Eligible
2026-05-23,6728,23,18299,0.4659,High Coverage,Stable,100.0,Eligible
2026-05-23,6730,19,13399,0.5909,High Coverage,Moderate,100.0,Eligible
2026-05-23,6737,21,14440,0.4732,High Coverage,Stable,100.0,Eligible
2026-05-23,6738,22,19345,0.2959,High Coverage,Stable,100.0,Eligible
2026-05-23,6741,24,13379,0.5925,High Coverage,Moderate,100.0,Eligible
2026-05-23,6747,21,8275,0.4888,High Coverage,Stable,100.0,Eligible
2026-05-23,6748,19,7254,0.3026,High Coverage,Stable,100.0,Eligible
2026-05-23,6749,22,15736,0.4373,High Coverage,Stable,100.0,Eligible
2026-05-23,6776,16,1064,0.21,Medium Coverage,Stable,100.0,Eligible
2026-05-23,6779,16,1483,0.4135,Medium Coverage,Stable,100.0,Eligible
2026-05-23,6780,17,2732,0.3457,Medium Coverage,Stable,100.0,Eligible
2026-05-23,6790,19,2329,0.3008,High Coverage,Stable,100.0,Eligible
2026-05-23,6796,19,4013,0.2671,High Coverage,Stable,100.0,Eligible
2026-05-23,6799,14,1947,0.2744,Medium Coverage,Stable,100.0,Eligible
2026-05-23,6800,14,1977,0.3481,Medium Coverage,Stable,100.0,Eligible
2026-05-23,6804,13,876,0.729,Medium Coverage,Moderate,100.0,Not Eligible
2026-05-23,6805,13,906,0.6557,Medium Coverage,Moderate,100.0,Not Eligible
2026-05-23,6806,20,2708,0.2537,High Coverage,Stable,100.0,Eligible
2026-05-23,6811,16,1719,0.1986,Medium Coverage,Stable,100.0,Eligible
2026-05-23,6817,19,5193,0.4073,High Coverage,Stable,100.0,Eligible
2026-05-23,6818,19,3410,0.373,High Coverage,Stable,100.0,Eligible
2026-05-23,6819,19,9812,0.4376,High Coverage,Stable,100.0,Eligible
2026-05-23,6821,19,11037,0.3766,High Coverage,Stable,100.0,Eligible
2026-05-23,6822,17,5776,0.3712,Medium Coverage,Stable,100.0,Eligible
2026-05-23,6823,12,1240,0.4152,Medium Coverage,Stable,100.0,Eligible
2026-05-23,6825,11,1196,0.1535,Medium Coverage,Stable,100.0,Not Eligible
2026-05-23,6827,12,2190,0.3749,Medium Coverage,Stable,100.0,Eligible
2026-05-23,6828,15,2907,0.2752,Medium Coverage,Stable,100.0,Eligible
2026-05-23,6830,6,1479,0.7004,Low Coverage,Moderate,100.0,Not Eligible
2026-05-23,6831,3,416,0.8098,Low Coverage,Moderate,100.0,Not Eligible
2026-05-23,6833,3,476,0.784,Low Coverage,Moderate,100.0,Not Eligible
2026-05-23,6834,9,3589,0.7857,Low Coverage,Moderate,100.0,Not Eligible
2026-05-23,6835,6,1779,0.6388,Low Coverage,Moderate,100.0,Not Eligible
2026-05-23,6836,3,438,0.588,Low Coverage,Moderate,100.0,Not Eligible
2026-05-23,6837,7,1305,0.8899,Low Coverage,Moderate,100.0,Not Eligible
2026-05-23,6838,7,1754,0.7051,Low Coverage,Moderate,100.0,Not Eligible
2026-05-23,6840,6,1383,0.7159,Low Coverage,Moderate,100.0,Not Eligible
2026-05-23,6841,9,3756,0.6195,Low Coverage,Moderate,100.0,Not Eligible
2026-05-23,6843,13,945,0.3558,Medium Coverage,Stable,100.0,Not Eligible
2026-05-23,6844,14,916,0.2838,Medium Coverage,Stable,100.0,Not Eligible
2026-05-23,7321,21,11693,0.5066,High Coverage,Moderate,100.0,Eligible
2026-05-23,7322,16,681,0.3008,Medium Coverage,Stable,100.0,Not Eligible
2026-05-23,7509,12,2304,0.3984,Medium Coverage,Stable,100.0,Eligible
2026-05-23,8290,20,5511,0.385,High Coverage,Stable,100.0,Eligible
2026-05-24,10232,2,135,0.7647,Low Coverage,Moderate,100.0,Not Eligible
2026-05-24,11201,4,1063,0.7429,Low Coverage,Moderate,100.0,Not Eligible
2026-05-24,11202,3,337,0.0656,Low Coverage,Stable,100.0,Not Eligible
2026-05-24,11692,6,1380,0.7142,Low Coverage,Moderate,100.0,Not Eligible
2026-05-24,11696,4,1001,0.5173,Low Coverage,Moderate,100.0,Not Eligible
2026-05-24,12940,5,1247,0.4603,Low Coverage,Stable,100.0,Not Eligible
2026-05-24,16717,3,555,0.871,Low Coverage,Moderate,100.0,Not Eligible
2026-05-24,16718,10,5040,0.7113,Medium Coverage,Moderate,100.0,Not Eligible
2026-05-24,16719,6,623,0.0869,Low Coverage,Stable,100.0,Not Eligible
2026-05-24,17707,5,1129,0.6381,Low Coverage,Moderate,100.0,Not Eligible
2026-05-24,18705,6,1922,0.5494,Low Coverage,Moderate,100.0,Not Eligible
2026-05-24,20667,3,463,0.5939,Low Coverage,Moderate,100.0,Not Eligible
2026-05-24,22638,7,1522,0.4317,Low Coverage,Stable,100.0,Not Eligible
2026-05-24,22639,3,443,0.7018,Low Coverage,Moderate,100.0,Not Eligible
2026-05-24,23384,7,4100,0.8007,Low Coverage,Moderate,100.0,Not Eligible
2026-05-24,29038,5,1283,0.7549,Low Coverage,Moderate,100.0,Not Eligible
2026-05-24,30036,4,333,0.4473,Low Coverage,Stable,100.0,Not Eligible
2026-05-24,30037,6,363,0.4643,Low Coverage,Stable,100.0,Not Eligible
2026-05-24,30038,5,472,0.3372,Low Coverage,Stable,100.0,Not Eligible
2026-05-24,30039,6,632,0.4257,Low Coverage,Stable,100.0,Not Eligible
2026-05-24,30040,6,563,0.6191,Low Coverage,Moderate,100.0,Not Eligible
2026-05-24,30042,3,376,0.8606,Low Coverage,Moderate,100.0,Not Eligible
2026-05-24,30043,5,762,0.6708,Low Coverage,Moderate,100.0,Not Eligible
2026-05-24,30044,3,272,0.5356,Low Coverage,Moderate,100.0,Not Eligible
2026-05-24,30045,3,453,0.8149,Low Coverage,Moderate,100.0,Not Eligible
2026-05-24,30046,9,2220,0.4927,Low Coverage,Stable,100.0,Not Eligible
2026-05-24,30047,4,302,0.8782,Low Coverage,Moderate,100.0,Not Eligible
2026-05-24,30048,3,216,0.5338,Low Coverage,Moderate,100.0,Not Eligible
2026-05-24,30049,4,533,0.4342,Low Coverage,Stable,100.0,Not Eligible
2026-05-24,30050,4,455,0.3835,Low Coverage,Stable,100.0,Not Eligible
2026-05-24,30051,4,398,0.4537,Low Coverage,Stable,100.0,Not Eligible
2026-05-24,30055,5,1012,0.589,Low Coverage,Moderate,100.0,Not Eligible
2026-05-24,30584,4,487,0.7018,Low Coverage,Moderate,100.0,Not Eligible
2026-05-24,31816,2,218,0.0259,Low Coverage,Stable,100.0,Not Eligible
2026-05-24,31817,2,139,0.5189,Low Coverage,Moderate,100.0,Not Eligible
2026-05-24,31818,4,293,0.693,Low Coverage,Moderate,100.0,Not Eligible
2026-05-24,31819,4,849,0.741,Low Coverage,Moderate,100.0,Not Eligible
2026-05-24,31821,3,287,0.4386,Low Coverage,Stable,100.0,Not Eligible
2026-05-24,31822,3,244,0.2442,Low Coverage,Stable,100.0,Not Eligible
2026-05-24,32799,8,1418,0.5358,Low Coverage,Moderate,100.0,Not Eligible
2026-05-24,33292,4,600,0.2418,Low Coverage,Stable,100.0,Not Eligible
2026-05-24,33538,5,622,0.8304,Low Coverage,Moderate,100.0,Not Eligible
2026-05-24,34042,3,166,0.8143,Low Coverage,Moderate,100.0,Not Eligible
2026-05-24,34043,2,171,0.3887,Low Coverage,Stable,100.0,Not Eligible
2026-05-24,34540,2,144,0.0589,Low Coverage,Stable,100.0,Not Eligible
2026-05-24,34541,2,216,0.3143,Low Coverage,Stable,100.0,Not Eligible
2026-05-24,34542,9,2613,0.5684,Low Coverage,Moderate,100.0,Not Eligible
2026-05-24,34543,8,1375,0.4896,Low Coverage,Stable,100.0,Not Eligible
2026-05-24,36799,7,404,0.7135,Low Coverage,Moderate,100.0,Not Eligible
2026-05-24,37807,9,4477,0.6329,Low Coverage,Moderate,100.0,Not Eligible
2026-05-24,37808,8,3554,0.3937,Low Coverage,Stable,100.0,Not Eligible
2026-05-24,37809,7,2720,0.5179,Low Coverage,Moderate,100.0,Not Eligible
2026-05-24,37810,8,4206,0.5095,Low Coverage,Moderate,100.0,Not Eligible
2026-05-24,38311,8,3297,0.5425,Low Coverage,Moderate,100.0,Not Eligible
2026-05-24,39304,3,368,0.7333,Low Coverage,Moderate,100.0,Not Eligible
2026-05-24,39307,5,485,0.3455,Low Coverage,Stable,100.0,Not Eligible
2026-05-24,40855,9,1564,0.3232,Low Coverage,Stable,100.0,Not Eligible
2026-05-24,46099,4,484,0.8963,Low Coverage,Moderate,100.0,Not Eligible
2026-05-24,46604,7,2689,0.5403,Low Coverage,Moderate,100.0,Not Eligible
2026-05-24,48855,3,409,0.8027,Low Coverage,Moderate,100.0,Not Eligible
2026-05-24,6612,6,2886,0.375,Low Coverage,Stable,100.0,Not Eligible
2026-05-24,6613,9,3012,0.6128,Low Coverage,Moderate,100.0,Not Eligible
2026-05-24,6614,5,1926,0.5082,Low Coverage,Moderate,100.0,Not Eligible
2026-05-24,6615,7,1317,0.5152,Low Coverage,Moderate,100.0,Not Eligible
2026-05-24,6616,8,1483,0.6058,Low Coverage,Moderate,100.0,Not Eligible
2026-05-24,6617,7,3120,0.5271,Low Coverage,Moderate,100.0,Not Eligible
2026-05-24,6618,8,3119,0.4901,Low Coverage,Stable,100.0,Not Eligible
2026-05-24,6619,10,4145,0.6516,Medium Coverage,Moderate,100.0,Not Eligible
2026-05-24,6620,8,3010,0.6327,Low Coverage,Moderate,100.0,Not Eligible
2026-05-24,6621,9,1667,0.5324,Low Coverage,Moderate,100.0,Not Eligible
2026-05-24,6622,8,4862,0.7147,Low Coverage,Moderate,100.0,Not Eligible
2026-05-24,6623,8,2892,0.5905,Low Coverage,Moderate,100.0,Not Eligible
2026-05-24,6624,9,6015,0.6976,Low Coverage,Moderate,100.0,Not Eligible
2026-05-24,6625,9,3832,0.5686,Low Coverage,Moderate,100.0,Not Eligible
2026-05-24,6626,7,2644,0.5486,Low Coverage,Moderate,100.0,Not Eligible
2026-05-24,6627,7,3660,0.8139,Low Coverage,Moderate,100.0,Not Eligible
2026-05-24,6628,7,1281,0.505,Low Coverage,Moderate,100.0,Not Eligible
2026-05-24,6629,6,872,0.4965,Low Coverage,Stable,100.0,Not Eligible
2026-05-24,6630,6,1466,0.3477,Low Coverage,Stable,100.0,Not Eligible
2026-05-24,6631,6,556,0.6327,Low Coverage,Moderate,100.0,Not Eligible
2026-05-24,6633,10,3754,0.4747,Medium Coverage,Stable,100.0,Not Eligible
2026-05-24,6636,6,3498,0.595,Low Coverage,Moderate,100.0,Not Eligible
2026-05-24,6637,9,1920,0.552,Low Coverage,Moderate,100.0,Not Eligible
2026-05-24,6638,3,607,0.7728,Low Coverage,Moderate,100.0,Not Eligible
2026-05-24,6641,9,3780,0.7485,Low Coverage,Moderate,100.0,Not Eligible
2026-05-24,6642,9,4131,0.4744,Low Coverage,Stable,100.0,Not Eligible
2026-05-24,6643,6,1073,0.6731,Low Coverage,Moderate,100.0,Not Eligible
2026-05-24,6644,5,786,0.3912,Low Coverage,Stable,100.0,Not Eligible
2026-05-24,6645,8,2134,0.5844,Low Coverage,Moderate,100.0,Not Eligible
2026-05-24,6646,6,1287,0.7046,Low Coverage,Moderate,100.0,Not Eligible
2026-05-24,6647,8,1006,0.6891,Low Coverage,Moderate,100.0,Not Eligible
2026-05-24,6648,4,808,0.6936,Low Coverage,Moderate,100.0,Not Eligible
2026-05-24,6649,8,2456,0.707,Low Coverage,Moderate,100.0,Not Eligible
2026-05-24,6650,6,830,0.502,Low Coverage,Moderate,100.0,Not Eligible
2026-05-24,6651,8,1962,0.801,Low Coverage,Moderate,100.0,Not Eligible
2026-05-24,6652,6,967,0.7892,Low Coverage,Moderate,100.0,Not Eligible
2026-05-24,6654,6,967,0.7486,Low Coverage,Moderate,100.0,Not Eligible
2026-05-24,6657,6,1063,0.6754,Low Coverage,Moderate,100.0,Not Eligible
2026-05-24,6658,5,660,0.6614,Low Coverage,Moderate,100.0,Not Eligible
2026-05-24,6659,7,1095,0.5291,Low Coverage,Moderate,100.0,Not Eligible
2026-05-24,6660,5,780,0.6838,Low Coverage,Moderate,100.0,Not Eligible
2026-05-24,6661,5,786,0.8221,Low Coverage,Moderate,100.0,Not Eligible
2026-05-24,6662,7,978,0.609,Low Coverage,Moderate,100.0,Not Eligible
2026-05-24,6663,5,975,0.4362,Low Coverage,Stable,100.0,Not Eligible
2026-05-24,6664,6,762,0.3601,Low Coverage,Stable,100.0,Not Eligible
2026-05-24,6665,5,866,0.5388,Low Coverage,Moderate,100.0,Not Eligible
2026-05-24,6666,7,1249,0.5033,Low Coverage,Moderate,100.0,Not Eligible
2026-05-24,6667,7,3118,0.8005,Low Coverage,Moderate,100.0,Not Eligible
2026-05-24,6668,8,1434,0.5019,Low Coverage,Moderate,100.0,Not Eligible
2026-05-24,6672,4,1300,0.5722,Low Coverage,Moderate,100.0,Not Eligible
2026-05-24,6673,7,798,0.6136,Low Coverage,Moderate,100.0,Not Eligible
2026-05-24,6674,4,440,0.6523,Low Coverage,Moderate,100.0,Not Eligible
2026-05-24,6675,3,229,0.7281,Low Coverage,Moderate,100.0,Not Eligible
2026-05-24,6676,7,893,0.6972,Low Coverage,Moderate,100.0,Not Eligible
2026-05-24,6677,5,861,0.5391,Low Coverage,Moderate,100.0,Not Eligible
2026-05-24,6678,5,633,0.7855,Low Coverage,Moderate,100.0,Not Eligible
2026-05-24,6679,3,701,0.5029,Low Coverage,Moderate,100.0,Not Eligible
2026-05-24,6680,5,673,0.8592,Low Coverage,Moderate,100.0,Not Eligible
2026-05-24,6682,7,2745,0.7102,Low Coverage,Moderate,100.0,Not Eligible
2026-05-24,6685,6,587,0.4397,Low Coverage,Stable,100.0,Not Eligible
2026-05-24,6687,6,2719,0.6095,Low Coverage,Moderate,100.0,Not Eligible
2026-05-24,6688,2,75,0.2451,Low Coverage,Stable,100.0,Not Eligible
2026-05-24,6690,2,203,0.0209,Low Coverage,Stable,100.0,Not Eligible
2026-05-24,6691,1,82,0.0,Low Coverage,Stable,100.0,Not Eligible
2026-05-24,6692,6,1877,0.4163,Low Coverage,Stable,100.0,Not Eligible
2026-05-24,6693,6,1686,0.6869,Low Coverage,Moderate,100.0,Not Eligible
2026-05-24,6698,6,2591,0.5789,Low Coverage,Moderate,100.0,Not Eligible
2026-05-24,6700,5,1122,0.3994,Low Coverage,Stable,100.0,Not Eligible
2026-05-24,6701,4,281,0.4133,Low Coverage,Stable,100.0,Not Eligible
2026-05-24,6702,2,300,0.1037,Low Coverage,Stable,100.0,Not Eligible
2026-05-24,6703,8,3902,0.5275,Low Coverage,Moderate,100.0,Not Eligible
2026-05-24,6704,9,2926,0.7827,Low Coverage,Moderate,100.0,Not Eligible
2026-05-24,6705,8,5796,0.5748,Low Coverage,Moderate,100.0,Not Eligible
2026-05-24,6706,8,3413,0.5742,Low Coverage,Moderate,100.0,Not Eligible
2026-05-24,6707,6,1279,0.6606,Low Coverage,Moderate,100.0,Not Eligible
2026-05-24,6708,5,1048,0.3499,Low Coverage,Stable,100.0,Not Eligible
2026-05-24,6712,6,2456,0.8456,Low Coverage,Moderate,100.0,Not Eligible
2026-05-24,6713,7,1577,0.6143,Low Coverage,Moderate,100.0,Not Eligible
2026-05-24,6715,9,3791,0.6696,Low Coverage,Moderate,100.0,Not Eligible
2026-05-24,6722,8,1576,0.4729,Low Coverage,Stable,100.0,Not Eligible
2026-05-24,6723,6,759,0.5994,Low Coverage,Moderate,100.0,Not Eligible
2026-05-24,6724,9,2468,0.5437,Low Coverage,Moderate,100.0,Not Eligible
2026-05-24,6725,6,826,0.5807,Low Coverage,Moderate,100.0,Not Eligible
2026-05-24,6726,4,711,0.6724,Low Coverage,Moderate,100.0,Not Eligible
2026-05-24,6727,7,1121,0.5098,Low Coverage,Moderate,100.0,Not Eligible
2026-05-24,6728,9,3587,0.6412,Low Coverage,Moderate,100.0,Not Eligible
2026-05-24,6730,3,1121,0.7181,Low Coverage,Moderate,100.0,Not Eligible
2026-05-24,6737,7,2170,0.5758,Low Coverage,Moderate,100.0,Not Eligible
2026-05-24,6738,9,4364,0.6748,Low Coverage,Moderate,100.0,Not Eligible
2026-05-24,6741,10,2671,0.7711,Medium Coverage,Moderate,100.0,Not Eligible
2026-05-24,6747,5,1150,0.7791,Low Coverage,Moderate,100.0,Not Eligible
2026-05-24,6748,5,1003,0.7892,Low Coverage,Moderate,100.0,Not Eligible
2026-05-24,6749,8,3341,0.6259,Low Coverage,Moderate,100.0,Not Eligible
2026-05-24,6776,2,125,0.396,Low Coverage,Stable,100.0,Not Eligible
2026-05-24,6780,2,263,0.3925,Low Coverage,Stable,100.0,Not Eligible
2026-05-24,6790,4,292,0.5658,Low Coverage,Moderate,100.0,Not Eligible
2026-05-24,6796,4,504,0.6892,Low Coverage,Moderate,100.0,Not Eligible
2026-05-24,6799,3,383,0.5321,Low Coverage,Moderate,100.0,Not Eligible
2026-05-24,6800,2,302,0.0468,Low Coverage,Stable,100.0,Not Eligible
2026-05-24,6806,3,353,0.0723,Low Coverage,Stable,100.0,Not Eligible
2026-05-24,6811,2,152,0.4094,Low Coverage,Stable,100.0,Not Eligible
2026-05-24,6817,3,474,0.5162,Low Coverage,Moderate,100.0,Not Eligible
2026-05-24,6818,4,373,0.2655,Low Coverage,Stable,100.0,Not Eligible
2026-05-24,6819,4,787,0.5983,Low Coverage,Moderate,100.0,Not Eligible
2026-05-24,6821,4,970,0.6741,Low Coverage,Moderate,100.0,Not Eligible
2026-05-24,6822,3,915,0.4352,Low Coverage,Stable,100.0,Not Eligible
2026-05-24,6823,2,128,0.7955,Low Coverage,Moderate,100.0,Not Eligible
2026-05-24,6825,1,28,0.0,Low Coverage,Stable,100.0,Not Eligible
2026-05-24,6828,1,16,0.0,Low Coverage,Stable,100.0,Not Eligible
2026-05-24,6830,5,1574,0.4463,Low Coverage,Stable,100.0,Not Eligible
2026-05-24,6831,3,454,0.7733,Low Coverage,Moderate,100.0,Not Eligible
2026-05-24,6833,3,511,0.7524,Low Coverage,Moderate,100.0,Not Eligible
2026-05-24,6834,9,4521,0.4581,Low Coverage,Stable,100.0,Not Eligible
2026-05-24,6835,6,1802,0.637,Low Coverage,Moderate,100.0,Not Eligible
2026-05-24,6836,3,458,0.4815,Low Coverage,Stable,100.0,Not Eligible
2026-05-24,6837,9,1868,0.7425,Low Coverage,Moderate,100.0,Not Eligible
2026-05-24,6838,5,1988,0.4507,Low Coverage,Stable,100.0,Not Eligible
2026-05-24,6840,5,1264,0.575,Low Coverage,Moderate,100.0,Not Eligible
2026-05-24,6841,9,4709,0.4871,Low Coverage,Stable,100.0,Not Eligible
2026-05-24,6843,1,35,0.0,Low Coverage,Stable,100.0,Not Eligible
2026-05-24,6844,1,68,0.0,Low Coverage,Stable,100.0,Not Eligible
2026-05-24,7321,6,1645,0.6936,Low Coverage,Moderate,100.0,Not Eligible
2026-05-24,7322,2,57,0.2233,Low Coverage,Stable,100.0,Not Eligible
2026-05-24,7509,1,20,0.0,Low Coverage,Stable,100.0,Not Eligible
2026-05-24,8290,4,831,0.4592,Low Coverage,Stable,100.0,Not Eligible
