service_date,route_id,observed_service_hours,total_observations,avg_hourly_observations,stddev_hourly_observations,avg_hourly_vehicles,avg_hourly_trips,observation_cv,coverage_band,stability_band
2026-05-08,10232,3,209,69.67,55.37,1.0,2.0,0.7948,Low Coverage,Moderate
2026-05-08,11201,3,873,291.0,118.19,3.67,5.67,0.4061,Low Coverage,Stable
2026-05-08,11692,3,842,280.67,193.24,4.0,5.33,0.6885,Low Coverage,Moderate
2026-05-08,11693,2,589,294.5,246.78,4.5,5.5,0.838,Low Coverage,Moderate
2026-05-08,11696,3,933,311.0,104.68,4.0,7.0,0.3366,Low Coverage,Stable
2026-05-08,12940,3,507,169.0,104.93,2.67,4.33,0.6209,Low Coverage,Moderate
2026-05-08,13684,1,21,21.0,0.0,1.0,1.0,0.0,Low Coverage,Stable
2026-05-08,16717,3,1067,355.67,85.94,4.0,8.0,0.2416,Low Coverage,Stable
2026-05-08,16718,3,1443,481.0,191.0,5.67,11.33,0.3971,Low Coverage,Stable
2026-05-08,16719,3,241,80.33,19.55,1.33,2.67,0.2434,Low Coverage,Stable
2026-05-08,17707,3,553,184.33,130.25,3.33,6.0,0.7066,Low Coverage,Moderate
2026-05-08,18705,3,610,203.33,78.39,3.0,4.67,0.3855,Low Coverage,Stable
2026-05-08,20667,3,452,150.67,78.21,2.0,5.0,0.5191,Low Coverage,Moderate
2026-05-08,22638,3,656,218.67,85.98,3.33,6.0,0.3932,Low Coverage,Stable
2026-05-08,22639,1,9,9.0,0.0,1.0,1.0,0.0,Low Coverage,Stable
2026-05-08,23384,3,3231,1077.0,486.11,14.0,20.0,0.4514,Low Coverage,Stable
2026-05-08,29038,3,821,273.67,209.02,4.0,5.0,0.7638,Low Coverage,Moderate
2026-05-08,30036,3,268,89.33,23.01,1.0,4.67,0.2575,Low Coverage,Stable
2026-05-08,30037,3,236,78.67,5.86,3.33,3.33,0.0745,Low Coverage,Stable
2026-05-08,30038,3,232,77.33,29.28,2.33,2.67,0.3786,Low Coverage,Stable
2026-05-08,30039,3,263,87.67,46.54,2.0,2.0,0.5309,Low Coverage,Moderate
2026-05-08,30040,3,293,97.67,8.5,3.0,4.0,0.0871,Low Coverage,Stable
2026-05-08,30043,3,715,238.33,101.08,5.33,7.0,0.4241,Low Coverage,Stable
2026-05-08,30044,3,247,82.33,10.79,1.33,2.67,0.131,Low Coverage,Stable
2026-05-08,30045,1,81,81.0,0.0,1.0,2.0,0.0,Low Coverage,Stable
2026-05-08,30046,3,676,225.33,82.08,4.33,6.67,0.3643,Low Coverage,Stable
2026-05-08,30047,3,279,93.0,48.38,3.33,4.33,0.5203,Low Coverage,Moderate
2026-05-08,30048,3,296,98.67,29.57,2.67,4.67,0.2997,Low Coverage,Stable
2026-05-08,30049,3,311,103.67,50.08,3.0,4.67,0.4831,Low Coverage,Stable
2026-05-08,30050,3,337,112.33,35.95,2.67,4.0,0.32,Low Coverage,Stable
2026-05-08,30051,3,134,44.67,11.93,1.0,2.0,0.2671,Low Coverage,Stable
2026-05-08,30055,3,1120,373.33,187.45,4.67,14.0,0.5021,Low Coverage,Moderate
2026-05-08,30584,3,255,85.0,62.1,2.0,3.0,0.7305,Low Coverage,Moderate
2026-05-08,31818,3,272,90.67,21.01,1.0,4.33,0.2317,Low Coverage,Stable
2026-05-08,31819,3,519,173.0,54.84,2.0,5.0,0.317,Low Coverage,Stable
2026-05-08,31821,1,52,52.0,0.0,1.0,2.0,0.0,Low Coverage,Stable
2026-05-08,31822,1,67,67.0,0.0,1.0,2.0,0.0,Low Coverage,Stable
2026-05-08,32799,3,805,268.33,151.9,4.0,8.0,0.5661,Low Coverage,Moderate
2026-05-08,33292,3,564,188.0,60.4,4.0,5.67,0.3213,Low Coverage,Stable
2026-05-08,33538,3,549,183.0,44.58,2.33,8.33,0.2436,Low Coverage,Stable
2026-05-08,34042,2,65,32.5,40.31,1.5,2.0,1.2402,Low Coverage,Volatile
2026-05-08,34043,1,90,90.0,0.0,2.0,2.0,0.0,Low Coverage,Stable
2026-05-08,34540,2,198,99.0,11.31,2.0,2.5,0.1143,Low Coverage,Stable
2026-05-08,34541,2,144,72.0,62.23,2.0,2.5,0.8642,Low Coverage,Moderate
2026-05-08,34542,3,1119,373.0,153.58,4.67,11.33,0.4117,Low Coverage,Stable
2026-05-08,34543,3,544,181.33,42.02,2.33,6.0,0.2317,Low Coverage,Stable
2026-05-08,36799,3,161,53.67,18.23,3.0,3.0,0.3397,Low Coverage,Stable
2026-05-08,37807,3,1883,627.67,157.51,7.0,15.0,0.251,Low Coverage,Stable
2026-05-08,37808,3,1418,472.67,137.31,5.67,13.33,0.2905,Low Coverage,Stable
2026-05-08,37809,3,1348,449.33,113.18,5.33,13.0,0.2519,Low Coverage,Stable
2026-05-08,37810,3,2147,715.67,249.01,8.33,16.67,0.3479,Low Coverage,Stable
2026-05-08,38311,3,1270,423.33,106.63,5.0,12.67,0.2519,Low Coverage,Stable
2026-05-08,39304,2,179,89.5,54.45,2.0,4.0,0.6083,Low Coverage,Moderate
2026-05-08,39307,3,430,143.33,77.26,1.67,7.33,0.539,Low Coverage,Moderate
2026-05-08,40855,3,519,173.0,44.51,2.0,6.0,0.2573,Low Coverage,Stable
2026-05-08,46099,3,377,125.67,33.17,2.0,6.67,0.264,Low Coverage,Stable
2026-05-08,46604,3,1731,577.0,235.25,7.0,15.33,0.4077,Low Coverage,Stable
2026-05-08,48855,1,104,104.0,0.0,2.0,3.0,0.0,Low Coverage,Stable
2026-05-08,6612,3,1339,446.33,115.54,5.0,12.67,0.2589,Low Coverage,Stable
2026-05-08,6613,3,1696,565.33,172.99,6.67,14.67,0.306,Low Coverage,Stable
2026-05-08,6614,3,1321,440.33,117.56,5.0,11.0,0.267,Low Coverage,Stable
2026-05-08,6615,3,928,309.33,97.99,6.33,11.0,0.3168,Low Coverage,Stable
2026-05-08,6616,3,801,267.0,86.03,6.0,10.67,0.3222,Low Coverage,Stable
2026-05-08,6617,3,2087,695.67,203.05,7.67,13.67,0.2919,Low Coverage,Stable
2026-05-08,6618,3,1767,589.0,188.52,6.67,15.0,0.3201,Low Coverage,Stable
2026-05-08,6619,3,1868,622.67,150.53,7.0,15.0,0.2418,Low Coverage,Stable
2026-05-08,6620,3,1541,513.67,199.14,6.0,10.67,0.3877,Low Coverage,Stable
2026-05-08,6621,3,701,233.67,77.01,5.67,8.0,0.3296,Low Coverage,Stable
2026-05-08,6622,3,2414,804.67,310.63,10.0,15.0,0.386,Low Coverage,Stable
2026-05-08,6623,3,1223,407.67,133.32,4.67,9.67,0.327,Low Coverage,Stable
2026-05-08,6624,3,2248,749.33,311.08,9.0,15.33,0.4151,Low Coverage,Stable
2026-05-08,6625,3,2098,699.33,172.63,8.0,16.33,0.2468,Low Coverage,Stable
2026-05-08,6626,3,1604,534.67,140.08,6.0,13.0,0.262,Low Coverage,Stable
2026-05-08,6627,3,1647,549.0,238.97,6.67,10.67,0.4353,Low Coverage,Stable
2026-05-08,6628,3,574,191.33,105.27,4.0,5.0,0.5502,Low Coverage,Moderate
2026-05-08,6629,3,417,139.0,86.47,2.33,4.33,0.6221,Low Coverage,Moderate
2026-05-08,6630,3,787,262.33,67.16,3.0,6.67,0.256,Low Coverage,Stable
2026-05-08,6631,3,271,90.33,40.2,2.0,4.33,0.4451,Low Coverage,Stable
2026-05-08,6633,3,1119,373.0,225.08,4.67,9.67,0.6034,Low Coverage,Moderate
2026-05-08,6636,3,2312,770.67,459.74,9.67,14.67,0.5965,Low Coverage,Moderate
2026-05-08,6637,3,797,265.67,98.17,5.67,8.33,0.3695,Low Coverage,Stable
2026-05-08,6638,3,685,228.33,182.81,3.33,5.67,0.8006,Low Coverage,Moderate
2026-05-08,6641,3,2197,732.33,350.88,9.0,17.33,0.4791,Low Coverage,Stable
2026-05-08,6642,3,1730,576.67,192.54,6.67,14.0,0.3339,Low Coverage,Stable
2026-05-08,6643,3,415,138.33,25.32,3.0,4.0,0.1831,Low Coverage,Stable
2026-05-08,6644,3,424,141.33,90.4,2.0,4.33,0.6396,Low Coverage,Moderate
2026-05-08,6645,3,886,295.33,132.04,4.67,10.0,0.4471,Low Coverage,Stable
2026-05-08,6646,3,865,288.33,135.07,4.0,6.33,0.4685,Low Coverage,Stable
2026-05-08,6647,3,446,148.67,21.5,3.33,5.33,0.1446,Low Coverage,Stable
2026-05-08,6648,3,564,188.0,129.09,2.67,4.33,0.6866,Low Coverage,Moderate
2026-05-08,6649,3,932,310.67,255.92,4.67,8.0,0.8238,Low Coverage,Moderate
2026-05-08,6650,3,703,234.33,77.36,5.0,6.67,0.3301,Low Coverage,Stable
2026-05-08,6651,3,947,315.67,248.51,4.33,8.33,0.7872,Low Coverage,Moderate
2026-05-08,6652,3,508,169.33,98.01,3.0,4.0,0.5788,Low Coverage,Moderate
2026-05-08,6654,3,602,200.67,64.3,4.0,5.33,0.3204,Low Coverage,Stable
2026-05-08,6657,3,987,329.0,118.01,4.0,7.67,0.3587,Low Coverage,Stable
2026-05-08,6658,3,561,187.0,53.84,2.33,7.67,0.2879,Low Coverage,Stable
2026-05-08,6659,3,523,174.33,42.25,2.0,6.33,0.2424,Low Coverage,Stable
2026-05-08,6660,3,377,125.67,57.06,2.33,3.33,0.4541,Low Coverage,Stable
2026-05-08,6661,3,495,165.0,81.84,4.0,4.67,0.496,Low Coverage,Stable
2026-05-08,6662,3,519,173.0,56.63,3.0,6.0,0.3273,Low Coverage,Stable
2026-05-08,6663,3,557,185.67,35.84,2.33,6.33,0.193,Low Coverage,Stable
2026-05-08,6664,3,596,198.67,72.7,2.67,5.33,0.3659,Low Coverage,Stable
2026-05-08,6665,3,694,231.33,84.11,3.0,6.0,0.3636,Low Coverage,Stable
2026-05-08,6666,3,736,245.33,137.59,3.33,5.67,0.5608,Low Coverage,Moderate
2026-05-08,6667,3,1662,554.0,333.38,7.33,10.67,0.6018,Low Coverage,Moderate
2026-05-08,6668,3,526,175.33,52.92,2.33,4.67,0.3018,Low Coverage,Stable
2026-05-08,6673,3,362,120.67,82.73,2.67,2.67,0.6856,Low Coverage,Moderate
2026-05-08,6674,3,347,115.67,40.13,2.67,4.33,0.3469,Low Coverage,Stable
2026-05-08,6675,3,269,89.67,52.5,1.33,4.0,0.5855,Low Coverage,Moderate
2026-05-08,6676,3,550,183.33,43.15,4.33,6.0,0.2354,Low Coverage,Stable
2026-05-08,6677,3,514,171.33,48.54,2.33,5.33,0.2833,Low Coverage,Stable
2026-05-08,6678,3,384,128.0,73.02,2.33,3.33,0.5705,Low Coverage,Moderate
2026-05-08,6679,3,527,175.67,153.53,2.33,4.0,0.874,Low Coverage,Moderate
2026-05-08,6680,3,378,126.0,81.17,2.67,5.0,0.6442,Low Coverage,Moderate
2026-05-08,6682,3,1332,444.0,198.69,5.67,10.33,0.4475,Low Coverage,Stable
2026-05-08,6685,3,338,112.67,42.9,2.0,3.0,0.3808,Low Coverage,Stable
2026-05-08,6687,3,1364,454.67,221.13,6.0,9.33,0.4864,Low Coverage,Stable
2026-05-08,6688,3,243,81.0,23.81,2.0,2.67,0.294,Low Coverage,Stable
2026-05-08,6689,3,173,57.67,35.57,1.67,1.67,0.6168,Low Coverage,Moderate
2026-05-08,6690,3,222,74.0,33.42,1.67,2.33,0.4516,Low Coverage,Stable
2026-05-08,6691,3,191,63.67,34.43,2.0,2.67,0.5408,Low Coverage,Moderate
2026-05-08,6692,3,853,284.33,110.2,3.33,7.0,0.3876,Low Coverage,Stable
2026-05-08,6693,3,872,290.67,208.79,3.67,6.0,0.7183,Low Coverage,Moderate
2026-05-08,6698,3,769,256.33,154.78,3.0,5.0,0.6038,Low Coverage,Moderate
2026-05-08,6700,3,800,266.67,82.03,3.33,7.33,0.3076,Low Coverage,Stable
2026-05-08,6701,3,246,82.0,24.88,1.0,2.67,0.3034,Low Coverage,Stable
2026-05-08,6702,2,199,99.5,57.28,2.5,3.0,0.5756,Low Coverage,Moderate
2026-05-08,6703,3,1640,546.67,172.24,7.0,13.67,0.3151,Low Coverage,Stable
2026-05-08,6704,3,1113,371.0,233.21,5.33,8.0,0.6286,Low Coverage,Moderate
2026-05-08,6705,3,2334,778.0,331.0,10.33,15.0,0.4254,Low Coverage,Stable
2026-05-08,6706,3,1814,604.67,198.01,7.0,16.33,0.3275,Low Coverage,Stable
2026-05-08,6707,3,559,186.33,110.15,4.33,5.33,0.5912,Low Coverage,Moderate
2026-05-08,6708,3,602,200.67,77.51,4.0,5.33,0.3863,Low Coverage,Stable
2026-05-08,6709,2,148,74.0,74.95,1.5,2.0,1.0129,Low Coverage,Volatile
2026-05-08,6712,3,2538,846.0,325.34,12.67,18.33,0.3846,Low Coverage,Stable
2026-05-08,6713,3,981,327.0,96.6,4.0,9.0,0.2954,Low Coverage,Stable
2026-05-08,6714,2,325,162.5,200.11,2.5,3.0,1.2315,Low Coverage,Volatile
2026-05-08,6715,3,1169,389.67,135.63,5.0,9.0,0.3481,Low Coverage,Stable
2026-05-08,6722,3,534,178.0,47.03,2.33,5.33,0.2642,Low Coverage,Stable
2026-05-08,6723,3,408,136.0,83.05,2.33,4.67,0.6106,Low Coverage,Moderate
2026-05-08,6724,3,816,272.0,63.02,3.0,7.0,0.2317,Low Coverage,Stable
2026-05-08,6725,3,509,169.67,106.57,2.33,4.67,0.6281,Low Coverage,Moderate
2026-05-08,6726,3,747,249.0,146.03,4.0,5.0,0.5865,Low Coverage,Moderate
2026-05-08,6727,3,883,294.33,92.95,5.0,6.33,0.3158,Low Coverage,Stable
2026-05-08,6728,3,1814,604.67,240.61,7.67,13.0,0.3979,Low Coverage,Stable
2026-05-08,6730,3,694,231.33,152.64,3.0,4.33,0.6598,Low Coverage,Moderate
2026-05-08,6737,3,1083,361.0,178.53,4.33,7.0,0.4945,Low Coverage,Stable
2026-05-08,6738,3,1951,650.33,221.63,8.33,14.33,0.3408,Low Coverage,Stable
2026-05-08,6741,3,979,326.33,172.88,4.33,7.0,0.5298,Low Coverage,Moderate
2026-05-08,6747,3,399,133.0,101.93,2.0,3.0,0.7664,Low Coverage,Moderate
2026-05-08,6748,3,1232,410.67,172.4,5.0,9.0,0.4198,Low Coverage,Stable
2026-05-08,6749,3,1468,489.33,211.97,6.0,10.0,0.4332,Low Coverage,Stable
2026-05-08,6776,2,99,49.5,40.31,1.0,2.0,0.8142,Low Coverage,Moderate
2026-05-08,6779,3,272,90.67,21.01,1.0,2.67,0.2317,Low Coverage,Stable
2026-05-08,6780,3,260,86.67,15.28,1.33,2.67,0.1763,Low Coverage,Stable
2026-05-08,6790,3,167,55.67,10.97,2.0,6.0,0.1971,Low Coverage,Stable
2026-05-08,6796,3,540,180.0,41.58,2.0,5.67,0.231,Low Coverage,Stable
2026-05-08,6799,3,326,108.67,19.35,2.33,3.33,0.178,Low Coverage,Stable
2026-05-08,6800,2,222,111.0,39.6,2.0,2.0,0.3567,Low Coverage,Stable
2026-05-08,6806,3,320,106.67,36.53,3.0,5.0,0.3425,Low Coverage,Stable
2026-05-08,6811,3,256,85.33,13.61,1.67,5.0,0.1595,Low Coverage,Stable
2026-05-08,6817,3,491,163.67,28.02,3.0,6.0,0.1712,Low Coverage,Stable
2026-05-08,6818,3,282,94.0,23.07,1.67,3.0,0.2454,Low Coverage,Stable
2026-05-08,6819,3,493,164.33,132.64,2.67,3.67,0.8072,Low Coverage,Moderate
2026-05-08,6821,3,1078,359.33,180.56,4.33,8.67,0.5025,Low Coverage,Moderate
2026-05-08,6822,2,271,135.5,108.19,2.0,3.0,0.7984,Low Coverage,Moderate
2026-05-08,6828,3,245,81.67,35.25,1.0,2.33,0.4316,Low Coverage,Stable
2026-05-08,6843,2,81,40.5,43.13,1.0,1.5,1.065,Low Coverage,Volatile
2026-05-08,6844,1,62,62.0,0.0,1.0,2.0,0.0,Low Coverage,Stable
2026-05-08,7224,1,112,112.0,0.0,1.0,1.0,0.0,Low Coverage,Stable
2026-05-08,7321,3,790,263.33,140.9,4.33,5.67,0.5351,Low Coverage,Moderate
2026-05-08,7322,1,34,34.0,0.0,1.0,2.0,0.0,Low Coverage,Stable
2026-05-08,8290,3,460,153.33,106.46,3.0,4.0,0.6943,Low Coverage,Moderate
2026-05-09,11201,2,313,156.5,95.46,3.5,4.5,0.61,Low Coverage,Moderate
2026-05-09,11692,2,259,129.5,118.09,2.5,3.0,0.9119,Low Coverage,Moderate
2026-05-09,12940,2,148,74.0,72.12,1.5,2.0,0.9747,Low Coverage,Moderate
2026-05-09,16717,2,520,260.0,237.59,4.0,6.5,0.9138,Low Coverage,Moderate
2026-05-09,16718,2,556,278.0,224.86,5.5,8.5,0.8088,Low Coverage,Moderate
2026-05-09,16719,2,123,61.5,58.69,1.0,2.5,0.9543,Low Coverage,Moderate
2026-05-09,17707,2,104,52.0,8.49,2.0,3.0,0.1632,Low Coverage,Stable
2026-05-09,18705,2,260,130.0,118.79,2.0,3.5,0.9138,Low Coverage,Moderate
2026-05-09,20667,2,130,65.0,26.87,2.0,2.5,0.4134,Low Coverage,Stable
2026-05-09,22638,2,372,186.0,165.46,3.0,5.5,0.8896,Low Coverage,Moderate
2026-05-09,23384,2,812,406.0,313.96,8.0,9.5,0.7733,Low Coverage,Moderate
2026-05-09,29038,2,245,122.5,108.19,3.0,3.0,0.8832,Low Coverage,Moderate
2026-05-09,30036,2,126,63.0,56.57,1.0,3.5,0.8979,Low Coverage,Moderate
2026-05-09,30037,2,82,41.0,36.77,2.5,2.5,0.8968,Low Coverage,Moderate
2026-05-09,30038,2,108,54.0,63.64,2.0,2.0,1.1785,Low Coverage,Volatile
2026-05-09,30039,2,143,71.5,75.66,2.0,2.0,1.0582,Low Coverage,Volatile
2026-05-09,30040,2,132,66.0,31.11,3.0,3.0,0.4714,Low Coverage,Stable
2026-05-09,30043,2,212,106.0,84.85,2.0,3.5,0.8005,Low Coverage,Moderate
2026-05-09,30044,2,130,65.0,59.4,1.0,2.0,0.9138,Low Coverage,Moderate
2026-05-09,30046,2,380,190.0,171.12,3.0,5.5,0.9006,Low Coverage,Moderate
2026-05-09,30047,2,128,64.0,53.74,3.0,3.5,0.8397,Low Coverage,Moderate
2026-05-09,30048,2,156,78.0,84.85,2.5,2.5,1.0879,Low Coverage,Volatile
2026-05-09,30049,2,94,47.0,12.73,2.0,3.0,0.2708,Low Coverage,Stable
2026-05-09,30050,2,157,78.5,48.79,2.0,3.0,0.6215,Low Coverage,Moderate
2026-05-09,30051,1,4,4.0,0.0,1.0,1.0,0.0,Low Coverage,Stable
2026-05-09,30055,2,458,229.0,196.58,4.0,8.5,0.8584,Low Coverage,Moderate
2026-05-09,30584,2,97,48.5,36.06,1.0,2.5,0.7436,Low Coverage,Moderate
2026-05-09,31818,2,130,65.0,59.4,1.0,3.5,0.9138,Low Coverage,Moderate
2026-05-09,31819,2,213,106.5,85.56,2.0,3.0,0.8034,Low Coverage,Moderate
2026-05-09,32799,2,290,145.0,140.01,2.5,5.0,0.9656,Low Coverage,Moderate
2026-05-09,33292,2,262,131.0,97.58,3.5,4.5,0.7449,Low Coverage,Moderate
2026-05-09,33538,2,295,147.5,111.02,3.0,6.0,0.7526,Low Coverage,Moderate
2026-05-09,34540,1,10,10.0,0.0,1.0,1.0,0.0,Low Coverage,Stable
2026-05-09,34542,2,390,195.0,178.19,3.0,6.0,0.9138,Low Coverage,Moderate
2026-05-09,34543,2,155,77.5,44.55,2.0,3.5,0.5748,Low Coverage,Moderate
2026-05-09,36799,2,77,38.5,31.82,1.5,2.5,0.8265,Low Coverage,Moderate
2026-05-09,37807,2,943,471.5,405.17,8.5,13.5,0.8593,Low Coverage,Moderate
2026-05-09,37808,2,569,284.5,272.24,4.5,8.5,0.9569,Low Coverage,Moderate
2026-05-09,37809,2,598,299.0,271.53,5.0,9.5,0.9081,Low Coverage,Moderate
2026-05-09,37810,2,852,426.0,381.84,7.0,12.5,0.8963,Low Coverage,Moderate
2026-05-09,38311,2,636,318.0,289.91,5.0,9.5,0.9117,Low Coverage,Moderate
2026-05-09,39307,2,130,65.0,59.4,1.0,3.5,0.9138,Low Coverage,Moderate
2026-05-09,40855,2,260,130.0,118.79,2.0,5.0,0.9138,Low Coverage,Moderate
2026-05-09,46099,2,194,97.0,83.44,2.0,5.0,0.8602,Low Coverage,Moderate
2026-05-09,46604,2,639,319.5,289.21,5.0,9.5,0.9052,Low Coverage,Moderate
2026-05-09,6612,2,647,323.5,294.86,5.0,10.0,0.9115,Low Coverage,Moderate
2026-05-09,6613,2,855,427.5,376.89,7.0,11.0,0.8816,Low Coverage,Moderate
2026-05-09,6614,2,604,302.0,264.46,5.0,8.5,0.8757,Low Coverage,Moderate
2026-05-09,6615,2,420,210.0,144.25,7.0,9.0,0.6869,Low Coverage,Moderate
2026-05-09,6616,2,442,221.0,207.89,5.5,7.5,0.9407,Low Coverage,Moderate
2026-05-09,6617,2,1012,506.0,455.38,8.0,11.5,0.9,Low Coverage,Moderate
2026-05-09,6618,2,780,390.0,356.38,6.0,10.5,0.9138,Low Coverage,Moderate
2026-05-09,6619,2,880,440.0,404.47,7.0,12.5,0.9192,Low Coverage,Moderate
2026-05-09,6620,2,578,289.0,246.07,5.0,8.0,0.8515,Low Coverage,Moderate
2026-05-09,6621,2,264,132.0,87.68,4.5,5.0,0.6643,Low Coverage,Moderate
2026-05-09,6622,2,1007,503.5,451.84,8.0,11.0,0.8974,Low Coverage,Moderate
2026-05-09,6623,2,478,239.0,202.23,4.5,7.0,0.8462,Low Coverage,Moderate
2026-05-09,6624,2,910,455.0,415.78,7.0,11.5,0.9138,Low Coverage,Moderate
2026-05-09,6625,2,854,427.0,380.42,7.0,11.0,0.8909,Low Coverage,Moderate
2026-05-09,6626,2,726,363.0,318.2,6.0,10.0,0.8766,Low Coverage,Moderate
2026-05-09,6627,2,633,316.5,294.86,5.0,7.0,0.9316,Low Coverage,Moderate
2026-05-09,6628,2,143,71.5,53.03,2.0,2.0,0.7417,Low Coverage,Moderate
2026-05-09,6629,2,109,54.5,44.55,1.5,2.0,0.8174,Low Coverage,Moderate
2026-05-09,6630,2,376,188.0,164.05,5.0,5.5,0.8726,Low Coverage,Moderate
2026-05-09,6631,2,76,38.0,41.01,1.5,2.0,1.0793,Low Coverage,Volatile
2026-05-09,6633,2,385,192.5,178.9,3.0,5.0,0.9293,Low Coverage,Moderate
2026-05-09,6636,2,832,416.0,373.35,7.0,11.0,0.8975,Low Coverage,Moderate
2026-05-09,6637,2,330,165.0,138.59,4.5,5.5,0.84,Low Coverage,Moderate
2026-05-09,6641,2,1065,532.5,460.33,9.0,14.5,0.8645,Low Coverage,Moderate
2026-05-09,6642,2,729,364.5,289.21,7.0,10.5,0.7934,Low Coverage,Moderate
2026-05-09,6643,2,163,81.5,82.73,1.5,2.5,1.0151,Low Coverage,Volatile
2026-05-09,6644,2,120,60.0,52.33,1.0,2.0,0.8721,Low Coverage,Moderate
2026-05-09,6645,2,294,147.0,110.31,3.0,5.0,0.7504,Low Coverage,Moderate
2026-05-09,6646,2,289,144.5,106.77,3.5,4.0,0.7389,Low Coverage,Moderate
2026-05-09,6647,2,198,99.0,83.44,3.0,3.5,0.8428,Low Coverage,Moderate
2026-05-09,6648,2,130,65.0,59.4,1.0,2.0,0.9138,Low Coverage,Moderate
2026-05-09,6649,2,359,179.5,149.2,4.5,5.5,0.8312,Low Coverage,Moderate
2026-05-09,6650,2,290,145.0,130.11,4.0,5.0,0.8973,Low Coverage,Moderate
2026-05-09,6651,2,260,130.0,118.79,2.0,5.0,0.9138,Low Coverage,Moderate
2026-05-09,6652,2,168,84.0,67.88,2.0,2.5,0.8081,Low Coverage,Moderate
2026-05-09,6654,2,202,101.0,96.17,2.5,3.0,0.9521,Low Coverage,Moderate
2026-05-09,6657,2,363,181.5,132.23,4.5,5.5,0.7285,Low Coverage,Moderate
2026-05-09,6658,2,130,65.0,59.4,1.0,2.5,0.9138,Low Coverage,Moderate
2026-05-09,6659,2,260,130.0,118.79,2.0,5.0,0.9138,Low Coverage,Moderate
2026-05-09,6660,2,165,82.5,84.15,2.5,3.0,1.0199,Low Coverage,Volatile
2026-05-09,6661,2,124,62.0,55.15,1.5,2.0,0.8896,Low Coverage,Moderate
2026-05-09,6662,2,233,116.5,118.09,2.0,5.0,1.0136,Low Coverage,Volatile
2026-05-09,6663,2,258,129.0,117.38,2.0,4.0,0.9099,Low Coverage,Moderate
2026-05-09,6664,2,208,104.0,87.68,2.0,2.5,0.8431,Low Coverage,Moderate
2026-05-09,6665,2,162,81.0,49.5,2.0,3.0,0.6111,Low Coverage,Moderate
2026-05-09,6666,2,236,118.0,101.82,2.0,3.0,0.8629,Low Coverage,Moderate
2026-05-09,6667,2,520,260.0,237.59,4.0,6.5,0.9138,Low Coverage,Moderate
2026-05-09,6668,2,260,130.0,118.79,2.0,5.0,0.9138,Low Coverage,Moderate
2026-05-09,6673,2,214,107.0,86.27,3.0,3.0,0.8062,Low Coverage,Moderate
2026-05-09,6674,2,200,100.0,77.78,2.5,3.5,0.7778,Low Coverage,Moderate
2026-05-09,6675,2,65,32.5,13.44,1.0,1.5,0.4134,Low Coverage,Stable
2026-05-09,6676,2,264,132.0,121.62,2.5,5.0,0.9214,Low Coverage,Moderate
2026-05-09,6677,2,253,126.5,113.84,2.5,5.0,0.9,Low Coverage,Moderate
2026-05-09,6678,2,130,65.0,59.4,1.0,2.5,0.9138,Low Coverage,Moderate
2026-05-09,6679,2,34,17.0,9.9,1.5,1.5,0.5823,Low Coverage,Moderate
2026-05-09,6680,2,102,51.0,48.08,1.0,2.0,0.9428,Low Coverage,Moderate
2026-05-09,6682,2,672,336.0,292.74,6.0,9.5,0.8713,Low Coverage,Moderate
2026-05-09,6685,2,163,81.5,82.73,1.5,2.0,1.0151,Low Coverage,Volatile
2026-05-09,6687,2,660,330.0,284.26,6.0,8.0,0.8614,Low Coverage,Moderate
2026-05-09,6688,2,167,83.5,55.86,2.0,2.5,0.669,Low Coverage,Moderate
2026-05-09,6689,2,89,44.5,60.1,1.5,1.5,1.3507,Low Coverage,Volatile
2026-05-09,6690,2,52,26.0,4.24,1.0,1.5,0.1632,Low Coverage,Stable
2026-05-09,6691,2,90,45.0,42.43,1.0,1.5,0.9428,Low Coverage,Moderate
2026-05-09,6692,2,252,126.0,113.14,2.0,4.0,0.8979,Low Coverage,Moderate
2026-05-09,6693,2,92,46.0,55.15,1.0,1.0,1.199,Low Coverage,Volatile
2026-05-09,6698,2,186,93.0,33.94,2.5,3.0,0.365,Low Coverage,Stable
2026-05-09,6700,2,367,183.5,171.83,3.5,4.5,0.9364,Low Coverage,Moderate
2026-05-09,6701,2,130,65.0,59.4,1.0,3.0,0.9138,Low Coverage,Moderate
2026-05-09,6702,2,32,16.0,9.9,1.0,1.0,0.6187,Low Coverage,Moderate
2026-05-09,6703,2,779,389.5,355.67,6.0,11.5,0.9132,Low Coverage,Moderate
2026-05-09,6704,2,378,189.0,169.71,3.0,6.5,0.8979,Low Coverage,Moderate
2026-05-09,6705,2,997,498.5,412.24,10.0,12.5,0.827,Low Coverage,Moderate
2026-05-09,6706,2,632,316.0,284.26,5.0,9.5,0.8995,Low Coverage,Moderate
2026-05-09,6707,2,166,83.0,84.85,1.5,2.5,1.0223,Low Coverage,Volatile
2026-05-09,6708,2,124,62.0,55.15,1.0,2.5,0.8896,Low Coverage,Moderate
2026-05-09,6712,2,884,442.0,397.39,8.0,11.0,0.8991,Low Coverage,Moderate
2026-05-09,6713,2,148,74.0,46.67,2.0,3.0,0.6307,Low Coverage,Moderate
2026-05-09,6715,2,410,205.0,162.63,3.5,5.5,0.7933,Low Coverage,Moderate
2026-05-09,6722,2,146,73.0,48.08,1.5,2.5,0.6587,Low Coverage,Moderate
2026-05-09,6723,2,138,69.0,65.05,1.5,2.5,0.9428,Low Coverage,Moderate
2026-05-09,6724,2,364,182.0,165.46,3.0,6.0,0.9091,Low Coverage,Moderate
2026-05-09,6725,2,112,56.0,57.98,1.0,2.0,1.0354,Low Coverage,Volatile
2026-05-09,6726,2,242,121.0,98.99,3.0,3.5,0.8181,Low Coverage,Moderate
2026-05-09,6727,2,282,141.0,134.35,2.5,3.5,0.9528,Low Coverage,Moderate
2026-05-09,6728,2,705,352.5,303.35,6.0,9.5,0.8606,Low Coverage,Moderate
2026-05-09,6730,2,187,93.5,77.07,2.0,2.0,0.8243,Low Coverage,Moderate
2026-05-09,6737,2,377,188.5,136.47,4.0,4.5,0.724,Low Coverage,Moderate
2026-05-09,6738,2,1009,504.5,457.5,8.5,12.0,0.9068,Low Coverage,Moderate
2026-05-09,6741,2,324,162.0,131.52,3.0,4.0,0.8119,Low Coverage,Moderate
2026-05-09,6747,2,280,140.0,125.87,3.0,3.5,0.899,Low Coverage,Moderate
2026-05-09,6748,2,358,179.0,123.04,4.0,5.0,0.6874,Low Coverage,Moderate
2026-05-09,6749,2,508,254.0,229.1,4.0,5.5,0.902,Low Coverage,Moderate
2026-05-09,6779,2,107,53.5,43.13,1.0,1.5,0.8062,Low Coverage,Moderate
2026-05-09,6780,2,64,32.0,14.14,1.0,1.5,0.4419,Low Coverage,Stable
2026-05-09,6790,2,66,33.0,35.36,1.5,4.0,1.0714,Low Coverage,Volatile
2026-05-09,6796,2,260,130.0,118.79,2.0,4.0,0.9138,Low Coverage,Moderate
2026-05-09,6806,2,109,54.5,37.48,2.0,3.0,0.6876,Low Coverage,Moderate
2026-05-09,6811,1,15,15.0,0.0,1.0,1.0,0.0,Low Coverage,Stable
2026-05-09,6817,2,195,97.5,89.8,2.5,3.0,0.9211,Low Coverage,Moderate
2026-05-09,6818,2,130,65.0,59.4,1.0,2.5,0.9138,Low Coverage,Moderate
2026-05-09,6819,2,379,189.5,170.41,3.0,4.5,0.8993,Low Coverage,Moderate
2026-05-09,6821,2,383,191.5,176.07,3.0,5.5,0.9194,Low Coverage,Moderate
2026-05-09,6822,1,1,1.0,0.0,1.0,1.0,0.0,Low Coverage,Stable
2026-05-09,6828,2,130,65.0,59.4,1.0,2.0,0.9138,Low Coverage,Moderate
2026-05-09,6834,1,18,18.0,0.0,1.0,1.0,0.0,Low Coverage,Stable
2026-05-09,7321,2,292,146.0,141.42,2.5,4.0,0.9686,Low Coverage,Moderate
2026-05-09,8290,2,158,79.0,65.05,2.5,3.0,0.8235,Low Coverage,Moderate
2026-05-10,11201,1,4,4.0,0.0,1.0,1.0,0.0,Low Coverage,Stable
2026-05-10,11692,1,8,8.0,0.0,2.0,2.0,0.0,Low Coverage,Stable
2026-05-10,12940,1,4,4.0,0.0,1.0,1.0,0.0,Low Coverage,Stable
2026-05-10,16717,1,16,16.0,0.0,4.0,4.0,0.0,Low Coverage,Stable
2026-05-10,16718,1,12,12.0,0.0,3.0,3.0,0.0,Low Coverage,Stable
2026-05-10,16719,1,4,4.0,0.0,1.0,1.0,0.0,Low Coverage,Stable
2026-05-10,18705,1,8,8.0,0.0,2.0,2.0,0.0,Low Coverage,Stable
2026-05-10,22638,1,8,8.0,0.0,2.0,2.0,0.0,Low Coverage,Stable
2026-05-10,23384,1,8,8.0,0.0,2.0,2.0,0.0,Low Coverage,Stable
2026-05-10,29038,1,6,6.0,0.0,2.0,2.0,0.0,Low Coverage,Stable
2026-05-10,30036,1,4,4.0,0.0,1.0,1.0,0.0,Low Coverage,Stable
2026-05-10,30037,1,8,8.0,0.0,2.0,2.0,0.0,Low Coverage,Stable
2026-05-10,30040,1,8,8.0,0.0,2.0,2.0,0.0,Low Coverage,Stable
2026-05-10,30044,1,4,4.0,0.0,1.0,1.0,0.0,Low Coverage,Stable
2026-05-10,30046,1,12,12.0,0.0,3.0,3.0,0.0,Low Coverage,Stable
2026-05-10,30047,1,4,4.0,0.0,1.0,1.0,0.0,Low Coverage,Stable
2026-05-10,30055,1,12,12.0,0.0,3.0,3.0,0.0,Low Coverage,Stable
2026-05-10,30584,1,2,2.0,0.0,1.0,1.0,0.0,Low Coverage,Stable
2026-05-10,31818,1,4,4.0,0.0,1.0,1.0,0.0,Low Coverage,Stable
2026-05-10,32799,1,12,12.0,0.0,3.0,3.0,0.0,Low Coverage,Stable
2026-05-10,33538,1,8,8.0,0.0,2.0,2.0,0.0,Low Coverage,Stable
2026-05-10,34542,1,12,12.0,0.0,3.0,3.0,0.0,Low Coverage,Stable
2026-05-10,34543,1,4,4.0,0.0,1.0,1.0,0.0,Low Coverage,Stable
2026-05-10,36799,1,4,4.0,0.0,1.0,1.0,0.0,Low Coverage,Stable
2026-05-10,37807,1,28,28.0,0.0,7.0,7.0,0.0,Low Coverage,Stable
2026-05-10,37808,1,16,16.0,0.0,4.0,4.0,0.0,Low Coverage,Stable
2026-05-10,37809,1,16,16.0,0.0,4.0,4.0,0.0,Low Coverage,Stable
2026-05-10,37810,1,24,24.0,0.0,6.0,6.0,0.0,Low Coverage,Stable
2026-05-10,38311,1,16,16.0,0.0,4.0,4.0,0.0,Low Coverage,Stable
2026-05-10,39307,1,4,4.0,0.0,1.0,1.0,0.0,Low Coverage,Stable
2026-05-10,40855,1,8,8.0,0.0,2.0,2.0,0.0,Low Coverage,Stable
2026-05-10,46099,1,4,4.0,0.0,1.0,1.0,0.0,Low Coverage,Stable
2026-05-10,46604,1,20,20.0,0.0,5.0,5.0,0.0,Low Coverage,Stable
2026-05-10,6612,1,20,20.0,0.0,5.0,6.0,0.0,Low Coverage,Stable
2026-05-10,6613,1,20,20.0,0.0,5.0,5.0,0.0,Low Coverage,Stable
2026-05-10,6614,1,16,16.0,0.0,4.0,4.0,0.0,Low Coverage,Stable
2026-05-10,6615,1,10,10.0,0.0,3.0,3.0,0.0,Low Coverage,Stable
2026-05-10,6616,1,10,10.0,0.0,3.0,3.0,0.0,Low Coverage,Stable
2026-05-10,6617,1,28,28.0,0.0,7.0,7.0,0.0,Low Coverage,Stable
2026-05-10,6618,1,20,20.0,0.0,5.0,5.0,0.0,Low Coverage,Stable
2026-05-10,6619,1,28,28.0,0.0,7.0,7.0,0.0,Low Coverage,Stable
2026-05-10,6620,1,16,16.0,0.0,4.0,4.0,0.0,Low Coverage,Stable
2026-05-10,6621,1,12,12.0,0.0,3.0,3.0,0.0,Low Coverage,Stable
2026-05-10,6622,1,24,24.0,0.0,6.0,6.0,0.0,Low Coverage,Stable
2026-05-10,6623,1,12,12.0,0.0,3.0,3.0,0.0,Low Coverage,Stable
2026-05-10,6624,1,28,28.0,0.0,7.0,7.0,0.0,Low Coverage,Stable
2026-05-10,6625,1,20,20.0,0.0,5.0,6.0,0.0,Low Coverage,Stable
2026-05-10,6626,1,16,16.0,0.0,4.0,4.0,0.0,Low Coverage,Stable
2026-05-10,6627,1,19,19.0,0.0,5.0,5.0,0.0,Low Coverage,Stable
2026-05-10,6629,1,4,4.0,0.0,1.0,1.0,0.0,Low Coverage,Stable
2026-05-10,6630,1,12,12.0,0.0,3.0,3.0,0.0,Low Coverage,Stable
2026-05-10,6631,1,4,4.0,0.0,1.0,1.0,0.0,Low Coverage,Stable
2026-05-10,6633,1,12,12.0,0.0,3.0,3.0,0.0,Low Coverage,Stable
2026-05-10,6636,1,24,24.0,0.0,6.0,6.0,0.0,Low Coverage,Stable
2026-05-10,6637,1,4,4.0,0.0,1.0,1.0,0.0,Low Coverage,Stable
2026-05-10,6641,1,32,32.0,0.0,8.0,8.0,0.0,Low Coverage,Stable
2026-05-10,6642,1,20,20.0,0.0,5.0,5.0,0.0,Low Coverage,Stable
2026-05-10,6643,1,4,4.0,0.0,1.0,1.0,0.0,Low Coverage,Stable
2026-05-10,6644,1,4,4.0,0.0,1.0,1.0,0.0,Low Coverage,Stable
2026-05-10,6645,1,8,8.0,0.0,2.0,2.0,0.0,Low Coverage,Stable
2026-05-10,6646,1,8,8.0,0.0,2.0,2.0,0.0,Low Coverage,Stable
2026-05-10,6647,1,4,4.0,0.0,1.0,1.0,0.0,Low Coverage,Stable
2026-05-10,6648,1,4,4.0,0.0,1.0,1.0,0.0,Low Coverage,Stable
2026-05-10,6649,1,12,12.0,0.0,3.0,3.0,0.0,Low Coverage,Stable
2026-05-10,6650,1,8,8.0,0.0,2.0,2.0,0.0,Low Coverage,Stable
2026-05-10,6651,1,8,8.0,0.0,2.0,2.0,0.0,Low Coverage,Stable
2026-05-10,6652,1,4,4.0,0.0,1.0,1.0,0.0,Low Coverage,Stable
2026-05-10,6654,1,8,8.0,0.0,2.0,2.0,0.0,Low Coverage,Stable
2026-05-10,6657,1,4,4.0,0.0,1.0,1.0,0.0,Low Coverage,Stable
2026-05-10,6658,1,4,4.0,0.0,1.0,1.0,0.0,Low Coverage,Stable
2026-05-10,6659,1,8,8.0,0.0,2.0,2.0,0.0,Low Coverage,Stable
2026-05-10,6660,1,4,4.0,0.0,1.0,1.0,0.0,Low Coverage,Stable
2026-05-10,6662,1,8,8.0,0.0,2.0,2.0,0.0,Low Coverage,Stable
2026-05-10,6663,1,4,4.0,0.0,1.0,1.0,0.0,Low Coverage,Stable
2026-05-10,6664,1,4,4.0,0.0,1.0,1.0,0.0,Low Coverage,Stable
2026-05-10,6665,1,4,4.0,0.0,1.0,1.0,0.0,Low Coverage,Stable
2026-05-10,6666,1,4,4.0,0.0,1.0,1.0,0.0,Low Coverage,Stable
2026-05-10,6667,1,16,16.0,0.0,4.0,4.0,0.0,Low Coverage,Stable
2026-05-10,6668,1,8,8.0,0.0,2.0,2.0,0.0,Low Coverage,Stable
2026-05-10,6673,1,8,8.0,0.0,2.0,2.0,0.0,Low Coverage,Stable
2026-05-10,6676,1,8,8.0,0.0,2.0,2.0,0.0,Low Coverage,Stable
2026-05-10,6677,1,8,8.0,0.0,2.0,2.0,0.0,Low Coverage,Stable
2026-05-10,6678,1,4,4.0,0.0,1.0,1.0,0.0,Low Coverage,Stable
2026-05-10,6680,1,4,4.0,0.0,1.0,1.0,0.0,Low Coverage,Stable
2026-05-10,6682,1,16,16.0,0.0,4.0,4.0,0.0,Low Coverage,Stable
2026-05-10,6687,1,12,12.0,0.0,3.0,3.0,0.0,Low Coverage,Stable
2026-05-10,6688,1,3,3.0,0.0,1.0,1.0,0.0,Low Coverage,Stable
2026-05-10,6692,1,8,8.0,0.0,2.0,2.0,0.0,Low Coverage,Stable
2026-05-10,6700,1,12,12.0,0.0,3.0,3.0,0.0,Low Coverage,Stable
2026-05-10,6701,1,4,4.0,0.0,1.0,1.0,0.0,Low Coverage,Stable
2026-05-10,6703,1,24,24.0,0.0,6.0,6.0,0.0,Low Coverage,Stable
2026-05-10,6704,1,12,12.0,0.0,3.0,3.0,0.0,Low Coverage,Stable
2026-05-10,6705,1,22,22.0,0.0,6.0,7.0,0.0,Low Coverage,Stable
2026-05-10,6706,1,20,20.0,0.0,5.0,5.0,0.0,Low Coverage,Stable
2026-05-10,6707,1,4,4.0,0.0,1.0,1.0,0.0,Low Coverage,Stable
2026-05-10,6708,1,4,4.0,0.0,1.0,1.0,0.0,Low Coverage,Stable
2026-05-10,6712,1,20,20.0,0.0,5.0,5.0,0.0,Low Coverage,Stable
2026-05-10,6713,1,4,4.0,0.0,1.0,1.0,0.0,Low Coverage,Stable
2026-05-10,6715,1,12,12.0,0.0,3.0,3.0,0.0,Low Coverage,Stable
2026-05-10,6722,1,4,4.0,0.0,1.0,1.0,0.0,Low Coverage,Stable
2026-05-10,6723,1,4,4.0,0.0,1.0,1.0,0.0,Low Coverage,Stable
2026-05-10,6724,1,8,8.0,0.0,2.0,2.0,0.0,Low Coverage,Stable
2026-05-10,6725,1,4,4.0,0.0,1.0,2.0,0.0,Low Coverage,Stable
2026-05-10,6726,1,4,4.0,0.0,1.0,1.0,0.0,Low Coverage,Stable
2026-05-10,6727,1,8,8.0,0.0,2.0,2.0,0.0,Low Coverage,Stable
2026-05-10,6728,1,16,16.0,0.0,4.0,4.0,0.0,Low Coverage,Stable
2026-05-10,6737,1,4,4.0,0.0,1.0,1.0,0.0,Low Coverage,Stable
2026-05-10,6738,1,28,28.0,0.0,7.0,7.0,0.0,Low Coverage,Stable
2026-05-10,6741,1,8,8.0,0.0,2.0,2.0,0.0,Low Coverage,Stable
2026-05-10,6748,1,4,4.0,0.0,1.0,1.0,0.0,Low Coverage,Stable
2026-05-10,6749,1,16,16.0,0.0,4.0,4.0,0.0,Low Coverage,Stable
2026-05-10,6790,1,4,4.0,0.0,1.0,1.0,0.0,Low Coverage,Stable
2026-05-10,6796,1,4,4.0,0.0,1.0,1.0,0.0,Low Coverage,Stable
2026-05-10,6818,1,4,4.0,0.0,1.0,1.0,0.0,Low Coverage,Stable
2026-05-10,6819,1,5,5.0,0.0,2.0,2.0,0.0,Low Coverage,Stable
2026-05-10,6821,1,10,10.0,0.0,3.0,3.0,0.0,Low Coverage,Stable
2026-05-10,6834,1,4,4.0,0.0,1.0,1.0,0.0,Low Coverage,Stable
2026-05-10,7321,1,8,8.0,0.0,2.0,2.0,0.0,Low Coverage,Stable
2026-05-10,8290,1,8,8.0,0.0,2.0,2.0,0.0,Low Coverage,Stable
2026-05-14,10232,10,745,74.5,52.1,1.6,2.4,0.6993,Medium Coverage,Moderate
2026-05-14,11201,10,6183,618.3,458.86,8.6,13.1,0.7421,Medium Coverage,Moderate
2026-05-14,11692,10,5993,599.3,456.36,9.9,11.6,0.7615,Medium Coverage,Moderate
2026-05-14,11693,10,3921,392.1,274.75,6.5,8.1,0.7007,Medium Coverage,Moderate
2026-05-14,11696,10,2639,263.9,184.71,4.8,6.3,0.6999,Medium Coverage,Moderate
2026-05-14,12940,10,2704,270.4,203.72,4.6,6.5,0.7534,Medium Coverage,Moderate
2026-05-14,13684,10,1191,119.1,87.88,2.0,4.4,0.7379,Medium Coverage,Moderate
2026-05-14,16717,2,91,45.5,41.72,2.0,2.0,0.9169,Low Coverage,Moderate
2026-05-14,16718,10,11247,1124.7,868.72,14.7,19.7,0.7724,Medium Coverage,Moderate
2026-05-14,16719,10,1649,164.9,134.79,2.8,4.8,0.8174,Medium Coverage,Moderate
2026-05-14,17707,10,2832,283.2,204.89,5.3,8.5,0.7235,Medium Coverage,Moderate
2026-05-14,18213,4,230,57.5,48.84,1.25,1.75,0.8494,Low Coverage,Moderate
2026-05-14,18705,10,4802,480.2,371.86,7.0,9.6,0.7744,Medium Coverage,Moderate
2026-05-14,20667,10,3164,316.4,258.03,4.2,9.1,0.8155,Medium Coverage,Moderate
2026-05-14,22638,10,3178,317.8,255.41,5.6,7.5,0.8037,Medium Coverage,Moderate
2026-05-14,22639,10,1355,135.5,97.19,2.1,4.3,0.7173,Medium Coverage,Moderate
2026-05-14,23384,10,13388,1338.8,1062.93,18.2,24.0,0.7939,Medium Coverage,Moderate
2026-05-14,29038,10,5810,581.0,430.81,10.1,12.4,0.7415,Medium Coverage,Moderate
2026-05-14,30036,10,1328,132.8,115.83,2.0,6.1,0.8722,Medium Coverage,Moderate
2026-05-14,30037,10,1850,185.0,154.62,5.3,5.7,0.8358,Medium Coverage,Moderate
2026-05-14,30038,10,2322,232.2,199.06,6.1,6.9,0.8573,Medium Coverage,Moderate
2026-05-14,30039,10,3048,304.8,254.2,6.6,7.0,0.834,Medium Coverage,Moderate
2026-05-14,30040,10,2643,264.3,218.13,6.2,6.9,0.8253,Medium Coverage,Moderate
2026-05-14,30041,5,1390,278.0,202.03,4.0,6.6,0.7267,Low Coverage,Moderate
2026-05-14,30043,10,3514,351.4,250.75,6.4,9.7,0.7136,Medium Coverage,Moderate
2026-05-14,30044,10,912,91.2,72.42,2.0,3.5,0.794,Medium Coverage,Moderate
2026-05-14,30045,10,2012,201.2,146.75,3.8,5.0,0.7294,Medium Coverage,Moderate
2026-05-14,30046,10,3583,358.3,300.38,6.2,7.9,0.8383,Medium Coverage,Moderate
2026-05-14,30047,10,1585,158.5,139.25,5.0,6.3,0.8786,Medium Coverage,Moderate
2026-05-14,30048,10,1415,141.5,119.69,4.1,5.8,0.8459,Medium Coverage,Moderate
2026-05-14,30049,10,1983,198.3,170.61,3.9,6.4,0.8604,Medium Coverage,Moderate
2026-05-14,30050,10,1861,186.1,148.65,3.5,6.1,0.7988,Medium Coverage,Moderate
2026-05-14,30051,9,861,95.67,59.74,2.33,3.56,0.6244,Low Coverage,Moderate
2026-05-14,30055,10,4158,415.8,302.02,5.6,13.0,0.7264,Medium Coverage,Moderate
2026-05-14,30584,10,1279,127.9,92.31,2.9,4.3,0.7217,Medium Coverage,Moderate
2026-05-14,31816,10,1425,142.5,103.17,3.1,4.3,0.724,Medium Coverage,Moderate
2026-05-14,31817,10,1344,134.4,98.94,3.6,4.2,0.7362,Medium Coverage,Moderate
2026-05-14,31818,10,719,71.9,49.59,2.0,3.4,0.6897,Medium Coverage,Moderate
2026-05-14,31819,10,2124,212.4,150.99,3.0,5.5,0.7109,Medium Coverage,Moderate
2026-05-14,31821,10,922,92.2,74.56,1.8,3.1,0.8087,Medium Coverage,Moderate
2026-05-14,31822,9,1014,112.67,86.0,2.0,3.89,0.7633,Low Coverage,Moderate
2026-05-14,32799,10,3841,384.1,278.37,5.6,11.6,0.7247,Medium Coverage,Moderate
2026-05-14,33292,10,2628,262.8,226.02,5.4,7.0,0.86,Medium Coverage,Moderate
2026-05-14,33538,10,2090,209.0,149.05,3.0,8.0,0.7131,Medium Coverage,Moderate
2026-05-14,34042,10,1233,123.3,102.2,3.5,4.0,0.8289,Medium Coverage,Moderate
2026-05-14,34043,9,1412,156.89,123.93,3.78,4.33,0.79,Low Coverage,Moderate
2026-05-14,34540,10,758,75.8,56.08,2.1,3.1,0.7399,Medium Coverage,Moderate
2026-05-14,34541,10,954,95.4,75.22,2.1,3.2,0.7884,Medium Coverage,Moderate
2026-05-14,34542,10,3884,388.4,285.52,5.4,10.7,0.7351,Medium Coverage,Moderate
2026-05-14,34543,10,3715,371.5,280.0,5.2,10.8,0.7537,Medium Coverage,Moderate
2026-05-14,36799,10,1809,180.9,156.21,5.6,6.1,0.8635,Medium Coverage,Moderate
2026-05-14,37807,10,10636,1063.6,894.22,14.6,22.3,0.8408,Medium Coverage,Moderate
2026-05-14,37808,10,6792,679.2,502.59,9.3,16.0,0.74,Medium Coverage,Moderate
2026-05-14,37809,10,5533,553.3,434.95,7.5,13.1,0.7861,Medium Coverage,Moderate
2026-05-14,37810,10,16504,1650.4,1419.86,21.9,34.1,0.8603,Medium Coverage,Moderate
2026-05-14,38311,10,5103,510.3,393.66,7.2,13.0,0.7714,Medium Coverage,Moderate
2026-05-14,39304,10,1739,173.9,144.69,2.6,6.2,0.832,Medium Coverage,Moderate
2026-05-14,39305,5,4111,822.2,491.17,9.8,17.0,0.5974,Low Coverage,Moderate
2026-05-14,39307,10,2277,227.7,178.4,3.0,9.3,0.7835,Medium Coverage,Moderate
2026-05-14,40855,10,1947,194.7,148.3,2.7,5.8,0.7617,Medium Coverage,Moderate
2026-05-14,45596,8,1143,142.88,96.13,2.0,4.25,0.6728,Low Coverage,Moderate
2026-05-14,46099,10,1387,138.7,105.43,3.0,7.0,0.7601,Medium Coverage,Moderate
2026-05-14,46604,10,7323,732.3,538.82,10.2,18.4,0.7358,Medium Coverage,Moderate
2026-05-14,48855,10,1226,122.6,89.82,1.9,4.4,0.7326,Medium Coverage,Moderate
2026-05-14,6612,10,6167,616.7,463.7,8.2,15.4,0.7519,Medium Coverage,Moderate
2026-05-14,6613,10,6514,651.4,481.26,9.1,14.3,0.7388,Medium Coverage,Moderate
2026-05-14,6614,10,9171,917.1,719.62,12.3,17.3,0.7847,Medium Coverage,Moderate
2026-05-14,6615,10,5829,582.9,481.78,12.7,18.1,0.8265,Medium Coverage,Moderate
2026-05-14,6616,10,5582,558.2,461.42,12.5,16.7,0.8266,Medium Coverage,Moderate
2026-05-14,6617,10,9456,945.6,710.49,12.9,17.7,0.7514,Medium Coverage,Moderate
2026-05-14,6618,10,5929,592.9,427.64,8.4,13.5,0.7213,Medium Coverage,Moderate
2026-05-14,6619,10,9087,908.7,741.84,11.8,19.2,0.8164,Medium Coverage,Moderate
2026-05-14,6620,10,6413,641.3,468.23,8.9,13.8,0.7301,Medium Coverage,Moderate
2026-05-14,6621,10,3128,312.8,230.54,6.6,8.9,0.737,Medium Coverage,Moderate
2026-05-14,6622,10,15201,1520.1,1169.31,20.2,27.2,0.7692,Medium Coverage,Moderate
2026-05-14,6623,10,5661,566.1,425.06,7.8,12.5,0.7509,Medium Coverage,Moderate
2026-05-14,6624,10,10704,1070.4,776.88,15.0,21.6,0.7258,Medium Coverage,Moderate
2026-05-14,6625,10,7390,739.0,539.1,10.1,15.5,0.7295,Medium Coverage,Moderate
2026-05-14,6626,10,6949,694.9,527.22,9.4,15.3,0.7587,Medium Coverage,Moderate
2026-05-14,6627,10,12420,1242.0,1009.98,16.6,22.3,0.8132,Medium Coverage,Moderate
2026-05-14,6628,10,3752,375.2,293.26,7.2,9.0,0.7816,Medium Coverage,Moderate
2026-05-14,6629,10,2710,271.0,210.76,5.1,7.5,0.7777,Medium Coverage,Moderate
2026-05-14,6630,10,4312,431.2,309.13,6.1,10.9,0.7169,Medium Coverage,Moderate
2026-05-14,6631,10,1733,173.3,134.78,3.1,6.2,0.7777,Medium Coverage,Moderate
2026-05-14,6633,10,5334,533.4,385.74,7.3,12.4,0.7232,Medium Coverage,Moderate
2026-05-14,6635,9,3868,429.78,350.92,5.78,9.67,0.8165,Low Coverage,Moderate
2026-05-14,6636,10,17742,1774.2,1383.13,24.6,35.8,0.7796,Medium Coverage,Moderate
2026-05-14,6637,10,3500,350.0,248.68,7.1,9.5,0.7105,Medium Coverage,Moderate
2026-05-14,6638,10,4862,486.2,357.68,6.6,11.1,0.7357,Medium Coverage,Moderate
2026-05-14,6641,10,19444,1944.4,1565.38,26.1,42.5,0.8051,Medium Coverage,Moderate
2026-05-14,6642,10,8383,838.3,681.9,11.0,17.5,0.8134,Medium Coverage,Moderate
2026-05-14,6643,10,3351,335.1,269.21,4.8,7.4,0.8034,Medium Coverage,Moderate
2026-05-14,6644,10,2905,290.5,250.98,4.7,7.9,0.864,Medium Coverage,Moderate
2026-05-14,6645,10,5595,559.5,422.73,7.9,14.6,0.7556,Medium Coverage,Moderate
2026-05-14,6646,10,4025,402.5,326.91,5.8,8.6,0.8122,Medium Coverage,Moderate
2026-05-14,6647,10,2580,258.0,183.17,4.4,8.5,0.71,Medium Coverage,Moderate
2026-05-14,6648,10,4145,414.5,386.13,6.6,9.4,0.9316,Medium Coverage,Moderate
2026-05-14,6649,10,6078,607.8,471.56,9.0,16.0,0.7759,Medium Coverage,Moderate
2026-05-14,6650,10,3545,354.5,307.71,6.5,8.1,0.868,Medium Coverage,Moderate
2026-05-14,6651,10,8012,801.2,571.65,12.5,20.1,0.7135,Medium Coverage,Moderate
2026-05-14,6652,10,1895,189.5,135.6,3.6,4.7,0.7156,Medium Coverage,Moderate
2026-05-14,6654,10,1933,193.3,144.53,4.0,5.1,0.7477,Medium Coverage,Moderate
2026-05-14,6656,10,1303,130.3,96.44,1.9,5.2,0.7402,Medium Coverage,Moderate
2026-05-14,6657,10,5830,583.0,436.91,9.3,12.9,0.7494,Medium Coverage,Moderate
2026-05-14,6658,10,2855,285.5,219.59,3.9,9.6,0.7691,Medium Coverage,Moderate
2026-05-14,6659,10,1655,165.5,122.25,3.0,5.3,0.7387,Medium Coverage,Moderate
2026-05-14,6660,10,3350,335.0,282.02,5.4,7.9,0.8418,Medium Coverage,Moderate
2026-05-14,6661,10,2972,297.2,233.88,6.3,7.7,0.787,Medium Coverage,Moderate
2026-05-14,6662,10,2627,262.7,222.71,4.1,7.5,0.8478,Medium Coverage,Moderate
2026-05-14,6663,10,2344,234.4,189.64,3.7,6.0,0.809,Medium Coverage,Moderate
2026-05-14,6664,10,2453,245.3,175.75,4.7,5.9,0.7165,Medium Coverage,Moderate
2026-05-14,6665,10,2129,212.9,150.51,3.2,5.6,0.707,Medium Coverage,Moderate
2026-05-14,6666,10,4245,424.5,352.14,7.4,8.7,0.8295,Medium Coverage,Moderate
2026-05-14,6667,10,7935,793.5,571.55,11.3,15.8,0.7203,Medium Coverage,Moderate
2026-05-14,6668,10,1868,186.8,137.56,3.8,5.3,0.7364,Medium Coverage,Moderate
2026-05-14,6672,10,4727,472.7,390.53,7.6,9.5,0.8262,Medium Coverage,Moderate
2026-05-14,6673,10,3972,397.2,330.15,6.7,8.3,0.8312,Medium Coverage,Moderate
2026-05-14,6674,10,1410,141.0,107.43,3.5,4.5,0.7619,Medium Coverage,Moderate
2026-05-14,6675,10,1156,115.6,103.19,2.3,4.2,0.8926,Medium Coverage,Moderate
2026-05-14,6676,10,2768,276.8,228.25,5.3,7.3,0.8246,Medium Coverage,Moderate
2026-05-14,6677,10,2881,288.1,234.22,5.2,7.7,0.813,Medium Coverage,Moderate
2026-05-14,6678,10,2359,235.9,201.08,4.5,6.6,0.8524,Medium Coverage,Moderate
2026-05-14,6679,10,2833,283.3,207.94,5.2,6.4,0.734,Medium Coverage,Moderate
2026-05-14,6680,10,3035,303.5,230.52,6.2,8.7,0.7595,Medium Coverage,Moderate
2026-05-14,6682,10,8076,807.6,627.34,11.0,16.9,0.7768,Medium Coverage,Moderate
2026-05-14,6683,6,1398,233.0,164.06,4.17,4.17,0.7041,Low Coverage,Moderate
2026-05-14,6685,10,3289,328.9,287.26,7.1,8.1,0.8734,Medium Coverage,Moderate
2026-05-14,6686,4,444,111.0,72.42,2.25,2.25,0.6524,Low Coverage,Moderate
2026-05-14,6687,10,10254,1025.4,815.1,15.1,23.4,0.7949,Medium Coverage,Moderate
2026-05-14,6688,10,1178,117.8,97.94,2.7,3.6,0.8314,Medium Coverage,Moderate
2026-05-14,6689,7,1044,149.14,72.2,3.14,3.86,0.4841,Low Coverage,Stable
2026-05-14,6690,9,1758,195.33,156.43,3.56,4.67,0.8008,Low Coverage,Moderate
2026-05-14,6691,10,1264,126.4,123.57,2.4,3.7,0.9776,Medium Coverage,Moderate
2026-05-14,6692,10,3823,382.3,276.98,5.4,8.8,0.7245,Medium Coverage,Moderate
2026-05-14,6693,10,4649,464.9,338.81,6.2,11.0,0.7288,Medium Coverage,Moderate
2026-05-14,6698,10,5301,530.1,438.89,6.9,10.2,0.8279,Medium Coverage,Moderate
2026-05-14,6699,5,1265,253.0,62.43,4.0,4.2,0.2468,Low Coverage,Stable
2026-05-14,6700,10,3117,311.7,240.95,5.3,7.5,0.773,Medium Coverage,Moderate
2026-05-14,6701,10,1558,155.8,132.0,2.8,4.0,0.8472,Medium Coverage,Moderate
2026-05-14,6702,10,2295,229.5,166.85,4.3,5.6,0.727,Medium Coverage,Moderate
2026-05-14,6703,10,5795,579.5,429.79,7.9,13.6,0.7417,Medium Coverage,Moderate
2026-05-14,6704,10,7838,783.8,613.39,12.0,14.7,0.7826,Medium Coverage,Moderate
2026-05-14,6705,10,12471,1247.1,944.65,17.7,24.1,0.7575,Medium Coverage,Moderate
2026-05-14,6706,10,8269,826.9,628.31,10.9,18.8,0.7598,Medium Coverage,Moderate
2026-05-14,6707,10,4655,465.5,369.07,7.9,10.4,0.7928,Medium Coverage,Moderate
2026-05-14,6708,10,3150,315.0,248.59,6.4,8.3,0.7892,Medium Coverage,Moderate
2026-05-14,6709,10,2092,209.2,179.26,3.7,4.7,0.8569,Medium Coverage,Moderate
2026-05-14,6710,8,625,78.13,61.72,1.88,2.0,0.79,Low Coverage,Moderate
2026-05-14,6712,10,11082,1108.2,910.94,16.6,21.7,0.822,Medium Coverage,Moderate
2026-05-14,6713,10,3766,376.6,309.62,4.9,9.1,0.8221,Medium Coverage,Moderate
2026-05-14,6714,10,5754,575.4,476.44,8.7,11.5,0.828,Medium Coverage,Moderate
2026-05-14,6715,10,7222,722.2,548.34,9.7,15.5,0.7593,Medium Coverage,Moderate
2026-05-14,6716,5,1368,273.6,93.5,4.2,4.2,0.3417,Low Coverage,Stable
2026-05-14,6717,5,1270,254.0,226.53,3.6,3.6,0.8919,Low Coverage,Moderate
2026-05-14,6718,4,437,109.25,53.95,2.5,2.5,0.4938,Low Coverage,Stable
2026-05-14,6719,4,638,159.5,83.45,2.25,2.25,0.5232,Low Coverage,Moderate
2026-05-14,6720,5,1922,384.4,101.63,4.0,6.2,0.2644,Low Coverage,Stable
2026-05-14,6721,6,1564,260.67,184.47,3.67,3.83,0.7077,Low Coverage,Moderate
2026-05-14,6722,10,3548,354.8,253.47,5.1,9.8,0.7144,Medium Coverage,Moderate
2026-05-14,6723,10,3036,303.6,245.55,4.2,8.0,0.8088,Medium Coverage,Moderate
2026-05-14,6724,10,4908,490.8,367.08,6.6,10.7,0.7479,Medium Coverage,Moderate
2026-05-14,6725,10,1980,198.0,141.23,3.2,5.8,0.7133,Medium Coverage,Moderate
2026-05-14,6726,10,3257,325.7,238.85,4.7,6.9,0.7333,Medium Coverage,Moderate
2026-05-14,6727,10,4703,470.3,360.14,7.2,9.6,0.7658,Medium Coverage,Moderate
2026-05-14,6728,10,9347,934.7,728.44,13.8,18.7,0.7793,Medium Coverage,Moderate
2026-05-14,6730,10,7006,700.6,576.87,9.3,13.5,0.8234,Medium Coverage,Moderate
2026-05-14,6737,10,6983,698.3,583.6,10.1,12.7,0.8357,Medium Coverage,Moderate
2026-05-14,6738,10,8450,845.0,643.39,12.2,16.7,0.7614,Medium Coverage,Moderate
2026-05-14,6739,5,1382,276.4,154.31,4.4,4.6,0.5583,Low Coverage,Moderate
2026-05-14,6741,10,5524,552.4,412.14,8.7,11.9,0.7461,Medium Coverage,Moderate
2026-05-14,6742,4,763,190.75,86.05,3.75,3.75,0.4511,Low Coverage,Stable
2026-05-14,6743,5,770,154.0,80.44,2.6,3.8,0.5223,Low Coverage,Moderate
2026-05-14,6744,5,781,156.2,90.03,2.8,4.0,0.5764,Low Coverage,Moderate
2026-05-14,6745,5,444,88.8,49.77,1.6,2.8,0.5605,Low Coverage,Moderate
2026-05-14,6747,10,3911,391.1,305.56,5.5,8.5,0.7813,Medium Coverage,Moderate
2026-05-14,6748,10,5838,583.8,495.53,8.1,13.4,0.8488,Medium Coverage,Moderate
2026-05-14,6749,10,7108,710.8,527.39,10.5,14.9,0.742,Medium Coverage,Moderate
2026-05-14,6754,2,107,53.5,45.96,1.0,1.0,0.8591,Low Coverage,Moderate
2026-05-14,6761,1,49,49.0,0.0,1.0,1.0,0.0,Low Coverage,Stable
2026-05-14,6762,1,46,46.0,0.0,1.0,1.0,0.0,Low Coverage,Stable
2026-05-14,6776,8,686,85.75,45.9,1.63,3.5,0.5353,Low Coverage,Moderate
2026-05-14,6779,10,720,72.0,51.05,1.0,2.2,0.7091,Medium Coverage,Moderate
2026-05-14,6780,10,1614,161.4,136.34,2.8,6.0,0.8447,Medium Coverage,Moderate
2026-05-14,6790,10,1098,109.8,83.5,3.0,7.4,0.7605,Medium Coverage,Moderate
2026-05-14,6796,10,1421,142.1,100.38,2.0,4.2,0.7064,Medium Coverage,Moderate
2026-05-14,6799,10,1519,151.9,115.83,2.5,3.8,0.7625,Medium Coverage,Moderate
2026-05-14,6800,10,1468,146.8,117.12,2.6,4.1,0.7978,Medium Coverage,Moderate
2026-05-14,6804,8,380,47.5,43.53,1.13,1.38,0.9165,Low Coverage,Moderate
2026-05-14,6805,8,582,72.75,42.52,1.25,1.75,0.5844,Low Coverage,Moderate
2026-05-14,6806,10,1768,176.8,144.24,2.4,6.3,0.8158,Medium Coverage,Moderate
2026-05-14,6811,10,703,70.3,50.33,1.1,3.1,0.7159,Medium Coverage,Moderate
2026-05-14,6817,10,2830,283.0,236.03,4.5,8.4,0.834,Medium Coverage,Moderate
2026-05-14,6818,10,1810,181.0,135.9,3.0,4.7,0.7508,Medium Coverage,Moderate
2026-05-14,6819,10,5563,556.3,445.58,7.6,12.8,0.801,Medium Coverage,Moderate
2026-05-14,6821,10,6269,626.9,483.85,8.5,14.4,0.7718,Medium Coverage,Moderate
2026-05-14,6822,10,3755,375.5,307.59,4.9,8.0,0.8191,Medium Coverage,Moderate
2026-05-14,6823,9,579,64.33,45.4,1.22,3.44,0.7057,Low Coverage,Moderate
2026-05-14,6825,10,721,72.1,51.15,1.0,3.2,0.7094,Medium Coverage,Moderate
2026-05-14,6827,9,1277,141.89,92.06,2.22,5.44,0.6488,Low Coverage,Moderate
2026-05-14,6828,10,1486,148.6,104.55,2.1,4.1,0.7035,Medium Coverage,Moderate
2026-05-14,6829,5,952,190.4,52.58,2.0,4.0,0.2761,Low Coverage,Stable
2026-05-14,6843,7,419,59.86,32.75,1.86,2.71,0.5472,Low Coverage,Moderate
2026-05-14,6844,9,524,58.22,34.4,1.44,2.22,0.5909,Low Coverage,Moderate
2026-05-14,7224,10,4289,428.9,355.25,6.4,8.9,0.8283,Medium Coverage,Moderate
2026-05-14,7321,10,3553,355.3,252.43,6.2,7.5,0.7105,Medium Coverage,Moderate
2026-05-14,7322,9,481,53.44,43.0,1.44,3.11,0.8046,Low Coverage,Moderate
2026-05-14,8290,10,2766,276.6,209.67,4.9,6.3,0.758,Medium Coverage,Moderate
2026-05-14,9745,5,1721,344.2,136.18,5.6,8.2,0.3957,Low Coverage,Stable
2026-05-15,10232,11,695,63.18,38.94,1.18,1.91,0.6163,Medium Coverage,Moderate
2026-05-15,11201,11,5850,531.82,344.1,7.91,11.82,0.647,Medium Coverage,Moderate
2026-05-15,11692,11,5634,512.18,328.17,8.36,10.45,0.6407,Medium Coverage,Moderate
2026-05-15,11693,10,4022,402.2,221.49,6.5,8.2,0.5507,Medium Coverage,Moderate
2026-05-15,11696,11,2832,257.45,108.7,4.27,6.27,0.4222,Medium Coverage,Stable
2026-05-15,12940,11,2703,245.73,147.97,4.0,5.82,0.6022,Medium Coverage,Moderate
2026-05-15,13684,6,688,114.67,64.99,1.67,3.67,0.5667,Low Coverage,Moderate
2026-05-15,16717,5,1236,247.2,112.44,3.6,5.4,0.4549,Low Coverage,Stable
2026-05-15,16718,11,9194,835.82,544.86,11.55,16.64,0.6519,Medium Coverage,Moderate
2026-05-15,16719,11,1383,125.73,81.74,1.91,3.82,0.6501,Medium Coverage,Moderate
2026-05-15,17707,11,2731,248.27,126.04,4.91,8.55,0.5077,Medium Coverage,Moderate
2026-05-15,18213,5,255,51.0,42.39,1.6,1.8,0.8311,Low Coverage,Moderate
2026-05-15,18705,11,4584,416.73,242.6,6.18,9.27,0.5822,Medium Coverage,Moderate
2026-05-15,20667,11,3077,279.73,162.41,4.27,9.27,0.5806,Medium Coverage,Moderate
2026-05-15,22638,11,3157,287.0,136.38,5.55,7.45,0.4752,Medium Coverage,Stable
2026-05-15,22639,9,1100,122.22,69.23,2.22,4.22,0.5664,Low Coverage,Moderate
2026-05-15,23384,11,14627,1329.73,664.63,19.36,25.73,0.4998,Medium Coverage,Stable
2026-05-15,29038,11,5469,497.18,291.12,9.09,11.36,0.5855,Medium Coverage,Moderate
2026-05-15,29040,2,35,17.5,16.26,1.0,1.0,0.9293,Low Coverage,Moderate
2026-05-15,30036,11,1365,124.09,72.56,1.82,6.18,0.5848,Medium Coverage,Moderate
2026-05-15,30037,11,1626,147.82,96.98,5.36,5.82,0.6561,Medium Coverage,Moderate
2026-05-15,30038,11,2043,185.73,132.33,5.73,6.09,0.7125,Medium Coverage,Moderate
2026-05-15,30039,11,2567,233.36,162.16,6.0,6.36,0.6949,Medium Coverage,Moderate
2026-05-15,30040,11,2472,224.73,166.17,6.18,6.64,0.7394,Medium Coverage,Moderate
2026-05-15,30041,7,953,136.14,115.21,2.71,5.0,0.8462,Low Coverage,Moderate
2026-05-15,30043,11,3643,331.18,170.83,6.36,9.18,0.5158,Medium Coverage,Moderate
2026-05-15,30044,11,863,78.45,41.44,1.82,3.27,0.5282,Medium Coverage,Moderate
2026-05-15,30045,9,1770,196.67,103.15,3.67,5.22,0.5245,Low Coverage,Moderate
2026-05-15,30046,11,3566,324.18,157.48,6.0,8.09,0.4858,Medium Coverage,Stable
2026-05-15,30047,11,1591,144.64,76.88,5.09,6.0,0.5315,Medium Coverage,Moderate
2026-05-15,30048,11,1440,130.91,74.81,4.27,6.27,0.5715,Medium Coverage,Moderate
2026-05-15,30049,11,1986,180.55,121.04,4.27,6.45,0.6704,Medium Coverage,Moderate
2026-05-15,30050,11,1857,168.82,86.72,3.18,6.36,0.5137,Medium Coverage,Moderate
2026-05-15,30051,11,822,74.73,45.2,2.45,3.64,0.6048,Medium Coverage,Moderate
2026-05-15,30055,11,4310,391.82,203.32,5.18,13.18,0.5189,Medium Coverage,Moderate
2026-05-15,30584,11,1489,135.36,75.88,3.27,4.73,0.5605,Medium Coverage,Moderate
2026-05-15,31816,8,1011,126.38,74.59,3.0,4.25,0.5902,Low Coverage,Moderate
2026-05-15,31817,8,984,123.0,75.64,3.63,4.5,0.6149,Low Coverage,Moderate
2026-05-15,31818,8,642,80.25,31.6,1.5,3.5,0.3938,Low Coverage,Stable
2026-05-15,31819,11,2167,197.0,87.88,2.73,5.55,0.4461,Medium Coverage,Stable
2026-05-15,31821,9,883,98.11,37.94,2.33,4.0,0.3867,Low Coverage,Stable
2026-05-15,31822,9,978,108.67,67.65,2.0,4.11,0.6226,Low Coverage,Moderate
2026-05-15,32799,11,3484,316.73,174.63,5.27,9.82,0.5514,Medium Coverage,Moderate
2026-05-15,33292,11,2724,247.64,125.69,5.64,7.45,0.5076,Medium Coverage,Moderate
2026-05-15,33538,11,2006,182.36,86.51,2.64,7.27,0.4744,Medium Coverage,Stable
2026-05-15,34042,9,1094,121.56,82.82,4.0,4.78,0.6814,Low Coverage,Moderate
2026-05-15,34043,9,1282,142.44,74.69,4.11,4.56,0.5244,Low Coverage,Moderate
2026-05-15,34540,10,774,77.4,44.09,2.2,3.4,0.5697,Medium Coverage,Moderate
2026-05-15,34541,10,873,87.3,47.4,2.2,3.3,0.543,Medium Coverage,Moderate
2026-05-15,34542,11,4285,389.55,180.91,5.27,11.45,0.4644,Medium Coverage,Stable
2026-05-15,34543,11,3491,317.36,180.56,4.64,10.0,0.5689,Medium Coverage,Moderate
2026-05-15,36799,11,1494,135.82,96.81,5.36,5.55,0.7128,Medium Coverage,Moderate
2026-05-15,37807,11,10028,911.64,523.6,13.27,21.64,0.5744,Medium Coverage,Moderate
2026-05-15,37808,11,6753,613.91,306.53,9.09,16.27,0.4993,Medium Coverage,Stable
2026-05-15,37809,11,5474,497.64,213.55,7.27,13.64,0.4291,Medium Coverage,Stable
2026-05-15,37810,11,15945,1449.55,959.9,21.18,34.45,0.6622,Medium Coverage,Moderate
2026-05-15,38311,11,5049,459.0,204.19,6.91,13.27,0.4449,Medium Coverage,Stable
2026-05-15,39304,10,1644,164.4,115.89,2.9,6.6,0.7049,Medium Coverage,Moderate
2026-05-15,39305,7,3627,518.14,380.59,10.71,14.86,0.7345,Low Coverage,Moderate
2026-05-15,39307,11,2504,227.64,163.62,3.27,10.64,0.7188,Medium Coverage,Moderate
2026-05-15,40855,11,2062,187.45,82.64,2.64,6.18,0.4408,Medium Coverage,Stable
2026-05-15,45596,6,781,130.17,57.96,2.0,4.33,0.4453,Low Coverage,Stable
2026-05-15,46099,11,1480,134.55,72.51,3.27,7.91,0.5389,Medium Coverage,Moderate
2026-05-15,46604,11,7740,703.64,344.04,9.73,19.18,0.4889,Medium Coverage,Stable
2026-05-15,48855,8,1275,159.38,61.79,2.0,5.0,0.3877,Low Coverage,Stable
2026-05-15,6612,11,6171,561.0,271.99,7.55,14.73,0.4848,Medium Coverage,Stable
2026-05-15,6613,11,6218,565.27,255.31,7.64,13.45,0.4516,Medium Coverage,Stable
2026-05-15,6614,11,7287,662.45,438.05,9.27,13.73,0.6612,Medium Coverage,Moderate
2026-05-15,6615,11,5153,468.45,290.73,11.27,14.82,0.6206,Medium Coverage,Moderate
2026-05-15,6616,11,4741,431.0,296.95,11.36,15.55,0.689,Medium Coverage,Moderate
2026-05-15,6617,11,8887,807.91,391.68,11.27,15.91,0.4848,Medium Coverage,Stable
2026-05-15,6618,11,6183,562.09,248.34,7.45,13.55,0.4418,Medium Coverage,Stable
2026-05-15,6619,11,8405,764.09,381.36,10.64,18.45,0.4991,Medium Coverage,Stable
2026-05-15,6620,11,6767,615.18,289.22,8.91,14.36,0.4701,Medium Coverage,Stable
2026-05-15,6621,11,2971,270.09,136.33,6.36,8.27,0.5047,Medium Coverage,Moderate
2026-05-15,6622,11,13695,1245.0,706.33,17.36,23.09,0.5673,Medium Coverage,Moderate
2026-05-15,6623,11,5323,483.91,236.14,6.64,11.91,0.488,Medium Coverage,Stable
2026-05-15,6624,11,10341,940.09,483.13,12.82,19.27,0.5139,Medium Coverage,Moderate
2026-05-15,6625,11,7560,687.27,285.65,9.45,16.0,0.4156,Medium Coverage,Stable
2026-05-15,6626,11,7614,692.18,356.64,9.73,16.64,0.5152,Medium Coverage,Moderate
2026-05-15,6627,11,12440,1130.91,744.54,16.45,23.09,0.6584,Medium Coverage,Moderate
2026-05-15,6628,11,3383,307.55,189.43,6.91,8.27,0.6159,Medium Coverage,Moderate
2026-05-15,6629,11,2513,228.45,147.53,4.64,6.82,0.6458,Medium Coverage,Moderate
2026-05-15,6630,11,4121,374.64,199.58,5.64,9.64,0.5327,Medium Coverage,Moderate
2026-05-15,6631,11,1568,142.55,93.6,2.82,5.64,0.6566,Medium Coverage,Moderate
2026-05-15,6633,11,5250,477.27,253.73,6.27,11.82,0.5316,Medium Coverage,Moderate
2026-05-15,6635,7,3346,478.0,323.6,7.86,12.57,0.677,Low Coverage,Moderate
2026-05-15,6636,11,16349,1486.27,947.72,21.82,31.27,0.6377,Medium Coverage,Moderate
2026-05-15,6637,11,3376,306.91,150.45,6.45,8.82,0.4902,Medium Coverage,Stable
2026-05-15,6638,11,4298,390.73,243.33,5.64,10.09,0.6228,Medium Coverage,Moderate
2026-05-15,6641,11,16997,1545.18,1024.14,22.36,36.82,0.6628,Medium Coverage,Moderate
2026-05-15,6642,11,8036,730.55,411.17,11.09,17.82,0.5628,Medium Coverage,Moderate
2026-05-15,6643,11,2906,264.18,152.43,4.18,6.82,0.577,Medium Coverage,Moderate
2026-05-15,6644,11,2874,261.27,169.68,4.82,8.73,0.6494,Medium Coverage,Moderate
2026-05-15,6645,11,5199,472.64,275.47,6.73,13.82,0.5828,Medium Coverage,Moderate
2026-05-15,6646,11,4130,375.45,202.08,5.55,8.55,0.5382,Medium Coverage,Moderate
2026-05-15,6647,11,2334,212.18,107.87,3.91,7.73,0.5084,Medium Coverage,Moderate
2026-05-15,6648,11,4373,397.55,277.38,6.73,10.64,0.6977,Medium Coverage,Moderate
2026-05-15,6649,11,5487,498.82,308.96,7.45,13.27,0.6194,Medium Coverage,Moderate
2026-05-15,6650,11,3606,327.82,174.61,6.73,8.55,0.5326,Medium Coverage,Moderate
2026-05-15,6651,11,6979,634.45,390.54,11.73,17.27,0.6156,Medium Coverage,Moderate
2026-05-15,6652,11,2286,207.82,100.02,4.27,5.64,0.4813,Medium Coverage,Stable
2026-05-15,6654,11,2513,228.45,107.12,4.36,5.73,0.4689,Medium Coverage,Stable
2026-05-15,6656,8,967,120.88,76.21,1.88,5.25,0.6304,Low Coverage,Moderate
2026-05-15,6657,11,5067,460.64,259.64,7.36,10.64,0.5637,Medium Coverage,Moderate
2026-05-15,6658,11,2999,272.64,149.33,3.73,9.91,0.5477,Medium Coverage,Moderate
2026-05-15,6659,11,1691,153.73,59.73,2.45,5.18,0.3885,Medium Coverage,Stable
2026-05-15,6660,11,3102,282.0,187.29,5.09,7.45,0.6641,Medium Coverage,Moderate
2026-05-15,6661,11,3075,279.55,163.1,6.0,7.91,0.5835,Medium Coverage,Moderate
2026-05-15,6662,11,2721,247.36,148.59,3.91,7.45,0.6007,Medium Coverage,Moderate
2026-05-15,6663,11,2427,220.64,107.84,3.73,6.55,0.4888,Medium Coverage,Stable
2026-05-15,6664,11,2598,236.18,106.44,4.27,5.82,0.4507,Medium Coverage,Stable
2026-05-15,6665,11,2340,212.73,86.03,3.18,5.64,0.4044,Medium Coverage,Stable
2026-05-15,6666,11,3916,356.0,221.52,6.0,7.91,0.6222,Medium Coverage,Moderate
2026-05-15,6667,11,7879,716.27,385.63,9.82,14.45,0.5384,Medium Coverage,Moderate
2026-05-15,6668,11,1881,171.0,75.1,3.27,5.09,0.4392,Medium Coverage,Stable
2026-05-15,6672,8,4063,507.88,304.13,8.38,12.0,0.5988,Low Coverage,Moderate
2026-05-15,6673,11,3347,304.27,209.05,5.91,7.36,0.687,Medium Coverage,Moderate
2026-05-15,6674,11,1473,133.91,85.92,3.82,4.45,0.6416,Medium Coverage,Moderate
2026-05-15,6675,11,1517,137.91,91.01,2.91,4.91,0.6599,Medium Coverage,Moderate
2026-05-15,6676,11,2680,243.64,144.81,4.91,7.64,0.5944,Medium Coverage,Moderate
2026-05-15,6677,11,2675,243.18,157.09,4.73,7.27,0.646,Medium Coverage,Moderate
2026-05-15,6678,11,2153,195.73,117.52,3.91,6.09,0.6004,Medium Coverage,Moderate
2026-05-15,6679,11,2436,221.45,128.99,4.18,5.27,0.5825,Medium Coverage,Moderate
2026-05-15,6680,11,1979,179.91,115.72,4.09,5.91,0.6432,Medium Coverage,Moderate
2026-05-15,6682,11,7818,710.73,404.18,11.09,16.91,0.5687,Medium Coverage,Moderate
2026-05-15,6683,8,1846,230.75,173.29,4.88,5.25,0.751,Low Coverage,Moderate
2026-05-15,6685,11,2775,252.27,183.49,6.27,7.18,0.7274,Medium Coverage,Moderate
2026-05-15,6686,7,536,76.57,52.83,2.0,2.14,0.69,Low Coverage,Moderate
2026-05-15,6687,11,9232,839.27,525.19,13.0,20.36,0.6258,Medium Coverage,Moderate
2026-05-15,6688,11,1148,104.36,57.56,2.91,3.91,0.5516,Medium Coverage,Moderate
2026-05-15,6689,11,825,75.0,58.79,2.36,2.45,0.7838,Medium Coverage,Moderate
2026-05-15,6690,11,1391,126.45,87.16,2.73,3.82,0.6893,Medium Coverage,Moderate
2026-05-15,6691,11,1130,102.73,80.05,2.36,3.55,0.7792,Medium Coverage,Moderate
2026-05-15,6692,11,3686,335.09,173.73,4.82,8.0,0.5185,Medium Coverage,Moderate
2026-05-15,6693,11,4600,418.18,269.56,5.55,10.09,0.6446,Medium Coverage,Moderate
2026-05-15,6698,11,4718,428.91,249.74,6.09,9.64,0.5823,Medium Coverage,Moderate
2026-05-15,6699,6,1115,185.83,110.16,4.17,4.5,0.5928,Low Coverage,Moderate
2026-05-15,6700,11,3263,296.64,134.93,5.09,8.09,0.4549,Medium Coverage,Stable
2026-05-15,6701,11,1626,147.82,108.51,3.18,4.82,0.7341,Medium Coverage,Moderate
2026-05-15,6702,10,2299,229.9,154.95,4.7,6.2,0.674,Medium Coverage,Moderate
2026-05-15,6703,11,6455,586.82,246.04,8.55,14.73,0.4193,Medium Coverage,Stable
2026-05-15,6704,11,6687,607.91,401.85,10.27,13.55,0.661,Medium Coverage,Moderate
2026-05-15,6705,11,12054,1095.82,573.77,16.64,22.55,0.5236,Medium Coverage,Moderate
2026-05-15,6706,11,8140,740.0,378.02,9.82,18.55,0.5108,Medium Coverage,Moderate
2026-05-15,6707,11,4175,379.55,260.84,8.0,9.91,0.6872,Medium Coverage,Moderate
2026-05-15,6708,11,3224,293.09,174.72,6.36,8.27,0.5961,Medium Coverage,Moderate
2026-05-15,6709,9,2128,236.44,131.48,5.22,6.22,0.5561,Low Coverage,Moderate
2026-05-15,6710,5,184,36.8,26.28,1.2,1.2,0.7142,Low Coverage,Moderate
2026-05-15,6712,11,10934,994.0,502.33,16.73,21.64,0.5054,Medium Coverage,Moderate
2026-05-15,6713,11,3971,361.0,181.2,5.36,10.09,0.5019,Medium Coverage,Moderate
2026-05-15,6714,9,5315,590.56,316.88,9.0,13.0,0.5366,Low Coverage,Moderate
2026-05-15,6715,11,6937,630.64,347.55,8.91,14.36,0.5511,Medium Coverage,Moderate
2026-05-15,6716,7,1265,180.71,88.29,3.86,4.0,0.4886,Low Coverage,Stable
2026-05-15,6717,6,1266,211.0,167.05,4.67,4.67,0.7917,Low Coverage,Moderate
2026-05-15,6718,5,351,70.2,26.74,2.0,2.2,0.381,Low Coverage,Stable
2026-05-15,6719,7,705,100.71,63.98,2.71,2.71,0.6352,Low Coverage,Moderate
2026-05-15,6720,7,1257,179.57,160.24,3.0,3.86,0.8924,Low Coverage,Moderate
2026-05-15,6721,7,1192,170.29,139.26,3.86,3.86,0.8178,Low Coverage,Moderate
2026-05-15,6722,11,3147,286.09,163.22,4.18,8.64,0.5705,Medium Coverage,Moderate
2026-05-15,6723,11,2823,256.64,155.48,4.0,7.55,0.6058,Medium Coverage,Moderate
2026-05-15,6724,11,4361,396.45,221.07,5.82,9.73,0.5576,Medium Coverage,Moderate
2026-05-15,6725,11,1965,178.64,95.69,2.73,5.36,0.5357,Medium Coverage,Moderate
2026-05-15,6726,11,3136,285.09,152.78,4.36,6.45,0.5359,Medium Coverage,Moderate
2026-05-15,6727,11,4388,398.91,178.38,6.55,8.91,0.4472,Medium Coverage,Stable
2026-05-15,6728,11,9885,898.64,484.42,14.0,20.0,0.5391,Medium Coverage,Moderate
2026-05-15,6730,11,6643,603.91,420.05,9.09,13.27,0.6956,Medium Coverage,Moderate
2026-05-15,6737,11,6253,568.45,341.64,9.55,12.18,0.601,Medium Coverage,Moderate
2026-05-15,6738,11,8232,748.36,382.02,11.55,15.91,0.5105,Medium Coverage,Moderate
2026-05-15,6739,7,1047,149.57,114.26,3.43,3.71,0.7639,Low Coverage,Moderate
2026-05-15,6741,11,5321,483.73,254.22,8.55,11.64,0.5255,Medium Coverage,Moderate
2026-05-15,6742,6,609,101.5,45.34,2.5,2.5,0.4467,Low Coverage,Stable
2026-05-15,6743,8,832,104.0,92.75,2.63,3.75,0.8918,Low Coverage,Moderate
2026-05-15,6744,6,809,134.83,67.91,3.17,4.67,0.5037,Low Coverage,Moderate
2026-05-15,6745,3,198,66.0,16.0,1.0,2.33,0.2424,Low Coverage,Stable
2026-05-15,6746,2,98,49.0,38.18,2.5,3.5,0.7793,Low Coverage,Moderate
2026-05-15,6747,11,3424,311.27,207.2,4.64,6.82,0.6656,Medium Coverage,Moderate
2026-05-15,6748,11,5580,507.27,247.5,7.91,13.09,0.4879,Medium Coverage,Stable
2026-05-15,6749,11,6688,608.0,297.71,8.82,13.27,0.4897,Medium Coverage,Stable
2026-05-15,6754,2,52,26.0,21.21,1.0,1.0,0.8159,Low Coverage,Moderate
2026-05-15,6762,2,81,40.5,10.61,1.0,1.0,0.2619,Low Coverage,Stable
2026-05-15,6776,9,684,76.0,38.33,1.56,3.11,0.5044,Low Coverage,Moderate
2026-05-15,6779,11,870,79.09,32.83,1.18,2.64,0.4151,Medium Coverage,Stable
2026-05-15,6780,11,1599,145.36,100.5,2.64,5.64,0.6914,Medium Coverage,Moderate
2026-05-15,6790,11,1123,102.09,56.01,2.91,7.18,0.5486,Medium Coverage,Moderate
2026-05-15,6796,11,1594,144.91,56.4,2.0,4.73,0.3892,Medium Coverage,Stable
2026-05-15,6799,11,1503,136.64,68.4,2.91,3.73,0.5006,Medium Coverage,Moderate
2026-05-15,6800,10,1370,137.0,67.66,2.9,3.8,0.4939,Medium Coverage,Stable
2026-05-15,6804,6,307,51.17,37.82,1.0,1.33,0.7391,Low Coverage,Moderate
2026-05-15,6805,8,342,42.75,29.76,1.25,1.75,0.6961,Low Coverage,Moderate
2026-05-15,6806,11,1718,156.18,95.83,2.64,6.18,0.6136,Medium Coverage,Moderate
2026-05-15,6811,11,828,75.27,28.89,1.64,4.0,0.3838,Medium Coverage,Stable
2026-05-15,6817,11,2865,260.45,165.87,4.73,8.45,0.6368,Medium Coverage,Moderate
2026-05-15,6818,11,1661,151.0,96.47,2.73,4.82,0.6389,Medium Coverage,Moderate
2026-05-15,6819,11,5263,478.45,328.71,7.64,12.73,0.687,Medium Coverage,Moderate
2026-05-15,6821,11,5853,532.09,333.32,7.36,13.09,0.6264,Medium Coverage,Moderate
2026-05-15,6822,10,2910,291.0,176.49,4.2,7.2,0.6065,Medium Coverage,Moderate
2026-05-15,6823,6,366,61.0,44.88,1.33,3.0,0.7358,Low Coverage,Moderate
2026-05-15,6825,5,391,78.2,27.13,1.0,3.6,0.347,Low Coverage,Stable
2026-05-15,6827,7,1000,142.86,67.51,2.57,5.86,0.4725,Low Coverage,Stable
2026-05-15,6828,10,1217,121.7,74.7,1.6,3.2,0.6138,Medium Coverage,Moderate
2026-05-15,6829,7,952,136.0,66.43,2.0,4.29,0.4885,Low Coverage,Stable
2026-05-15,6841,1,9,9.0,0.0,1.0,1.0,0.0,Low Coverage,Stable
2026-05-15,6843,6,329,54.83,42.18,1.67,2.33,0.7692,Low Coverage,Moderate
2026-05-15,6844,6,325,54.17,21.84,1.5,2.5,0.4032,Low Coverage,Stable
2026-05-15,7224,9,3587,398.56,224.0,6.56,9.11,0.562,Low Coverage,Moderate
2026-05-15,7321,11,3583,325.73,164.45,5.27,6.64,0.5049,Medium Coverage,Moderate
2026-05-15,7322,8,387,48.38,29.46,1.5,3.13,0.609,Low Coverage,Moderate
2026-05-15,8290,11,2704,245.82,140.24,5.09,6.36,0.5705,Medium Coverage,Moderate
2026-05-15,9745,7,1740,248.57,128.85,4.86,7.86,0.5184,Low Coverage,Moderate
2026-05-16,10232,9,506,56.22,40.63,1.0,1.78,0.7226,Low Coverage,Moderate
2026-05-16,11201,10,2599,259.9,179.77,4.6,6.7,0.6917,Medium Coverage,Moderate
2026-05-16,11202,10,534,53.4,43.16,1.0,2.7,0.8083,Medium Coverage,Moderate
2026-05-16,11692,10,2996,299.6,256.84,6.2,8.2,0.8573,Medium Coverage,Moderate
2026-05-16,11696,10,1982,198.2,151.94,4.4,5.1,0.7666,Medium Coverage,Moderate
2026-05-16,12940,10,1564,156.4,116.13,3.4,4.6,0.7425,Medium Coverage,Moderate
2026-05-16,13684,8,398,49.75,39.21,1.0,2.5,0.7882,Low Coverage,Moderate
2026-05-16,16717,3,1050,350.0,111.73,4.67,7.33,0.3192,Low Coverage,Stable
2026-05-16,16718,10,7532,753.2,616.07,14.7,19.8,0.8179,Medium Coverage,Moderate
2026-05-16,16719,10,920,92.0,71.42,2.0,3.2,0.7763,Medium Coverage,Moderate
2026-05-16,17707,10,2037,203.7,143.9,3.8,7.6,0.7064,Medium Coverage,Moderate
2026-05-16,18705,10,2386,238.6,172.22,4.5,6.4,0.7218,Medium Coverage,Moderate
2026-05-16,20667,10,1161,116.1,80.31,2.0,4.0,0.6917,Medium Coverage,Moderate
2026-05-16,22638,10,1711,171.1,125.1,3.8,5.2,0.7311,Medium Coverage,Moderate
2026-05-16,22639,9,1363,151.44,151.37,3.33,5.89,0.9995,Low Coverage,Moderate
2026-05-16,23384,10,7493,749.3,499.3,14.1,18.9,0.6664,Medium Coverage,Moderate
2026-05-16,29038,10,3019,301.9,222.08,5.8,8.2,0.7356,Medium Coverage,Moderate
2026-05-16,30036,10,594,59.4,40.91,1.0,2.9,0.6888,Medium Coverage,Moderate
2026-05-16,30037,10,680,68.0,65.45,2.8,3.3,0.9626,Medium Coverage,Moderate
2026-05-16,30038,10,1055,105.5,76.26,3.0,3.3,0.7229,Medium Coverage,Moderate
2026-05-16,30039,10,1336,133.6,95.68,3.8,3.9,0.7162,Medium Coverage,Moderate
2026-05-16,30040,10,1177,117.7,108.11,4.2,4.3,0.9185,Medium Coverage,Moderate
2026-05-16,30042,7,662,94.57,83.36,2.0,3.71,0.8815,Low Coverage,Moderate
2026-05-16,30043,10,1935,193.5,136.21,4.1,5.9,0.7039,Medium Coverage,Moderate
2026-05-16,30044,10,544,54.4,38.98,2.2,3.0,0.7166,Medium Coverage,Moderate
2026-05-16,30045,9,1150,127.78,109.7,3.22,4.22,0.8586,Low Coverage,Moderate
2026-05-16,30046,10,1707,170.7,114.95,3.4,5.5,0.6734,Medium Coverage,Moderate
2026-05-16,30047,10,693,69.3,54.3,2.5,3.4,0.7835,Medium Coverage,Moderate
2026-05-16,30048,9,628,69.78,36.72,3.22,3.22,0.5262,Low Coverage,Moderate
2026-05-16,30049,10,976,97.6,64.77,3.0,4.3,0.6637,Medium Coverage,Moderate
2026-05-16,30050,10,867,86.7,55.65,2.7,3.7,0.6419,Medium Coverage,Moderate
2026-05-16,30051,10,552,55.2,39.37,1.9,2.8,0.7133,Medium Coverage,Moderate
2026-05-16,30055,10,3359,335.9,229.7,6.1,12.2,0.6838,Medium Coverage,Moderate
2026-05-16,30584,10,905,90.5,67.22,2.7,3.9,0.7428,Medium Coverage,Moderate
2026-05-16,31816,8,461,57.63,35.44,1.5,1.88,0.6151,Low Coverage,Moderate
2026-05-16,31817,9,468,52.0,34.5,1.89,2.11,0.6635,Low Coverage,Moderate
2026-05-16,31818,10,582,58.2,43.22,1.2,3.3,0.7426,Medium Coverage,Moderate
2026-05-16,31819,10,1526,152.6,104.04,3.0,4.9,0.6818,Medium Coverage,Moderate
2026-05-16,31821,9,462,51.33,37.36,1.0,2.0,0.7277,Low Coverage,Moderate
2026-05-16,31822,9,409,45.44,33.26,1.0,1.89,0.7318,Low Coverage,Moderate
2026-05-16,32799,10,2602,260.2,186.17,5.1,8.7,0.7155,Medium Coverage,Moderate
2026-05-16,33292,10,1313,131.3,91.46,3.3,4.6,0.6966,Medium Coverage,Moderate
2026-05-16,33538,10,1477,147.7,105.94,2.7,6.7,0.7172,Medium Coverage,Moderate
2026-05-16,34042,7,353,50.43,50.19,1.86,1.86,0.9952,Low Coverage,Moderate
2026-05-16,34043,7,249,35.57,26.25,1.43,1.71,0.7379,Low Coverage,Moderate
2026-05-16,34540,10,553,55.3,37.82,1.8,2.7,0.684,Medium Coverage,Moderate
2026-05-16,34541,10,572,57.2,43.53,1.8,2.2,0.7611,Medium Coverage,Moderate
2026-05-16,34542,10,2778,277.8,190.03,4.9,8.9,0.684,Medium Coverage,Moderate
2026-05-16,34543,10,1844,184.4,137.79,3.4,6.0,0.7473,Medium Coverage,Moderate
2026-05-16,36799,9,659,73.22,52.46,3.11,3.44,0.7165,Low Coverage,Moderate
2026-05-16,37807,10,5703,570.3,380.4,9.8,14.7,0.667,Medium Coverage,Moderate
2026-05-16,37808,10,4056,405.6,267.83,7.7,12.5,0.6603,Medium Coverage,Moderate
2026-05-16,37809,10,3370,337.0,233.66,6.0,10.3,0.6933,Medium Coverage,Moderate
2026-05-16,37810,10,6218,621.8,450.81,11.7,17.9,0.725,Medium Coverage,Moderate
2026-05-16,38311,10,3598,359.8,253.87,6.9,11.8,0.7056,Medium Coverage,Moderate
2026-05-16,39304,10,936,93.6,66.1,2.9,4.7,0.7062,Medium Coverage,Moderate
2026-05-16,39307,10,594,59.4,40.91,1.0,3.2,0.6888,Medium Coverage,Moderate
2026-05-16,40855,10,1095,109.5,73.6,2.0,4.2,0.6721,Medium Coverage,Moderate
2026-05-16,46099,10,1010,101.0,67.35,2.5,5.8,0.6668,Medium Coverage,Moderate
2026-05-16,46604,10,4650,465.0,323.96,8.5,14.4,0.6967,Medium Coverage,Moderate
2026-05-16,48855,8,655,81.88,72.85,1.88,3.25,0.8898,Low Coverage,Moderate
2026-05-16,6612,10,4036,403.6,272.44,7.6,12.7,0.675,Medium Coverage,Moderate
2026-05-16,6613,10,4668,466.8,307.9,8.6,12.7,0.6596,Medium Coverage,Moderate
2026-05-16,6614,10,5665,566.5,467.72,11.0,15.4,0.8256,Medium Coverage,Moderate
2026-05-16,6615,10,3210,321.0,212.01,10.2,12.1,0.6605,Medium Coverage,Moderate
2026-05-16,6616,10,2942,294.2,186.84,9.9,12.1,0.6351,Medium Coverage,Moderate
2026-05-16,6617,10,6338,633.8,429.82,12.1,16.1,0.6782,Medium Coverage,Moderate
2026-05-16,6618,10,4699,469.9,326.41,8.5,13.3,0.6946,Medium Coverage,Moderate
2026-05-16,6619,10,5449,544.9,402.93,10.4,14.7,0.7395,Medium Coverage,Moderate
2026-05-16,6620,10,4153,415.3,289.15,7.7,11.6,0.6962,Medium Coverage,Moderate
2026-05-16,6621,10,2412,241.2,173.42,6.4,8.4,0.719,Medium Coverage,Moderate
2026-05-16,6622,10,8947,894.7,642.46,16.6,21.1,0.7181,Medium Coverage,Moderate
2026-05-16,6623,10,3967,396.7,272.97,7.4,11.2,0.6881,Medium Coverage,Moderate
2026-05-16,6624,10,10007,1000.7,813.0,19.3,27.1,0.8124,Medium Coverage,Moderate
2026-05-16,6625,10,5212,521.2,357.32,9.4,13.9,0.6856,Medium Coverage,Moderate
2026-05-16,6626,10,4215,421.5,291.65,7.4,11.7,0.6919,Medium Coverage,Moderate
2026-05-16,6627,10,6278,627.8,456.93,11.9,15.7,0.7278,Medium Coverage,Moderate
2026-05-16,6628,10,2004,200.4,140.36,5.3,6.4,0.7004,Medium Coverage,Moderate
2026-05-16,6629,10,1658,165.8,121.54,3.3,6.2,0.7331,Medium Coverage,Moderate
2026-05-16,6630,10,2368,236.8,167.13,4.8,7.0,0.7058,Medium Coverage,Moderate
2026-05-16,6631,10,925,92.5,74.8,2.7,4.1,0.8086,Medium Coverage,Moderate
2026-05-16,6633,10,3701,370.1,265.43,6.7,11.0,0.7172,Medium Coverage,Moderate
2026-05-16,6636,10,6928,692.8,485.54,13.3,18.0,0.7008,Medium Coverage,Moderate
2026-05-16,6637,10,2836,283.6,189.23,7.6,9.7,0.6673,Medium Coverage,Moderate
2026-05-16,6638,9,2548,283.11,225.64,5.89,8.89,0.797,Low Coverage,Moderate
2026-05-16,6641,10,8259,825.9,584.06,15.7,23.7,0.7072,Medium Coverage,Moderate
2026-05-16,6642,10,4809,480.9,340.92,8.6,13.5,0.7089,Medium Coverage,Moderate
2026-05-16,6643,10,1713,171.3,120.0,4.1,5.0,0.7005,Medium Coverage,Moderate
2026-05-16,6644,10,1045,104.5,73.67,2.0,3.7,0.705,Medium Coverage,Moderate
2026-05-16,6645,10,3065,306.5,212.36,5.5,10.4,0.6929,Medium Coverage,Moderate
2026-05-16,6646,10,2244,224.4,154.88,4.0,6.0,0.6902,Medium Coverage,Moderate
2026-05-16,6647,10,1893,189.3,140.29,4.1,6.9,0.7411,Medium Coverage,Moderate
2026-05-16,6648,10,1748,174.8,124.9,3.4,5.0,0.7145,Medium Coverage,Moderate
2026-05-16,6649,10,3355,335.5,238.86,6.2,9.6,0.7119,Medium Coverage,Moderate
2026-05-16,6650,10,1571,157.1,107.42,4.0,5.1,0.6838,Medium Coverage,Moderate
2026-05-16,6651,10,4042,404.2,319.06,7.5,11.4,0.7894,Medium Coverage,Moderate
2026-05-16,6652,10,1442,144.2,102.3,3.7,4.6,0.7094,Medium Coverage,Moderate
2026-05-16,6654,10,1694,169.4,115.56,4.5,4.7,0.6822,Medium Coverage,Moderate
2026-05-16,6657,10,2979,297.9,208.38,5.6,8.0,0.6995,Medium Coverage,Moderate
2026-05-16,6658,10,1494,149.4,107.73,2.6,6.1,0.7211,Medium Coverage,Moderate
2026-05-16,6659,10,1181,118.1,81.27,2.9,4.3,0.6881,Medium Coverage,Moderate
2026-05-16,6660,10,1859,185.9,143.64,4.9,6.2,0.7727,Medium Coverage,Moderate
2026-05-16,6661,10,1320,132.0,98.5,3.0,4.2,0.7462,Medium Coverage,Moderate
2026-05-16,6662,10,1259,125.9,88.48,3.0,4.4,0.7028,Medium Coverage,Moderate
2026-05-16,6663,10,1465,146.5,101.47,3.4,4.7,0.6926,Medium Coverage,Moderate
2026-05-16,6664,10,1568,156.8,120.39,3.8,4.7,0.7678,Medium Coverage,Moderate
2026-05-16,6665,10,1521,152.1,105.92,3.7,5.4,0.6964,Medium Coverage,Moderate
2026-05-16,6666,10,2143,214.3,147.43,4.7,5.6,0.688,Medium Coverage,Moderate
2026-05-16,6667,10,5296,529.6,390.3,9.7,12.9,0.737,Medium Coverage,Moderate
2026-05-16,6668,10,1395,139.5,99.6,3.3,4.4,0.7139,Medium Coverage,Moderate
2026-05-16,6672,8,1693,211.63,196.17,4.88,6.38,0.927,Low Coverage,Moderate
2026-05-16,6673,10,1921,192.1,143.25,4.3,5.8,0.7457,Medium Coverage,Moderate
2026-05-16,6674,10,1063,106.3,76.37,2.9,4.0,0.7185,Medium Coverage,Moderate
2026-05-16,6675,10,740,74.0,52.19,2.0,3.3,0.7053,Medium Coverage,Moderate
2026-05-16,6676,10,1420,142.0,104.36,3.1,4.4,0.7349,Medium Coverage,Moderate
2026-05-16,6677,10,1653,165.3,107.32,4.1,5.8,0.6492,Medium Coverage,Moderate
2026-05-16,6678,10,1288,128.8,99.22,2.7,4.2,0.7704,Medium Coverage,Moderate
2026-05-16,6679,10,1820,182.0,128.19,4.4,5.0,0.7043,Medium Coverage,Moderate
2026-05-16,6680,10,2038,203.8,164.64,5.1,7.1,0.8078,Medium Coverage,Moderate
2026-05-16,6682,10,5039,503.9,341.63,10.8,14.1,0.678,Medium Coverage,Moderate
2026-05-16,6685,10,1273,127.3,95.69,4.0,4.2,0.7517,Medium Coverage,Moderate
2026-05-16,6687,10,5730,573.0,391.79,12.0,16.5,0.6837,Medium Coverage,Moderate
2026-05-16,6688,9,661,73.44,47.14,1.89,2.56,0.6419,Low Coverage,Moderate
2026-05-16,6689,9,505,56.11,33.17,1.89,1.89,0.5911,Low Coverage,Moderate
2026-05-16,6690,10,527,52.7,34.6,1.3,2.0,0.6565,Medium Coverage,Moderate
2026-05-16,6691,10,467,46.7,38.49,1.4,2.0,0.8242,Medium Coverage,Moderate
2026-05-16,6692,10,2667,266.7,208.12,5.7,7.9,0.7803,Medium Coverage,Moderate
2026-05-16,6693,10,3888,388.8,298.63,7.8,11.5,0.7681,Medium Coverage,Moderate
2026-05-16,6698,10,2753,275.3,177.45,5.4,7.7,0.6446,Medium Coverage,Moderate
2026-05-16,6700,10,1790,179.0,124.51,3.2,5.4,0.6956,Medium Coverage,Moderate
2026-05-16,6701,10,743,74.3,54.41,1.6,2.7,0.7322,Medium Coverage,Moderate
2026-05-16,6702,10,1664,166.4,123.89,3.2,4.6,0.7446,Medium Coverage,Moderate
2026-05-16,6703,10,3708,370.8,249.32,6.5,10.7,0.6724,Medium Coverage,Moderate
2026-05-16,6704,10,3950,395.0,275.41,8.3,11.0,0.6972,Medium Coverage,Moderate
2026-05-16,6705,10,7654,765.4,525.91,13.7,19.6,0.6871,Medium Coverage,Moderate
2026-05-16,6706,10,4512,451.2,299.62,8.3,13.5,0.664,Medium Coverage,Moderate
2026-05-16,6707,10,2143,214.3,155.04,4.4,6.2,0.7235,Medium Coverage,Moderate
2026-05-16,6708,10,1407,140.7,96.87,3.9,4.7,0.6885,Medium Coverage,Moderate
2026-05-16,6709,9,753,83.67,61.74,2.44,2.56,0.7379,Low Coverage,Moderate
2026-05-16,6710,7,450,64.29,62.4,1.71,2.29,0.9707,Low Coverage,Moderate
2026-05-16,6712,10,5454,545.4,351.14,10.6,14.2,0.6438,Medium Coverage,Moderate
2026-05-16,6713,10,1701,170.1,110.47,3.2,5.5,0.6495,Medium Coverage,Moderate
2026-05-16,6715,10,4397,439.7,311.44,8.1,11.9,0.7083,Medium Coverage,Moderate
2026-05-16,6722,10,2251,225.1,170.61,4.3,7.6,0.7579,Medium Coverage,Moderate
2026-05-16,6723,10,1225,122.5,93.19,3.3,4.3,0.7607,Medium Coverage,Moderate
2026-05-16,6724,10,3451,345.1,275.07,6.8,10.2,0.7971,Medium Coverage,Moderate
2026-05-16,6725,10,1453,145.3,100.97,3.0,4.5,0.6949,Medium Coverage,Moderate
2026-05-16,6726,10,2029,202.9,154.4,4.6,6.0,0.761,Medium Coverage,Moderate
2026-05-16,6727,10,2823,282.3,197.37,6.5,7.3,0.6992,Medium Coverage,Moderate
2026-05-16,6728,10,5094,509.4,358.02,9.5,13.9,0.7028,Medium Coverage,Moderate
2026-05-16,6730,10,3860,386.0,323.48,8.1,11.0,0.838,Medium Coverage,Moderate
2026-05-16,6737,10,3931,393.1,277.5,7.7,10.4,0.7059,Medium Coverage,Moderate
2026-05-16,6738,10,5139,513.9,342.97,9.2,13.1,0.6674,Medium Coverage,Moderate
2026-05-16,6741,10,3300,330.0,224.94,6.7,9.6,0.6816,Medium Coverage,Moderate
2026-05-16,6747,10,2246,224.6,192.36,4.6,6.4,0.8565,Medium Coverage,Moderate
2026-05-16,6748,10,2281,228.1,167.02,3.9,6.5,0.7322,Medium Coverage,Moderate
2026-05-16,6749,10,3805,380.5,267.59,7.6,10.6,0.7033,Medium Coverage,Moderate
2026-05-16,6776,8,361,45.13,27.96,1.0,1.5,0.6195,Low Coverage,Moderate
2026-05-16,6779,10,594,59.4,40.91,1.0,2.1,0.6888,Medium Coverage,Moderate
2026-05-16,6780,10,752,75.2,59.26,2.2,3.3,0.788,Medium Coverage,Moderate
2026-05-16,6790,10,557,55.7,48.11,2.1,4.6,0.8638,Medium Coverage,Moderate
2026-05-16,6796,10,1183,118.3,81.79,2.0,4.1,0.6914,Medium Coverage,Moderate
2026-05-16,6799,7,391,55.86,45.81,1.86,2.43,0.8202,Low Coverage,Moderate
2026-05-16,6800,7,449,64.14,64.38,1.86,2.14,1.0037,Low Coverage,Volatile
2026-05-16,6804,5,246,49.2,46.95,1.0,1.4,0.9542,Low Coverage,Moderate
2026-05-16,6805,6,153,25.5,23.36,1.0,1.17,0.9163,Low Coverage,Moderate
2026-05-16,6806,10,840,84.0,58.21,2.4,3.4,0.6929,Medium Coverage,Moderate
2026-05-16,6811,10,493,49.3,31.17,1.2,2.9,0.6323,Medium Coverage,Moderate
2026-05-16,6817,10,1561,156.1,108.99,4.7,6.2,0.6982,Medium Coverage,Moderate
2026-05-16,6818,10,925,92.5,69.13,1.7,3.2,0.7474,Medium Coverage,Moderate
2026-05-16,6819,10,3037,303.7,212.06,5.6,9.0,0.6983,Medium Coverage,Moderate
2026-05-16,6821,10,3464,346.4,245.73,6.4,10.5,0.7094,Medium Coverage,Moderate
2026-05-16,6822,10,1499,149.9,124.04,3.1,4.5,0.8275,Medium Coverage,Moderate
2026-05-16,6823,7,276,39.43,40.17,1.57,3.0,1.0189,Low Coverage,Volatile
2026-05-16,6825,7,349,49.86,47.14,1.43,2.29,0.9455,Low Coverage,Moderate
2026-05-16,6827,7,520,74.29,64.65,2.0,3.43,0.8703,Low Coverage,Moderate
2026-05-16,6828,10,925,92.5,69.13,1.7,2.9,0.7474,Medium Coverage,Moderate
2026-05-16,6843,8,272,34.0,28.03,1.25,1.75,0.8244,Low Coverage,Moderate
2026-05-16,6844,8,327,40.88,28.59,1.38,2.13,0.6995,Low Coverage,Moderate
2026-05-16,7321,10,3187,318.7,248.28,7.0,8.5,0.779,Medium Coverage,Moderate
2026-05-16,7322,9,198,22.0,12.24,1.0,1.78,0.5562,Low Coverage,Moderate
2026-05-16,7509,8,707,88.38,78.48,1.88,3.25,0.888,Low Coverage,Moderate
2026-05-16,8290,10,1441,144.1,100.72,4.2,4.7,0.699,Medium Coverage,Moderate
2026-05-17,10232,6,61,10.17,8.16,1.0,1.33,0.8025,Low Coverage,Moderate
2026-05-17,11201,9,2994,332.67,103.96,4.0,7.11,0.3125,Low Coverage,Stable
2026-05-17,11202,10,865,86.5,30.86,1.0,4.1,0.3568,Medium Coverage,Stable
2026-05-17,11692,10,3777,377.7,174.45,5.0,7.6,0.4619,Medium Coverage,Stable
2026-05-17,11696,10,2706,270.6,111.65,4.2,5.9,0.4126,Medium Coverage,Stable
2026-05-17,12940,10,2534,253.4,94.86,4.3,5.9,0.3744,Medium Coverage,Stable
2026-05-17,16718,10,9595,959.5,321.95,11.5,18.0,0.3355,Medium Coverage,Stable
2026-05-17,16719,10,1281,128.1,44.57,1.6,4.0,0.3479,Medium Coverage,Stable
2026-05-17,17707,10,2796,279.6,115.37,4.0,8.9,0.4126,Medium Coverage,Stable
2026-05-17,18705,10,3632,363.2,105.95,4.1,7.4,0.2917,Medium Coverage,Stable
2026-05-17,20667,9,1464,162.67,61.02,1.89,4.78,0.3752,Low Coverage,Stable
2026-05-17,22638,10,2183,218.3,70.76,3.9,5.5,0.3241,Medium Coverage,Stable
2026-05-17,22639,9,1995,221.67,111.99,2.89,7.33,0.5052,Low Coverage,Moderate
2026-05-17,23384,10,8424,842.4,254.58,9.9,15.9,0.3022,Medium Coverage,Stable
2026-05-17,29038,9,3360,373.33,112.83,4.33,7.56,0.3022,Low Coverage,Stable
2026-05-17,30036,9,793,88.11,23.14,1.0,4.0,0.2627,Low Coverage,Stable
2026-05-17,30037,10,882,88.2,41.62,3.2,3.9,0.4718,Medium Coverage,Stable
2026-05-17,30038,10,1453,145.3,64.74,3.0,3.7,0.4456,Medium Coverage,Stable
2026-05-17,30039,10,1685,168.5,75.03,3.8,4.4,0.4453,Medium Coverage,Stable
2026-05-17,30040,10,1565,156.5,64.13,3.2,3.9,0.4098,Medium Coverage,Stable
2026-05-17,30042,8,1346,168.25,49.48,2.0,4.88,0.2941,Low Coverage,Stable
2026-05-17,30043,10,2527,252.7,94.52,3.2,7.2,0.3741,Medium Coverage,Stable
2026-05-17,30044,8,805,100.63,37.36,2.88,4.5,0.3713,Low Coverage,Stable
2026-05-17,30045,9,1783,198.11,108.32,3.33,4.78,0.5468,Low Coverage,Moderate
2026-05-17,30046,10,2606,260.6,75.63,3.1,6.4,0.2902,Medium Coverage,Stable
2026-05-17,30047,9,932,103.56,46.49,3.11,4.56,0.4489,Low Coverage,Stable
2026-05-17,30048,9,680,75.56,32.0,3.33,3.33,0.4236,Low Coverage,Stable
2026-05-17,30049,10,1289,128.9,43.68,3.2,5.0,0.3388,Medium Coverage,Stable
2026-05-17,30050,10,1250,125.0,40.41,2.8,4.3,0.3233,Medium Coverage,Stable
2026-05-17,30051,10,961,96.1,40.39,2.6,4.3,0.4203,Medium Coverage,Stable
2026-05-17,30055,9,2810,312.22,142.59,3.89,10.11,0.4567,Low Coverage,Stable
2026-05-17,30584,9,1425,158.33,51.0,3.22,4.78,0.3221,Low Coverage,Stable
2026-05-17,31816,8,705,88.13,24.35,1.88,2.75,0.2763,Low Coverage,Stable
2026-05-17,31817,8,633,79.13,28.25,2.38,2.38,0.357,Low Coverage,Stable
2026-05-17,31818,8,692,86.5,34.63,1.88,4.38,0.4004,Low Coverage,Stable
2026-05-17,31819,9,2028,225.33,74.91,2.89,5.78,0.3324,Low Coverage,Stable
2026-05-17,31821,9,773,85.89,27.31,1.89,3.22,0.318,Low Coverage,Stable
2026-05-17,31822,9,656,72.89,25.22,1.78,2.89,0.346,Low Coverage,Stable
2026-05-17,32799,10,3446,344.6,126.1,4.9,10.8,0.3659,Medium Coverage,Stable
2026-05-17,33292,9,1531,170.11,54.21,4.56,5.33,0.3187,Low Coverage,Stable
2026-05-17,33538,9,1596,177.33,87.01,2.22,6.89,0.4907,Low Coverage,Stable
2026-05-17,34042,9,624,69.33,35.15,1.67,2.33,0.5069,Low Coverage,Moderate
2026-05-17,34043,8,712,89.0,27.52,1.88,2.75,0.3092,Low Coverage,Stable
2026-05-17,34540,8,648,81.0,21.17,2.0,3.13,0.2614,Low Coverage,Stable
2026-05-17,34541,8,709,88.63,40.43,1.88,2.88,0.4562,Low Coverage,Stable
2026-05-17,34542,10,3971,397.1,131.93,4.7,10.7,0.3322,Medium Coverage,Stable
2026-05-17,34543,10,2604,260.4,86.06,3.4,7.1,0.3305,Medium Coverage,Stable
2026-05-17,36799,9,821,91.22,38.72,2.67,3.22,0.4245,Low Coverage,Stable
2026-05-17,37807,10,6590,659.0,213.35,7.6,14.2,0.3237,Medium Coverage,Stable
2026-05-17,37808,10,5352,535.2,168.91,6.3,13.5,0.3156,Medium Coverage,Stable
2026-05-17,37809,10,4658,465.8,148.32,5.6,11.4,0.3184,Medium Coverage,Stable
2026-05-17,37810,10,7100,710.0,226.82,8.6,15.8,0.3195,Medium Coverage,Stable
2026-05-17,38311,10,5236,523.6,165.53,6.5,13.9,0.3161,Medium Coverage,Stable
2026-05-17,39304,9,1151,127.89,54.26,2.22,5.0,0.4243,Low Coverage,Stable
2026-05-17,39307,9,752,83.56,29.87,1.0,4.11,0.3574,Low Coverage,Stable
2026-05-17,40855,10,1759,175.9,50.01,2.0,5.4,0.2843,Medium Coverage,Stable
2026-05-17,46099,9,1283,142.56,64.25,2.89,7.56,0.4507,Low Coverage,Stable
2026-05-17,46604,10,5401,540.1,181.01,6.6,13.9,0.3351,Medium Coverage,Stable
2026-05-17,48855,8,1345,168.13,47.85,2.25,5.5,0.2846,Low Coverage,Stable
2026-05-17,6612,10,5313,531.3,203.6,6.3,14.2,0.3832,Medium Coverage,Stable
2026-05-17,6613,10,5318,531.8,191.11,6.3,12.0,0.3594,Medium Coverage,Stable
2026-05-17,6614,10,6584,658.4,315.55,8.0,13.4,0.4793,Medium Coverage,Stable
2026-05-17,6615,10,3708,370.8,200.38,8.3,12.4,0.5404,Medium Coverage,Moderate
2026-05-17,6616,10,3128,312.8,145.21,8.0,11.7,0.4642,Medium Coverage,Stable
2026-05-17,6617,10,7400,740.0,318.44,9.1,13.6,0.4303,Medium Coverage,Stable
2026-05-17,6618,10,6062,606.2,221.2,7.2,14.1,0.3649,Medium Coverage,Stable
2026-05-17,6619,10,7579,757.9,286.76,9.3,16.9,0.3784,Medium Coverage,Stable
2026-05-17,6620,10,5767,576.7,194.26,6.8,12.7,0.3368,Medium Coverage,Stable
2026-05-17,6621,10,2963,296.3,108.4,6.1,8.6,0.3658,Medium Coverage,Stable
2026-05-17,6622,10,10671,1067.1,384.74,12.8,18.9,0.3606,Medium Coverage,Stable
2026-05-17,6623,10,5259,525.9,166.5,6.3,12.3,0.3166,Medium Coverage,Stable
2026-05-17,6624,10,14644,1464.4,666.65,17.9,31.2,0.4552,Medium Coverage,Stable
2026-05-17,6625,10,6468,646.8,225.74,7.7,13.8,0.349,Medium Coverage,Stable
2026-05-17,6626,10,5312,531.2,193.08,6.2,12.1,0.3635,Medium Coverage,Stable
2026-05-17,6627,10,8320,832.0,297.27,9.9,15.5,0.3573,Medium Coverage,Stable
2026-05-17,6628,10,2331,233.1,72.75,4.7,5.7,0.3121,Medium Coverage,Stable
2026-05-17,6629,10,1684,168.4,55.4,3.1,5.2,0.329,Medium Coverage,Stable
2026-05-17,6630,10,3220,322.0,113.26,5.1,7.6,0.3518,Medium Coverage,Stable
2026-05-17,6631,10,1023,102.3,45.93,2.7,4.1,0.449,Medium Coverage,Stable
2026-05-17,6633,10,5724,572.4,175.34,6.6,13.2,0.3063,Medium Coverage,Stable
2026-05-17,6636,10,8172,817.2,303.36,10.4,16.4,0.3712,Medium Coverage,Stable
2026-05-17,6637,10,3377,337.7,124.8,6.8,9.4,0.3695,Medium Coverage,Stable
2026-05-17,6638,9,2083,231.44,101.69,2.78,5.56,0.4394,Low Coverage,Stable
2026-05-17,6641,10,7807,780.7,395.68,9.4,17.8,0.5068,Medium Coverage,Moderate
2026-05-17,6642,10,5437,543.7,172.64,6.5,12.2,0.3175,Medium Coverage,Stable
2026-05-17,6643,9,2270,252.22,85.34,3.0,6.11,0.3383,Low Coverage,Stable
2026-05-17,6644,9,1561,173.44,45.53,2.0,5.22,0.2625,Low Coverage,Stable
2026-05-17,6645,10,4158,415.8,144.62,5.9,11.8,0.3478,Medium Coverage,Stable
2026-05-17,6646,9,2833,314.78,119.37,3.89,6.44,0.3792,Low Coverage,Stable
2026-05-17,6647,10,2137,213.7,75.34,4.0,6.5,0.3526,Medium Coverage,Stable
2026-05-17,6648,9,2259,251.0,90.75,3.22,5.78,0.3615,Low Coverage,Stable
2026-05-17,6649,10,4742,474.2,177.38,5.5,11.3,0.3741,Medium Coverage,Stable
2026-05-17,6650,9,2072,230.22,66.19,4.33,6.0,0.2875,Low Coverage,Stable
2026-05-17,6651,10,4819,481.9,200.37,5.8,11.4,0.4158,Medium Coverage,Stable
2026-05-17,6652,9,1966,218.44,70.29,4.0,5.22,0.3218,Low Coverage,Stable
2026-05-17,6654,10,1896,189.6,82.7,4.7,4.9,0.4362,Medium Coverage,Stable
2026-05-17,6657,9,2599,288.78,114.39,3.56,6.11,0.3961,Low Coverage,Stable
2026-05-17,6658,9,1909,212.11,79.36,2.67,7.89,0.3742,Low Coverage,Stable
2026-05-17,6659,10,1639,163.9,71.05,3.3,4.8,0.4335,Medium Coverage,Stable
2026-05-17,6660,10,2049,204.9,103.3,3.8,5.0,0.5041,Medium Coverage,Moderate
2026-05-17,6661,10,1854,185.4,73.79,3.5,5.2,0.398,Medium Coverage,Stable
2026-05-17,6662,10,1124,112.4,62.72,1.5,3.5,0.558,Medium Coverage,Moderate
2026-05-17,6663,10,1995,199.5,68.21,3.5,5.2,0.3419,Medium Coverage,Stable
2026-05-17,6664,10,2182,218.2,96.15,2.9,4.8,0.4407,Medium Coverage,Stable
2026-05-17,6665,10,1998,199.8,105.08,3.4,4.9,0.5259,Medium Coverage,Moderate
2026-05-17,6666,10,2675,267.5,126.13,3.4,5.6,0.4715,Medium Coverage,Stable
2026-05-17,6667,10,7029,702.9,372.09,8.5,13.4,0.5294,Medium Coverage,Moderate
2026-05-17,6668,10,1982,198.2,62.45,3.7,5.6,0.3151,Medium Coverage,Stable
2026-05-17,6672,10,3084,308.4,142.7,4.4,6.6,0.4627,Medium Coverage,Stable
2026-05-17,6673,10,2476,247.6,142.31,3.4,5.5,0.5748,Medium Coverage,Moderate
2026-05-17,6674,9,1361,151.22,58.4,2.22,4.67,0.3862,Low Coverage,Stable
2026-05-17,6675,9,773,85.89,37.05,2.44,3.44,0.4314,Low Coverage,Stable
2026-05-17,6676,10,1553,155.3,67.7,3.4,4.6,0.4359,Medium Coverage,Stable
2026-05-17,6677,8,1473,184.13,54.45,3.25,5.63,0.2957,Low Coverage,Stable
2026-05-17,6678,9,1468,163.11,74.14,3.0,5.11,0.4545,Low Coverage,Stable
2026-05-17,6679,9,2357,261.89,101.21,3.89,6.0,0.3865,Low Coverage,Stable
2026-05-17,6680,9,2618,290.89,138.95,6.11,8.78,0.4777,Low Coverage,Stable
2026-05-17,6682,10,5852,585.2,199.44,7.4,12.6,0.3408,Medium Coverage,Stable
2026-05-17,6685,9,1717,190.78,75.26,4.33,5.11,0.3945,Low Coverage,Stable
2026-05-17,6687,10,7236,723.6,309.68,9.7,16.2,0.428,Medium Coverage,Stable
2026-05-17,6688,7,589,84.14,40.83,1.86,2.71,0.4853,Low Coverage,Stable
2026-05-17,6689,6,418,69.67,27.87,2.0,2.0,0.4,Low Coverage,Stable
2026-05-17,6690,8,595,74.38,27.71,1.75,2.63,0.3726,Low Coverage,Stable
2026-05-17,6691,7,601,85.86,19.82,1.71,2.57,0.2308,Low Coverage,Stable
2026-05-17,6692,10,4129,412.9,129.6,5.6,8.9,0.3139,Medium Coverage,Stable
2026-05-17,6693,10,4948,494.8,229.51,6.2,11.7,0.4638,Medium Coverage,Stable
2026-05-17,6698,10,3775,377.5,127.73,4.6,8.0,0.3384,Medium Coverage,Stable
2026-05-17,6700,9,2157,239.67,75.94,4.33,6.0,0.3169,Low Coverage,Stable
2026-05-17,6701,9,584,64.89,24.65,1.78,2.56,0.38,Low Coverage,Stable
2026-05-17,6702,8,1534,191.75,68.26,2.5,4.38,0.356,Low Coverage,Stable
2026-05-17,6703,10,5192,519.2,156.46,6.1,12.1,0.3013,Medium Coverage,Stable
2026-05-17,6704,10,5833,583.3,205.29,9.5,13.1,0.3519,Medium Coverage,Stable
2026-05-17,6705,10,9491,949.1,262.58,11.5,18.7,0.2767,Medium Coverage,Stable
2026-05-17,6706,10,5786,578.6,178.18,7.0,14.1,0.3079,Medium Coverage,Stable
2026-05-17,6707,10,2870,287.0,88.47,4.7,7.2,0.3082,Medium Coverage,Stable
2026-05-17,6708,10,2428,242.8,83.46,3.7,6.7,0.3438,Medium Coverage,Stable
2026-05-17,6709,6,698,116.33,46.42,2.17,2.67,0.399,Low Coverage,Stable
2026-05-17,6712,9,6210,690.0,318.33,8.67,14.0,0.4614,Low Coverage,Stable
2026-05-17,6713,10,2509,250.9,75.2,3.0,6.9,0.2997,Medium Coverage,Stable
2026-05-17,6715,10,6500,650.0,205.47,7.4,13.4,0.3161,Medium Coverage,Stable
2026-05-17,6722,10,2664,266.4,90.42,3.2,7.4,0.3394,Medium Coverage,Stable
2026-05-17,6723,10,1565,156.5,67.27,4.1,4.8,0.4298,Medium Coverage,Stable
2026-05-17,6724,10,4246,424.6,143.11,5.8,10.1,0.337,Medium Coverage,Stable
2026-05-17,6725,10,1738,173.8,61.2,4.4,5.2,0.3521,Medium Coverage,Stable
2026-05-17,6726,9,2500,277.78,113.69,3.89,6.0,0.4093,Low Coverage,Stable
2026-05-17,6727,10,2985,298.5,140.85,5.2,6.2,0.4719,Medium Coverage,Stable
2026-05-17,6728,10,6577,657.7,204.05,7.8,13.8,0.3102,Medium Coverage,Stable
2026-05-17,6730,9,4547,505.22,234.06,6.44,10.67,0.4633,Low Coverage,Stable
2026-05-17,6737,10,4489,448.9,138.0,6.0,8.9,0.3074,Medium Coverage,Stable
2026-05-17,6738,10,7204,720.4,209.19,8.6,14.4,0.2904,Medium Coverage,Stable
2026-05-17,6741,10,5194,519.4,213.87,6.2,10.7,0.4118,Medium Coverage,Stable
2026-05-17,6747,10,3642,364.2,167.19,5.3,8.6,0.4591,Medium Coverage,Stable
2026-05-17,6748,10,2498,249.8,105.56,4.1,5.8,0.4226,Medium Coverage,Stable
2026-05-17,6749,10,6075,607.5,210.79,7.2,12.9,0.347,Medium Coverage,Stable
2026-05-17,6776,8,433,54.13,17.64,1.0,1.63,0.326,Low Coverage,Stable
2026-05-17,6779,6,486,81.0,23.21,1.0,2.5,0.2866,Low Coverage,Stable
2026-05-17,6780,8,1118,139.75,59.78,2.75,4.88,0.4278,Low Coverage,Stable
2026-05-17,6790,9,942,104.67,34.71,2.67,7.33,0.3317,Low Coverage,Stable
2026-05-17,6796,9,1447,160.78,64.02,1.89,4.78,0.3982,Low Coverage,Stable
2026-05-17,6799,9,1098,122.0,44.33,2.56,3.33,0.3634,Low Coverage,Stable
2026-05-17,6800,8,1004,125.5,41.81,2.25,2.88,0.3332,Low Coverage,Stable
2026-05-17,6806,9,970,107.78,32.07,2.33,3.89,0.2976,Low Coverage,Stable
2026-05-17,6811,8,737,92.13,40.66,1.63,4.0,0.4414,Low Coverage,Stable
2026-05-17,6817,9,1488,165.33,84.59,3.78,5.44,0.5116,Low Coverage,Moderate
2026-05-17,6818,9,1039,115.44,41.21,1.33,3.22,0.357,Low Coverage,Stable
2026-05-17,6819,10,3036,303.6,178.9,3.8,7.4,0.5893,Medium Coverage,Moderate
2026-05-17,6821,9,3899,433.22,210.73,5.33,10.0,0.4864,Low Coverage,Stable
2026-05-17,6822,9,2454,272.67,90.56,3.56,6.67,0.3321,Low Coverage,Stable
2026-05-17,6823,8,571,71.38,33.41,1.0,3.0,0.4682,Low Coverage,Stable
2026-05-17,6825,7,442,63.14,22.19,1.0,3.14,0.3515,Low Coverage,Stable
2026-05-17,6828,6,873,145.5,48.61,2.0,4.0,0.3341,Low Coverage,Stable
2026-05-17,6834,3,912,304.0,179.55,5.67,5.67,0.5906,Low Coverage,Moderate
2026-05-17,6837,3,601,200.33,121.41,3.0,5.0,0.606,Low Coverage,Moderate
2026-05-17,6841,3,1055,351.67,184.11,5.33,6.33,0.5235,Low Coverage,Moderate
2026-05-17,6843,7,400,57.14,23.7,1.43,2.29,0.4147,Low Coverage,Stable
2026-05-17,6844,8,399,49.88,19.07,1.75,2.5,0.3823,Low Coverage,Stable
2026-05-17,7321,10,4427,442.7,180.8,6.5,8.6,0.4084,Medium Coverage,Stable
2026-05-17,7322,8,244,30.5,15.88,1.0,2.38,0.5208,Low Coverage,Moderate
2026-05-17,7509,7,988,141.14,61.82,1.86,4.29,0.438,Low Coverage,Stable
2026-05-17,8290,9,2010,223.33,70.92,3.78,5.56,0.3175,Low Coverage,Stable
2026-05-18,10232,4,414,103.5,8.19,1.0,2.5,0.0791,Low Coverage,Stable
2026-05-18,11201,7,2977,425.29,81.32,3.86,7.14,0.1912,Low Coverage,Stable
2026-05-18,11202,6,593,98.83,44.99,1.0,4.17,0.4552,Low Coverage,Stable
2026-05-18,11692,7,3255,465.0,234.72,5.29,7.14,0.5048,Low Coverage,Moderate
2026-05-18,11696,5,1744,348.8,123.58,4.8,6.2,0.3543,Low Coverage,Stable
2026-05-18,12940,7,2006,286.57,97.92,4.29,6.14,0.3417,Low Coverage,Stable
2026-05-18,16717,6,1960,326.67,193.91,3.17,5.5,0.5936,Low Coverage,Moderate
2026-05-18,16718,7,6461,923.0,451.4,8.71,15.0,0.4891,Low Coverage,Stable
2026-05-18,16719,7,773,110.43,53.38,1.43,3.14,0.4833,Low Coverage,Stable
2026-05-18,17707,6,1806,301.0,160.18,4.17,8.0,0.5322,Low Coverage,Moderate
2026-05-18,18705,7,2714,387.71,132.03,3.71,6.71,0.3405,Low Coverage,Stable
2026-05-18,20667,7,1431,204.43,56.09,2.0,5.29,0.2744,Low Coverage,Stable
2026-05-18,22638,7,2150,307.14,20.35,4.43,6.86,0.0663,Low Coverage,Stable
2026-05-18,22639,5,1386,277.2,207.64,2.8,7.2,0.7491,Low Coverage,Moderate
2026-05-18,23384,7,7241,1034.43,194.89,9.43,16.0,0.1884,Low Coverage,Stable
2026-05-18,29038,7,3318,474.0,203.7,5.0,7.86,0.4297,Low Coverage,Stable
2026-05-18,30036,7,803,114.71,3.77,1.0,4.71,0.0329,Low Coverage,Stable
2026-05-18,30037,7,708,101.14,50.71,3.71,4.0,0.5014,Low Coverage,Moderate
2026-05-18,30038,7,992,141.71,65.43,2.71,3.14,0.4617,Low Coverage,Stable
2026-05-18,30039,7,1286,183.71,76.32,3.0,3.0,0.4154,Low Coverage,Stable
2026-05-18,30040,7,1245,177.86,68.93,4.29,4.71,0.3876,Low Coverage,Stable
2026-05-18,30042,3,526,175.33,96.42,1.67,4.0,0.5499,Low Coverage,Moderate
2026-05-18,30043,7,2243,320.43,82.63,4.43,7.14,0.2579,Low Coverage,Stable
2026-05-18,30044,7,786,112.29,28.88,2.57,3.71,0.2572,Low Coverage,Stable
2026-05-18,30045,5,1317,263.4,113.11,3.4,5.2,0.4294,Low Coverage,Stable
2026-05-18,30046,7,2368,338.29,17.19,3.43,7.0,0.0508,Low Coverage,Stable
2026-05-18,30047,6,770,128.33,47.24,3.33,4.83,0.3681,Low Coverage,Stable
2026-05-18,30048,5,611,122.2,6.18,4.0,4.2,0.0506,Low Coverage,Stable
2026-05-18,30049,7,1118,159.71,42.9,3.43,5.43,0.2686,Low Coverage,Stable
2026-05-18,30050,6,774,129.0,65.49,2.5,4.33,0.5076,Low Coverage,Moderate
2026-05-18,30051,5,587,117.4,43.42,2.0,3.6,0.3698,Low Coverage,Stable
2026-05-18,30055,7,3590,512.86,87.55,4.57,14.29,0.1707,Low Coverage,Stable
2026-05-18,30584,7,1197,171.0,49.65,2.86,4.71,0.2904,Low Coverage,Stable
2026-05-18,31816,3,330,110.0,25.51,1.67,2.67,0.232,Low Coverage,Stable
2026-05-18,31817,3,244,81.33,52.77,1.67,2.0,0.6488,Low Coverage,Moderate
2026-05-18,31818,6,591,98.5,45.32,1.0,4.33,0.4601,Low Coverage,Stable
2026-05-18,31819,7,1880,268.57,66.99,2.86,6.29,0.2494,Low Coverage,Stable
2026-05-18,31821,5,655,131.0,11.64,1.8,3.8,0.0889,Low Coverage,Stable
2026-05-18,31822,5,496,99.2,4.21,1.8,3.2,0.0424,Low Coverage,Stable
2026-05-18,32799,7,2810,401.43,148.31,4.0,10.0,0.3694,Low Coverage,Stable
2026-05-18,33292,7,1621,231.57,44.44,5.0,5.43,0.1919,Low Coverage,Stable
2026-05-18,33538,7,1783,254.71,39.73,2.29,8.43,0.156,Low Coverage,Stable
2026-05-18,34042,3,261,87.0,24.25,1.67,2.0,0.2787,Low Coverage,Stable
2026-05-18,34043,3,277,92.33,41.88,1.67,2.33,0.4536,Low Coverage,Stable
2026-05-18,34540,6,485,80.83,27.18,1.83,3.17,0.3363,Low Coverage,Stable
2026-05-18,34541,6,806,134.33,31.97,2.0,3.5,0.238,Low Coverage,Stable
2026-05-18,34542,7,3546,506.57,100.26,4.57,11.71,0.1979,Low Coverage,Stable
2026-05-18,34543,7,1590,227.14,69.08,2.57,5.57,0.3041,Low Coverage,Stable
2026-05-18,36799,7,668,95.43,44.55,3.0,3.57,0.4669,Low Coverage,Stable
2026-05-18,37807,7,6599,942.71,163.19,8.43,17.14,0.1731,Low Coverage,Stable
2026-05-18,37808,7,5228,746.86,163.58,6.57,15.86,0.219,Low Coverage,Stable
2026-05-18,37809,7,4197,599.57,54.35,5.57,13.14,0.0906,Low Coverage,Stable
2026-05-18,37810,7,6629,947.0,231.7,8.86,17.57,0.2447,Low Coverage,Stable
2026-05-18,38311,7,4852,693.14,116.79,6.57,15.29,0.1685,Low Coverage,Stable
2026-05-18,39304,6,1064,177.33,58.47,3.17,6.17,0.3297,Low Coverage,Stable
2026-05-18,39307,7,830,118.57,3.31,1.14,4.86,0.0279,Low Coverage,Stable
2026-05-18,40855,7,1518,216.86,13.45,2.0,6.0,0.062,Low Coverage,Stable
2026-05-18,46099,7,1091,155.86,31.88,2.57,8.29,0.2046,Low Coverage,Stable
2026-05-18,46604,7,5552,793.14,176.79,7.29,17.29,0.2229,Low Coverage,Stable
2026-05-18,48855,3,586,195.33,58.53,2.0,5.0,0.2996,Low Coverage,Stable
2026-05-18,6612,7,4817,688.14,146.92,6.29,15.0,0.2135,Low Coverage,Stable
2026-05-18,6613,7,5285,755.0,102.73,6.86,14.14,0.1361,Low Coverage,Stable
2026-05-18,6614,7,5348,764.0,298.91,7.0,13.14,0.3912,Low Coverage,Stable
2026-05-18,6615,7,3462,494.57,199.05,8.71,14.14,0.4025,Low Coverage,Stable
2026-05-18,6616,7,3468,495.43,178.3,8.71,13.86,0.3599,Low Coverage,Stable
2026-05-18,6617,7,6940,991.43,184.05,9.0,15.0,0.1856,Low Coverage,Stable
2026-05-18,6618,7,5491,784.43,182.09,7.0,15.57,0.2321,Low Coverage,Stable
2026-05-18,6619,7,5321,760.14,215.83,6.86,14.29,0.2839,Low Coverage,Stable
2026-05-18,6620,7,4862,694.57,156.07,6.29,12.57,0.2247,Low Coverage,Stable
2026-05-18,6621,7,2299,328.43,78.5,6.14,8.57,0.239,Low Coverage,Stable
2026-05-18,6622,7,8297,1185.29,271.52,10.86,17.0,0.2291,Low Coverage,Stable
2026-05-18,6623,7,4655,665.0,127.71,5.86,12.71,0.192,Low Coverage,Stable
2026-05-18,6624,7,11043,1577.57,853.04,14.86,26.43,0.5407,Low Coverage,Moderate
2026-05-18,6625,7,6323,903.29,85.33,8.14,16.0,0.0945,Low Coverage,Stable
2026-05-18,6626,7,5163,737.57,83.67,6.57,14.14,0.1134,Low Coverage,Stable
2026-05-18,6627,7,6690,955.71,329.08,9.0,14.86,0.3443,Low Coverage,Stable
2026-05-18,6628,7,1824,260.57,88.83,3.86,5.71,0.3409,Low Coverage,Stable
2026-05-18,6629,7,1375,196.43,45.04,3.0,5.29,0.2293,Low Coverage,Stable
2026-05-18,6630,7,2496,356.57,86.61,4.29,7.29,0.2429,Low Coverage,Stable
2026-05-18,6631,7,814,116.29,37.55,2.43,4.14,0.3229,Low Coverage,Stable
2026-05-18,6633,7,4449,635.57,199.3,5.71,12.14,0.3136,Low Coverage,Stable
2026-05-18,6636,7,6787,969.57,390.4,9.29,15.57,0.4026,Low Coverage,Stable
2026-05-18,6637,7,2872,410.29,104.53,6.43,9.43,0.2548,Low Coverage,Stable
2026-05-18,6638,4,1112,278.0,138.69,2.75,5.5,0.4989,Low Coverage,Stable
2026-05-18,6641,7,7302,1043.14,285.5,9.43,19.71,0.2737,Low Coverage,Stable
2026-05-18,6642,7,5451,778.71,198.51,7.29,14.57,0.2549,Low Coverage,Stable
2026-05-18,6643,7,1874,267.71,109.88,2.71,5.71,0.4104,Low Coverage,Stable
2026-05-18,6644,7,1323,189.0,62.87,1.71,4.71,0.3326,Low Coverage,Stable
2026-05-18,6645,7,3199,457.0,190.34,4.86,10.71,0.4165,Low Coverage,Stable
2026-05-18,6646,7,2689,384.14,97.72,3.57,6.57,0.2544,Low Coverage,Stable
2026-05-18,6647,7,1860,265.71,64.9,4.57,7.86,0.2442,Low Coverage,Stable
2026-05-18,6648,7,2162,308.86,64.1,2.86,6.0,0.2075,Low Coverage,Stable
2026-05-18,6649,7,3917,559.57,177.46,5.14,11.29,0.3171,Low Coverage,Stable
2026-05-18,6650,7,2006,286.57,55.3,4.57,6.57,0.193,Low Coverage,Stable
2026-05-18,6651,7,3451,493.0,229.39,4.57,10.71,0.4653,Low Coverage,Stable
2026-05-18,6652,7,1886,269.43,79.38,4.29,5.86,0.2946,Low Coverage,Stable
2026-05-18,6654,7,2065,295.0,53.88,6.0,6.57,0.1826,Low Coverage,Stable
2026-05-18,6657,7,3159,451.29,18.81,4.29,7.86,0.0417,Low Coverage,Stable
2026-05-18,6658,7,2017,288.14,63.93,2.57,7.71,0.2219,Low Coverage,Stable
2026-05-18,6659,7,1753,250.43,19.42,3.43,6.14,0.0775,Low Coverage,Stable
2026-05-18,6660,7,1945,277.86,107.49,4.29,6.0,0.3869,Low Coverage,Stable
2026-05-18,6661,7,1612,230.29,68.27,3.43,5.57,0.2965,Low Coverage,Stable
2026-05-18,6662,7,1575,225.0,7.12,2.29,6.0,0.0316,Low Coverage,Stable
2026-05-18,6663,7,1899,271.29,24.11,3.86,6.57,0.0889,Low Coverage,Stable
2026-05-18,6664,7,1633,233.29,101.67,2.57,4.43,0.4358,Low Coverage,Stable
2026-05-18,6665,7,2046,292.29,135.86,3.57,6.29,0.4648,Low Coverage,Stable
2026-05-18,6666,7,2432,347.43,112.94,3.86,6.57,0.3251,Low Coverage,Stable
2026-05-18,6667,7,6095,870.71,309.68,7.86,13.71,0.3557,Low Coverage,Stable
2026-05-18,6668,7,1719,245.57,42.16,3.43,5.71,0.1717,Low Coverage,Stable
2026-05-18,6672,4,1374,343.5,187.51,4.5,6.0,0.5459,Low Coverage,Moderate
2026-05-18,6673,7,1877,268.14,95.72,2.57,6.14,0.357,Low Coverage,Stable
2026-05-18,6674,7,1411,201.57,37.66,2.14,5.57,0.1868,Low Coverage,Stable
2026-05-18,6675,7,891,127.29,45.66,1.86,4.57,0.3587,Low Coverage,Stable
2026-05-18,6676,7,1833,261.86,32.87,4.43,6.29,0.1255,Low Coverage,Stable
2026-05-18,6677,7,2035,290.71,70.08,3.29,7.57,0.2411,Low Coverage,Stable
2026-05-18,6678,7,1317,188.14,61.87,2.43,5.0,0.3289,Low Coverage,Stable
2026-05-18,6679,7,2585,369.29,170.17,3.71,6.43,0.4608,Low Coverage,Stable
2026-05-18,6680,7,1935,276.43,172.65,4.57,7.0,0.6246,Low Coverage,Moderate
2026-05-18,6682,7,4319,617.0,261.55,6.57,11.14,0.4239,Low Coverage,Stable
2026-05-18,6685,7,1464,209.14,87.42,3.71,4.43,0.418,Low Coverage,Stable
2026-05-18,6687,7,5608,801.14,368.15,8.71,15.0,0.4595,Low Coverage,Stable
2026-05-18,6688,7,872,124.57,25.53,2.0,2.86,0.205,Low Coverage,Stable
2026-05-18,6689,7,718,102.57,6.78,2.0,2.43,0.0661,Low Coverage,Stable
2026-05-18,6690,7,659,94.14,27.26,1.71,2.57,0.2896,Low Coverage,Stable
2026-05-18,6691,7,607,86.71,48.96,1.71,2.43,0.5646,Low Coverage,Moderate
2026-05-18,6692,7,2458,351.14,126.54,3.86,6.29,0.3604,Low Coverage,Stable
2026-05-18,6693,7,5432,776.0,408.15,7.29,13.86,0.526,Low Coverage,Moderate
2026-05-18,6698,7,2331,333.0,143.31,3.29,5.71,0.4304,Low Coverage,Stable
2026-05-18,6700,7,1917,273.86,99.1,3.57,5.29,0.3619,Low Coverage,Stable
2026-05-18,6701,7,546,78.0,9.24,2.0,3.0,0.1184,Low Coverage,Stable
2026-05-18,6702,7,1672,238.86,105.3,2.57,4.57,0.4409,Low Coverage,Stable
2026-05-18,6703,7,5017,716.71,58.52,6.43,13.57,0.0817,Low Coverage,Stable
2026-05-18,6704,7,4277,611.0,236.27,8.14,11.57,0.3867,Low Coverage,Stable
2026-05-18,6705,7,8385,1197.86,307.02,12.29,19.43,0.2563,Low Coverage,Stable
2026-05-18,6706,7,5923,846.14,208.35,8.14,17.43,0.2462,Low Coverage,Stable
2026-05-18,6707,7,2307,329.57,126.81,5.29,7.29,0.3848,Low Coverage,Stable
2026-05-18,6708,7,1821,260.14,133.21,3.14,5.86,0.5121,Low Coverage,Moderate
2026-05-18,6709,6,899,149.83,76.54,2.5,3.17,0.5108,Low Coverage,Moderate
2026-05-18,6712,7,7348,1049.71,208.77,10.57,17.57,0.1989,Low Coverage,Stable
2026-05-18,6713,7,1810,258.57,87.6,2.57,5.43,0.3388,Low Coverage,Stable
2026-05-18,6715,7,5313,759.0,232.09,7.29,13.14,0.3058,Low Coverage,Stable
2026-05-18,6722,7,2045,292.14,99.34,2.71,7.29,0.34,Low Coverage,Stable
2026-05-18,6723,7,1535,219.29,28.55,4.0,5.71,0.1302,Low Coverage,Stable
2026-05-18,6724,7,3593,513.29,197.16,5.71,10.0,0.3841,Low Coverage,Stable
2026-05-18,6725,7,1422,203.14,60.53,4.14,5.14,0.298,Low Coverage,Stable
2026-05-18,6726,7,2012,287.43,99.6,2.86,5.0,0.3465,Low Coverage,Stable
2026-05-18,6727,7,3098,442.57,85.94,4.71,7.43,0.1942,Low Coverage,Stable
2026-05-18,6728,7,5500,785.71,161.85,7.29,13.57,0.206,Low Coverage,Stable
2026-05-18,6730,7,3789,541.29,324.96,5.43,9.29,0.6003,Low Coverage,Moderate
2026-05-18,6737,7,4073,581.86,221.33,6.86,8.86,0.3804,Low Coverage,Stable
2026-05-18,6738,7,6661,951.57,110.75,9.43,15.29,0.1164,Low Coverage,Stable
2026-05-18,6741,7,4422,631.71,297.79,6.0,10.57,0.4714,Low Coverage,Stable
2026-05-18,6747,7,3518,502.57,199.45,5.71,9.43,0.3969,Low Coverage,Stable
2026-05-18,6748,7,2432,347.43,52.91,4.57,6.71,0.1523,Low Coverage,Stable
2026-05-18,6749,7,4765,680.71,203.24,6.29,12.29,0.2986,Low Coverage,Stable
2026-05-18,6776,6,421,70.17,13.93,1.0,1.83,0.1986,Low Coverage,Stable
2026-05-18,6779,2,130,65.0,5.66,1.0,3.0,0.087,Low Coverage,Stable
2026-05-18,6780,7,810,115.71,68.64,2.0,3.86,0.5932,Low Coverage,Moderate
2026-05-18,6790,7,978,139.71,31.39,2.43,8.29,0.2247,Low Coverage,Stable
2026-05-18,6796,7,1642,234.57,0.98,2.0,6.0,0.0042,Low Coverage,Stable
2026-05-18,6799,4,564,141.0,68.35,2.25,3.0,0.4847,Low Coverage,Stable
2026-05-18,6800,4,533,133.25,68.14,2.0,2.5,0.5114,Low Coverage,Moderate
2026-05-18,6806,7,988,141.14,19.51,2.86,4.86,0.1383,Low Coverage,Stable
2026-05-18,6811,6,700,116.67,30.72,2.17,5.0,0.2633,Low Coverage,Stable
2026-05-18,6817,7,1952,278.86,99.28,5.0,7.29,0.356,Low Coverage,Stable
2026-05-18,6818,7,874,124.86,17.07,1.29,3.14,0.1367,Low Coverage,Stable
2026-05-18,6819,7,3672,524.57,229.36,5.0,10.43,0.4372,Low Coverage,Stable
2026-05-18,6821,7,4719,674.14,265.14,6.29,12.86,0.3933,Low Coverage,Stable
2026-05-18,6822,6,1617,269.5,115.43,2.5,5.5,0.4283,Low Coverage,Stable
2026-05-18,6823,3,252,84.0,57.16,1.0,2.67,0.6804,Low Coverage,Moderate
2026-05-18,6825,2,210,105.0,16.97,1.0,3.5,0.1616,Low Coverage,Stable
2026-05-18,6828,3,654,218.0,27.71,2.0,4.0,0.1271,Low Coverage,Stable
2026-05-18,6837,2,204,102.0,115.97,2.0,3.0,1.1369,Low Coverage,Volatile
2026-05-18,6841,1,34,34.0,0.0,1.0,1.0,0.0,Low Coverage,Stable
2026-05-18,6843,4,281,70.25,38.17,1.75,2.5,0.5433,Low Coverage,Moderate
2026-05-18,6844,4,277,69.25,22.62,1.75,2.75,0.3266,Low Coverage,Stable
2026-05-18,7321,7,3513,501.86,250.34,5.29,8.0,0.4988,Low Coverage,Stable
2026-05-18,7322,6,214,35.67,14.19,1.0,2.67,0.398,Low Coverage,Stable
2026-05-18,7509,4,751,187.75,64.48,1.75,3.75,0.3435,Low Coverage,Stable
2026-05-18,8290,7,1978,282.57,86.85,3.86,6.0,0.3073,Low Coverage,Stable
2026-05-19,10232,15,1557,103.8,48.0,1.6,2.87,0.4624,Medium Coverage,Stable
2026-05-19,11201,20,13523,676.15,434.74,7.2,11.6,0.643,High Coverage,Moderate
2026-05-19,11692,21,13488,642.29,387.42,8.33,10.29,0.6032,High Coverage,Moderate
2026-05-19,11693,19,10068,529.89,264.94,6.11,8.16,0.5,High Coverage,Stable
2026-05-19,11696,20,6846,342.3,133.6,4.25,6.55,0.3903,High Coverage,Stable
2026-05-19,12940,22,6557,298.05,162.52,3.77,5.59,0.5453,High Coverage,Moderate
2026-05-19,13684,13,1865,143.46,69.68,1.85,4.77,0.4857,Medium Coverage,Stable
2026-05-19,16717,8,2544,318.0,180.18,3.25,5.75,0.5666,Low Coverage,Moderate
2026-05-19,16718,24,23716,988.17,663.65,10.21,16.08,0.6716,High Coverage,Moderate
2026-05-19,16719,21,3763,179.19,107.67,2.29,4.48,0.6008,High Coverage,Moderate
2026-05-19,17707,19,6573,345.95,156.19,5.11,9.63,0.4515,High Coverage,Stable
2026-05-19,18213,6,440,73.33,48.2,1.67,2.0,0.6573,Low Coverage,Moderate
2026-05-19,18705,21,11638,554.19,334.11,6.62,9.38,0.6029,High Coverage,Moderate
2026-05-19,20667,20,7389,369.45,218.91,3.95,9.5,0.5925,High Coverage,Moderate
2026-05-19,22638,22,8063,366.5,216.22,5.41,7.68,0.59,High Coverage,Moderate
2026-05-19,22639,17,2866,168.59,84.11,1.88,4.47,0.4989,Medium Coverage,Stable
2026-05-19,23384,22,32192,1463.27,831.3,15.64,22.05,0.5681,High Coverage,Moderate
2026-05-19,29038,21,13256,631.24,368.52,8.86,11.14,0.5838,High Coverage,Moderate
2026-05-19,29039,2,90,45.0,28.28,1.0,1.0,0.6285,Low Coverage,Moderate
2026-05-19,29040,2,52,26.0,28.28,1.0,1.0,1.0879,Low Coverage,Volatile
2026-05-19,30036,20,3180,159.0,94.42,1.8,6.6,0.5938,High Coverage,Moderate
2026-05-19,30037,22,3896,177.09,129.64,5.14,5.64,0.7321,High Coverage,Moderate
2026-05-19,30038,21,5674,270.19,188.37,6.0,6.86,0.6972,High Coverage,Moderate
2026-05-19,30039,21,6375,303.57,203.01,6.19,6.76,0.6687,High Coverage,Moderate
2026-05-19,30040,21,6303,300.14,197.42,6.24,6.86,0.6578,High Coverage,Moderate
2026-05-19,30041,11,2723,247.55,204.77,3.36,6.36,0.8272,Medium Coverage,Moderate
2026-05-19,30043,20,8852,442.6,194.76,6.35,10.0,0.44,High Coverage,Stable
2026-05-19,30044,19,2189,115.21,55.15,1.95,3.68,0.4787,High Coverage,Stable
2026-05-19,30045,17,4411,259.47,121.43,4.12,5.71,0.468,Medium Coverage,Stable
2026-05-19,30046,21,8969,427.1,194.07,6.14,8.57,0.4544,High Coverage,Stable
2026-05-19,30047,18,3687,204.83,93.47,5.22,6.83,0.4563,High Coverage,Stable
2026-05-19,30048,19,3140,165.26,87.73,4.26,6.26,0.5308,High Coverage,Moderate
2026-05-19,30049,19,4632,243.79,143.64,4.42,7.42,0.5892,High Coverage,Moderate
2026-05-19,30050,20,4516,225.8,112.06,3.7,7.05,0.4963,High Coverage,Stable
2026-05-19,30051,19,2063,108.58,50.98,2.37,3.95,0.4695,High Coverage,Stable
2026-05-19,30055,20,9929,496.45,232.91,5.0,13.45,0.4692,High Coverage,Stable
2026-05-19,30584,20,3559,177.95,83.34,2.95,5.0,0.4683,High Coverage,Stable
2026-05-19,31816,16,2833,177.06,90.28,3.31,4.75,0.5099,Medium Coverage,Moderate
2026-05-19,31817,16,2892,180.75,85.63,3.63,4.81,0.4737,Medium Coverage,Stable
2026-05-19,31818,14,1264,90.29,44.64,2.07,3.93,0.4944,Medium Coverage,Stable
2026-05-19,31819,20,5127,256.35,115.58,2.7,5.75,0.4509,High Coverage,Stable
2026-05-19,31821,18,2336,129.78,77.09,2.28,4.33,0.594,High Coverage,Moderate
2026-05-19,31822,17,2601,153.0,95.07,2.24,4.76,0.6214,Medium Coverage,Moderate
2026-05-19,32799,23,9702,421.83,236.5,5.39,10.52,0.5607,High Coverage,Moderate
2026-05-19,33292,20,6468,323.4,175.36,5.65,7.5,0.5422,High Coverage,Moderate
2026-05-19,33538,20,4957,247.85,112.5,2.6,8.2,0.4539,High Coverage,Stable
2026-05-19,34042,19,2791,146.89,98.15,3.63,4.74,0.6682,High Coverage,Moderate
2026-05-19,34043,17,3203,188.41,114.5,3.59,4.18,0.6077,Medium Coverage,Moderate
2026-05-19,34540,18,1885,104.72,43.13,2.33,3.89,0.4119,High Coverage,Stable
2026-05-19,34541,18,2357,130.94,55.66,2.39,3.94,0.425,High Coverage,Stable
2026-05-19,34542,23,10818,470.35,221.38,5.0,11.22,0.4707,High Coverage,Stable
2026-05-19,34543,23,8869,385.61,240.57,4.26,9.83,0.6239,High Coverage,Moderate
2026-05-19,36799,21,3627,172.71,122.97,5.62,5.95,0.712,High Coverage,Moderate
2026-05-19,37807,23,25158,1093.83,723.46,12.35,21.3,0.6614,High Coverage,Moderate
2026-05-19,37808,23,17194,747.57,390.34,8.0,15.61,0.5221,High Coverage,Moderate
2026-05-19,37809,21,13777,656.05,326.36,6.76,13.86,0.4975,High Coverage,Stable
2026-05-19,37810,22,39005,1772.95,1271.83,18.68,32.23,0.7173,High Coverage,Moderate
2026-05-19,38311,23,12805,556.74,298.4,6.17,12.74,0.536,High Coverage,Moderate
2026-05-19,39304,18,3758,208.78,119.63,2.94,6.78,0.573,High Coverage,Moderate
2026-05-19,39305,11,8558,778.0,517.73,9.91,15.73,0.6655,Medium Coverage,Moderate
2026-05-19,39307,21,6474,308.29,189.79,3.33,11.62,0.6156,High Coverage,Moderate
2026-05-19,40855,23,5338,232.09,94.49,2.39,6.26,0.4071,High Coverage,Stable
2026-05-19,45596,14,2578,184.14,80.71,1.93,4.93,0.4383,Medium Coverage,Stable
2026-05-19,46099,20,3469,173.45,84.87,2.9,8.15,0.4893,High Coverage,Stable
2026-05-19,46604,22,18733,851.5,398.2,8.95,18.45,0.4676,High Coverage,Stable
2026-05-19,48855,15,2624,174.93,67.82,2.07,5.27,0.3877,Medium Coverage,Stable
2026-05-19,6612,22,15315,696.14,365.69,6.95,15.05,0.5253,High Coverage,Moderate
2026-05-19,6613,23,15615,678.91,380.78,6.83,12.39,0.5609,High Coverage,Moderate
2026-05-19,6614,20,18478,923.9,514.12,9.6,15.2,0.5565,High Coverage,Moderate
2026-05-19,6615,22,11730,533.18,358.5,10.14,15.36,0.6724,High Coverage,Moderate
2026-05-19,6616,21,11606,552.67,341.28,10.57,16.19,0.6175,High Coverage,Moderate
2026-05-19,6617,21,22940,1092.38,534.21,11.14,16.71,0.489,High Coverage,Stable
2026-05-19,6618,23,15252,663.13,346.29,6.52,12.78,0.5222,High Coverage,Moderate
2026-05-19,6619,23,22278,968.61,585.61,9.78,18.39,0.6046,High Coverage,Moderate
2026-05-19,6620,23,17178,746.87,375.49,7.65,13.78,0.5027,High Coverage,Moderate
2026-05-19,6621,23,8007,348.13,191.19,6.3,8.74,0.5492,High Coverage,Moderate
2026-05-19,6622,23,34468,1498.61,995.16,15.48,21.96,0.6641,High Coverage,Moderate
2026-05-19,6623,22,13881,630.95,318.44,6.36,11.95,0.5047,High Coverage,Moderate
2026-05-19,6624,23,25266,1098.52,651.57,11.04,18.26,0.5931,High Coverage,Moderate
2026-05-19,6625,23,19520,848.7,444.08,8.48,15.26,0.5233,High Coverage,Moderate
2026-05-19,6626,22,18070,821.36,471.38,8.45,15.91,0.5739,High Coverage,Moderate
2026-05-19,6627,20,29961,1498.05,914.76,15.75,22.95,0.6106,High Coverage,Moderate
2026-05-19,6628,22,8443,383.77,226.5,6.23,7.86,0.5902,High Coverage,Moderate
2026-05-19,6629,19,5738,302.0,155.64,4.26,7.32,0.5154,High Coverage,Moderate
2026-05-19,6630,22,10930,496.82,243.64,5.23,10.5,0.4904,High Coverage,Stable
2026-05-19,6631,19,3694,194.42,103.96,3.26,6.58,0.5347,High Coverage,Moderate
2026-05-19,6633,24,14219,592.46,307.06,6.13,11.75,0.5183,High Coverage,Moderate
2026-05-19,6635,14,7964,568.86,375.11,6.79,12.07,0.6594,Medium Coverage,Moderate
2026-05-19,6636,21,40522,1929.62,1316.39,20.48,31.48,0.6822,High Coverage,Moderate
2026-05-19,6637,23,8628,375.13,192.02,6.35,8.96,0.5119,High Coverage,Moderate
2026-05-19,6638,19,10576,556.63,316.26,6.0,11.32,0.5682,High Coverage,Moderate
2026-05-19,6641,23,43439,1888.65,1486.94,19.91,35.13,0.7873,High Coverage,Moderate
2026-05-19,6642,23,21021,913.96,572.98,9.57,16.3,0.6269,High Coverage,Moderate
2026-05-19,6643,21,7549,359.48,223.68,4.43,7.0,0.6222,High Coverage,Moderate
2026-05-19,6644,21,7255,345.48,244.7,4.52,8.67,0.7083,High Coverage,Moderate
2026-05-19,6645,23,12581,547.0,338.02,6.04,12.7,0.618,High Coverage,Moderate
2026-05-19,6646,23,10327,449.0,278.71,5.0,7.7,0.6207,High Coverage,Moderate
2026-05-19,6647,21,6497,309.38,149.66,3.9,8.52,0.4838,High Coverage,Stable
2026-05-19,6648,20,10693,534.65,387.66,6.45,10.6,0.7251,High Coverage,Moderate
2026-05-19,6649,23,13710,596.09,377.72,7.0,12.74,0.6337,High Coverage,Moderate
2026-05-19,6650,20,8086,404.3,238.63,6.5,8.4,0.5902,High Coverage,Moderate
2026-05-19,6651,21,18197,866.52,546.69,11.14,18.81,0.6309,High Coverage,Moderate
2026-05-19,6652,19,5671,298.47,97.2,4.42,6.0,0.3257,High Coverage,Stable
2026-05-19,6654,22,5937,269.86,134.02,4.23,5.64,0.4966,High Coverage,Stable
2026-05-19,6656,15,2699,179.93,86.11,1.87,6.2,0.4785,Medium Coverage,Stable
2026-05-19,6657,21,13419,639.0,352.81,7.43,11.19,0.5521,High Coverage,Moderate
2026-05-19,6658,20,6951,347.55,175.22,3.55,10.5,0.5042,High Coverage,Moderate
2026-05-19,6659,21,4391,209.1,83.79,2.48,5.24,0.4008,High Coverage,Stable
2026-05-19,6660,21,7577,360.81,239.05,4.95,7.52,0.6625,High Coverage,Moderate
2026-05-19,6661,20,7207,360.35,213.4,5.9,8.0,0.5922,High Coverage,Moderate
2026-05-19,6662,20,7010,350.5,194.19,4.3,8.5,0.554,High Coverage,Moderate
2026-05-19,6663,20,5881,294.05,132.51,4.0,6.75,0.4506,High Coverage,Stable
2026-05-19,6664,21,6414,305.43,140.38,4.19,5.86,0.4596,High Coverage,Stable
2026-05-19,6665,19,5439,286.26,99.61,3.11,6.16,0.348,High Coverage,Stable
2026-05-19,6666,21,9349,445.19,268.37,6.1,7.76,0.6028,High Coverage,Moderate
2026-05-19,6667,22,18957,861.68,463.64,8.82,13.77,0.5381,High Coverage,Moderate
2026-05-19,6668,20,4457,222.85,88.76,3.35,5.3,0.3983,High Coverage,Stable
2026-05-19,6672,16,9766,610.38,350.58,8.0,11.06,0.5744,Medium Coverage,Moderate
2026-05-19,6673,22,8674,394.27,286.31,5.86,7.55,0.7262,High Coverage,Moderate
2026-05-19,6674,20,3432,171.6,75.77,3.4,4.95,0.4415,High Coverage,Stable
2026-05-19,6675,19,2996,157.68,103.98,2.58,4.89,0.6594,High Coverage,Moderate
2026-05-19,6676,21,5885,280.24,156.69,4.57,6.76,0.5591,High Coverage,Moderate
2026-05-19,6677,20,6037,301.85,175.87,4.45,7.3,0.5826,High Coverage,Moderate
2026-05-19,6678,21,4891,232.9,145.5,3.52,5.71,0.6247,High Coverage,Moderate
2026-05-19,6679,19,6549,344.68,172.38,4.79,6.63,0.5001,High Coverage,Moderate
2026-05-19,6680,18,5591,310.61,179.87,5.39,7.89,0.5791,High Coverage,Moderate
2026-05-19,6682,20,18132,906.6,501.4,10.1,16.75,0.5531,High Coverage,Moderate
2026-05-19,6683,10,2755,275.5,202.04,4.7,5.2,0.7333,Medium Coverage,Moderate
2026-05-19,6685,20,6608,330.4,232.08,6.05,7.1,0.7024,High Coverage,Moderate
2026-05-19,6686,8,924,115.5,62.02,2.13,2.25,0.5369,Low Coverage,Moderate
2026-05-19,6687,21,22185,1056.43,640.91,12.52,20.62,0.6067,High Coverage,Moderate
2026-05-19,6688,19,2810,147.89,82.01,2.95,4.21,0.5545,High Coverage,Moderate
2026-05-19,6689,18,2458,136.56,65.87,2.72,3.11,0.4824,High Coverage,Stable
2026-05-19,6690,18,3440,191.11,134.66,3.22,4.39,0.7046,High Coverage,Moderate
2026-05-19,6691,18,2741,152.28,120.72,2.44,3.78,0.7928,High Coverage,Moderate
2026-05-19,6692,21,9983,475.38,228.05,4.71,8.62,0.4797,High Coverage,Stable
2026-05-19,6693,21,10017,477.0,289.67,4.95,9.62,0.6073,High Coverage,Moderate
2026-05-19,6698,20,12203,610.15,330.19,6.4,10.45,0.5412,High Coverage,Moderate
2026-05-19,6699,11,2688,244.36,112.85,3.73,4.18,0.4618,Medium Coverage,Stable
2026-05-19,6700,21,7600,361.9,181.7,4.62,7.48,0.5021,High Coverage,Moderate
2026-05-19,6701,20,3875,193.75,123.58,3.05,4.6,0.6379,High Coverage,Moderate
2026-05-19,6702,19,5675,298.68,164.53,4.53,6.26,0.5508,High Coverage,Moderate
2026-05-19,6703,22,16172,735.09,325.65,7.86,14.73,0.443,High Coverage,Stable
2026-05-19,6704,23,16503,717.52,479.52,9.7,12.35,0.6683,High Coverage,Moderate
2026-05-19,6705,24,31043,1293.46,835.1,14.38,20.88,0.6456,High Coverage,Moderate
2026-05-19,6706,22,19553,888.77,484.72,8.59,17.5,0.5454,High Coverage,Moderate
2026-05-19,6707,21,10006,476.48,299.68,6.9,9.52,0.6289,High Coverage,Moderate
2026-05-19,6708,20,7406,370.3,206.93,6.25,8.4,0.5588,High Coverage,Moderate
2026-05-19,6709,19,5207,274.05,195.82,4.42,5.42,0.7145,High Coverage,Moderate
2026-05-19,6710,11,1299,118.09,81.98,2.09,2.45,0.6943,Medium Coverage,Moderate
2026-05-19,6712,21,25506,1214.57,669.41,14.81,20.52,0.5511,High Coverage,Moderate
2026-05-19,6713,22,8716,396.18,228.24,4.36,8.73,0.5761,High Coverage,Moderate
2026-05-19,6714,19,12819,674.68,418.44,8.26,11.42,0.6202,High Coverage,Moderate
2026-05-19,6715,23,17653,767.52,450.78,7.87,13.43,0.5873,High Coverage,Moderate
2026-05-19,6716,13,3035,233.46,146.43,3.69,3.85,0.6272,Medium Coverage,Moderate
2026-05-19,6717,9,2740,304.44,228.13,4.44,4.44,0.7493,Low Coverage,Moderate
2026-05-19,6718,7,853,121.86,33.04,2.29,2.43,0.2712,Low Coverage,Stable
2026-05-19,6719,8,1205,150.63,91.74,2.75,2.75,0.6091,Low Coverage,Moderate
2026-05-19,6720,11,3506,318.73,166.48,3.64,5.36,0.5223,Medium Coverage,Moderate
2026-05-19,6721,10,2577,257.7,152.13,4.2,4.2,0.5903,Medium Coverage,Moderate
2026-05-19,6722,23,8789,382.13,213.21,4.22,9.22,0.5579,High Coverage,Moderate
2026-05-19,6723,22,6904,313.82,202.55,3.55,7.55,0.6454,High Coverage,Moderate
2026-05-19,6724,23,11680,507.83,286.72,5.39,9.78,0.5646,High Coverage,Moderate
2026-05-19,6725,22,5080,230.91,118.25,2.77,5.32,0.5121,High Coverage,Moderate
2026-05-19,6726,20,7543,377.15,182.0,4.3,6.65,0.4826,High Coverage,Stable
2026-05-19,6727,23,11397,495.52,284.27,5.83,8.39,0.5737,High Coverage,Moderate
2026-05-19,6728,23,24607,1069.87,632.98,11.78,18.17,0.5916,High Coverage,Moderate
2026-05-19,6730,20,16168,808.4,511.84,8.6,13.75,0.6331,High Coverage,Moderate
2026-05-19,6737,21,18032,858.67,571.1,10.24,13.33,0.6651,High Coverage,Moderate
2026-05-19,6738,21,20416,972.19,455.82,10.95,16.29,0.4689,High Coverage,Stable
2026-05-19,6739,11,2735,248.64,163.16,3.82,4.0,0.6562,Medium Coverage,Moderate
2026-05-19,6741,24,14200,591.67,374.92,7.5,10.42,0.6337,High Coverage,Moderate
2026-05-19,6742,10,1790,179.0,86.28,3.6,3.6,0.482,Medium Coverage,Stable
2026-05-19,6743,11,1453,132.09,106.13,2.55,3.64,0.8035,Medium Coverage,Moderate
2026-05-19,6744,8,1442,180.25,100.22,3.13,4.63,0.556,Low Coverage,Moderate
2026-05-19,6745,6,482,80.33,43.34,1.67,2.83,0.5395,Low Coverage,Moderate
2026-05-19,6746,3,374,124.67,64.69,2.33,5.0,0.5189,Low Coverage,Moderate
2026-05-19,6747,21,6015,286.43,174.28,3.38,5.29,0.6085,High Coverage,Moderate
2026-05-19,6748,21,16745,797.38,501.12,8.48,15.71,0.6285,High Coverage,Moderate
2026-05-19,6749,22,17033,774.23,397.04,8.5,13.27,0.5128,High Coverage,Moderate
2026-05-19,6754,4,233,58.25,38.16,1.0,1.0,0.6551,Low Coverage,Moderate
2026-05-19,6761,1,49,49.0,0.0,1.0,1.0,0.0,Low Coverage,Stable
2026-05-19,6762,3,141,47.0,19.29,1.0,1.0,0.4104,Low Coverage,Stable
2026-05-19,6776,17,1533,90.18,44.54,1.53,3.24,0.4939,Medium Coverage,Stable
2026-05-19,6779,15,1037,69.13,45.29,1.0,2.53,0.6551,Medium Coverage,Moderate
2026-05-19,6780,18,3164,175.78,113.53,2.61,6.0,0.6459,High Coverage,Moderate
2026-05-19,6790,20,2529,126.45,61.43,2.8,7.95,0.4858,High Coverage,Stable
2026-05-19,6796,20,3827,191.35,73.11,2.0,5.15,0.3821,High Coverage,Stable
2026-05-19,6799,20,3894,194.7,103.1,2.65,4.35,0.5295,High Coverage,Moderate
2026-05-19,6800,18,3710,206.11,88.21,2.67,4.22,0.428,High Coverage,Stable
2026-05-19,6804,15,982,65.47,38.53,1.0,1.4,0.5885,Medium Coverage,Moderate
2026-05-19,6805,14,907,64.79,47.26,1.29,1.79,0.7295,Medium Coverage,Moderate
2026-05-19,6806,20,4438,221.9,116.67,2.65,6.9,0.5258,High Coverage,Moderate
2026-05-19,6811,18,1858,103.22,32.56,1.44,4.5,0.3154,High Coverage,Stable
2026-05-19,6817,19,6181,325.32,194.82,4.53,8.47,0.5989,High Coverage,Moderate
2026-05-19,6818,20,4508,225.4,127.58,2.75,5.3,0.566,High Coverage,Moderate
2026-05-19,6819,21,12924,615.43,414.32,6.95,12.67,0.6732,High Coverage,Moderate
2026-05-19,6821,21,13499,642.81,362.52,6.81,12.52,0.564,High Coverage,Moderate
2026-05-19,6822,18,8028,446.0,262.58,4.83,8.44,0.5887,High Coverage,Moderate
2026-05-19,6823,13,1048,80.62,47.23,1.38,3.85,0.5859,Medium Coverage,Moderate
2026-05-19,6825,12,1136,94.67,37.8,1.17,4.08,0.3993,Medium Coverage,Stable
2026-05-19,6827,14,2601,185.79,79.93,2.57,6.5,0.4302,Medium Coverage,Stable
2026-05-19,6828,15,2712,180.8,91.64,2.0,4.07,0.5069,Medium Coverage,Moderate
2026-05-19,6829,12,1970,164.17,87.65,1.83,3.83,0.5339,Medium Coverage,Moderate
2026-05-19,6830,5,1601,320.2,130.09,3.6,5.2,0.4063,Low Coverage,Stable
2026-05-19,6831,3,408,136.0,95.54,2.0,3.33,0.7025,Low Coverage,Moderate
2026-05-19,6833,3,439,146.33,96.97,2.0,3.33,0.6626,Low Coverage,Moderate
2026-05-19,6834,6,2188,364.67,227.71,4.83,5.33,0.6244,Low Coverage,Moderate
2026-05-19,6835,4,649,162.25,129.42,2.25,3.0,0.7977,Low Coverage,Moderate
2026-05-19,6836,3,448,149.33,76.35,2.0,3.33,0.5113,Low Coverage,Moderate
2026-05-19,6837,5,1315,263.0,138.19,2.8,4.8,0.5254,Low Coverage,Moderate
2026-05-19,6838,5,1582,316.4,111.33,3.2,5.4,0.3519,Low Coverage,Stable
2026-05-19,6840,3,598,199.33,111.05,2.0,3.0,0.5571,Low Coverage,Moderate
2026-05-19,6841,7,3159,451.29,165.99,5.0,6.71,0.3678,Low Coverage,Stable
2026-05-19,6843,14,834,59.57,32.48,1.64,2.43,0.5452,Medium Coverage,Moderate
2026-05-19,6844,13,931,71.62,32.64,1.38,2.23,0.4558,Medium Coverage,Stable
2026-05-19,7224,18,10074,559.67,314.23,6.39,9.61,0.5615,High Coverage,Moderate
2026-05-19,7321,21,8683,413.48,206.54,5.52,7.0,0.4995,High Coverage,Stable
2026-05-19,7322,16,982,61.38,31.04,1.44,3.38,0.5057,Medium Coverage,Moderate
2026-05-19,8289,2,94,47.0,7.07,2.0,2.0,0.1504,Low Coverage,Stable
2026-05-19,8290,21,6915,329.29,173.69,5.29,6.81,0.5275,High Coverage,Moderate
2026-05-19,9745,12,3523,293.58,165.62,4.33,7.17,0.5641,Medium Coverage,Moderate
2026-05-20,10232,15,1610,107.33,36.87,1.53,2.8,0.3435,Medium Coverage,Stable
2026-05-20,11201,20,15368,768.4,412.75,7.85,12.9,0.5372,High Coverage,Moderate
2026-05-20,11692,22,14326,651.18,381.45,8.27,10.36,0.5858,High Coverage,Moderate
2026-05-20,11693,19,10486,551.89,225.97,6.21,8.32,0.4094,High Coverage,Stable
2026-05-20,11696,21,7342,349.62,114.67,4.33,6.57,0.328,High Coverage,Stable
2026-05-20,12940,21,6774,322.57,141.22,3.95,6.0,0.4378,High Coverage,Stable
2026-05-20,13684,13,2249,173.0,65.14,1.92,5.08,0.3765,Medium Coverage,Stable
2026-05-20,16717,8,2466,308.25,188.86,3.38,5.75,0.6127,Low Coverage,Moderate
2026-05-20,16718,24,24738,1030.75,612.12,10.33,16.5,0.5939,High Coverage,Moderate
2026-05-20,16719,22,3265,148.41,75.88,1.95,3.91,0.5113,High Coverage,Moderate
2026-05-20,17707,19,6960,366.32,130.52,5.21,9.89,0.3563,High Coverage,Stable
2026-05-20,18213,6,460,76.67,46.98,1.67,2.0,0.6127,Low Coverage,Moderate
2026-05-20,18705,21,12055,574.05,314.08,6.57,9.48,0.5471,High Coverage,Moderate
2026-05-20,20667,20,7807,390.35,201.77,4.0,9.8,0.5169,High Coverage,Moderate
2026-05-20,22638,23,8958,389.48,198.79,5.3,7.96,0.5104,High Coverage,Moderate
2026-05-20,22639,17,3054,179.65,70.02,2.06,4.82,0.3898,Medium Coverage,Stable
2026-05-20,23384,23,33564,1459.3,817.18,15.22,21.83,0.56,High Coverage,Moderate
2026-05-20,29038,22,14664,666.55,379.46,9.18,11.55,0.5693,High Coverage,Moderate
2026-05-20,29039,2,83,41.5,9.19,1.0,1.0,0.2215,Low Coverage,Stable
2026-05-20,29040,2,75,37.5,16.26,1.0,1.0,0.4337,Low Coverage,Stable
2026-05-20,30036,20,3251,162.55,85.64,1.8,6.85,0.5269,High Coverage,Moderate
2026-05-20,30037,22,4089,185.86,117.57,5.27,5.82,0.6326,High Coverage,Moderate
2026-05-20,30038,21,5777,275.1,174.65,6.14,6.9,0.6349,High Coverage,Moderate
2026-05-20,30039,21,6583,313.48,183.86,6.38,6.9,0.5865,High Coverage,Moderate
2026-05-20,30040,23,6637,288.57,192.84,5.83,6.52,0.6683,High Coverage,Moderate
2026-05-20,30041,11,2788,253.45,198.56,3.36,6.36,0.7834,Medium Coverage,Moderate
2026-05-20,30043,22,9201,418.23,196.02,6.0,9.36,0.4687,High Coverage,Stable
2026-05-20,30044,20,2301,115.05,52.89,1.9,3.75,0.4597,High Coverage,Stable
2026-05-20,30045,17,4492,264.24,98.41,4.12,5.76,0.3724,Medium Coverage,Stable
2026-05-20,30046,23,9546,415.04,193.34,5.87,8.35,0.4658,High Coverage,Stable
2026-05-20,30047,20,3798,189.9,103.91,4.75,6.0,0.5472,High Coverage,Moderate
2026-05-20,30048,20,3014,150.7,83.22,4.1,6.1,0.5522,High Coverage,Moderate
2026-05-20,30049,19,4763,250.68,135.21,4.37,7.47,0.5394,High Coverage,Moderate
2026-05-20,30050,20,4624,231.2,103.88,3.85,7.3,0.4493,High Coverage,Stable
2026-05-20,30051,19,2123,111.74,41.73,2.58,4.21,0.3735,High Coverage,Stable
2026-05-20,30055,20,10241,512.05,197.16,4.95,13.8,0.385,High Coverage,Stable
2026-05-20,30584,19,3449,181.53,68.36,3.21,5.26,0.3766,High Coverage,Stable
2026-05-20,31816,16,2995,187.19,84.0,3.56,5.06,0.4488,Medium Coverage,Stable
2026-05-20,31817,16,3133,195.81,70.7,3.63,4.63,0.361,Medium Coverage,Stable
2026-05-20,31818,14,1333,95.21,34.74,2.07,4.0,0.3649,Medium Coverage,Stable
2026-05-20,31819,19,5482,288.53,85.59,2.79,6.16,0.2967,High Coverage,Stable
2026-05-20,31821,18,2437,135.39,72.82,2.33,4.5,0.5379,High Coverage,Moderate
2026-05-20,31822,17,2625,154.41,86.88,2.24,4.76,0.5626,Medium Coverage,Moderate
2026-05-20,32799,23,10259,446.04,210.33,5.3,11.17,0.4716,High Coverage,Stable
2026-05-20,33292,21,6524,310.67,166.48,5.52,7.33,0.5359,High Coverage,Moderate
2026-05-20,33538,20,5124,256.2,99.77,2.6,8.3,0.3894,High Coverage,Stable
2026-05-20,34042,18,2877,159.83,88.32,3.89,4.94,0.5526,High Coverage,Moderate
2026-05-20,34043,17,3296,193.88,100.3,3.88,4.59,0.5173,Medium Coverage,Moderate
2026-05-20,34540,19,2021,106.37,37.94,2.37,3.89,0.3567,High Coverage,Stable
2026-05-20,34541,18,2497,138.72,50.69,2.44,3.94,0.3654,High Coverage,Stable
2026-05-20,34542,23,10906,474.17,193.4,5.09,11.13,0.4079,High Coverage,Stable
2026-05-20,34543,23,9274,403.22,224.61,4.39,10.0,0.557,High Coverage,Moderate
2026-05-20,36799,22,4137,188.05,142.3,5.41,5.86,0.7567,High Coverage,Moderate
2026-05-20,37807,23,27280,1186.09,740.67,12.74,21.48,0.6245,High Coverage,Moderate
2026-05-20,37808,22,17898,813.55,335.35,8.27,16.86,0.4122,High Coverage,Stable
2026-05-20,37809,20,14110,705.5,252.29,7.1,14.85,0.3576,High Coverage,Stable
2026-05-20,37810,22,40914,1859.73,1246.23,19.32,33.59,0.6701,High Coverage,Moderate
2026-05-20,38311,22,13494,613.36,254.5,6.5,13.82,0.4149,High Coverage,Stable
2026-05-20,39304,18,3789,210.5,117.68,3.0,6.78,0.559,High Coverage,Moderate
2026-05-20,39305,14,10330,737.86,519.15,9.14,13.43,0.7036,Medium Coverage,Moderate
2026-05-20,39307,21,6589,313.76,168.9,3.24,11.71,0.5383,High Coverage,Moderate
2026-05-20,40855,24,5447,226.96,89.17,2.29,6.25,0.3929,High Coverage,Stable
2026-05-20,45596,14,2753,196.64,56.32,2.0,5.29,0.2864,Medium Coverage,Stable
2026-05-20,46099,20,3775,188.75,78.71,2.95,8.4,0.417,High Coverage,Stable
2026-05-20,46604,22,19629,892.23,352.01,9.0,19.05,0.3945,High Coverage,Stable
2026-05-20,48855,15,2724,181.6,47.08,2.0,5.4,0.2593,Medium Coverage,Stable
2026-05-20,6612,21,15280,727.62,302.81,7.19,15.38,0.4162,High Coverage,Stable
2026-05-20,6613,23,17168,746.43,328.75,7.39,13.78,0.4404,High Coverage,Stable
2026-05-20,6614,21,19948,949.9,528.36,9.38,15.14,0.5562,High Coverage,Moderate
2026-05-20,6615,22,12152,552.36,346.27,10.27,15.41,0.6269,High Coverage,Moderate
2026-05-20,6616,22,11165,507.5,324.55,9.95,14.77,0.6395,High Coverage,Moderate
2026-05-20,6617,21,24166,1150.76,491.23,11.33,17.0,0.4269,High Coverage,Stable
2026-05-20,6618,23,15925,692.39,295.68,6.78,13.26,0.427,High Coverage,Stable
2026-05-20,6619,24,21794,908.08,528.75,8.92,16.88,0.5823,High Coverage,Moderate
2026-05-20,6620,24,17762,740.08,363.65,7.63,13.71,0.4914,High Coverage,Stable
2026-05-20,6621,23,8059,350.39,163.45,6.13,8.65,0.4665,High Coverage,Stable
2026-05-20,6622,23,35395,1538.91,925.44,15.35,22.0,0.6014,High Coverage,Moderate
2026-05-20,6623,22,14310,650.45,278.06,6.41,12.23,0.4275,High Coverage,Stable
2026-05-20,6624,23,26736,1162.43,607.23,11.39,18.96,0.5224,High Coverage,Moderate
2026-05-20,6625,23,20171,877.0,357.16,8.87,16.04,0.4072,High Coverage,Stable
2026-05-20,6626,23,18751,815.26,460.41,8.13,15.48,0.5647,High Coverage,Moderate
2026-05-20,6627,21,30802,1466.76,879.33,15.19,22.19,0.5995,High Coverage,Moderate
2026-05-20,6628,23,8752,380.52,234.01,6.13,7.96,0.615,High Coverage,Moderate
2026-05-20,6629,21,5922,282.0,158.55,3.95,6.57,0.5622,High Coverage,Moderate
2026-05-20,6630,23,11173,485.78,227.92,5.17,9.91,0.4692,High Coverage,Stable
2026-05-20,6631,21,3637,173.19,110.92,2.9,5.76,0.6404,High Coverage,Moderate
2026-05-20,6633,24,14320,596.67,268.55,6.08,11.58,0.4501,High Coverage,Stable
2026-05-20,6635,14,8754,625.29,356.58,7.14,12.93,0.5703,Medium Coverage,Moderate
2026-05-20,6636,21,42785,2037.38,1253.56,20.9,32.71,0.6153,High Coverage,Moderate
2026-05-20,6637,23,8645,375.87,173.43,6.26,8.91,0.4614,High Coverage,Stable
2026-05-20,6638,19,11295,594.47,297.94,6.11,12.05,0.5012,High Coverage,Moderate
2026-05-20,6641,23,46623,2027.09,1442.69,20.48,36.74,0.7117,High Coverage,Moderate
2026-05-20,6642,24,22643,943.46,578.29,9.79,16.75,0.6129,High Coverage,Moderate
2026-05-20,6643,21,7634,363.52,187.07,4.52,7.0,0.5146,High Coverage,Moderate
2026-05-20,6644,21,7824,372.57,240.5,4.67,9.05,0.6455,High Coverage,Moderate
2026-05-20,6645,23,13221,574.83,307.79,6.43,13.57,0.5354,High Coverage,Moderate
2026-05-20,6646,23,10998,478.17,252.38,5.39,8.35,0.5278,High Coverage,Moderate
2026-05-20,6647,24,6842,285.08,149.26,3.79,8.04,0.5236,High Coverage,Moderate
2026-05-20,6648,19,10834,570.21,359.9,6.84,11.32,0.6312,High Coverage,Moderate
2026-05-20,6649,23,14298,621.65,349.34,7.04,13.09,0.562,High Coverage,Moderate
2026-05-20,6650,21,8740,416.19,245.54,6.52,8.43,0.59,High Coverage,Moderate
2026-05-20,6651,22,19078,867.18,525.43,10.59,18.09,0.6059,High Coverage,Moderate
2026-05-20,6652,22,6020,273.64,126.21,4.18,5.64,0.4612,High Coverage,Stable
2026-05-20,6654,22,6237,283.5,113.15,4.32,5.86,0.3991,High Coverage,Stable
2026-05-20,6656,16,2902,181.38,81.8,1.88,6.31,0.451,Medium Coverage,Stable
2026-05-20,6657,21,14036,668.38,310.25,7.52,11.71,0.4642,High Coverage,Stable
2026-05-20,6658,22,7312,332.36,168.39,3.41,10.05,0.5066,High Coverage,Moderate
2026-05-20,6659,23,4848,210.78,78.64,2.52,5.3,0.3731,High Coverage,Stable
2026-05-20,6660,20,7807,390.35,213.92,5.2,8.0,0.548,High Coverage,Moderate
2026-05-20,6661,19,7359,387.32,183.77,6.37,8.58,0.4745,High Coverage,Stable
2026-05-20,6662,22,7374,335.18,180.23,3.95,8.23,0.5377,High Coverage,Moderate
2026-05-20,6663,21,6160,293.33,139.29,4.0,6.86,0.4748,High Coverage,Stable
2026-05-20,6664,21,6799,323.76,105.98,4.29,5.95,0.3273,High Coverage,Stable
2026-05-20,6665,20,5788,289.4,96.49,3.1,6.0,0.3334,High Coverage,Stable
2026-05-20,6666,23,10014,435.39,260.0,5.83,7.57,0.5972,High Coverage,Moderate
2026-05-20,6667,23,20589,895.17,427.47,9.09,14.09,0.4775,High Coverage,Stable
2026-05-20,6668,22,4726,214.82,75.94,3.05,5.09,0.3535,High Coverage,Stable
2026-05-20,6672,16,10250,640.63,324.09,8.0,10.94,0.5059,Medium Coverage,Moderate
2026-05-20,6673,22,8683,394.68,281.21,5.82,7.23,0.7125,High Coverage,Moderate
2026-05-20,6674,21,3693,175.86,75.85,3.43,4.95,0.4313,High Coverage,Stable
2026-05-20,6675,19,2835,149.21,85.94,2.68,4.63,0.5759,High Coverage,Moderate
2026-05-20,6676,23,7301,317.43,203.53,4.87,7.26,0.6412,High Coverage,Moderate
2026-05-20,6677,21,6132,292.0,154.91,4.33,7.1,0.5305,High Coverage,Moderate
2026-05-20,6678,21,5188,247.05,136.6,3.95,6.33,0.5529,High Coverage,Moderate
2026-05-20,6679,19,7032,370.11,162.05,4.95,6.63,0.4378,High Coverage,Stable
2026-05-20,6680,19,5726,301.37,154.79,5.16,7.68,0.5136,High Coverage,Moderate
2026-05-20,6682,22,19772,898.73,510.38,9.5,15.82,0.5679,High Coverage,Moderate
2026-05-20,6683,10,2770,277.0,197.72,4.6,5.1,0.7138,Medium Coverage,Moderate
2026-05-20,6685,22,7122,323.73,225.53,5.77,6.86,0.6967,High Coverage,Moderate
2026-05-20,6686,8,937,117.13,58.45,2.25,2.38,0.499,Low Coverage,Stable
2026-05-20,6687,21,23343,1111.57,610.5,12.52,21.1,0.5492,High Coverage,Moderate
2026-05-20,6688,18,2903,161.28,66.3,3.17,4.5,0.4111,High Coverage,Stable
2026-05-20,6689,18,2443,135.72,62.2,2.78,3.28,0.4583,High Coverage,Stable
2026-05-20,6690,18,3464,192.44,128.13,3.06,4.33,0.6658,High Coverage,Moderate
2026-05-20,6691,18,2862,159.0,111.05,2.61,4.0,0.6984,High Coverage,Moderate
2026-05-20,6692,21,10483,499.19,191.43,5.05,8.86,0.3835,High Coverage,Stable
2026-05-20,6693,21,10553,502.52,249.2,5.05,9.76,0.4959,High Coverage,Stable
2026-05-20,6698,20,12961,648.05,318.35,6.4,10.6,0.4912,High Coverage,Stable
2026-05-20,6699,10,2695,269.5,94.26,4.0,4.5,0.3497,Medium Coverage,Stable
2026-05-20,6700,22,8554,388.82,155.32,4.73,7.73,0.3995,High Coverage,Stable
2026-05-20,6701,20,4002,200.1,120.39,2.95,4.5,0.6017,High Coverage,Moderate
2026-05-20,6702,19,5892,310.11,142.87,4.58,6.42,0.4607,High Coverage,Stable
2026-05-20,6703,23,17232,749.22,288.24,7.78,14.87,0.3847,High Coverage,Stable
2026-05-20,6704,24,17676,736.5,443.06,10.04,12.83,0.6016,High Coverage,Moderate
2026-05-20,6705,23,32764,1424.52,702.29,14.96,22.26,0.493,High Coverage,Stable
2026-05-20,6706,23,20555,893.7,435.78,8.78,17.74,0.4876,High Coverage,Stable
2026-05-20,6707,21,10225,486.9,266.39,7.14,9.86,0.5471,High Coverage,Moderate
2026-05-20,6708,20,7533,376.65,178.52,6.1,8.5,0.474,High Coverage,Stable
2026-05-20,6709,19,5609,295.21,195.42,4.47,5.53,0.662,High Coverage,Moderate
2026-05-20,6710,11,1425,129.55,72.13,2.18,2.64,0.5568,Medium Coverage,Moderate
2026-05-20,6712,22,26756,1216.18,619.77,14.45,20.18,0.5096,High Coverage,Moderate
2026-05-20,6713,22,9475,430.68,216.35,4.41,9.32,0.5023,High Coverage,Moderate
2026-05-20,6714,19,13750,723.68,391.27,8.53,11.84,0.5407,High Coverage,Moderate
2026-05-20,6715,23,18220,792.17,388.99,8.04,13.7,0.491,High Coverage,Stable
2026-05-20,6716,14,3093,220.93,154.16,3.64,3.71,0.6978,Medium Coverage,Moderate
2026-05-20,6717,9,2822,313.56,235.89,4.56,4.56,0.7523,Low Coverage,Moderate
2026-05-20,6718,9,885,98.33,53.89,2.0,2.11,0.548,Low Coverage,Moderate
2026-05-20,6719,8,1141,142.63,94.65,2.5,2.5,0.6636,Low Coverage,Moderate
2026-05-20,6720,12,3450,287.5,183.65,3.42,5.0,0.6388,Medium Coverage,Moderate
2026-05-20,6721,10,2511,251.1,140.17,4.2,4.2,0.5582,Medium Coverage,Moderate
2026-05-20,6722,23,9067,394.22,195.58,4.3,9.52,0.4961,High Coverage,Stable
2026-05-20,6723,23,7211,313.52,190.49,3.57,7.39,0.6076,High Coverage,Moderate
2026-05-20,6724,23,12349,536.91,262.89,5.48,10.09,0.4896,High Coverage,Stable
2026-05-20,6725,22,5288,240.36,104.45,2.73,5.59,0.4346,High Coverage,Stable
2026-05-20,6726,20,7653,382.65,166.07,4.25,6.75,0.434,High Coverage,Stable
2026-05-20,6727,23,11698,508.61,253.12,5.87,8.52,0.4977,High Coverage,Stable
2026-05-20,6728,23,24395,1060.65,580.64,11.65,17.74,0.5474,High Coverage,Moderate
2026-05-20,6730,21,16697,795.1,502.41,8.24,13.24,0.6319,High Coverage,Moderate
2026-05-20,6737,22,18382,835.55,537.04,9.82,12.86,0.6427,High Coverage,Moderate
2026-05-20,6738,23,22205,965.43,390.72,10.61,15.74,0.4047,High Coverage,Stable
2026-05-20,6739,11,2776,252.36,163.55,4.09,4.27,0.6481,Medium Coverage,Moderate
2026-05-20,6741,24,14614,608.92,349.8,7.67,10.79,0.5745,High Coverage,Moderate
2026-05-20,6742,10,1834,183.4,87.24,3.4,3.5,0.4757,Medium Coverage,Stable
2026-05-20,6743,11,1486,135.09,97.19,2.45,3.55,0.7194,Medium Coverage,Moderate
2026-05-20,6744,9,1447,160.78,103.64,2.89,4.11,0.6446,Low Coverage,Moderate
2026-05-20,6745,6,488,81.33,45.83,1.5,2.67,0.5635,Low Coverage,Moderate
2026-05-20,6746,3,365,121.67,69.35,2.33,5.0,0.57,Low Coverage,Moderate
2026-05-20,6747,21,6216,296.0,156.08,3.43,5.38,0.5273,High Coverage,Moderate
2026-05-20,6748,21,17096,814.1,449.43,8.52,15.9,0.5521,High Coverage,Moderate
2026-05-20,6749,24,18213,758.88,396.33,8.38,12.96,0.5223,High Coverage,Moderate
2026-05-20,6754,4,230,57.5,40.54,1.0,1.0,0.7051,Low Coverage,Moderate
2026-05-20,6761,1,45,45.0,0.0,1.0,1.0,0.0,Low Coverage,Stable
2026-05-20,6762,4,153,38.25,20.27,1.0,1.0,0.53,Low Coverage,Moderate
2026-05-20,6776,18,1583,87.94,40.62,1.5,3.0,0.4619,High Coverage,Stable
2026-05-20,6779,15,1541,102.73,28.46,1.0,2.67,0.277,Medium Coverage,Stable
2026-05-20,6780,18,3289,182.72,89.53,2.83,6.11,0.49,High Coverage,Stable
2026-05-20,6790,20,2466,123.3,55.54,2.85,8.15,0.4505,High Coverage,Stable
2026-05-20,6796,20,4061,203.05,60.11,2.0,5.25,0.2961,High Coverage,Stable
2026-05-20,6799,21,4027,191.76,99.65,2.52,4.24,0.5197,High Coverage,Moderate
2026-05-20,6800,18,3793,210.72,70.22,2.72,4.33,0.3332,High Coverage,Stable
2026-05-20,6804,14,1020,72.86,35.99,1.07,1.57,0.494,Medium Coverage,Stable
2026-05-20,6805,14,983,70.21,41.0,1.29,1.79,0.5839,Medium Coverage,Moderate
2026-05-20,6806,21,4533,215.86,107.75,2.67,6.71,0.4992,High Coverage,Stable
2026-05-20,6811,19,1964,103.37,23.09,1.37,4.53,0.2234,High Coverage,Stable
2026-05-20,6817,20,6522,326.1,184.37,4.45,8.35,0.5654,High Coverage,Moderate
2026-05-20,6818,20,4822,241.1,111.9,2.8,5.55,0.4641,High Coverage,Stable
2026-05-20,6819,21,13249,630.9,387.74,6.95,12.76,0.6146,High Coverage,Moderate
2026-05-20,6821,21,14189,675.67,335.21,6.9,13.0,0.4961,High Coverage,Stable
2026-05-20,6822,18,8225,456.94,244.9,4.78,8.44,0.536,High Coverage,Moderate
2026-05-20,6823,13,1120,86.15,37.18,1.38,4.15,0.4315,Medium Coverage,Stable
2026-05-20,6825,13,1283,98.69,30.29,1.08,4.0,0.3069,Medium Coverage,Stable
2026-05-20,6827,14,2773,198.07,62.5,2.43,6.43,0.3155,Medium Coverage,Stable
2026-05-20,6828,15,2873,191.53,83.93,2.0,4.2,0.4382,Medium Coverage,Stable
2026-05-20,6829,12,2024,168.67,81.86,1.83,3.83,0.4854,Medium Coverage,Stable
2026-05-20,6830,6,1571,261.83,168.06,3.17,4.5,0.6419,Low Coverage,Moderate
2026-05-20,6831,3,395,131.67,107.01,2.0,3.0,0.8127,Low Coverage,Moderate
2026-05-20,6833,3,577,192.33,108.81,2.33,3.67,0.5658,Low Coverage,Moderate
2026-05-20,6834,6,1918,319.67,180.33,4.0,4.5,0.5641,Low Coverage,Moderate
2026-05-20,6835,7,1771,253.0,204.41,3.14,4.57,0.808,Low Coverage,Moderate
2026-05-20,6836,3,431,143.67,83.34,2.0,3.33,0.5801,Low Coverage,Moderate
2026-05-20,6837,5,1067,213.4,169.99,3.2,3.8,0.7966,Low Coverage,Moderate
2026-05-20,6838,7,1745,249.29,177.81,3.29,4.71,0.7133,Low Coverage,Moderate
2026-05-20,6840,6,1325,220.83,157.96,2.67,4.33,0.7153,Low Coverage,Moderate
2026-05-20,6841,7,3163,451.86,238.53,5.14,6.57,0.5279,Low Coverage,Moderate
2026-05-20,6843,14,933,66.64,26.27,1.64,2.5,0.3942,Medium Coverage,Stable
2026-05-20,6844,13,864,66.46,17.66,1.38,2.23,0.2657,Medium Coverage,Stable
2026-05-20,7224,19,10616,558.74,303.0,6.16,9.32,0.5423,High Coverage,Moderate
2026-05-20,7321,21,9119,434.24,182.73,5.57,7.14,0.4208,High Coverage,Stable
2026-05-20,7322,16,967,60.44,29.96,1.44,3.25,0.4957,Medium Coverage,Stable
2026-05-20,8289,2,84,42.0,11.31,2.0,2.0,0.2694,Low Coverage,Stable
2026-05-20,8290,21,7211,343.38,164.37,5.43,7.0,0.4787,High Coverage,Stable
2026-05-20,9745,12,3697,308.08,159.51,4.67,7.5,0.5178,Medium Coverage,Moderate
2026-05-21,10232,16,1838,114.88,45.02,1.63,2.94,0.3919,Medium Coverage,Stable
2026-05-21,11201,20,15137,756.85,405.8,7.35,12.5,0.5362,High Coverage,Moderate
2026-05-21,11692,22,14973,680.59,364.36,8.41,10.73,0.5354,High Coverage,Moderate
2026-05-21,11693,19,10806,568.74,201.7,6.05,8.37,0.3546,High Coverage,Stable
2026-05-21,11696,21,7662,364.86,105.24,4.38,6.9,0.2884,High Coverage,Stable
2026-05-21,12940,21,7345,349.76,138.54,4.14,6.29,0.3961,High Coverage,Stable
2026-05-21,13684,13,2239,172.23,55.7,1.92,4.92,0.3234,Medium Coverage,Stable
2026-05-21,16717,8,2459,307.38,185.65,3.38,5.75,0.604,Low Coverage,Moderate
2026-05-21,16718,24,26641,1110.04,613.71,10.54,17.13,0.5529,High Coverage,Moderate
2026-05-21,16719,20,3338,166.9,67.89,2.05,4.15,0.4068,High Coverage,Stable
2026-05-21,17707,19,7346,386.63,112.75,5.42,10.53,0.2916,High Coverage,Stable
2026-05-21,18213,6,486,81.0,47.32,1.67,2.0,0.5841,Low Coverage,Moderate
2026-05-21,18705,20,12511,625.55,273.91,7.0,10.15,0.4379,High Coverage,Stable
2026-05-21,20667,20,7908,395.4,183.9,4.0,10.25,0.4651,High Coverage,Stable
2026-05-21,22638,23,9117,396.39,181.22,5.22,8.22,0.4572,High Coverage,Stable
2026-05-21,22639,17,3111,183.0,69.81,2.06,5.0,0.3815,Medium Coverage,Stable
2026-05-21,23384,22,35305,1604.77,729.81,16.0,23.18,0.4548,High Coverage,Stable
2026-05-21,29038,22,15437,701.68,363.83,9.05,11.55,0.5185,High Coverage,Moderate
2026-05-21,29039,2,100,50.0,26.87,1.0,1.0,0.5374,Low Coverage,Moderate
2026-05-21,29040,2,75,37.5,14.85,1.0,1.0,0.396,Low Coverage,Stable
2026-05-21,30036,20,3360,168.0,74.94,1.8,6.85,0.446,High Coverage,Stable
2026-05-21,30037,22,4257,193.5,102.99,5.41,6.23,0.5322,High Coverage,Moderate
2026-05-21,30038,21,5942,282.95,159.73,6.29,7.24,0.5645,High Coverage,Moderate
2026-05-21,30039,21,6778,322.76,175.49,6.33,6.95,0.5437,High Coverage,Moderate
2026-05-21,30040,23,6774,294.52,182.56,5.87,6.65,0.6199,High Coverage,Moderate
2026-05-21,30041,11,2304,209.45,175.14,2.73,5.18,0.8362,Medium Coverage,Moderate
2026-05-21,30043,22,9372,426.0,182.72,5.86,9.41,0.4289,High Coverage,Stable
2026-05-21,30044,20,2383,119.15,45.95,1.85,3.75,0.3856,High Coverage,Stable
2026-05-21,30045,17,4725,277.94,86.75,4.12,5.82,0.3121,Medium Coverage,Stable
2026-05-21,30046,24,10029,417.88,203.97,5.79,8.33,0.4881,High Coverage,Stable
2026-05-21,30047,20,3959,197.95,100.93,4.95,6.4,0.5099,High Coverage,Moderate
2026-05-21,30048,19,3117,164.05,65.63,4.32,6.47,0.4,High Coverage,Stable
2026-05-21,30049,19,5028,264.63,121.28,4.58,7.79,0.4583,High Coverage,Stable
2026-05-21,30050,20,4901,245.05,87.53,4.0,7.45,0.3572,High Coverage,Stable
2026-05-21,30051,19,2205,116.05,41.23,2.58,4.32,0.3552,High Coverage,Stable
2026-05-21,30055,20,10957,547.85,180.77,5.0,14.4,0.33,High Coverage,Stable
2026-05-21,30584,19,3647,191.95,64.25,3.16,5.37,0.3347,High Coverage,Stable
2026-05-21,31816,16,3291,205.69,78.64,3.81,5.44,0.3823,Medium Coverage,Stable
2026-05-21,31817,16,3283,205.19,55.65,3.81,4.94,0.2712,Medium Coverage,Stable
2026-05-21,31818,13,1487,114.38,11.15,2.38,4.62,0.0975,Medium Coverage,Stable
2026-05-21,31819,19,5627,296.16,74.69,2.79,6.37,0.2522,High Coverage,Stable
2026-05-21,31821,18,2563,142.39,65.62,2.28,4.56,0.4608,High Coverage,Stable
2026-05-21,31822,17,2705,159.12,74.97,2.24,5.0,0.4711,Medium Coverage,Stable
2026-05-21,32799,23,10838,471.22,212.67,5.26,11.52,0.4513,High Coverage,Stable
2026-05-21,33292,21,6840,325.71,160.59,5.86,7.81,0.493,High Coverage,Stable
2026-05-21,33538,20,5529,276.45,92.25,2.6,8.95,0.3337,High Coverage,Stable
2026-05-21,34042,18,3042,169.0,83.68,3.94,5.22,0.4951,High Coverage,Stable
2026-05-21,34043,17,3537,208.06,94.64,4.0,4.65,0.4549,Medium Coverage,Stable
2026-05-21,34540,19,2024,106.53,32.58,2.37,4.0,0.3058,High Coverage,Stable
2026-05-21,34541,18,2651,147.28,39.25,2.44,4.28,0.2665,High Coverage,Stable
2026-05-21,34542,23,11638,506.0,199.86,5.17,11.74,0.395,High Coverage,Stable
2026-05-21,34543,23,9687,421.17,213.59,4.48,10.52,0.5071,High Coverage,Moderate
2026-05-21,36799,22,4230,192.27,120.81,5.55,6.0,0.6283,High Coverage,Moderate
2026-05-21,37807,23,27212,1183.13,688.18,12.17,21.39,0.5817,High Coverage,Moderate
2026-05-21,37808,22,18657,848.05,310.77,8.27,17.14,0.3665,High Coverage,Stable
2026-05-21,37809,20,14761,738.05,218.86,7.1,15.15,0.2965,High Coverage,Stable
2026-05-21,37810,22,42911,1950.5,1190.57,19.27,34.32,0.6104,High Coverage,Moderate
2026-05-21,38311,23,14421,627.0,264.95,6.3,13.78,0.4226,High Coverage,Stable
2026-05-21,39304,18,4010,222.78,102.17,3.28,7.22,0.4586,High Coverage,Stable
2026-05-21,39305,11,8200,745.45,461.84,9.91,15.27,0.6195,Medium Coverage,Moderate
2026-05-21,39307,21,7071,336.71,169.12,3.29,12.62,0.5023,High Coverage,Moderate
2026-05-21,40855,24,5740,239.17,83.93,2.29,6.42,0.3509,High Coverage,Stable
2026-05-21,45596,14,2917,208.36,44.62,2.0,5.57,0.2141,Medium Coverage,Stable
2026-05-21,46099,20,3896,194.8,70.42,3.0,8.8,0.3615,High Coverage,Stable
2026-05-21,46604,22,20446,929.36,325.68,8.95,19.64,0.3504,High Coverage,Stable
2026-05-21,48855,15,3113,207.53,33.34,2.0,5.73,0.1607,Medium Coverage,Stable
2026-05-21,6612,21,16403,781.1,285.07,7.24,16.33,0.365,High Coverage,Stable
2026-05-21,6613,23,17961,780.91,323.58,7.35,14.13,0.4144,High Coverage,Stable
2026-05-21,6614,20,21182,1059.1,475.88,9.75,16.35,0.4493,High Coverage,Stable
2026-05-21,6615,22,13213,600.59,373.35,10.59,16.23,0.6216,High Coverage,Moderate
2026-05-21,6616,21,12082,575.33,276.02,10.9,16.24,0.4798,High Coverage,Stable
2026-05-21,6617,22,25492,1158.73,518.73,10.82,16.73,0.4477,High Coverage,Stable
2026-05-21,6618,24,17020,709.17,319.73,6.54,13.17,0.4509,High Coverage,Stable
2026-05-21,6619,23,24142,1049.65,525.28,9.96,19.26,0.5004,High Coverage,Moderate
2026-05-21,6620,23,18663,811.43,318.74,8.04,14.74,0.3928,High Coverage,Stable
2026-05-21,6621,23,8706,378.52,171.13,6.35,9.09,0.4521,High Coverage,Stable
2026-05-21,6622,23,37460,1628.7,915.44,15.48,22.52,0.5621,High Coverage,Moderate
2026-05-21,6623,22,15327,696.68,284.66,6.36,12.64,0.4086,High Coverage,Stable
2026-05-21,6624,23,28284,1229.74,611.45,11.39,19.22,0.4972,High Coverage,Stable
2026-05-21,6625,23,21750,945.65,362.82,8.83,16.3,0.3837,High Coverage,Stable
2026-05-21,6626,23,19260,837.39,431.63,7.96,15.43,0.5155,High Coverage,Moderate
2026-05-21,6627,21,32203,1533.48,838.28,15.0,22.62,0.5467,High Coverage,Moderate
2026-05-21,6628,22,8774,398.82,209.66,5.95,8.09,0.5257,High Coverage,Moderate
2026-05-21,6629,21,6774,322.57,149.29,4.29,7.76,0.4628,High Coverage,Stable
2026-05-21,6630,23,12181,529.61,237.8,5.13,10.83,0.449,High Coverage,Stable
2026-05-21,6631,20,3926,196.3,84.78,3.2,6.45,0.4319,High Coverage,Stable
2026-05-21,6633,24,15720,655.0,272.32,6.17,12.38,0.4158,High Coverage,Stable
2026-05-21,6635,14,8946,639.0,332.56,6.93,12.86,0.5204,Medium Coverage,Moderate
2026-05-21,6636,21,44996,2142.67,1220.6,21.05,33.9,0.5697,High Coverage,Moderate
2026-05-21,6637,23,9336,405.91,171.45,6.61,9.52,0.4224,High Coverage,Stable
2026-05-21,6638,19,12000,631.58,278.2,6.05,12.47,0.4405,High Coverage,Stable
2026-05-21,6641,23,48946,2128.09,1415.8,20.52,38.0,0.6653,High Coverage,Moderate
2026-05-21,6642,24,23790,991.25,536.34,9.92,17.29,0.5411,High Coverage,Moderate
2026-05-21,6643,21,8195,390.24,197.71,4.76,7.52,0.5067,High Coverage,Moderate
2026-05-21,6644,21,8079,384.71,227.79,4.76,9.24,0.5921,High Coverage,Moderate
2026-05-21,6645,23,13882,603.57,301.67,6.26,13.87,0.4998,High Coverage,Stable
2026-05-21,6646,22,11001,500.05,215.58,5.64,8.77,0.4311,High Coverage,Stable
2026-05-21,6647,23,7138,310.35,142.17,3.96,8.78,0.4581,High Coverage,Stable
2026-05-21,6648,19,10603,558.05,312.33,6.47,11.0,0.5597,High Coverage,Moderate
2026-05-21,6649,23,14959,650.39,333.47,7.13,13.57,0.5127,High Coverage,Moderate
2026-05-21,6650,21,9002,428.67,223.93,6.33,8.33,0.5224,High Coverage,Moderate
2026-05-21,6651,22,18203,827.41,467.36,9.86,17.36,0.5648,High Coverage,Moderate
2026-05-21,6652,21,6464,307.81,112.42,4.52,6.19,0.3652,High Coverage,Stable
2026-05-21,6654,22,6686,303.91,114.09,4.45,6.05,0.3754,High Coverage,Stable
2026-05-21,6656,16,3126,195.38,77.64,1.88,6.75,0.3974,Medium Coverage,Stable
2026-05-21,6657,21,15160,721.9,314.99,7.76,12.43,0.4363,High Coverage,Stable
2026-05-21,6658,22,7756,352.55,162.92,3.41,10.55,0.4621,High Coverage,Stable
2026-05-21,6659,23,5127,222.91,76.79,2.52,5.65,0.3445,High Coverage,Stable
2026-05-21,6660,20,8037,401.85,197.86,5.15,8.2,0.4924,High Coverage,Stable
2026-05-21,6661,19,7610,400.53,173.47,6.42,8.74,0.4331,High Coverage,Stable
2026-05-21,6662,22,7714,350.64,175.76,4.05,8.64,0.5013,High Coverage,Moderate
2026-05-21,6663,20,6352,317.6,109.2,4.15,7.4,0.3438,High Coverage,Stable
2026-05-21,6664,23,7284,316.7,130.66,4.09,5.78,0.4126,High Coverage,Stable
2026-05-21,6665,20,6090,304.5,85.56,3.05,6.3,0.281,High Coverage,Stable
2026-05-21,6666,23,10511,457.0,254.21,6.04,7.96,0.5562,High Coverage,Moderate
2026-05-21,6667,23,21934,953.65,432.77,9.09,14.61,0.4538,High Coverage,Stable
2026-05-21,6668,22,4998,227.18,68.51,3.27,5.41,0.3016,High Coverage,Stable
2026-05-21,6672,16,10640,665.0,279.11,8.25,11.38,0.4197,Medium Coverage,Stable
2026-05-21,6673,22,9930,451.36,280.35,6.36,8.14,0.6211,High Coverage,Moderate
2026-05-21,6674,21,3756,178.86,58.78,3.43,5.14,0.3286,High Coverage,Stable
2026-05-21,6675,19,3269,172.05,90.2,2.89,5.42,0.5243,High Coverage,Moderate
2026-05-21,6676,23,6963,302.74,147.51,4.65,7.3,0.4872,High Coverage,Stable
2026-05-21,6677,21,6327,301.29,137.3,4.48,7.33,0.4557,High Coverage,Stable
2026-05-21,6678,21,5529,263.29,128.85,4.05,6.62,0.4894,High Coverage,Stable
2026-05-21,6679,19,7279,383.11,146.9,5.05,7.0,0.3834,High Coverage,Stable
2026-05-21,6680,19,6616,348.21,178.46,5.63,8.58,0.5125,High Coverage,Moderate
2026-05-21,6682,22,21056,957.09,507.2,9.59,16.32,0.5299,High Coverage,Moderate
2026-05-21,6683,10,3332,333.2,187.43,5.3,5.8,0.5625,Medium Coverage,Moderate
2026-05-21,6685,22,8454,384.27,269.19,6.23,7.41,0.7005,High Coverage,Moderate
2026-05-21,6686,8,970,121.25,67.19,2.13,2.25,0.5541,Low Coverage,Moderate
2026-05-21,6687,21,24747,1178.43,587.32,12.86,21.43,0.4984,High Coverage,Stable
2026-05-21,6688,18,2888,160.44,62.16,3.22,4.61,0.3874,High Coverage,Stable
2026-05-21,6689,19,2571,135.32,58.85,2.74,3.21,0.4349,High Coverage,Stable
2026-05-21,6690,18,3733,207.39,124.77,3.17,4.44,0.6016,High Coverage,Moderate
2026-05-21,6691,18,3080,171.11,112.01,2.61,4.0,0.6546,High Coverage,Moderate
2026-05-21,6692,21,11309,538.52,188.84,5.0,9.29,0.3507,High Coverage,Stable
2026-05-21,6693,20,11112,555.6,218.81,5.25,10.35,0.3938,High Coverage,Stable
2026-05-21,6698,20,13612,680.6,290.97,6.55,11.0,0.4275,High Coverage,Stable
2026-05-21,6699,13,2766,212.77,139.24,3.23,3.69,0.6544,Medium Coverage,Moderate
2026-05-21,6700,22,8998,409.0,144.51,4.73,8.0,0.3533,High Coverage,Stable
2026-05-21,6701,21,4129,196.62,110.18,2.95,4.52,0.5603,High Coverage,Moderate
2026-05-21,6702,19,6379,335.74,140.49,4.58,6.68,0.4185,High Coverage,Stable
2026-05-21,6703,23,18020,783.48,252.06,7.91,15.26,0.3217,High Coverage,Stable
2026-05-21,6704,24,18432,768.0,429.27,9.88,12.96,0.5589,High Coverage,Moderate
2026-05-21,6705,23,34506,1500.26,688.41,15.0,22.87,0.4589,High Coverage,Stable
2026-05-21,6706,23,21566,937.65,405.94,8.74,18.13,0.4329,High Coverage,Stable
2026-05-21,6707,20,10950,547.5,246.32,7.3,10.55,0.4499,High Coverage,Stable
2026-05-21,6708,20,7970,398.5,163.86,6.05,8.55,0.4112,High Coverage,Stable
2026-05-21,6709,19,5417,285.11,173.49,4.47,5.53,0.6085,High Coverage,Moderate
2026-05-21,6710,12,1602,133.5,78.56,2.25,2.75,0.5884,Medium Coverage,Moderate
2026-05-21,6712,23,27765,1207.17,605.76,13.96,20.09,0.5018,High Coverage,Moderate
2026-05-21,6713,22,9946,452.09,209.89,4.45,9.5,0.4643,High Coverage,Stable
2026-05-21,6714,19,14089,741.53,361.87,8.58,11.95,0.488,High Coverage,Stable
2026-05-21,6715,23,19718,857.3,399.79,8.0,14.04,0.4663,High Coverage,Stable
2026-05-21,6716,14,3219,229.93,149.7,3.64,3.79,0.6511,Medium Coverage,Moderate
2026-05-21,6717,9,2871,319.0,224.72,4.56,4.56,0.7045,Low Coverage,Moderate
2026-05-21,6718,8,876,109.5,40.88,2.25,2.38,0.3734,Low Coverage,Stable
2026-05-21,6719,8,1134,141.75,84.3,2.63,2.63,0.5947,Low Coverage,Moderate
2026-05-21,6720,11,3517,319.73,168.04,3.73,5.45,0.5256,Medium Coverage,Moderate
2026-05-21,6721,10,2498,249.8,136.89,4.1,4.1,0.548,Medium Coverage,Moderate
2026-05-21,6722,24,9703,404.29,217.52,4.25,9.54,0.538,High Coverage,Moderate
2026-05-21,6723,23,7381,320.91,181.16,3.52,7.57,0.5645,High Coverage,Moderate
2026-05-21,6724,23,12952,563.13,261.14,5.52,10.57,0.4637,High Coverage,Stable
2026-05-21,6725,22,5652,256.91,108.63,2.82,5.82,0.4229,High Coverage,Stable
2026-05-21,6726,20,8315,415.75,155.32,4.3,7.0,0.3736,High Coverage,Stable
2026-05-21,6727,23,12488,542.96,250.87,5.87,8.78,0.462,High Coverage,Stable
2026-05-21,6728,23,26809,1165.61,577.92,12.09,18.96,0.4958,High Coverage,Stable
2026-05-21,6730,21,17586,837.43,483.86,8.24,13.52,0.5778,High Coverage,Moderate
2026-05-21,6737,22,19355,879.77,533.17,9.91,13.18,0.606,High Coverage,Moderate
2026-05-21,6738,23,23249,1010.83,355.63,10.57,16.39,0.3518,High Coverage,Stable
2026-05-21,6739,11,2844,258.55,173.0,4.0,4.18,0.6691,Medium Coverage,Moderate
2026-05-21,6741,24,15276,636.5,346.77,7.58,11.0,0.5448,High Coverage,Moderate
2026-05-21,6742,10,1802,180.2,88.23,3.5,3.5,0.4896,Medium Coverage,Stable
2026-05-21,6743,10,1586,158.6,95.05,2.7,4.0,0.5993,Medium Coverage,Moderate
2026-05-21,6744,9,1435,159.44,105.8,2.89,4.22,0.6635,Low Coverage,Moderate
2026-05-21,6745,6,473,78.83,39.74,1.5,2.67,0.5041,Low Coverage,Moderate
2026-05-21,6746,4,384,96.0,84.42,2.0,4.0,0.8794,Low Coverage,Moderate
2026-05-21,6747,21,6736,320.76,156.61,3.52,5.95,0.4883,High Coverage,Stable
2026-05-21,6748,21,17938,854.19,446.53,8.43,16.14,0.5228,High Coverage,Moderate
2026-05-21,6749,23,19077,829.43,354.88,8.57,13.65,0.4279,High Coverage,Stable
2026-05-21,6754,4,244,61.0,36.83,1.0,1.0,0.6038,Low Coverage,Moderate
2026-05-21,6761,1,52,52.0,0.0,1.0,1.0,0.0,Low Coverage,Stable
2026-05-21,6762,3,136,45.33,12.5,1.0,1.0,0.2758,Low Coverage,Stable
2026-05-21,6776,18,1633,90.72,40.44,1.5,3.17,0.4458,High Coverage,Stable
2026-05-21,6779,15,1648,109.87,21.85,1.0,2.8,0.1989,Medium Coverage,Stable
2026-05-21,6780,18,3940,218.89,99.03,2.89,6.89,0.4524,High Coverage,Stable
2026-05-21,6790,20,2721,136.05,44.59,2.95,8.8,0.3277,High Coverage,Stable
2026-05-21,6796,20,4221,211.05,52.16,1.95,5.45,0.2471,High Coverage,Stable
2026-05-21,6799,20,4172,208.6,87.07,2.65,4.6,0.4174,High Coverage,Stable
2026-05-21,6800,18,4130,229.44,61.04,2.78,4.67,0.2661,High Coverage,Stable
2026-05-21,6804,15,1056,70.4,38.12,1.07,1.53,0.5414,Medium Coverage,Moderate
2026-05-21,6805,14,1044,74.57,43.54,1.36,1.93,0.5838,Medium Coverage,Moderate
2026-05-21,6806,20,4711,235.55,95.29,2.7,7.25,0.4046,High Coverage,Stable
2026-05-21,6811,20,2082,104.1,28.12,1.35,4.5,0.2701,High Coverage,Stable
2026-05-21,6817,20,6870,343.5,169.03,4.6,8.65,0.4921,High Coverage,Stable
2026-05-21,6818,20,4987,249.35,112.82,2.8,5.75,0.4524,High Coverage,Stable
2026-05-21,6819,21,13724,653.52,366.24,6.95,13.05,0.5604,High Coverage,Moderate
2026-05-21,6821,21,14904,709.71,304.9,6.95,13.62,0.4296,High Coverage,Stable
2026-05-21,6822,18,8762,486.78,217.53,4.89,8.83,0.4469,High Coverage,Stable
2026-05-21,6823,13,1262,97.08,32.72,1.38,4.46,0.337,Medium Coverage,Stable
2026-05-21,6825,13,1409,108.38,23.3,1.08,4.31,0.215,Medium Coverage,Stable
2026-05-21,6827,14,2917,208.36,48.79,2.64,7.0,0.2342,Medium Coverage,Stable
2026-05-21,6828,15,3117,207.8,73.94,2.0,4.47,0.3558,Medium Coverage,Stable
2026-05-21,6829,12,2061,171.75,77.69,1.83,3.83,0.4523,Medium Coverage,Stable
2026-05-21,6830,5,1492,298.4,153.07,3.6,5.2,0.513,Low Coverage,Moderate
2026-05-21,6831,3,352,117.33,93.09,2.0,3.0,0.7934,Low Coverage,Moderate
2026-05-21,6833,3,536,178.67,96.72,2.33,3.67,0.5413,Low Coverage,Moderate
2026-05-21,6834,6,1901,316.83,202.65,4.0,4.5,0.6396,Low Coverage,Moderate
2026-05-21,6835,7,1746,249.43,190.99,3.14,4.57,0.7657,Low Coverage,Moderate
2026-05-21,6836,3,447,149.0,78.35,2.0,3.33,0.5259,Low Coverage,Moderate
2026-05-21,6837,5,1160,232.0,181.1,3.6,4.2,0.7806,Low Coverage,Moderate
2026-05-21,6838,7,1708,244.0,176.02,3.29,4.71,0.7214,Low Coverage,Moderate
2026-05-21,6840,6,1314,219.0,151.57,2.83,4.5,0.6921,Low Coverage,Moderate
2026-05-21,6841,7,3123,446.14,239.25,5.0,6.43,0.5363,Low Coverage,Moderate
2026-05-21,6843,14,940,67.14,15.54,1.86,2.79,0.2315,Medium Coverage,Stable
2026-05-21,6844,13,1032,79.38,19.14,1.31,2.31,0.2411,Medium Coverage,Stable
2026-05-21,7224,19,10986,578.21,287.14,6.21,9.47,0.4966,High Coverage,Stable
2026-05-21,7321,21,9714,462.57,181.94,5.67,7.33,0.3933,High Coverage,Stable
2026-05-21,7322,16,1029,64.31,23.19,1.44,3.63,0.3606,Medium Coverage,Stable
2026-05-21,8289,2,76,38.0,1.41,2.0,2.0,0.0372,Low Coverage,Stable
2026-05-21,8290,21,7431,353.86,152.54,5.48,7.1,0.4311,High Coverage,Stable
2026-05-21,9745,13,3913,301.0,175.59,4.15,6.85,0.5834,Medium Coverage,Moderate
2026-05-22,10232,18,2118,117.67,29.14,1.56,3.0,0.2476,High Coverage,Stable
2026-05-22,11201,20,16258,812.9,396.13,7.85,13.35,0.4873,High Coverage,Stable
2026-05-22,11692,22,14969,680.41,370.54,8.41,10.73,0.5446,High Coverage,Moderate
2026-05-22,11693,18,11053,614.06,149.83,6.44,9.0,0.244,High Coverage,Stable
2026-05-22,11696,21,7912,376.76,105.22,4.38,6.9,0.2793,High Coverage,Stable
2026-05-22,12940,21,7259,345.67,130.05,4.05,6.33,0.3762,High Coverage,Stable
2026-05-22,13684,13,2262,174.0,51.34,1.92,5.08,0.295,Medium Coverage,Stable
2026-05-22,16717,8,2490,311.25,185.54,3.38,5.75,0.5961,Low Coverage,Moderate
2026-05-22,16718,24,26790,1116.25,617.61,10.46,17.0,0.5533,High Coverage,Moderate
2026-05-22,16719,21,4090,194.76,92.09,2.38,4.57,0.4728,High Coverage,Stable
2026-05-22,17707,19,6903,363.32,100.7,5.16,10.05,0.2772,High Coverage,Stable
2026-05-22,18213,6,446,74.33,48.41,1.67,2.0,0.6512,Low Coverage,Moderate
2026-05-22,18705,20,12758,637.9,278.52,6.95,10.1,0.4366,High Coverage,Stable
2026-05-22,20667,20,7743,387.15,184.22,4.0,9.8,0.4758,High Coverage,Stable
2026-05-22,22638,23,8764,381.04,187.26,5.17,7.78,0.4914,High Coverage,Stable
2026-05-22,22639,17,3282,193.06,69.5,2.06,5.06,0.36,Medium Coverage,Stable
2026-05-22,23384,22,34733,1578.77,699.68,15.68,22.82,0.4432,High Coverage,Stable
2026-05-22,29038,22,15137,688.05,348.65,8.91,11.41,0.5067,High Coverage,Moderate
2026-05-22,29039,2,84,42.0,18.38,1.0,1.0,0.4377,Low Coverage,Stable
2026-05-22,29040,2,61,30.5,30.41,1.0,1.0,0.9969,Low Coverage,Moderate
2026-05-22,30036,20,3078,153.9,59.7,1.6,6.5,0.3879,High Coverage,Stable
2026-05-22,30037,22,4541,206.41,121.01,5.36,6.14,0.5862,High Coverage,Moderate
2026-05-22,30038,20,5654,282.7,157.36,6.45,7.35,0.5566,High Coverage,Moderate
2026-05-22,30039,21,6528,310.86,161.89,6.24,6.9,0.5208,High Coverage,Moderate
2026-05-22,30040,22,6865,312.05,187.23,6.14,6.86,0.6,High Coverage,Moderate
2026-05-22,30041,11,2802,254.73,204.45,3.27,6.27,0.8026,Medium Coverage,Moderate
2026-05-22,30043,22,9937,451.68,186.37,6.18,10.09,0.4126,High Coverage,Stable
2026-05-22,30044,20,2322,116.1,50.9,1.85,3.85,0.4384,High Coverage,Stable
2026-05-22,30045,17,4918,289.29,88.55,4.35,6.18,0.3061,Medium Coverage,Stable
2026-05-22,30046,23,9886,429.83,185.5,5.87,8.43,0.4316,High Coverage,Stable
2026-05-22,30047,20,4073,203.65,100.68,5.2,6.5,0.4944,High Coverage,Stable
2026-05-22,30048,19,3175,167.11,76.16,4.53,6.74,0.4558,High Coverage,Stable
2026-05-22,30049,19,4946,260.32,120.62,4.58,7.79,0.4634,High Coverage,Stable
2026-05-22,30050,20,4938,246.9,91.06,4.0,7.65,0.3688,High Coverage,Stable
2026-05-22,30051,18,2205,122.5,36.32,2.61,4.39,0.2965,High Coverage,Stable
2026-05-22,30055,20,10947,547.35,175.76,4.95,14.3,0.3211,High Coverage,Stable
2026-05-22,30584,19,3518,185.16,62.19,3.16,5.42,0.3359,High Coverage,Stable
2026-05-22,31816,16,3211,200.69,79.8,3.75,5.44,0.3976,Medium Coverage,Stable
2026-05-22,31817,17,3337,196.29,70.73,3.82,4.76,0.3603,Medium Coverage,Stable
2026-05-22,31818,15,1681,112.07,14.96,2.33,4.8,0.1335,Medium Coverage,Stable
2026-05-22,31819,19,5792,304.84,79.81,2.79,6.37,0.2618,High Coverage,Stable
2026-05-22,31821,18,2376,132.0,58.52,2.17,4.28,0.4433,High Coverage,Stable
2026-05-22,31822,18,2833,157.39,81.11,2.22,4.78,0.5153,High Coverage,Moderate
2026-05-22,32799,23,10967,476.83,210.36,5.43,11.7,0.4412,High Coverage,Stable
2026-05-22,33292,21,6852,326.29,162.04,5.67,7.57,0.4966,High Coverage,Stable
2026-05-22,33538,20,5509,275.45,99.45,2.65,9.0,0.361,High Coverage,Stable
2026-05-22,34042,18,3170,176.11,88.8,4.0,5.39,0.5042,High Coverage,Moderate
2026-05-22,34043,17,3299,194.06,86.9,3.82,4.35,0.4478,Medium Coverage,Stable
2026-05-22,34540,19,2144,112.84,32.52,2.32,4.05,0.2882,High Coverage,Stable
2026-05-22,34541,19,2617,137.74,47.37,2.37,4.0,0.3439,High Coverage,Stable
2026-05-22,34542,23,11731,510.04,198.65,5.13,11.78,0.3895,High Coverage,Stable
2026-05-22,34543,23,9745,423.7,214.72,4.43,10.52,0.5068,High Coverage,Moderate
2026-05-22,36799,22,4178,189.91,120.88,5.59,6.09,0.6365,High Coverage,Moderate
2026-05-22,37807,23,27372,1190.09,692.6,12.39,21.61,0.582,High Coverage,Moderate
2026-05-22,37808,22,19022,864.64,317.87,8.55,17.45,0.3676,High Coverage,Stable
2026-05-22,37809,21,14977,713.19,258.7,6.81,14.76,0.3627,High Coverage,Stable
2026-05-22,37810,22,43037,1956.23,1212.05,19.32,34.41,0.6196,High Coverage,Moderate
2026-05-22,38311,22,14406,654.82,229.66,6.5,14.5,0.3507,High Coverage,Stable
2026-05-22,39304,17,3899,229.35,91.21,3.29,7.35,0.3977,Medium Coverage,Stable
2026-05-22,39305,11,8375,761.36,484.23,10.09,15.73,0.636,Medium Coverage,Moderate
2026-05-22,39307,21,6837,325.57,160.85,3.24,12.57,0.4941,High Coverage,Stable
2026-05-22,40855,24,5698,237.42,83.38,2.29,6.42,0.3512,High Coverage,Stable
2026-05-22,45596,14,2982,213.0,47.28,1.93,5.5,0.222,Medium Coverage,Stable
2026-05-22,46099,20,3697,184.85,69.47,3.0,8.7,0.3758,High Coverage,Stable
2026-05-22,46604,22,20309,923.14,332.4,8.91,19.45,0.3601,High Coverage,Stable
2026-05-22,48855,15,3219,214.6,43.17,1.93,5.53,0.2011,Medium Coverage,Stable
2026-05-22,6612,21,16264,774.48,287.62,7.19,16.14,0.3714,High Coverage,Stable
2026-05-22,6613,23,17812,774.43,312.84,7.26,13.83,0.404,High Coverage,Stable
2026-05-22,6614,20,21197,1059.85,470.67,9.75,16.45,0.4441,High Coverage,Stable
2026-05-22,6615,22,12802,581.91,304.14,10.64,16.55,0.5227,High Coverage,Moderate
2026-05-22,6616,22,12496,568.0,331.19,10.55,15.64,0.5831,High Coverage,Moderate
2026-05-22,6617,21,25240,1201.9,457.03,11.24,17.24,0.3803,High Coverage,Stable
2026-05-22,6618,23,16965,737.61,294.13,6.78,13.87,0.3988,High Coverage,Stable
2026-05-22,6619,23,24375,1059.78,518.06,10.04,19.52,0.4888,High Coverage,Stable
2026-05-22,6620,23,18753,815.35,320.26,8.04,14.61,0.3928,High Coverage,Stable
2026-05-22,6621,23,8864,385.39,174.92,6.57,9.35,0.4539,High Coverage,Stable
2026-05-22,6622,23,37548,1632.52,905.75,15.61,22.61,0.5548,High Coverage,Moderate
2026-05-22,6623,22,15336,697.09,284.82,6.36,12.5,0.4086,High Coverage,Stable
2026-05-22,6624,23,28407,1235.09,603.13,11.39,19.52,0.4883,High Coverage,Stable
2026-05-22,6625,23,21589,938.65,369.12,8.83,16.35,0.3932,High Coverage,Stable
2026-05-22,6626,23,19755,858.91,443.22,8.13,15.78,0.516,High Coverage,Moderate
2026-05-22,6627,21,32368,1541.33,848.07,14.9,22.48,0.5502,High Coverage,Moderate
2026-05-22,6628,22,9920,450.91,216.28,6.86,9.32,0.4796,High Coverage,Stable
2026-05-22,6629,21,7232,344.38,154.16,4.52,8.29,0.4476,High Coverage,Stable
2026-05-22,6630,23,12218,531.22,233.59,5.09,10.7,0.4397,High Coverage,Stable
2026-05-22,6631,21,4380,208.57,100.43,3.33,6.71,0.4815,High Coverage,Stable
2026-05-22,6633,24,15753,656.38,274.52,6.17,12.54,0.4182,High Coverage,Stable
2026-05-22,6635,14,9052,646.57,328.44,7.14,13.07,0.508,Medium Coverage,Moderate
2026-05-22,6636,21,45055,2145.48,1245.32,20.9,33.62,0.5804,High Coverage,Moderate
2026-05-22,6637,23,9350,406.52,168.42,6.43,9.43,0.4143,High Coverage,Stable
2026-05-22,6638,19,11808,621.47,278.01,6.0,12.32,0.4473,High Coverage,Stable
2026-05-22,6641,23,48566,2111.57,1410.59,20.61,37.78,0.668,High Coverage,Moderate
2026-05-22,6642,23,23608,1026.43,509.67,10.09,17.91,0.4965,High Coverage,Stable
2026-05-22,6643,21,8252,392.95,185.2,4.71,7.57,0.4713,High Coverage,Stable
2026-05-22,6644,21,7973,379.67,235.58,4.71,9.14,0.6205,High Coverage,Moderate
2026-05-22,6645,23,13190,573.48,294.33,6.04,13.13,0.5132,High Coverage,Moderate
2026-05-22,6646,22,11102,504.64,221.7,5.59,8.68,0.4393,High Coverage,Stable
2026-05-22,6647,23,7190,312.61,150.42,3.91,8.74,0.4812,High Coverage,Stable
2026-05-22,6648,20,11097,554.85,352.88,6.45,10.95,0.636,High Coverage,Moderate
2026-05-22,6649,23,13852,602.26,317.79,6.61,12.7,0.5277,High Coverage,Moderate
2026-05-22,6650,21,8711,414.81,215.33,6.38,8.33,0.5191,High Coverage,Moderate
2026-05-22,6651,22,21028,955.82,547.82,11.23,19.86,0.5731,High Coverage,Moderate
2026-05-22,6652,21,6317,300.81,107.16,4.43,6.05,0.3562,High Coverage,Stable
2026-05-22,6654,21,6701,319.1,93.0,4.67,6.38,0.2914,High Coverage,Stable
2026-05-22,6656,16,3107,194.19,77.84,1.88,6.56,0.4008,Medium Coverage,Stable
2026-05-22,6657,21,15054,716.86,307.5,7.62,12.1,0.429,High Coverage,Stable
2026-05-22,6658,22,7652,347.82,160.82,3.36,10.23,0.4624,High Coverage,Stable
2026-05-22,6659,23,5061,220.04,71.73,2.52,5.65,0.326,High Coverage,Stable
2026-05-22,6660,20,7787,389.35,216.68,5.1,8.1,0.5565,High Coverage,Moderate
2026-05-22,6661,19,7699,405.21,173.63,6.58,8.89,0.4285,High Coverage,Stable
2026-05-22,6662,22,7790,354.09,185.11,4.0,8.5,0.5228,High Coverage,Moderate
2026-05-22,6663,20,6388,319.4,106.81,4.15,7.35,0.3344,High Coverage,Stable
2026-05-22,6664,22,7371,335.05,109.55,4.32,6.05,0.327,High Coverage,Stable
2026-05-22,6665,20,6024,301.2,87.37,3.05,6.2,0.2901,High Coverage,Stable
2026-05-22,6666,23,10367,450.74,248.36,6.04,7.83,0.551,High Coverage,Moderate
2026-05-22,6667,23,21897,952.04,430.78,9.0,14.43,0.4525,High Coverage,Stable
2026-05-22,6668,22,5111,232.32,70.62,3.32,5.5,0.304,High Coverage,Stable
2026-05-22,6672,16,10606,662.88,286.32,8.25,11.38,0.4319,Medium Coverage,Stable
2026-05-22,6673,22,9697,440.77,268.42,6.27,7.95,0.609,High Coverage,Moderate
2026-05-22,6674,21,3755,178.81,63.42,3.52,5.24,0.3547,High Coverage,Stable
2026-05-22,6675,19,3306,174.0,89.59,2.84,5.32,0.5149,High Coverage,Moderate
2026-05-22,6676,23,7242,314.87,158.77,4.7,7.35,0.5043,High Coverage,Moderate
2026-05-22,6677,21,6469,308.05,152.37,4.67,7.48,0.4946,High Coverage,Stable
2026-05-22,6678,21,5311,252.9,123.75,3.81,6.29,0.4893,High Coverage,Stable
2026-05-22,6679,19,7295,383.95,142.6,4.89,6.89,0.3714,High Coverage,Stable
2026-05-22,6680,19,7029,369.95,202.31,5.84,8.84,0.5469,High Coverage,Moderate
2026-05-22,6682,21,20910,995.71,458.94,10.1,17.48,0.4609,High Coverage,Stable
2026-05-22,6683,10,2952,295.2,194.72,5.0,5.5,0.6596,Medium Coverage,Moderate
2026-05-22,6685,22,7793,354.23,223.89,6.0,7.32,0.632,High Coverage,Moderate
2026-05-22,6686,8,926,115.75,56.26,2.38,2.5,0.486,Low Coverage,Stable
2026-05-22,6687,21,24566,1169.81,590.16,12.62,21.95,0.5045,High Coverage,Moderate
2026-05-22,6688,18,2933,162.94,61.42,3.17,4.39,0.3769,High Coverage,Stable
2026-05-22,6689,18,2363,131.28,55.68,2.72,3.17,0.4241,High Coverage,Stable
2026-05-22,6690,18,3635,201.94,130.62,3.22,4.44,0.6468,High Coverage,Moderate
2026-05-22,6691,18,3013,167.39,109.35,2.56,4.0,0.6533,High Coverage,Moderate
2026-05-22,6692,21,10854,516.86,194.18,4.76,9.0,0.3757,High Coverage,Stable
2026-05-22,6693,21,12134,577.81,288.67,5.43,10.86,0.4996,High Coverage,Stable
2026-05-22,6698,20,13355,667.75,275.8,6.4,10.8,0.413,High Coverage,Stable
2026-05-22,6699,11,2761,251.0,114.52,3.82,4.36,0.4563,Medium Coverage,Stable
2026-05-22,6700,22,8910,405.0,147.39,4.77,8.0,0.3639,High Coverage,Stable
2026-05-22,6701,21,4180,199.05,112.12,2.81,4.38,0.5633,High Coverage,Moderate
2026-05-22,6702,19,6258,329.37,133.51,4.68,6.79,0.4053,High Coverage,Stable
2026-05-22,6703,23,18171,790.04,257.61,7.91,15.35,0.3261,High Coverage,Stable
2026-05-22,6704,24,18547,772.79,454.22,10.25,13.21,0.5878,High Coverage,Moderate
2026-05-22,6705,23,34544,1501.91,690.55,15.22,23.04,0.4598,High Coverage,Stable
2026-05-22,6706,23,21784,947.13,415.67,8.78,18.43,0.4389,High Coverage,Stable
2026-05-22,6707,21,10978,522.76,265.08,7.43,10.29,0.5071,High Coverage,Moderate
2026-05-22,6708,20,7961,398.05,167.99,6.15,8.75,0.422,High Coverage,Stable
2026-05-22,6709,19,5685,299.21,179.4,4.42,5.58,0.5996,High Coverage,Moderate
2026-05-22,6710,12,1560,130.0,76.6,2.25,2.75,0.5892,Medium Coverage,Moderate
2026-05-22,6712,22,27860,1266.36,585.11,14.32,20.64,0.462,High Coverage,Stable
2026-05-22,6713,22,10132,460.55,202.81,4.59,9.59,0.4404,High Coverage,Stable
2026-05-22,6714,19,13782,725.37,364.17,8.53,11.95,0.5021,High Coverage,Moderate
2026-05-22,6715,22,19114,868.82,385.37,8.36,14.77,0.4436,High Coverage,Stable
2026-05-22,6716,14,2827,201.93,128.07,3.43,3.57,0.6342,Medium Coverage,Moderate
2026-05-22,6717,9,2611,290.11,221.66,4.22,4.22,0.764,Low Coverage,Moderate
2026-05-22,6718,9,915,101.67,51.85,2.11,2.22,0.51,Low Coverage,Moderate
2026-05-22,6719,8,1271,158.88,105.58,2.75,2.75,0.6646,Low Coverage,Moderate
2026-05-22,6720,12,3507,292.25,186.95,3.42,5.0,0.6397,Medium Coverage,Moderate
2026-05-22,6721,10,2558,255.8,143.15,4.2,4.2,0.5596,Medium Coverage,Moderate
2026-05-22,6722,24,9758,406.58,213.01,4.21,9.5,0.5239,High Coverage,Moderate
2026-05-22,6723,23,7492,325.74,177.68,3.57,7.57,0.5455,High Coverage,Moderate
2026-05-22,6724,23,12942,562.7,256.43,5.52,10.35,0.4557,High Coverage,Stable
2026-05-22,6725,22,5689,258.59,105.99,2.82,5.82,0.4099,High Coverage,Stable
2026-05-22,6726,20,8308,415.4,151.59,4.3,7.05,0.3649,High Coverage,Stable
2026-05-22,6727,23,12247,532.48,243.13,5.78,8.52,0.4566,High Coverage,Stable
2026-05-22,6728,23,26242,1140.96,557.92,11.91,18.61,0.489,High Coverage,Stable
2026-05-22,6730,21,17549,835.67,482.38,8.29,13.62,0.5772,High Coverage,Moderate
2026-05-22,6737,22,18997,863.5,529.14,9.64,12.82,0.6128,High Coverage,Moderate
2026-05-22,6738,23,23436,1018.96,362.79,10.48,16.39,0.356,High Coverage,Stable
2026-05-22,6739,11,2886,262.36,158.61,4.0,4.27,0.6045,Medium Coverage,Moderate
2026-05-22,6741,24,15825,659.38,357.86,7.67,11.13,0.5427,High Coverage,Moderate
2026-05-22,6742,10,1785,178.5,105.37,3.4,3.4,0.5903,Medium Coverage,Moderate
2026-05-22,6743,10,1565,156.5,93.57,2.5,3.7,0.5979,Medium Coverage,Moderate
2026-05-22,6744,8,1336,167.0,111.97,3.0,4.25,0.6705,Low Coverage,Moderate
2026-05-22,6745,6,461,76.83,42.86,1.5,2.67,0.5579,Low Coverage,Moderate
2026-05-22,6746,3,367,122.33,67.16,2.33,5.0,0.549,Low Coverage,Moderate
2026-05-22,6747,21,6782,322.95,160.22,3.48,5.81,0.4961,High Coverage,Stable
2026-05-22,6748,21,17929,853.76,445.95,8.38,16.14,0.5223,High Coverage,Moderate
2026-05-22,6749,23,19226,835.91,359.72,8.61,13.65,0.4303,High Coverage,Stable
2026-05-22,6754,4,246,61.5,34.32,1.0,1.0,0.558,Low Coverage,Moderate
2026-05-22,6761,1,43,43.0,0.0,1.0,1.0,0.0,Low Coverage,Stable
2026-05-22,6762,3,164,54.67,22.5,1.0,1.0,0.4116,Low Coverage,Stable
2026-05-22,6776,18,1635,90.83,39.22,1.44,3.11,0.4318,High Coverage,Stable
2026-05-22,6779,18,2102,116.78,4.63,1.11,2.94,0.0397,High Coverage,Stable
2026-05-22,6780,18,3909,217.17,94.19,2.89,6.72,0.4337,High Coverage,Stable
2026-05-22,6790,20,2802,140.1,51.17,2.9,8.65,0.3653,High Coverage,Stable
2026-05-22,6796,20,4215,210.75,55.12,1.95,5.45,0.2616,High Coverage,Stable
2026-05-22,6799,20,4148,207.4,83.89,2.65,4.6,0.4045,High Coverage,Stable
2026-05-22,6800,18,4072,226.22,68.62,2.83,4.67,0.3033,High Coverage,Stable
2026-05-22,6804,12,949,79.08,33.53,1.0,1.5,0.424,Medium Coverage,Stable
2026-05-22,6805,15,1149,76.6,44.65,1.33,1.87,0.5828,Medium Coverage,Moderate
2026-05-22,6806,20,4715,235.75,95.15,2.75,7.15,0.4036,High Coverage,Stable
2026-05-22,6811,20,1973,98.65,32.2,1.35,4.4,0.3264,High Coverage,Stable
2026-05-22,6817,20,6485,324.25,153.4,4.4,8.15,0.4731,High Coverage,Stable
2026-05-22,6818,20,5121,256.05,111.39,2.75,5.55,0.435,High Coverage,Stable
2026-05-22,6819,21,14010,667.14,373.26,7.0,13.1,0.5595,High Coverage,Moderate
2026-05-22,6821,21,15006,714.57,316.42,6.95,13.67,0.4428,High Coverage,Stable
2026-05-22,6822,18,8648,480.44,216.75,4.89,8.78,0.4511,High Coverage,Stable
2026-05-22,6823,13,1232,94.77,33.67,1.38,4.46,0.3552,Medium Coverage,Stable
2026-05-22,6825,12,1299,108.25,16.47,1.17,4.67,0.1521,Medium Coverage,Stable
2026-05-22,6827,14,2944,210.29,45.33,2.64,6.93,0.2155,Medium Coverage,Stable
2026-05-22,6828,17,3374,198.47,69.57,1.82,4.18,0.3505,Medium Coverage,Stable
2026-05-22,6829,12,2036,169.67,79.99,1.83,3.83,0.4715,Medium Coverage,Stable
2026-05-22,6830,6,1555,259.17,178.53,3.17,4.5,0.6889,Low Coverage,Moderate
2026-05-22,6831,3,398,132.67,105.04,2.0,3.0,0.7918,Low Coverage,Moderate
2026-05-22,6833,3,519,173.0,105.1,2.33,3.67,0.6075,Low Coverage,Moderate
2026-05-22,6834,6,1887,314.5,195.96,4.0,4.5,0.6231,Low Coverage,Moderate
2026-05-22,6835,6,1774,295.67,206.25,3.33,5.0,0.6976,Low Coverage,Moderate
2026-05-22,6836,3,444,148.0,77.6,2.0,3.33,0.5243,Low Coverage,Moderate
2026-05-22,6837,5,1067,213.4,175.42,3.6,4.0,0.822,Low Coverage,Moderate
2026-05-22,6838,7,1736,248.0,177.24,3.29,4.71,0.7147,Low Coverage,Moderate
2026-05-22,6840,6,1355,225.83,160.19,2.5,4.17,0.7093,Low Coverage,Moderate
2026-05-22,6841,7,3079,439.86,244.35,5.29,6.71,0.5555,Low Coverage,Moderate
2026-05-22,6843,14,885,63.21,12.67,1.86,2.79,0.2004,Medium Coverage,Stable
2026-05-22,6844,14,1044,74.57,18.14,1.14,2.07,0.2432,Medium Coverage,Stable
2026-05-22,7224,18,11013,611.83,258.22,6.56,10.0,0.422,High Coverage,Stable
2026-05-22,7321,21,9591,456.71,179.1,5.71,7.38,0.3921,High Coverage,Stable
2026-05-22,7322,16,1012,63.25,22.83,1.44,3.63,0.3609,Medium Coverage,Stable
2026-05-22,8289,2,90,45.0,4.24,2.0,2.0,0.0943,Low Coverage,Stable
2026-05-22,8290,21,7372,351.05,145.52,5.67,7.33,0.4145,High Coverage,Stable
2026-05-22,9745,12,3694,307.83,166.86,4.58,7.42,0.542,Medium Coverage,Moderate
2026-05-23,10232,15,1719,114.6,5.62,1.0,2.8,0.049,Medium Coverage,Stable
2026-05-23,11201,19,8929,469.95,154.31,4.53,7.74,0.3284,High Coverage,Stable
2026-05-23,11202,16,1767,110.44,27.32,1.0,4.31,0.2474,Medium Coverage,Stable
2026-05-23,11692,21,12028,572.76,317.46,5.71,9.19,0.5543,High Coverage,Moderate
2026-05-23,11696,18,6620,367.78,103.25,4.56,6.5,0.2807,High Coverage,Stable
2026-05-23,12940,20,5951,297.55,115.16,3.7,5.9,0.387,High Coverage,Stable
2026-05-23,13684,13,1400,107.69,30.48,1.0,4.0,0.283,Medium Coverage,Stable
2026-05-23,16717,8,2655,331.88,179.05,3.75,6.0,0.5395,Low Coverage,Moderate
2026-05-23,16718,24,28321,1180.04,739.0,10.96,18.21,0.6262,High Coverage,Moderate
2026-05-23,16719,23,3358,146.0,65.99,1.74,3.7,0.452,High Coverage,Stable
2026-05-23,17707,19,6933,364.89,139.37,3.84,9.84,0.382,High Coverage,Stable
2026-05-23,18705,20,8656,432.8,160.82,4.0,7.1,0.3716,High Coverage,Stable
2026-05-23,20667,18,3754,208.56,54.49,1.94,5.39,0.2613,High Coverage,Stable
2026-05-23,22638,22,6575,298.86,75.72,4.14,6.27,0.2534,High Coverage,Stable
2026-05-23,22639,16,5031,314.44,153.08,2.88,8.0,0.4868,Medium Coverage,Stable
2026-05-23,23384,21,25719,1224.71,579.87,11.76,18.67,0.4735,High Coverage,Stable
2026-05-23,29038,20,10971,548.55,240.32,5.4,9.4,0.4381,High Coverage,Stable
2026-05-23,30036,19,2098,110.42,19.37,1.0,4.79,0.1754,High Coverage,Stable
2026-05-23,30037,20,2747,137.35,71.83,3.35,4.65,0.523,High Coverage,Moderate
2026-05-23,30038,19,3630,191.05,67.92,3.32,4.47,0.3555,High Coverage,Stable
2026-05-23,30039,20,4815,240.75,106.92,4.4,5.15,0.4441,High Coverage,Stable
2026-05-23,30040,20,4594,229.7,106.36,4.35,5.0,0.463,High Coverage,Stable
2026-05-23,30042,12,2564,213.67,49.97,1.92,4.83,0.2339,Medium Coverage,Stable
2026-05-23,30043,21,6395,304.52,137.07,3.48,6.67,0.4501,High Coverage,Stable
2026-05-23,30044,18,2287,127.06,39.95,2.78,4.39,0.3144,High Coverage,Stable
2026-05-23,30045,14,3982,284.43,76.21,3.71,5.93,0.268,Medium Coverage,Stable
2026-05-23,30046,22,6879,312.68,62.41,3.23,6.27,0.1996,High Coverage,Stable
2026-05-23,30047,18,2588,143.78,34.46,3.72,5.5,0.2397,High Coverage,Stable
2026-05-23,30048,17,2159,127.0,25.27,4.06,4.24,0.199,Medium Coverage,Stable
2026-05-23,30049,19,3546,186.63,69.51,3.47,5.89,0.3724,High Coverage,Stable
2026-05-23,30050,19,3134,164.95,36.41,3.0,4.89,0.2208,High Coverage,Stable
2026-05-23,30051,17,1898,111.65,41.52,2.53,4.29,0.3719,Medium Coverage,Stable
2026-05-23,30055,18,10268,570.44,223.53,5.28,14.17,0.3919,High Coverage,Stable
2026-05-23,30584,19,3257,171.42,50.89,3.16,5.21,0.2969,High Coverage,Stable
2026-05-23,31816,15,1633,108.87,25.2,1.93,2.67,0.2315,Medium Coverage,Stable
2026-05-23,31817,15,1597,106.47,23.65,2.4,2.73,0.2221,Medium Coverage,Stable
2026-05-23,31818,19,2005,105.53,33.54,1.37,4.47,0.3179,High Coverage,Stable
2026-05-23,31819,17,5017,295.12,63.32,3.0,6.47,0.2146,Medium Coverage,Stable
2026-05-23,31821,16,1709,106.81,24.73,1.06,3.44,0.2315,Medium Coverage,Stable
2026-05-23,31822,16,1681,105.06,23.33,1.06,3.44,0.2221,Medium Coverage,Stable
2026-05-23,32799,22,9935,451.59,201.34,5.45,10.91,0.4459,High Coverage,Stable
2026-05-23,33292,20,4513,225.65,67.39,3.75,5.4,0.2986,High Coverage,Stable
2026-05-23,33538,19,5222,274.84,98.46,2.58,8.89,0.3583,High Coverage,Stable
2026-05-23,34042,12,1123,93.58,24.27,2.17,2.25,0.2593,Medium Coverage,Stable
2026-05-23,34043,12,1241,103.42,23.76,1.83,2.58,0.2297,Medium Coverage,Stable
2026-05-23,34540,16,1518,94.88,37.63,1.88,3.19,0.3966,Medium Coverage,Stable
2026-05-23,34541,15,1765,117.67,25.2,2.0,3.47,0.2141,Medium Coverage,Stable
2026-05-23,34542,23,10328,449.04,173.89,4.35,10.26,0.3872,High Coverage,Stable
2026-05-23,34543,22,6861,311.86,147.56,3.09,7.05,0.4732,High Coverage,Stable
2026-05-23,36799,22,2662,121.0,56.86,3.45,4.05,0.4699,High Coverage,Stable
2026-05-23,37807,23,19829,862.13,403.15,8.04,15.04,0.4676,High Coverage,Stable
2026-05-23,37808,22,15463,702.86,241.73,6.55,14.55,0.3439,High Coverage,Stable
2026-05-23,37809,21,12444,592.57,185.34,5.71,12.33,0.3128,High Coverage,Stable
2026-05-23,37810,21,23655,1126.43,444.69,10.57,20.38,0.3948,High Coverage,Stable
2026-05-23,38311,22,13717,623.5,222.68,6.05,13.41,0.3571,High Coverage,Stable
2026-05-23,39304,16,2987,186.69,61.7,3.56,6.38,0.3305,Medium Coverage,Stable
2026-05-23,39307,20,2312,115.6,6.18,1.0,4.8,0.0534,High Coverage,Stable
2026-05-23,40855,24,4474,186.42,59.56,1.83,5.08,0.3195,High Coverage,Stable
2026-05-23,46099,19,3294,173.37,52.23,2.63,8.16,0.3013,High Coverage,Stable
2026-05-23,46604,21,17568,836.57,260.2,7.67,17.24,0.311,High Coverage,Stable
2026-05-23,48855,14,2684,191.71,61.42,1.93,5.36,0.3204,Medium Coverage,Stable
2026-05-23,6612,21,14132,672.95,240.5,6.48,14.1,0.3574,High Coverage,Stable
2026-05-23,6613,23,17048,741.22,319.87,6.91,13.35,0.4316,High Coverage,Stable
2026-05-23,6614,20,20353,1017.65,515.88,9.3,15.75,0.5069,High Coverage,Moderate
2026-05-23,6615,22,10543,479.23,258.84,9.09,13.68,0.5401,High Coverage,Moderate
2026-05-23,6616,22,11246,511.18,300.16,8.77,13.23,0.5872,High Coverage,Moderate
2026-05-23,6617,21,24000,1142.86,485.25,10.67,16.57,0.4246,High Coverage,Stable
2026-05-23,6618,23,17029,740.39,347.41,6.74,14.13,0.4692,High Coverage,Stable
2026-05-23,6619,24,21454,893.92,456.51,8.25,15.96,0.5107,High Coverage,Moderate
2026-05-23,6620,23,16048,697.74,299.58,6.35,12.43,0.4294,High Coverage,Stable
2026-05-23,6621,23,8906,387.22,200.81,6.78,9.52,0.5186,High Coverage,Moderate
2026-05-23,6622,22,31635,1437.95,713.86,13.23,20.14,0.4964,High Coverage,Stable
2026-05-23,6623,22,14302,650.09,273.35,6.05,12.14,0.4205,High Coverage,Stable
2026-05-23,6624,23,35056,1524.17,969.36,14.35,25.43,0.636,High Coverage,Moderate
2026-05-23,6625,23,18912,822.26,305.12,7.78,14.57,0.3711,High Coverage,Stable
2026-05-23,6626,22,13837,628.95,247.85,5.73,11.73,0.3941,High Coverage,Stable
2026-05-23,6627,21,22596,1076.0,513.47,10.1,15.86,0.4772,High Coverage,Stable
2026-05-23,6628,22,7516,341.64,152.55,5.36,7.27,0.4465,High Coverage,Stable
2026-05-23,6629,21,6306,300.29,130.33,3.24,7.24,0.434,High Coverage,Stable
2026-05-23,6630,21,8896,423.62,162.06,4.48,8.19,0.3826,High Coverage,Stable
2026-05-23,6631,20,3212,160.6,63.4,3.2,5.5,0.3948,High Coverage,Stable
2026-05-23,6633,24,14840,618.33,254.0,5.79,12.04,0.4108,High Coverage,Stable
2026-05-23,6636,20,24248,1212.4,527.08,11.25,19.15,0.4347,High Coverage,Stable
2026-05-23,6637,22,10123,460.14,215.66,7.41,10.55,0.4687,High Coverage,Stable
2026-05-23,6638,15,8188,545.87,219.45,5.2,10.27,0.402,Medium Coverage,Stable
2026-05-23,6641,23,29312,1274.43,671.06,11.78,23.13,0.5266,High Coverage,Moderate
2026-05-23,6642,23,18050,784.78,310.67,7.26,14.17,0.3959,High Coverage,Stable
2026-05-23,6643,21,6453,307.29,124.9,4.19,5.95,0.4065,High Coverage,Stable
2026-05-23,6644,21,4142,197.24,66.17,2.0,5.0,0.3355,High Coverage,Stable
2026-05-23,6645,22,10709,486.77,206.37,4.77,11.41,0.424,High Coverage,Stable
2026-05-23,6646,21,7891,375.76,118.49,3.67,6.76,0.3153,High Coverage,Stable
2026-05-23,6647,21,4984,237.33,90.24,3.14,6.52,0.3802,High Coverage,Stable
2026-05-23,6648,18,5595,310.83,80.63,3.5,6.17,0.2594,High Coverage,Stable
2026-05-23,6649,23,12458,541.65,258.35,5.35,10.7,0.477,High Coverage,Stable
2026-05-23,6650,21,5731,272.9,95.59,4.33,5.86,0.3503,High Coverage,Stable
2026-05-23,6651,22,15096,686.18,386.85,6.36,13.64,0.5638,High Coverage,Moderate
2026-05-23,6652,20,5449,272.45,80.45,4.3,5.9,0.2953,High Coverage,Stable
2026-05-23,6654,21,5860,279.05,102.66,5.14,5.57,0.3679,High Coverage,Stable
2026-05-23,6657,20,8401,420.05,183.67,4.4,7.15,0.4373,High Coverage,Stable
2026-05-23,6658,21,5024,239.24,97.44,2.29,7.57,0.4073,High Coverage,Stable
2026-05-23,6659,22,4587,208.5,66.24,3.09,5.23,0.3177,High Coverage,Stable
2026-05-23,6660,19,6592,346.95,153.35,4.89,6.95,0.442,High Coverage,Stable
2026-05-23,6661,19,4790,252.11,61.16,3.68,6.11,0.2426,High Coverage,Stable
2026-05-23,6662,22,4725,214.77,67.42,2.91,5.45,0.3139,High Coverage,Stable
2026-05-23,6663,20,5310,265.5,62.71,3.95,6.1,0.2362,High Coverage,Stable
2026-05-23,6664,21,6461,307.67,111.51,4.62,6.24,0.3624,High Coverage,Stable
2026-05-23,6665,20,5767,288.35,124.78,3.9,6.45,0.4327,High Coverage,Stable
2026-05-23,6666,21,7777,370.33,157.58,4.71,6.43,0.4255,High Coverage,Stable
2026-05-23,6667,22,19276,876.18,423.84,8.0,13.36,0.4837,High Coverage,Stable
2026-05-23,6668,22,4995,227.05,74.72,3.45,5.36,0.3291,High Coverage,Stable
2026-05-23,6672,16,7882,492.63,197.7,4.75,8.5,0.4013,Medium Coverage,Stable
2026-05-23,6673,21,6222,296.29,160.0,3.57,5.67,0.54,High Coverage,Moderate
2026-05-23,6674,20,3882,194.1,57.38,3.45,5.25,0.2956,High Coverage,Stable
2026-05-23,6675,19,2394,126.0,39.94,2.37,4.42,0.317,High Coverage,Stable
2026-05-23,6676,22,5749,261.32,79.31,3.68,6.0,0.3035,High Coverage,Stable
2026-05-23,6677,20,5635,281.75,126.85,3.9,6.8,0.4502,High Coverage,Stable
2026-05-23,6678,21,4471,212.9,78.7,2.95,5.38,0.3696,High Coverage,Stable
2026-05-23,6679,18,6063,336.83,117.59,5.22,6.28,0.3491,High Coverage,Stable
2026-05-23,6680,19,6923,364.37,197.39,5.0,8.47,0.5417,High Coverage,Moderate
2026-05-23,6682,21,17178,818.0,387.99,8.81,14.33,0.4743,High Coverage,Stable
2026-05-23,6685,22,5316,241.64,119.55,4.41,5.09,0.4947,High Coverage,Stable
2026-05-23,6687,21,21206,1009.81,480.72,10.81,18.33,0.476,High Coverage,Stable
2026-05-23,6688,17,2231,131.24,22.16,2.06,3.65,0.1689,Medium Coverage,Stable
2026-05-23,6689,16,1536,96.0,10.05,2.0,2.06,0.1047,Medium Coverage,Stable
2026-05-23,6690,17,1635,96.18,22.48,1.82,2.82,0.2337,Medium Coverage,Stable
2026-05-23,6691,17,1730,101.76,23.54,1.82,2.82,0.2313,Medium Coverage,Stable
2026-05-23,6692,21,9824,467.81,179.66,5.0,8.24,0.384,High Coverage,Stable
2026-05-23,6693,20,13743,687.15,353.8,6.45,12.95,0.5149,High Coverage,Moderate
2026-05-23,6698,20,10370,518.5,209.01,5.1,8.65,0.4031,High Coverage,Stable
2026-05-23,6700,22,6677,303.5,91.97,3.05,6.23,0.303,High Coverage,Stable
2026-05-23,6701,19,2713,142.79,48.86,2.11,3.53,0.3422,High Coverage,Stable
2026-05-23,6702,19,5693,299.63,111.73,3.26,5.95,0.3729,High Coverage,Stable
2026-05-23,6703,22,14574,662.45,163.32,6.18,12.95,0.2465,High Coverage,Stable
2026-05-23,6704,23,14267,620.3,288.55,7.35,11.22,0.4652,High Coverage,Stable
2026-05-23,6705,22,28865,1312.05,491.15,12.27,20.77,0.3743,High Coverage,Stable
2026-05-23,6706,22,16417,746.23,288.86,7.23,14.95,0.3871,High Coverage,Stable
2026-05-23,6707,20,7673,383.65,157.01,4.25,7.7,0.4093,High Coverage,Stable
2026-05-23,6708,20,5177,258.85,100.33,4.5,5.75,0.3876,High Coverage,Stable
2026-05-23,6709,15,2790,186.0,52.89,3.0,3.6,0.2844,Medium Coverage,Stable
2026-05-23,6710,10,1420,142.0,32.19,1.8,2.6,0.2267,Medium Coverage,Stable
2026-05-23,6712,22,19650,893.18,422.12,8.86,14.77,0.4726,High Coverage,Stable
2026-05-23,6713,21,6879,327.57,97.57,3.1,6.9,0.2979,High Coverage,Stable
2026-05-23,6715,23,15719,683.43,293.72,6.22,11.87,0.4298,High Coverage,Stable
2026-05-23,6722,23,8429,366.48,196.78,3.7,8.48,0.5369,High Coverage,Moderate
2026-05-23,6723,21,4400,209.52,79.5,3.43,5.05,0.3794,High Coverage,Stable
2026-05-23,6724,23,12814,557.13,299.93,5.78,10.57,0.5384,High Coverage,Moderate
2026-05-23,6725,21,5345,254.52,88.79,3.14,5.71,0.3488,High Coverage,Stable
2026-05-23,6726,19,7383,388.58,164.13,4.21,6.47,0.4224,High Coverage,Stable
2026-05-23,6727,22,9744,442.91,205.64,5.77,6.95,0.4643,High Coverage,Stable
2026-05-23,6728,23,18299,795.61,370.7,7.48,13.52,0.4659,High Coverage,Stable
2026-05-23,6730,19,13399,705.21,416.73,6.84,11.42,0.5909,High Coverage,Moderate
2026-05-23,6737,21,14440,687.62,325.35,6.71,10.48,0.4732,High Coverage,Stable
2026-05-23,6738,22,19345,879.32,260.15,8.77,14.91,0.2959,High Coverage,Stable
2026-05-23,6741,24,13379,557.46,330.29,5.17,9.13,0.5925,High Coverage,Moderate
2026-05-23,6747,21,8275,394.05,192.6,4.29,7.24,0.4888,High Coverage,Stable
2026-05-23,6748,19,7254,381.79,115.53,3.68,7.47,0.3026,High Coverage,Stable
2026-05-23,6749,22,15736,715.27,312.78,6.68,11.95,0.4373,High Coverage,Stable
2026-05-23,6776,16,1064,66.5,13.97,1.0,1.88,0.21,Medium Coverage,Stable
2026-05-23,6779,16,1483,92.69,38.32,1.06,2.75,0.4135,Medium Coverage,Stable
2026-05-23,6780,17,2732,160.71,55.56,2.53,4.88,0.3457,Medium Coverage,Stable
2026-05-23,6790,19,2329,122.58,36.87,2.58,7.74,0.3008,High Coverage,Stable
2026-05-23,6796,19,4013,211.21,56.42,1.95,5.26,0.2671,High Coverage,Stable
2026-05-23,6799,14,1947,139.07,38.16,2.43,3.29,0.2744,Medium Coverage,Stable
2026-05-23,6800,14,1977,141.21,49.16,1.93,2.71,0.3481,Medium Coverage,Stable
2026-05-23,6804,13,876,67.38,49.12,1.31,1.77,0.729,Medium Coverage,Moderate
2026-05-23,6805,13,906,69.69,45.7,1.23,1.69,0.6557,Medium Coverage,Moderate
2026-05-23,6806,20,2708,135.4,34.35,2.65,4.35,0.2537,High Coverage,Stable
2026-05-23,6811,16,1719,107.44,21.33,1.56,4.44,0.1986,Medium Coverage,Stable
2026-05-23,6817,19,5193,273.32,111.32,4.79,6.95,0.4073,High Coverage,Stable
2026-05-23,6818,19,3410,179.47,66.94,1.63,4.63,0.373,High Coverage,Stable
2026-05-23,6819,19,9812,516.42,226.01,4.74,10.11,0.4376,High Coverage,Stable
2026-05-23,6821,19,11037,580.89,218.77,5.47,11.47,0.3766,High Coverage,Stable
2026-05-23,6822,17,5776,339.76,126.14,3.35,6.47,0.3712,Medium Coverage,Stable
2026-05-23,6823,12,1240,103.33,42.9,1.83,4.5,0.4152,Medium Coverage,Stable
2026-05-23,6825,11,1196,108.73,16.69,2.0,4.45,0.1535,Medium Coverage,Stable
2026-05-23,6827,12,2190,182.5,68.42,1.92,4.92,0.3749,Medium Coverage,Stable
2026-05-23,6828,15,2907,193.8,53.34,1.73,4.2,0.2752,Medium Coverage,Stable
2026-05-23,6830,6,1479,246.5,172.65,3.17,4.5,0.7004,Low Coverage,Moderate
2026-05-23,6831,3,416,138.67,112.29,2.0,3.0,0.8098,Low Coverage,Moderate
2026-05-23,6833,3,476,158.67,124.39,2.33,3.67,0.784,Low Coverage,Moderate
2026-05-23,6834,9,3589,398.78,313.32,5.44,5.78,0.7857,Low Coverage,Moderate
2026-05-23,6835,6,1779,296.5,189.4,3.5,5.0,0.6388,Low Coverage,Moderate
2026-05-23,6836,3,438,146.0,85.85,2.0,3.33,0.588,Low Coverage,Moderate
2026-05-23,6837,7,1305,186.43,165.89,2.71,3.29,0.8899,Low Coverage,Moderate
2026-05-23,6838,7,1754,250.57,176.67,3.14,4.57,0.7051,Low Coverage,Moderate
2026-05-23,6840,6,1383,230.5,165.01,2.83,4.33,0.7159,Low Coverage,Moderate
2026-05-23,6841,9,3756,417.33,258.52,4.89,6.22,0.6195,Low Coverage,Moderate
2026-05-23,6843,13,945,72.69,25.87,1.85,2.77,0.3558,Medium Coverage,Stable
2026-05-23,6844,14,916,65.43,18.57,1.64,2.57,0.2838,Medium Coverage,Stable
2026-05-23,7321,21,11693,556.81,282.08,6.62,8.95,0.5066,High Coverage,Moderate
2026-05-23,7322,16,681,42.56,12.8,1.0,2.75,0.3008,Medium Coverage,Stable
2026-05-23,7509,12,2304,192.0,76.5,1.83,4.5,0.3984,Medium Coverage,Stable
2026-05-23,8290,20,5511,275.55,106.08,5.6,5.95,0.385,High Coverage,Stable
2026-05-24,10232,2,135,67.5,51.62,1.0,1.5,0.7647,Low Coverage,Moderate
2026-05-24,11201,4,1063,265.75,197.42,3.25,5.0,0.7429,Low Coverage,Moderate
2026-05-24,11202,3,337,112.33,7.37,1.0,4.67,0.0656,Low Coverage,Stable
2026-05-24,11692,6,1380,230.0,164.26,3.0,4.17,0.7142,Low Coverage,Moderate
2026-05-24,11696,4,1001,250.25,129.46,3.25,5.0,0.5173,Low Coverage,Moderate
2026-05-24,12940,5,1247,249.4,114.79,3.4,5.0,0.4603,Low Coverage,Stable
2026-05-24,16717,3,555,185.0,161.13,3.0,4.33,0.871,Low Coverage,Moderate
2026-05-24,16718,10,5040,504.0,358.5,5.3,9.3,0.7113,Medium Coverage,Moderate
2026-05-24,16719,6,623,103.83,9.02,1.0,2.33,0.0869,Low Coverage,Stable
2026-05-24,17707,5,1129,225.8,144.08,3.0,6.4,0.6381,Low Coverage,Moderate
2026-05-24,18705,6,1922,320.33,175.99,3.33,5.67,0.5494,Low Coverage,Moderate
2026-05-24,20667,3,463,154.33,91.66,1.67,4.0,0.5939,Low Coverage,Moderate
2026-05-24,22638,7,1522,217.43,93.86,3.14,4.86,0.4317,Low Coverage,Stable
2026-05-24,22639,3,443,147.67,103.64,1.67,3.67,0.7018,Low Coverage,Moderate
2026-05-24,23384,7,4100,585.71,468.96,6.29,10.0,0.8007,Low Coverage,Moderate
2026-05-24,29038,5,1283,256.6,193.71,3.0,5.0,0.7549,Low Coverage,Moderate
2026-05-24,30036,4,333,83.25,37.24,1.0,3.5,0.4473,Low Coverage,Stable
2026-05-24,30037,6,363,60.5,28.09,2.5,2.83,0.4643,Low Coverage,Stable
2026-05-24,30038,5,472,94.4,31.83,1.8,1.8,0.3372,Low Coverage,Stable
2026-05-24,30039,6,632,105.33,44.84,2.0,2.17,0.4257,Low Coverage,Stable
2026-05-24,30040,6,563,93.83,58.09,2.0,2.5,0.6191,Low Coverage,Moderate
2026-05-24,30042,3,376,125.33,107.86,1.67,3.33,0.8606,Low Coverage,Moderate
2026-05-24,30043,5,762,152.4,102.23,1.6,3.8,0.6708,Low Coverage,Moderate
2026-05-24,30044,3,272,90.67,48.56,2.0,3.0,0.5356,Low Coverage,Moderate
2026-05-24,30045,3,453,151.0,123.05,2.33,3.33,0.8149,Low Coverage,Moderate
2026-05-24,30046,9,2220,246.67,121.53,2.67,5.22,0.4927,Low Coverage,Stable
2026-05-24,30047,4,302,75.5,66.3,2.0,3.0,0.8782,Low Coverage,Moderate
2026-05-24,30048,3,216,72.0,38.43,2.67,2.67,0.5338,Low Coverage,Moderate
2026-05-24,30049,4,533,133.25,57.85,2.75,4.75,0.4342,Low Coverage,Stable
2026-05-24,30050,4,455,113.75,43.62,2.75,4.25,0.3835,Low Coverage,Stable
2026-05-24,30051,4,398,99.5,45.14,2.25,4.0,0.4537,Low Coverage,Stable
2026-05-24,30055,5,1012,202.4,119.22,2.4,5.2,0.589,Low Coverage,Moderate
2026-05-24,30584,4,487,121.75,85.44,2.5,3.75,0.7018,Low Coverage,Moderate
2026-05-24,31816,2,218,109.0,2.83,2.0,2.5,0.0259,Low Coverage,Stable
2026-05-24,31817,2,139,69.5,36.06,2.0,2.0,0.5189,Low Coverage,Moderate
2026-05-24,31818,4,293,73.25,50.76,1.5,3.25,0.693,Low Coverage,Moderate
2026-05-24,31819,4,849,212.25,157.27,2.25,4.5,0.741,Low Coverage,Moderate
2026-05-24,31821,3,287,95.67,41.96,1.67,3.33,0.4386,Low Coverage,Stable
2026-05-24,31822,3,244,81.33,19.86,1.67,2.67,0.2442,Low Coverage,Stable
2026-05-24,32799,8,1418,177.25,94.98,2.63,5.0,0.5358,Low Coverage,Moderate
2026-05-24,33292,4,600,150.0,36.27,3.25,3.25,0.2418,Low Coverage,Stable
2026-05-24,33538,5,622,124.4,103.3,1.6,4.2,0.8304,Low Coverage,Moderate
2026-05-24,34042,3,166,55.33,45.06,1.67,2.0,0.8143,Low Coverage,Moderate
2026-05-24,34043,2,171,85.5,33.23,1.5,2.5,0.3887,Low Coverage,Stable
2026-05-24,34540,2,144,72.0,4.24,2.0,3.5,0.0589,Low Coverage,Stable
2026-05-24,34541,2,216,108.0,33.94,2.0,2.5,0.3143,Low Coverage,Stable
2026-05-24,34542,9,2613,290.33,165.02,3.11,7.11,0.5684,Low Coverage,Moderate
2026-05-24,34543,8,1375,171.88,84.15,1.88,4.38,0.4896,Low Coverage,Stable
2026-05-24,36799,7,404,57.71,41.18,1.86,2.14,0.7135,Low Coverage,Moderate
2026-05-24,37807,9,4477,497.44,314.82,5.11,10.0,0.6329,Low Coverage,Moderate
2026-05-24,37808,8,3554,444.25,174.9,4.75,10.25,0.3937,Low Coverage,Stable
2026-05-24,37809,7,2720,388.57,201.23,4.43,9.57,0.5179,Low Coverage,Moderate
2026-05-24,37810,8,4206,525.75,267.86,5.63,10.25,0.5095,Low Coverage,Moderate
2026-05-24,38311,8,3297,412.13,223.57,4.5,9.75,0.5425,Low Coverage,Moderate
2026-05-24,39304,3,368,122.67,89.95,2.0,3.67,0.7333,Low Coverage,Moderate
2026-05-24,39307,5,485,97.0,33.51,1.0,3.8,0.3455,Low Coverage,Stable
2026-05-24,40855,9,1564,173.78,56.16,1.67,4.44,0.3232,Low Coverage,Stable
2026-05-24,46099,4,484,121.0,108.45,2.0,5.5,0.8963,Low Coverage,Moderate
2026-05-24,46604,7,2689,384.14,207.56,4.14,8.57,0.5403,Low Coverage,Moderate
2026-05-24,48855,3,409,136.33,109.44,1.67,4.0,0.8027,Low Coverage,Moderate
2026-05-24,6612,6,2886,481.0,180.4,5.0,11.0,0.375,Low Coverage,Stable
2026-05-24,6613,9,3012,334.67,205.07,3.78,7.11,0.6128,Low Coverage,Moderate
2026-05-24,6614,5,1926,385.2,195.75,4.2,7.0,0.5082,Low Coverage,Moderate
2026-05-24,6615,7,1317,188.14,96.93,4.0,6.29,0.5152,Low Coverage,Moderate
2026-05-24,6616,8,1483,185.38,112.29,3.75,5.88,0.6058,Low Coverage,Moderate
2026-05-24,6617,7,3120,445.71,234.92,4.86,7.14,0.5271,Low Coverage,Moderate
2026-05-24,6618,8,3119,389.88,191.09,4.25,8.63,0.4901,Low Coverage,Stable
2026-05-24,6619,10,4145,414.5,270.09,4.6,8.9,0.6516,Medium Coverage,Moderate
2026-05-24,6620,8,3010,376.25,238.06,4.0,7.75,0.6327,Low Coverage,Moderate
2026-05-24,6621,9,1667,185.22,98.62,3.78,5.67,0.5324,Low Coverage,Moderate
2026-05-24,6622,8,4862,607.75,434.37,6.38,9.0,0.7147,Low Coverage,Moderate
2026-05-24,6623,8,2892,361.5,213.48,3.75,7.75,0.5905,Low Coverage,Moderate
2026-05-24,6624,9,6015,668.33,466.24,7.44,13.22,0.6976,Low Coverage,Moderate
2026-05-24,6625,9,3832,425.78,242.09,4.67,9.11,0.5686,Low Coverage,Moderate
2026-05-24,6626,7,2644,377.71,207.2,4.0,8.14,0.5486,Low Coverage,Moderate
2026-05-24,6627,7,3660,522.86,425.55,5.71,9.0,0.8139,Low Coverage,Moderate
2026-05-24,6628,7,1281,183.0,92.41,4.0,4.57,0.505,Low Coverage,Moderate
2026-05-24,6629,6,872,145.33,72.16,2.33,4.0,0.4965,Low Coverage,Stable
2026-05-24,6630,6,1466,244.33,84.95,3.67,5.67,0.3477,Low Coverage,Stable
2026-05-24,6631,6,556,92.67,58.63,2.0,3.17,0.6327,Low Coverage,Moderate
2026-05-24,6633,10,3754,375.4,178.22,4.2,8.6,0.4747,Medium Coverage,Stable
2026-05-24,6636,6,3498,583.0,346.87,6.5,10.5,0.595,Low Coverage,Moderate
2026-05-24,6637,9,1920,213.33,117.77,3.78,5.56,0.552,Low Coverage,Moderate
2026-05-24,6638,3,607,202.33,156.35,2.33,4.33,0.7728,Low Coverage,Moderate
2026-05-24,6641,9,3780,420.0,314.39,4.89,8.22,0.7485,Low Coverage,Moderate
2026-05-24,6642,9,4131,459.0,217.77,4.78,9.11,0.4744,Low Coverage,Stable
2026-05-24,6643,6,1073,178.83,120.38,2.33,4.0,0.6731,Low Coverage,Moderate
2026-05-24,6644,5,786,157.2,61.49,1.6,4.0,0.3912,Low Coverage,Stable
2026-05-24,6645,8,2134,266.75,155.9,3.25,7.13,0.5844,Low Coverage,Moderate
2026-05-24,6646,6,1287,214.5,151.13,2.5,4.17,0.7046,Low Coverage,Moderate
2026-05-24,6647,8,1006,125.75,86.66,2.5,3.88,0.6891,Low Coverage,Moderate
2026-05-24,6648,4,808,202.0,140.1,2.75,4.0,0.6936,Low Coverage,Moderate
2026-05-24,6649,8,2456,307.0,217.04,3.5,6.75,0.707,Low Coverage,Moderate
2026-05-24,6650,6,830,138.33,69.45,2.67,3.0,0.502,Low Coverage,Moderate
2026-05-24,6651,8,1962,245.25,196.44,3.0,5.88,0.801,Low Coverage,Moderate
2026-05-24,6652,6,967,161.17,127.19,2.67,3.67,0.7892,Low Coverage,Moderate
2026-05-24,6654,6,967,161.17,120.65,3.83,4.0,0.7486,Low Coverage,Moderate
2026-05-24,6657,6,1063,177.17,119.66,2.5,3.33,0.6754,Low Coverage,Moderate
2026-05-24,6658,5,660,132.0,87.31,1.6,4.6,0.6614,Low Coverage,Moderate
2026-05-24,6659,7,1095,156.43,82.77,2.29,4.0,0.5291,Low Coverage,Moderate
2026-05-24,6660,5,780,156.0,106.67,2.8,3.6,0.6838,Low Coverage,Moderate
2026-05-24,6661,5,786,157.2,129.24,2.6,3.8,0.8221,Low Coverage,Moderate
2026-05-24,6662,7,978,139.71,85.09,1.86,3.57,0.609,Low Coverage,Moderate
2026-05-24,6663,5,975,195.0,85.05,3.2,5.0,0.4362,Low Coverage,Stable
2026-05-24,6664,6,762,127.0,45.73,1.67,2.5,0.3601,Low Coverage,Stable
2026-05-24,6665,5,866,173.2,93.33,2.8,3.8,0.5388,Low Coverage,Moderate
2026-05-24,6666,7,1249,178.43,89.8,2.43,3.57,0.5033,Low Coverage,Moderate
2026-05-24,6667,7,3118,445.43,356.57,5.14,8.0,0.8005,Low Coverage,Moderate
2026-05-24,6668,8,1434,179.25,89.96,2.38,4.5,0.5019,Low Coverage,Moderate
2026-05-24,6672,4,1300,325.0,185.98,3.5,6.25,0.5722,Low Coverage,Moderate
2026-05-24,6673,7,798,114.0,69.95,1.71,2.71,0.6136,Low Coverage,Moderate
2026-05-24,6674,4,440,110.0,71.75,2.0,3.5,0.6523,Low Coverage,Moderate
2026-05-24,6675,3,229,76.33,55.58,2.0,3.0,0.7281,Low Coverage,Moderate
2026-05-24,6676,7,893,127.57,88.94,1.86,3.43,0.6972,Low Coverage,Moderate
2026-05-24,6677,5,861,172.2,92.83,2.8,4.4,0.5391,Low Coverage,Moderate
2026-05-24,6678,5,633,126.6,99.44,2.0,3.6,0.7855,Low Coverage,Moderate
2026-05-24,6679,3,701,233.67,117.5,3.33,5.0,0.5029,Low Coverage,Moderate
2026-05-24,6680,5,673,134.6,115.65,2.8,3.8,0.8592,Low Coverage,Moderate
2026-05-24,6682,7,2745,392.14,278.51,4.43,7.86,0.7102,Low Coverage,Moderate
2026-05-24,6685,6,587,97.83,43.01,1.5,1.5,0.4397,Low Coverage,Stable
2026-05-24,6687,6,2719,453.17,276.21,5.83,8.17,0.6095,Low Coverage,Moderate
2026-05-24,6688,2,75,37.5,9.19,1.5,1.5,0.2451,Low Coverage,Stable
2026-05-24,6690,2,203,101.5,2.12,1.5,2.5,0.0209,Low Coverage,Stable
2026-05-24,6691,1,82,82.0,0.0,1.0,1.0,0.0,Low Coverage,Stable
2026-05-24,6692,6,1877,312.83,130.25,3.33,5.83,0.4163,Low Coverage,Stable
2026-05-24,6693,6,1686,281.0,193.01,3.33,6.17,0.6869,Low Coverage,Moderate
2026-05-24,6698,6,2591,431.83,249.98,4.83,7.83,0.5789,Low Coverage,Moderate
2026-05-24,6700,5,1122,224.4,89.63,3.8,5.2,0.3994,Low Coverage,Stable
2026-05-24,6701,4,281,70.25,29.03,1.5,2.25,0.4133,Low Coverage,Stable
2026-05-24,6702,2,300,150.0,15.56,2.0,2.5,0.1037,Low Coverage,Stable
2026-05-24,6703,8,3902,487.75,257.3,5.25,10.0,0.5275,Low Coverage,Moderate
2026-05-24,6704,9,2926,325.11,254.47,4.33,6.67,0.7827,Low Coverage,Moderate
2026-05-24,6705,8,5796,724.5,416.46,7.63,12.38,0.5748,Low Coverage,Moderate
2026-05-24,6706,8,3413,426.63,244.96,4.88,9.5,0.5742,Low Coverage,Moderate
2026-05-24,6707,6,1279,213.17,140.81,3.33,4.67,0.6606,Low Coverage,Moderate
2026-05-24,6708,5,1048,209.6,73.35,2.6,5.2,0.3499,Low Coverage,Stable
2026-05-24,6712,6,2456,409.33,346.12,4.83,7.17,0.8456,Low Coverage,Moderate
2026-05-24,6713,7,1577,225.29,138.39,2.29,5.71,0.6143,Low Coverage,Moderate
2026-05-24,6715,9,3791,421.22,282.05,4.22,7.78,0.6696,Low Coverage,Moderate
2026-05-24,6722,8,1576,197.0,93.16,2.0,5.0,0.4729,Low Coverage,Stable
2026-05-24,6723,6,759,126.5,75.82,2.33,3.5,0.5994,Low Coverage,Moderate
2026-05-24,6724,9,2468,274.22,149.11,3.11,6.22,0.5437,Low Coverage,Moderate
2026-05-24,6725,6,826,137.67,79.94,2.67,3.83,0.5807,Low Coverage,Moderate
2026-05-24,6726,4,711,177.75,119.53,2.25,3.5,0.6724,Low Coverage,Moderate
2026-05-24,6727,7,1121,160.14,81.65,1.86,2.86,0.5098,Low Coverage,Moderate
2026-05-24,6728,9,3587,398.56,255.57,4.33,7.56,0.6412,Low Coverage,Moderate
2026-05-24,6730,3,1121,373.67,268.31,4.33,7.33,0.7181,Low Coverage,Moderate
2026-05-24,6737,7,2170,310.0,178.5,4.0,5.43,0.5758,Low Coverage,Moderate
2026-05-24,6738,9,4364,484.89,327.2,5.11,8.78,0.6748,Low Coverage,Moderate
2026-05-24,6741,10,2671,267.1,205.96,2.9,4.9,0.7711,Medium Coverage,Moderate
2026-05-24,6747,5,1150,230.0,179.18,3.4,4.8,0.7791,Low Coverage,Moderate
2026-05-24,6748,5,1003,200.6,158.32,3.0,4.2,0.7892,Low Coverage,Moderate
2026-05-24,6749,8,3341,417.63,261.38,4.5,7.5,0.6259,Low Coverage,Moderate
2026-05-24,6776,2,125,62.5,24.75,1.0,1.5,0.396,Low Coverage,Stable
2026-05-24,6780,2,263,131.5,51.62,2.0,4.0,0.3925,Low Coverage,Stable
2026-05-24,6790,4,292,73.0,41.3,2.0,5.25,0.5658,Low Coverage,Moderate
2026-05-24,6796,4,504,126.0,86.84,1.75,3.25,0.6892,Low Coverage,Moderate
2026-05-24,6799,3,383,127.67,67.93,2.0,2.67,0.5321,Low Coverage,Moderate
2026-05-24,6800,2,302,151.0,7.07,2.0,2.5,0.0468,Low Coverage,Stable
2026-05-24,6806,3,353,117.67,8.5,1.67,3.33,0.0723,Low Coverage,Stable
2026-05-24,6811,2,152,76.0,31.11,2.0,3.0,0.4094,Low Coverage,Stable
2026-05-24,6817,3,474,158.0,81.55,3.0,3.67,0.5162,Low Coverage,Moderate
2026-05-24,6818,4,373,93.25,24.76,1.0,2.25,0.2655,Low Coverage,Stable
2026-05-24,6819,4,787,196.75,117.71,2.5,4.0,0.5983,Low Coverage,Moderate
2026-05-24,6821,4,970,242.5,163.47,3.25,5.0,0.6741,Low Coverage,Moderate
2026-05-24,6822,3,915,305.0,132.73,4.0,6.67,0.4352,Low Coverage,Stable
2026-05-24,6823,2,128,64.0,50.91,1.0,2.5,0.7955,Low Coverage,Moderate
2026-05-24,6825,1,28,28.0,0.0,1.0,2.0,0.0,Low Coverage,Stable
2026-05-24,6828,1,16,16.0,0.0,1.0,1.0,0.0,Low Coverage,Stable
2026-05-24,6830,5,1574,314.8,140.51,3.2,4.8,0.4463,Low Coverage,Stable
2026-05-24,6831,3,454,151.33,117.02,2.0,3.0,0.7733,Low Coverage,Moderate
2026-05-24,6833,3,511,170.33,128.16,2.67,3.67,0.7524,Low Coverage,Moderate
2026-05-24,6834,9,4521,502.33,230.12,6.67,7.11,0.4581,Low Coverage,Stable
2026-05-24,6835,6,1802,300.33,191.3,3.83,5.33,0.637,Low Coverage,Moderate
2026-05-24,6836,3,458,152.67,73.51,2.0,3.33,0.4815,Low Coverage,Stable
2026-05-24,6837,9,1868,207.56,154.1,2.67,3.78,0.7425,Low Coverage,Moderate
2026-05-24,6838,5,1988,397.6,179.19,4.0,6.6,0.4507,Low Coverage,Stable
2026-05-24,6840,5,1264,252.8,145.37,3.2,4.8,0.575,Low Coverage,Moderate
2026-05-24,6841,9,4709,523.22,254.87,6.22,8.0,0.4871,Low Coverage,Stable
2026-05-24,6843,1,35,35.0,0.0,1.0,2.0,0.0,Low Coverage,Stable
2026-05-24,6844,1,68,68.0,0.0,2.0,3.0,0.0,Low Coverage,Stable
2026-05-24,7321,6,1645,274.17,190.17,3.67,4.83,0.6936,Low Coverage,Moderate
2026-05-24,7322,2,57,28.5,6.36,1.0,2.0,0.2233,Low Coverage,Stable
2026-05-24,7509,1,20,20.0,0.0,1.0,1.0,0.0,Low Coverage,Stable
2026-05-24,8290,4,831,207.75,95.4,3.0,4.25,0.4592,Low Coverage,Stable
