service_date,route_id,total_observations,unique_vehicles,unique_trips,missing_location_rows,missing_vehicle_rows,missing_route_rows,valid_row_percentage
2026-05-08,10232,209,1,4,0,0,0,100.0
2026-05-08,11201,873,4,11,0,0,0,100.0
2026-05-08,11692,842,7,11,0,0,0,100.0
2026-05-08,11693,589,6,8,0,0,0,100.0
2026-05-08,11696,933,5,15,0,0,0,100.0
2026-05-08,12940,507,5,10,0,0,0,100.0
2026-05-08,13684,21,1,1,0,0,0,100.0
2026-05-08,16717,1067,4,16,0,0,0,100.0
2026-05-08,16718,1443,6,24,0,0,0,100.0
2026-05-08,16719,241,2,6,0,0,0,100.0
2026-05-08,17707,553,7,16,0,0,0,100.0
2026-05-08,18705,610,5,10,0,0,0,100.0
2026-05-08,20667,452,2,11,0,0,0,100.0
2026-05-08,22638,656,4,13,0,0,0,100.0
2026-05-08,22639,9,1,1,0,0,0,100.0
2026-05-08,23384,3231,18,36,0,0,0,100.0
2026-05-08,29038,821,8,11,0,0,0,100.0
2026-05-08,30036,268,1,12,0,0,0,100.0
2026-05-08,30037,236,7,7,0,0,0,100.0
2026-05-08,30038,232,6,7,0,0,0,100.0
2026-05-08,30039,263,4,6,0,0,0,100.0
2026-05-08,30040,293,4,8,0,0,0,100.0
2026-05-08,30043,715,8,16,0,0,0,100.0
2026-05-08,30044,247,2,6,0,0,0,100.0
2026-05-08,30045,81,1,2,0,0,0,100.0
2026-05-08,30046,676,6,15,0,0,0,100.0
2026-05-08,30047,279,5,11,0,0,0,100.0
2026-05-08,30048,296,5,12,0,0,0,100.0
2026-05-08,30049,311,5,11,0,0,0,100.0
2026-05-08,30050,337,6,10,0,0,0,100.0
2026-05-08,30051,134,3,6,0,0,0,100.0
2026-05-08,30055,1120,6,34,0,0,0,100.0
2026-05-08,30584,255,4,7,0,0,0,100.0
2026-05-08,31818,272,1,11,0,0,0,100.0
2026-05-08,31819,519,2,11,0,0,0,100.0
2026-05-08,31821,52,1,2,0,0,0,100.0
2026-05-08,31822,67,1,2,0,0,0,100.0
2026-05-08,32799,805,6,19,0,0,0,100.0
2026-05-08,33292,564,5,13,0,0,0,100.0
2026-05-08,33538,549,3,21,0,0,0,100.0
2026-05-08,34042,65,2,3,0,0,0,100.0
2026-05-08,34043,90,2,2,0,0,0,100.0
2026-05-08,34540,198,2,4,0,0,0,100.0
2026-05-08,34541,144,2,4,0,0,0,100.0
2026-05-08,34542,1119,6,26,0,0,0,100.0
2026-05-08,34543,544,3,14,0,0,0,100.0
2026-05-08,36799,161,4,7,0,0,0,100.0
2026-05-08,37807,1883,7,31,0,0,0,100.0
2026-05-08,37808,1418,7,30,0,0,0,100.0
2026-05-08,37809,1348,6,29,0,0,0,100.0
2026-05-08,37810,2147,10,35,0,0,0,100.0
2026-05-08,38311,1270,5,29,0,0,0,100.0
2026-05-08,39304,179,2,7,0,0,0,100.0
2026-05-08,39307,430,2,20,0,0,0,100.0
2026-05-08,40855,519,2,14,0,0,0,100.0
2026-05-08,46099,377,2,18,0,0,0,100.0
2026-05-08,46604,1731,8,33,0,0,0,100.0
2026-05-08,48855,104,2,3,0,0,0,100.0
2026-05-08,6612,1339,5,28,0,0,0,100.0
2026-05-08,6613,1696,7,31,0,0,0,100.0
2026-05-08,6614,1321,5,23,0,0,0,100.0
2026-05-08,6615,928,7,28,0,0,0,100.0
2026-05-08,6616,801,7,26,0,0,0,100.0
2026-05-08,6617,2087,8,26,0,0,0,100.0
2026-05-08,6618,1767,7,32,0,0,0,100.0
2026-05-08,6619,1868,7,31,0,0,0,100.0
2026-05-08,6620,1541,7,24,0,0,0,100.0
2026-05-08,6621,701,6,19,0,0,0,100.0
2026-05-08,6622,2414,12,28,0,0,0,100.0
2026-05-08,6623,1223,5,20,0,0,0,100.0
2026-05-08,6624,2248,12,31,0,0,0,100.0
2026-05-08,6625,2098,8,33,0,0,0,100.0
2026-05-08,6626,1604,6,27,0,0,0,100.0
2026-05-08,6627,1647,9,21,0,0,0,100.0
2026-05-08,6628,574,6,11,0,0,0,100.0
2026-05-08,6629,417,4,10,0,0,0,100.0
2026-05-08,6630,787,3,14,0,0,0,100.0
2026-05-08,6631,271,2,10,0,0,0,100.0
2026-05-08,6633,1119,7,22,0,0,0,100.0
2026-05-08,6636,2312,13,29,0,0,0,100.0
2026-05-08,6637,797,7,19,0,0,0,100.0
2026-05-08,6638,685,4,12,0,0,0,100.0
2026-05-08,6641,2197,12,37,0,0,0,100.0
2026-05-08,6642,1730,7,29,0,0,0,100.0
2026-05-08,6643,415,4,8,0,0,0,100.0
2026-05-08,6644,424,3,10,0,0,0,100.0
2026-05-08,6645,886,6,23,0,0,0,100.0
2026-05-08,6646,865,6,14,0,0,0,100.0
2026-05-08,6647,446,7,13,0,0,0,100.0
2026-05-08,6648,564,5,10,0,0,0,100.0
2026-05-08,6649,932,9,20,0,0,0,100.0
2026-05-08,6650,703,5,14,0,0,0,100.0
2026-05-08,6651,947,8,20,0,0,0,100.0
2026-05-08,6652,508,5,10,0,0,0,100.0
2026-05-08,6654,602,4,11,0,0,0,100.0
2026-05-08,6657,987,5,16,0,0,0,100.0
2026-05-08,6658,561,3,19,0,0,0,100.0
2026-05-08,6659,523,2,15,0,0,0,100.0
2026-05-08,6660,377,4,8,0,0,0,100.0
2026-05-08,6661,495,6,9,0,0,0,100.0
2026-05-08,6662,519,5,14,0,0,0,100.0
2026-05-08,6663,557,3,15,0,0,0,100.0
2026-05-08,6664,596,4,12,0,0,0,100.0
2026-05-08,6665,694,3,12,0,0,0,100.0
2026-05-08,6666,736,5,12,0,0,0,100.0
2026-05-08,6667,1662,11,21,0,0,0,100.0
2026-05-08,6668,526,3,12,0,0,0,100.0
2026-05-08,6673,362,5,8,0,0,0,100.0
2026-05-08,6674,347,4,9,0,0,0,100.0
2026-05-08,6675,269,2,10,0,0,0,100.0
2026-05-08,6676,550,7,14,0,0,0,100.0
2026-05-08,6677,514,4,13,0,0,0,100.0
2026-05-08,6678,384,3,8,0,0,0,100.0
2026-05-08,6679,527,3,8,0,0,0,100.0
2026-05-08,6680,378,4,11,0,0,0,100.0
2026-05-08,6682,1332,8,22,0,0,0,100.0
2026-05-08,6685,338,4,7,0,0,0,100.0
2026-05-08,6687,1364,8,20,0,0,0,100.0
2026-05-08,6688,243,2,6,0,0,0,100.0
2026-05-08,6689,173,2,5,0,0,0,100.0
2026-05-08,6690,222,2,5,0,0,0,100.0
2026-05-08,6691,191,3,5,0,0,0,100.0
2026-05-08,6692,853,4,15,0,0,0,100.0
2026-05-08,6693,872,6,13,0,0,0,100.0
2026-05-08,6698,769,4,10,0,0,0,100.0
2026-05-08,6700,800,4,16,0,0,0,100.0
2026-05-08,6701,246,1,6,0,0,0,100.0
2026-05-08,6702,199,3,4,0,0,0,100.0
2026-05-08,6703,1640,9,30,0,0,0,100.0
2026-05-08,6704,1113,10,18,0,0,0,100.0
2026-05-08,6705,2334,14,28,0,0,0,100.0
2026-05-08,6706,1814,8,36,0,0,0,100.0
2026-05-08,6707,559,9,12,0,0,0,100.0
2026-05-08,6708,602,6,12,0,0,0,100.0
2026-05-08,6709,148,2,3,0,0,0,100.0
2026-05-08,6712,2538,18,36,0,0,0,100.0
2026-05-08,6713,981,4,19,0,0,0,100.0
2026-05-08,6714,325,4,5,0,0,0,100.0
2026-05-08,6715,1169,7,19,0,0,0,100.0
2026-05-08,6722,534,3,12,0,0,0,100.0
2026-05-08,6723,408,4,11,0,0,0,100.0
2026-05-08,6724,816,3,15,0,0,0,100.0
2026-05-08,6725,509,3,10,0,0,0,100.0
2026-05-08,6726,747,7,10,0,0,0,100.0
2026-05-08,6727,883,8,13,0,0,0,100.0
2026-05-08,6728,1814,10,26,0,0,0,100.0
2026-05-08,6730,694,4,8,0,0,0,100.0
2026-05-08,6737,1083,5,13,0,0,0,100.0
2026-05-08,6738,1951,10,28,0,0,0,100.0
2026-05-08,6741,979,6,14,0,0,0,100.0
2026-05-08,6747,399,3,6,0,0,0,100.0
2026-05-08,6748,1232,5,17,0,0,0,100.0
2026-05-08,6749,1468,7,20,0,0,0,100.0
2026-05-08,6776,99,1,3,0,0,0,100.0
2026-05-08,6779,272,1,6,0,0,0,100.0
2026-05-08,6780,260,2,6,0,0,0,100.0
2026-05-08,6790,167,2,18,0,0,0,100.0
2026-05-08,6796,540,2,13,0,0,0,100.0
2026-05-08,6799,326,3,6,0,0,0,100.0
2026-05-08,6800,222,3,4,0,0,0,100.0
2026-05-08,6806,320,3,13,0,0,0,100.0
2026-05-08,6811,256,2,13,0,0,0,100.0
2026-05-08,6817,491,3,14,0,0,0,100.0
2026-05-08,6818,282,2,7,0,0,0,100.0
2026-05-08,6819,493,6,9,0,0,0,100.0
2026-05-08,6821,1078,5,18,0,0,0,100.0
2026-05-08,6822,271,2,4,0,0,0,100.0
2026-05-08,6828,245,1,5,0,0,0,100.0
2026-05-08,6843,81,1,2,0,0,0,100.0
2026-05-08,6844,62,1,2,0,0,0,100.0
2026-05-08,7224,112,1,1,0,0,0,100.0
2026-05-08,7321,790,7,11,0,0,0,100.0
2026-05-08,7322,34,1,2,0,0,0,100.0
2026-05-08,8290,460,6,9,0,0,0,100.0
2026-05-09,11201,313,4,6,0,0,0,100.0
2026-05-09,11692,259,3,4,0,0,0,100.0
2026-05-09,12940,148,2,3,0,0,0,100.0
2026-05-09,16717,520,4,9,0,0,0,100.0
2026-05-09,16718,556,6,12,0,0,0,100.0
2026-05-09,16719,123,1,4,0,0,0,100.0
2026-05-09,17707,104,2,4,0,0,0,100.0
2026-05-09,18705,260,2,5,0,0,0,100.0
2026-05-09,20667,130,2,3,0,0,0,100.0
2026-05-09,22638,372,3,8,0,0,0,100.0
2026-05-09,23384,812,8,11,0,0,0,100.0
2026-05-09,29038,245,4,4,0,0,0,100.0
2026-05-09,30036,126,1,6,0,0,0,100.0
2026-05-09,30037,82,4,4,0,0,0,100.0
2026-05-09,30038,108,4,4,0,0,0,100.0
2026-05-09,30039,143,4,4,0,0,0,100.0
2026-05-09,30040,132,4,4,0,0,0,100.0
2026-05-09,30043,212,2,5,0,0,0,100.0
2026-05-09,30044,130,1,3,0,0,0,100.0
2026-05-09,30046,380,3,8,0,0,0,100.0
2026-05-09,30047,128,4,5,0,0,0,100.0
2026-05-09,30048,156,4,5,0,0,0,100.0
2026-05-09,30049,94,2,4,0,0,0,100.0
2026-05-09,30050,157,3,5,0,0,0,100.0
2026-05-09,30051,4,1,1,0,0,0,100.0
2026-05-09,30055,458,4,13,0,0,0,100.0
2026-05-09,30584,97,1,4,0,0,0,100.0
2026-05-09,31818,130,1,6,0,0,0,100.0
2026-05-09,31819,213,2,5,0,0,0,100.0
2026-05-09,32799,290,3,8,0,0,0,100.0
2026-05-09,33292,262,5,7,0,0,0,100.0
2026-05-09,33538,295,3,10,0,0,0,100.0
2026-05-09,34540,10,1,1,0,0,0,100.0
2026-05-09,34542,390,3,9,0,0,0,100.0
2026-05-09,34543,155,2,5,0,0,0,100.0
2026-05-09,36799,77,2,4,0,0,0,100.0
2026-05-09,37807,943,9,19,0,0,0,100.0
2026-05-09,37808,569,5,13,0,0,0,100.0
2026-05-09,37809,598,5,16,0,0,0,100.0
2026-05-09,37810,852,7,18,0,0,0,100.0
2026-05-09,38311,636,5,14,0,0,0,100.0
2026-05-09,39307,130,1,7,0,0,0,100.0
2026-05-09,40855,260,2,8,0,0,0,100.0
2026-05-09,46099,194,2,9,0,0,0,100.0
2026-05-09,46604,639,5,14,0,0,0,100.0
2026-05-09,6612,647,5,15,0,0,0,100.0
2026-05-09,6613,855,7,15,0,0,0,100.0
2026-05-09,6614,604,5,12,0,0,0,100.0
2026-05-09,6615,420,8,13,0,0,0,100.0
2026-05-09,6616,442,7,12,0,0,0,100.0
2026-05-09,6617,1012,8,15,0,0,0,100.0
2026-05-09,6618,780,6,15,0,0,0,100.0
2026-05-09,6619,880,7,18,0,0,0,100.0
2026-05-09,6620,578,5,11,0,0,0,100.0
2026-05-09,6621,264,6,8,0,0,0,100.0
2026-05-09,6622,1007,8,14,0,0,0,100.0
2026-05-09,6623,478,5,10,0,0,0,100.0
2026-05-09,6624,910,7,16,0,0,0,100.0
2026-05-09,6625,854,7,16,0,0,0,100.0
2026-05-09,6626,726,6,14,0,0,0,100.0
2026-05-09,6627,633,5,9,0,0,0,100.0
2026-05-09,6628,143,3,4,0,0,0,100.0
2026-05-09,6629,109,2,3,0,0,0,100.0
2026-05-09,6630,376,6,7,0,0,0,100.0
2026-05-09,6631,76,2,3,0,0,0,100.0
2026-05-09,6633,385,3,7,0,0,0,100.0
2026-05-09,6636,832,7,15,0,0,0,100.0
2026-05-09,6637,330,6,8,0,0,0,100.0
2026-05-09,6641,1065,9,20,0,0,0,100.0
2026-05-09,6642,729,7,14,0,0,0,100.0
2026-05-09,6643,163,2,4,0,0,0,100.0
2026-05-09,6644,120,1,3,0,0,0,100.0
2026-05-09,6645,294,3,7,0,0,0,100.0
2026-05-09,6646,289,4,5,0,0,0,100.0
2026-05-09,6647,198,5,6,0,0,0,100.0
2026-05-09,6648,130,1,3,0,0,0,100.0
2026-05-09,6649,359,5,7,0,0,0,100.0
2026-05-09,6650,290,5,7,0,0,0,100.0
2026-05-09,6651,260,2,8,0,0,0,100.0
2026-05-09,6652,168,3,4,0,0,0,100.0
2026-05-09,6654,202,3,4,0,0,0,100.0
2026-05-09,6657,363,5,8,0,0,0,100.0
2026-05-09,6658,130,1,4,0,0,0,100.0
2026-05-09,6659,260,2,8,0,0,0,100.0
2026-05-09,6660,165,3,4,0,0,0,100.0
2026-05-09,6661,124,2,3,0,0,0,100.0
2026-05-09,6662,233,2,8,0,0,0,100.0
2026-05-09,6663,258,2,6,0,0,0,100.0
2026-05-09,6664,208,3,4,0,0,0,100.0
2026-05-09,6665,162,2,4,0,0,0,100.0
2026-05-09,6666,236,2,4,0,0,0,100.0
2026-05-09,6667,520,4,9,0,0,0,100.0
2026-05-09,6668,260,2,8,0,0,0,100.0
2026-05-09,6673,214,4,4,0,0,0,100.0
2026-05-09,6674,200,3,5,0,0,0,100.0
2026-05-09,6675,65,1,2,0,0,0,100.0
2026-05-09,6676,264,3,8,0,0,0,100.0
2026-05-09,6677,253,3,8,0,0,0,100.0
2026-05-09,6678,130,1,4,0,0,0,100.0
2026-05-09,6679,34,2,2,0,0,0,100.0
2026-05-09,6680,102,1,3,0,0,0,100.0
2026-05-09,6682,672,6,13,0,0,0,100.0
2026-05-09,6685,163,2,3,0,0,0,100.0
2026-05-09,6687,660,6,11,0,0,0,100.0
2026-05-09,6688,167,2,4,0,0,0,100.0
2026-05-09,6689,89,2,2,0,0,0,100.0
2026-05-09,6690,52,1,2,0,0,0,100.0
2026-05-09,6691,90,1,2,0,0,0,100.0
2026-05-09,6692,252,2,6,0,0,0,100.0
2026-05-09,6693,92,1,1,0,0,0,100.0
2026-05-09,6698,186,3,4,0,0,0,100.0
2026-05-09,6700,367,4,6,0,0,0,100.0
2026-05-09,6701,130,1,5,0,0,0,100.0
2026-05-09,6702,32,1,1,0,0,0,100.0
2026-05-09,6703,779,6,17,0,0,0,100.0
2026-05-09,6704,378,3,10,0,0,0,100.0
2026-05-09,6705,997,11,16,0,0,0,100.0
2026-05-09,6706,632,5,14,0,0,0,100.0
2026-05-09,6707,166,2,4,0,0,0,100.0
2026-05-09,6708,124,1,4,0,0,0,100.0
2026-05-09,6712,884,9,15,0,0,0,100.0
2026-05-09,6713,148,3,5,0,0,0,100.0
2026-05-09,6715,410,4,8,0,0,0,100.0
2026-05-09,6722,146,2,4,0,0,0,100.0
2026-05-09,6723,138,2,4,0,0,0,100.0
2026-05-09,6724,364,3,9,0,0,0,100.0
2026-05-09,6725,112,1,3,0,0,0,100.0
2026-05-09,6726,242,3,4,0,0,0,100.0
2026-05-09,6727,282,3,5,0,0,0,100.0
2026-05-09,6728,705,6,13,0,0,0,100.0
2026-05-09,6730,187,2,2,0,0,0,100.0
2026-05-09,6737,377,4,5,0,0,0,100.0
2026-05-09,6738,1009,9,16,0,0,0,100.0
2026-05-09,6741,324,3,5,0,0,0,100.0
2026-05-09,6747,280,3,4,0,0,0,100.0
2026-05-09,6748,358,4,6,0,0,0,100.0
2026-05-09,6749,508,4,8,0,0,0,100.0
2026-05-09,6779,107,1,2,0,0,0,100.0
2026-05-09,6780,64,1,2,0,0,0,100.0
2026-05-09,6790,66,2,8,0,0,0,100.0
2026-05-09,6796,260,2,6,0,0,0,100.0
2026-05-09,6806,109,3,5,0,0,0,100.0
2026-05-09,6811,15,1,1,0,0,0,100.0
2026-05-09,6817,195,3,4,0,0,0,100.0
2026-05-09,6818,130,1,4,0,0,0,100.0
2026-05-09,6819,379,3,6,0,0,0,100.0
2026-05-09,6821,383,3,8,0,0,0,100.0
2026-05-09,6822,1,1,1,0,0,0,100.0
2026-05-09,6828,130,1,3,0,0,0,100.0
2026-05-09,6834,18,1,1,0,0,0,100.0
2026-05-09,7321,292,3,6,0,0,0,100.0
2026-05-09,8290,158,3,4,0,0,0,100.0
2026-05-10,11201,4,1,1,0,0,0,100.0
2026-05-10,11692,8,2,2,0,0,0,100.0
2026-05-10,12940,4,1,1,0,0,0,100.0
2026-05-10,16717,16,4,4,0,0,0,100.0
2026-05-10,16718,12,3,3,0,0,0,100.0
2026-05-10,16719,4,1,1,0,0,0,100.0
2026-05-10,18705,8,2,2,0,0,0,100.0
2026-05-10,22638,8,2,2,0,0,0,100.0
2026-05-10,23384,8,2,2,0,0,0,100.0
2026-05-10,29038,6,2,2,0,0,0,100.0
2026-05-10,30036,4,1,1,0,0,0,100.0
2026-05-10,30037,8,2,2,0,0,0,100.0
2026-05-10,30040,8,2,2,0,0,0,100.0
2026-05-10,30044,4,1,1,0,0,0,100.0
2026-05-10,30046,12,3,3,0,0,0,100.0
2026-05-10,30047,4,1,1,0,0,0,100.0
2026-05-10,30055,12,3,3,0,0,0,100.0
2026-05-10,30584,2,1,1,0,0,0,100.0
2026-05-10,31818,4,1,1,0,0,0,100.0
2026-05-10,32799,12,3,3,0,0,0,100.0
2026-05-10,33538,8,2,2,0,0,0,100.0
2026-05-10,34542,12,3,3,0,0,0,100.0
2026-05-10,34543,4,1,1,0,0,0,100.0
2026-05-10,36799,4,1,1,0,0,0,100.0
2026-05-10,37807,28,7,7,0,0,0,100.0
2026-05-10,37808,16,4,4,0,0,0,100.0
2026-05-10,37809,16,4,4,0,0,0,100.0
2026-05-10,37810,24,6,6,0,0,0,100.0
2026-05-10,38311,16,4,4,0,0,0,100.0
2026-05-10,39307,4,1,1,0,0,0,100.0
2026-05-10,40855,8,2,2,0,0,0,100.0
2026-05-10,46099,4,1,1,0,0,0,100.0
2026-05-10,46604,20,5,5,0,0,0,100.0
2026-05-10,6612,20,5,6,0,0,0,100.0
2026-05-10,6613,20,5,5,0,0,0,100.0
2026-05-10,6614,16,4,4,0,0,0,100.0
2026-05-10,6615,10,3,3,0,0,0,100.0
2026-05-10,6616,10,3,3,0,0,0,100.0
2026-05-10,6617,28,7,7,0,0,0,100.0
2026-05-10,6618,20,5,5,0,0,0,100.0
2026-05-10,6619,28,7,7,0,0,0,100.0
2026-05-10,6620,16,4,4,0,0,0,100.0
2026-05-10,6621,12,3,3,0,0,0,100.0
2026-05-10,6622,24,6,6,0,0,0,100.0
2026-05-10,6623,12,3,3,0,0,0,100.0
2026-05-10,6624,28,7,7,0,0,0,100.0
2026-05-10,6625,20,5,6,0,0,0,100.0
2026-05-10,6626,16,4,4,0,0,0,100.0
2026-05-10,6627,19,5,5,0,0,0,100.0
2026-05-10,6629,4,1,1,0,0,0,100.0
2026-05-10,6630,12,3,3,0,0,0,100.0
2026-05-10,6631,4,1,1,0,0,0,100.0
2026-05-10,6633,12,3,3,0,0,0,100.0
2026-05-10,6636,24,6,6,0,0,0,100.0
2026-05-10,6637,4,1,1,0,0,0,100.0
2026-05-10,6641,32,8,8,0,0,0,100.0
2026-05-10,6642,20,5,5,0,0,0,100.0
2026-05-10,6643,4,1,1,0,0,0,100.0
2026-05-10,6644,4,1,1,0,0,0,100.0
2026-05-10,6645,8,2,2,0,0,0,100.0
2026-05-10,6646,8,2,2,0,0,0,100.0
2026-05-10,6647,4,1,1,0,0,0,100.0
2026-05-10,6648,4,1,1,0,0,0,100.0
2026-05-10,6649,12,3,3,0,0,0,100.0
2026-05-10,6650,8,2,2,0,0,0,100.0
2026-05-10,6651,8,2,2,0,0,0,100.0
2026-05-10,6652,4,1,1,0,0,0,100.0
2026-05-10,6654,8,2,2,0,0,0,100.0
2026-05-10,6657,4,1,1,0,0,0,100.0
2026-05-10,6658,4,1,1,0,0,0,100.0
2026-05-10,6659,8,2,2,0,0,0,100.0
2026-05-10,6660,4,1,1,0,0,0,100.0
2026-05-10,6662,8,2,2,0,0,0,100.0
2026-05-10,6663,4,1,1,0,0,0,100.0
2026-05-10,6664,4,1,1,0,0,0,100.0
2026-05-10,6665,4,1,1,0,0,0,100.0
2026-05-10,6666,4,1,1,0,0,0,100.0
2026-05-10,6667,16,4,4,0,0,0,100.0
2026-05-10,6668,8,2,2,0,0,0,100.0
2026-05-10,6673,8,2,2,0,0,0,100.0
2026-05-10,6676,8,2,2,0,0,0,100.0
2026-05-10,6677,8,2,2,0,0,0,100.0
2026-05-10,6678,4,1,1,0,0,0,100.0
2026-05-10,6680,4,1,1,0,0,0,100.0
2026-05-10,6682,16,4,4,0,0,0,100.0
2026-05-10,6687,12,3,3,0,0,0,100.0
2026-05-10,6688,3,1,1,0,0,0,100.0
2026-05-10,6692,8,2,2,0,0,0,100.0
2026-05-10,6700,12,3,3,0,0,0,100.0
2026-05-10,6701,4,1,1,0,0,0,100.0
2026-05-10,6703,24,6,6,0,0,0,100.0
2026-05-10,6704,12,3,3,0,0,0,100.0
2026-05-10,6705,22,6,7,0,0,0,100.0
2026-05-10,6706,20,5,5,0,0,0,100.0
2026-05-10,6707,4,1,1,0,0,0,100.0
2026-05-10,6708,4,1,1,0,0,0,100.0
2026-05-10,6712,20,5,5,0,0,0,100.0
2026-05-10,6713,4,1,1,0,0,0,100.0
2026-05-10,6715,12,3,3,0,0,0,100.0
2026-05-10,6722,4,1,1,0,0,0,100.0
2026-05-10,6723,4,1,1,0,0,0,100.0
2026-05-10,6724,8,2,2,0,0,0,100.0
2026-05-10,6725,4,1,2,0,0,0,100.0
2026-05-10,6726,4,1,1,0,0,0,100.0
2026-05-10,6727,8,2,2,0,0,0,100.0
2026-05-10,6728,16,4,4,0,0,0,100.0
2026-05-10,6737,4,1,1,0,0,0,100.0
2026-05-10,6738,28,7,7,0,0,0,100.0
2026-05-10,6741,8,2,2,0,0,0,100.0
2026-05-10,6748,4,1,1,0,0,0,100.0
2026-05-10,6749,16,4,4,0,0,0,100.0
2026-05-10,6790,4,1,1,0,0,0,100.0
2026-05-10,6796,4,1,1,0,0,0,100.0
2026-05-10,6818,4,1,1,0,0,0,100.0
2026-05-10,6819,5,2,2,0,0,0,100.0
2026-05-10,6821,10,3,3,0,0,0,100.0
2026-05-10,6834,4,1,1,0,0,0,100.0
2026-05-10,7321,8,2,2,0,0,0,100.0
2026-05-10,8290,8,2,2,0,0,0,100.0
2026-05-14,10232,745,4,16,0,0,0,100.0
2026-05-14,11201,6183,11,73,0,0,0,100.0
2026-05-14,11692,5993,31,61,0,0,0,100.0
2026-05-14,11693,3921,13,41,0,0,0,100.0
2026-05-14,11696,2639,6,38,0,0,0,100.0
2026-05-14,12940,2704,17,38,0,0,0,100.0
2026-05-14,13684,1191,2,31,0,0,0,100.0
2026-05-14,16717,91,2,2,0,0,0,100.0
2026-05-14,16718,11247,19,91,0,0,0,100.0
2026-05-14,16719,1649,9,31,0,0,0,100.0
2026-05-14,17707,2832,19,61,0,0,0,100.0
2026-05-14,18213,230,4,6,0,0,0,100.0
2026-05-14,18705,4802,14,52,0,0,0,100.0
2026-05-14,20667,3164,6,62,0,0,0,100.0
2026-05-14,22638,3178,17,46,0,0,0,100.0
2026-05-14,22639,1355,4,31,0,0,0,100.0
2026-05-14,23384,13388,30,111,0,0,0,100.0
2026-05-14,29038,5810,33,66,0,0,0,100.0
2026-05-14,30036,1328,5,49,0,0,0,100.0
2026-05-14,30037,1850,22,45,0,0,0,100.0
2026-05-14,30038,2322,24,48,0,0,0,100.0
2026-05-14,30039,3048,26,42,0,0,0,100.0
2026-05-14,30040,2643,24,46,0,0,0,100.0
2026-05-14,30041,1390,9,23,0,0,0,100.0
2026-05-14,30043,3514,23,64,0,0,0,100.0
2026-05-14,30044,912,7,26,0,0,0,100.0
2026-05-14,30045,2012,14,31,0,0,0,100.0
2026-05-14,30046,3583,20,48,0,0,0,100.0
2026-05-14,30047,1585,17,48,0,0,0,100.0
2026-05-14,30048,1415,16,46,0,0,0,100.0
2026-05-14,30049,1983,17,48,0,0,0,100.0
2026-05-14,30050,1861,17,44,0,0,0,100.0
2026-05-14,30051,861,14,26,0,0,0,100.0
2026-05-14,30055,4158,6,90,0,0,0,100.0
2026-05-14,30584,1279,8,29,0,0,0,100.0
2026-05-14,31816,1425,5,30,0,0,0,100.0
2026-05-14,31817,1344,5,30,0,0,0,100.0
2026-05-14,31818,719,5,28,0,0,0,100.0
2026-05-14,31819,2124,3,35,0,0,0,100.0
2026-05-14,31821,922,7,23,0,0,0,100.0
2026-05-14,31822,1014,8,26,0,0,0,100.0
2026-05-14,32799,3841,13,79,0,0,0,100.0
2026-05-14,33292,2628,13,47,0,0,0,100.0
2026-05-14,33538,2090,3,61,0,0,0,100.0
2026-05-14,34042,1233,11,29,0,0,0,100.0
2026-05-14,34043,1412,11,27,0,0,0,100.0
2026-05-14,34540,758,4,23,0,0,0,100.0
2026-05-14,34541,954,4,24,0,0,0,100.0
2026-05-14,34542,3884,7,71,0,0,0,100.0
2026-05-14,34543,3715,10,74,0,0,0,100.0
2026-05-14,36799,1809,26,46,0,0,0,100.0
2026-05-14,37807,10636,25,122,0,0,0,100.0
2026-05-14,37808,6792,14,98,0,0,0,100.0
2026-05-14,37809,5533,10,80,0,0,0,100.0
2026-05-14,37810,16504,37,192,0,0,0,100.0
2026-05-14,38311,5103,10,83,0,0,0,100.0
2026-05-14,39304,1739,6,46,0,0,0,100.0
2026-05-14,39305,4111,16,53,0,0,0,100.0
2026-05-14,39307,2277,4,73,0,0,0,100.0
2026-05-14,40855,1947,4,40,0,0,0,100.0
2026-05-14,45596,1143,2,25,0,0,0,100.0
2026-05-14,46099,1387,4,62,0,0,0,100.0
2026-05-14,46604,7323,13,114,0,0,0,100.0
2026-05-14,48855,1226,2,32,0,0,0,100.0
2026-05-14,6612,6167,10,98,0,0,0,100.0
2026-05-14,6613,6514,12,80,0,0,0,100.0
2026-05-14,6614,9171,18,87,0,0,0,100.0
2026-05-14,6615,5829,21,125,0,0,0,100.0
2026-05-14,6616,5582,21,121,0,0,0,100.0
2026-05-14,6617,9456,16,84,0,0,0,100.0
2026-05-14,6618,5929,10,80,0,0,0,100.0
2026-05-14,6619,9087,17,112,0,0,0,100.0
2026-05-14,6620,6413,11,77,0,0,0,100.0
2026-05-14,6621,3128,10,59,0,0,0,100.0
2026-05-14,6622,15201,27,122,0,0,0,100.0
2026-05-14,6623,5661,9,71,0,0,0,100.0
2026-05-14,6624,10704,17,108,0,0,0,100.0
2026-05-14,6625,7390,12,87,0,0,0,100.0
2026-05-14,6626,6949,12,87,0,0,0,100.0
2026-05-14,6627,12420,26,109,0,0,0,100.0
2026-05-14,6628,3752,14,57,0,0,0,100.0
2026-05-14,6629,2710,15,51,0,0,0,100.0
2026-05-14,6630,4312,7,68,0,0,0,100.0
2026-05-14,6631,1733,9,49,0,0,0,100.0
2026-05-14,6633,5334,9,75,0,0,0,100.0
2026-05-14,6635,3868,11,54,0,0,0,100.0
2026-05-14,6636,17742,35,189,0,0,0,100.0
2026-05-14,6637,3500,10,65,0,0,0,100.0
2026-05-14,6638,4862,8,70,0,0,0,100.0
2026-05-14,6641,19444,40,246,0,0,0,100.0
2026-05-14,6642,8383,16,98,0,0,0,100.0
2026-05-14,6643,3351,12,44,0,0,0,100.0
2026-05-14,6644,2905,17,53,0,0,0,100.0
2026-05-14,6645,5595,14,97,0,0,0,100.0
2026-05-14,6646,4025,11,47,0,0,0,100.0
2026-05-14,6647,2580,11,61,0,0,0,100.0
2026-05-14,6648,4145,21,56,0,0,0,100.0
2026-05-14,6649,6078,17,104,0,0,0,100.0
2026-05-14,6650,3545,12,48,0,0,0,100.0
2026-05-14,6651,8012,23,125,0,0,0,100.0
2026-05-14,6652,1895,7,31,0,0,0,100.0
2026-05-14,6654,1933,7,31,0,0,0,100.0
2026-05-14,6656,1303,2,39,0,0,0,100.0
2026-05-14,6657,5830,18,73,0,0,0,100.0
2026-05-14,6658,2855,7,72,0,0,0,100.0
2026-05-14,6659,1655,11,37,0,0,0,100.0
2026-05-14,6660,3350,18,49,0,0,0,100.0
2026-05-14,6661,2972,24,48,0,0,0,100.0
2026-05-14,6662,2627,9,49,0,0,0,100.0
2026-05-14,6663,2344,13,39,0,0,0,100.0
2026-05-14,6664,2453,16,36,0,0,0,100.0
2026-05-14,6665,2129,5,36,0,0,0,100.0
2026-05-14,6666,4245,25,49,0,0,0,100.0
2026-05-14,6667,7935,14,79,0,0,0,100.0
2026-05-14,6668,1868,16,34,0,0,0,100.0
2026-05-14,6672,4727,27,54,0,0,0,100.0
2026-05-14,6673,3972,24,48,0,0,0,100.0
2026-05-14,6674,1410,17,31,0,0,0,100.0
2026-05-14,6675,1156,9,33,0,0,0,100.0
2026-05-14,6676,2768,24,48,0,0,0,100.0
2026-05-14,6677,2881,20,52,0,0,0,100.0
2026-05-14,6678,2359,19,46,0,0,0,100.0
2026-05-14,6679,2833,19,38,0,0,0,100.0
2026-05-14,6680,3035,27,59,0,0,0,100.0
2026-05-14,6682,8076,17,96,0,0,0,100.0
2026-05-14,6683,1398,13,13,0,0,0,100.0
2026-05-14,6685,3289,27,51,0,0,0,100.0
2026-05-14,6686,444,5,5,0,0,0,100.0
2026-05-14,6687,10254,25,136,0,0,0,100.0
2026-05-14,6688,1178,6,24,0,0,0,100.0
2026-05-14,6689,1044,6,21,0,0,0,100.0
2026-05-14,6690,1758,11,26,0,0,0,100.0
2026-05-14,6691,1264,9,26,0,0,0,100.0
2026-05-14,6692,3823,6,53,0,0,0,100.0
2026-05-14,6693,4649,8,67,0,0,0,100.0
2026-05-14,6698,5301,10,54,0,0,0,100.0
2026-05-14,6699,1265,6,12,0,0,0,100.0
2026-05-14,6700,3117,16,45,0,0,0,100.0
2026-05-14,6701,1558,12,25,0,0,0,100.0
2026-05-14,6702,2295,16,34,0,0,0,100.0
2026-05-14,6703,5795,11,84,0,0,0,100.0
2026-05-14,6704,7838,36,77,0,0,0,100.0
2026-05-14,6705,12471,31,119,0,0,0,100.0
2026-05-14,6706,8269,13,113,0,0,0,100.0
2026-05-14,6707,4655,27,65,0,0,0,100.0
2026-05-14,6708,3150,27,53,0,0,0,100.0
2026-05-14,6709,2092,16,27,0,0,0,100.0
2026-05-14,6710,625,9,11,0,0,0,100.0
2026-05-14,6712,11082,41,113,0,0,0,100.0
2026-05-14,6713,3766,7,57,0,0,0,100.0
2026-05-14,6714,5754,22,60,0,0,0,100.0
2026-05-14,6715,7222,12,87,0,0,0,100.0
2026-05-14,6716,1368,8,10,0,0,0,100.0
2026-05-14,6717,1270,6,7,0,0,0,100.0
2026-05-14,6718,437,5,5,0,0,0,100.0
2026-05-14,6719,638,5,5,0,0,0,100.0
2026-05-14,6720,1922,4,16,0,0,0,100.0
2026-05-14,6721,1564,10,11,0,0,0,100.0
2026-05-14,6722,3548,7,65,0,0,0,100.0
2026-05-14,6723,3036,7,51,0,0,0,100.0
2026-05-14,6724,4908,9,62,0,0,0,100.0
2026-05-14,6725,1980,5,37,0,0,0,100.0
2026-05-14,6726,3257,9,38,0,0,0,100.0
2026-05-14,6727,4703,16,50,0,0,0,100.0
2026-05-14,6728,9347,26,98,0,0,0,100.0
2026-05-14,6730,7006,13,70,0,0,0,100.0
2026-05-14,6737,6983,27,66,0,0,0,100.0
2026-05-14,6738,8450,20,88,0,0,0,100.0
2026-05-14,6739,1382,11,12,0,0,0,100.0
2026-05-14,6741,5524,22,67,0,0,0,100.0
2026-05-14,6742,763,8,9,0,0,0,100.0
2026-05-14,6743,770,5,12,0,0,0,100.0
2026-05-14,6744,781,6,12,0,0,0,100.0
2026-05-14,6745,444,5,11,0,0,0,100.0
2026-05-14,6747,3911,7,52,0,0,0,100.0
2026-05-14,6748,5838,15,81,0,0,0,100.0
2026-05-14,6749,7108,20,81,0,0,0,100.0
2026-05-14,6754,107,1,1,0,0,0,100.0
2026-05-14,6761,49,1,1,0,0,0,100.0
2026-05-14,6762,46,1,1,0,0,0,100.0
2026-05-14,6776,686,2,23,0,0,0,100.0
2026-05-14,6779,720,1,15,0,0,0,100.0
2026-05-14,6780,1614,6,45,0,0,0,100.0
2026-05-14,6790,1098,5,62,0,0,0,100.0
2026-05-14,6796,1421,2,28,0,0,0,100.0
2026-05-14,6799,1519,7,24,0,0,0,100.0
2026-05-14,6800,1468,8,27,0,0,0,100.0
2026-05-14,6804,380,4,7,0,0,0,100.0
2026-05-14,6805,582,4,9,0,0,0,100.0
2026-05-14,6806,1768,5,49,0,0,0,100.0
2026-05-14,6811,703,4,28,0,0,0,100.0
2026-05-14,6817,2830,10,56,0,0,0,100.0
2026-05-14,6818,1810,7,31,0,0,0,100.0
2026-05-14,6819,5563,13,78,0,0,0,100.0
2026-05-14,6821,6269,11,85,0,0,0,100.0
2026-05-14,6822,3755,9,46,0,0,0,100.0
2026-05-14,6823,579,3,25,0,0,0,100.0
2026-05-14,6825,721,1,25,0,0,0,100.0
2026-05-14,6827,1277,5,36,0,0,0,100.0
2026-05-14,6828,1486,3,27,0,0,0,100.0
2026-05-14,6829,952,2,14,0,0,0,100.0
2026-05-14,6843,419,4,14,0,0,0,100.0
2026-05-14,6844,524,6,16,0,0,0,100.0
2026-05-14,7224,4289,12,48,0,0,0,100.0
2026-05-14,7321,3553,13,39,0,0,0,100.0
2026-05-14,7322,481,2,23,0,0,0,100.0
2026-05-14,8290,2766,13,40,0,0,0,100.0
2026-05-14,9745,1721,14,28,0,0,0,100.0
2026-05-15,10232,695,4,14,0,0,0,100.0
2026-05-15,11201,5850,16,72,0,0,0,100.0
2026-05-15,11692,5634,33,60,0,0,0,100.0
2026-05-15,11693,4022,17,38,0,0,0,100.0
2026-05-15,11696,2832,6,43,0,0,0,100.0
2026-05-15,12940,2703,16,39,0,0,0,100.0
2026-05-15,13684,688,2,17,0,0,0,100.0
2026-05-15,16717,1236,4,17,0,0,0,100.0
2026-05-15,16718,9194,19,95,0,0,0,100.0
2026-05-15,16719,1383,6,29,0,0,0,100.0
2026-05-15,17707,2731,24,68,0,0,0,100.0
2026-05-15,18213,255,5,6,0,0,0,100.0
2026-05-15,18705,4584,18,55,0,0,0,100.0
2026-05-15,20667,3077,9,70,0,0,0,100.0
2026-05-15,22638,3157,26,55,0,0,0,100.0
2026-05-15,22639,1100,6,26,0,0,0,100.0
2026-05-15,23384,14627,41,135,0,0,0,100.0
2026-05-15,29038,5469,39,67,0,0,0,100.0
2026-05-15,29040,35,1,1,0,0,0,100.0
2026-05-15,30036,1365,4,54,0,0,0,100.0
2026-05-15,30037,1626,27,46,0,0,0,100.0
2026-05-15,30038,2043,27,48,0,0,0,100.0
2026-05-15,30039,2567,26,48,0,0,0,100.0
2026-05-15,30040,2472,26,45,0,0,0,100.0
2026-05-15,30041,953,8,24,0,0,0,100.0
2026-05-15,30043,3643,22,64,0,0,0,100.0
2026-05-15,30044,863,7,27,0,0,0,100.0
2026-05-15,30045,1770,11,29,0,0,0,100.0
2026-05-15,30046,3566,26,57,0,0,0,100.0
2026-05-15,30047,1591,18,51,0,0,0,100.0
2026-05-15,30048,1440,18,54,0,0,0,100.0
2026-05-15,30049,1986,21,51,0,0,0,100.0
2026-05-15,30050,1857,15,52,0,0,0,100.0
2026-05-15,30051,822,16,30,0,0,0,100.0
2026-05-15,30055,4310,6,104,0,0,0,100.0
2026-05-15,30584,1489,17,36,0,0,0,100.0
2026-05-15,31816,1011,5,24,0,0,0,100.0
2026-05-15,31817,984,5,24,0,0,0,100.0
2026-05-15,31818,642,4,23,0,0,0,100.0
2026-05-15,31819,2167,3,41,0,0,0,100.0
2026-05-15,31821,883,8,25,0,0,0,100.0
2026-05-15,31822,978,9,29,0,0,0,100.0
2026-05-15,32799,3484,19,74,0,0,0,100.0
2026-05-15,33292,2724,16,56,0,0,0,100.0
2026-05-15,33538,2006,3,61,0,0,0,100.0
2026-05-15,34042,1094,11,27,0,0,0,100.0
2026-05-15,34043,1282,11,29,0,0,0,100.0
2026-05-15,34540,774,4,24,0,0,0,100.0
2026-05-15,34541,873,4,27,0,0,0,100.0
2026-05-15,34542,4285,9,85,0,0,0,100.0
2026-05-15,34543,3491,12,75,0,0,0,100.0
2026-05-15,36799,1494,30,45,0,0,0,100.0
2026-05-15,37807,10028,34,141,0,0,0,100.0
2026-05-15,37808,6753,19,114,0,0,0,100.0
2026-05-15,37809,5474,10,97,0,0,0,100.0
2026-05-15,37810,15945,45,223,0,0,0,100.0
2026-05-15,38311,5049,11,96,0,0,0,100.0
2026-05-15,39304,1644,8,51,0,0,0,100.0
2026-05-15,39305,3627,30,66,0,0,0,100.0
2026-05-15,39307,2504,6,94,0,0,0,100.0
2026-05-15,40855,2062,4,47,0,0,0,100.0
2026-05-15,45596,781,2,18,0,0,0,100.0
2026-05-15,46099,1480,5,73,0,0,0,100.0
2026-05-15,46604,7740,14,135,0,0,0,100.0
2026-05-15,48855,1275,2,28,0,0,0,100.0
2026-05-15,6612,6171,13,105,0,0,0,100.0
2026-05-15,6613,6218,11,89,0,0,0,100.0
2026-05-15,6614,7287,17,80,0,0,0,100.0
2026-05-15,6615,5153,23,116,0,0,0,100.0
2026-05-15,6616,4741,24,125,0,0,0,100.0
2026-05-15,6617,8887,18,87,0,0,0,100.0
2026-05-15,6618,6183,9,91,0,0,0,100.0
2026-05-15,6619,8405,20,124,0,0,0,100.0
2026-05-15,6620,6767,18,93,0,0,0,100.0
2026-05-15,6621,2971,11,63,0,0,0,100.0
2026-05-15,6622,13695,32,117,0,0,0,100.0
2026-05-15,6623,5323,10,80,0,0,0,100.0
2026-05-15,6624,10341,18,111,0,0,0,100.0
2026-05-15,6625,7560,17,103,0,0,0,100.0
2026-05-15,6626,7614,18,106,0,0,0,100.0
2026-05-15,6627,12440,31,127,0,0,0,100.0
2026-05-15,6628,3383,16,56,0,0,0,100.0
2026-05-15,6629,2513,16,50,0,0,0,100.0
2026-05-15,6630,4121,11,65,0,0,0,100.0
2026-05-15,6631,1568,12,48,0,0,0,100.0
2026-05-15,6633,5250,8,79,0,0,0,100.0
2026-05-15,6635,3346,18,56,0,0,0,100.0
2026-05-15,6636,16349,37,181,0,0,0,100.0
2026-05-15,6637,3376,11,66,0,0,0,100.0
2026-05-15,6638,4298,12,70,0,0,0,100.0
2026-05-15,6641,16997,47,238,0,0,0,100.0
2026-05-15,6642,8036,20,115,0,0,0,100.0
2026-05-15,6643,2906,12,44,0,0,0,100.0
2026-05-15,6644,2874,20,67,0,0,0,100.0
2026-05-15,6645,5199,15,102,0,0,0,100.0
2026-05-15,6646,4130,13,52,0,0,0,100.0
2026-05-15,6647,2334,16,62,0,0,0,100.0
2026-05-15,6648,4373,22,71,0,0,0,100.0
2026-05-15,6649,5487,19,91,0,0,0,100.0
2026-05-15,6650,3606,17,58,0,0,0,100.0
2026-05-15,6651,6979,34,121,0,0,0,100.0
2026-05-15,6652,2286,8,39,0,0,0,100.0
2026-05-15,6654,2513,8,39,0,0,0,100.0
2026-05-15,6656,967,2,31,0,0,0,100.0
2026-05-15,6657,5067,18,65,0,0,0,100.0
2026-05-15,6658,2999,7,80,0,0,0,100.0
2026-05-15,6659,1691,8,40,0,0,0,100.0
2026-05-15,6660,3102,24,51,0,0,0,100.0
2026-05-15,6661,3075,28,55,0,0,0,100.0
2026-05-15,6662,2721,14,58,0,0,0,100.0
2026-05-15,6663,2427,13,49,0,0,0,100.0
2026-05-15,6664,2598,16,39,0,0,0,100.0
2026-05-15,6665,2340,7,40,0,0,0,100.0
2026-05-15,6666,3916,24,49,0,0,0,100.0
2026-05-15,6667,7879,18,80,0,0,0,100.0
2026-05-15,6668,1881,16,38,0,0,0,100.0
2026-05-15,6672,4063,21,53,0,0,0,100.0
2026-05-15,6673,3347,26,50,0,0,0,100.0
2026-05-15,6674,1473,17,32,0,0,0,100.0
2026-05-15,6675,1517,16,40,0,0,0,100.0
2026-05-15,6676,2680,20,59,0,0,0,100.0
2026-05-15,6677,2675,21,54,0,0,0,100.0
2026-05-15,6678,2153,15,47,0,0,0,100.0
2026-05-15,6679,2436,19,36,0,0,0,100.0
2026-05-15,6680,1979,18,45,0,0,0,100.0
2026-05-15,6682,7818,25,107,0,0,0,100.0
2026-05-15,6683,1846,18,24,0,0,0,100.0
2026-05-15,6685,2775,31,50,0,0,0,100.0
2026-05-15,6686,536,7,8,0,0,0,100.0
2026-05-15,6687,9232,24,132,0,0,0,100.0
2026-05-15,6688,1148,7,26,0,0,0,100.0
2026-05-15,6689,825,7,24,0,0,0,100.0
2026-05-15,6690,1391,8,27,0,0,0,100.0
2026-05-15,6691,1130,8,26,0,0,0,100.0
2026-05-15,6692,3686,8,52,0,0,0,100.0
2026-05-15,6693,4600,9,63,0,0,0,100.0
2026-05-15,6698,4718,13,59,0,0,0,100.0
2026-05-15,6699,1115,11,14,0,0,0,100.0
2026-05-15,6700,3263,17,55,0,0,0,100.0
2026-05-15,6701,1626,15,34,0,0,0,100.0
2026-05-15,6702,2299,20,37,0,0,0,100.0
2026-05-15,6703,6455,19,98,0,0,0,100.0
2026-05-15,6704,6687,40,83,0,0,0,100.0
2026-05-15,6705,12054,44,126,0,0,0,100.0
2026-05-15,6706,8140,16,127,0,0,0,100.0
2026-05-15,6707,4175,37,66,0,0,0,100.0
2026-05-15,6708,3224,34,59,0,0,0,100.0
2026-05-15,6709,2128,22,32,0,0,0,100.0
2026-05-15,6710,184,4,4,0,0,0,100.0
2026-05-15,6712,10934,58,130,0,0,0,100.0
2026-05-15,6713,3971,9,70,0,0,0,100.0
2026-05-15,6714,5315,24,62,0,0,0,100.0
2026-05-15,6715,6937,16,89,0,0,0,100.0
2026-05-15,6716,1265,12,15,0,0,0,100.0
2026-05-15,6717,1266,12,15,0,0,0,100.0
2026-05-15,6718,351,6,7,0,0,0,100.0
2026-05-15,6719,705,10,11,0,0,0,100.0
2026-05-15,6720,1257,8,14,0,0,0,100.0
2026-05-15,6721,1192,12,14,0,0,0,100.0
2026-05-15,6722,3147,8,65,0,0,0,100.0
2026-05-15,6723,2823,12,57,0,0,0,100.0
2026-05-15,6724,4361,12,64,0,0,0,100.0
2026-05-15,6725,1965,4,37,0,0,0,100.0
2026-05-15,6726,3136,12,39,0,0,0,100.0
2026-05-15,6727,4388,18,54,0,0,0,100.0
2026-05-15,6728,9885,34,117,0,0,0,100.0
2026-05-15,6730,6643,21,79,0,0,0,100.0
2026-05-15,6737,6253,35,69,0,0,0,100.0
2026-05-15,6738,8232,30,96,0,0,0,100.0
2026-05-15,6739,1047,13,15,0,0,0,100.0
2026-05-15,6741,5321,20,71,0,0,0,100.0
2026-05-15,6742,609,8,9,0,0,0,100.0
2026-05-15,6743,832,8,20,0,0,0,100.0
2026-05-15,6744,809,7,18,0,0,0,100.0
2026-05-15,6745,198,2,6,0,0,0,100.0
2026-05-15,6746,98,3,5,0,0,0,100.0
2026-05-15,6747,3424,7,48,0,0,0,100.0
2026-05-15,6748,5580,17,84,0,0,0,100.0
2026-05-15,6749,6688,20,80,0,0,0,100.0
2026-05-15,6754,52,1,1,0,0,0,100.0
2026-05-15,6762,81,1,1,0,0,0,100.0
2026-05-15,6776,684,3,22,0,0,0,100.0
2026-05-15,6779,870,2,20,0,0,0,100.0
2026-05-15,6780,1599,6,46,0,0,0,100.0
2026-05-15,6790,1123,5,69,0,0,0,100.0
2026-05-15,6796,1594,2,36,0,0,0,100.0
2026-05-15,6799,1503,11,25,0,0,0,100.0
2026-05-15,6800,1370,12,26,0,0,0,100.0
2026-05-15,6804,307,4,6,0,0,0,100.0
2026-05-15,6805,342,5,9,0,0,0,100.0
2026-05-15,6806,1718,7,53,0,0,0,100.0
2026-05-15,6811,828,6,34,0,0,0,100.0
2026-05-15,6817,2865,12,63,0,0,0,100.0
2026-05-15,6818,1661,7,35,0,0,0,100.0
2026-05-15,6819,5263,20,85,0,0,0,100.0
2026-05-15,6821,5853,12,83,0,0,0,100.0
2026-05-15,6822,2910,9,42,0,0,0,100.0
2026-05-15,6823,366,4,14,0,0,0,100.0
2026-05-15,6825,391,1,15,0,0,0,100.0
2026-05-15,6827,1000,7,31,0,0,0,100.0
2026-05-15,6828,1217,2,21,0,0,0,100.0
2026-05-15,6829,952,4,20,0,0,0,100.0
2026-05-15,6841,9,1,1,0,0,0,100.0
2026-05-15,6843,329,5,10,0,0,0,100.0
2026-05-15,6844,325,5,12,0,0,0,100.0
2026-05-15,7224,3587,17,44,0,0,0,100.0
2026-05-15,7321,3583,16,38,0,0,0,100.0
2026-05-15,7322,387,3,21,0,0,0,100.0
2026-05-15,8290,2704,22,44,0,0,0,100.0
2026-05-15,9745,1740,15,39,0,0,0,100.0
2026-05-16,10232,506,1,14,0,0,0,100.0
2026-05-16,11201,2599,5,43,0,0,0,100.0
2026-05-16,11202,534,1,24,0,0,0,100.0
2026-05-16,11692,2996,12,51,0,0,0,100.0
2026-05-16,11696,1982,6,37,0,0,0,100.0
2026-05-16,12940,1564,12,34,0,0,0,100.0
2026-05-16,13684,398,1,18,0,0,0,100.0
2026-05-16,16717,1050,5,13,0,0,0,100.0
2026-05-16,16718,7532,19,115,0,0,0,100.0
2026-05-16,16719,920,7,27,0,0,0,100.0
2026-05-16,17707,2037,10,61,0,0,0,100.0
2026-05-16,18705,2386,5,39,0,0,0,100.0
2026-05-16,20667,1161,2,32,0,0,0,100.0
2026-05-16,22638,1711,7,37,0,0,0,100.0
2026-05-16,22639,1363,4,43,0,0,0,100.0
2026-05-16,23384,7493,18,113,0,0,0,100.0
2026-05-16,29038,3019,7,54,0,0,0,100.0
2026-05-16,30036,594,1,25,0,0,0,100.0
2026-05-16,30037,680,6,25,0,0,0,100.0
2026-05-16,30038,1055,6,29,0,0,0,100.0
2026-05-16,30039,1336,11,31,0,0,0,100.0
2026-05-16,30040,1177,11,33,0,0,0,100.0
2026-05-16,30042,662,2,20,0,0,0,100.0
2026-05-16,30043,1935,10,45,0,0,0,100.0
2026-05-16,30044,544,5,24,0,0,0,100.0
2026-05-16,30045,1150,5,29,0,0,0,100.0
2026-05-16,30046,1707,6,40,0,0,0,100.0
2026-05-16,30047,693,10,26,0,0,0,100.0
2026-05-16,30048,628,11,29,0,0,0,100.0
2026-05-16,30049,976,10,35,0,0,0,100.0
2026-05-16,30050,867,7,32,0,0,0,100.0
2026-05-16,30051,552,7,24,0,0,0,100.0
2026-05-16,30055,3359,7,98,0,0,0,100.0
2026-05-16,30584,905,5,31,0,0,0,100.0
2026-05-16,31816,461,4,13,0,0,0,100.0
2026-05-16,31817,468,4,14,0,0,0,100.0
2026-05-16,31818,582,4,28,0,0,0,100.0
2026-05-16,31819,1526,6,36,0,0,0,100.0
2026-05-16,31821,462,1,15,0,0,0,100.0
2026-05-16,31822,409,2,15,0,0,0,100.0
2026-05-16,32799,2602,16,67,0,0,0,100.0
2026-05-16,33292,1313,5,36,0,0,0,100.0
2026-05-16,33538,1477,3,57,0,0,0,100.0
2026-05-16,34042,353,6,11,0,0,0,100.0
2026-05-16,34043,249,6,10,0,0,0,100.0
2026-05-16,34540,553,2,22,0,0,0,100.0
2026-05-16,34541,572,2,18,0,0,0,100.0
2026-05-16,34542,2778,6,68,0,0,0,100.0
2026-05-16,34543,1844,6,46,0,0,0,100.0
2026-05-16,36799,659,16,25,0,0,0,100.0
2026-05-16,37807,5703,11,95,0,0,0,100.0
2026-05-16,37808,4056,10,90,0,0,0,100.0
2026-05-16,37809,3370,8,73,0,0,0,100.0
2026-05-16,37810,6218,14,122,0,0,0,100.0
2026-05-16,38311,3598,8,86,0,0,0,100.0
2026-05-16,39304,936,7,40,0,0,0,100.0
2026-05-16,39307,594,1,28,0,0,0,100.0
2026-05-16,40855,1095,3,32,0,0,0,100.0
2026-05-16,46099,1010,3,50,0,0,0,100.0
2026-05-16,46604,4650,9,106,0,0,0,100.0
2026-05-16,48855,655,2,22,0,0,0,100.0
2026-05-16,6612,4036,9,95,0,0,0,100.0
2026-05-16,6613,4668,10,84,0,0,0,100.0
2026-05-16,6614,5665,14,94,0,0,0,100.0
2026-05-16,6615,3210,16,102,0,0,0,100.0
2026-05-16,6616,2942,16,98,0,0,0,100.0
2026-05-16,6617,6338,16,92,0,0,0,100.0
2026-05-16,6618,4699,10,92,0,0,0,100.0
2026-05-16,6619,5449,13,101,0,0,0,100.0
2026-05-16,6620,4153,9,77,0,0,0,100.0
2026-05-16,6621,2412,14,68,0,0,0,100.0
2026-05-16,6622,8947,20,115,0,0,0,100.0
2026-05-16,6623,3967,8,76,0,0,0,100.0
2026-05-16,6624,10007,24,169,0,0,0,100.0
2026-05-16,6625,5212,10,88,0,0,0,100.0
2026-05-16,6626,4215,8,80,0,0,0,100.0
2026-05-16,6627,6278,15,92,0,0,0,100.0
2026-05-16,6628,2004,10,48,0,0,0,100.0
2026-05-16,6629,1658,4,47,0,0,0,100.0
2026-05-16,6630,2368,10,49,0,0,0,100.0
2026-05-16,6631,925,8,36,0,0,0,100.0
2026-05-16,6633,3701,7,76,0,0,0,100.0
2026-05-16,6636,6928,16,110,0,0,0,100.0
2026-05-16,6637,2836,13,73,0,0,0,100.0
2026-05-16,6638,2548,7,56,0,0,0,100.0
2026-05-16,6641,8259,20,162,0,0,0,100.0
2026-05-16,6642,4809,10,91,0,0,0,100.0
2026-05-16,6643,1713,10,35,0,0,0,100.0
2026-05-16,6644,1045,6,28,0,0,0,100.0
2026-05-16,6645,3065,6,80,0,0,0,100.0
2026-05-16,6646,2244,4,39,0,0,0,100.0
2026-05-16,6647,1893,12,55,0,0,0,100.0
2026-05-16,6648,1748,8,36,0,0,0,100.0
2026-05-16,6649,3355,9,70,0,0,0,100.0
2026-05-16,6650,1571,5,36,0,0,0,100.0
2026-05-16,6651,4042,10,82,0,0,0,100.0
2026-05-16,6652,1442,12,34,0,0,0,100.0
2026-05-16,6654,1694,12,35,0,0,0,100.0
2026-05-16,6657,2979,10,53,0,0,0,100.0
2026-05-16,6658,1494,3,51,0,0,0,100.0
2026-05-16,6659,1181,5,34,0,0,0,100.0
2026-05-16,6660,1859,10,46,0,0,0,100.0
2026-05-16,6661,1320,4,32,0,0,0,100.0
2026-05-16,6662,1259,10,33,0,0,0,100.0
2026-05-16,6663,1465,7,35,0,0,0,100.0
2026-05-16,6664,1568,10,31,0,0,0,100.0
2026-05-16,6665,1521,10,40,0,0,0,100.0
2026-05-16,6666,2143,7,37,0,0,0,100.0
2026-05-16,6667,5296,11,75,0,0,0,100.0
2026-05-16,6668,1395,6,35,0,0,0,100.0
2026-05-16,6672,1693,8,35,0,0,0,100.0
2026-05-16,6673,1921,9,38,0,0,0,100.0
2026-05-16,6674,1063,11,31,0,0,0,100.0
2026-05-16,6675,740,3,29,0,0,0,100.0
2026-05-16,6676,1420,18,35,0,0,0,100.0
2026-05-16,6677,1653,17,45,0,0,0,100.0
2026-05-16,6678,1288,12,32,0,0,0,100.0
2026-05-16,6679,1820,14,34,0,0,0,100.0
2026-05-16,6680,2038,14,54,0,0,0,100.0
2026-05-16,6682,5039,26,95,0,0,0,100.0
2026-05-16,6685,1273,22,30,0,0,0,100.0
2026-05-16,6687,5730,21,111,0,0,0,100.0
2026-05-16,6688,661,2,15,0,0,0,100.0
2026-05-16,6689,505,2,17,0,0,0,100.0
2026-05-16,6690,527,2,16,0,0,0,100.0
2026-05-16,6691,467,2,16,0,0,0,100.0
2026-05-16,6692,2667,15,52,0,0,0,100.0
2026-05-16,6693,3888,9,78,0,0,0,100.0
2026-05-16,6698,2753,7,46,0,0,0,100.0
2026-05-16,6700,1790,5,38,0,0,0,100.0
2026-05-16,6701,743,4,21,0,0,0,100.0
2026-05-16,6702,1664,11,34,0,0,0,100.0
2026-05-16,6703,3708,8,77,0,0,0,100.0
2026-05-16,6704,3950,19,72,0,0,0,100.0
2026-05-16,6705,7654,18,121,0,0,0,100.0
2026-05-16,6706,4512,10,96,0,0,0,100.0
2026-05-16,6707,2143,9,46,0,0,0,100.0
2026-05-16,6708,1407,20,37,0,0,0,100.0
2026-05-16,6709,753,10,15,0,0,0,100.0
2026-05-16,6710,450,3,12,0,0,0,100.0
2026-05-16,6712,5454,21,91,0,0,0,100.0
2026-05-16,6713,1701,4,38,0,0,0,100.0
2026-05-16,6715,4397,11,75,0,0,0,100.0
2026-05-16,6722,2251,6,60,0,0,0,100.0
2026-05-16,6723,1225,13,33,0,0,0,100.0
2026-05-16,6724,3451,12,69,0,0,0,100.0
2026-05-16,6725,1453,6,33,0,0,0,100.0
2026-05-16,6726,2029,10,39,0,0,0,100.0
2026-05-16,6727,2823,14,43,0,0,0,100.0
2026-05-16,6728,5094,14,88,0,0,0,100.0
2026-05-16,6730,3860,12,67,0,0,0,100.0
2026-05-16,6737,3931,16,62,0,0,0,100.0
2026-05-16,6738,5139,13,85,0,0,0,100.0
2026-05-16,6741,3300,11,60,0,0,0,100.0
2026-05-16,6747,2246,6,44,0,0,0,100.0
2026-05-16,6748,2281,6,47,0,0,0,100.0
2026-05-16,6749,3805,10,69,0,0,0,100.0
2026-05-16,6776,361,1,12,0,0,0,100.0
2026-05-16,6779,594,2,16,0,0,0,100.0
2026-05-16,6780,752,3,26,0,0,0,100.0
2026-05-16,6790,557,3,44,0,0,0,100.0
2026-05-16,6796,1183,2,33,0,0,0,100.0
2026-05-16,6799,391,6,13,0,0,0,100.0
2026-05-16,6800,449,6,13,0,0,0,100.0
2026-05-16,6804,246,2,5,0,0,0,100.0
2026-05-16,6805,153,4,6,0,0,0,100.0
2026-05-16,6806,840,8,30,0,0,0,100.0
2026-05-16,6811,493,3,27,0,0,0,100.0
2026-05-16,6817,1561,8,48,0,0,0,100.0
2026-05-16,6818,925,2,26,0,0,0,100.0
2026-05-16,6819,3037,6,67,0,0,0,100.0
2026-05-16,6821,3464,7,74,0,0,0,100.0
2026-05-16,6822,1499,7,34,0,0,0,100.0
2026-05-16,6823,276,2,18,0,0,0,100.0
2026-05-16,6825,349,2,15,0,0,0,100.0
2026-05-16,6827,520,2,19,0,0,0,100.0
2026-05-16,6828,925,2,21,0,0,0,100.0
2026-05-16,6843,272,6,11,0,0,0,100.0
2026-05-16,6844,327,5,14,0,0,0,100.0
2026-05-16,7321,3187,18,52,0,0,0,100.0
2026-05-16,7322,198,1,12,0,0,0,100.0
2026-05-16,7509,707,2,20,0,0,0,100.0
2026-05-16,8290,1441,19,33,0,0,0,100.0
2026-05-17,10232,61,1,7,0,0,0,100.0
2026-05-17,11201,2994,4,38,0,0,0,100.0
2026-05-17,11202,865,1,34,0,0,0,100.0
2026-05-17,11692,3777,10,44,0,0,0,100.0
2026-05-17,11696,2706,6,38,0,0,0,100.0
2026-05-17,12940,2534,16,39,0,0,0,100.0
2026-05-17,16718,9595,14,97,0,0,0,100.0
2026-05-17,16719,1281,2,28,0,0,0,100.0
2026-05-17,17707,2796,9,69,0,0,0,100.0
2026-05-17,18705,3632,5,43,0,0,0,100.0
2026-05-17,20667,1464,2,32,0,0,0,100.0
2026-05-17,22638,2183,6,37,0,0,0,100.0
2026-05-17,22639,1995,4,49,0,0,0,100.0
2026-05-17,23384,8424,11,85,0,0,0,100.0
2026-05-17,29038,3360,6,43,0,0,0,100.0
2026-05-17,30036,793,1,31,0,0,0,100.0
2026-05-17,30037,882,9,26,0,0,0,100.0
2026-05-17,30038,1453,10,31,0,0,0,100.0
2026-05-17,30039,1685,12,32,0,0,0,100.0
2026-05-17,30040,1565,12,29,0,0,0,100.0
2026-05-17,30042,1346,2,28,0,0,0,100.0
2026-05-17,30043,2527,5,50,0,0,0,100.0
2026-05-17,30044,805,4,28,0,0,0,100.0
2026-05-17,30045,1783,4,30,0,0,0,100.0
2026-05-17,30046,2606,5,41,0,0,0,100.0
2026-05-17,30047,932,7,30,0,0,0,100.0
2026-05-17,30048,680,7,30,0,0,0,100.0
2026-05-17,30049,1289,7,38,0,0,0,100.0
2026-05-17,30050,1250,7,35,0,0,0,100.0
2026-05-17,30051,961,7,36,0,0,0,100.0
2026-05-17,30055,2810,5,70,0,0,0,100.0
2026-05-17,30584,1425,4,32,0,0,0,100.0
2026-05-17,31816,705,3,16,0,0,0,100.0
2026-05-17,31817,633,3,14,0,0,0,100.0
2026-05-17,31818,692,3,29,0,0,0,100.0
2026-05-17,31819,2028,4,35,0,0,0,100.0
2026-05-17,31821,773,2,22,0,0,0,100.0
2026-05-17,31822,656,2,21,0,0,0,100.0
2026-05-17,32799,3446,11,80,0,0,0,100.0
2026-05-17,33292,1531,10,35,0,0,0,100.0
2026-05-17,33538,1596,3,51,0,0,0,100.0
2026-05-17,34042,624,2,15,0,0,0,100.0
2026-05-17,34043,712,2,16,0,0,0,100.0
2026-05-17,34540,648,2,19,0,0,0,100.0
2026-05-17,34541,709,2,18,0,0,0,100.0
2026-05-17,34542,3971,5,73,0,0,0,100.0
2026-05-17,34543,2604,4,48,0,0,0,100.0
2026-05-17,36799,821,13,25,0,0,0,100.0
2026-05-17,37807,6590,11,88,0,0,0,100.0
2026-05-17,37808,5352,8,92,0,0,0,100.0
2026-05-17,37809,4658,7,78,0,0,0,100.0
2026-05-17,37810,7100,11,100,0,0,0,100.0
2026-05-17,38311,5236,8,96,0,0,0,100.0
2026-05-17,39304,1151,6,36,0,0,0,100.0
2026-05-17,39307,752,1,31,0,0,0,100.0
2026-05-17,40855,1759,2,39,0,0,0,100.0
2026-05-17,46099,1283,3,58,0,0,0,100.0
2026-05-17,46604,5401,9,95,0,0,0,100.0
2026-05-17,48855,1345,3,33,0,0,0,100.0
2026-05-17,6612,5313,8,99,0,0,0,100.0
2026-05-17,6613,5318,9,75,0,0,0,100.0
2026-05-17,6614,6584,12,78,0,0,0,100.0
2026-05-17,6615,3708,15,94,0,0,0,100.0
2026-05-17,6616,3128,15,94,0,0,0,100.0
2026-05-17,6617,7400,14,72,0,0,0,100.0
2026-05-17,6618,6062,9,92,0,0,0,100.0
2026-05-17,6619,7579,12,105,0,0,0,100.0
2026-05-17,6620,5767,8,81,0,0,0,100.0
2026-05-17,6621,2963,10,65,0,0,0,100.0
2026-05-17,6622,10671,16,95,0,0,0,100.0
2026-05-17,6623,5259,8,78,0,0,0,100.0
2026-05-17,6624,14644,26,190,0,0,0,100.0
2026-05-17,6625,6468,9,84,0,0,0,100.0
2026-05-17,6626,5312,7,79,0,0,0,100.0
2026-05-17,6627,8320,11,85,0,0,0,100.0
2026-05-17,6628,2331,11,38,0,0,0,100.0
2026-05-17,6629,1684,8,38,0,0,0,100.0
2026-05-17,6630,3220,13,51,0,0,0,100.0
2026-05-17,6631,1023,11,32,0,0,0,100.0
2026-05-17,6633,5724,7,83,0,0,0,100.0
2026-05-17,6636,8172,17,95,0,0,0,100.0
2026-05-17,6637,3377,10,64,0,0,0,100.0
2026-05-17,6638,2083,3,33,0,0,0,100.0
2026-05-17,6641,7807,12,113,0,0,0,100.0
2026-05-17,6642,5437,8,78,0,0,0,100.0
2026-05-17,6643,2270,3,36,0,0,0,100.0
2026-05-17,6644,1561,2,35,0,0,0,100.0
2026-05-17,6645,4158,11,85,0,0,0,100.0
2026-05-17,6646,2833,4,36,0,0,0,100.0
2026-05-17,6647,2137,16,49,0,0,0,100.0
2026-05-17,6648,2259,6,34,0,0,0,100.0
2026-05-17,6649,4742,6,74,0,0,0,100.0
2026-05-17,6650,2072,10,37,0,0,0,100.0
2026-05-17,6651,4819,8,75,0,0,0,100.0
2026-05-17,6652,1966,9,31,0,0,0,100.0
2026-05-17,6654,1896,9,33,0,0,0,100.0
2026-05-17,6657,2599,4,33,0,0,0,100.0
2026-05-17,6658,1909,3,56,0,0,0,100.0
2026-05-17,6659,1639,4,35,0,0,0,100.0
2026-05-17,6660,2049,6,33,0,0,0,100.0
2026-05-17,6661,1854,7,35,0,0,0,100.0
2026-05-17,6662,1124,3,26,0,0,0,100.0
2026-05-17,6663,1995,6,37,0,0,0,100.0
2026-05-17,6664,2182,5,30,0,0,0,100.0
2026-05-17,6665,1998,10,36,0,0,0,100.0
2026-05-17,6666,2675,4,34,0,0,0,100.0
2026-05-17,6667,7029,10,74,0,0,0,100.0
2026-05-17,6668,1982,5,38,0,0,0,100.0
2026-05-17,6672,3084,12,39,0,0,0,100.0
2026-05-17,6673,2476,6,35,0,0,0,100.0
2026-05-17,6674,1361,4,31,0,0,0,100.0
2026-05-17,6675,773,3,27,0,0,0,100.0
2026-05-17,6676,1553,13,33,0,0,0,100.0
2026-05-17,6677,1473,12,34,0,0,0,100.0
2026-05-17,6678,1468,11,34,0,0,0,100.0
2026-05-17,6679,2357,9,36,0,0,0,100.0
2026-05-17,6680,2618,22,57,0,0,0,100.0
2026-05-17,6682,5852,15,78,0,0,0,100.0
2026-05-17,6685,1717,15,31,0,0,0,100.0
2026-05-17,6687,7236,17,104,0,0,0,100.0
2026-05-17,6688,589,2,12,0,0,0,100.0
2026-05-17,6689,418,2,12,0,0,0,100.0
2026-05-17,6690,595,2,16,0,0,0,100.0
2026-05-17,6691,601,2,14,0,0,0,100.0
2026-05-17,6692,4129,13,52,0,0,0,100.0
2026-05-17,6693,4948,9,75,0,0,0,100.0
2026-05-17,6698,3775,7,45,0,0,0,100.0
2026-05-17,6700,2157,7,35,0,0,0,100.0
2026-05-17,6701,584,5,17,0,0,0,100.0
2026-05-17,6702,1534,5,25,0,0,0,100.0
2026-05-17,6703,5192,7,79,0,0,0,100.0
2026-05-17,6704,5833,25,79,0,0,0,100.0
2026-05-17,6705,9491,18,106,0,0,0,100.0
2026-05-17,6706,5786,13,96,0,0,0,100.0
2026-05-17,6707,2870,15,49,0,0,0,100.0
2026-05-17,6708,2428,17,49,0,0,0,100.0
2026-05-17,6709,698,7,11,0,0,0,100.0
2026-05-17,6712,6210,17,74,0,0,0,100.0
2026-05-17,6713,2509,3,45,0,0,0,100.0
2026-05-17,6715,6500,8,80,0,0,0,100.0
2026-05-17,6722,2664,4,55,0,0,0,100.0
2026-05-17,6723,1565,15,36,0,0,0,100.0
2026-05-17,6724,4246,17,66,0,0,0,100.0
2026-05-17,6725,1738,14,38,0,0,0,100.0
2026-05-17,6726,2500,8,32,0,0,0,100.0
2026-05-17,6727,2985,19,35,0,0,0,100.0
2026-05-17,6728,6577,11,83,0,0,0,100.0
2026-05-17,6730,4547,9,58,0,0,0,100.0
2026-05-17,6737,4489,15,51,0,0,0,100.0
2026-05-17,6738,7204,11,83,0,0,0,100.0
2026-05-17,6741,5194,9,63,0,0,0,100.0
2026-05-17,6747,3642,7,53,0,0,0,100.0
2026-05-17,6748,2498,6,37,0,0,0,100.0
2026-05-17,6749,6075,8,76,0,0,0,100.0
2026-05-17,6776,433,1,13,0,0,0,100.0
2026-05-17,6779,486,1,12,0,0,0,100.0
2026-05-17,6780,1118,3,31,0,0,0,100.0
2026-05-17,6790,942,3,58,0,0,0,100.0
2026-05-17,6796,1447,2,33,0,0,0,100.0
2026-05-17,6799,1098,3,18,0,0,0,100.0
2026-05-17,6800,1004,3,16,0,0,0,100.0
2026-05-17,6806,970,8,29,0,0,0,100.0
2026-05-17,6811,737,6,27,0,0,0,100.0
2026-05-17,6817,1488,8,37,0,0,0,100.0
2026-05-17,6818,1039,2,22,0,0,0,100.0
2026-05-17,6819,3036,7,51,0,0,0,100.0
2026-05-17,6821,3899,8,59,0,0,0,100.0
2026-05-17,6822,2454,6,38,0,0,0,100.0
2026-05-17,6823,571,1,19,0,0,0,100.0
2026-05-17,6825,442,1,18,0,0,0,100.0
2026-05-17,6828,873,2,16,0,0,0,100.0
2026-05-17,6834,912,8,8,0,0,0,100.0
2026-05-17,6837,601,3,9,0,0,0,100.0
2026-05-17,6841,1055,7,10,0,0,0,100.0
2026-05-17,6843,400,5,12,0,0,0,100.0
2026-05-17,6844,399,5,15,0,0,0,100.0
2026-05-17,7321,4427,13,48,0,0,0,100.0
2026-05-17,7322,244,1,14,0,0,0,100.0
2026-05-17,7509,988,2,22,0,0,0,100.0
2026-05-17,8290,2010,10,34,0,0,0,100.0
2026-05-18,10232,414,1,8,0,0,0,100.0
2026-05-18,11201,2977,4,28,0,0,0,100.0
2026-05-18,11202,593,1,20,0,0,0,100.0
2026-05-18,11692,3255,15,28,0,0,0,100.0
2026-05-18,11696,1744,5,18,0,0,0,100.0
2026-05-18,12940,2006,11,25,0,0,0,100.0
2026-05-18,16717,1960,4,18,0,0,0,100.0
2026-05-18,16718,6461,14,61,0,0,0,100.0
2026-05-18,16719,773,3,15,0,0,0,100.0
2026-05-18,17707,1806,11,36,0,0,0,100.0
2026-05-18,18705,2714,5,26,0,0,0,100.0
2026-05-18,20667,1431,2,26,0,0,0,100.0
2026-05-18,22638,2150,6,32,0,0,0,100.0
2026-05-18,22639,1386,4,26,0,0,0,100.0
2026-05-18,23384,7241,10,58,0,0,0,100.0
2026-05-18,29038,3318,10,33,0,0,0,100.0
2026-05-18,30036,803,1,29,0,0,0,100.0
2026-05-18,30037,708,7,19,0,0,0,100.0
2026-05-18,30038,992,7,19,0,0,0,100.0
2026-05-18,30039,1286,8,19,0,0,0,100.0
2026-05-18,30040,1245,8,20,0,0,0,100.0
2026-05-18,30042,526,2,9,0,0,0,100.0
2026-05-18,30043,2243,9,31,0,0,0,100.0
2026-05-18,30044,786,10,19,0,0,0,100.0
2026-05-18,30045,1317,6,18,0,0,0,100.0
2026-05-18,30046,2368,6,31,0,0,0,100.0
2026-05-18,30047,770,8,21,0,0,0,100.0
2026-05-18,30048,611,8,20,0,0,0,100.0
2026-05-18,30049,1118,8,27,0,0,0,100.0
2026-05-18,30050,774,4,21,0,0,0,100.0
2026-05-18,30051,587,6,16,0,0,0,100.0
2026-05-18,30055,3590,5,73,0,0,0,100.0
2026-05-18,30584,1197,4,24,0,0,0,100.0
2026-05-18,31816,330,2,6,0,0,0,100.0
2026-05-18,31817,244,2,4,0,0,0,100.0
2026-05-18,31818,591,1,21,0,0,0,100.0
2026-05-18,31819,1880,3,27,0,0,0,100.0
2026-05-18,31821,655,2,14,0,0,0,100.0
2026-05-18,31822,496,2,13,0,0,0,100.0
2026-05-18,32799,2810,7,50,0,0,0,100.0
2026-05-18,33292,1621,10,28,0,0,0,100.0
2026-05-18,33538,1783,3,47,0,0,0,100.0
2026-05-18,34042,261,2,5,0,0,0,100.0
2026-05-18,34043,277,2,5,0,0,0,100.0
2026-05-18,34540,485,2,15,0,0,0,100.0
2026-05-18,34541,806,2,15,0,0,0,100.0
2026-05-18,34542,3546,5,55,0,0,0,100.0
2026-05-18,34543,1590,5,26,0,0,0,100.0
2026-05-18,36799,668,12,20,0,0,0,100.0
2026-05-18,37807,6599,10,72,0,0,0,100.0
2026-05-18,37808,5228,8,73,0,0,0,100.0
2026-05-18,37809,4197,6,60,0,0,0,100.0
2026-05-18,37810,6629,11,74,0,0,0,100.0
2026-05-18,38311,4852,7,73,0,0,0,100.0
2026-05-18,39304,1064,8,27,0,0,0,100.0
2026-05-18,39307,830,2,29,0,0,0,100.0
2026-05-18,40855,1518,2,30,0,0,0,100.0
2026-05-18,46099,1091,3,51,0,0,0,100.0
2026-05-18,46604,5552,10,80,0,0,0,100.0
2026-05-18,48855,586,2,11,0,0,0,100.0
2026-05-18,6612,4817,8,69,0,0,0,100.0
2026-05-18,6613,5285,8,61,0,0,0,100.0
2026-05-18,6614,5348,10,53,0,0,0,100.0
2026-05-18,6615,3462,13,74,0,0,0,100.0
2026-05-18,6616,3468,13,73,0,0,0,100.0
2026-05-18,6617,6940,12,54,0,0,0,100.0
2026-05-18,6618,5491,9,70,0,0,0,100.0
2026-05-18,6619,5321,10,62,0,0,0,100.0
2026-05-18,6620,4862,8,55,0,0,0,100.0
2026-05-18,6621,2299,9,44,0,0,0,100.0
2026-05-18,6622,8297,14,58,0,0,0,100.0
2026-05-18,6623,4655,7,56,0,0,0,100.0
2026-05-18,6624,11043,26,108,0,0,0,100.0
2026-05-18,6625,6323,9,66,0,0,0,100.0
2026-05-18,6626,5163,7,60,0,0,0,100.0
2026-05-18,6627,6690,11,53,0,0,0,100.0
2026-05-18,6628,1824,7,26,0,0,0,100.0
2026-05-18,6629,1375,8,26,0,0,0,100.0
2026-05-18,6630,2496,11,33,0,0,0,100.0
2026-05-18,6631,814,6,23,0,0,0,100.0
2026-05-18,6633,4449,7,54,0,0,0,100.0
2026-05-18,6636,6787,13,60,0,0,0,100.0
2026-05-18,6637,2872,9,46,0,0,0,100.0
2026-05-18,6638,1112,3,14,0,0,0,100.0
2026-05-18,6641,7302,12,85,0,0,0,100.0
2026-05-18,6642,5451,9,61,0,0,0,100.0
2026-05-18,6643,1874,4,25,0,0,0,100.0
2026-05-18,6644,1323,2,23,0,0,0,100.0
2026-05-18,6645,3199,10,52,0,0,0,100.0
2026-05-18,6646,2689,4,27,0,0,0,100.0
2026-05-18,6647,1860,12,39,0,0,0,100.0
2026-05-18,6648,2162,4,26,0,0,0,100.0
2026-05-18,6649,3917,6,51,0,0,0,100.0
2026-05-18,6650,2006,10,30,0,0,0,100.0
2026-05-18,6651,3451,7,50,0,0,0,100.0
2026-05-18,6652,1886,11,26,0,0,0,100.0
2026-05-18,6654,2065,11,28,0,0,0,100.0
2026-05-18,6657,3159,6,32,0,0,0,100.0
2026-05-18,6658,2017,3,39,0,0,0,100.0
2026-05-18,6659,1753,4,30,0,0,0,100.0
2026-05-18,6660,1945,6,26,0,0,0,100.0
2026-05-18,6661,1612,6,24,0,0,0,100.0
2026-05-18,6662,1575,4,30,0,0,0,100.0
2026-05-18,6663,1899,7,31,0,0,0,100.0
2026-05-18,6664,1633,5,19,0,0,0,100.0
2026-05-18,6665,2046,12,31,0,0,0,100.0
2026-05-18,6666,2432,6,26,0,0,0,100.0
2026-05-18,6667,6095,10,52,0,0,0,100.0
2026-05-18,6668,1719,6,28,0,0,0,100.0
2026-05-18,6672,1374,8,14,0,0,0,100.0
2026-05-18,6673,1877,5,30,0,0,0,100.0
2026-05-18,6674,1411,3,27,0,0,0,100.0
2026-05-18,6675,891,3,26,0,0,0,100.0
2026-05-18,6676,1833,13,30,0,0,0,100.0
2026-05-18,6677,2035,7,38,0,0,0,100.0
2026-05-18,6678,1317,7,25,0,0,0,100.0
2026-05-18,6679,2585,6,25,0,0,0,100.0
2026-05-18,6680,1935,15,34,0,0,0,100.0
2026-05-18,6682,4319,14,46,0,0,0,100.0
2026-05-18,6685,1464,11,22,0,0,0,100.0
2026-05-18,6687,5608,15,63,0,0,0,100.0
2026-05-18,6688,872,2,15,0,0,0,100.0
2026-05-18,6689,718,2,14,0,0,0,100.0
2026-05-18,6690,659,3,13,0,0,0,100.0
2026-05-18,6691,607,2,12,0,0,0,100.0
2026-05-18,6692,2458,9,27,0,0,0,100.0
2026-05-18,6693,5432,10,57,0,0,0,100.0
2026-05-18,6698,2331,4,21,0,0,0,100.0
2026-05-18,6700,1917,6,25,0,0,0,100.0
2026-05-18,6701,546,7,15,0,0,0,100.0
2026-05-18,6702,1672,6,20,0,0,0,100.0
2026-05-18,6703,5017,8,61,0,0,0,100.0
2026-05-18,6704,4277,20,49,0,0,0,100.0
2026-05-18,6705,8385,21,72,0,0,0,100.0
2026-05-18,6706,5923,12,78,0,0,0,100.0
2026-05-18,6707,2307,17,31,0,0,0,100.0
2026-05-18,6708,1821,9,29,0,0,0,100.0
2026-05-18,6709,899,7,11,0,0,0,100.0
2026-05-18,6712,7348,18,69,0,0,0,100.0
2026-05-18,6713,1810,3,24,0,0,0,100.0
2026-05-18,6715,5313,10,51,0,0,0,100.0
2026-05-18,6722,2045,4,36,0,0,0,100.0
2026-05-18,6723,1535,10,28,0,0,0,100.0
2026-05-18,6724,3593,11,43,0,0,0,100.0
2026-05-18,6725,1422,10,26,0,0,0,100.0
2026-05-18,6726,2012,5,20,0,0,0,100.0
2026-05-18,6727,3098,10,29,0,0,0,100.0
2026-05-18,6728,5500,10,56,0,0,0,100.0
2026-05-18,6730,3789,9,36,0,0,0,100.0
2026-05-18,6737,4073,18,33,0,0,0,100.0
2026-05-18,6738,6661,14,62,0,0,0,100.0
2026-05-18,6741,4422,9,42,0,0,0,100.0
2026-05-18,6747,3518,7,39,0,0,0,100.0
2026-05-18,6748,2432,6,28,0,0,0,100.0
2026-05-18,6749,4765,8,50,0,0,0,100.0
2026-05-18,6776,421,1,11,0,0,0,100.0
2026-05-18,6779,130,1,5,0,0,0,100.0
2026-05-18,6780,810,3,19,0,0,0,100.0
2026-05-18,6790,978,3,51,0,0,0,100.0
2026-05-18,6796,1642,2,30,0,0,0,100.0
2026-05-18,6799,564,3,7,0,0,0,100.0
2026-05-18,6800,533,3,7,0,0,0,100.0
2026-05-18,6806,988,6,28,0,0,0,100.0
2026-05-18,6811,700,7,25,0,0,0,100.0
2026-05-18,6817,1952,7,34,0,0,0,100.0
2026-05-18,6818,874,3,16,0,0,0,100.0
2026-05-18,6819,3672,6,44,0,0,0,100.0
2026-05-18,6821,4719,8,56,0,0,0,100.0
2026-05-18,6822,1617,3,21,0,0,0,100.0
2026-05-18,6823,252,1,6,0,0,0,100.0
2026-05-18,6825,210,1,6,0,0,0,100.0
2026-05-18,6828,654,2,8,0,0,0,100.0
2026-05-18,6837,204,3,5,0,0,0,100.0
2026-05-18,6841,34,1,1,0,0,0,100.0
2026-05-18,6843,281,4,7,0,0,0,100.0
2026-05-18,6844,277,4,8,0,0,0,100.0
2026-05-18,7321,3513,11,31,0,0,0,100.0
2026-05-18,7322,214,1,11,0,0,0,100.0
2026-05-18,7509,751,2,11,0,0,0,100.0
2026-05-18,8290,1978,10,26,0,0,0,100.0
2026-05-19,10232,1557,4,26,0,0,0,100.0
2026-05-19,11201,13523,14,114,0,0,0,100.0
2026-05-19,11692,13488,43,103,0,0,0,100.0
2026-05-19,11693,10068,18,64,0,0,0,100.0
2026-05-19,11696,6846,6,74,0,0,0,100.0
2026-05-19,12940,6557,25,71,0,0,0,100.0
2026-05-19,13684,1865,2,42,0,0,0,100.0
2026-05-19,16717,2544,8,28,0,0,0,100.0
2026-05-19,16718,23716,23,178,0,0,0,100.0
2026-05-19,16719,3763,9,60,0,0,0,100.0
2026-05-19,17707,6573,31,128,0,0,0,100.0
2026-05-19,18213,440,8,10,0,0,0,100.0
2026-05-19,18705,11638,27,95,0,0,0,100.0
2026-05-19,20667,7389,10,125,0,0,0,100.0
2026-05-19,22638,8063,30,102,0,0,0,100.0
2026-05-19,22639,2866,4,52,0,0,0,100.0
2026-05-19,23384,32192,42,207,0,0,0,100.0
2026-05-19,29038,13256,49,116,0,0,0,100.0
2026-05-19,29039,90,1,1,0,0,0,100.0
2026-05-19,29040,52,1,1,0,0,0,100.0
2026-05-19,30036,3180,7,104,0,0,0,100.0
2026-05-19,30037,3896,32,90,0,0,0,100.0
2026-05-19,30038,5674,33,92,0,0,0,100.0
2026-05-19,30039,6375,33,87,0,0,0,100.0
2026-05-19,30040,6303,33,89,0,0,0,100.0
2026-05-19,30041,2723,12,46,0,0,0,100.0
2026-05-19,30043,8852,36,124,0,0,0,100.0
2026-05-19,30044,2189,10,52,0,0,0,100.0
2026-05-19,30045,4411,15,55,0,0,0,100.0
2026-05-19,30046,8969,40,109,0,0,0,100.0
2026-05-19,30047,3687,22,92,0,0,0,100.0
2026-05-19,30048,3140,22,94,0,0,0,100.0
2026-05-19,30049,4632,25,98,0,0,0,100.0
2026-05-19,30050,4516,28,102,0,0,0,100.0
2026-05-19,30051,2063,25,60,0,0,0,100.0
2026-05-19,30055,9929,8,184,0,0,0,100.0
2026-05-19,30584,3559,19,68,0,0,0,100.0
2026-05-19,31816,2833,5,50,0,0,0,100.0
2026-05-19,31817,2892,5,52,0,0,0,100.0
2026-05-19,31818,1264,5,43,0,0,0,100.0
2026-05-19,31819,5127,4,69,0,0,0,100.0
2026-05-19,31821,2336,13,55,0,0,0,100.0
2026-05-19,31822,2601,14,61,0,0,0,100.0
2026-05-19,32799,9702,31,162,0,0,0,100.0
2026-05-19,33292,6468,18,96,0,0,0,100.0
2026-05-19,33538,4957,5,123,0,0,0,100.0
2026-05-19,34042,2791,16,54,0,0,0,100.0
2026-05-19,34043,3203,15,51,0,0,0,100.0
2026-05-19,34540,1885,5,51,0,0,0,100.0
2026-05-19,34541,2357,5,52,0,0,0,100.0
2026-05-19,34542,10818,16,166,0,0,0,100.0
2026-05-19,34543,8869,17,151,0,0,0,100.0
2026-05-19,36799,3627,42,88,0,0,0,100.0
2026-05-19,37807,25158,41,259,0,0,0,100.0
2026-05-19,37808,17194,24,211,0,0,0,100.0
2026-05-19,37809,13777,11,177,0,0,0,100.0
2026-05-19,37810,39005,48,380,0,0,0,100.0
2026-05-19,38311,12805,16,180,0,0,0,100.0
2026-05-19,39304,3758,10,88,0,0,0,100.0
2026-05-19,39305,8558,32,105,0,0,0,100.0
2026-05-19,39307,6474,8,187,0,0,0,100.0
2026-05-19,40855,5338,7,98,0,0,0,100.0
2026-05-19,45596,2578,2,46,0,0,0,100.0
2026-05-19,46099,3469,5,136,0,0,0,100.0
2026-05-19,46604,18733,20,244,0,0,0,100.0
2026-05-19,48855,2624,3,53,0,0,0,100.0
2026-05-19,6612,15315,16,204,0,0,0,100.0
2026-05-19,6613,15615,16,160,0,0,0,100.0
2026-05-19,6614,18478,21,147,0,0,0,100.0
2026-05-19,6615,11730,28,237,0,0,0,100.0
2026-05-19,6616,11606,28,240,0,0,0,100.0
2026-05-19,6617,22940,25,155,0,0,0,100.0
2026-05-19,6618,15252,13,168,0,0,0,100.0
2026-05-19,6619,22278,26,234,0,0,0,100.0
2026-05-19,6620,17178,25,177,0,0,0,100.0
2026-05-19,6621,8007,14,133,0,0,0,100.0
2026-05-19,6622,34468,38,205,0,0,0,100.0
2026-05-19,6623,13881,12,144,0,0,0,100.0
2026-05-19,6624,25266,22,204,0,0,0,100.0
2026-05-19,6625,19520,21,194,0,0,0,100.0
2026-05-19,6626,18070,21,194,0,0,0,100.0
2026-05-19,6627,29961,38,203,0,0,0,100.0
2026-05-19,6628,8443,19,103,0,0,0,100.0
2026-05-19,6629,5738,19,94,0,0,0,100.0
2026-05-19,6630,10930,12,137,0,0,0,100.0
2026-05-19,6631,3694,13,96,0,0,0,100.0
2026-05-19,6633,14219,15,160,0,0,0,100.0
2026-05-19,6635,7964,18,97,0,0,0,100.0
2026-05-19,6636,40522,38,317,0,0,0,100.0
2026-05-19,6637,8628,14,133,0,0,0,100.0
2026-05-19,6638,10576,12,125,0,0,0,100.0
2026-05-19,6641,43439,45,433,0,0,0,100.0
2026-05-19,6642,21021,20,202,0,0,0,100.0
2026-05-19,6643,7549,18,82,0,0,0,100.0
2026-05-19,6644,7255,25,120,0,0,0,100.0
2026-05-19,6645,12581,18,189,0,0,0,100.0
2026-05-19,6646,10327,18,92,0,0,0,100.0
2026-05-19,6647,6497,25,127,0,0,0,100.0
2026-05-19,6648,10693,30,123,0,0,0,100.0
2026-05-19,6649,13710,27,175,0,0,0,100.0
2026-05-19,6650,8086,18,97,0,0,0,100.0
2026-05-19,6651,18197,40,232,0,0,0,100.0
2026-05-19,6652,5671,11,72,0,0,0,100.0
2026-05-19,6654,5937,10,71,0,0,0,100.0
2026-05-19,6656,2699,2,69,0,0,0,100.0
2026-05-19,6657,13419,28,124,0,0,0,100.0
2026-05-19,6658,6951,9,152,0,0,0,100.0
2026-05-19,6659,4391,15,78,0,0,0,100.0
2026-05-19,6660,7577,32,94,0,0,0,100.0
2026-05-19,6661,7207,38,98,0,0,0,100.0
2026-05-19,6662,7010,19,111,0,0,0,100.0
2026-05-19,6663,5881,20,88,0,0,0,100.0
2026-05-19,6664,6414,21,70,0,0,0,100.0
2026-05-19,6665,5439,8,70,0,0,0,100.0
2026-05-19,6666,9349,36,84,0,0,0,100.0
2026-05-19,6667,18957,22,140,0,0,0,100.0
2026-05-19,6668,4457,25,70,0,0,0,100.0
2026-05-19,6672,9766,29,92,0,0,0,100.0
2026-05-19,6673,8674,41,94,0,0,0,100.0
2026-05-19,6674,3432,26,66,0,0,0,100.0
2026-05-19,6675,2996,19,69,0,0,0,100.0
2026-05-19,6676,5885,29,95,0,0,0,100.0
2026-05-19,6677,6037,27,94,0,0,0,100.0
2026-05-19,6678,4891,23,80,0,0,0,100.0
2026-05-19,6679,6549,23,67,0,0,0,100.0
2026-05-19,6680,5591,31,91,0,0,0,100.0
2026-05-19,6682,18132,27,176,0,0,0,100.0
2026-05-19,6683,2755,24,29,0,0,0,100.0
2026-05-19,6685,6608,40,85,0,0,0,100.0
2026-05-19,6686,924,9,10,0,0,0,100.0
2026-05-19,6687,22185,27,242,0,0,0,100.0
2026-05-19,6688,2810,8,49,0,0,0,100.0
2026-05-19,6689,2458,7,46,0,0,0,100.0
2026-05-19,6690,3440,14,46,0,0,0,100.0
2026-05-19,6691,2741,12,43,0,0,0,100.0
2026-05-19,6692,9983,9,98,0,0,0,100.0
2026-05-19,6693,10017,9,113,0,0,0,100.0
2026-05-19,6698,12203,12,100,0,0,0,100.0
2026-05-19,6699,2688,12,25,0,0,0,100.0
2026-05-19,6700,7600,27,91,0,0,0,100.0
2026-05-19,6701,3875,21,55,0,0,0,100.0
2026-05-19,6702,5675,26,66,0,0,0,100.0
2026-05-19,6703,16172,29,187,0,0,0,100.0
2026-05-19,6704,16503,60,144,0,0,0,100.0
2026-05-19,6705,31043,56,226,0,0,0,100.0
2026-05-19,6706,19553,19,225,0,0,0,100.0
2026-05-19,6707,10006,50,116,0,0,0,100.0
2026-05-19,6708,7406,48,101,0,0,0,100.0
2026-05-19,6709,5207,29,54,0,0,0,100.0
2026-05-19,6710,1299,12,17,0,0,0,100.0
2026-05-19,6712,25506,70,214,0,0,0,100.0
2026-05-19,6713,8716,12,114,0,0,0,100.0
2026-05-19,6714,12819,31,103,0,0,0,100.0
2026-05-19,6715,17653,21,158,0,0,0,100.0
2026-05-19,6716,3035,15,22,0,0,0,100.0
2026-05-19,6717,2740,13,17,0,0,0,100.0
2026-05-19,6718,853,10,11,0,0,0,100.0
2026-05-19,6719,1205,10,12,0,0,0,100.0
2026-05-19,6720,3506,10,29,0,0,0,100.0
2026-05-19,6721,2577,18,20,0,0,0,100.0
2026-05-19,6722,8789,13,134,0,0,0,100.0
2026-05-19,6723,6904,13,108,0,0,0,100.0
2026-05-19,6724,11680,15,126,0,0,0,100.0
2026-05-19,6725,5080,9,72,0,0,0,100.0
2026-05-19,6726,7543,14,66,0,0,0,100.0
2026-05-19,6727,11397,23,92,0,0,0,100.0
2026-05-19,6728,24607,40,209,0,0,0,100.0
2026-05-19,6730,16168,17,131,0,0,0,100.0
2026-05-19,6737,18032,48,121,0,0,0,100.0
2026-05-19,6738,20416,36,167,0,0,0,100.0
2026-05-19,6739,2735,20,24,0,0,0,100.0
2026-05-19,6741,14200,32,126,0,0,0,100.0
2026-05-19,6742,1790,16,18,0,0,0,100.0
2026-05-19,6743,1453,11,25,0,0,0,100.0
2026-05-19,6744,1442,11,24,0,0,0,100.0
2026-05-19,6745,482,5,12,0,0,0,100.0
2026-05-19,6746,374,4,12,0,0,0,100.0
2026-05-19,6747,6015,6,64,0,0,0,100.0
2026-05-19,6748,16745,19,181,0,0,0,100.0
2026-05-19,6749,17033,31,149,0,0,0,100.0
2026-05-19,6754,233,2,2,0,0,0,100.0
2026-05-19,6761,49,1,1,0,0,0,100.0
2026-05-19,6762,141,2,2,0,0,0,100.0
2026-05-19,6776,1533,3,43,0,0,0,100.0
2026-05-19,6779,1037,2,26,0,0,0,100.0
2026-05-19,6780,3164,7,78,0,0,0,100.0
2026-05-19,6790,2529,5,136,0,0,0,100.0
2026-05-19,6796,3827,4,69,0,0,0,100.0
2026-05-19,6799,3894,11,49,0,0,0,100.0
2026-05-19,6800,3710,15,49,0,0,0,100.0
2026-05-19,6804,982,6,13,0,0,0,100.0
2026-05-19,6805,907,6,14,0,0,0,100.0
2026-05-19,6806,4438,7,101,0,0,0,100.0
2026-05-19,6811,1858,7,66,0,0,0,100.0
2026-05-19,6817,6181,12,104,0,0,0,100.0
2026-05-19,6818,4508,8,65,0,0,0,100.0
2026-05-19,6819,12924,21,153,0,0,0,100.0
2026-05-19,6821,13499,14,147,0,0,0,100.0
2026-05-19,6822,8028,10,79,0,0,0,100.0
2026-05-19,6823,1048,4,39,0,0,0,100.0
2026-05-19,6825,1136,2,39,0,0,0,100.0
2026-05-19,6827,2601,10,67,0,0,0,100.0
2026-05-19,6828,2712,3,36,0,0,0,100.0
2026-05-19,6829,1970,4,28,0,0,0,100.0
2026-05-19,6830,1601,4,13,0,0,0,100.0
2026-05-19,6831,408,2,6,0,0,0,100.0
2026-05-19,6833,439,3,7,0,0,0,100.0
2026-05-19,6834,2188,10,13,0,0,0,100.0
2026-05-19,6835,649,3,6,0,0,0,100.0
2026-05-19,6836,448,2,6,0,0,0,100.0
2026-05-19,6837,1315,4,14,0,0,0,100.0
2026-05-19,6838,1582,4,15,0,0,0,100.0
2026-05-19,6840,598,3,6,0,0,0,100.0
2026-05-19,6841,3159,10,22,0,0,0,100.0
2026-05-19,6843,834,6,23,0,0,0,100.0
2026-05-19,6844,931,6,23,0,0,0,100.0
2026-05-19,7224,10074,20,85,0,0,0,100.0
2026-05-19,7321,8683,21,68,0,0,0,100.0
2026-05-19,7322,982,3,43,0,0,0,100.0
2026-05-19,8289,94,2,2,0,0,0,100.0
2026-05-19,8290,6915,29,84,0,0,0,100.0
2026-05-19,9745,3523,19,57,0,0,0,100.0
2026-05-20,10232,1610,3,27,0,0,0,100.0
2026-05-20,11201,15368,16,128,0,0,0,100.0
2026-05-20,11692,14326,45,106,0,0,0,100.0
2026-05-20,11693,10486,18,66,0,0,0,100.0
2026-05-20,11696,7342,9,77,0,0,0,100.0
2026-05-20,12940,6774,25,73,0,0,0,100.0
2026-05-20,13684,2249,2,45,0,0,0,100.0
2026-05-20,16717,2466,9,24,0,0,0,100.0
2026-05-20,16718,24738,25,179,0,0,0,100.0
2026-05-20,16719,3265,9,55,0,0,0,100.0
2026-05-20,17707,6960,31,134,0,0,0,100.0
2026-05-20,18213,460,8,10,0,0,0,100.0
2026-05-20,18705,12055,26,96,0,0,0,100.0
2026-05-20,20667,7807,9,130,0,0,0,100.0
2026-05-20,22638,8958,30,110,0,0,0,100.0
2026-05-20,22639,3054,5,55,0,0,0,100.0
2026-05-20,23384,33564,45,208,0,0,0,100.0
2026-05-20,29038,14664,51,122,0,0,0,100.0
2026-05-20,29039,83,1,1,0,0,0,100.0
2026-05-20,29040,75,1,1,0,0,0,100.0
2026-05-20,30036,3251,7,107,0,0,0,100.0
2026-05-20,30037,4089,31,94,0,0,0,100.0
2026-05-20,30038,5777,32,95,0,0,0,100.0
2026-05-20,30039,6583,32,91,0,0,0,100.0
2026-05-20,30040,6637,33,91,0,0,0,100.0
2026-05-20,30041,2788,12,46,0,0,0,100.0
2026-05-20,30043,9201,37,127,0,0,0,100.0
2026-05-20,30044,2301,10,54,0,0,0,100.0
2026-05-20,30045,4492,15,57,0,0,0,100.0
2026-05-20,30046,9546,43,112,0,0,0,100.0
2026-05-20,30047,3798,20,93,0,0,0,100.0
2026-05-20,30048,3014,20,93,0,0,0,100.0
2026-05-20,30049,4763,22,99,0,0,0,100.0
2026-05-20,30050,4624,28,105,0,0,0,100.0
2026-05-20,30051,2123,28,63,0,0,0,100.0
2026-05-20,30055,10241,9,188,0,0,0,100.0
2026-05-20,30584,3449,16,68,0,0,0,100.0
2026-05-20,31816,2995,6,52,0,0,0,100.0
2026-05-20,31817,3133,5,54,0,0,0,100.0
2026-05-20,31818,1333,5,45,0,0,0,100.0
2026-05-20,31819,5482,3,71,0,0,0,100.0
2026-05-20,31821,2437,14,57,0,0,0,100.0
2026-05-20,31822,2625,13,62,0,0,0,100.0
2026-05-20,32799,10259,28,170,0,0,0,100.0
2026-05-20,33292,6524,19,99,0,0,0,100.0
2026-05-20,33538,5124,5,124,0,0,0,100.0
2026-05-20,34042,2877,14,56,0,0,0,100.0
2026-05-20,34043,3296,14,55,0,0,0,100.0
2026-05-20,34540,2021,6,53,0,0,0,100.0
2026-05-20,34541,2497,5,53,0,0,0,100.0
2026-05-20,34542,10906,19,162,0,0,0,100.0
2026-05-20,34543,9274,18,154,0,0,0,100.0
2026-05-20,36799,4137,42,90,0,0,0,100.0
2026-05-20,37807,27280,44,254,0,0,0,100.0
2026-05-20,37808,17898,21,217,0,0,0,100.0
2026-05-20,37809,14110,10,177,0,0,0,100.0
2026-05-20,37810,40914,44,389,0,0,0,100.0
2026-05-20,38311,13494,15,185,0,0,0,100.0
2026-05-20,39304,3789,10,89,0,0,0,100.0
2026-05-20,39305,10330,29,100,0,0,0,100.0
2026-05-20,39307,6589,7,188,0,0,0,100.0
2026-05-20,40855,5447,6,101,0,0,0,100.0
2026-05-20,45596,2753,2,50,0,0,0,100.0
2026-05-20,46099,3775,5,142,0,0,0,100.0
2026-05-20,46604,19629,18,249,0,0,0,100.0
2026-05-20,48855,2724,2,55,0,0,0,100.0
2026-05-20,6612,15280,18,193,0,0,0,100.0
2026-05-20,6613,17168,17,169,0,0,0,100.0
2026-05-20,6614,19948,21,151,0,0,0,100.0
2026-05-20,6615,12152,26,233,0,0,0,100.0
2026-05-20,6616,11165,26,232,0,0,0,100.0
2026-05-20,6617,24166,26,151,0,0,0,100.0
2026-05-20,6618,15925,14,171,0,0,0,100.0
2026-05-20,6619,21794,24,221,0,0,0,100.0
2026-05-20,6620,17762,24,178,0,0,0,100.0
2026-05-20,6621,8059,14,133,0,0,0,100.0
2026-05-20,6622,35395,38,199,0,0,0,100.0
2026-05-20,6623,14310,14,145,0,0,0,100.0
2026-05-20,6624,26736,23,206,0,0,0,100.0
2026-05-20,6625,20171,20,193,0,0,0,100.0
2026-05-20,6626,18751,21,196,0,0,0,100.0
2026-05-20,6627,30802,36,200,0,0,0,100.0
2026-05-20,6628,8752,19,106,0,0,0,100.0
2026-05-20,6629,5922,18,89,0,0,0,100.0
2026-05-20,6630,11173,17,136,0,0,0,100.0
2026-05-20,6631,3637,14,90,0,0,0,100.0
2026-05-20,6633,14320,17,157,0,0,0,100.0
2026-05-20,6635,8754,19,104,0,0,0,100.0
2026-05-20,6636,42785,37,325,0,0,0,100.0
2026-05-20,6637,8645,14,134,0,0,0,100.0
2026-05-20,6638,11295,11,131,0,0,0,100.0
2026-05-20,6641,46623,49,454,0,0,0,100.0
2026-05-20,6642,22643,22,212,0,0,0,100.0
2026-05-20,6643,7634,19,84,0,0,0,100.0
2026-05-20,6644,7824,24,125,0,0,0,100.0
2026-05-20,6645,13221,19,198,0,0,0,100.0
2026-05-20,6646,10998,20,96,0,0,0,100.0
2026-05-20,6647,6842,26,135,0,0,0,100.0
2026-05-20,6648,10834,28,124,0,0,0,100.0
2026-05-20,6649,14298,27,180,0,0,0,100.0
2026-05-20,6650,8740,19,101,0,0,0,100.0
2026-05-20,6651,19078,38,228,0,0,0,100.0
2026-05-20,6652,6020,11,74,0,0,0,100.0
2026-05-20,6654,6237,11,74,0,0,0,100.0
2026-05-20,6656,2902,2,75,0,0,0,100.0
2026-05-20,6657,14036,24,126,0,0,0,100.0
2026-05-20,6658,7312,10,158,0,0,0,100.0
2026-05-20,6659,4848,15,83,0,0,0,100.0
2026-05-20,6660,7807,33,96,0,0,0,100.0
2026-05-20,6661,7359,36,98,0,0,0,100.0
2026-05-20,6662,7374,19,118,0,0,0,100.0
2026-05-20,6663,6160,20,92,0,0,0,100.0
2026-05-20,6664,6799,24,72,0,0,0,100.0
2026-05-20,6665,5788,8,70,0,0,0,100.0
2026-05-20,6666,10014,37,91,0,0,0,100.0
2026-05-20,6667,20589,23,141,0,0,0,100.0
2026-05-20,6668,4726,23,75,0,0,0,100.0
2026-05-20,6672,10250,32,92,0,0,0,100.0
2026-05-20,6673,8683,40,89,0,0,0,100.0
2026-05-20,6674,3693,26,68,0,0,0,100.0
2026-05-20,6675,2835,18,63,0,0,0,100.0
2026-05-20,6676,7301,32,105,0,0,0,100.0
2026-05-20,6677,6132,29,96,0,0,0,100.0
2026-05-20,6678,5188,27,88,0,0,0,100.0
2026-05-20,6679,7032,24,68,0,0,0,100.0
2026-05-20,6680,5726,32,96,0,0,0,100.0
2026-05-20,6682,19772,27,183,0,0,0,100.0
2026-05-20,6683,2770,23,28,0,0,0,100.0
2026-05-20,6685,7122,42,93,0,0,0,100.0
2026-05-20,6686,937,9,10,0,0,0,100.0
2026-05-20,6687,23343,28,243,0,0,0,100.0
2026-05-20,6688,2903,8,49,0,0,0,100.0
2026-05-20,6689,2443,8,48,0,0,0,100.0
2026-05-20,6690,3464,13,48,0,0,0,100.0
2026-05-20,6691,2862,11,45,0,0,0,100.0
2026-05-20,6692,10483,8,97,0,0,0,100.0
2026-05-20,6693,10553,10,113,0,0,0,100.0
2026-05-20,6698,12961,12,103,0,0,0,100.0
2026-05-20,6699,2695,11,25,0,0,0,100.0
2026-05-20,6700,8554,27,98,0,0,0,100.0
2026-05-20,6701,4002,22,56,0,0,0,100.0
2026-05-20,6702,5892,26,68,0,0,0,100.0
2026-05-20,6703,17232,31,195,0,0,0,100.0
2026-05-20,6704,17676,65,152,0,0,0,100.0
2026-05-20,6705,32764,55,232,0,0,0,100.0
2026-05-20,6706,20555,18,235,0,0,0,100.0
2026-05-20,6707,10225,46,117,0,0,0,100.0
2026-05-20,6708,7533,47,105,0,0,0,100.0
2026-05-20,6709,5609,28,54,0,0,0,100.0
2026-05-20,6710,1425,12,18,0,0,0,100.0
2026-05-20,6712,26756,69,218,0,0,0,100.0
2026-05-20,6713,9475,12,121,0,0,0,100.0
2026-05-20,6714,13750,31,107,0,0,0,100.0
2026-05-20,6715,18220,21,161,0,0,0,100.0
2026-05-20,6716,3093,16,22,0,0,0,100.0
2026-05-20,6717,2822,12,17,0,0,0,100.0
2026-05-20,6718,885,9,11,0,0,0,100.0
2026-05-20,6719,1141,11,11,0,0,0,100.0
2026-05-20,6720,3450,10,29,0,0,0,100.0
2026-05-20,6721,2511,19,20,0,0,0,100.0
2026-05-20,6722,9067,15,139,0,0,0,100.0
2026-05-20,6723,7211,14,111,0,0,0,100.0
2026-05-20,6724,12349,14,128,0,0,0,100.0
2026-05-20,6725,5288,8,73,0,0,0,100.0
2026-05-20,6726,7653,15,68,0,0,0,100.0
2026-05-20,6727,11698,23,92,0,0,0,100.0
2026-05-20,6728,24395,43,199,0,0,0,100.0
2026-05-20,6730,16697,19,134,0,0,0,100.0
2026-05-20,6737,18382,50,124,0,0,0,100.0
2026-05-20,6738,22205,36,175,0,0,0,100.0
2026-05-20,6739,2776,21,24,0,0,0,100.0
2026-05-20,6741,14614,28,130,0,0,0,100.0
2026-05-20,6742,1834,15,18,0,0,0,100.0
2026-05-20,6743,1486,10,25,0,0,0,100.0
2026-05-20,6744,1447,11,24,0,0,0,100.0
2026-05-20,6745,488,5,12,0,0,0,100.0
2026-05-20,6746,365,4,12,0,0,0,100.0
2026-05-20,6747,6216,6,67,0,0,0,100.0
2026-05-20,6748,17096,23,184,0,0,0,100.0
2026-05-20,6749,18213,31,152,0,0,0,100.0
2026-05-20,6754,230,2,2,0,0,0,100.0
2026-05-20,6761,45,1,1,0,0,0,100.0
2026-05-20,6762,153,2,2,0,0,0,100.0
2026-05-20,6776,1583,3,43,0,0,0,100.0
2026-05-20,6779,1541,1,27,0,0,0,100.0
2026-05-20,6780,3289,6,81,0,0,0,100.0
2026-05-20,6790,2466,5,141,0,0,0,100.0
2026-05-20,6796,4061,4,70,0,0,0,100.0
2026-05-20,6799,4027,11,52,0,0,0,100.0
2026-05-20,6800,3793,15,51,0,0,0,100.0
2026-05-20,6804,1020,6,14,0,0,0,100.0
2026-05-20,6805,983,6,15,0,0,0,100.0
2026-05-20,6806,4533,9,104,0,0,0,100.0
2026-05-20,6811,1964,7,70,0,0,0,100.0
2026-05-20,6817,6522,14,109,0,0,0,100.0
2026-05-20,6818,4822,8,68,0,0,0,100.0
2026-05-20,6819,13249,21,155,0,0,0,100.0
2026-05-20,6821,14189,13,151,0,0,0,100.0
2026-05-20,6822,8225,11,80,0,0,0,100.0
2026-05-20,6823,1120,4,42,0,0,0,100.0
2026-05-20,6825,1283,2,42,0,0,0,100.0
2026-05-20,6827,2773,10,69,0,0,0,100.0
2026-05-20,6828,2873,3,38,0,0,0,100.0
2026-05-20,6829,2024,4,28,0,0,0,100.0
2026-05-20,6830,1571,5,13,0,0,0,100.0
2026-05-20,6831,395,3,6,0,0,0,100.0
2026-05-20,6833,577,3,7,0,0,0,100.0
2026-05-20,6834,1918,8,11,0,0,0,100.0
2026-05-20,6835,1771,6,16,0,0,0,100.0
2026-05-20,6836,431,2,6,0,0,0,100.0
2026-05-20,6837,1067,6,10,0,0,0,100.0
2026-05-20,6838,1745,7,17,0,0,0,100.0
2026-05-20,6840,1325,5,15,0,0,0,100.0
2026-05-20,6841,3163,11,21,0,0,0,100.0
2026-05-20,6843,933,6,24,0,0,0,100.0
2026-05-20,6844,864,6,24,0,0,0,100.0
2026-05-20,7224,10616,19,87,0,0,0,100.0
2026-05-20,7321,9119,21,68,0,0,0,100.0
2026-05-20,7322,967,3,43,0,0,0,100.0
2026-05-20,8289,84,2,2,0,0,0,100.0
2026-05-20,8290,7211,29,84,0,0,0,100.0
2026-05-20,9745,3697,20,60,0,0,0,100.0
2026-05-21,10232,1838,4,28,0,0,0,100.0
2026-05-21,11201,15137,14,120,0,0,0,100.0
2026-05-21,11692,14973,44,106,0,0,0,100.0
2026-05-21,11693,10806,18,64,0,0,0,100.0
2026-05-21,11696,7662,9,77,0,0,0,100.0
2026-05-21,12940,7345,24,74,0,0,0,100.0
2026-05-21,13684,2239,2,46,0,0,0,100.0
2026-05-21,16717,2459,9,24,0,0,0,100.0
2026-05-21,16718,26641,24,181,0,0,0,100.0
2026-05-21,16719,3338,9,53,0,0,0,100.0
2026-05-21,17707,7346,32,140,0,0,0,100.0
2026-05-21,18213,486,8,10,0,0,0,100.0
2026-05-21,18705,12511,26,96,0,0,0,100.0
2026-05-21,20667,7908,9,134,0,0,0,100.0
2026-05-21,22638,9117,30,113,0,0,0,100.0
2026-05-21,22639,3111,5,58,0,0,0,100.0
2026-05-21,23384,35305,45,208,0,0,0,100.0
2026-05-21,29038,15437,53,122,0,0,0,100.0
2026-05-21,29039,100,1,1,0,0,0,100.0
2026-05-21,29040,75,1,1,0,0,0,100.0
2026-05-21,30036,3360,7,110,0,0,0,100.0
2026-05-21,30037,4257,32,97,0,0,0,100.0
2026-05-21,30038,5942,33,98,0,0,0,100.0
2026-05-21,30039,6778,32,91,0,0,0,100.0
2026-05-21,30040,6774,33,92,0,0,0,100.0
2026-05-21,30041,2304,10,38,0,0,0,100.0
2026-05-21,30043,9372,36,126,0,0,0,100.0
2026-05-21,30044,2383,10,56,0,0,0,100.0
2026-05-21,30045,4725,15,58,0,0,0,100.0
2026-05-21,30046,10029,42,114,0,0,0,100.0
2026-05-21,30047,3959,20,97,0,0,0,100.0
2026-05-21,30048,3117,19,97,0,0,0,100.0
2026-05-21,30049,5028,24,104,0,0,0,100.0
2026-05-21,30050,4901,28,108,0,0,0,100.0
2026-05-21,30051,2205,27,66,0,0,0,100.0
2026-05-21,30055,10957,8,196,0,0,0,100.0
2026-05-21,30584,3647,17,71,0,0,0,100.0
2026-05-21,31816,3291,6,55,0,0,0,100.0
2026-05-21,31817,3283,5,58,0,0,0,100.0
2026-05-21,31818,1487,5,50,0,0,0,100.0
2026-05-21,31819,5627,3,72,0,0,0,100.0
2026-05-21,31821,2563,13,58,0,0,0,100.0
2026-05-21,31822,2705,14,64,0,0,0,100.0
2026-05-21,32799,10838,27,177,0,0,0,100.0
2026-05-21,33292,6840,19,102,0,0,0,100.0
2026-05-21,33538,5529,5,132,0,0,0,100.0
2026-05-21,34042,3042,15,59,0,0,0,100.0
2026-05-21,34043,3537,14,56,0,0,0,100.0
2026-05-21,34540,2024,4,56,0,0,0,100.0
2026-05-21,34541,2651,4,56,0,0,0,100.0
2026-05-21,34542,11638,18,171,0,0,0,100.0
2026-05-21,34543,9687,21,159,0,0,0,100.0
2026-05-21,36799,4230,44,96,0,0,0,100.0
2026-05-21,37807,27212,44,259,0,0,0,100.0
2026-05-21,37808,18657,23,220,0,0,0,100.0
2026-05-21,37809,14761,13,179,0,0,0,100.0
2026-05-21,37810,42911,46,393,0,0,0,100.0
2026-05-21,38311,14421,15,190,0,0,0,100.0
2026-05-21,39304,4010,9,94,0,0,0,100.0
2026-05-21,39305,8200,30,100,0,0,0,100.0
2026-05-21,39307,7071,7,204,0,0,0,100.0
2026-05-21,40855,5740,6,103,0,0,0,100.0
2026-05-21,45596,2917,2,52,0,0,0,100.0
2026-05-21,46099,3896,7,149,0,0,0,100.0
2026-05-21,46604,20446,21,254,0,0,0,100.0
2026-05-21,48855,3113,2,58,0,0,0,100.0
2026-05-21,6612,16403,16,205,0,0,0,100.0
2026-05-21,6613,17961,17,170,0,0,0,100.0
2026-05-21,6614,21182,22,150,0,0,0,100.0
2026-05-21,6615,13213,27,239,0,0,0,100.0
2026-05-21,6616,12082,28,246,0,0,0,100.0
2026-05-21,6617,25492,27,151,0,0,0,100.0
2026-05-21,6618,17020,15,173,0,0,0,100.0
2026-05-21,6619,24142,26,239,0,0,0,100.0
2026-05-21,6620,18663,27,180,0,0,0,100.0
2026-05-21,6621,8706,14,140,0,0,0,100.0
2026-05-21,6622,37460,38,199,0,0,0,100.0
2026-05-21,6623,15327,13,148,0,0,0,100.0
2026-05-21,6624,28284,22,200,0,0,0,100.0
2026-05-21,6625,21750,20,197,0,0,0,100.0
2026-05-21,6626,19260,20,192,0,0,0,100.0
2026-05-21,6627,32203,35,201,0,0,0,100.0
2026-05-21,6628,8774,17,103,0,0,0,100.0
2026-05-21,6629,6774,18,107,0,0,0,100.0
2026-05-21,6630,12181,15,145,0,0,0,100.0
2026-05-21,6631,3926,14,99,0,0,0,100.0
2026-05-21,6633,15720,15,165,0,0,0,100.0
2026-05-21,6635,8946,19,103,0,0,0,100.0
2026-05-21,6636,44996,36,328,0,0,0,100.0
2026-05-21,6637,9336,14,140,0,0,0,100.0
2026-05-21,6638,12000,11,135,0,0,0,100.0
2026-05-21,6641,48946,47,460,0,0,0,100.0
2026-05-21,6642,23790,25,217,0,0,0,100.0
2026-05-21,6643,8195,19,85,0,0,0,100.0
2026-05-21,6644,8079,26,126,0,0,0,100.0
2026-05-21,6645,13882,18,201,0,0,0,100.0
2026-05-21,6646,11001,20,95,0,0,0,100.0
2026-05-21,6647,7138,27,140,0,0,0,100.0
2026-05-21,6648,10603,27,120,0,0,0,100.0
2026-05-21,6649,14959,27,185,0,0,0,100.0
2026-05-21,6650,9002,19,101,0,0,0,100.0
2026-05-21,6651,18203,36,224,0,0,0,100.0
2026-05-21,6652,6464,11,76,0,0,0,100.0
2026-05-21,6654,6686,10,74,0,0,0,100.0
2026-05-21,6656,3126,2,80,0,0,0,100.0
2026-05-21,6657,15160,25,129,0,0,0,100.0
2026-05-21,6658,7756,9,164,0,0,0,100.0
2026-05-21,6659,5127,15,87,0,0,0,100.0
2026-05-21,6660,8037,34,97,0,0,0,100.0
2026-05-21,6661,7610,37,100,0,0,0,100.0
2026-05-21,6662,7714,21,123,0,0,0,100.0
2026-05-21,6663,6352,21,94,0,0,0,100.0
2026-05-21,6664,7284,25,74,0,0,0,100.0
2026-05-21,6665,6090,8,73,0,0,0,100.0
2026-05-21,6666,10511,39,91,0,0,0,100.0
2026-05-21,6667,21934,21,146,0,0,0,100.0
2026-05-21,6668,4998,22,78,0,0,0,100.0
2026-05-21,6672,10640,30,93,0,0,0,100.0
2026-05-21,6673,9930,41,96,0,0,0,100.0
2026-05-21,6674,3756,28,72,0,0,0,100.0
2026-05-21,6675,3269,18,75,0,0,0,100.0
2026-05-21,6676,6963,32,107,0,0,0,100.0
2026-05-21,6677,6327,30,99,0,0,0,100.0
2026-05-21,6678,5529,26,91,0,0,0,100.0
2026-05-21,6679,7279,24,71,0,0,0,100.0
2026-05-21,6680,6616,34,106,0,0,0,100.0
2026-05-21,6682,21056,32,183,0,0,0,100.0
2026-05-21,6683,3332,24,30,0,0,0,100.0
2026-05-21,6685,8454,44,96,0,0,0,100.0
2026-05-21,6686,970,8,9,0,0,0,100.0
2026-05-21,6687,24747,28,238,0,0,0,100.0
2026-05-21,6688,2888,8,49,0,0,0,100.0
2026-05-21,6689,2571,8,50,0,0,0,100.0
2026-05-21,6690,3733,13,48,0,0,0,100.0
2026-05-21,6691,3080,12,45,0,0,0,100.0
2026-05-21,6692,11309,11,101,0,0,0,100.0
2026-05-21,6693,11112,10,110,0,0,0,100.0
2026-05-21,6698,13612,12,103,0,0,0,100.0
2026-05-21,6699,2766,12,25,0,0,0,100.0
2026-05-21,6700,8998,28,100,0,0,0,100.0
2026-05-21,6701,4129,23,57,0,0,0,100.0
2026-05-21,6702,6379,28,71,0,0,0,100.0
2026-05-21,6703,18020,31,197,0,0,0,100.0
2026-05-21,6704,18432,63,154,0,0,0,100.0
2026-05-21,6705,34506,56,233,0,0,0,100.0
2026-05-21,6706,21566,16,236,0,0,0,100.0
2026-05-21,6707,10950,46,120,0,0,0,100.0
2026-05-21,6708,7970,48,105,0,0,0,100.0
2026-05-21,6709,5417,28,55,0,0,0,100.0
2026-05-21,6710,1602,12,19,0,0,0,100.0
2026-05-21,6712,27765,70,220,0,0,0,100.0
2026-05-21,6713,9946,11,122,0,0,0,100.0
2026-05-21,6714,14089,32,107,0,0,0,100.0
2026-05-21,6715,19718,20,163,0,0,0,100.0
2026-05-21,6716,3219,14,22,0,0,0,100.0
2026-05-21,6717,2871,15,17,0,0,0,100.0
2026-05-21,6718,876,9,11,0,0,0,100.0
2026-05-21,6719,1134,11,12,0,0,0,100.0
2026-05-21,6720,3517,10,29,0,0,0,100.0
2026-05-21,6721,2498,19,20,0,0,0,100.0
2026-05-21,6722,9703,15,144,0,0,0,100.0
2026-05-21,6723,7381,15,112,0,0,0,100.0
2026-05-21,6724,12952,15,131,0,0,0,100.0
2026-05-21,6725,5652,9,75,0,0,0,100.0
2026-05-21,6726,8315,14,69,0,0,0,100.0
2026-05-21,6727,12488,22,93,0,0,0,100.0
2026-05-21,6728,26809,39,209,0,0,0,100.0
2026-05-21,6730,17586,20,134,0,0,0,100.0
2026-05-21,6737,19355,49,124,0,0,0,100.0
2026-05-21,6738,23249,38,176,0,0,0,100.0
2026-05-21,6739,2844,20,24,0,0,0,100.0
2026-05-21,6741,15276,30,131,0,0,0,100.0
2026-05-21,6742,1802,15,18,0,0,0,100.0
2026-05-21,6743,1586,9,26,0,0,0,100.0
2026-05-21,6744,1435,10,24,0,0,0,100.0
2026-05-21,6745,473,5,12,0,0,0,100.0
2026-05-21,6746,384,4,12,0,0,0,100.0
2026-05-21,6747,6736,7,68,0,0,0,100.0
2026-05-21,6748,17938,22,185,0,0,0,100.0
2026-05-21,6749,19077,30,153,0,0,0,100.0
2026-05-21,6754,244,2,2,0,0,0,100.0
2026-05-21,6761,52,1,1,0,0,0,100.0
2026-05-21,6762,136,2,2,0,0,0,100.0
2026-05-21,6776,1633,3,46,0,0,0,100.0
2026-05-21,6779,1648,1,28,0,0,0,100.0
2026-05-21,6780,3940,6,88,0,0,0,100.0
2026-05-21,6790,2721,7,150,0,0,0,100.0
2026-05-21,6796,4221,4,72,0,0,0,100.0
2026-05-21,6799,4172,11,53,0,0,0,100.0
2026-05-21,6800,4130,15,53,0,0,0,100.0
2026-05-21,6804,1056,6,14,0,0,0,100.0
2026-05-21,6805,1044,6,15,0,0,0,100.0
2026-05-21,6806,4711,9,107,0,0,0,100.0
2026-05-21,6811,2082,7,74,0,0,0,100.0
2026-05-21,6817,6870,14,112,0,0,0,100.0
2026-05-21,6818,4987,8,69,0,0,0,100.0
2026-05-21,6819,13724,22,157,0,0,0,100.0
2026-05-21,6821,14904,13,154,0,0,0,100.0
2026-05-21,6822,8762,12,83,0,0,0,100.0
2026-05-21,6823,1262,4,46,0,0,0,100.0
2026-05-21,6825,1409,2,46,0,0,0,100.0
2026-05-21,6827,2917,10,72,0,0,0,100.0
2026-05-21,6828,3117,3,40,0,0,0,100.0
2026-05-21,6829,2061,4,28,0,0,0,100.0
2026-05-21,6830,1492,5,13,0,0,0,100.0
2026-05-21,6831,352,3,6,0,0,0,100.0
2026-05-21,6833,536,3,7,0,0,0,100.0
2026-05-21,6834,1901,8,11,0,0,0,100.0
2026-05-21,6835,1746,6,16,0,0,0,100.0
2026-05-21,6836,447,2,6,0,0,0,100.0
2026-05-21,6837,1160,6,10,0,0,0,100.0
2026-05-21,6838,1708,7,17,0,0,0,100.0
2026-05-21,6840,1314,5,15,0,0,0,100.0
2026-05-21,6841,3123,11,21,0,0,0,100.0
2026-05-21,6843,940,6,26,0,0,0,100.0
2026-05-21,6844,1032,6,26,0,0,0,100.0
2026-05-21,7224,10986,19,87,0,0,0,100.0
2026-05-21,7321,9714,21,68,0,0,0,100.0
2026-05-21,7322,1029,3,46,0,0,0,100.0
2026-05-21,8289,76,2,2,0,0,0,100.0
2026-05-21,8290,7431,28,85,0,0,0,100.0
2026-05-21,9745,3913,20,59,0,0,0,100.0
2026-05-22,10232,2118,4,34,0,0,0,100.0
2026-05-22,11201,16258,16,129,0,0,0,100.0
2026-05-22,11692,14969,43,106,0,0,0,100.0
2026-05-22,11693,11053,17,66,0,0,0,100.0
2026-05-22,11696,7912,8,77,0,0,0,100.0
2026-05-22,12940,7259,24,74,0,0,0,100.0
2026-05-22,13684,2262,2,48,0,0,0,100.0
2026-05-22,16717,2490,9,24,0,0,0,100.0
2026-05-22,16718,26790,26,184,0,0,0,100.0
2026-05-22,16719,4090,10,64,0,0,0,100.0
2026-05-22,17707,6903,31,134,0,0,0,100.0
2026-05-22,18213,446,8,10,0,0,0,100.0
2026-05-22,18705,12758,24,96,0,0,0,100.0
2026-05-22,20667,7743,10,130,0,0,0,100.0
2026-05-22,22638,8764,32,106,0,0,0,100.0
2026-05-22,22639,3282,5,58,0,0,0,100.0
2026-05-22,23384,34733,41,204,0,0,0,100.0
2026-05-22,29038,15137,51,121,0,0,0,100.0
2026-05-22,29039,84,1,1,0,0,0,100.0
2026-05-22,29040,61,1,1,0,0,0,100.0
2026-05-22,30036,3078,6,103,0,0,0,100.0
2026-05-22,30037,4541,33,97,0,0,0,100.0
2026-05-22,30038,5654,33,97,0,0,0,100.0
2026-05-22,30039,6528,33,90,0,0,0,100.0
2026-05-22,30040,6865,34,91,0,0,0,100.0
2026-05-22,30041,2802,12,46,0,0,0,100.0
2026-05-22,30043,9937,38,136,0,0,0,100.0
2026-05-22,30044,2322,10,56,0,0,0,100.0
2026-05-22,30045,4918,15,60,0,0,0,100.0
2026-05-22,30046,9886,43,113,0,0,0,100.0
2026-05-22,30047,4073,22,101,0,0,0,100.0
2026-05-22,30048,3175,21,98,0,0,0,100.0
2026-05-22,30049,4946,26,104,0,0,0,100.0
2026-05-22,30050,4938,28,108,0,0,0,100.0
2026-05-22,30051,2205,26,64,0,0,0,100.0
2026-05-22,30055,10947,9,196,0,0,0,100.0
2026-05-22,30584,3518,17,71,0,0,0,100.0
2026-05-22,31816,3211,6,55,0,0,0,100.0
2026-05-22,31817,3337,5,58,0,0,0,100.0
2026-05-22,31818,1681,5,57,0,0,0,100.0
2026-05-22,31819,5792,3,72,0,0,0,100.0
2026-05-22,31821,2376,12,54,0,0,0,100.0
2026-05-22,31822,2833,13,64,0,0,0,100.0
2026-05-22,32799,10967,27,177,0,0,0,100.0
2026-05-22,33292,6852,21,102,0,0,0,100.0
2026-05-22,33538,5509,5,132,0,0,0,100.0
2026-05-22,34042,3170,15,59,0,0,0,100.0
2026-05-22,34043,3299,14,56,0,0,0,100.0
2026-05-22,34540,2144,6,56,0,0,0,100.0
2026-05-22,34541,2617,5,56,0,0,0,100.0
2026-05-22,34542,11731,16,171,0,0,0,100.0
2026-05-22,34543,9745,18,159,0,0,0,100.0
2026-05-22,36799,4178,46,96,0,0,0,100.0
2026-05-22,37807,27372,43,258,0,0,0,100.0
2026-05-22,37808,19022,24,219,0,0,0,100.0
2026-05-22,37809,14977,12,182,0,0,0,100.0
2026-05-22,37810,43037,47,396,0,0,0,100.0
2026-05-22,38311,14406,15,189,0,0,0,100.0
2026-05-22,39304,3899,9,92,0,0,0,100.0
2026-05-22,39305,8375,32,106,0,0,0,100.0
2026-05-22,39307,6837,7,203,0,0,0,100.0
2026-05-22,40855,5698,6,103,0,0,0,100.0
2026-05-22,45596,2982,2,52,0,0,0,100.0
2026-05-22,46099,3697,6,147,0,0,0,100.0
2026-05-22,46604,20309,18,253,0,0,0,100.0
2026-05-22,48855,3219,2,56,0,0,0,100.0
2026-05-22,6612,16264,16,205,0,0,0,100.0
2026-05-22,6613,17812,16,169,0,0,0,100.0
2026-05-22,6614,21197,20,155,0,0,0,100.0
2026-05-22,6615,12802,29,245,0,0,0,100.0
2026-05-22,6616,12496,29,245,0,0,0,100.0
2026-05-22,6617,25240,28,157,0,0,0,100.0
2026-05-22,6618,16965,14,173,0,0,0,100.0
2026-05-22,6619,24375,27,241,0,0,0,100.0
2026-05-22,6620,18753,24,184,0,0,0,100.0
2026-05-22,6621,8864,14,141,0,0,0,100.0
2026-05-22,6622,37548,39,205,0,0,0,100.0
2026-05-22,6623,15336,13,149,0,0,0,100.0
2026-05-22,6624,28407,23,207,0,0,0,100.0
2026-05-22,6625,21589,20,200,0,0,0,100.0
2026-05-22,6626,19755,22,197,0,0,0,100.0
2026-05-22,6627,32368,31,201,0,0,0,100.0
2026-05-22,6628,9920,20,116,0,0,0,100.0
2026-05-22,6629,7232,20,114,0,0,0,100.0
2026-05-22,6630,12218,15,145,0,0,0,100.0
2026-05-22,6631,4380,15,108,0,0,0,100.0
2026-05-22,6633,15753,15,166,0,0,0,100.0
2026-05-22,6635,9052,20,105,0,0,0,100.0
2026-05-22,6636,45055,36,326,0,0,0,100.0
2026-05-22,6637,9350,14,144,0,0,0,100.0
2026-05-22,6638,11808,11,133,0,0,0,100.0
2026-05-22,6641,48566,51,457,0,0,0,100.0
2026-05-22,6642,23608,22,213,0,0,0,100.0
2026-05-22,6643,8252,17,85,0,0,0,100.0
2026-05-22,6644,7973,26,126,0,0,0,100.0
2026-05-22,6645,13190,19,192,0,0,0,100.0
2026-05-22,6646,11102,19,95,0,0,0,100.0
2026-05-22,6647,7190,26,138,0,0,0,100.0
2026-05-22,6648,11097,28,126,0,0,0,100.0
2026-05-22,6649,13852,25,172,0,0,0,100.0
2026-05-22,6650,8711,20,100,0,0,0,100.0
2026-05-22,6651,21028,40,251,0,0,0,100.0
2026-05-22,6652,6317,11,76,0,0,0,100.0
2026-05-22,6654,6701,11,75,0,0,0,100.0
2026-05-22,6656,3107,2,79,0,0,0,100.0
2026-05-22,6657,15054,27,128,0,0,0,100.0
2026-05-22,6658,7652,9,159,0,0,0,100.0
2026-05-22,6659,5061,14,87,0,0,0,100.0
2026-05-22,6660,7787,31,97,0,0,0,100.0
2026-05-22,6661,7699,37,101,0,0,0,100.0
2026-05-22,6662,7790,19,123,0,0,0,100.0
2026-05-22,6663,6388,20,94,0,0,0,100.0
2026-05-22,6664,7371,25,74,0,0,0,100.0
2026-05-22,6665,6024,8,73,0,0,0,100.0
2026-05-22,6666,10367,37,91,0,0,0,100.0
2026-05-22,6667,21897,23,146,0,0,0,100.0
2026-05-22,6668,5111,22,79,0,0,0,100.0
2026-05-22,6672,10606,32,94,0,0,0,100.0
2026-05-22,6673,9697,42,96,0,0,0,100.0
2026-05-22,6674,3755,27,72,0,0,0,100.0
2026-05-22,6675,3306,19,75,0,0,0,100.0
2026-05-22,6676,7242,32,111,0,0,0,100.0
2026-05-22,6677,6469,29,99,0,0,0,100.0
2026-05-22,6678,5311,25,88,0,0,0,100.0
2026-05-22,6679,7295,24,71,0,0,0,100.0
2026-05-22,6680,7029,33,106,0,0,0,100.0
2026-05-22,6682,20910,32,190,0,0,0,100.0
2026-05-22,6683,2952,24,30,0,0,0,100.0
2026-05-22,6685,7793,46,96,0,0,0,100.0
2026-05-22,6686,926,9,10,0,0,0,100.0
2026-05-22,6687,24566,28,246,0,0,0,100.0
2026-05-22,6688,2933,8,49,0,0,0,100.0
2026-05-22,6689,2363,8,48,0,0,0,100.0
2026-05-22,6690,3635,12,48,0,0,0,100.0
2026-05-22,6691,3013,11,46,0,0,0,100.0
2026-05-22,6692,10854,11,98,0,0,0,100.0
2026-05-22,6693,12134,10,124,0,0,0,100.0
2026-05-22,6698,13355,13,102,0,0,0,100.0
2026-05-22,6699,2761,12,25,0,0,0,100.0
2026-05-22,6700,8910,28,100,0,0,0,100.0
2026-05-22,6701,4180,22,57,0,0,0,100.0
2026-05-22,6702,6258,28,71,0,0,0,100.0
2026-05-22,6703,18171,31,198,0,0,0,100.0
2026-05-22,6704,18547,64,153,0,0,0,100.0
2026-05-22,6705,34544,54,233,0,0,0,100.0
2026-05-22,6706,21784,15,238,0,0,0,100.0
2026-05-22,6707,10978,51,121,0,0,0,100.0
2026-05-22,6708,7961,48,105,0,0,0,100.0
2026-05-22,6709,5685,29,56,0,0,0,100.0
2026-05-22,6710,1560,12,19,0,0,0,100.0
2026-05-22,6712,27860,76,221,0,0,0,100.0
2026-05-22,6713,10132,12,123,0,0,0,100.0
2026-05-22,6714,13782,32,107,0,0,0,100.0
2026-05-22,6715,19114,20,161,0,0,0,100.0
2026-05-22,6716,2827,15,21,0,0,0,100.0
2026-05-22,6717,2611,14,17,0,0,0,100.0
2026-05-22,6718,915,10,11,0,0,0,100.0
2026-05-22,6719,1271,12,12,0,0,0,100.0
2026-05-22,6720,3507,10,29,0,0,0,100.0
2026-05-22,6721,2558,19,20,0,0,0,100.0
2026-05-22,6722,9758,14,144,0,0,0,100.0
2026-05-22,6723,7492,15,113,0,0,0,100.0
2026-05-22,6724,12942,16,131,0,0,0,100.0
2026-05-22,6725,5689,9,76,0,0,0,100.0
2026-05-22,6726,8308,14,69,0,0,0,100.0
2026-05-22,6727,12247,25,91,0,0,0,100.0
2026-05-22,6728,26242,41,206,0,0,0,100.0
2026-05-22,6730,17549,21,134,0,0,0,100.0
2026-05-22,6737,18997,48,122,0,0,0,100.0
2026-05-22,6738,23436,37,176,0,0,0,100.0
2026-05-22,6739,2886,21,24,0,0,0,100.0
2026-05-22,6741,15825,27,131,0,0,0,100.0
2026-05-22,6742,1785,16,18,0,0,0,100.0
2026-05-22,6743,1565,10,25,0,0,0,100.0
2026-05-22,6744,1336,10,23,0,0,0,100.0
2026-05-22,6745,461,5,12,0,0,0,100.0
2026-05-22,6746,367,4,12,0,0,0,100.0
2026-05-22,6747,6782,8,68,0,0,0,100.0
2026-05-22,6748,17929,21,185,0,0,0,100.0
2026-05-22,6749,19226,32,154,0,0,0,100.0
2026-05-22,6754,246,2,2,0,0,0,100.0
2026-05-22,6761,43,1,1,0,0,0,100.0
2026-05-22,6762,164,2,2,0,0,0,100.0
2026-05-22,6776,1635,3,46,0,0,0,100.0
2026-05-22,6779,2102,2,36,0,0,0,100.0
2026-05-22,6780,3909,8,87,0,0,0,100.0
2026-05-22,6790,2802,6,148,0,0,0,100.0
2026-05-22,6796,4215,4,72,0,0,0,100.0
2026-05-22,6799,4148,12,53,0,0,0,100.0
2026-05-22,6800,4072,15,53,0,0,0,100.0
2026-05-22,6804,949,5,12,0,0,0,100.0
2026-05-22,6805,1149,6,15,0,0,0,100.0
2026-05-22,6806,4715,10,105,0,0,0,100.0
2026-05-22,6811,1973,6,68,0,0,0,100.0
2026-05-22,6817,6485,14,106,0,0,0,100.0
2026-05-22,6818,5121,8,69,0,0,0,100.0
2026-05-22,6819,14010,22,156,0,0,0,100.0
2026-05-22,6821,15006,14,154,0,0,0,100.0
2026-05-22,6822,8648,12,82,0,0,0,100.0
2026-05-22,6823,1232,4,46,0,0,0,100.0
2026-05-22,6825,1299,2,46,0,0,0,100.0
2026-05-22,6827,2944,10,72,0,0,0,100.0
2026-05-22,6828,3374,3,44,0,0,0,100.0
2026-05-22,6829,2036,4,28,0,0,0,100.0
2026-05-22,6830,1555,5,13,0,0,0,100.0
2026-05-22,6831,398,3,6,0,0,0,100.0
2026-05-22,6833,519,3,7,0,0,0,100.0
2026-05-22,6834,1887,8,11,0,0,0,100.0
2026-05-22,6835,1774,6,16,0,0,0,100.0
2026-05-22,6836,444,2,6,0,0,0,100.0
2026-05-22,6837,1067,6,10,0,0,0,100.0
2026-05-22,6838,1736,7,17,0,0,0,100.0
2026-05-22,6840,1355,5,15,0,0,0,100.0
2026-05-22,6841,3079,11,21,0,0,0,100.0
2026-05-22,6843,885,6,26,0,0,0,100.0
2026-05-22,6844,1044,6,26,0,0,0,100.0
2026-05-22,7224,11013,20,87,0,0,0,100.0
2026-05-22,7321,9591,21,68,0,0,0,100.0
2026-05-22,7322,1012,3,46,0,0,0,100.0
2026-05-22,8289,90,2,2,0,0,0,100.0
2026-05-22,8290,7372,29,86,0,0,0,100.0
2026-05-22,9745,3694,21,59,0,0,0,100.0
2026-05-23,10232,1719,1,30,0,0,0,100.0
2026-05-23,11201,8929,8,74,0,0,0,100.0
2026-05-23,11202,1767,1,56,0,0,0,100.0
2026-05-23,11692,12028,16,90,0,0,0,100.0
2026-05-23,11696,6620,8,66,0,0,0,100.0
2026-05-23,12940,5951,16,66,0,0,0,100.0
2026-05-23,13684,1400,1,40,0,0,0,100.0
2026-05-23,16717,2655,8,28,0,0,0,100.0
2026-05-23,16718,28321,25,199,0,0,0,100.0
2026-05-23,16719,3358,10,58,0,0,0,100.0
2026-05-23,17707,6933,12,128,0,0,0,100.0
2026-05-23,18705,8656,7,70,0,0,0,100.0
2026-05-23,20667,3754,2,64,0,0,0,100.0
2026-05-23,22638,6575,9,86,0,0,0,100.0
2026-05-23,22639,5031,4,87,0,0,0,100.0
2026-05-23,23384,25719,26,177,0,0,0,100.0
2026-05-23,29038,10971,12,97,0,0,0,100.0
2026-05-23,30036,2098,2,74,0,0,0,100.0
2026-05-23,30037,2747,12,62,0,0,0,100.0
2026-05-23,30038,3630,11,61,0,0,0,100.0
2026-05-23,30039,4815,15,62,0,0,0,100.0
2026-05-23,30040,4594,16,64,0,0,0,100.0
2026-05-23,30042,2564,2,38,0,0,0,100.0
2026-05-23,30043,6395,12,90,0,0,0,100.0
2026-05-23,30044,2287,7,58,0,0,0,100.0
2026-05-23,30045,3982,6,50,0,0,0,100.0
2026-05-23,30046,6879,9,85,0,0,0,100.0
2026-05-23,30047,2588,14,68,0,0,0,100.0
2026-05-23,30048,2159,13,67,0,0,0,100.0
2026-05-23,30049,3546,12,80,0,0,0,100.0
2026-05-23,30050,3134,8,72,0,0,0,100.0
2026-05-23,30051,1898,7,58,0,0,0,100.0
2026-05-23,30055,10268,9,174,0,0,0,100.0
2026-05-23,30584,3257,5,68,0,0,0,100.0
2026-05-23,31816,1633,4,28,0,0,0,100.0
2026-05-23,31817,1597,4,28,0,0,0,100.0
2026-05-23,31818,2005,5,69,0,0,0,100.0
2026-05-23,31819,5017,6,66,0,0,0,100.0
2026-05-23,31821,1709,2,40,0,0,0,100.0
2026-05-23,31822,1681,2,40,0,0,0,100.0
2026-05-23,32799,9935,24,160,0,0,0,100.0
2026-05-23,33292,4513,9,74,0,0,0,100.0
2026-05-23,33538,5222,4,125,0,0,0,100.0
2026-05-23,34042,1123,7,22,0,0,0,100.0
2026-05-23,34043,1241,7,22,0,0,0,100.0
2026-05-23,34540,1518,2,38,0,0,0,100.0
2026-05-23,34541,1765,2,38,0,0,0,100.0
2026-05-23,34542,10328,11,151,0,0,0,100.0
2026-05-23,34543,6861,11,98,0,0,0,100.0
2026-05-23,36799,2662,29,68,0,0,0,100.0
2026-05-23,37807,19829,18,180,0,0,0,100.0
2026-05-23,37808,15463,14,193,0,0,0,100.0
2026-05-23,37809,12444,11,157,0,0,0,100.0
2026-05-23,37810,23655,19,235,0,0,0,100.0
2026-05-23,38311,13717,13,183,0,0,0,100.0
2026-05-23,39304,2987,8,73,0,0,0,100.0
2026-05-23,39307,2312,2,79,0,0,0,100.0
2026-05-23,40855,4474,6,84,0,0,0,100.0
2026-05-23,46099,3294,4,132,0,0,0,100.0
2026-05-23,46604,17568,14,222,0,0,0,100.0
2026-05-23,48855,2684,2,50,0,0,0,100.0
2026-05-23,6612,14132,14,179,0,0,0,100.0
2026-05-23,6613,17048,15,166,0,0,0,100.0
2026-05-23,6614,20353,17,151,0,0,0,100.0
2026-05-23,6615,10543,21,207,0,0,0,100.0
2026-05-23,6616,11246,21,206,0,0,0,100.0
2026-05-23,6617,24000,26,152,0,0,0,100.0
2026-05-23,6618,17029,14,188,0,0,0,100.0
2026-05-23,6619,21454,20,208,0,0,0,100.0
2026-05-23,6620,16048,13,154,0,0,0,100.0
2026-05-23,6621,8906,16,148,0,0,0,100.0
2026-05-23,6622,31635,26,180,0,0,0,100.0
2026-05-23,6623,14302,12,150,0,0,0,100.0
2026-05-23,6624,35056,31,294,0,0,0,100.0
2026-05-23,6625,18912,17,178,0,0,0,100.0
2026-05-23,6626,13837,11,144,0,0,0,100.0
2026-05-23,6627,22596,21,150,0,0,0,100.0
2026-05-23,6628,7516,15,95,0,0,0,100.0
2026-05-23,6629,6306,10,99,0,0,0,100.0
2026-05-23,6630,8896,18,101,0,0,0,100.0
2026-05-23,6631,3212,14,84,0,0,0,100.0
2026-05-23,6633,14840,14,167,0,0,0,100.0
2026-05-23,6636,24248,18,182,0,0,0,100.0
2026-05-23,6637,10123,16,148,0,0,0,100.0
2026-05-23,6638,8188,7,87,0,0,0,100.0
2026-05-23,6641,29312,25,289,0,0,0,100.0
2026-05-23,6642,18050,16,178,0,0,0,100.0
2026-05-23,6643,6453,15,70,0,0,0,100.0
2026-05-23,6644,4142,8,72,0,0,0,100.0
2026-05-23,6645,10709,12,160,0,0,0,100.0
2026-05-23,6646,7891,10,75,0,0,0,100.0
2026-05-23,6647,4984,17,97,0,0,0,100.0
2026-05-23,6648,5595,12,64,0,0,0,100.0
2026-05-23,6649,12458,14,141,0,0,0,100.0
2026-05-23,6650,5731,9,74,0,0,0,100.0
2026-05-23,6651,15096,14,176,0,0,0,100.0
2026-05-23,6652,5449,14,71,0,0,0,100.0
2026-05-23,6654,5860,14,72,0,0,0,100.0
2026-05-23,6657,8401,16,77,0,0,0,100.0
2026-05-23,6658,5024,5,118,0,0,0,100.0
2026-05-23,6659,4587,7,81,0,0,0,100.0
2026-05-23,6660,6592,13,81,0,0,0,100.0
2026-05-23,6661,4790,4,70,0,0,0,100.0
2026-05-23,6662,4725,15,81,0,0,0,100.0
2026-05-23,6663,5310,9,77,0,0,0,100.0
2026-05-23,6664,6461,14,70,0,0,0,100.0
2026-05-23,6665,5767,12,78,0,0,0,100.0
2026-05-23,6666,7777,9,70,0,0,0,100.0
2026-05-23,6667,19276,15,135,0,0,0,100.0
2026-05-23,6668,4995,7,79,0,0,0,100.0
2026-05-23,6672,7882,8,68,0,0,0,100.0
2026-05-23,6673,6222,16,69,0,0,0,100.0
2026-05-23,6674,3882,19,72,0,0,0,100.0
2026-05-23,6675,2394,3,66,0,0,0,100.0
2026-05-23,6676,5749,28,85,0,0,0,100.0
2026-05-23,6677,5635,24,89,0,0,0,100.0
2026-05-23,6678,4471,20,74,0,0,0,100.0
2026-05-23,6679,6063,16,64,0,0,0,100.0
2026-05-23,6680,6923,20,104,0,0,0,100.0
2026-05-23,6682,17178,28,160,0,0,0,100.0
2026-05-23,6685,5316,29,68,0,0,0,100.0
2026-05-23,6687,21206,25,206,0,0,0,100.0
2026-05-23,6688,2231,4,33,0,0,0,100.0
2026-05-23,6689,1536,4,32,0,0,0,100.0
2026-05-23,6690,1635,2,32,0,0,0,100.0
2026-05-23,6691,1730,2,32,0,0,0,100.0
2026-05-23,6692,9824,18,92,0,0,0,100.0
2026-05-23,6693,13743,11,140,0,0,0,100.0
2026-05-23,6698,10370,9,83,0,0,0,100.0
2026-05-23,6700,6677,12,83,0,0,0,100.0
2026-05-23,6701,2713,5,41,0,0,0,100.0
2026-05-23,6702,5693,13,64,0,0,0,100.0
2026-05-23,6703,14574,15,167,0,0,0,100.0
2026-05-23,6704,14267,33,140,0,0,0,100.0
2026-05-23,6705,28865,30,220,0,0,0,100.0
2026-05-23,6706,16417,16,190,0,0,0,100.0
2026-05-23,6707,7673,20,90,0,0,0,100.0
2026-05-23,6708,5177,33,76,0,0,0,100.0
2026-05-23,6709,2790,12,27,0,0,0,100.0
2026-05-23,6710,1420,3,18,0,0,0,100.0
2026-05-23,6712,19650,30,163,0,0,0,100.0
2026-05-23,6713,6879,6,86,0,0,0,100.0
2026-05-23,6715,15719,13,143,0,0,0,100.0
2026-05-23,6722,8429,13,127,0,0,0,100.0
2026-05-23,6723,4400,16,69,0,0,0,100.0
2026-05-23,6724,12814,19,133,0,0,0,100.0
2026-05-23,6725,5345,15,74,0,0,0,100.0
2026-05-23,6726,7383,14,62,0,0,0,100.0
2026-05-23,6727,9744,19,73,0,0,0,100.0
2026-05-23,6728,18299,18,161,0,0,0,100.0
2026-05-23,6730,13399,12,100,0,0,0,100.0
2026-05-23,6737,14440,20,101,0,0,0,100.0
2026-05-23,6738,19345,27,170,0,0,0,100.0
2026-05-23,6741,13379,12,108,0,0,0,100.0
2026-05-23,6747,8275,7,86,0,0,0,100.0
2026-05-23,6748,7254,8,80,0,0,0,100.0
2026-05-23,6749,15736,13,137,0,0,0,100.0
2026-05-23,6776,1064,1,30,0,0,0,100.0
2026-05-23,6779,1483,2,31,0,0,0,100.0
2026-05-23,6780,2732,3,58,0,0,0,100.0
2026-05-23,6790,2329,3,128,0,0,0,100.0
2026-05-23,6796,4013,3,68,0,0,0,100.0
2026-05-23,6799,1947,7,25,0,0,0,100.0
2026-05-23,6800,1977,8,25,0,0,0,100.0
2026-05-23,6804,876,4,12,0,0,0,100.0
2026-05-23,6805,906,4,12,0,0,0,100.0
2026-05-23,6806,2708,9,69,0,0,0,100.0
2026-05-23,6811,1719,6,60,0,0,0,100.0
2026-05-23,6817,5193,9,87,0,0,0,100.0
2026-05-23,6818,3410,3,60,0,0,0,100.0
2026-05-23,6819,9812,7,110,0,0,0,100.0
2026-05-23,6821,11037,10,128,0,0,0,100.0
2026-05-23,6822,5776,8,64,0,0,0,100.0
2026-05-23,6823,1240,2,42,0,0,0,100.0
2026-05-23,6825,1196,2,42,0,0,0,100.0
2026-05-23,6827,2190,2,42,0,0,0,100.0
2026-05-23,6828,2907,2,39,0,0,0,100.0
2026-05-23,6830,1479,5,13,0,0,0,100.0
2026-05-23,6831,416,3,6,0,0,0,100.0
2026-05-23,6833,476,3,7,0,0,0,100.0
2026-05-23,6834,3589,18,21,0,0,0,100.0
2026-05-23,6835,1779,6,16,0,0,0,100.0
2026-05-23,6836,438,2,6,0,0,0,100.0
2026-05-23,6837,1305,7,12,0,0,0,100.0
2026-05-23,6838,1754,7,17,0,0,0,100.0
2026-05-23,6840,1383,5,15,0,0,0,100.0
2026-05-23,6841,3756,12,24,0,0,0,100.0
2026-05-23,6843,945,6,24,0,0,0,100.0
2026-05-23,6844,916,5,26,0,0,0,100.0
2026-05-23,7321,11693,20,86,0,0,0,100.0
2026-05-23,7322,681,1,30,0,0,0,100.0
2026-05-23,7509,2304,2,34,0,0,0,100.0
2026-05-23,8290,5511,28,70,0,0,0,100.0
2026-05-24,10232,135,1,2,0,0,0,100.0
2026-05-24,11201,1063,5,12,0,0,0,100.0
2026-05-24,11202,337,1,12,0,0,0,100.0
2026-05-24,11692,1380,8,15,0,0,0,100.0
2026-05-24,11696,1001,5,12,0,0,0,100.0
2026-05-24,12940,1247,9,17,0,0,0,100.0
2026-05-24,16717,555,5,9,0,0,0,100.0
2026-05-24,16718,5040,15,55,0,0,0,100.0
2026-05-24,16719,623,2,11,0,0,0,100.0
2026-05-24,17707,1129,6,24,0,0,0,100.0
2026-05-24,18705,1922,6,20,0,0,0,100.0
2026-05-24,20667,463,2,9,0,0,0,100.0
2026-05-24,22638,1522,10,24,0,0,0,100.0
2026-05-24,22639,443,2,9,0,0,0,100.0
2026-05-24,23384,4100,12,39,0,0,0,100.0
2026-05-24,29038,1283,6,16,0,0,0,100.0
2026-05-24,30036,333,2,12,0,0,0,100.0
2026-05-24,30037,363,7,10,0,0,0,100.0
2026-05-24,30038,472,6,9,0,0,0,100.0
2026-05-24,30039,632,7,10,0,0,0,100.0
2026-05-24,30040,563,7,10,0,0,0,100.0
2026-05-24,30042,376,2,7,0,0,0,100.0
2026-05-24,30043,762,3,14,0,0,0,100.0
2026-05-24,30044,272,4,7,0,0,0,100.0
2026-05-24,30045,453,4,7,0,0,0,100.0
2026-05-24,30046,2220,6,30,0,0,0,100.0
2026-05-24,30047,302,5,9,0,0,0,100.0
2026-05-24,30048,216,5,8,0,0,0,100.0
2026-05-24,30049,533,5,14,0,0,0,100.0
2026-05-24,30050,455,5,13,0,0,0,100.0
2026-05-24,30051,398,4,13,0,0,0,100.0
2026-05-24,30055,1012,6,21,0,0,0,100.0
2026-05-24,30584,487,5,11,0,0,0,100.0
2026-05-24,31816,218,3,4,0,0,0,100.0
2026-05-24,31817,139,3,3,0,0,0,100.0
2026-05-24,31818,293,4,11,0,0,0,100.0
2026-05-24,31819,849,4,13,0,0,0,100.0
2026-05-24,31821,287,2,7,0,0,0,100.0
2026-05-24,31822,244,2,7,0,0,0,100.0
2026-05-24,32799,1418,10,29,0,0,0,100.0
2026-05-24,33292,600,9,11,0,0,0,100.0
2026-05-24,33538,622,4,17,0,0,0,100.0
2026-05-24,34042,166,2,4,0,0,0,100.0
2026-05-24,34043,171,2,4,0,0,0,100.0
2026-05-24,34540,144,2,5,0,0,0,100.0
2026-05-24,34541,216,2,5,0,0,0,100.0
2026-05-24,34542,2613,9,46,0,0,0,100.0
2026-05-24,34543,1375,4,24,0,0,0,100.0
2026-05-24,36799,404,6,10,0,0,0,100.0
2026-05-24,37807,4477,14,57,0,0,0,100.0
2026-05-24,37808,3554,10,54,0,0,0,100.0
2026-05-24,37809,2720,9,47,0,0,0,100.0
2026-05-24,37810,4206,14,53,0,0,0,100.0
2026-05-24,38311,3297,11,55,0,0,0,100.0
2026-05-24,39304,368,3,8,0,0,0,100.0
2026-05-24,39307,485,2,16,0,0,0,100.0
2026-05-24,40855,1564,4,29,0,0,0,100.0
2026-05-24,46099,484,4,19,0,0,0,100.0
2026-05-24,46604,2689,10,42,0,0,0,100.0
2026-05-24,48855,409,2,9,0,0,0,100.0
2026-05-24,6612,2886,11,47,0,0,0,100.0
2026-05-24,6613,3012,12,43,0,0,0,100.0
2026-05-24,6614,1926,10,24,0,0,0,100.0
2026-05-24,6615,1317,10,35,0,0,0,100.0
2026-05-24,6616,1483,11,37,0,0,0,100.0
2026-05-24,6617,3120,15,31,0,0,0,100.0
2026-05-24,6618,3119,12,47,0,0,0,100.0
2026-05-24,6619,4145,14,58,0,0,0,100.0
2026-05-24,6620,3010,10,41,0,0,0,100.0
2026-05-24,6621,1667,11,37,0,0,0,100.0
2026-05-24,6622,4862,18,40,0,0,0,100.0
2026-05-24,6623,2892,9,41,0,0,0,100.0
2026-05-24,6624,6015,25,77,0,0,0,100.0
2026-05-24,6625,3832,14,55,0,0,0,100.0
2026-05-24,6626,2644,10,39,0,0,0,100.0
2026-05-24,6627,3660,14,38,0,0,0,100.0
2026-05-24,6628,1281,9,21,0,0,0,100.0
2026-05-24,6629,872,7,18,0,0,0,100.0
2026-05-24,6630,1466,12,25,0,0,0,100.0
2026-05-24,6631,556,8,15,0,0,0,100.0
2026-05-24,6633,3754,14,58,0,0,0,100.0
2026-05-24,6636,3498,12,39,0,0,0,100.0
2026-05-24,6637,1920,11,39,0,0,0,100.0
2026-05-24,6638,607,3,9,0,0,0,100.0
2026-05-24,6641,3780,18,52,0,0,0,100.0
2026-05-24,6642,4131,11,52,0,0,0,100.0
2026-05-24,6643,1073,5,15,0,0,0,100.0
2026-05-24,6644,786,3,15,0,0,0,100.0
2026-05-24,6645,2134,9,41,0,0,0,100.0
2026-05-24,6646,1287,6,16,0,0,0,100.0
2026-05-24,6647,1006,12,23,0,0,0,100.0
2026-05-24,6648,808,6,11,0,0,0,100.0
2026-05-24,6649,2456,10,36,0,0,0,100.0
2026-05-24,6650,830,10,12,0,0,0,100.0
2026-05-24,6651,1962,9,33,0,0,0,100.0
2026-05-24,6652,967,10,16,0,0,0,100.0
2026-05-24,6654,967,9,14,0,0,0,100.0
2026-05-24,6657,1063,8,14,0,0,0,100.0
2026-05-24,6658,660,3,18,0,0,0,100.0
2026-05-24,6659,1095,5,21,0,0,0,100.0
2026-05-24,6660,780,7,12,0,0,0,100.0
2026-05-24,6661,786,6,13,0,0,0,100.0
2026-05-24,6662,978,6,18,0,0,0,100.0
2026-05-24,6663,975,7,17,0,0,0,100.0
2026-05-24,6664,762,5,11,0,0,0,100.0
2026-05-24,6665,866,9,14,0,0,0,100.0
2026-05-24,6666,1249,6,17,0,0,0,100.0
2026-05-24,6667,3118,12,34,0,0,0,100.0
2026-05-24,6668,1434,6,26,0,0,0,100.0
2026-05-24,6672,1300,4,15,0,0,0,100.0
2026-05-24,6673,798,7,14,0,0,0,100.0
2026-05-24,6674,440,5,11,0,0,0,100.0
2026-05-24,6675,229,3,7,0,0,0,100.0
2026-05-24,6676,893,6,17,0,0,0,100.0
2026-05-24,6677,861,7,16,0,0,0,100.0
2026-05-24,6678,633,4,13,0,0,0,100.0
2026-05-24,6679,701,5,10,0,0,0,100.0
2026-05-24,6680,673,9,14,0,0,0,100.0
2026-05-24,6682,2745,10,36,0,0,0,100.0
2026-05-24,6685,587,5,9,0,0,0,100.0
2026-05-24,6687,2719,15,32,0,0,0,100.0
2026-05-24,6688,75,3,3,0,0,0,100.0
2026-05-24,6690,203,2,4,0,0,0,100.0
2026-05-24,6691,82,1,1,0,0,0,100.0
2026-05-24,6692,1877,7,22,0,0,0,100.0
2026-05-24,6693,1686,6,23,0,0,0,100.0
2026-05-24,6698,2591,7,25,0,0,0,100.0
2026-05-24,6700,1122,10,18,0,0,0,100.0
2026-05-24,6701,281,3,7,0,0,0,100.0
2026-05-24,6702,300,3,4,0,0,0,100.0
2026-05-24,6703,3902,13,53,0,0,0,100.0
2026-05-24,6704,2926,16,38,0,0,0,100.0
2026-05-24,6705,5796,20,58,0,0,0,100.0
2026-05-24,6706,3413,14,51,0,0,0,100.0
2026-05-24,6707,1279,8,18,0,0,0,100.0
2026-05-24,6708,1048,6,19,0,0,0,100.0
2026-05-24,6712,2456,14,28,0,0,0,100.0
2026-05-24,6713,1577,4,28,0,0,0,100.0
2026-05-24,6715,3791,10,43,0,0,0,100.0
2026-05-24,6722,1576,5,29,0,0,0,100.0
2026-05-24,6723,759,6,16,0,0,0,100.0
2026-05-24,6724,2468,8,37,0,0,0,100.0
2026-05-24,6725,826,6,17,0,0,0,100.0
2026-05-24,6726,711,4,9,0,0,0,100.0
2026-05-24,6727,1121,5,12,0,0,0,100.0
2026-05-24,6728,3587,12,42,0,0,0,100.0
2026-05-24,6730,1121,5,14,0,0,0,100.0
2026-05-24,6737,2170,11,22,0,0,0,100.0
2026-05-24,6738,4364,14,49,0,0,0,100.0
2026-05-24,6741,2671,9,29,0,0,0,100.0
2026-05-24,6747,1150,6,15,0,0,0,100.0
2026-05-24,6748,1003,7,14,0,0,0,100.0
2026-05-24,6749,3341,12,36,0,0,0,100.0
2026-05-24,6776,125,1,3,0,0,0,100.0
2026-05-24,6780,263,3,7,0,0,0,100.0
2026-05-24,6790,292,4,19,0,0,0,100.0
2026-05-24,6796,504,3,11,0,0,0,100.0
2026-05-24,6799,383,3,5,0,0,0,100.0
2026-05-24,6800,302,3,4,0,0,0,100.0
2026-05-24,6806,353,3,8,0,0,0,100.0
2026-05-24,6811,152,3,5,0,0,0,100.0
2026-05-24,6817,474,5,8,0,0,0,100.0
2026-05-24,6818,373,2,7,0,0,0,100.0
2026-05-24,6819,787,7,13,0,0,0,100.0
2026-05-24,6821,970,8,15,0,0,0,100.0
2026-05-24,6822,915,5,13,0,0,0,100.0
2026-05-24,6823,128,1,4,0,0,0,100.0
2026-05-24,6825,28,1,2,0,0,0,100.0
2026-05-24,6828,16,1,1,0,0,0,100.0
2026-05-24,6830,1574,4,12,0,0,0,100.0
2026-05-24,6831,454,3,6,0,0,0,100.0
2026-05-24,6833,511,4,7,0,0,0,100.0
2026-05-24,6834,4521,20,24,0,0,0,100.0
2026-05-24,6835,1802,7,16,0,0,0,100.0
2026-05-24,6836,458,2,6,0,0,0,100.0
2026-05-24,6837,1868,9,20,0,0,0,100.0
2026-05-24,6838,1988,5,18,0,0,0,100.0
2026-05-24,6840,1264,6,14,0,0,0,100.0
2026-05-24,6841,4709,14,30,0,0,0,100.0
2026-05-24,6843,35,1,2,0,0,0,100.0
2026-05-24,6844,68,2,3,0,0,0,100.0
2026-05-24,7321,1645,9,17,0,0,0,100.0
2026-05-24,7322,57,1,3,0,0,0,100.0
2026-05-24,7509,20,1,1,0,0,0,100.0
2026-05-24,8290,831,7,12,0,0,0,100.0
