service_date,collection_timestamp,api_vehicle_timestamp,vehicle_id,route_id,trip_id,direction_id,shape_id,latitude,longitude,approx_shape_dist_traveled,nearest_shape_sequence,projection_error_m
2026-05-23 00:00:00,2026-05-23 00:00:11.200817-07,2026-05-22 23:59:41-07,19009,6641,14925613,0,312527,49.267799377441406,-123.24729919433594,0.1448,2,56.261069554311696
2026-05-23 00:00:00,2026-05-23 00:00:11.200817-07,2026-05-22 23:59:55-07,19020,6641,14925841,1,312530,49.26238250732422,-123.06716918945312,0.2639,6,21.51668132853622
2026-05-23 00:00:00,2026-05-23 00:00:11.200817-07,2026-05-22 23:59:56-07,19022,6641,14925840,1,312530,49.26350021362305,-123.12699890136719,4.6192,60,29.490545791124475
2026-05-23 00:00:00,2026-05-23 00:00:11.200817-07,2026-05-22 23:59:49-07,19044,6641,14925842,1,312530,49.26340103149414,-123.06900024414062,0.0,1,60.72993216566556
2026-05-23 00:00:00,2026-05-23 00:00:11.200817-07,2026-05-22 23:59:51-07,23013,6641,14925612,0,312527,49.26371765136719,-123.15148162841797,7.3224,81,63.57477360701289
2026-05-23 00:00:00,2026-05-23 00:00:11.200817-07,2026-05-22 23:59:55-07,24001,6641,14925839,1,312530,49.26374816894531,-123.22444915771484,12.2434,121,399.13727625824066
2026-05-23 00:00:00,2026-05-23 00:00:41.871407-07,2026-05-23 00:00:11-07,19009,6641,14925613,0,312527,49.267799377441406,-123.24729919433594,0.1448,2,56.261069554311696
2026-05-23 00:00:00,2026-05-23 00:00:41.871407-07,2026-05-23 00:00:26-07,19020,6641,14925841,1,312530,49.26241683959961,-123.0687484741211,0.4039,9,11.789460848397042
2026-05-23 00:00:00,2026-05-23 00:00:41.871407-07,2026-05-23 00:00:26-07,19022,6641,14925840,1,312530,49.26348114013672,-123.13027954101562,4.9649,62,78.9833041034632
2026-05-23 00:00:00,2026-05-23 00:00:41.871407-07,2026-05-23 00:00:17-07,19044,6641,14925842,1,312530,49.26340103149414,-123.06900024414062,0.0,1,60.72993216566556
2026-05-23 00:00:00,2026-05-23 00:00:41.871407-07,2026-05-23 00:00:20-07,23013,6641,14925612,0,312527,49.263668060302734,-123.14783477783203,7.6286,84,23.760862786884275
2026-05-23 00:00:00,2026-05-23 00:00:41.871407-07,2026-05-22 23:59:55-07,24001,6641,14925839,1,312530,49.26374816894531,-123.22444915771484,12.2434,121,399.13727625824066
2026-05-23 00:00:00,2026-05-23 00:01:12.417268-07,2026-05-23 00:00:41-07,19009,6641,14925613,0,312527,49.267799377441406,-123.24729919433594,0.1448,2,56.261069554311696
2026-05-23 00:00:00,2026-05-23 00:01:12.417268-07,2026-05-23 00:00:32-07,19020,6641,14925841,1,312530,49.26241683959961,-123.06888580322266,0.4162,10,12.144223718369636
2026-05-23 00:00:00,2026-05-23 00:01:12.417268-07,2026-05-23 00:00:55-07,19022,6641,14925840,1,312530,49.2635498046875,-123.13483428955078,5.1362,63,80.92483148044988
2026-05-23 00:00:00,2026-05-23 00:01:12.417268-07,2026-05-23 00:00:48-07,19044,6641,14925842,1,312530,49.26340103149414,-123.06900024414062,0.0,1,60.72993216566556
2026-05-23 00:00:00,2026-05-23 00:01:12.417268-07,2026-05-23 00:00:52-07,23013,6641,14925612,0,312527,49.263633728027344,-123.14309692382812,7.9729,86,23.221933745215363
2026-05-23 00:00:00,2026-05-23 00:01:12.417268-07,2026-05-23 00:00:23-07,24001,6641,14925839,1,312530,49.26361846923828,-123.23006439208984,12.2434,121,8.738579925024432
2026-05-23 00:00:00,2026-05-23 00:01:42.91329-07,2026-05-23 00:01:24-07,19009,6641,14925613,0,312527,49.2669677734375,-123.2484359741211,0.0,1,5.996619825703233
2026-05-23 00:00:00,2026-05-23 00:01:42.91329-07,2026-05-23 00:01:03-07,19020,6641,14925841,1,312530,49.26240158081055,-123.07420349121094,0.7576,15,40.73069013982469
2026-05-23 00:00:00,2026-05-23 00:01:42.91329-07,2026-05-23 00:01:25-07,19022,6641,14925840,1,312530,49.26351547241211,-123.13584899902344,5.3087,65,18.035716486846884
2026-05-23 00:00:00,2026-05-23 00:01:42.91329-07,2026-05-23 00:01:17-07,19044,6641,14925842,1,312530,49.26340103149414,-123.06900024414062,0.0,1,60.72993216566556
2026-05-23 00:00:00,2026-05-23 00:01:42.91329-07,2026-05-23 00:01:21-07,23013,6641,14925612,0,312527,49.26351547241211,-123.13996887207031,8.2755,89,52.42636851031282
2026-05-23 00:00:00,2026-05-23 00:01:42.91329-07,2026-05-23 00:00:54-07,24001,6641,14925839,1,312530,49.265316009521484,-123.23484802246094,12.7136,133,49.33485231624729
2026-05-23 00:00:00,2026-05-23 00:02:13.607899-07,2026-05-23 00:01:44-07,19009,6641,14925613,0,312527,49.267433166503906,-123.24691772460938,0.1448,2,29.188652737194204
2026-05-23 00:00:00,2026-05-23 00:02:13.607899-07,2026-05-23 00:01:33-07,19020,6641,14925841,1,312530,49.26246643066406,-123.07776641845703,1.0471,20,13.227963275831566
2026-05-23 00:00:00,2026-05-23 00:02:13.607899-07,2026-05-23 00:01:55-07,19022,6641,14925840,1,312530,49.263648986816406,-123.13916778564453,5.5394,68,8.753456019260518
2026-05-23 00:00:00,2026-05-23 00:02:13.607899-07,2026-05-23 00:01:48-07,19044,6641,14925842,1,312530,49.26340103149414,-123.06900024414062,0.0,1,60.72993216566556
2026-05-23 00:00:00,2026-05-23 00:02:13.607899-07,2026-05-23 00:01:51-07,23013,6641,14925612,0,312527,49.26351547241211,-123.13966369628906,8.2755,89,30.83989836567069
2026-05-23 00:00:00,2026-05-23 00:02:13.607899-07,2026-05-23 00:01:23-07,24001,6641,14925839,1,312530,49.266998291015625,-123.23975372314453,13.1057,144,28.67681835218982
2026-05-23 00:00:00,2026-05-23 00:02:44.256903-07,2026-05-23 00:02:15-07,19009,6641,14925613,0,312527,49.267433166503906,-123.24691772460938,0.1448,2,29.188652737194204
2026-05-23 00:00:00,2026-05-23 00:02:44.256903-07,2026-05-23 00:02:03-07,19020,6641,14925841,1,312530,49.262451171875,-123.0790023803711,1.2424,21,94.75550698049108
2026-05-23 00:00:00,2026-05-23 00:02:44.256903-07,2026-05-23 00:02:26-07,19022,6641,14925840,1,312530,49.26371765136719,-123.13998413085938,5.5394,68,54.46953824946442
2026-05-23 00:00:00,2026-05-23 00:02:44.256903-07,2026-05-23 00:02:18-07,19044,6641,14925842,1,312530,49.26340103149414,-123.06900024414062,0.0,1,60.72993216566556
2026-05-23 00:00:00,2026-05-23 00:02:44.256903-07,2026-05-23 00:02:22-07,23013,6641,14925612,0,312527,49.26350021362305,-123.1388168334961,8.3261,90,20.962091076193985
2026-05-23 00:00:00,2026-05-23 00:02:44.256903-07,2026-05-23 00:02:20-07,24001,6641,14925839,1,312530,49.266517639160156,-123.24503326416016,13.5001,151,30.344605240855955
2026-05-23 00:00:00,2026-05-23 00:03:14.777164-07,2026-05-23 00:02:28-07,19009,6641,14925613,0,312527,49.26755142211914,-123.24674987792969,0.1448,2,12.057325543400145
2026-05-23 00:00:00,2026-05-23 00:03:14.777164-07,2026-05-23 00:02:32-07,19020,6641,14925841,1,312530,49.262451171875,-123.08438110351562,1.6033,24,64.14242636235248
2026-05-23 00:00:00,2026-05-23 00:03:14.777164-07,2026-05-23 00:02:41-07,19022,6641,14925840,1,312530,49.26371765136719,-123.14044952392578,5.6682,69,43.38984919405526
2026-05-23 00:00:00,2026-05-23 00:03:14.777164-07,2026-05-23 00:02:47-07,19044,6641,14925842,1,312530,49.26318359375,-123.06843566894531,0.3869,8,91.52858516342158
2026-05-23 00:00:00,2026-05-23 00:03:14.777164-07,2026-05-23 00:02:51-07,23013,6641,14925612,0,312527,49.26348114013672,-123.13829803466797,8.3261,90,22.599342354887323
2026-05-23 00:00:00,2026-05-23 00:03:14.777164-07,2026-05-23 00:02:48-07,24001,6641,14925839,1,312530,49.26803207397461,-123.24690246582031,13.7165,156,12.32089345389564
2026-05-23 00:00:00,2026-05-23 00:03:45.285942-07,2026-05-23 00:02:58-07,19009,6641,14925613,0,312527,49.266632080078125,-123.24573516845703,0.294,3,26.402348114131094
2026-05-23 00:00:00,2026-05-23 00:03:45.285942-07,2026-05-23 00:03:03-07,19020,6641,14925841,1,312530,49.262481689453125,-123.08685302734375,1.7432,25,24.269634101888634
2026-05-23 00:00:00,2026-05-23 00:03:45.285942-07,2026-05-23 00:03:11-07,19022,6641,14925840,1,312530,49.26371765136719,-123.14073181152344,5.6682,69,24.259970918221022
2026-05-23 00:00:00,2026-05-23 00:03:45.285942-07,2026-05-23 00:03:18-07,19044,6641,14925842,1,312530,49.26286697387695,-123.0677490234375,0.3403,7,57.95799478552023
2026-05-23 00:00:00,2026-05-23 00:03:45.285942-07,2026-05-23 00:03:20-07,23013,6641,14925612,0,312527,49.26348114013672,-123.13491821289062,8.5062,92,85.33579468278165
2026-05-23 00:00:00,2026-05-23 00:03:45.285942-07,2026-05-23 00:03:19-07,24001,6641,14925839,1,312530,49.268531799316406,-123.24810028076172,13.8943,166,18.011687387377115
2026-05-23 00:00:00,2026-05-23 00:04:15.946648-07,2026-05-23 00:03:47-07,19009,6641,14925613,0,312527,49.26694869995117,-123.24066925048828,0.697,12,25.304189352391564
2026-05-23 00:00:00,2026-05-23 00:04:15.946648-07,2026-05-23 00:03:34-07,19020,6641,14925841,1,312530,49.262550354003906,-123.08888244628906,1.885,26,19.840205967403485
2026-05-23 00:00:00,2026-05-23 00:04:15.946648-07,2026-05-23 00:03:41-07,19022,6641,14925840,1,312530,49.26373291015625,-123.1436996459961,5.8421,71,22.17652363328334
2026-05-23 00:00:00,2026-05-23 00:04:15.946648-07,2026-05-23 00:03:36-07,19044,6641,14925842,1,312530,49.26286697387695,-123.0677490234375,0.3403,7,57.95799478552023
2026-05-23 00:00:00,2026-05-23 00:04:15.946648-07,2026-05-23 00:03:50-07,23013,6641,14925612,0,312527,49.263450622558594,-123.1305160522461,8.85,95,61.931848604963484
2026-05-23 00:00:00,2026-05-23 00:04:15.946648-07,2026-05-23 00:03:19-07,24001,6641,14925839,1,312530,49.268531799316406,-123.24810028076172,13.8943,166,18.011687387377115
2026-05-23 00:00:00,2026-05-23 00:04:46.508226-07,2026-05-23 00:04:16-07,19009,6641,14925613,0,312527,49.2661018371582,-123.2364501953125,0.9528,22,42.71206174538123
2026-05-23 00:00:00,2026-05-23 00:04:46.508226-07,2026-05-23 00:04:38-07,19020,6641,14925841,1,312530,49.26256561279297,-123.09432983398438,2.3085,30,45.44410442303673
2026-05-23 00:00:00,2026-05-23 00:04:46.508226-07,2026-05-23 00:04:40-07,19022,6641,14925840,1,312530,49.26369857788086,-123.1480484008789,6.1863,73,8.333196909794927
2026-05-23 00:00:00,2026-05-23 00:04:46.508226-07,2026-05-23 00:04:06-07,19044,6641,14925842,1,312530,49.26286697387695,-123.0677490234375,0.3403,7,57.95799478552023
2026-05-23 00:00:00,2026-05-23 00:04:46.508226-07,2026-05-23 00:04:21-07,23013,6641,14925612,0,312527,49.263450622558594,-123.12751770019531,9.1958,97,65.40161589529018
2026-05-23 00:00:00,2026-05-23 00:04:46.508226-07,2026-05-23 00:04:34-07,24001,6641,14925614,0,312527,49.267799377441406,-123.247314453125,0.1448,2,57.26981934037085
2026-05-23 00:00:00,2026-05-23 00:05:17.05717-07,2026-05-23 00:04:46-07,19009,6641,14925613,0,312527,49.263832092285156,-123.23242950439453,1.3592,29,24.302565574395306
2026-05-23 00:00:00,2026-05-23 00:05:17.05717-07,2026-05-23 00:05:08-07,19020,6641,14925841,1,312530,49.26285171508789,-123.09774780273438,2.4628,35,53.4749961661038
2026-05-23 00:00:00,2026-05-23 00:05:17.05717-07,2026-05-23 00:05:10-07,19022,6641,14925840,1,312530,49.26373291015625,-123.15166473388672,6.4926,76,50.19173698947311
2026-05-23 00:00:00,2026-05-23 00:05:17.05717-07,2026-05-23 00:04:06-07,19044,6641,14925842,1,312530,49.26286697387695,-123.0677490234375,0.3403,7,57.95799478552023
2026-05-23 00:00:00,2026-05-23 00:05:17.05717-07,2026-05-23 00:04:51-07,23013,6641,14925612,0,312527,49.263450622558594,-123.12713623046875,9.1958,97,37.85878016129932
2026-05-23 00:00:00,2026-05-23 00:05:17.05717-07,2026-05-23 00:05:03-07,24001,6641,14925614,0,312527,49.26776885986328,-123.24732971191406,0.1448,2,57.00492923012429
2026-05-23 00:00:00,2026-05-23 00:05:47.546566-07,2026-05-23 00:05:16-07,19009,6641,14925613,0,312527,49.26356887817383,-123.22750091552734,1.5845,36,164.71854916509025
2026-05-23 00:00:00,2026-05-23 00:05:47.546566-07,2026-05-23 00:05:25-07,19020,6641,14925841,1,312530,49.26285171508789,-123.09788513183594,2.4628,35,63.35897218198855
2026-05-23 00:00:00,2026-05-23 00:05:47.546566-07,2026-05-23 00:05:40-07,19022,6641,14925840,1,312530,49.26376724243164,-123.15260314941406,6.4957,77,16.316900664680503
2026-05-23 00:00:00,2026-05-23 00:05:47.546566-07,2026-05-23 00:04:06-07,19044,6641,14925842,1,312530,49.26286697387695,-123.0677490234375,0.3403,7,57.95799478552023
2026-05-23 00:00:00,2026-05-23 00:05:47.546566-07,2026-05-23 00:05:21-07,23013,6641,14925612,0,312527,49.263431549072266,-123.12545013427734,9.1958,97,84.86495248542226
2026-05-23 00:00:00,2026-05-23 00:05:47.546566-07,2026-05-23 00:05:03-07,24001,6641,14925614,0,312527,49.26776885986328,-123.24732971191406,0.1448,2,57.00492923012429
2026-05-23 00:00:00,2026-05-23 00:06:18.194294-07,2026-05-23 00:05:47-07,19009,6641,14925613,0,312527,49.26371765136719,-123.2219467163086,2.5945,37,438.9046716093602
2026-05-23 00:00:00,2026-05-23 00:06:18.194294-07,2026-05-23 00:05:55-07,19020,6641,14925841,1,312530,49.26293182373047,-123.10181427001953,2.7564,42,55.84947154217488
2026-05-23 00:00:00,2026-05-23 00:06:18.194294-07,2026-05-23 00:05:42-07,19022,6641,14925840,1,312530,49.26376724243164,-123.15260314941406,6.4957,77,16.316900664680503
2026-05-23 00:00:00,2026-05-23 00:06:18.194294-07,2026-05-23 00:04:06-07,19044,6641,14925842,1,312530,49.26286697387695,-123.0677490234375,0.3403,7,57.95799478552023
2026-05-23 00:00:00,2026-05-23 00:06:18.194294-07,2026-05-23 00:05:51-07,23013,6641,14925612,0,312527,49.263450622558594,-123.1243667602539,9.3737,98,16.613671311930148
2026-05-23 00:00:00,2026-05-23 00:06:18.194294-07,2026-05-23 00:05:35-07,24001,6641,14925614,0,312527,49.26773452758789,-123.24735260009766,0.1448,2,57.37158803766451
2026-05-23 00:00:00,2026-05-23 00:06:48.675823-07,2026-05-23 00:06:17-07,19009,6641,14925613,0,312527,49.263832092285156,-123.21672058105469,2.5945,37,59.476408075444326
2026-05-23 00:00:00,2026-05-23 00:06:48.675823-07,2026-05-23 00:06:41-07,19020,6641,14925841,1,312530,49.263084411621094,-123.10491943359375,3.0362,44,8.090539263004956
2026-05-23 00:00:00,2026-05-23 00:06:48.675823-07,2026-05-23 00:06:41-07,19022,6641,14925840,1,312530,49.263916015625,-123.15450286865234,6.7076,79,58.09279682045469
2026-05-23 00:00:00,2026-05-23 00:06:48.675823-07,2026-05-23 00:04:06-07,19044,6641,14925842,1,312530,49.26286697387695,-123.0677490234375,0.3403,7,57.95799478552023
2026-05-23 00:00:00,2026-05-23 00:06:48.675823-07,2026-05-23 00:06:21-07,23013,6641,14925612,0,312527,49.2633171081543,-123.12239837646484,9.5453,99,42.04187078564044
2026-05-23 00:00:00,2026-05-23 00:06:48.675823-07,2026-05-23 00:06:05-07,24001,6641,14925614,0,312527,49.26773452758789,-123.24738311767578,0.1448,2,59.499244695707
2026-05-23 00:00:00,2026-05-23 00:07:19.478329-07,2026-05-23 00:06:46-07,19009,6641,14925613,0,312527,49.26388168334961,-123.21524810791016,2.6424,38,2.981988866727766
2026-05-23 00:00:00,2026-05-23 00:07:19.478329-07,2026-05-23 00:07:10-07,19020,6641,14925841,1,312530,49.26318359375,-123.10970306396484,3.3714,48,17.39806821088685
2026-05-23 00:00:00,2026-05-23 00:07:19.478329-07,2026-05-23 00:06:44-07,19022,6641,14925840,1,312530,49.26390075683594,-123.15471649169922,6.7076,79,42.49919320457621
2026-05-23 00:00:00,2026-05-23 00:07:19.478329-07,2026-05-23 00:04:06-07,19044,6641,14925842,1,312530,49.26286697387695,-123.0677490234375,0.3403,7,57.95799478552023
2026-05-23 00:00:00,2026-05-23 00:07:19.478329-07,2026-05-23 00:07:10-07,23013,6641,14925612,0,312527,49.263248443603516,-123.1198501586914,9.6854,100,6.114513409701981
2026-05-23 00:00:00,2026-05-23 00:07:19.478329-07,2026-05-23 00:07:04-07,24001,6641,14925614,0,312527,49.26771545410156,-123.2474365234375,0.1448,2,62.72776615390107
2026-05-23 00:00:00,2026-05-23 00:07:49.955306-07,2026-05-23 00:07:16-07,19009,6641,14925613,0,312527,49.263816833496094,-123.20918273925781,3.0906,44,4.961098357729202
2026-05-23 00:00:00,2026-05-23 00:07:49.955306-07,2026-05-23 00:07:41-07,19020,6641,14925841,1,312530,49.26321792602539,-123.11261749267578,3.6196,50,20.360916337280834
2026-05-23 00:00:00,2026-05-23 00:07:49.955306-07,2026-05-23 00:07:15-07,19022,6641,14925840,1,312530,49.26395034790039,-123.1587142944336,6.8781,80,78.08252798681984
2026-05-23 00:00:00,2026-05-23 00:07:49.955306-07,2026-05-23 00:04:06-07,19044,6641,14925842,1,312530,49.26286697387695,-123.0677490234375,0.3403,7,57.95799478552023
2026-05-23 00:00:00,2026-05-23 00:07:49.955306-07,2026-05-23 00:07:40-07,23013,6641,14925612,0,312527,49.26319885253906,-123.11609649658203,10.0472,103,85.01349237276247
2026-05-23 00:00:00,2026-05-23 00:07:49.955306-07,2026-05-23 00:07:34-07,24001,6641,14925614,0,312527,49.2677001953125,-123.24745178222656,0.1448,2,63.454913329190234
2026-05-23 00:00:00,2026-05-23 00:08:20.704466-07,2026-05-23 00:07:51-07,19009,6641,14925613,0,312527,49.263816833496094,-123.2081527709961,3.0906,44,70.29015331028869
2026-05-23 00:00:00,2026-05-23 00:08:20.704466-07,2026-05-23 00:08:11-07,19020,6641,14925841,1,312530,49.26323318481445,-123.11356353759766,3.6196,50,49.087104228993695
2026-05-23 00:00:00,2026-05-23 00:08:20.704466-07,2026-05-23 00:07:45-07,19022,6641,14925840,1,312530,49.264034271240234,-123.16425323486328,7.3877,83,28.002247037558906
2026-05-23 00:00:00,2026-05-23 00:08:20.704466-07,2026-05-23 00:04:06-07,19044,6641,14925842,1,312530,49.26286697387695,-123.0677490234375,0.3403,7,57.95799478552023
2026-05-23 00:00:00,2026-05-23 00:08:20.704466-07,2026-05-23 00:08:11-07,23013,6641,14925612,0,312527,49.26316833496094,-123.11436462402344,10.058,105,30.257309690741312
2026-05-23 00:00:00,2026-05-23 00:08:20.704466-07,2026-05-23 00:08:04-07,24001,6641,14925614,0,312527,49.26765060424805,-123.24745178222656,0.1448,2,62.61450509166622
2026-05-23 00:00:00,2026-05-23 00:08:51.216202-07,2026-05-23 00:08:20-07,19009,6641,14925613,0,312527,49.2636833190918,-123.20144653320312,3.7478,48,98.08739979125971
2026-05-23 00:00:00,2026-05-23 00:08:51.216202-07,2026-05-23 00:08:40-07,19020,6641,14925841,1,312530,49.263267517089844,-123.11454772949219,3.757,52,18.140728778011407
2026-05-23 00:00:00,2026-05-23 00:08:51.216202-07,2026-05-23 00:08:30-07,19022,6641,14925840,1,312530,49.26409912109375,-123.16795349121094,7.644,85,15.134954467433117
2026-05-23 00:00:00,2026-05-23 00:08:51.216202-07,2026-05-23 00:04:06-07,19044,6641,14925842,1,312530,49.26286697387695,-123.0677490234375,0.3403,7,57.95799478552023
2026-05-23 00:00:00,2026-05-23 00:08:51.216202-07,2026-05-23 00:08:36-07,23013,6641,14925612,0,312527,49.26319885253906,-123.11416625976562,10.058,105,44.39410732460457
2026-05-23 00:00:00,2026-05-23 00:08:51.216202-07,2026-05-23 00:08:34-07,24001,6641,14925614,0,312527,49.267601013183594,-123.2474365234375,0.1448,2,61.14615633887407
2026-05-23 00:00:00,2026-05-23 00:09:21.748316-07,2026-05-23 00:08:51-07,19009,6641,14925613,0,312527,49.26358413696289,-123.19371795654297,4.1981,53,14.761698365513205
2026-05-23 00:00:00,2026-05-23 00:09:21.748316-07,2026-05-23 00:09:10-07,19020,6641,14925841,1,312530,49.263301849365234,-123.11648559570312,3.9567,55,75.2816609506953
2026-05-23 00:00:00,2026-05-23 00:09:21.748316-07,2026-05-23 00:09:00-07,19022,6641,14925840,1,312530,49.264183044433594,-123.17323303222656,8.0687,89,55.154502331221316
2026-05-23 00:00:00,2026-05-23 00:09:21.748316-07,2026-05-23 00:04:06-07,19044,6641,14925842,1,312530,49.26286697387695,-123.0677490234375,0.3403,7,57.95799478552023
2026-05-23 00:00:00,2026-05-23 00:09:21.748316-07,2026-05-23 00:09:06-07,23013,6641,14925612,0,312527,49.26319885253906,-123.11315155029297,10.1954,107,18.950358671763937
2026-05-23 00:00:00,2026-05-23 00:09:21.748316-07,2026-05-23 00:09:05-07,24001,6641,14925614,0,312527,49.267616271972656,-123.2474365234375,0.1448,2,61.20672341050995
2026-05-23 00:00:00,2026-05-23 00:09:52.229079-07,2026-05-23 00:09:21-07,19009,6641,14925613,0,312527,49.26350021362305,-123.18698120117188,4.6423,57,60.540831352812084
2026-05-23 00:00:00,2026-05-23 00:09:52.229079-07,2026-05-23 00:09:12-07,19020,6641,14925841,1,312530,49.263301849365234,-123.11648559570312,3.9567,55,75.2816609506953
2026-05-23 00:00:00,2026-05-23 00:09:52.229079-07,2026-05-23 00:09:31-07,19022,6641,14925840,1,312530,49.26426696777344,-123.17759704589844,8.3458,92,15.008769732125561
2026-05-23 00:00:00,2026-05-23 00:09:52.229079-07,2026-05-23 00:04:06-07,19044,6641,14925842,1,312530,49.26286697387695,-123.0677490234375,0.3403,7,57.95799478552023
2026-05-23 00:00:00,2026-05-23 00:09:52.229079-07,2026-05-23 00:09:35-07,23013,6641,14925612,0,312527,49.26318359375,-123.11139678955078,10.3366,108,32.4734209833425
2026-05-23 00:00:00,2026-05-23 00:09:52.229079-07,2026-05-23 00:09:35-07,24001,6641,14925614,0,312527,49.26763153076172,-123.2474136352539,0.1448,2,59.65857137306607
2026-05-23 00:00:00,2026-05-23 00:10:23.722935-07,2026-05-23 00:09:51-07,19009,6641,14925613,0,312527,49.263465881347656,-123.1861343383789,4.7818,58,17.231801977689322
2026-05-23 00:00:00,2026-05-23 00:10:23.722935-07,2026-05-23 00:09:42-07,19020,6641,14925841,1,312530,49.263301849365234,-123.11648559570312,3.9567,55,75.2816609506953
2026-05-23 00:00:00,2026-05-23 00:10:23.722935-07,2026-05-23 00:10:01-07,19022,6641,14925840,1,312530,49.2642822265625,-123.1794204711914,8.4935,93,29.46294817040856
2026-05-23 00:00:00,2026-05-23 00:10:23.722935-07,2026-05-23 00:04:06-07,19044,6641,14925842,1,312530,49.26286697387695,-123.0677490234375,0.3403,7,57.95799478552023
2026-05-23 00:00:00,2026-05-23 00:10:23.722935-07,2026-05-23 00:10:08-07,23013,6641,14925612,0,312527,49.26303482055664,-123.10681915283203,10.6369,111,1.6990311997851328
2026-05-23 00:00:00,2026-05-23 00:10:23.722935-07,2026-05-23 00:10:06-07,24001,6641,14925614,0,312527,49.26768112182617,-123.2474136352539,0.1448,2,60.34654157906528
2026-05-23 00:00:00,2026-05-23 00:10:54.218379-07,2026-05-23 00:10:21-07,19009,6641,14925613,0,312527,49.26395034790039,-123.1858139038086,4.8328,59,5.522729916464256
2026-05-23 00:00:00,2026-05-23 00:10:54.218379-07,2026-05-23 00:10:12-07,19020,6641,14925841,1,312530,49.263301849365234,-123.11648559570312,3.9567,55,75.2816609506953
2026-05-23 00:00:00,2026-05-23 00:10:54.218379-07,2026-05-23 00:10:31-07,19022,6641,14925840,1,312530,49.264366149902344,-123.18502044677734,8.9343,97,62.300193054426806
2026-05-23 00:00:00,2026-05-23 00:10:54.218379-07,2026-05-23 00:04:06-07,19044,6641,14925842,1,312530,49.26286697387695,-123.0677490234375,0.3403,7,57.95799478552023
2026-05-23 00:00:00,2026-05-23 00:10:54.218379-07,2026-05-23 00:10:36-07,23013,6641,14925612,0,312527,49.26300048828125,-123.10513305664062,10.7787,113,18.000002102351566
2026-05-23 00:00:00,2026-05-23 00:10:54.218379-07,2026-05-23 00:10:34-07,24001,6641,14925614,0,312527,49.2677001953125,-123.24739837646484,0.1448,2,59.6589699942678
2026-05-23 00:00:00,2026-05-23 00:11:24.743646-07,2026-05-23 00:10:51-07,19009,6641,14925613,0,312527,49.2642822265625,-123.18578338623047,4.8807,60,11.97465379741237
2026-05-23 00:00:00,2026-05-23 00:11:24.743646-07,2026-05-23 00:10:42-07,19020,6641,14925841,1,312530,49.263301849365234,-123.11648559570312,3.9567,55,75.2816609506953
2026-05-23 00:00:00,2026-05-23 00:11:24.743646-07,2026-05-23 00:11:01-07,19022,6641,14925840,1,312530,49.264381408691406,-123.1855697631836,8.9343,97,22.47480766108048
2026-05-23 00:00:00,2026-05-23 00:11:24.743646-07,2026-05-23 00:11:05-07,19044,6641,14925842,1,312530,49.26286697387695,-123.0677490234375,0.3403,7,57.95799478552023
2026-05-23 00:00:00,2026-05-23 00:11:24.743646-07,2026-05-23 00:11:05-07,23013,6641,14925612,0,312527,49.26293182373047,-123.10240173339844,10.919,114,40.770977173559174
2026-05-23 00:00:00,2026-05-23 00:11:24.743646-07,2026-05-23 00:11:05-07,24001,6641,14925614,0,312527,49.2677001953125,-123.2474136352539,0.1448,2,60.742506549641014
2026-05-23 00:00:00,2026-05-23 00:11:55.270812-07,2026-05-23 00:11:32-07,19009,6641,14925613,0,312527,49.26431655883789,-123.18423461914062,5.0332,61,32.69703278442191
2026-05-23 00:00:00,2026-05-23 00:11:55.270812-07,2026-05-23 00:11:40-07,19020,6641,14925841,1,312530,49.263282775878906,-123.11701965332031,3.9567,55,36.489649004682015
2026-05-23 00:00:00,2026-05-23 00:11:55.270812-07,2026-05-23 00:11:30-07,19022,6641,14925840,1,312530,49.26398468017578,-123.18596649169922,8.9822,98,7.631524325406985
2026-05-23 00:00:00,2026-05-23 00:11:55.270812-07,2026-05-23 00:11:35-07,19044,6641,14925842,1,312530,49.26286697387695,-123.0677490234375,0.3403,7,57.95799478552023
2026-05-23 00:00:00,2026-05-23 00:11:55.270812-07,2026-05-23 00:11:37-07,23013,6641,14925612,0,312527,49.2628173828125,-123.10015106201172,11.1139,117,12.707102737633983
2026-05-23 00:00:00,2026-05-23 00:11:55.270812-07,2026-05-23 00:11:33-07,24001,6641,14925614,0,312527,49.2677001953125,-123.24738311767578,0.1448,2,58.57631624309169
2026-05-23 00:00:00,2026-05-23 00:12:25.935514-07,2026-05-23 00:12:03-07,19009,6641,14925613,0,312527,49.264198303222656,-123.17821502685547,5.4691,65,30.534459969660613
2026-05-23 00:00:00,2026-05-23 00:12:25.935514-07,2026-05-23 00:12:11-07,19020,6641,14925841,1,312530,49.26338195800781,-123.12138366699219,4.2697,58,32.404737201683766
2026-05-23 00:00:00,2026-05-23 00:12:25.935514-07,2026-05-23 00:12:01-07,19022,6641,14925840,1,312530,49.263648986816406,-123.18596649169922,9.0331,99,19.329162599917563
2026-05-23 00:00:00,2026-05-23 00:12:25.935514-07,2026-05-23 00:12:07-07,19044,6641,14925842,1,312530,49.26286697387695,-123.0677490234375,0.3403,7,57.95799478552023
2026-05-23 00:00:00,2026-05-23 00:12:25.935514-07,2026-05-23 00:12:07-07,23013,6641,14925612,0,312527,49.26279830932617,-123.09986877441406,11.1692,118,26.188247246485787
2026-05-23 00:00:00,2026-05-23 00:12:25.935514-07,2026-05-23 00:12:04-07,24001,6641,14925614,0,312527,49.2677001953125,-123.24735260009766,0.1448,2,56.41386040843933
2026-05-23 00:00:00,2026-05-23 00:12:56.430141-07,2026-05-23 00:12:32-07,19009,6641,14925613,0,312527,49.26409912109375,-123.17144775390625,5.9466,70,15.248520005381831
2026-05-23 00:00:00,2026-05-23 00:12:56.430141-07,2026-05-23 00:12:40-07,19020,6641,14925841,1,312530,49.26340103149414,-123.12273406982422,4.2697,58,67.05526940538907
2026-05-23 00:00:00,2026-05-23 00:12:56.430141-07,2026-05-23 00:12:17-07,19022,6641,14925840,1,312530,49.26350021362305,-123.1861343383789,9.0331,99,17.282161010007993
2026-05-23 00:00:00,2026-05-23 00:12:56.430141-07,2026-05-23 00:12:36-07,19044,6641,14925842,1,312530,49.26286697387695,-123.0677490234375,0.3403,7,57.95799478552023
2026-05-23 00:00:00,2026-05-23 00:12:56.430141-07,2026-05-23 00:12:39-07,23013,6641,14925612,0,312527,49.26278305053711,-123.09980010986328,11.1692,118,22.2141079940483
2026-05-23 00:00:00,2026-05-23 00:12:56.430141-07,2026-05-23 00:12:34-07,24001,6641,14925614,0,312527,49.26771545410156,-123.24736785888672,0.1448,2,57.88318830074707
2026-05-23 00:00:00,2026-05-23 00:13:26.974028-07,2026-05-23 00:13:03-07,19009,6641,14925613,0,312527,49.264015197753906,-123.16748046875,6.171,72,49.83248583361484
2026-05-23 00:00:00,2026-05-23 00:13:26.974028-07,2026-05-23 00:13:11-07,19020,6641,14925841,1,312530,49.26350021362305,-123.12593078613281,4.6192,60,51.02639154345164
2026-05-23 00:00:00,2026-05-23 00:13:26.974028-07,2026-05-23 00:12:46-07,19022,6641,14925840,1,312530,49.26356887817383,-123.1900863647461,9.393,101,54.695903866845256
2026-05-23 00:00:00,2026-05-23 00:13:26.974028-07,2026-05-23 00:12:55-07,19044,6641,14925842,1,312530,49.26279830932617,-123.06749725341797,0.2308,2,41.507370934802765
2026-05-23 00:00:00,2026-05-23 00:13:26.974028-07,2026-05-23 00:13:04-07,23013,6641,14925612,0,312527,49.26278305053711,-123.09964752197266,11.1692,118,13.250935562532508
2026-05-23 00:00:00,2026-05-23 00:13:26.974028-07,2026-05-23 00:13:05-07,24001,6641,14925614,0,312527,49.26774978637695,-123.24738311767578,0.1448,2,59.98291134420885
2026-05-23 00:00:00,2026-05-23 00:13:57.485897-07,2026-05-23 00:13:23-07,19009,6641,14925613,0,312527,49.264034271240234,-123.1669692993164,6.2929,73,35.11319644049935
2026-05-23 00:00:00,2026-05-23 00:13:57.485897-07,2026-05-23 00:13:39-07,19020,6641,14925841,1,312530,49.26350021362305,-123.13023376464844,4.9649,62,82.32409636590599
2026-05-23 00:00:00,2026-05-23 00:13:57.485897-07,2026-05-23 00:13:16-07,19022,6641,14925840,1,312530,49.263648986816406,-123.1952133178711,9.7438,105,32.15021100684809
2026-05-23 00:00:00,2026-05-23 00:13:57.485897-07,2026-05-23 00:13:24-07,19044,6641,14925842,1,312530,49.26240158081055,-123.06839752197266,0.3869,8,13.022368196553618
2026-05-23 00:00:00,2026-05-23 00:13:57.485897-07,2026-05-23 00:13:33-07,23013,6641,14925612,0,312527,49.26264953613281,-123.09625244140625,11.4285,124,18.35583171074166
2026-05-23 00:00:00,2026-05-23 00:13:57.485897-07,2026-05-23 00:13:17-07,24001,6641,14925614,0,312527,49.26774978637695,-123.24736785888672,0.1448,2,58.92701780951927
2026-05-23 00:00:00,2026-05-23 00:14:28.117166-07,2026-05-23 00:13:53-07,19009,6641,14925613,0,312527,49.26393127441406,-123.16011810302734,6.7642,76,7.6880679655826185
2026-05-23 00:00:00,2026-05-23 00:14:28.117166-07,2026-05-23 00:14:10-07,19020,6641,14925841,1,312530,49.26358413696289,-123.13491821289062,5.3087,65,84.92640360626447
2026-05-23 00:00:00,2026-05-23 00:14:28.117166-07,2026-05-23 00:13:47-07,19022,6641,14925840,1,312530,49.26373291015625,-123.2009506225586,10.0671,109,62.201279533696784
2026-05-23 00:00:00,2026-05-23 00:14:28.117166-07,2026-05-23 00:13:55-07,19044,6641,14925842,1,312530,49.26240158081055,-123.06871795654297,0.4039,9,10.985142578458063
2026-05-23 00:00:00,2026-05-23 00:14:28.117166-07,2026-05-23 00:14:03-07,23013,6641,14925612,0,312527,49.262550354003906,-123.095703125,11.4597,125,7.91876650532343
2026-05-23 00:00:00,2026-05-23 00:14:28.117166-07,2026-05-23 00:13:50-07,24001,6641,14925614,0,312527,49.26774978637695,-123.24711608886719,0.1448,2,41.88859324074056
2026-05-23 00:00:00,2026-05-23 00:14:58.614727-07,2026-05-23 00:14:22-07,19009,6641,14925613,0,312527,49.263832092285156,-123.15558624267578,7.1074,78,21.089652560293732
2026-05-23 00:00:00,2026-05-23 00:14:58.614727-07,2026-05-23 00:14:40-07,19020,6641,14925841,1,312530,49.26358413696289,-123.13776397705078,5.4377,66,6.904024673419996
2026-05-23 00:00:00,2026-05-23 00:14:58.614727-07,2026-05-23 00:14:16-07,19022,6641,14925840,1,312530,49.263816833496094,-123.20686340332031,10.5037,112,56.19414668098204
2026-05-23 00:00:00,2026-05-23 00:14:58.614727-07,2026-05-23 00:14:22-07,19044,6641,14925842,1,312530,49.26240158081055,-123.06891632080078,0.4162,10,9.751294343053969
2026-05-23 00:00:00,2026-05-23 00:14:58.614727-07,2026-05-23 00:14:34-07,23013,6641,14925612,0,312527,49.26243209838867,-123.0902328491211,11.791,130,59.21244000074558
2026-05-23 00:00:00,2026-05-23 00:14:58.614727-07,2026-05-23 00:14:24-07,24001,6641,14925614,0,312527,49.26701736450195,-123.24822998046875,0.0,1,9.947290761240458
2026-05-23 00:00:00,2026-05-23 00:15:29.139281-07,2026-05-23 00:15:03-07,19009,6641,14925613,0,312527,49.26380157470703,-123.15464782714844,7.1074,78,47.7110014793156
2026-05-23 00:00:00,2026-05-23 00:15:29.139281-07,2026-05-23 00:15:11-07,19020,6641,14925841,1,312530,49.26361846923828,-123.1382827758789,5.4888,67,20.524764565440925
2026-05-23 00:00:00,2026-05-23 00:15:29.139281-07,2026-05-23 00:14:54-07,19022,6641,14925840,1,312530,49.263851165771484,-123.21002960205078,10.7243,113,65.95265121764955
2026-05-23 00:00:00,2026-05-23 00:15:29.139281-07,2026-05-23 00:14:53-07,19044,6641,14925842,1,312530,49.26238250732422,-123.07298278808594,0.7576,15,48.197159192267975
2026-05-23 00:00:00,2026-05-23 00:15:29.139281-07,2026-05-23 00:15:11-07,23013,6641,14925612,0,312527,49.26240158081055,-123.08833312988281,11.9299,131,58.87102931863865
2026-05-23 00:00:00,2026-05-23 00:15:29.139281-07,2026-05-23 00:15:04-07,24001,6641,14925614,0,312527,49.267433166503906,-123.24691772460938,0.1448,2,29.188652737194204
2026-05-23 00:00:00,2026-05-23 00:15:59.673439-07,2026-05-23 00:15:34-07,19009,6641,14925613,0,312527,49.26376724243164,-123.15336608886719,7.2793,79,31.633441870815684
2026-05-23 00:00:00,2026-05-23 00:15:59.673439-07,2026-05-23 00:15:40-07,19020,6641,14925841,1,312530,49.26371765136719,-123.13999938964844,5.5394,68,55.54276334897267
2026-05-23 00:00:00,2026-05-23 00:15:59.673439-07,2026-05-23 00:15:25-07,19022,6641,14925840,1,312530,49.26396560668945,-123.21499633789062,11.1602,118,6.690764417368757
2026-05-23 00:00:00,2026-05-23 00:15:59.673439-07,2026-05-23 00:15:23-07,19044,6641,14925842,1,312530,49.26243209838867,-123.07711791992188,1.0367,19,26.65009317287223
2026-05-23 00:00:00,2026-05-23 00:15:59.673439-07,2026-05-23 00:15:41-07,23013,6641,14925612,0,312527,49.26240158081055,-123.08338165283203,12.3531,134,6.160392387622712
2026-05-23 00:00:00,2026-05-23 00:15:59.673439-07,2026-05-23 00:15:36-07,24001,6641,14925614,0,312527,49.26748275756836,-123.2468490600586,0.1448,2,21.955764848316907
2026-05-23 00:00:00,2026-05-23 00:16:30.35567-07,2026-05-23 00:16:03-07,19009,6641,14925613,0,312527,49.26374816894531,-123.15243530273438,7.3193,80,7.852769392116683
2026-05-23 00:00:00,2026-05-23 00:16:30.35567-07,2026-05-23 00:16:08-07,19020,6641,14925841,1,312530,49.26369857788086,-123.14056396484375,5.6682,69,34.82095769623063
2026-05-23 00:00:00,2026-05-23 00:16:30.35567-07,2026-05-23 00:15:55-07,19022,6641,14925840,1,312530,49.263851165771484,-123.2206802368164,11.2204,120,347.0334765226468
2026-05-23 00:00:00,2026-05-23 00:16:30.35567-07,2026-05-23 00:16:03-07,19044,6641,14925842,1,312530,49.262451171875,-123.07891845703125,1.0471,20,94.22751857626882
2026-05-23 00:00:00,2026-05-23 00:16:30.35567-07,2026-05-23 00:16:11-07,23013,6641,14925612,0,312527,49.262332916259766,-123.07831573486328,12.7679,137,50.7106091215695
2026-05-23 00:00:00,2026-05-23 00:16:30.35567-07,2026-05-23 00:15:47-07,24001,6641,14925614,0,312527,49.26755142211914,-123.24674987792969,0.1448,2,12.057325543400145
2026-05-23 00:00:00,2026-05-23 00:17:00.846541-07,2026-05-23 00:16:32-07,19009,6641,14925613,0,312527,49.26371765136719,-123.15076446533203,7.4538,83,17.524954273904488
2026-05-23 00:00:00,2026-05-23 00:17:00.846541-07,2026-05-23 00:16:38-07,19020,6641,14925841,1,312530,49.2636833190918,-123.1407699584961,5.6682,69,20.11470687062572
2026-05-23 00:00:00,2026-05-23 00:17:00.846541-07,2026-05-23 00:16:25-07,19022,6641,14925840,1,312530,49.26371765136719,-123.226318359375,12.2434,121,263.46321506804475
2026-05-23 00:00:00,2026-05-23 00:17:00.846541-07,2026-05-23 00:16:32-07,19044,6641,14925842,1,312530,49.262451171875,-123.08396911621094,1.4619,23,46.97178396092891
2026-05-23 00:00:00,2026-05-23 00:17:00.846541-07,2026-05-23 00:16:41-07,23013,6641,14925612,0,312527,49.26228332519531,-123.07630157470703,12.8332,139,32.84661584117926
2026-05-23 00:00:00,2026-05-23 00:17:00.846541-07,2026-05-23 00:16:16-07,24001,6641,14925614,0,312527,49.266448974609375,-123.24476623535156,0.3841,6,15.47241372126168
2026-05-23 00:00:00,2026-05-23 00:17:31.388288-07,2026-05-23 00:17:02-07,19009,6641,14925613,0,312527,49.26369857788086,-123.149169921875,7.6286,84,74.74561477014187
2026-05-23 00:00:00,2026-05-23 00:17:31.388288-07,2026-05-23 00:17:08-07,19020,6641,14925841,1,312530,49.2636833190918,-123.14225006103516,5.8421,71,84.49271052559185
2026-05-23 00:00:00,2026-05-23 00:17:31.388288-07,2026-05-23 00:17:24-07,19022,6641,14925840,1,312530,49.26618194580078,-123.23648071289062,12.8447,136,26.900259764785794
2026-05-23 00:00:00,2026-05-23 00:17:31.388288-07,2026-05-23 00:17:21-07,19044,6641,14925842,1,312530,49.26253128051758,-123.09103393554688,2.024,27,4.6479210936651505
2026-05-23 00:00:00,2026-05-23 00:17:31.388288-07,2026-05-23 00:17:19-07,23013,6641,14925612,0,312527,49.262332916259766,-123.0707015991211,13.3378,144,65.86482325895409
2026-05-23 00:00:00,2026-05-23 00:17:31.388288-07,2026-05-23 00:16:59-07,24001,6641,14925614,0,312527,49.26689910888672,-123.24151611328125,0.6275,10,17.133368605481817
2026-05-23 00:00:00,2026-05-23 00:18:01.902309-07,2026-05-23 00:17:34-07,19009,6641,14925613,0,312527,49.2636833190918,-123.14598083496094,7.8023,85,16.374524067692526
2026-05-23 00:00:00,2026-05-23 00:18:01.902309-07,2026-05-23 00:17:39-07,19020,6641,14925841,1,312530,49.26373291015625,-123.14550018310547,6.0127,72,18.949814833511034
2026-05-23 00:00:00,2026-05-23 00:18:01.902309-07,2026-05-23 00:17:54-07,19022,6641,14925840,1,312530,49.2669677734375,-123.24199676513672,13.2225,146,20.587214045156884
2026-05-23 00:00:00,2026-05-23 00:18:01.902309-07,2026-05-23 00:17:51-07,19044,6641,14925842,1,312530,49.2625846862793,-123.09546661376953,2.3553,32,10.016171783924388
2026-05-23 00:00:00,2026-05-23 00:18:01.902309-07,2026-05-23 00:17:49-07,23013,6641,14925612,0,312527,49.262332916259766,-123.070068359375,13.3378,144,19.9238579930493
2026-05-23 00:00:00,2026-05-23 00:18:01.902309-07,2026-05-23 00:17:31-07,24001,6641,14925614,0,312527,49.26621627807617,-123.23684692382812,0.9528,22,11.238664737704982
2026-05-23 00:00:00,2026-05-23 00:18:32.516317-07,2026-05-23 00:18:03-07,19009,6641,14925613,0,312527,49.26369857788086,-123.14579772949219,7.8023,85,2.9798673627440886
2026-05-23 00:00:00,2026-05-23 00:18:32.516317-07,2026-05-23 00:18:09-07,19020,6641,14925841,1,312530,49.26373291015625,-123.14633178710938,6.0127,72,41.84988681439942
2026-05-23 00:00:00,2026-05-23 00:18:32.516317-07,2026-05-23 00:18:25-07,19022,6641,14925840,1,312530,49.26693344116211,-123.24221801757812,13.2759,148,17.044264522118798
2026-05-23 00:00:00,2026-05-23 00:18:32.516317-07,2026-05-23 00:18:21-07,19044,6641,14925842,1,312530,49.26286697387695,-123.09771728515625,2.4628,35,51.55560189850011
2026-05-23 00:00:00,2026-05-23 00:18:32.516317-07,2026-05-23 00:18:18-07,23013,6641,14925612,0,312527,49.26336669921875,-123.06964874267578,13.4386,148,17.672303302006178
2026-05-23 00:00:00,2026-05-23 00:18:32.516317-07,2026-05-23 00:18:00-07,24001,6641,14925614,0,312527,49.264034271240234,-123.23301696777344,1.3142,27,20.418823755312808
2026-05-23 00:00:00,2026-05-23 00:19:03.025965-07,2026-05-23 00:18:33-07,19009,6641,14925613,0,312527,49.26358413696289,-123.1407699584961,8.1468,88,18.87369667868573
2026-05-23 00:00:00,2026-05-23 00:19:03.025965-07,2026-05-23 00:18:38-07,19020,6641,14925841,1,312530,49.26369857788086,-123.14969635009766,6.3613,75,62.13211834858097
2026-05-23 00:00:00,2026-05-23 00:19:03.025965-07,2026-05-23 00:18:53-07,19022,6641,14925840,1,312530,49.26656723022461,-123.24473571777344,13.4017,150,45.53415962038804
2026-05-23 00:00:00,2026-05-23 00:19:03.025965-07,2026-05-23 00:18:49-07,19044,6641,14925842,1,312530,49.26286697387695,-123.09771728515625,2.4628,35,51.55560189850011
2026-05-23 00:00:00,2026-05-23 00:19:03.025965-07,2026-05-23 00:18:49-07,23013,6641,14925612,0,312527,49.263450622558594,-123.06966400146484,13.4776,149,16.64189028920374
2026-05-23 00:00:00,2026-05-23 00:19:03.025965-07,2026-05-23 00:18:29-07,24001,6641,14925614,0,312527,49.26356887817383,-123.22734832763672,1.5845,36,175.77762441206713
2026-05-23 00:00:00,2026-05-23 00:19:33.630458-07,2026-05-23 00:19:16-07,19009,6641,14925613,0,312527,49.26351547241211,-123.13956451416016,8.2755,89,24.04389410281485
2026-05-23 00:00:00,2026-05-23 00:19:33.630458-07,2026-05-23 00:19:07-07,19020,6641,14925841,1,312530,49.26376724243164,-123.1529312133789,6.5357,78,5.997820105410203
2026-05-23 00:00:00,2026-05-23 00:19:33.630458-07,2026-05-23 00:19:12-07,19022,6641,14925840,1,312530,49.26649856567383,-123.2450180053711,13.5001,151,31.089881350706296
2026-05-23 00:00:00,2026-05-23 00:19:33.630458-07,2026-05-23 00:19:18-07,19044,6641,14925842,1,312530,49.26285171508789,-123.09950256347656,2.6451,38,2.3213329584716127
2026-05-23 00:00:00,2026-05-23 00:19:33.630458-07,2026-05-23 00:19:23-07,23013,6641,14925843,1,312530,49.263282775878906,-123.06881713867188,0.0,1,79.02054259633555
2026-05-23 00:00:00,2026-05-23 00:19:33.630458-07,2026-05-23 00:18:59-07,24001,6641,14925614,0,312527,49.26371765136719,-123.221435546875,2.5945,37,401.831674711166
2026-05-23 00:00:00,2026-05-23 00:20:04.121347-07,2026-05-23 00:19:46-07,19009,6641,14925613,0,312527,49.263465881347656,-123.13629913330078,8.5063,93,18.494055409162506
2026-05-23 00:00:00,2026-05-23 00:20:04.121347-07,2026-05-23 00:19:45-07,19020,6641,14925841,1,312530,49.26390075683594,-123.15483093261719,6.7076,79,34.2509408087602
2026-05-23 00:00:00,2026-05-23 00:20:04.121347-07,2026-05-23 00:19:40-07,19022,6641,14925840,1,312530,49.26789855957031,-123.2468032836914,13.6795,155,8.873964719110349
2026-05-23 00:00:00,2026-05-23 00:20:04.121347-07,2026-05-23 00:19:49-07,19044,6641,14925842,1,312530,49.26296615600586,-123.10285186767578,2.896,43,7.919689394258584
2026-05-23 00:00:00,2026-05-23 00:20:04.121347-07,2026-05-23 00:19:23-07,23013,6641,14925843,1,312530,49.263282775878906,-123.06881713867188,0.0,1,79.02054259633555
2026-05-23 00:00:00,2026-05-23 00:20:04.121347-07,2026-05-23 00:19:30-07,24001,6641,14925614,0,312527,49.263832092285156,-123.2159194946289,2.5945,37,1.5462944424506955
2026-05-23 00:00:00,2026-05-23 00:20:34.788485-07,2026-05-23 00:20:15-07,19009,6641,14925613,0,312527,49.263465881347656,-123.13607025146484,8.5062,92,10.544464121061134
2026-05-23 00:00:00,2026-05-23 00:20:34.788485-07,2026-05-23 00:20:15-07,19020,6641,14925841,1,312530,49.26398468017578,-123.15985107421875,7.0508,81,12.75701938861624
2026-05-23 00:00:00,2026-05-23 00:20:34.788485-07,2026-05-23 00:20:11-07,19022,6641,14925840,1,312530,49.2686653137207,-123.24822998046875,13.8837,163,6.49951894941117
2026-05-23 00:00:00,2026-05-23 00:20:34.788485-07,2026-05-23 00:20:11-07,19044,6641,14925842,1,312530,49.263065338134766,-123.10543060302734,3.0362,44,39.91322017671626
2026-05-23 00:00:00,2026-05-23 00:20:34.788485-07,2026-05-23 00:20:21-07,23013,6641,14925843,1,312530,49.263301849365234,-123.06880187988281,0.0,1,78.77688315427007
2026-05-23 00:00:00,2026-05-23 00:20:34.788485-07,2026-05-23 00:19:59-07,24001,6641,14925614,0,312527,49.26386642456055,-123.21226501464844,2.8717,43,9.98442449582931
2026-05-23 00:00:00,2026-05-23 00:21:05.36956-07,2026-05-23 00:20:48-07,19009,6641,14925613,0,312527,49.263450622558594,-123.13072967529297,8.85,95,46.467700842343106
2026-05-23 00:00:00,2026-05-23 00:21:05.36956-07,2026-05-23 00:20:46-07,19020,6641,14925841,1,312530,49.2640495300293,-123.16535186767578,7.3877,83,51.73645605644188
2026-05-23 00:00:00,2026-05-23 00:21:05.36956-07,2026-05-23 00:20:11-07,19022,6641,14925840,1,312530,49.2686653137207,-123.24822998046875,13.8837,163,6.49951894941117
2026-05-23 00:00:00,2026-05-23 00:21:05.36956-07,2026-05-23 00:20:41-07,19044,6641,14925842,1,312530,49.26318359375,-123.1098861694336,3.3714,48,30.027614763020157
2026-05-23 00:00:00,2026-05-23 00:21:05.36956-07,2026-05-23 00:20:55-07,23013,6641,14925843,1,312530,49.263282775878906,-123.06880187988281,0.0,1,79.93791995670236
2026-05-23 00:00:00,2026-05-23 00:21:05.36956-07,2026-05-23 00:20:44-07,24001,6641,14925614,0,312527,49.26376724243164,-123.2071533203125,3.3113,45,77.20325407441167
2026-05-23 00:00:00,2026-05-23 00:21:35.981688-07,2026-05-23 00:21:18-07,19009,6641,14925613,0,312527,49.26338195800781,-123.12891387939453,9.0222,96,9.45590063506902
2026-05-23 00:00:00,2026-05-23 00:21:35.981688-07,2026-05-23 00:21:26-07,19020,6641,14925841,1,312530,49.26409912109375,-123.16795349121094,7.644,85,15.134954467433117
2026-05-23 00:00:00,2026-05-23 00:21:35.981688-07,2026-05-23 00:20:11-07,19022,6641,14925840,1,312530,49.2686653137207,-123.24822998046875,13.8837,163,6.49951894941117
2026-05-23 00:00:00,2026-05-23 00:21:35.981688-07,2026-05-23 00:21:11-07,19044,6641,14925842,1,312530,49.26321792602539,-123.11343383789062,3.6196,50,39.543531383312676
2026-05-23 00:00:00,2026-05-23 00:21:35.981688-07,2026-05-23 00:20:55-07,23013,6641,14925843,1,312530,49.263282775878906,-123.06880187988281,0.0,1,79.93791995670236
2026-05-23 00:00:00,2026-05-23 00:21:35.981688-07,2026-05-23 00:21:14-07,24001,6641,14925614,0,312527,49.26369857788086,-123.20175170898438,3.5355,47,91.51184210667427
2026-05-23 00:00:00,2026-05-23 00:22:06.479089-07,2026-05-23 00:21:46-07,19009,6641,14925613,0,312527,49.2634162902832,-123.12688446044922,9.1958,97,19.296787210517028
2026-05-23 00:00:00,2026-05-23 00:22:06.479089-07,2026-05-23 00:21:55-07,19020,6641,14925841,1,312530,49.26416778564453,-123.17316436767578,8.0688,90,60.1306248724826
2026-05-23 00:00:00,2026-05-23 00:22:06.479089-07,2026-05-23 00:20:11-07,19022,6641,14925840,1,312530,49.2686653137207,-123.24822998046875,13.8837,163,6.49951894941117
2026-05-23 00:00:00,2026-05-23 00:22:06.479089-07,2026-05-23 00:21:41-07,19044,6641,14925842,1,312530,49.263301849365234,-123.11602020263672,3.7677,54,80.1691516433885
2026-05-23 00:00:00,2026-05-23 00:22:06.479089-07,2026-05-23 00:21:54-07,23013,6641,14925843,1,312530,49.263282775878906,-123.06881713867188,0.0,1,79.02054259633555
2026-05-23 00:00:00,2026-05-23 00:22:06.479089-07,2026-05-23 00:21:44-07,24001,6641,14925614,0,312527,49.26361846923828,-123.19580078125,4.0712,52,10.705999701944773
2026-05-23 00:00:00,2026-05-23 00:22:37.103385-07,2026-05-23 00:22:16-07,19009,6641,14925613,0,312527,49.26340103149414,-123.1263198852539,9.1958,97,21.7119520883328
2026-05-23 00:00:00,2026-05-23 00:22:37.103385-07,2026-05-23 00:22:25-07,19020,6641,14925841,1,312530,49.26423263549805,-123.17866516113281,8.3458,92,62.92405361593257
2026-05-23 00:00:00,2026-05-23 00:22:37.103385-07,2026-05-23 00:20:11-07,19022,6641,14925840,1,312530,49.2686653137207,-123.24822998046875,13.8837,163,6.49951894941117
2026-05-23 00:00:00,2026-05-23 00:22:37.103385-07,2026-05-23 00:22:11-07,19044,6641,14925842,1,312530,49.263301849365234,-123.11647033691406,3.9567,55,76.38569575335133
2026-05-23 00:00:00,2026-05-23 00:22:37.103385-07,2026-05-23 00:21:54-07,23013,6641,14925843,1,312530,49.263282775878906,-123.06881713867188,0.0,1,79.02054259633555
2026-05-23 00:00:00,2026-05-23 00:22:37.103385-07,2026-05-23 00:22:13-07,24001,6641,14925614,0,312527,49.26353454589844,-123.18975067138672,4.422,56,79.1931923287877
2026-05-23 00:00:00,2026-05-23 00:23:07.587026-07,2026-05-23 00:22:47-07,19009,6641,14925613,0,312527,49.263282775878906,-123.12193298339844,9.5453,99,9.104569419169492
2026-05-23 00:00:00,2026-05-23 00:23:07.587026-07,2026-05-23 00:22:54-07,19020,6641,14925841,1,312530,49.26435089111328,-123.18426513671875,8.7818,96,34.87923756664594
2026-05-23 00:00:00,2026-05-23 00:23:07.587026-07,2026-05-23 00:20:11-07,19022,6641,14925840,1,312530,49.2686653137207,-123.24822998046875,13.8837,163,6.49951894941117
2026-05-23 00:00:00,2026-05-23 00:23:07.587026-07,2026-05-23 00:22:41-07,19044,6641,14925842,1,312530,49.263301849365234,-123.11647033691406,3.9567,55,76.38569575335133
2026-05-23 00:00:00,2026-05-23 00:23:07.587026-07,2026-05-23 00:22:53-07,23013,6641,14925843,1,312530,49.263301849365234,-123.06881713867188,0.0,1,77.84582507162303
2026-05-23 00:00:00,2026-05-23 00:23:07.587026-07,2026-05-23 00:22:40-07,24001,6641,14925614,0,312527,49.26348114013672,-123.18624877929688,4.7818,58,25.45386620221847
2026-05-23 00:00:00,2026-05-23 00:23:38.40308-07,2026-05-23 00:23:26-07,19009,6641,14925613,0,312527,49.26323318481445,-123.11969757080078,9.6854,100,15.889851674162088
2026-05-23 00:00:00,2026-05-23 00:23:38.40308-07,2026-05-23 00:23:25-07,19020,6641,14925841,1,312530,49.26374816894531,-123.18598175048828,8.9822,98,22.28325478529086
2026-05-23 00:00:00,2026-05-23 00:23:38.40308-07,2026-05-23 00:20:11-07,19022,6641,14925840,1,312530,49.2686653137207,-123.24822998046875,13.8837,163,6.49951894941117
2026-05-23 00:00:00,2026-05-23 00:23:38.40308-07,2026-05-23 00:23:13-07,19044,6641,14925842,1,312530,49.263301849365234,-123.11647033691406,3.9567,55,76.38569575335133
2026-05-23 00:00:00,2026-05-23 00:23:38.40308-07,2026-05-23 00:23:24-07,23013,6641,14925843,1,312530,49.263301849365234,-123.06880187988281,0.0,1,78.77688315427007
2026-05-23 00:00:00,2026-05-23 00:23:38.40308-07,2026-05-23 00:23:14-07,24001,6641,14925614,0,312527,49.26353454589844,-123.18588256835938,4.7818,58,6.058415701557339
2026-05-23 00:00:00,2026-05-23 00:24:08.884251-07,2026-05-23 00:23:56-07,19009,6641,14925613,0,312527,49.26314926147461,-123.115234375,10.0472,103,23.34955204308305
2026-05-23 00:00:00,2026-05-23 00:24:08.884251-07,2026-05-23 00:23:56-07,19020,6641,14925841,1,312530,49.26358413696289,-123.18595123291016,9.0331,99,12.101367741671446
2026-05-23 00:00:00,2026-05-23 00:24:08.884251-07,2026-05-23 00:20:11-07,19022,6641,14925840,1,312530,49.2686653137207,-123.24822998046875,13.8837,163,6.49951894941117
2026-05-23 00:00:00,2026-05-23 00:24:08.884251-07,2026-05-23 00:23:42-07,19044,6641,14925842,1,312530,49.263301849365234,-123.11647033691406,3.9567,55,76.38569575335133
2026-05-23 00:00:00,2026-05-23 00:24:08.884251-07,2026-05-23 00:23:54-07,23013,6641,14925843,1,312530,49.263301849365234,-123.06881713867188,0.0,1,77.84582507162303
2026-05-23 00:00:00,2026-05-23 00:24:08.884251-07,2026-05-23 00:23:44-07,24001,6641,14925614,0,312527,49.2642822265625,-123.18475341796875,5.0332,61,70.52479214107103
2026-05-23 00:00:00,2026-05-23 00:24:39.516323-07,2026-05-23 00:24:25-07,19009,6641,14925613,0,312527,49.26313400268555,-123.11436462402344,10.058,105,30.989652332798943
2026-05-23 00:00:00,2026-05-23 00:24:39.516323-07,2026-05-23 00:24:02-07,19020,6641,14925841,1,312530,49.26350021362305,-123.18620300292969,9.0331,99,22.235031233280555
2026-05-23 00:00:00,2026-05-23 00:24:39.516323-07,2026-05-23 00:20:11-07,19022,6641,14925840,1,312530,49.2686653137207,-123.24822998046875,13.8837,163,6.49951894941117
2026-05-23 00:00:00,2026-05-23 00:24:39.516323-07,2026-05-23 00:24:11-07,19044,6641,14925842,1,312530,49.263301849365234,-123.11647033691406,3.9567,55,76.38569575335133
2026-05-23 00:00:00,2026-05-23 00:24:39.516323-07,2026-05-23 00:24:24-07,23013,6641,14925843,1,312530,49.263301849365234,-123.06880187988281,0.0,1,78.77688315427007
2026-05-23 00:00:00,2026-05-23 00:24:39.516323-07,2026-05-23 00:24:16-07,24001,6641,14925614,0,312527,49.26431655883789,-123.1843032836914,5.0332,61,37.67004359529995
2026-05-23 00:00:00,2026-05-23 00:25:10.007613-07,2026-05-23 00:24:49-07,19009,6641,14925613,0,312527,49.26318359375,-123.11412048339844,10.058,105,47.76607371682175
2026-05-23 00:00:00,2026-05-23 00:25:10.007613-07,2026-05-23 00:24:32-07,19020,6641,14925841,1,312530,49.2635498046875,-123.19110107421875,9.3931,102,19.149115443073256
2026-05-23 00:00:00,2026-05-23 00:25:10.007613-07,2026-05-23 00:20:11-07,19022,6641,14925840,1,312530,49.2686653137207,-123.24822998046875,13.8837,163,6.49951894941117
2026-05-23 00:00:00,2026-05-23 00:25:10.007613-07,2026-05-23 00:24:42-07,19044,6641,14925842,1,312530,49.263301849365234,-123.11647033691406,3.9567,55,76.38569575335133
2026-05-23 00:00:00,2026-05-23 00:25:10.007613-07,2026-05-23 00:24:24-07,23013,6641,14925843,1,312530,49.263301849365234,-123.06880187988281,0.0,1,78.77688315427007
2026-05-23 00:00:00,2026-05-23 00:25:10.007613-07,2026-05-23 00:24:46-07,24001,6641,14925614,0,312527,49.26423263549805,-123.17967987060547,5.3215,64,11.348355058119257
2026-05-23 00:00:00,2026-05-23 00:25:40.52417-07,2026-05-23 00:25:19-07,19009,6641,14925613,0,312527,49.26318359375,-123.11309814453125,10.1954,107,14.964047676736328
2026-05-23 00:00:00,2026-05-23 00:25:40.52417-07,2026-05-23 00:25:02-07,19020,6641,14925841,1,312530,49.263648986816406,-123.19660186767578,9.8395,106,26.71388535237517
2026-05-23 00:00:00,2026-05-23 00:25:40.52417-07,2026-05-23 00:20:11-07,19022,6641,14925840,1,312530,49.2686653137207,-123.24822998046875,13.8837,163,6.49951894941117
2026-05-23 00:00:00,2026-05-23 00:25:40.52417-07,2026-05-23 00:25:08-07,19044,6641,14925842,1,312530,49.263301849365234,-123.11650085449219,3.9567,55,74.17772168374512
2026-05-23 00:00:00,2026-05-23 00:25:40.52417-07,2026-05-23 00:24:24-07,23013,6641,14925843,1,312530,49.263301849365234,-123.06880187988281,0.0,1,78.77688315427007
2026-05-23 00:00:00,2026-05-23 00:25:40.52417-07,2026-05-23 00:25:15-07,24001,6641,14925614,0,312527,49.264183044433594,-123.17556762695312,5.6073,66,24.2197490264934
2026-05-23 00:00:00,2026-05-23 00:26:11.075318-07,2026-05-23 00:25:49-07,19009,6641,14925613,0,312527,49.26319885253906,-123.11125183105469,10.3366,108,22.46671308745384
2026-05-23 00:00:00,2026-05-23 00:26:11.075318-07,2026-05-23 00:25:33-07,19020,6641,14925841,1,312530,49.26373291015625,-123.2022705078125,10.2794,110,53.744322523922
2026-05-23 00:00:00,2026-05-23 00:26:11.075318-07,2026-05-23 00:20:11-07,19022,6641,14925840,1,312530,49.2686653137207,-123.24822998046875,13.8837,163,6.49951894941117
2026-05-23 00:00:00,2026-05-23 00:26:11.075318-07,2026-05-23 00:25:38-07,19044,6641,14925842,1,312530,49.26333236694336,-123.11924743652344,4.1296,57,47.17313736822303
2026-05-23 00:00:00,2026-05-23 00:26:11.075318-07,2026-05-23 00:25:54-07,23013,6641,14925843,1,312530,49.263301849365234,-123.06878662109375,0.0,1,79.71244630125082
2026-05-23 00:00:00,2026-05-23 00:26:11.075318-07,2026-05-23 00:25:46-07,24001,6641,14925614,0,312527,49.26408386230469,-123.17028045654297,6.0317,71,15.09578667494423
2026-05-23 00:00:00,2026-05-23 00:26:41.747763-07,2026-05-23 00:26:17-07,19009,6641,14925613,0,312527,49.26298141479492,-123.10521697998047,10.7787,113,24.30599200219184
2026-05-23 00:00:00,2026-05-23 00:26:41.747763-07,2026-05-23 00:26:01-07,19020,6641,14925841,1,312530,49.26386642456055,-123.20796966552734,10.7243,113,83.61298970512607
2026-05-23 00:00:00,2026-05-23 00:26:41.747763-07,2026-05-23 00:20:11-07,19022,6641,14925840,1,312530,49.2686653137207,-123.24822998046875,13.8837,163,6.49951894941117
2026-05-23 00:00:00,2026-05-23 00:26:41.747763-07,2026-05-23 00:26:12-07,19044,6641,14925842,1,312530,49.2634162902832,-123.12300109863281,4.4413,59,85.4243337526321
2026-05-23 00:00:00,2026-05-23 00:26:41.747763-07,2026-05-23 00:26:24-07,23013,6641,14925843,1,312530,49.263267517089844,-123.06863403320312,0.0,1,91.15848631359576
2026-05-23 00:00:00,2026-05-23 00:26:41.747763-07,2026-05-23 00:26:15-07,24001,6641,14925614,0,312527,49.264015197753906,-123.1675033569336,6.171,72,48.18970543015363
2026-05-23 00:00:00,2026-05-23 00:27:12.213355-07,2026-05-23 00:26:49-07,19009,6641,14925613,0,312527,49.262901306152344,-123.10124969482422,11.0585,115,14.94318897089568
2026-05-23 00:00:00,2026-05-23 00:27:12.213355-07,2026-05-23 00:26:33-07,19020,6641,14925841,1,312530,49.26390075683594,-123.21006774902344,10.7243,113,69.0754536768225
2026-05-23 00:00:00,2026-05-23 00:27:12.213355-07,2026-05-23 00:20:11-07,19022,6641,14925840,1,312530,49.2686653137207,-123.24822998046875,13.8837,163,6.49951894941117
2026-05-23 00:00:00,2026-05-23 00:27:12.213355-07,2026-05-23 00:26:41-07,19044,6641,14925842,1,312530,49.263465881347656,-123.12606811523438,4.6192,60,40.52505911644205
2026-05-23 00:00:00,2026-05-23 00:27:12.213355-07,2026-05-23 00:26:56-07,23013,6641,14925843,1,312530,49.26238250732422,-123.06703186035156,0.2639,6,11.880016035511154
2026-05-23 00:00:00,2026-05-23 00:27:12.213355-07,2026-05-23 00:26:56-07,24001,6641,14925614,0,312527,49.264015197753906,-123.16709899902344,6.2929,73,44.64903088879582
2026-05-23 00:00:00,2026-05-23 00:27:42.750142-07,2026-05-23 00:27:20-07,19009,6641,14925613,0,312527,49.262882232666016,-123.10089874267578,11.07,116,2.9693488229709115
2026-05-23 00:00:00,2026-05-23 00:27:42.750142-07,2026-05-23 00:27:03-07,19020,6641,14925841,1,312530,49.26396560668945,-123.21465301513672,11.1454,117,18.763606713055776
2026-05-23 00:00:00,2026-05-23 00:27:42.750142-07,2026-05-23 00:20:11-07,19022,6641,14925840,1,312530,49.2686653137207,-123.24822998046875,13.8837,163,6.49951894941117
2026-05-23 00:00:00,2026-05-23 00:27:42.750142-07,2026-05-23 00:27:14-07,19044,6641,14925842,1,312530,49.26348114013672,-123.12625122070312,4.6192,60,27.964803123210352
2026-05-23 00:00:00,2026-05-23 00:27:42.750142-07,2026-05-23 00:27:03-07,23013,6641,14925843,1,312530,49.26240158081055,-123.06783294677734,0.3403,7,8.366274579941814
2026-05-23 00:00:00,2026-05-23 00:27:42.750142-07,2026-05-23 00:27:25-07,24001,6641,14925614,0,312527,49.26395034790039,-123.16263580322266,6.5897,75,16.782416088373445
2026-05-23 00:00:00,2026-05-23 00:28:13.255292-07,2026-05-23 00:27:52-07,19009,6641,14925613,0,312527,49.2628173828125,-123.0995864868164,11.1692,118,7.4932194910439085
2026-05-23 00:00:00,2026-05-23 00:28:13.255292-07,2026-05-23 00:27:34-07,19020,6641,14925841,1,312530,49.263916015625,-123.21804809570312,11.2204,120,155.90529731101427
2026-05-23 00:00:00,2026-05-23 00:28:13.255292-07,2026-05-23 00:20:11-07,19022,6641,14925840,1,312530,49.2686653137207,-123.24822998046875,13.8837,163,6.49951894941117
2026-05-23 00:00:00,2026-05-23 00:28:13.255292-07,2026-05-23 00:27:43-07,19044,6641,14925842,1,312530,49.26348114013672,-123.12644958496094,4.6192,60,14.86395249345599
2026-05-23 00:00:00,2026-05-23 00:28:13.255292-07,2026-05-23 00:27:34-07,23013,6641,14925843,1,312530,49.26241683959961,-123.06873321533203,0.4039,9,12.10657350848069
2026-05-23 00:00:00,2026-05-23 00:28:13.255292-07,2026-05-23 00:27:55-07,24001,6641,14925614,0,312527,49.26386642456055,-123.15721893310547,6.9369,77,30.85322289839155
2026-05-23 00:00:00,2026-05-23 00:28:43.878183-07,2026-05-23 00:28:22-07,19009,6641,14925613,0,312527,49.26250076293945,-123.0941162109375,11.6101,128,42.6209136287341
2026-05-23 00:00:00,2026-05-23 00:28:43.878183-07,2026-05-23 00:28:03-07,19020,6641,14925841,1,312530,49.26376724243164,-123.22356414794922,12.2434,121,463.3914663219082
2026-05-23 00:00:00,2026-05-23 00:28:43.878183-07,2026-05-23 00:28:20-07,19022,6641,14925615,0,312527,49.26744842529297,-123.24687957763672,0.1448,2,25.955528598027037
2026-05-23 00:00:00,2026-05-23 00:28:43.878183-07,2026-05-23 00:28:11-07,19044,6641,14925842,1,312530,49.26350021362305,-123.13133239746094,4.9649,62,3.1503301539751742
2026-05-23 00:00:00,2026-05-23 00:28:43.878183-07,2026-05-23 00:28:11-07,23013,6641,14925843,1,312530,49.26238250732422,-123.0689468383789,0.4162,10,7.210689504306223
2026-05-23 00:00:00,2026-05-23 00:28:43.878183-07,2026-05-23 00:28:25-07,24001,6641,14925614,0,312527,49.26380157470703,-123.1548843383789,7.1074,78,30.80620381222442
2026-05-23 00:00:00,2026-05-23 00:29:14.366584-07,2026-05-23 00:28:53-07,19009,6641,14925613,0,312527,49.26238250732422,-123.08856964111328,11.9299,131,42.490915830870726
2026-05-23 00:00:00,2026-05-23 00:29:14.366584-07,2026-05-23 00:28:35-07,19020,6641,14925841,1,312530,49.263633728027344,-123.2293472290039,12.2434,121,43.522230589921556
2026-05-23 00:00:00,2026-05-23 00:29:14.366584-07,2026-05-23 00:28:49-07,19022,6641,14925615,0,312527,49.26744842529297,-123.24690246582031,0.1448,2,27.29964267021652
2026-05-23 00:00:00,2026-05-23 00:29:14.366584-07,2026-05-23 00:28:43-07,19044,6641,14925842,1,312530,49.26351547241211,-123.13569641113281,5.3087,65,28.843267569820696
2026-05-23 00:00:00,2026-05-23 00:29:14.366584-07,2026-05-23 00:28:41-07,23013,6641,14925843,1,312530,49.26238250732422,-123.07167053222656,0.6222,14,9.525068583144476
2026-05-23 00:00:00,2026-05-23 00:29:14.366584-07,2026-05-23 00:28:49-07,24001,6641,14925614,0,312527,49.2637825012207,-123.1546859741211,7.1074,78,45.331448639168144
2026-05-23 00:00:00,2026-05-23 00:29:44.938054-07,2026-05-23 00:29:18-07,19009,6641,14925613,0,312527,49.26243209838867,-123.08806610107422,12.0717,132,63.93126663470544
2026-05-23 00:00:00,2026-05-23 00:29:44.938054-07,2026-05-23 00:29:04-07,19020,6641,14925841,1,312530,49.264984130859375,-123.23438262939453,12.5924,131,22.630532625491455
2026-05-23 00:00:00,2026-05-23 00:29:44.938054-07,2026-05-23 00:29:23-07,19022,6641,14925615,0,312527,49.26755142211914,-123.24674987792969,0.1448,2,12.057325543400145
2026-05-23 00:00:00,2026-05-23 00:29:44.938054-07,2026-05-23 00:29:13-07,19044,6641,14925842,1,312530,49.2635498046875,-123.13746643066406,5.4377,66,28.696672410405718
2026-05-23 00:00:00,2026-05-23 00:29:44.938054-07,2026-05-23 00:29:12-07,23013,6641,14925843,1,312530,49.262481689453125,-123.07740020751953,1.0367,19,11.531997779753143
2026-05-23 00:00:00,2026-05-23 00:29:44.938054-07,2026-05-23 00:29:17-07,24001,6641,14925614,0,312527,49.26371765136719,-123.1517333984375,7.3224,81,45.648210558832716
2026-05-23 00:00:00,2026-05-23 00:30:15.444252-07,2026-05-23 00:29:49-07,19009,6641,14925613,0,312527,49.26240158081055,-123.08163452148438,12.4937,135,17.93385174479849
2026-05-23 00:00:00,2026-05-23 00:30:15.444252-07,2026-05-23 00:29:33-07,19020,6641,14925841,1,312530,49.26689910888672,-123.239013671875,13.0185,142,6.883537466048719
2026-05-23 00:00:00,2026-05-23 00:30:15.444252-07,2026-05-23 00:29:53-07,19022,6641,14925615,0,312527,49.26654815673828,-123.24569702148438,0.294,3,16.668991663389185
2026-05-23 00:00:00,2026-05-23 00:30:15.444252-07,2026-05-23 00:29:42-07,19044,6641,14925842,1,312530,49.26369857788086,-123.14016723632812,5.6682,69,63.02057453041895
2026-05-23 00:00:00,2026-05-23 00:30:15.444252-07,2026-05-23 00:29:41-07,23013,6641,14925843,1,312530,49.262451171875,-123.0788803100586,1.0471,20,91.4660991373011
2026-05-23 00:00:00,2026-05-23 00:30:15.444252-07,2026-05-23 00:29:49-07,24001,6641,14925614,0,312527,49.263668060302734,-123.1478500366211,7.6286,84,22.725259108350766
2026-05-23 00:00:00,2026-05-23 00:30:46.180246-07,2026-05-23 00:30:19-07,19009,6641,14925613,0,312527,49.26228332519531,-123.07637023925781,12.8332,139,28.22779527667741
2026-05-23 00:00:00,2026-05-23 00:30:46.180246-07,2026-05-23 00:30:24-07,19020,6641,14925841,1,312530,49.266483306884766,-123.24503326416016,13.5001,151,29.81579219665066
2026-05-23 00:00:00,2026-05-23 00:30:46.180246-07,2026-05-23 00:30:22-07,19022,6641,14925615,0,312527,49.266517639160156,-123.2442855834961,0.424,7,19.54758331665644
2026-05-23 00:00:00,2026-05-23 00:30:46.180246-07,2026-05-23 00:30:19-07,19044,6641,14925842,1,312530,49.263648986816406,-123.14057922363281,5.6682,69,32.652256912980256
2026-05-23 00:00:00,2026-05-23 00:30:46.180246-07,2026-05-23 00:30:12-07,23013,6641,14925843,1,312530,49.262481689453125,-123.08448028564453,1.6033,24,57.01458872118575
2026-05-23 00:00:00,2026-05-23 00:30:46.180246-07,2026-05-23 00:30:18-07,24001,6641,14925614,0,312527,49.263668060302734,-123.1460189819336,7.8023,85,19.381292360426556
2026-05-23 00:00:00,2026-05-23 00:31:16.828088-07,2026-05-23 00:30:52-07,19009,6641,14925613,0,312527,49.26234817504883,-123.07561492919922,12.9163,140,3.8223134136288768
2026-05-23 00:00:00,2026-05-23 00:31:16.828088-07,2026-05-23 00:30:56-07,19020,6641,14925841,1,312530,49.26786804199219,-123.24676513671875,13.6795,155,4.5369645675224755
2026-05-23 00:00:00,2026-05-23 00:31:16.828088-07,2026-05-23 00:30:45-07,19022,6641,14925615,0,312527,49.26693344116211,-123.24076843261719,0.697,12,32.185523787687956
2026-05-23 00:00:00,2026-05-23 00:31:16.828088-07,2026-05-23 00:30:51-07,19044,6641,14925842,1,312530,49.263648986816406,-123.14178466796875,5.6683,70,55.116532255366664
2026-05-23 00:00:00,2026-05-23 00:31:16.828088-07,2026-05-23 00:31:10-07,23013,6641,14925843,1,312530,49.2625846862793,-123.09004974365234,1.885,26,67.35340436785738
2026-05-23 00:00:00,2026-05-23 00:31:16.828088-07,2026-05-23 00:30:50-07,24001,6641,14925614,0,312527,49.263648986816406,-123.14354705810547,7.9729,86,9.762988479445113
2026-05-23 00:00:00,2026-05-23 00:31:47.371576-07,2026-05-23 00:31:22-07,19009,6641,14925613,0,312527,49.262332916259766,-123.07008361816406,13.3378,144,21.03033704894292
2026-05-23 00:00:00,2026-05-23 00:31:47.371576-07,2026-05-23 00:31:26-07,19020,6641,14925841,1,312530,49.26861572265625,-123.24821472167969,13.8837,163,8.227424699891
2026-05-23 00:00:00,2026-05-23 00:31:47.371576-07,2026-05-23 00:31:15-07,19022,6641,14925615,0,312527,49.265716552734375,-123.2357177734375,1.0698,24,8.263386190217396
2026-05-23 00:00:00,2026-05-23 00:31:47.371576-07,2026-05-23 00:31:21-07,19044,6641,14925842,1,312530,49.26373291015625,-123.14541625976562,6.0127,72,24.96301973450071
2026-05-23 00:00:00,2026-05-23 00:31:47.371576-07,2026-05-23 00:31:23-07,23013,6641,14925843,1,312530,49.2625846862793,-123.09031677246094,2.024,27,53.81142359234228
2026-05-23 00:00:00,2026-05-23 00:31:47.371576-07,2026-05-23 00:31:19-07,24001,6641,14925614,0,312527,49.26353454589844,-123.13993072509766,8.2755,89,49.363199685825464
2026-05-23 00:00:00,2026-05-23 00:32:17.906005-07,2026-05-23 00:31:52-07,19009,6641,14925613,0,312527,49.262332916259766,-123.07003021240234,13.3378,144,17.158101622848204
2026-05-23 00:00:00,2026-05-23 00:32:17.906005-07,2026-05-23 00:31:26-07,19020,6641,14925841,1,312530,49.26861572265625,-123.24821472167969,13.8837,163,8.227424699891
2026-05-23 00:00:00,2026-05-23 00:32:17.906005-07,2026-05-23 00:31:44-07,19022,6641,14925615,0,312527,49.26358413696289,-123.23135375976562,1.4725,33,6.228701242179056
2026-05-23 00:00:00,2026-05-23 00:32:17.906005-07,2026-05-23 00:31:50-07,19044,6641,14925842,1,312530,49.26374816894531,-123.1461181640625,6.0127,72,26.705382062083533
2026-05-23 00:00:00,2026-05-23 00:32:17.906005-07,2026-05-23 00:31:52-07,23013,6641,14925843,1,312530,49.26259994506836,-123.09549713134766,2.3553,32,8.958442950718124
2026-05-23 00:00:00,2026-05-23 00:32:17.906005-07,2026-05-23 00:32:09-07,24001,6641,14925614,0,312527,49.26348114013672,-123.13638305664062,8.5063,93,23.069360144655942
2026-05-23 00:00:00,2026-05-23 00:32:48.593611-07,2026-05-23 00:32:24-07,19009,6641,14925613,0,312527,49.262901306152344,-123.06971740722656,13.4045,146,5.557921039157331
2026-05-23 00:00:00,2026-05-23 00:32:48.593611-07,2026-05-23 00:31:26-07,19020,6641,14925841,1,312530,49.26861572265625,-123.24821472167969,13.8837,163,8.227424699891
2026-05-23 00:00:00,2026-05-23 00:32:48.593611-07,2026-05-23 00:32:14-07,19022,6641,14925615,0,312527,49.26359939575195,-123.22576904296875,1.5845,36,290.4154959882859
2026-05-23 00:00:00,2026-05-23 00:32:48.593611-07,2026-05-23 00:32:21-07,19044,6641,14925842,1,312530,49.26369857788086,-123.15028381347656,6.3613,75,20.970608378007363
2026-05-23 00:00:00,2026-05-23 00:32:48.593611-07,2026-05-23 00:32:31-07,23013,6641,14925843,1,312530,49.262882232666016,-123.09778594970703,2.4628,35,56.765186061311276
2026-05-23 00:00:00,2026-05-23 00:32:48.593611-07,2026-05-23 00:32:41-07,24001,6641,14925614,0,312527,49.263465881347656,-123.1363296508789,8.5063,93,20.358453075171308
2026-05-23 00:00:00,2026-05-23 00:33:19.105782-07,2026-05-23 00:32:53-07,19009,6641,14925613,0,312527,49.26338195800781,-123.06964874267578,13.4386,148,19.131517675770006
2026-05-23 00:00:00,2026-05-23 00:33:19.105782-07,2026-05-23 00:31:26-07,19020,6641,14925841,1,312530,49.26861572265625,-123.24821472167969,13.8837,163,8.227424699891
2026-05-23 00:00:00,2026-05-23 00:33:19.105782-07,2026-05-23 00:32:45-07,19022,6641,14925615,0,312527,49.26374816894531,-123.21988677978516,2.5945,37,289.3975961915806
2026-05-23 00:00:00,2026-05-23 00:33:19.105782-07,2026-05-23 00:32:50-07,19044,6641,14925842,1,312530,49.26374816894531,-123.15264892578125,6.4957,77,20.15235361999881
2026-05-23 00:00:00,2026-05-23 00:33:19.105782-07,2026-05-23 00:33:01-07,23013,6641,14925843,1,312530,49.26285171508789,-123.09915161132812,2.6062,37,12.162702965158728
2026-05-23 00:00:00,2026-05-23 00:33:19.105782-07,2026-05-23 00:33:10-07,24001,6641,14925614,0,312527,49.26348114013672,-123.13288116455078,8.6788,94,61.0222016057841
2026-05-23 00:00:00,2026-05-23 00:33:49.661939-07,2026-05-23 00:33:37-07,19009,6641,14925844,1,312530,49.26338195800781,-123.06900024414062,0.0,1,61.851575415674084
2026-05-23 00:00:00,2026-05-23 00:33:49.661939-07,2026-05-23 00:31:26-07,19020,6641,14925841,1,312530,49.26861572265625,-123.24821472167969,13.8837,163,8.227424699891
2026-05-23 00:00:00,2026-05-23 00:33:49.661939-07,2026-05-23 00:33:15-07,19022,6641,14925615,0,312527,49.263851165771484,-123.21553039550781,2.6424,38,20.78614842249784
2026-05-23 00:00:00,2026-05-23 00:33:49.661939-07,2026-05-23 00:33:20-07,19044,6641,14925842,1,312530,49.263916015625,-123.15428161621094,6.7076,79,74.0776013814151
2026-05-23 00:00:00,2026-05-23 00:33:49.661939-07,2026-05-23 00:33:31-07,23013,6641,14925843,1,312530,49.26283264160156,-123.09916687011719,2.6062,37,13.44336625879445
2026-05-23 00:00:00,2026-05-23 00:33:49.661939-07,2026-05-23 00:33:39-07,24001,6641,14925614,0,312527,49.2634162902832,-123.1281967163086,9.0222,96,58.58810566598247
2026-05-23 00:00:00,2026-05-23 00:34:20.189822-07,2026-05-23 00:34:09-07,19009,6641,14925844,1,312530,49.26338195800781,-123.06900024414062,0.0,1,61.851575415674084
2026-05-23 00:00:00,2026-05-23 00:34:20.189822-07,2026-05-23 00:31:26-07,19020,6641,14925841,1,312530,49.26861572265625,-123.24821472167969,13.8837,163,8.227424699891
2026-05-23 00:00:00,2026-05-23 00:34:20.189822-07,2026-05-23 00:33:44-07,19022,6641,14925615,0,312527,49.263851165771484,-123.21537017822266,2.6424,38,9.165817161859673
2026-05-23 00:00:00,2026-05-23 00:34:20.189822-07,2026-05-23 00:33:45-07,19044,6641,14925842,1,312530,49.26390075683594,-123.15474700927734,6.7076,79,40.29741247949296
2026-05-23 00:00:00,2026-05-23 00:34:20.189822-07,2026-05-23 00:34:01-07,23013,6641,14925843,1,312530,49.262916564941406,-123.10169982910156,2.7564,42,47.51744101944344
2026-05-23 00:00:00,2026-05-23 00:34:20.189822-07,2026-05-23 00:34:11-07,24001,6641,14925614,0,312527,49.263450622558594,-123.12701416015625,9.1958,97,29.100462084342272
2026-05-23 00:00:00,2026-05-23 00:34:50.890142-07,2026-05-23 00:34:09-07,19009,6641,14925844,1,312530,49.26338195800781,-123.06900024414062,0.0,1,61.851575415674084
2026-05-23 00:00:00,2026-05-23 00:34:50.890142-07,2026-05-23 00:31:26-07,19020,6641,14925841,1,312530,49.26861572265625,-123.24821472167969,13.8837,163,8.227424699891
2026-05-23 00:00:00,2026-05-23 00:34:50.890142-07,2026-05-23 00:34:16-07,19022,6641,14925615,0,312527,49.263832092285156,-123.21015167236328,3.0906,44,74.79017963696062
2026-05-23 00:00:00,2026-05-23 00:34:50.890142-07,2026-05-23 00:34:17-07,19044,6641,14925842,1,312530,49.263916015625,-123.1563491821289,6.7076,79,76.44967570783712
2026-05-23 00:00:00,2026-05-23 00:34:50.890142-07,2026-05-23 00:34:32-07,23013,6641,14925843,1,312530,49.263065338134766,-123.1046142578125,3.0364,45,20.45879630441917
2026-05-23 00:00:00,2026-05-23 00:34:50.890142-07,2026-05-23 00:34:40-07,24001,6641,14925614,0,312527,49.263450622558594,-123.12460327148438,9.3737,98,32.33700296523052
2026-05-23 00:00:00,2026-05-23 00:35:21.365876-07,2026-05-23 00:34:09-07,19009,6641,14925844,1,312530,49.26338195800781,-123.06900024414062,0.0,1,61.851575415674084
2026-05-23 00:00:00,2026-05-23 00:35:21.365876-07,2026-05-23 00:31:26-07,19020,6641,14925841,1,312530,49.26861572265625,-123.24821472167969,13.8837,163,8.227424699891
2026-05-23 00:00:00,2026-05-23 00:35:21.365876-07,2026-05-23 00:34:52-07,19022,6641,14925615,0,312527,49.26380157470703,-123.2081298828125,3.0906,44,72.02048788336266
2026-05-23 00:00:00,2026-05-23 00:35:21.365876-07,2026-05-23 00:34:46-07,19044,6641,14925842,1,312530,49.263999938964844,-123.16179656982422,7.2253,82,44.552166536010574
2026-05-23 00:00:00,2026-05-23 00:35:21.365876-07,2026-05-23 00:34:55-07,23013,6641,14925843,1,312530,49.263065338134766,-123.10485076904297,3.0362,44,6.153538263842249
2026-05-23 00:00:00,2026-05-23 00:35:21.365876-07,2026-05-23 00:35:10-07,24001,6641,14925614,0,312527,49.263248443603516,-123.12049865722656,9.6854,100,44.10866263469171
2026-05-23 00:00:00,2026-05-23 00:35:52.04463-07,2026-05-23 00:34:09-07,19009,6641,14925844,1,312530,49.26338195800781,-123.06900024414062,0.0,1,61.851575415674084
2026-05-23 00:00:00,2026-05-23 00:35:52.04463-07,2026-05-23 00:31:26-07,19020,6641,14925841,1,312530,49.26861572265625,-123.24821472167969,13.8837,163,8.227424699891
2026-05-23 00:00:00,2026-05-23 00:35:52.04463-07,2026-05-23 00:35:22-07,19022,6641,14925615,0,312527,49.26369857788086,-123.20283508300781,3.5355,47,13.687493063878867
2026-05-23 00:00:00,2026-05-23 00:35:52.04463-07,2026-05-23 00:35:16-07,19044,6641,14925842,1,312530,49.26409912109375,-123.16693115234375,7.5221,84,32.760079329475595
2026-05-23 00:00:00,2026-05-23 00:35:52.04463-07,2026-05-23 00:35:25-07,23013,6641,14925843,1,312530,49.26316833496094,-123.109619140625,3.3714,48,11.182637985018864
2026-05-23 00:00:00,2026-05-23 00:35:52.04463-07,2026-05-23 00:35:35-07,24001,6641,14925614,0,312527,49.263267517089844,-123.11990356445312,9.6854,100,3.1185123478700487
2026-05-23 00:00:00,2026-05-23 00:36:22.564754-07,2026-05-23 00:34:09-07,19009,6641,14925844,1,312530,49.26338195800781,-123.06900024414062,0.0,1,61.851575415674084
2026-05-23 00:00:00,2026-05-23 00:36:22.564754-07,2026-05-23 00:31:26-07,19020,6641,14925841,1,312530,49.26861572265625,-123.24821472167969,13.8837,163,8.227424699891
2026-05-23 00:00:00,2026-05-23 00:36:22.564754-07,2026-05-23 00:35:52-07,19022,6641,14925615,0,312527,49.26361846923828,-123.1971206665039,3.9755,51,11.383881300089
2026-05-23 00:00:00,2026-05-23 00:36:22.564754-07,2026-05-23 00:35:53-07,19044,6641,14925842,1,312530,49.26409912109375,-123.16790008544922,7.644,85,18.979608854652554
2026-05-23 00:00:00,2026-05-23 00:36:22.564754-07,2026-05-23 00:35:55-07,23013,6641,14925843,1,312530,49.26321792602539,-123.1129150390625,3.6196,50,4.536471157962053
2026-05-23 00:00:00,2026-05-23 00:36:22.564754-07,2026-05-23 00:36:06-07,24001,6641,14925614,0,312527,49.26319885253906,-123.11668395996094,9.8583,102,60.93252032475559
2026-05-23 00:00:00,2026-05-23 00:36:53.217971-07,2026-05-23 00:34:09-07,19009,6641,14925844,1,312530,49.26338195800781,-123.06900024414062,0.0,1,61.851575415674084
2026-05-23 00:00:00,2026-05-23 00:36:53.217971-07,2026-05-23 00:31:26-07,19020,6641,14925841,1,312530,49.26861572265625,-123.24821472167969,13.8837,163,8.227424699891
2026-05-23 00:00:00,2026-05-23 00:36:53.217971-07,2026-05-23 00:36:23-07,19022,6641,14925615,0,312527,49.26353454589844,-123.19113159179688,4.4218,55,21.65802718269365
2026-05-23 00:00:00,2026-05-23 00:36:53.217971-07,2026-05-23 00:36:24-07,19044,6641,14925842,1,312530,49.26409912109375,-123.16798400878906,7.644,85,12.946209651696453
2026-05-23 00:00:00,2026-05-23 00:36:53.217971-07,2026-05-23 00:36:26-07,23013,6641,14925843,1,312530,49.263282775878906,-123.11473083496094,3.757,52,9.404354550250483
2026-05-23 00:00:00,2026-05-23 00:36:53.217971-07,2026-05-23 00:36:36-07,24001,6641,14925614,0,312527,49.26316833496094,-123.11434936523438,10.058,105,31.355335334961083
2026-05-23 00:00:00,2026-05-23 00:37:23.755034-07,2026-05-23 00:34:09-07,19009,6641,14925844,1,312530,49.26338195800781,-123.06900024414062,0.0,1,61.851575415674084
2026-05-23 00:00:00,2026-05-23 00:37:23.755034-07,2026-05-23 00:31:26-07,19020,6641,14925841,1,312530,49.26861572265625,-123.24821472167969,13.8837,163,8.227424699891
2026-05-23 00:00:00,2026-05-23 00:37:23.755034-07,2026-05-23 00:36:52-07,19022,6641,14925615,0,312527,49.26348114013672,-123.18623352050781,4.7818,58,24.34663145375966
2026-05-23 00:00:00,2026-05-23 00:37:23.755034-07,2026-05-23 00:36:55-07,19044,6641,14925842,1,312530,49.26416778564453,-123.17304992675781,8.0688,90,68.43443188643667
2026-05-23 00:00:00,2026-05-23 00:37:23.755034-07,2026-05-23 00:36:57-07,23013,6641,14925843,1,312530,49.26333236694336,-123.11648559570312,3.9567,55,75.61725118205305
2026-05-23 00:00:00,2026-05-23 00:37:23.755034-07,2026-05-23 00:36:59-07,24001,6641,14925614,0,312527,49.26319885253906,-123.1141357421875,10.058,105,46.60841448518952
2026-05-23 00:00:00,2026-05-23 00:37:54.344225-07,2026-05-23 00:34:09-07,19009,6641,14925844,1,312530,49.26338195800781,-123.06900024414062,0.0,1,61.851575415674084
2026-05-23 00:00:00,2026-05-23 00:37:54.344225-07,2026-05-23 00:31:26-07,19020,6641,14925841,1,312530,49.26861572265625,-123.24821472167969,13.8837,163,8.227424699891
2026-05-23 00:00:00,2026-05-23 00:37:54.344225-07,2026-05-23 00:37:22-07,19022,6641,14925615,0,312527,49.2637825012207,-123.18583679199219,4.8328,59,17.79416707140438
2026-05-23 00:00:00,2026-05-23 00:37:54.344225-07,2026-05-23 00:37:24-07,19044,6641,14925842,1,312530,49.264198303222656,-123.1756362915039,8.2077,91,19.142524108420265
2026-05-23 00:00:00,2026-05-23 00:37:54.344225-07,2026-05-23 00:37:25-07,23013,6641,14925843,1,312530,49.2633171081543,-123.11648559570312,3.9567,55,75.43056267365408
2026-05-23 00:00:00,2026-05-23 00:37:54.344225-07,2026-05-23 00:37:28-07,24001,6641,14925614,0,312527,49.26318359375,-123.11138153076172,10.3366,108,31.375714973005472
2026-05-23 00:00:00,2026-05-23 00:38:24.834656-07,2026-05-23 00:34:09-07,19009,6641,14925844,1,312530,49.26338195800781,-123.06900024414062,0.0,1,61.851575415674084
2026-05-23 00:00:00,2026-05-23 00:38:24.834656-07,2026-05-23 00:31:26-07,19020,6641,14925841,1,312530,49.26861572265625,-123.24821472167969,13.8837,163,8.227424699891
2026-05-23 00:00:00,2026-05-23 00:38:24.834656-07,2026-05-23 00:37:54-07,19022,6641,14925615,0,312527,49.26430130004883,-123.18486785888672,4.8807,60,73.76752451904977
2026-05-23 00:00:00,2026-05-23 00:38:24.834656-07,2026-05-23 00:37:55-07,19044,6641,14925842,1,312530,49.26426696777344,-123.17980194091797,8.4935,93,1.7603535194698003
2026-05-23 00:00:00,2026-05-23 00:38:24.834656-07,2026-05-23 00:37:57-07,23013,6641,14925843,1,312530,49.26333236694336,-123.11647033691406,3.9567,55,76.71645594657271
2026-05-23 00:00:00,2026-05-23 00:38:24.834656-07,2026-05-23 00:37:59-07,24001,6641,14925614,0,312527,49.26303482055664,-123.10652923583984,10.6369,111,21.94631871886513
2026-05-23 00:00:00,2026-05-23 00:38:55.462296-07,2026-05-23 00:34:09-07,19009,6641,14925844,1,312530,49.26338195800781,-123.06900024414062,0.0,1,61.851575415674084
2026-05-23 00:00:00,2026-05-23 00:38:55.462296-07,2026-05-23 00:31:26-07,19020,6641,14925841,1,312530,49.26861572265625,-123.24821472167969,13.8837,163,8.227424699891
2026-05-23 00:00:00,2026-05-23 00:38:55.462296-07,2026-05-23 00:38:22-07,19022,6641,14925615,0,312527,49.26430130004883,-123.18333435058594,5.0332,61,32.92710870049491
2026-05-23 00:00:00,2026-05-23 00:38:55.462296-07,2026-05-23 00:38:24-07,19044,6641,14925842,1,312530,49.26435089111328,-123.185302734375,8.9343,97,41.86920048324454
2026-05-23 00:00:00,2026-05-23 00:38:55.462296-07,2026-05-23 00:38:26-07,23013,6641,14925843,1,312530,49.2633171081543,-123.11648559570312,3.9567,55,75.43056267365408
2026-05-23 00:00:00,2026-05-23 00:38:55.462296-07,2026-05-23 00:38:28-07,24001,6641,14925614,0,312527,49.26300048828125,-123.1050796508789,10.7787,113,14.144513082068153
2026-05-23 00:00:00,2026-05-23 00:39:25.943904-07,2026-05-23 00:34:09-07,19009,6641,14925844,1,312530,49.26338195800781,-123.06900024414062,0.0,1,61.851575415674084
2026-05-23 00:00:00,2026-05-23 00:39:25.943904-07,2026-05-23 00:31:26-07,19020,6641,14925841,1,312530,49.26861572265625,-123.24821472167969,13.8837,163,8.227424699891
2026-05-23 00:00:00,2026-05-23 00:39:25.943904-07,2026-05-23 00:38:53-07,19022,6641,14925615,0,312527,49.264217376708984,-123.17803192138672,5.4691,65,17.086700219647156
2026-05-23 00:00:00,2026-05-23 00:39:25.943904-07,2026-05-23 00:38:54-07,19044,6641,14925842,1,312530,49.26371765136719,-123.18596649169922,8.9822,98,25.263256610344442
2026-05-23 00:00:00,2026-05-23 00:39:25.943904-07,2026-05-23 00:38:56-07,23013,6641,14925843,1,312530,49.2633171081543,-123.11647033691406,3.9567,55,76.53244915533855
2026-05-23 00:00:00,2026-05-23 00:39:25.943904-07,2026-05-23 00:38:58-07,24001,6641,14925614,0,312527,49.26296615600586,-123.10355377197266,10.919,114,43.0143084643031
2026-05-23 00:00:00,2026-05-23 00:39:56.519176-07,2026-05-23 00:34:09-07,19009,6641,14925844,1,312530,49.26338195800781,-123.06900024414062,0.0,1,61.851575415674084
2026-05-23 00:00:00,2026-05-23 00:39:56.519176-07,2026-05-23 00:31:26-07,19020,6641,14925841,1,312530,49.26861572265625,-123.24821472167969,13.8837,163,8.227424699891
2026-05-23 00:00:00,2026-05-23 00:39:56.519176-07,2026-05-23 00:39:24-07,19022,6641,14925615,0,312527,49.26413345336914,-123.1729965209961,5.8872,69,68.10686773871376
2026-05-23 00:00:00,2026-05-23 00:39:56.519176-07,2026-05-23 00:39:15-07,19044,6641,14925842,1,312530,49.26350021362305,-123.18621826171875,9.0331,99,23.337385435222597
2026-05-23 00:00:00,2026-05-23 00:39:56.519176-07,2026-05-23 00:39:27-07,23013,6641,14925843,1,312530,49.26333236694336,-123.11648559570312,3.9567,55,75.61725118205305
2026-05-23 00:00:00,2026-05-23 00:39:56.519176-07,2026-05-23 00:39:29-07,24001,6641,14925614,0,312527,49.2628173828125,-123.0999526977539,11.1139,117,25.46496618916345
2026-05-23 00:00:00,2026-05-23 00:40:27.065627-07,2026-05-23 00:34:09-07,19009,6641,14925844,1,312530,49.26338195800781,-123.06900024414062,0.0,1,61.851575415674084
2026-05-23 00:00:00,2026-05-23 00:40:27.065627-07,2026-05-23 00:31:26-07,19020,6641,14925841,1,312530,49.26861572265625,-123.24821472167969,13.8837,163,8.227424699891
2026-05-23 00:00:00,2026-05-23 00:40:27.065627-07,2026-05-23 00:39:53-07,19022,6641,14925615,0,312527,49.2640495300293,-123.16829681396484,6.171,72,10.489844735259558
2026-05-23 00:00:00,2026-05-23 00:40:27.065627-07,2026-05-23 00:39:45-07,19044,6641,14925842,1,312530,49.2635498046875,-123.19110107421875,9.3931,102,19.149115443073256
2026-05-23 00:00:00,2026-05-23 00:40:27.065627-07,2026-05-23 00:40:06-07,23013,6641,14925843,1,312530,49.2633171081543,-123.11654663085938,3.9567,55,71.02468171966353
2026-05-23 00:00:00,2026-05-23 00:40:27.065627-07,2026-05-23 00:39:57-07,24001,6641,14925614,0,312527,49.26279830932617,-123.09964752197266,11.1692,118,12.037560445581514
2026-05-23 00:00:00,2026-05-23 00:40:57.678312-07,2026-05-23 00:34:09-07,19009,6641,14925844,1,312530,49.26338195800781,-123.06900024414062,0.0,1,61.851575415674084
2026-05-23 00:00:00,2026-05-23 00:40:57.678312-07,2026-05-23 00:31:26-07,19020,6641,14925841,1,312530,49.26861572265625,-123.24821472167969,13.8837,163,8.227424699891
2026-05-23 00:00:00,2026-05-23 00:40:57.678312-07,2026-05-23 00:40:22-07,19022,6641,14925615,0,312527,49.264015197753906,-123.16751861572266,6.171,72,47.09522203902527
2026-05-23 00:00:00,2026-05-23 00:40:57.678312-07,2026-05-23 00:40:15-07,19044,6641,14925842,1,312530,49.263648986816406,-123.19678497314453,9.8395,106,13.42801468074057
2026-05-23 00:00:00,2026-05-23 00:40:57.678312-07,2026-05-23 00:40:36-07,23013,6641,14925843,1,312530,49.26338195800781,-123.12030029296875,4.1296,57,30.958414491867345
2026-05-23 00:00:00,2026-05-23 00:40:57.678312-07,2026-05-23 00:40:26-07,24001,6641,14925614,0,312527,49.26266860961914,-123.0963134765625,11.4285,124,22.984453723649082
2026-05-23 00:00:00,2026-05-23 00:41:28.165603-07,2026-05-23 00:34:09-07,19009,6641,14925844,1,312530,49.26338195800781,-123.06900024414062,0.0,1,61.851575415674084
2026-05-23 00:00:00,2026-05-23 00:41:28.165603-07,2026-05-23 00:31:26-07,19020,6641,14925841,1,312530,49.26861572265625,-123.24821472167969,13.8837,163,8.227424699891
2026-05-23 00:00:00,2026-05-23 00:41:28.165603-07,2026-05-23 00:40:48-07,19022,6641,14925615,0,312527,49.264034271240234,-123.16699981689453,6.2929,73,37.325055496161575
2026-05-23 00:00:00,2026-05-23 00:41:28.165603-07,2026-05-23 00:40:45-07,19044,6641,14925842,1,312530,49.26371765136719,-123.20303344726562,10.2794,110,3.255438335101457
2026-05-23 00:00:00,2026-05-23 00:41:28.165603-07,2026-05-23 00:41:07-07,23013,6641,14925843,1,312530,49.2634162902832,-123.12228393554688,4.2697,58,35.49811653420766
2026-05-23 00:00:00,2026-05-23 00:41:28.165603-07,2026-05-23 00:40:54-07,24001,6641,14925614,0,312527,49.26246643066406,-123.09396362304688,11.6101,128,31.891751069992136
2026-05-23 00:00:00,2026-05-23 00:41:58.693739-07,2026-05-23 00:41:20-07,19009,6641,14925844,1,312530,49.26338195800781,-123.06900024414062,0.0,1,61.851575415674084
2026-05-23 00:00:00,2026-05-23 00:41:58.693739-07,2026-05-23 00:41:19-07,19022,6641,14925615,0,312527,49.26396560668945,-123.16448211669922,6.4273,74,14.137689280205235
2026-05-23 00:00:00,2026-05-23 00:41:58.693739-07,2026-05-23 00:41:16-07,19044,6641,14925842,1,312530,49.26386642456055,-123.20894622802734,10.7243,113,13.125493149085347
2026-05-23 00:00:00,2026-05-23 00:41:58.693739-07,2026-05-23 00:41:26-07,23013,6641,14925843,1,312530,49.2634162902832,-123.12266540527344,4.2697,58,62.402920157809426
2026-05-23 00:00:00,2026-05-23 00:41:58.693739-07,2026-05-23 00:41:28-07,24001,6641,14925614,0,312527,49.26240158081055,-123.08920288085938,11.9299,131,10.209137446810074
2026-05-23 00:00:00,2026-05-23 00:42:29.198415-07,2026-05-23 00:41:50-07,19009,6641,14925844,1,312530,49.26338195800781,-123.06900024414062,0.0,1,61.851575415674084
2026-05-23 00:00:00,2026-05-23 00:42:29.198415-07,2026-05-23 00:41:48-07,19022,6641,14925615,0,312527,49.26388168334961,-123.16000366210938,6.7642,76,6.5198210703250785
2026-05-23 00:00:00,2026-05-23 00:42:29.198415-07,2026-05-23 00:41:48-07,19044,6641,14925842,1,312530,49.26388168334961,-123.21006774902344,10.7243,113,68.88668200304095
2026-05-23 00:00:00,2026-05-23 00:42:29.198415-07,2026-05-23 00:41:55-07,23013,6641,14925843,1,312530,49.26348114013672,-123.12588500976562,4.6192,60,53.91249222077206
2026-05-23 00:00:00,2026-05-23 00:42:29.198415-07,2026-05-23 00:42:01-07,24001,6641,14925614,0,312527,49.26240158081055,-123.08831787109375,11.9299,131,59.96567556715332
2026-05-23 00:00:00,2026-05-23 00:42:59.831616-07,2026-05-23 00:42:20-07,19009,6641,14925844,1,312530,49.26338195800781,-123.06900024414062,0.0,1,61.851575415674084
2026-05-23 00:00:00,2026-05-23 00:42:59.831616-07,2026-05-23 00:42:18-07,19022,6641,14925615,0,312527,49.263832092285156,-123.15564727783203,7.1074,78,25.475759267821548
2026-05-23 00:00:00,2026-05-23 00:42:59.831616-07,2026-05-23 00:42:18-07,19044,6641,14925842,1,312530,49.26396560668945,-123.21468353271484,11.1454,117,16.622773583246623
2026-05-23 00:00:00,2026-05-23 00:42:59.831616-07,2026-05-23 00:42:26-07,23013,6641,14925843,1,312530,49.26351547241211,-123.12653350830078,4.6192,60,13.662399495975112
2026-05-23 00:00:00,2026-05-23 00:42:59.831616-07,2026-05-23 00:42:31-07,24001,6641,14925614,0,312527,49.26240158081055,-123.08405303955078,12.3531,134,53.228889128926355
2026-05-23 00:00:00,2026-05-23 00:43:30.326205-07,2026-05-23 00:43:11-07,19009,6641,14925844,1,312530,49.263267517089844,-123.06871795654297,0.0,1,85.96413722327594
2026-05-23 00:00:00,2026-05-23 00:43:30.326205-07,2026-05-23 00:42:45-07,19020,6641,14925616,0,312527,49.26744842529297,-123.24690246582031,0.1448,2,27.29964267021652
2026-05-23 00:00:00,2026-05-23 00:43:30.326205-07,2026-05-23 00:42:57-07,19022,6641,14925615,0,312527,49.26376724243164,-123.1545181274414,7.1074,78,57.61375878555833
2026-05-23 00:00:00,2026-05-23 00:43:30.326205-07,2026-05-23 00:42:48-07,19044,6641,14925842,1,312530,49.26386642456055,-123.22029876708984,11.2204,120,319.3062664468552
2026-05-23 00:00:00,2026-05-23 00:43:30.326205-07,2026-05-23 00:42:55-07,23013,6641,14925843,1,312530,49.26353454589844,-123.13078308105469,4.9649,62,42.81440269862986
2026-05-23 00:00:00,2026-05-23 00:43:30.326205-07,2026-05-23 00:43:02-07,24001,6641,14925614,0,312527,49.26234817504883,-123.07879638671875,12.7679,137,85.29301704760418
2026-05-23 00:00:00,2026-05-23 00:44:00.864758-07,2026-05-23 00:43:12-07,19009,6641,14925844,1,312530,49.263267517089844,-123.06871795654297,0.0,1,85.96413722327594
2026-05-23 00:00:00,2026-05-23 00:44:00.864758-07,2026-05-23 00:43:20-07,19020,6641,14925616,0,312527,49.2675666809082,-123.24669647216797,0.1448,2,7.83840541783314
2026-05-23 00:00:00,2026-05-23 00:44:00.864758-07,2026-05-23 00:43:26-07,19022,6641,14925615,0,312527,49.2636833190918,-123.1507797241211,7.4538,83,20.321949746214862
2026-05-23 00:00:00,2026-05-23 00:44:00.864758-07,2026-05-23 00:43:19-07,19044,6641,14925842,1,312530,49.26371765136719,-123.22657012939453,12.2434,121,245.205570076622
2026-05-23 00:00:00,2026-05-23 00:44:00.864758-07,2026-05-23 00:43:26-07,23013,6641,14925843,1,312530,49.26356887817383,-123.13538360595703,5.3087,65,51.12291995213255
2026-05-23 00:00:00,2026-05-23 00:44:00.864758-07,2026-05-23 00:43:33-07,24001,6641,14925614,0,312527,49.262298583984375,-123.07628631591797,12.8332,139,33.3536606855725
2026-05-23 00:00:00,2026-05-23 00:44:31.346484-07,2026-05-23 00:44:20-07,19009,6641,14925844,1,312530,49.26238250732422,-123.06900024414062,0.4162,10,7.829274310611748
2026-05-23 00:00:00,2026-05-23 00:44:31.346484-07,2026-05-23 00:44:19-07,19020,6641,14925616,0,312527,49.266849517822266,-123.24193572998047,0.5494,9,29.968083385436444
2026-05-23 00:00:00,2026-05-23 00:44:31.346484-07,2026-05-23 00:44:26-07,19022,6641,14925615,0,312527,49.263648986816406,-123.14486694335938,7.8023,85,64.85404799498349
2026-05-23 00:00:00,2026-05-23 00:44:31.346484-07,2026-05-23 00:44:18-07,19044,6641,14925842,1,312530,49.26661682128906,-123.23760223388672,12.8898,137,23.513215364901164
2026-05-23 00:00:00,2026-05-23 00:44:31.346484-07,2026-05-23 00:44:25-07,23013,6641,14925843,1,312530,49.26361846923828,-123.1386489868164,5.4888,67,7.111954105941239
2026-05-23 00:00:00,2026-05-23 00:44:31.346484-07,2026-05-23 00:44:15-07,24001,6641,14925614,0,312527,49.2623176574707,-123.07108306884766,13.1927,143,51.15874515361008
2026-05-23 00:00:00,2026-05-23 00:45:01.966451-07,2026-05-23 00:44:52-07,19009,6641,14925844,1,312530,49.26238250732422,-123.06938171386719,0.4434,12,7.703877091862981
2026-05-23 00:00:00,2026-05-23 00:45:01.966451-07,2026-05-23 00:44:32-07,19020,6641,14925616,0,312527,49.26689910888672,-123.24150085449219,0.6275,10,16.0262995093553
2026-05-23 00:00:00,2026-05-23 00:45:01.966451-07,2026-05-23 00:44:56-07,19022,6641,14925615,0,312527,49.26359939575195,-123.14128112792969,8.1467,87,18.51179418874962
2026-05-23 00:00:00,2026-05-23 00:45:01.966451-07,2026-05-23 00:44:49-07,19044,6641,14925842,1,312530,49.266815185546875,-123.2431640625,13.2769,149,52.66724233451254
2026-05-23 00:00:00,2026-05-23 00:45:01.966451-07,2026-05-23 00:44:56-07,23013,6641,14925843,1,312530,49.26371765136719,-123.14015197753906,5.6682,69,64.46085158618186
2026-05-23 00:00:00,2026-05-23 00:45:01.966451-07,2026-05-23 00:44:45-07,24001,6641,14925614,0,312527,49.262332916259766,-123.0699691772461,13.3378,144,12.735056906603734
2026-05-23 00:00:00,2026-05-23 00:45:32.472493-07,2026-05-23 00:45:03-07,19009,6641,14925844,1,312530,49.26238250732422,-123.06956481933594,0.4772,13,17.77798288475553
2026-05-23 00:00:00,2026-05-23 00:45:32.472493-07,2026-05-23 00:45:02-07,19020,6641,14925616,0,312527,49.26613235473633,-123.23651885986328,0.9528,22,36.79620939681726
2026-05-23 00:00:00,2026-05-23 00:45:32.472493-07,2026-05-23 00:45:26-07,19022,6641,14925615,0,312527,49.26359939575195,-123.14129638671875,8.1467,87,19.614998295042586
2026-05-23 00:00:00,2026-05-23 00:45:32.472493-07,2026-05-23 00:45:25-07,19044,6641,14925842,1,312530,49.266517639160156,-123.2450180053711,13.5001,151,31.430135358199454
2026-05-23 00:00:00,2026-05-23 00:45:32.472493-07,2026-05-23 00:45:06-07,23013,6641,14925843,1,312530,49.26369857788086,-123.14053344726562,5.6682,69,36.95796215097774
2026-05-23 00:00:00,2026-05-23 00:45:32.472493-07,2026-05-23 00:45:15-07,24001,6641,14925614,0,312527,49.26333236694336,-123.06964874267578,13.4386,148,14.578270314755692
2026-05-23 00:00:00,2026-05-23 00:46:03.154028-07,2026-05-23 00:45:32-07,19009,6641,14925844,1,312530,49.26243209838867,-123.07499694824219,0.8438,16,13.881330003503937
2026-05-23 00:00:00,2026-05-23 00:46:03.154028-07,2026-05-23 00:45:32-07,19020,6641,14925616,0,312527,49.263851165771484,-123.23242950439453,1.3592,29,23.639759506145055
2026-05-23 00:00:00,2026-05-23 00:46:03.154028-07,2026-05-23 00:45:56-07,19022,6641,14925615,0,312527,49.26351547241211,-123.13996887207031,8.2755,89,52.42636851031282
2026-05-23 00:00:00,2026-05-23 00:46:03.154028-07,2026-05-23 00:45:53-07,19044,6641,14925842,1,312530,49.268165588378906,-123.24703216552734,13.7165,156,6.850193812211129
2026-05-23 00:00:00,2026-05-23 00:46:03.154028-07,2026-05-23 00:45:36-07,23013,6641,14925843,1,312530,49.26371765136719,-123.14071655273438,5.6682,69,25.23975065431465
2026-05-23 00:00:00,2026-05-23 00:46:03.154028-07,2026-05-23 00:45:44-07,24001,6641,14925614,0,312527,49.26333236694336,-123.06964874267578,13.4386,148,14.578270314755692
2026-05-23 00:00:00,2026-05-23 00:46:33.675307-07,2026-05-23 00:46:02-07,19009,6641,14925844,1,312530,49.262481689453125,-123.0779037475586,1.0471,20,22.6339409854321
2026-05-23 00:00:00,2026-05-23 00:46:33.675307-07,2026-05-23 00:46:02-07,19020,6641,14925616,0,312527,49.26359939575195,-123.22693634033203,1.5845,36,205.8095164338998
2026-05-23 00:00:00,2026-05-23 00:46:33.675307-07,2026-05-23 00:45:57-07,19022,6641,14925615,0,312527,49.26351547241211,-123.13996887207031,8.2755,89,52.42636851031282
2026-05-23 00:00:00,2026-05-23 00:46:33.675307-07,2026-05-23 00:46:24-07,19044,6641,14925842,1,312530,49.268516540527344,-123.24849700927734,13.8943,166,11.997268198000109
2026-05-23 00:00:00,2026-05-23 00:46:33.675307-07,2026-05-23 00:46:04-07,23013,6641,14925843,1,312530,49.26373291015625,-123.14318084716797,5.8421,71,18.665532125676652
2026-05-23 00:00:00,2026-05-23 00:46:33.675307-07,2026-05-23 00:46:19-07,24001,6641,14925614,0,312527,49.26321792602539,-123.068603515625,13.4386,148,85.23980069840796
2026-05-23 00:00:00,2026-05-23 00:47:04.277548-07,2026-05-23 00:46:35-07,19009,6641,14925844,1,312530,49.262481689453125,-123.07896423339844,1.2424,21,97.71999175263271
2026-05-23 00:00:00,2026-05-23 00:47:04.277548-07,2026-05-23 00:46:32-07,19020,6641,14925616,0,312527,49.26373291015625,-123.22111511230469,2.5945,37,378.5370662529719
2026-05-23 00:00:00,2026-05-23 00:47:04.277548-07,2026-05-23 00:46:29-07,19022,6641,14925615,0,312527,49.26351547241211,-123.13961791992188,8.2755,89,27.67810031482898
2026-05-23 00:00:00,2026-05-23 00:47:04.277548-07,2026-05-23 00:46:24-07,19044,6641,14925842,1,312530,49.268516540527344,-123.24849700927734,13.8943,166,11.997268198000109
2026-05-23 00:00:00,2026-05-23 00:47:04.277548-07,2026-05-23 00:46:34-07,23013,6641,14925843,1,312530,49.26374816894531,-123.14530181884766,6.0127,72,33.42607533690337
2026-05-23 00:00:00,2026-05-23 00:47:04.277548-07,2026-05-23 00:46:29-07,24001,6641,14925845,1,312530,49.26319885253906,-123.06856536865234,0.3869,8,92.72036852240318
2026-05-23 00:00:00,2026-05-23 00:47:34.899875-07,2026-05-23 00:46:35-07,19009,6641,14925844,1,312530,49.262481689453125,-123.07896423339844,1.2424,21,97.71999175263271
2026-05-23 00:00:00,2026-05-23 00:47:34.899875-07,2026-05-23 00:47:01-07,19020,6641,14925616,0,312527,49.26388168334961,-123.21541595458984,2.6424,38,12.825490575405745
2026-05-23 00:00:00,2026-05-23 00:47:34.899875-07,2026-05-23 00:46:59-07,19022,6641,14925615,0,312527,49.263450622558594,-123.13587951660156,8.5062,92,19.410973127909347
2026-05-23 00:00:00,2026-05-23 00:47:34.899875-07,2026-05-23 00:46:24-07,19044,6641,14925842,1,312530,49.268516540527344,-123.24849700927734,13.8943,166,11.997268198000109
2026-05-23 00:00:00,2026-05-23 00:47:34.899875-07,2026-05-23 00:47:05-07,23013,6641,14925843,1,312530,49.26374816894531,-123.14723205566406,6.1863,73,66.03218363836261
2026-05-23 00:00:00,2026-05-23 00:47:34.899875-07,2026-05-23 00:46:29-07,24001,6641,14925845,1,312530,49.26319885253906,-123.06856536865234,0.3869,8,92.72036852240318
2026-05-23 00:00:00,2026-05-23 00:48:05.443991-07,2026-05-23 00:47:36-07,19009,6641,14925844,1,312530,49.26256561279297,-123.09003448486328,1.885,26,65.93009712735444
2026-05-23 00:00:00,2026-05-23 00:48:05.443991-07,2026-05-23 00:47:31-07,19020,6641,14925616,0,312527,49.263816833496094,-123.21031951904297,3.0906,44,86.9945378477582
2026-05-23 00:00:00,2026-05-23 00:48:05.443991-07,2026-05-23 00:47:29-07,19022,6641,14925615,0,312527,49.263431549072266,-123.13143157958984,8.85,95,7.43643303637369
2026-05-23 00:00:00,2026-05-23 00:48:05.443991-07,2026-05-23 00:46:24-07,19044,6641,14925842,1,312530,49.268516540527344,-123.24849700927734,13.8943,166,11.997268198000109
2026-05-23 00:00:00,2026-05-23 00:48:05.443991-07,2026-05-23 00:47:35-07,23013,6641,14925843,1,312530,49.26371765136719,-123.15049743652344,6.3613,75,7.882175818313354
2026-05-23 00:00:00,2026-05-23 00:48:05.443991-07,2026-05-23 00:47:30-07,24001,6641,14925845,1,312530,49.26321792602539,-123.06855010986328,0.3869,8,94.84993131062734
2026-05-23 00:00:00,2026-05-23 00:48:35.985093-07,2026-05-23 00:48:00-07,19009,6641,14925844,1,312530,49.262550354003906,-123.09040069580078,2.024,27,47.161407677104
2026-05-23 00:00:00,2026-05-23 00:48:35.985093-07,2026-05-23 00:48:04-07,19020,6641,14925616,0,312527,49.26380157470703,-123.20811462402344,3.0906,44,73.12617390361505
2026-05-23 00:00:00,2026-05-23 00:48:35.985093-07,2026-05-23 00:48:00-07,19022,6641,14925615,0,312527,49.263431549072266,-123.12779998779297,9.1958,97,85.74408853226984
2026-05-23 00:00:00,2026-05-23 00:48:35.985093-07,2026-05-23 00:46:24-07,19044,6641,14925842,1,312530,49.268516540527344,-123.24849700927734,13.8943,166,11.997268198000109
2026-05-23 00:00:00,2026-05-23 00:48:35.985093-07,2026-05-23 00:48:05-07,23013,6641,14925843,1,312530,49.26376724243164,-123.15264892578125,6.4957,77,19.506632368345105
2026-05-23 00:00:00,2026-05-23 00:48:35.985093-07,2026-05-23 00:48:00-07,24001,6641,14925845,1,312530,49.26323318481445,-123.06855010986328,0.3869,8,96.54647510363232
2026-05-23 00:00:00,2026-05-23 00:49:06.598552-07,2026-05-23 00:48:30-07,19009,6641,14925844,1,312530,49.26276779174805,-123.09638214111328,2.4399,34,23.36937318471352
2026-05-23 00:00:00,2026-05-23 00:49:06.598552-07,2026-05-23 00:48:35-07,19020,6641,14925616,0,312527,49.26373291015625,-123.2027816772461,3.5355,47,16.678211597329767
2026-05-23 00:00:00,2026-05-23 00:49:06.598552-07,2026-05-23 00:48:31-07,19022,6641,14925615,0,312527,49.263465881347656,-123.126953125,9.1958,97,25.14307779224744
2026-05-23 00:00:00,2026-05-23 00:49:06.598552-07,2026-05-23 00:46:24-07,19044,6641,14925842,1,312530,49.268516540527344,-123.24849700927734,13.8943,166,11.997268198000109
2026-05-23 00:00:00,2026-05-23 00:49:06.598552-07,2026-05-23 00:48:35-07,23013,6641,14925843,1,312530,49.263916015625,-123.15435028076172,6.7076,79,69.11332882960161
2026-05-23 00:00:00,2026-05-23 00:49:06.598552-07,2026-05-23 00:48:31-07,24001,6641,14925845,1,312530,49.26321792602539,-123.06856536865234,0.3869,8,94.8412390386356
2026-05-23 00:00:00,2026-05-23 00:49:37.105279-07,2026-05-23 00:48:59-07,19009,6641,14925844,1,312530,49.262882232666016,-123.09784698486328,2.4628,35,61.118928551228464
2026-05-23 00:00:00,2026-05-23 00:49:37.105279-07,2026-05-23 00:49:03-07,19020,6641,14925616,0,312527,49.263648986816406,-123.1971664428711,3.9755,51,14.25629518183861
2026-05-23 00:00:00,2026-05-23 00:49:37.105279-07,2026-05-23 00:49:00-07,19022,6641,14925615,0,312527,49.263465881347656,-123.126953125,9.1958,97,25.14307779224744
2026-05-23 00:00:00,2026-05-23 00:49:37.105279-07,2026-05-23 00:46:24-07,19044,6641,14925842,1,312530,49.268516540527344,-123.24849700927734,13.8943,166,11.997268198000109
2026-05-23 00:00:00,2026-05-23 00:49:37.105279-07,2026-05-23 00:49:01-07,23013,6641,14925843,1,312530,49.263916015625,-123.1546859741211,6.7076,79,44.901765763033104
2026-05-23 00:00:00,2026-05-23 00:49:37.105279-07,2026-05-23 00:48:31-07,24001,6641,14925845,1,312530,49.26321792602539,-123.06856536865234,0.3869,8,94.8412390386356
2026-05-23 00:00:00,2026-05-23 00:50:07.629473-07,2026-05-23 00:49:29-07,19009,6641,14925844,1,312530,49.262916564941406,-123.10044860839844,2.7011,40,12.207764130635669
2026-05-23 00:00:00,2026-05-23 00:50:07.629473-07,2026-05-23 00:49:33-07,19020,6641,14925616,0,312527,49.26356887817383,-123.1915512084961,4.4218,55,51.5475837919768
2026-05-23 00:00:00,2026-05-23 00:50:07.629473-07,2026-05-23 00:49:29-07,19022,6641,14925615,0,312527,49.26340103149414,-123.12383270263672,9.3737,98,25.180310185914326
2026-05-23 00:00:00,2026-05-23 00:50:07.629473-07,2026-05-23 00:46:24-07,19044,6641,14925842,1,312530,49.268516540527344,-123.24849700927734,13.8943,166,11.997268198000109
2026-05-23 00:00:00,2026-05-23 00:50:07.629473-07,2026-05-23 00:49:30-07,23013,6641,14925843,1,312530,49.26395034790039,-123.15996551513672,7.0508,81,3.6326910779358226
2026-05-23 00:00:00,2026-05-23 00:50:07.629473-07,2026-05-23 00:48:31-07,24001,6641,14925845,1,312530,49.26321792602539,-123.06856536865234,0.3869,8,94.8412390386356
2026-05-23 00:00:00,2026-05-23 00:50:38.38542-07,2026-05-23 00:50:14-07,19009,6641,14925844,1,312530,49.2630500793457,-123.10496520996094,3.0362,44,6.946403057252686
2026-05-23 00:00:00,2026-05-23 00:50:38.38542-07,2026-05-23 00:50:03-07,19020,6641,14925616,0,312527,49.26350021362305,-123.18659973144531,4.7818,58,50.96505566531962
2026-05-23 00:00:00,2026-05-23 00:50:38.38542-07,2026-05-23 00:50:10-07,19022,6641,14925615,0,312527,49.263267517089844,-123.11936950683594,9.6854,100,38.25416842028094
2026-05-23 00:00:00,2026-05-23 00:50:38.38542-07,2026-05-23 00:46:24-07,19044,6641,14925842,1,312530,49.268516540527344,-123.24849700927734,13.8943,166,11.997268198000109
2026-05-23 00:00:00,2026-05-23 00:50:38.38542-07,2026-05-23 00:50:01-07,23013,6641,14925843,1,312530,49.2640495300293,-123.16560363769531,7.5221,84,64.02680168187533
2026-05-23 00:00:00,2026-05-23 00:50:38.38542-07,2026-05-23 00:48:31-07,24001,6641,14925845,1,312530,49.26321792602539,-123.06856536865234,0.3869,8,94.8412390386356
2026-05-23 00:00:00,2026-05-23 00:51:09.039783-07,2026-05-23 00:50:44-07,19009,6641,14925844,1,312530,49.26318359375,-123.11096954345703,3.4784,49,4.3491918745267695
2026-05-23 00:00:00,2026-05-23 00:51:09.039783-07,2026-05-23 00:50:33-07,19020,6641,14925616,0,312527,49.264068603515625,-123.18583679199219,4.8328,59,14.882588393370742
2026-05-23 00:00:00,2026-05-23 00:51:09.039783-07,2026-05-23 00:50:40-07,19022,6641,14925615,0,312527,49.26319885253906,-123.11591339111328,10.0472,103,71.72749213564158
2026-05-23 00:00:00,2026-05-23 00:51:09.039783-07,2026-05-23 00:46:24-07,19044,6641,14925842,1,312530,49.268516540527344,-123.24849700927734,13.8943,166,11.997268198000109
2026-05-23 00:00:00,2026-05-23 00:51:09.039783-07,2026-05-23 00:50:39-07,23013,6641,14925843,1,312530,49.2641487121582,-123.16788482666016,7.644,85,21.379232337916996
2026-05-23 00:00:00,2026-05-23 00:51:09.039783-07,2026-05-23 00:50:27-07,24001,6641,14925845,1,312530,49.26319885253906,-123.06856536865234,0.3869,8,92.72036852240318
2026-05-23 00:00:00,2026-05-23 00:51:39.528856-07,2026-05-23 00:51:14-07,19009,6641,14925844,1,312530,49.26323318481445,-123.11436462402344,3.757,52,30.171304395141103
2026-05-23 00:00:00,2026-05-23 00:51:39.528856-07,2026-05-23 00:51:04-07,19020,6641,14925616,0,312527,49.26430130004883,-123.18470001220703,5.0332,61,66.50760976411921
2026-05-23 00:00:00,2026-05-23 00:51:39.528856-07,2026-05-23 00:51:11-07,19022,6641,14925615,0,312527,49.26321792602539,-123.11524963378906,10.0472,103,23.58808188928861
2026-05-23 00:00:00,2026-05-23 00:51:39.528856-07,2026-05-23 00:46:24-07,19044,6641,14925842,1,312530,49.268516540527344,-123.24849700927734,13.8943,166,11.997268198000109
2026-05-23 00:00:00,2026-05-23 00:51:39.528856-07,2026-05-23 00:51:11-07,23013,6641,14925843,1,312530,49.264198303222656,-123.1728515625,7.9278,88,57.93453105092394
2026-05-23 00:00:00,2026-05-23 00:51:39.528856-07,2026-05-23 00:51:01-07,24001,6641,14925845,1,312530,49.26319885253906,-123.0685806274414,0.3869,8,92.72469950915095
2026-05-23 00:00:00,2026-05-23 00:52:10.072591-07,2026-05-23 00:51:45-07,19009,6641,14925844,1,312530,49.26333236694336,-123.11644744873047,3.9567,55,78.36568724899142
2026-05-23 00:00:00,2026-05-23 00:52:10.072591-07,2026-05-23 00:51:32-07,19020,6641,14925616,0,312527,49.26431655883789,-123.18424987792969,5.0332,61,33.80190548465291
2026-05-23 00:00:00,2026-05-23 00:52:10.072591-07,2026-05-23 00:51:42-07,19022,6641,14925615,0,312527,49.26316833496094,-123.11436462402344,10.058,105,30.257309690741312
2026-05-23 00:00:00,2026-05-23 00:52:10.072591-07,2026-05-23 00:46:24-07,19044,6641,14925842,1,312530,49.268516540527344,-123.24849700927734,13.8943,166,11.997268198000109
2026-05-23 00:00:00,2026-05-23 00:52:10.072591-07,2026-05-23 00:51:40-07,23013,6641,14925843,1,312530,49.26423263549805,-123.17603302001953,8.2077,91,10.199302264121412
2026-05-23 00:00:00,2026-05-23 00:52:10.072591-07,2026-05-23 00:51:30-07,24001,6641,14925845,1,312530,49.26319885253906,-123.06856536865234,0.3869,8,92.72036852240318
2026-05-23 00:00:00,2026-05-23 00:52:40.562599-07,2026-05-23 00:52:14-07,19009,6641,14925844,1,312530,49.26333236694336,-123.11644744873047,3.9567,55,78.36568724899142
2026-05-23 00:00:00,2026-05-23 00:52:40.562599-07,2026-05-23 00:52:02-07,19020,6641,14925616,0,312527,49.26426696777344,-123.17900085449219,5.3215,64,59.87512445879909
2026-05-23 00:00:00,2026-05-23 00:52:40.562599-07,2026-05-23 00:52:06-07,19022,6641,14925615,0,312527,49.26319885253906,-123.11408233642578,10.058,105,50.48348902710211
2026-05-23 00:00:00,2026-05-23 00:52:40.562599-07,2026-05-23 00:46:24-07,19044,6641,14925842,1,312530,49.268516540527344,-123.24849700927734,13.8943,166,11.997268198000109
2026-05-23 00:00:00,2026-05-23 00:52:40.562599-07,2026-05-23 00:52:09-07,23013,6641,14925843,1,312530,49.26431655883789,-123.18132019042969,8.6414,95,38.97728580756837
2026-05-23 00:00:00,2026-05-23 00:52:40.562599-07,2026-05-23 00:51:30-07,24001,6641,14925845,1,312530,49.26319885253906,-123.06856536865234,0.3869,8,92.72036852240318
2026-05-23 00:00:00,2026-05-23 00:53:11.242148-07,2026-05-23 00:52:45-07,19009,6641,14925844,1,312530,49.26333236694336,-123.11644744873047,3.9567,55,78.36568724899142
2026-05-23 00:00:00,2026-05-23 00:53:11.242148-07,2026-05-23 00:52:31-07,19020,6641,14925616,0,312527,49.264183044433594,-123.17369842529297,5.7463,68,21.398789239466566
2026-05-23 00:00:00,2026-05-23 00:53:11.242148-07,2026-05-23 00:52:37-07,19022,6641,14925615,0,312527,49.26318359375,-123.11146545410156,10.3366,108,37.420052242466134
2026-05-23 00:00:00,2026-05-23 00:53:11.242148-07,2026-05-23 00:46:24-07,19044,6641,14925842,1,312530,49.268516540527344,-123.24849700927734,13.8943,166,11.997268198000109
2026-05-23 00:00:00,2026-05-23 00:53:11.242148-07,2026-05-23 00:52:40-07,23013,6641,14925843,1,312530,49.26433181762695,-123.18588256835938,8.9343,97,4.253574410188451
2026-05-23 00:00:00,2026-05-23 00:53:11.242148-07,2026-05-23 00:52:31-07,24001,6641,14925845,1,312530,49.26323318481445,-123.06856536865234,0.3869,8,96.53793559113973
2026-05-23 00:00:00,2026-05-23 00:53:41.714451-07,2026-05-23 00:53:15-07,19009,6641,14925844,1,312530,49.26333236694336,-123.11644744873047,3.9567,55,78.36568724899142
2026-05-23 00:00:00,2026-05-23 00:53:41.714451-07,2026-05-23 00:53:02-07,19020,6641,14925616,0,312527,49.2640495300293,-123.16818237304688,6.171,72,3.756975239463017
2026-05-23 00:00:00,2026-05-23 00:53:41.714451-07,2026-05-23 00:53:06-07,19022,6641,14925615,0,312527,49.263084411621094,-123.10890197753906,10.4437,110,42.408816578663306
2026-05-23 00:00:00,2026-05-23 00:53:41.714451-07,2026-05-23 00:46:24-07,19044,6641,14925842,1,312530,49.268516540527344,-123.24849700927734,13.8943,166,11.997268198000109
2026-05-23 00:00:00,2026-05-23 00:53:41.714451-07,2026-05-23 00:53:23-07,23013,6641,14925843,1,312530,49.26350021362305,-123.18620300292969,9.0331,99,22.235031233280555
2026-05-23 00:00:00,2026-05-23 00:53:41.714451-07,2026-05-23 00:52:58-07,24001,6641,14925845,1,312530,49.26319885253906,-123.06856536865234,0.3869,8,92.72036852240318
2026-05-23 00:00:00,2026-05-23 00:54:12.286077-07,2026-05-23 00:53:44-07,19009,6641,14925844,1,312530,49.2633171081543,-123.1166000366211,3.9567,55,67.17202571779367
2026-05-23 00:00:00,2026-05-23 00:54:12.286077-07,2026-05-23 00:53:32-07,19020,6641,14925616,0,312527,49.264034271240234,-123.16744995117188,6.171,72,51.77350545225951
2026-05-23 00:00:00,2026-05-23 00:54:12.286077-07,2026-05-23 00:53:36-07,19022,6641,14925615,0,312527,49.26298141479492,-123.1045150756836,10.7786,112,27.086791668888768
2026-05-23 00:00:00,2026-05-23 00:54:12.286077-07,2026-05-23 00:46:24-07,19044,6641,14925842,1,312530,49.268516540527344,-123.24849700927734,13.8943,166,11.997268198000109
2026-05-23 00:00:00,2026-05-23 00:54:12.286077-07,2026-05-23 00:53:53-07,23013,6641,14925843,1,312530,49.26358413696289,-123.19093322753906,9.3931,102,6.716694894698304
2026-05-23 00:00:00,2026-05-23 00:54:12.286077-07,2026-05-23 00:53:30-07,24001,6641,14925845,1,312530,49.26321792602539,-123.06856536865234,0.3869,8,94.8412390386356
2026-05-23 00:00:00,2026-05-23 00:54:43.064535-07,2026-05-23 00:54:14-07,19009,6641,14925844,1,312530,49.2634162902832,-123.12146759033203,4.2697,58,27.78717524896942
2026-05-23 00:00:00,2026-05-23 00:54:43.064535-07,2026-05-23 00:54:01-07,19020,6641,14925616,0,312527,49.264034271240234,-123.16744995117188,6.171,72,51.77350545225951
2026-05-23 00:00:00,2026-05-23 00:54:43.064535-07,2026-05-23 00:54:06-07,19022,6641,14925615,0,312527,49.262901306152344,-123.10134887695312,11.0585,115,22.111156866646066
2026-05-23 00:00:00,2026-05-23 00:54:43.064535-07,2026-05-23 00:46:24-07,19044,6641,14925842,1,312530,49.268516540527344,-123.24849700927734,13.8943,166,11.997268198000109
2026-05-23 00:00:00,2026-05-23 00:54:43.064535-07,2026-05-23 00:54:23-07,23013,6641,14925843,1,312530,49.2636833190918,-123.19635009765625,9.8395,106,45.16319521654044
2026-05-23 00:00:00,2026-05-23 00:54:43.064535-07,2026-05-23 00:54:00-07,24001,6641,14925845,1,312530,49.26323318481445,-123.06856536865234,0.3869,8,96.53793559113973
2026-05-23 00:00:00,2026-05-23 00:55:13.686585-07,2026-05-23 00:54:48-07,19009,6641,14925844,1,312530,49.263450622558594,-123.12266540527344,4.2697,58,63.190126965462746
2026-05-23 00:00:00,2026-05-23 00:55:13.686585-07,2026-05-23 00:54:31-07,19020,6641,14925616,0,312527,49.264034271240234,-123.16744995117188,6.171,72,51.77350545225951
2026-05-23 00:00:00,2026-05-23 00:55:13.686585-07,2026-05-23 00:54:49-07,19022,6641,14925615,0,312527,49.26279830932617,-123.09902954101562,11.2087,120,6.823731231747648
2026-05-23 00:00:00,2026-05-23 00:55:13.686585-07,2026-05-23 00:46:24-07,19044,6641,14925842,1,312530,49.268516540527344,-123.24849700927734,13.8943,166,11.997268198000109
2026-05-23 00:00:00,2026-05-23 00:55:13.686585-07,2026-05-23 00:54:51-07,23013,6641,14925843,1,312530,49.26374816894531,-123.20198059082031,10.2794,110,74.77216305326091
2026-05-23 00:00:00,2026-05-23 00:55:13.686585-07,2026-05-23 00:54:30-07,24001,6641,14925845,1,312530,49.26321792602539,-123.06855010986328,0.3869,8,94.84993131062734
2026-05-23 00:00:00,2026-05-23 00:55:44.18516-07,2026-05-23 00:55:19-07,19009,6641,14925844,1,312530,49.26350021362305,-123.12629699707031,4.6192,60,25.606769139354252
2026-05-23 00:00:00,2026-05-23 00:55:44.18516-07,2026-05-23 00:55:17-07,19020,6641,14925616,0,312527,49.264034271240234,-123.16693115234375,6.2929,73,32.34887016079745
2026-05-23 00:00:00,2026-05-23 00:55:44.18516-07,2026-05-23 00:55:20-07,19022,6641,14925615,0,312527,49.26250076293945,-123.0949478149414,11.5065,127,2.0504824860768815
2026-05-23 00:00:00,2026-05-23 00:55:44.18516-07,2026-05-23 00:46:24-07,19044,6641,14925842,1,312530,49.268516540527344,-123.24849700927734,13.8943,166,11.997268198000109
2026-05-23 00:00:00,2026-05-23 00:55:44.18516-07,2026-05-23 00:55:23-07,23013,6641,14925843,1,312530,49.263851165771484,-123.20774841308594,10.7243,113,99.6135980469079
2026-05-23 00:00:00,2026-05-23 00:55:44.18516-07,2026-05-23 00:55:00-07,24001,6641,14925845,1,312530,49.26319885253906,-123.06856536865234,0.3869,8,92.72036852240318
2026-05-23 00:00:00,2026-05-23 00:56:14.779379-07,2026-05-23 00:55:48-07,19009,6641,14925844,1,312530,49.26350021362305,-123.12903594970703,4.7927,61,6.692349083239644
2026-05-23 00:00:00,2026-05-23 00:56:14.779379-07,2026-05-23 00:55:47-07,19020,6641,14925616,0,312527,49.26396560668945,-123.16218566894531,6.5897,75,16.39263197998509
2026-05-23 00:00:00,2026-05-23 00:56:14.779379-07,2026-05-23 00:55:50-07,19022,6641,14925615,0,312527,49.26243209838867,-123.09061431884766,11.791,130,31.837713351452305
2026-05-23 00:00:00,2026-05-23 00:56:14.779379-07,2026-05-23 00:46:24-07,19044,6641,14925842,1,312530,49.268516540527344,-123.24849700927734,13.8943,166,11.997268198000109
2026-05-23 00:00:00,2026-05-23 00:56:14.779379-07,2026-05-23 00:55:41-07,23013,6641,14925843,1,312530,49.26390075683594,-123.21092987060547,10.9433,114,87.04321042523573
2026-05-23 00:00:00,2026-05-23 00:56:14.779379-07,2026-05-23 00:55:30-07,24001,6641,14925845,1,312530,49.26321792602539,-123.06856536865234,0.3869,8,94.8412390386356
2026-05-23 00:00:00,2026-05-23 00:56:45.266742-07,2026-05-23 00:56:19-07,19009,6641,14925844,1,312530,49.26351547241211,-123.13556671142578,5.3087,65,38.149276157721744
2026-05-23 00:00:00,2026-05-23 00:56:45.266742-07,2026-05-23 00:56:18-07,19020,6641,14925616,0,312527,49.263851165771484,-123.15673065185547,6.9369,77,66.28055679416336
2026-05-23 00:00:00,2026-05-23 00:56:45.266742-07,2026-05-23 00:56:19-07,19022,6641,14925615,0,312527,49.26240158081055,-123.08941650390625,11.9299,131,22.29892606516988
2026-05-23 00:00:00,2026-05-23 00:56:45.266742-07,2026-05-23 00:56:10-07,23013,6641,14925843,1,312530,49.26393127441406,-123.21196746826172,10.9433,114,13.034348423504973
2026-05-23 00:00:00,2026-05-23 00:56:45.266742-07,2026-05-23 00:55:30-07,24001,6641,14925845,1,312530,49.26321792602539,-123.06856536865234,0.3869,8,94.8412390386356
2026-05-23 00:00:00,2026-05-23 00:57:15.994712-07,2026-05-23 00:56:48-07,19009,6641,14925844,1,312530,49.263633728027344,-123.13890075683594,5.4888,67,25.07949971301184
2026-05-23 00:00:00,2026-05-23 00:57:15.994712-07,2026-05-23 00:56:56-07,19020,6641,14925616,0,312527,49.26380157470703,-123.1545639038086,7.1074,78,53.74868110428257
2026-05-23 00:00:00,2026-05-23 00:57:15.994712-07,2026-05-23 00:56:44-07,19022,6641,14925615,0,312527,49.26243209838867,-123.0871810913086,12.0717,132,4.23622134208017
2026-05-23 00:00:00,2026-05-23 00:57:15.994712-07,2026-05-23 00:56:40-07,23013,6641,14925843,1,312530,49.26398468017578,-123.21540069580078,11.1722,119,11.768783711540149
2026-05-23 00:00:00,2026-05-23 00:57:15.994712-07,2026-05-23 00:56:31-07,24001,6641,14925845,1,312530,49.26321792602539,-123.06856536865234,0.3869,8,94.8412390386356
2026-05-23 00:00:00,2026-05-23 00:57:46.537849-07,2026-05-23 00:57:36-07,19009,6641,14925844,1,312530,49.2636833190918,-123.14054870605469,5.6682,69,35.48146779901816
2026-05-23 00:00:00,2026-05-23 00:57:46.537849-07,2026-05-23 00:57:26-07,19020,6641,14925616,0,312527,49.26371765136719,-123.15129852294922,7.4538,83,55.216288244649355
2026-05-23 00:00:00,2026-05-23 00:57:46.537849-07,2026-05-23 00:57:13-07,19022,6641,14925615,0,312527,49.26240158081055,-123.0822982788086,12.4937,135,65.9609671579921
2026-05-23 00:00:00,2026-05-23 00:57:46.537849-07,2026-05-23 00:57:41-07,23013,6641,14925843,1,312530,49.26374816894531,-123.22563171386719,12.2434,121,313.3803129132483
2026-05-23 00:00:00,2026-05-23 00:57:46.537849-07,2026-05-23 00:57:27-07,24001,6641,14925845,1,312530,49.26316833496094,-123.06839752197266,0.3869,8,90.17930209699777
2026-05-23 00:00:00,2026-05-23 00:58:17.20537-07,2026-05-23 00:58:07-07,19009,6641,14925844,1,312530,49.2636833190918,-123.1407470703125,5.6682,69,21.65812741059292
2026-05-23 00:00:00,2026-05-23 00:58:17.20537-07,2026-05-23 00:57:57-07,19020,6641,14925616,0,312527,49.2636833190918,-123.14788055419922,7.6286,84,20.062149717831367
2026-05-23 00:00:00,2026-05-23 00:58:17.20537-07,2026-05-23 00:57:43-07,19022,6641,14925615,0,312527,49.26234817504883,-123.07806396484375,12.7679,137,32.38464813043387
2026-05-23 00:00:00,2026-05-23 00:58:17.20537-07,2026-05-23 00:57:45-07,19044,6641,14925617,0,312527,49.267433166503906,-123.24691772460938,0.1448,2,29.188652737194204
2026-05-23 00:00:00,2026-05-23 00:58:17.20537-07,2026-05-23 00:58:11-07,23013,6641,14925843,1,312530,49.2636833190918,-123.23114776611328,12.3498,126,17.857055407380226
2026-05-23 00:00:00,2026-05-23 00:58:17.20537-07,2026-05-23 00:57:58-07,24001,6641,14925845,1,312530,49.26246643066406,-123.06683349609375,0.2471,4,4.132748976384607
2026-05-23 00:00:00,2026-05-23 00:58:47.692646-07,2026-05-23 00:58:37-07,19009,6641,14925844,1,312530,49.26376724243164,-123.14520263671875,6.0127,72,40.87540440742748
2026-05-23 00:00:00,2026-05-23 00:58:47.692646-07,2026-05-23 00:58:28-07,19020,6641,14925616,0,312527,49.263648986816406,-123.14326477050781,7.9729,86,10.924865070562474
2026-05-23 00:00:00,2026-05-23 00:58:47.692646-07,2026-05-23 00:58:40-07,19022,6641,14925615,0,312527,49.2623176574707,-123.0759506225586,12.9163,140,27.383671070210678
2026-05-23 00:00:00,2026-05-23 00:58:47.692646-07,2026-05-23 00:58:25-07,19044,6641,14925617,0,312527,49.2675666809082,-123.2466812133789,0.1448,2,6.7972657466323785
2026-05-23 00:00:00,2026-05-23 00:58:47.692646-07,2026-05-23 00:58:39-07,23013,6641,14925843,1,312530,49.26570129394531,-123.23546600341797,12.733,134,6.913158282100943
2026-05-23 00:00:00,2026-05-23 00:58:47.692646-07,2026-05-23 00:58:29-07,24001,6641,14925845,1,312530,49.26240158081055,-123.06873321533203,0.4039,9,10.518724729685353
2026-05-23 00:00:00,2026-05-23 00:59:18.338608-07,2026-05-23 00:59:07-07,19009,6641,14925844,1,312530,49.26373291015625,-123.14555358886719,6.0127,72,15.155096595902469
2026-05-23 00:00:00,2026-05-23 00:59:18.338608-07,2026-05-23 00:58:58-07,19020,6641,14925616,0,312527,49.263633728027344,-123.14125061035156,8.1467,87,16.373572283611225
2026-05-23 00:00:00,2026-05-23 00:59:18.338608-07,2026-05-23 00:59:10-07,19022,6641,14925615,0,312527,49.2623176574707,-123.07083129882812,13.1927,143,69.40810676157061
2026-05-23 00:00:00,2026-05-23 00:59:18.338608-07,2026-05-23 00:58:54-07,19044,6641,14925617,0,312527,49.26654815673828,-123.24568176269531,0.294,3,16.399859607127052
2026-05-23 00:00:00,2026-05-23 00:59:18.338608-07,2026-05-23 00:59:11-07,23013,6641,14925843,1,312530,49.267051696777344,-123.24044799804688,13.1057,144,23.050379701340287
2026-05-23 00:00:00,2026-05-23 00:59:18.338608-07,2026-05-23 00:58:58-07,24001,6641,14925845,1,312530,49.26241683959961,-123.06878662109375,0.4039,9,11.435679503539161
2026-05-23 00:00:00,2026-05-23 00:59:48.813387-07,2026-05-23 00:59:35-07,19009,6641,14925844,1,312530,49.26369857788086,-123.14826965332031,6.1863,73,10.445816075016777
2026-05-23 00:00:00,2026-05-23 00:59:48.813387-07,2026-05-23 00:59:28-07,19020,6641,14925616,0,312527,49.26361846923828,-123.14115142822266,8.1467,87,9.042619778056105
2026-05-23 00:00:00,2026-05-23 00:59:48.813387-07,2026-05-23 00:59:40-07,19022,6641,14925615,0,312527,49.2623176574707,-123.07005310058594,13.3378,144,18.824622354630705
2026-05-23 00:00:00,2026-05-23 00:59:48.813387-07,2026-05-23 00:59:24-07,19044,6641,14925617,0,312527,49.2663688659668,-123.24508666992188,0.3246,5,19.322075838022027
2026-05-23 00:00:00,2026-05-23 00:59:48.813387-07,2026-05-23 00:59:39-07,23013,6641,14925843,1,312530,49.26661682128906,-123.24459838867188,13.4017,150,34.539809520315735
2026-05-23 00:00:00,2026-05-23 00:59:48.813387-07,2026-05-23 00:59:27-07,24001,6641,14925845,1,312530,49.262367248535156,-123.07176971435547,0.6222,14,2.9737985872456463
2026-05-23 00:00:00,2026-05-23 01:00:19.351922-07,2026-05-23 01:00:06-07,19009,6641,14925844,1,312530,49.2637825012207,-123.15242004394531,6.4957,77,3.979143983921879
2026-05-23 00:00:00,2026-05-23 01:00:19.351922-07,2026-05-23 01:00:01-07,19020,6641,14925616,0,312527,49.2635498046875,-123.13971710205078,8.2755,89,33.77950784385727
2026-05-23 00:00:00,2026-05-23 01:00:19.351922-07,2026-05-23 01:00:11-07,19022,6641,14925615,0,312527,49.26301574707031,-123.0696792602539,13.4154,147,7.511518565761289
2026-05-23 00:00:00,2026-05-23 01:00:19.351922-07,2026-05-23 00:59:54-07,19044,6641,14925617,0,312527,49.266849517822266,-123.24189758300781,0.5494,9,32.69455980628414
2026-05-23 00:00:00,2026-05-23 01:00:19.351922-07,2026-05-23 01:00:07-07,23013,6641,14925843,1,312530,49.266517639160156,-123.24506378173828,13.5001,151,28.178596534105715
2026-05-23 00:00:00,2026-05-23 01:00:19.351922-07,2026-05-23 00:59:58-07,24001,6641,14925845,1,312530,49.26243209838867,-123.07606506347656,0.8986,17,35.461478537675916
2026-05-23 00:00:00,2026-05-23 01:00:49.828273-07,2026-05-23 01:00:38-07,19009,6641,14925844,1,312530,49.26393127441406,-123.15443420410156,6.7076,79,63.23695905385691
2026-05-23 00:00:00,2026-05-23 01:00:49.828273-07,2026-05-23 01:00:31-07,19020,6641,14925616,0,312527,49.26348114013672,-123.13825225830078,8.3261,90,25.475746432158054
2026-05-23 00:00:00,2026-05-23 01:00:49.828273-07,2026-05-23 01:00:41-07,19022,6641,14925615,0,312527,49.26350021362305,-123.0697021484375,13.4776,149,10.473828401385454
2026-05-23 00:00:00,2026-05-23 01:00:49.828273-07,2026-05-23 01:00:16-07,19044,6641,14925617,0,312527,49.26689910888672,-123.24141693115234,0.6275,10,9.937774552760398
2026-05-23 00:00:00,2026-05-23 01:00:49.828273-07,2026-05-23 01:00:35-07,23013,6641,14925843,1,312530,49.26805114746094,-123.24690246582031,13.7165,156,10.289299262311053
2026-05-23 00:00:00,2026-05-23 01:00:49.828273-07,2026-05-23 00:59:58-07,24001,6641,14925845,1,312530,49.26243209838867,-123.07606506347656,0.8986,17,35.461478537675916
2026-05-23 00:00:00,2026-05-23 01:01:20.481086-07,2026-05-23 01:00:54-07,19009,6641,14925844,1,312530,49.26390075683594,-123.15480041503906,6.7076,79,36.44799075344225
2026-05-23 00:00:00,2026-05-23 01:01:20.481086-07,2026-05-23 01:01:01-07,19020,6641,14925616,0,312527,49.26350021362305,-123.13410186767578,8.6788,94,27.79694269040455
2026-05-23 00:00:00,2026-05-23 01:01:20.481086-07,2026-05-23 01:00:45-07,19022,6641,14925615,0,312527,49.26353454589844,-123.0697021484375,13.4776,149,7.347798516298293
2026-05-23 00:00:00,2026-05-23 01:01:20.481086-07,2026-05-23 01:00:46-07,19044,6641,14925617,0,312527,49.26616668701172,-123.23663330078125,0.9528,22,27.667335260907457
2026-05-23 00:00:00,2026-05-23 01:01:20.481086-07,2026-05-23 01:01:06-07,23013,6641,14925843,1,312530,49.268550872802734,-123.24811553955078,13.8943,166,16.67330733693075
2026-05-23 00:00:00,2026-05-23 01:01:20.481086-07,2026-05-23 01:01:06-07,24001,6641,14925845,1,312530,49.262481689453125,-123.08625030517578,1.7432,25,67.98390114627917
2026-05-23 00:00:00,2026-05-23 01:01:51.041676-07,2026-05-23 01:01:23-07,19009,6641,14925844,1,312530,49.26398468017578,-123.16178131103516,7.2253,82,45.61994702401458
2026-05-23 00:00:00,2026-05-23 01:01:51.041676-07,2026-05-23 01:01:29-07,19020,6641,14925616,0,312527,49.263465881347656,-123.12896728515625,9.0222,96,3.554766355584241
2026-05-23 00:00:00,2026-05-23 01:01:51.041676-07,2026-05-23 01:01:33-07,19022,6641,14925615,0,312527,49.263282775878906,-123.06883239746094,13.4386,148,68.84867283734258
2026-05-23 00:00:00,2026-05-23 01:01:51.041676-07,2026-05-23 01:01:15-07,19044,6641,14925617,0,312527,49.26376724243164,-123.23221588134766,1.4103,30,10.048488694121973
2026-05-23 00:00:00,2026-05-23 01:01:51.041676-07,2026-05-23 01:01:06-07,23013,6641,14925843,1,312530,49.268550872802734,-123.24811553955078,13.8943,166,16.67330733693075
2026-05-23 00:00:00,2026-05-23 01:01:51.041676-07,2026-05-23 01:01:36-07,24001,6641,14925845,1,312530,49.26256561279297,-123.0898666381836,1.885,26,53.899361741386194
2026-05-23 00:00:00,2026-05-23 01:02:21.651569-07,2026-05-23 01:01:56-07,19009,6641,14925844,1,312530,49.26413345336914,-123.16756439208984,7.644,85,43.62579159434747
2026-05-23 00:00:00,2026-05-23 01:02:21.651569-07,2026-05-23 01:02:02-07,19020,6641,14925616,0,312527,49.263465881347656,-123.12715148925781,9.1958,97,39.20896559100232
2026-05-23 00:00:00,2026-05-23 01:02:21.651569-07,2026-05-23 01:02:06-07,19022,6641,14925615,0,312527,49.263282775878906,-123.06883239746094,13.4386,148,68.84867283734258
2026-05-23 00:00:00,2026-05-23 01:02:21.651569-07,2026-05-23 01:01:45-07,19044,6641,14925617,0,312527,49.26359939575195,-123.22653198242188,1.5845,36,235.10953146925849
2026-05-23 00:00:00,2026-05-23 01:02:21.651569-07,2026-05-23 01:01:06-07,23013,6641,14925843,1,312530,49.268550872802734,-123.24811553955078,13.8943,166,16.67330733693075
2026-05-23 00:00:00,2026-05-23 01:02:21.651569-07,2026-05-23 01:02:08-07,24001,6641,14925845,1,312530,49.26256561279297,-123.0902328491211,2.024,27,59.45873811638277
2026-05-23 00:00:00,2026-05-23 01:02:52.159948-07,2026-05-23 01:02:25-07,19009,6641,14925844,1,312530,49.26411819458008,-123.16799926757812,7.644,85,12.412398777032355
2026-05-23 00:00:00,2026-05-23 01:02:52.159948-07,2026-05-23 01:02:31-07,19020,6641,14925616,0,312527,49.263450622558594,-123.1253662109375,9.3737,98,86.85356513202858
2026-05-23 00:00:00,2026-05-23 01:02:52.159948-07,2026-05-23 01:02:35-07,19022,6641,14925615,0,312527,49.263282775878906,-123.06883239746094,13.4386,148,68.84867283734258
2026-05-23 00:00:00,2026-05-23 01:02:52.159948-07,2026-05-23 01:02:16-07,19044,6641,14925617,0,312527,49.26374816894531,-123.22055053710938,2.5945,37,337.5368564852282
2026-05-23 00:00:00,2026-05-23 01:02:52.159948-07,2026-05-23 01:01:06-07,23013,6641,14925843,1,312530,49.268550872802734,-123.24811553955078,13.8943,166,16.67330733693075
2026-05-23 00:00:00,2026-05-23 01:02:52.159948-07,2026-05-23 01:02:38-07,24001,6641,14925845,1,312530,49.26256561279297,-123.09443664550781,2.3085,30,37.75424105991636
2026-05-23 00:00:00,2026-05-23 01:03:22.806058-07,2026-05-23 01:02:55-07,19009,6641,14925844,1,312530,49.264183044433594,-123.17362976074219,8.0687,89,26.376809931611994
2026-05-23 00:00:00,2026-05-23 01:03:22.806058-07,2026-05-23 01:03:01-07,19020,6641,14925616,0,312527,49.263301849365234,-123.12135314941406,9.5453,99,33.84593646527046
2026-05-23 00:00:00,2026-05-23 01:03:22.806058-07,2026-05-23 01:03:04-07,19022,6641,14925615,0,312527,49.263282775878906,-123.06883239746094,13.4386,148,68.84867283734258
2026-05-23 00:00:00,2026-05-23 01:03:22.806058-07,2026-05-23 01:02:45-07,19044,6641,14925617,0,312527,49.263851165771484,-123.21573638916016,2.5945,37,12.021050494155457
2026-05-23 00:00:00,2026-05-23 01:03:22.806058-07,2026-05-23 01:01:06-07,23013,6641,14925843,1,312530,49.268550872802734,-123.24811553955078,13.8943,166,16.67330733693075
2026-05-23 00:00:00,2026-05-23 01:03:22.806058-07,2026-05-23 01:03:07-07,24001,6641,14925845,1,312530,49.262882232666016,-123.09771728515625,2.4628,35,51.882455514094225
2026-05-23 00:00:00,2026-05-23 01:03:53.336047-07,2026-05-23 01:03:24-07,19009,6641,14925844,1,312530,49.26430130004883,-123.18067932128906,8.4936,94,61.944473256993355
2026-05-23 00:00:00,2026-05-23 01:03:53.336047-07,2026-05-23 01:03:14-07,19020,6641,14925616,0,312527,49.263282775878906,-123.11941528320312,9.6854,100,34.836713535474665
2026-05-23 00:00:00,2026-05-23 01:03:53.336047-07,2026-05-23 01:03:34-07,19022,6641,14925615,0,312527,49.263282775878906,-123.06883239746094,13.4386,148,68.84867283734258
2026-05-23 00:00:00,2026-05-23 01:03:53.336047-07,2026-05-23 01:03:15-07,19044,6641,14925617,0,312527,49.26390075683594,-123.2130355834961,2.8302,42,24.458518466535374
2026-05-23 00:00:00,2026-05-23 01:03:53.336047-07,2026-05-23 01:01:06-07,23013,6641,14925843,1,312530,49.268550872802734,-123.24811553955078,13.8943,166,16.67330733693075
2026-05-23 00:00:00,2026-05-23 01:03:53.336047-07,2026-05-23 01:03:27-07,24001,6641,14925845,1,312530,49.26286697387695,-123.09781646728516,2.4628,35,58.653150135922026
2026-05-23 00:00:00,2026-05-23 01:04:23.874712-07,2026-05-23 01:03:54-07,19009,6641,14925844,1,312530,49.264381408691406,-123.18561553955078,8.9343,97,19.159376030181146
2026-05-23 00:00:00,2026-05-23 01:04:23.874712-07,2026-05-23 01:03:43-07,19020,6641,14925616,0,312527,49.263248443603516,-123.11756896972656,9.8582,101,3.485179185419031
2026-05-23 00:00:00,2026-05-23 01:04:23.874712-07,2026-05-23 01:04:05-07,19022,6641,14925615,0,312527,49.263282775878906,-123.06883239746094,13.4386,148,68.84867283734258
2026-05-23 00:00:00,2026-05-23 01:04:23.874712-07,2026-05-23 01:03:51-07,19044,6641,14925617,0,312527,49.263816833496094,-123.2072525024414,3.3113,45,84.40388097568923
2026-05-23 00:00:00,2026-05-23 01:04:23.874712-07,2026-05-23 01:01:06-07,23013,6641,14925843,1,312530,49.268550872802734,-123.24811553955078,13.8943,166,16.67330733693075
2026-05-23 00:00:00,2026-05-23 01:04:23.874712-07,2026-05-23 01:03:59-07,24001,6641,14925845,1,312530,49.262901306152344,-123.100830078125,2.745,41,4.268474706394731
2026-05-23 00:00:00,2026-05-23 01:04:54.368795-07,2026-05-23 01:04:25-07,19009,6641,14925844,1,312530,49.26423263549805,-123.18586730957031,8.9343,97,15.297773306786926
2026-05-23 00:00:00,2026-05-23 01:04:54.368795-07,2026-05-23 01:04:15-07,19020,6641,14925616,0,312527,49.26318359375,-123.11458587646484,10.058,105,14.124734532207984
2026-05-23 00:00:00,2026-05-23 01:04:54.368795-07,2026-05-23 01:04:34-07,19022,6641,14925615,0,312527,49.263282775878906,-123.06883239746094,13.4386,148,68.84867283734258
2026-05-23 00:00:00,2026-05-23 01:04:54.368795-07,2026-05-23 01:04:20-07,19044,6641,14925617,0,312527,49.26371765136719,-123.20138549804688,3.7478,48,93.66591044921942
2026-05-23 00:00:00,2026-05-23 01:04:54.368795-07,2026-05-23 01:01:06-07,23013,6641,14925843,1,312530,49.268550872802734,-123.24811553955078,13.8943,166,16.67330733693075
2026-05-23 00:00:00,2026-05-23 01:04:54.368795-07,2026-05-23 01:04:28-07,24001,6641,14925845,1,312530,49.26298141479492,-123.1034164428711,2.896,43,33.087828156309044
2026-05-23 00:00:00,2026-05-23 01:05:25.007726-07,2026-05-23 01:04:46-07,19009,6641,14925844,1,312530,49.26351547241211,-123.186767578125,9.0331,99,63.216148446250926
2026-05-23 00:00:00,2026-05-23 01:05:25.007726-07,2026-05-23 01:04:46-07,19020,6641,14925616,0,312527,49.26321792602539,-123.1140365600586,10.058,105,53.824237072656715
2026-05-23 00:00:00,2026-05-23 01:05:25.007726-07,2026-05-23 01:05:04-07,19022,6641,14925615,0,312527,49.263282775878906,-123.06883239746094,13.4386,148,68.84867283734258
2026-05-23 00:00:00,2026-05-23 01:05:25.007726-07,2026-05-23 01:04:49-07,19044,6641,14925617,0,312527,49.263648986816406,-123.19715118408203,3.9755,51,13.149208112370413
2026-05-23 00:00:00,2026-05-23 01:05:25.007726-07,2026-05-23 01:01:06-07,23013,6641,14925843,1,312530,49.268550872802734,-123.24811553955078,13.8943,166,16.67330733693075
2026-05-23 00:00:00,2026-05-23 01:05:25.007726-07,2026-05-23 01:05:01-07,24001,6641,14925845,1,312530,49.263065338134766,-123.10543060302734,3.0362,44,39.91322017671626
2026-05-23 00:00:00,2026-05-23 01:05:55.510092-07,2026-05-23 01:05:17-07,19009,6641,14925844,1,312530,49.26358413696289,-123.19208526611328,9.3931,102,90.2902389251651
2026-05-23 00:00:00,2026-05-23 01:05:55.510092-07,2026-05-23 01:05:17-07,19020,6641,14925616,0,312527,49.26321792602539,-123.11311340332031,10.1954,107,16.610216113684306
2026-05-23 00:00:00,2026-05-23 01:05:55.510092-07,2026-05-23 01:05:38-07,19022,6641,14925846,1,312530,49.263282775878906,-123.06883239746094,0.0,1,78.10808662377839
2026-05-23 00:00:00,2026-05-23 01:05:55.510092-07,2026-05-23 01:05:20-07,19044,6641,14925617,0,312527,49.263633728027344,-123.19591522216797,4.0712,52,18.813592206497447
2026-05-23 00:00:00,2026-05-23 01:05:55.510092-07,2026-05-23 01:01:06-07,23013,6641,14925843,1,312530,49.268550872802734,-123.24811553955078,13.8943,166,16.67330733693075
2026-05-23 00:00:00,2026-05-23 01:05:55.510092-07,2026-05-23 01:05:31-07,24001,6641,14925845,1,312530,49.26313400268555,-123.10890197753906,3.3714,48,42.26272721755487
2026-05-23 00:00:00,2026-05-23 01:06:26.017552-07,2026-05-23 01:05:47-07,19009,6641,14925844,1,312530,49.2636833190918,-123.19851684570312,9.8395,106,112.3171351899395
2026-05-23 00:00:00,2026-05-23 01:06:26.017552-07,2026-05-23 01:05:48-07,19020,6641,14925616,0,312527,49.26319885253906,-123.11150360107422,10.3366,108,40.38384323614266
2026-05-23 00:00:00,2026-05-23 01:06:26.017552-07,2026-05-23 01:05:42-07,19022,6641,14925846,1,312530,49.263282775878906,-123.06883239746094,0.0,1,78.10808662377839
2026-05-23 00:00:00,2026-05-23 01:06:26.017552-07,2026-05-23 01:05:51-07,19044,6641,14925617,0,312527,49.2635498046875,-123.18997955322266,4.422,56,62.51580481256885
2026-05-23 00:00:00,2026-05-23 01:06:26.017552-07,2026-05-23 01:01:06-07,23013,6641,14925843,1,312530,49.268550872802734,-123.24811553955078,13.8943,166,16.67330733693075
2026-05-23 00:00:00,2026-05-23 01:06:26.017552-07,2026-05-23 01:06:01-07,24001,6641,14925845,1,312530,49.26321792602539,-123.11215209960938,3.6196,50,53.85562215204392
2026-05-23 00:00:00,2026-05-23 01:06:56.631017-07,2026-05-23 01:06:16-07,19009,6641,14925844,1,312530,49.2637825012207,-123.2049331665039,10.5037,112,83.94897660591859
2026-05-23 00:00:00,2026-05-23 01:06:56.631017-07,2026-05-23 01:06:18-07,19020,6641,14925616,0,312527,49.26303482055664,-123.10649871826172,10.6369,111,24.156318237956675
2026-05-23 00:00:00,2026-05-23 01:06:56.631017-07,2026-05-23 01:05:42-07,19022,6641,14925846,1,312530,49.263282775878906,-123.06883239746094,0.0,1,78.10808662377839
2026-05-23 00:00:00,2026-05-23 01:06:56.631017-07,2026-05-23 01:06:20-07,19044,6641,14925617,0,312527,49.26350021362305,-123.18609619140625,4.7818,58,14.539334630674377
2026-05-23 00:00:00,2026-05-23 01:06:56.631017-07,2026-05-23 01:01:06-07,23013,6641,14925843,1,312530,49.268550872802734,-123.24811553955078,13.8943,166,16.67330733693075
2026-05-23 00:00:00,2026-05-23 01:06:56.631017-07,2026-05-23 01:06:31-07,24001,6641,14925845,1,312530,49.263282775878906,-123.11491394042969,3.7677,54,8.464025556162486
2026-05-23 00:00:00,2026-05-23 01:07:27.34396-07,2026-05-23 01:06:53-07,19009,6641,14925844,1,312530,49.26388168334961,-123.21085357666016,10.9433,114,92.54894070091338
2026-05-23 00:00:00,2026-05-23 01:07:27.34396-07,2026-05-23 01:06:47-07,19020,6641,14925616,0,312527,49.26293182373047,-123.10227966308594,10.919,114,49.59537567129405
2026-05-23 00:00:00,2026-05-23 01:07:27.34396-07,2026-05-23 01:05:42-07,19022,6641,14925846,1,312530,49.263282775878906,-123.06883239746094,0.0,1,78.10808662377839
2026-05-23 00:00:00,2026-05-23 01:07:27.34396-07,2026-05-23 01:06:49-07,19044,6641,14925617,0,312527,49.26433181762695,-123.18560028076172,4.8807,60,20.665394952022677
2026-05-23 00:00:00,2026-05-23 01:07:27.34396-07,2026-05-23 01:01:06-07,23013,6641,14925843,1,312530,49.268550872802734,-123.24811553955078,13.8943,166,16.67330733693075
2026-05-23 00:00:00,2026-05-23 01:07:27.34396-07,2026-05-23 01:07:00-07,24001,6641,14925845,1,312530,49.26333236694336,-123.11647033691406,3.9567,55,76.71645594657271
2026-05-23 00:00:00,2026-05-23 01:07:57.85761-07,2026-05-23 01:07:23-07,19009,6641,14925844,1,312530,49.26396560668945,-123.21513366699219,11.1602,118,5.505272970560561
2026-05-23 00:00:00,2026-05-23 01:07:57.85761-07,2026-05-23 01:07:30-07,19020,6641,14925616,0,312527,49.26279830932617,-123.09970092773438,11.1692,118,15.108575423674244
2026-05-23 00:00:00,2026-05-23 01:07:57.85761-07,2026-05-23 01:05:42-07,19022,6641,14925846,1,312530,49.263282775878906,-123.06883239746094,0.0,1,78.10808662377839
2026-05-23 00:00:00,2026-05-23 01:07:57.85761-07,2026-05-23 01:07:30-07,19044,6641,14925617,0,312527,49.26433181762695,-123.18419647216797,5.0332,61,29.86106940851122
2026-05-23 00:00:00,2026-05-23 01:07:57.85761-07,2026-05-23 01:01:06-07,23013,6641,14925843,1,312530,49.268550872802734,-123.24811553955078,13.8943,166,16.67330733693075
2026-05-23 00:00:00,2026-05-23 01:07:57.85761-07,2026-05-23 01:07:30-07,24001,6641,14925845,1,312530,49.26333236694336,-123.11644744873047,3.9567,55,78.36568724899142
2026-05-23 00:00:00,2026-05-23 01:08:28.355279-07,2026-05-23 01:07:55-07,19009,6641,14925844,1,312530,49.263851165771484,-123.2212142944336,11.2204,120,385.7552411527086
2026-05-23 00:00:00,2026-05-23 01:08:28.355279-07,2026-05-23 01:08:01-07,19020,6641,14925616,0,312527,49.262481689453125,-123.09481811523438,11.5065,127,10.564116695083031
2026-05-23 00:00:00,2026-05-23 01:08:28.355279-07,2026-05-23 01:05:42-07,19022,6641,14925846,1,312530,49.263282775878906,-123.06883239746094,0.0,1,78.10808662377839
2026-05-23 00:00:00,2026-05-23 01:08:28.355279-07,2026-05-23 01:08:01-07,19044,6641,14925617,0,312527,49.264251708984375,-123.17897033691406,5.3215,64,62.11890419052058
2026-05-23 00:00:00,2026-05-23 01:08:28.355279-07,2026-05-23 01:01:06-07,23013,6641,14925843,1,312530,49.268550872802734,-123.24811553955078,13.8943,166,16.67330733693075
2026-05-23 00:00:00,2026-05-23 01:08:28.355279-07,2026-05-23 01:08:01-07,24001,6641,14925845,1,312530,49.26335144042969,-123.11647033691406,3.9567,55,76.99843998969531
2026-05-23 00:00:00,2026-05-23 01:08:58.859593-07,2026-05-23 01:08:24-07,19009,6641,14925844,1,312530,49.263633728027344,-123.22956848144531,12.2434,121,27.46780221274915
2026-05-23 00:00:00,2026-05-23 01:08:58.859593-07,2026-05-23 01:08:30-07,19020,6641,14925616,0,312527,49.26240158081055,-123.08930206298828,11.9299,131,15.064179508119064
2026-05-23 00:00:00,2026-05-23 01:08:58.859593-07,2026-05-23 01:05:42-07,19022,6641,14925846,1,312530,49.263282775878906,-123.06883239746094,0.0,1,78.10808662377839
2026-05-23 00:00:00,2026-05-23 01:08:58.859593-07,2026-05-23 01:08:29-07,19044,6641,14925617,0,312527,49.264183044433594,-123.17343139648438,5.7463,68,40.76388923264491
2026-05-23 00:00:00,2026-05-23 01:08:58.859593-07,2026-05-23 01:01:06-07,23013,6641,14925843,1,312530,49.268550872802734,-123.24811553955078,13.8943,166,16.67330733693075
2026-05-23 00:00:00,2026-05-23 01:08:58.859593-07,2026-05-23 01:08:31-07,24001,6641,14925845,1,312530,49.26333236694336,-123.11647033691406,3.9567,55,76.71645594657271
2026-05-23 00:00:00,2026-05-23 01:09:29.458656-07,2026-05-23 01:08:53-07,19009,6641,14925844,1,312530,49.26603317260742,-123.236083984375,12.7331,135,51.52073819676519
2026-05-23 00:00:00,2026-05-23 01:09:29.458656-07,2026-05-23 01:09:05-07,19020,6641,14925616,0,312527,49.26240158081055,-123.08815002441406,12.0717,132,70.29504708907112
2026-05-23 00:00:00,2026-05-23 01:09:29.458656-07,2026-05-23 01:05:42-07,19022,6641,14925846,1,312530,49.263282775878906,-123.06883239746094,0.0,1,78.10808662377839
2026-05-23 00:00:00,2026-05-23 01:09:29.458656-07,2026-05-23 01:08:59-07,19044,6641,14925617,0,312527,49.2640495300293,-123.1684341430664,6.171,72,20.179081924818394
2026-05-23 00:00:00,2026-05-23 01:09:29.458656-07,2026-05-23 01:01:06-07,23013,6641,14925843,1,312530,49.268550872802734,-123.24811553955078,13.8943,166,16.67330733693075
2026-05-23 00:00:00,2026-05-23 01:09:29.458656-07,2026-05-23 01:09:00-07,24001,6641,14925845,1,312530,49.26333236694336,-123.11648559570312,3.9567,55,75.61725118205305
2026-05-23 00:00:00,2026-05-23 01:09:59.94796-07,2026-05-23 01:09:24-07,19009,6641,14925844,1,312530,49.266883850097656,-123.24275207519531,13.2769,149,21.84255505851959
2026-05-23 00:00:00,2026-05-23 01:09:59.94796-07,2026-05-23 01:09:35-07,19020,6641,14925616,0,312527,49.26240158081055,-123.08293151855469,12.3531,134,28.67242299219877
2026-05-23 00:00:00,2026-05-23 01:09:59.94796-07,2026-05-23 01:05:42-07,19022,6641,14925846,1,312530,49.263282775878906,-123.06883239746094,0.0,1,78.10808662377839
2026-05-23 00:00:00,2026-05-23 01:09:59.94796-07,2026-05-23 01:09:30-07,19044,6641,14925617,0,312527,49.264015197753906,-123.1675033569336,6.171,72,48.18970543015363
2026-05-23 00:00:00,2026-05-23 01:09:59.94796-07,2026-05-23 01:01:06-07,23013,6641,14925843,1,312530,49.268550872802734,-123.24811553955078,13.8943,166,16.67330733693075
2026-05-23 00:00:00,2026-05-23 01:09:59.94796-07,2026-05-23 01:09:31-07,24001,6641,14925845,1,312530,49.26333236694336,-123.11648559570312,3.9567,55,75.61725118205305
2026-05-23 00:00:00,2026-05-23 01:10:30.49361-07,2026-05-23 01:09:56-07,19009,6641,14925844,1,312530,49.26653289794922,-123.24493408203125,13.5001,151,37.73582704760058
2026-05-23 00:00:00,2026-05-23 01:10:30.49361-07,2026-05-23 01:10:06-07,19020,6641,14925616,0,312527,49.262332916259766,-123.07740020751953,12.7783,138,8.75719898908265
2026-05-23 00:00:00,2026-05-23 01:10:30.49361-07,2026-05-23 01:05:42-07,19022,6641,14925846,1,312530,49.263282775878906,-123.06883239746094,0.0,1,78.10808662377839
2026-05-23 00:00:00,2026-05-23 01:10:30.49361-07,2026-05-23 01:09:44-07,19044,6641,14925617,0,312527,49.264015197753906,-123.16699981689453,6.2929,73,37.48435752451401
2026-05-23 00:00:00,2026-05-23 01:10:30.49361-07,2026-05-23 01:01:06-07,23013,6641,14925843,1,312530,49.268550872802734,-123.24811553955078,13.8943,166,16.67330733693075
2026-05-23 00:00:00,2026-05-23 01:10:30.49361-07,2026-05-23 01:10:02-07,24001,6641,14925845,1,312530,49.26333236694336,-123.11648559570312,3.9567,55,75.61725118205305
2026-05-23 00:00:00,2026-05-23 01:11:00.972955-07,2026-05-23 01:10:25-07,19009,6641,14925844,1,312530,49.26858139038086,-123.247314453125,13.7849,158,14.37022120774592
2026-05-23 00:00:00,2026-05-23 01:11:00.972955-07,2026-05-23 01:10:19-07,19020,6641,14925616,0,312527,49.26234817504883,-123.07492065429688,12.9711,141,6.943695494813358
2026-05-23 00:00:00,2026-05-23 01:11:00.972955-07,2026-05-23 01:05:42-07,19022,6641,14925846,1,312530,49.263282775878906,-123.06883239746094,0.0,1,78.10808662377839
2026-05-23 00:00:00,2026-05-23 01:11:00.972955-07,2026-05-23 01:10:41-07,19044,6641,14925617,0,312527,49.263851165771484,-123.15606689453125,7.1074,78,55.73161285872904
2026-05-23 00:00:00,2026-05-23 01:11:00.972955-07,2026-05-23 01:01:06-07,23013,6641,14925843,1,312530,49.268550872802734,-123.24811553955078,13.8943,166,16.67330733693075
2026-05-23 00:00:00,2026-05-23 01:11:00.972955-07,2026-05-23 01:10:15-07,24001,6641,14925845,1,312530,49.26333236694336,-123.11665344238281,3.9567,55,63.544414095578524
2026-05-23 00:00:00,2026-05-23 01:11:31.664058-07,2026-05-23 01:11:25-07,19009,6641,14925844,1,312530,49.26788330078125,-123.24739837646484,14.0248,167,39.63012095313833
2026-05-23 00:00:00,2026-05-23 01:11:31.664058-07,2026-05-23 01:11:19-07,19020,6641,14925616,0,312527,49.2633171081543,-123.06964874267578,13.4386,148,13.324167518452517
2026-05-23 00:00:00,2026-05-23 01:11:31.664058-07,2026-05-23 01:11:10-07,19022,6641,14925846,1,312530,49.263282775878906,-123.06883239746094,0.0,1,78.10808662377839
2026-05-23 00:00:00,2026-05-23 01:11:31.664058-07,2026-05-23 01:11:18-07,19044,6641,14925617,0,312527,49.26380157470703,-123.15464782714844,7.1074,78,47.7110014793156
2026-05-23 00:00:00,2026-05-23 01:11:31.664058-07,2026-05-23 01:11:25-07,24001,6641,14925845,1,312530,49.2634162902832,-123.12301635742188,4.4413,59,84.31931512661083
2026-05-23 00:00:00,2026-05-23 01:12:02.146144-07,2026-05-23 01:11:35-07,19009,6641,14925844,1,312530,49.26788330078125,-123.24739837646484,14.0248,167,39.63012095313833
2026-05-23 00:00:00,2026-05-23 01:12:02.146144-07,2026-05-23 01:11:47-07,19020,6641,14925616,0,312527,49.26359939575195,-123.069580078125,13.503,151,13.606515696152753
2026-05-23 00:00:00,2026-05-23 01:12:02.146144-07,2026-05-23 01:11:50-07,19022,6641,14925846,1,312530,49.26319885253906,-123.06851959228516,0.3869,8,92.78668711954357
2026-05-23 00:00:00,2026-05-23 01:12:02.146144-07,2026-05-23 01:11:47-07,19044,6641,14925617,0,312527,49.26374816894531,-123.15321350097656,7.2793,79,21.56931422569414
2026-05-23 00:00:00,2026-05-23 01:12:02.146144-07,2026-05-23 01:11:54-07,24001,6641,14925845,1,312530,49.26350021362305,-123.12660217285156,4.6192,60,10.546996260113827
2026-05-23 00:00:00,2026-05-23 01:12:32.661657-07,2026-05-23 01:11:35-07,19009,6641,14925844,1,312530,49.26788330078125,-123.24739837646484,14.0248,167,39.63012095313833
2026-05-23 00:00:00,2026-05-23 01:12:32.661657-07,2026-05-23 01:12:07-07,19020,6641,14925847,1,312530,49.263248443603516,-123.06866455078125,0.0,1,90.37254284944517
2026-05-23 00:00:00,2026-05-23 01:12:32.661657-07,2026-05-23 01:12:21-07,19022,6641,14925846,1,312530,49.26253128051758,-123.06683349609375,0.2471,4,4.653919557951436
2026-05-23 00:00:00,2026-05-23 01:12:32.661657-07,2026-05-23 01:12:18-07,19044,6641,14925617,0,312527,49.26371765136719,-123.15155029296875,7.3224,81,58.66474449307532
2026-05-23 00:00:00,2026-05-23 01:12:32.661657-07,2026-05-23 01:12:21-07,23013,6641,14925618,0,312527,49.267799377441406,-123.24728393554688,0.1448,2,55.25608751406413
2026-05-23 00:00:00,2026-05-23 01:12:32.661657-07,2026-05-23 01:12:25-07,24001,6641,14925845,1,312530,49.26353454589844,-123.13113403320312,4.9649,62,17.88364863723968
2026-05-23 00:00:00,2026-05-23 01:13:03.217266-07,2026-05-23 01:11:35-07,19009,6641,14925844,1,312530,49.26788330078125,-123.24739837646484,14.0248,167,39.63012095313833
2026-05-23 00:00:00,2026-05-23 01:13:03.217266-07,2026-05-23 01:12:36-07,19020,6641,14925847,1,312530,49.263248443603516,-123.06866455078125,0.0,1,90.37254284944517
2026-05-23 00:00:00,2026-05-23 01:13:03.217266-07,2026-05-23 01:12:49-07,19022,6641,14925846,1,312530,49.26241683959961,-123.06871795654297,0.3869,8,12.314116193624818
2026-05-23 00:00:00,2026-05-23 01:13:03.217266-07,2026-05-23 01:12:47-07,19044,6641,14925617,0,312527,49.2636833190918,-123.14761352539062,7.6286,84,38.89908520518581
2026-05-23 00:00:00,2026-05-23 01:13:03.217266-07,2026-05-23 01:12:51-07,23013,6641,14925618,0,312527,49.267818450927734,-123.24726867675781,0.1448,2,55.20269937704944
2026-05-23 00:00:00,2026-05-23 01:13:03.217266-07,2026-05-23 01:12:54-07,24001,6641,14925845,1,312530,49.2635498046875,-123.1359634399414,5.3087,65,9.10934974373961
2026-05-23 00:00:00,2026-05-23 01:13:34.004446-07,2026-05-23 01:11:35-07,19009,6641,14925844,1,312530,49.26788330078125,-123.24739837646484,14.0248,167,39.63012095313833
2026-05-23 00:00:00,2026-05-23 01:13:34.004446-07,2026-05-23 01:13:06-07,19020,6641,14925847,1,312530,49.263248443603516,-123.06866455078125,0.0,1,90.37254284944517
2026-05-23 00:00:00,2026-05-23 01:13:34.004446-07,2026-05-23 01:13:19-07,19022,6641,14925846,1,312530,49.26241683959961,-123.06871795654297,0.3869,8,12.314116193624818
2026-05-23 00:00:00,2026-05-23 01:13:34.004446-07,2026-05-23 01:13:17-07,19044,6641,14925617,0,312527,49.263648986816406,-123.14266967773438,7.9729,86,54.03000420235369
2026-05-23 00:00:00,2026-05-23 01:13:34.004446-07,2026-05-23 01:13:14-07,23013,6641,14925618,0,312527,49.2678337097168,-123.24723052978516,0.1448,2,53.60472977854532
2026-05-23 00:00:00,2026-05-23 01:13:34.004446-07,2026-05-23 01:13:24-07,24001,6641,14925845,1,312530,49.26369857788086,-123.13993072509766,5.5394,68,50.20082096407375
2026-05-23 00:00:00,2026-05-23 01:14:04.487551-07,2026-05-23 01:11:35-07,19009,6641,14925844,1,312530,49.26788330078125,-123.24739837646484,14.0248,167,39.63012095313833
2026-05-23 00:00:00,2026-05-23 01:14:04.487551-07,2026-05-23 01:13:35-07,19020,6641,14925847,1,312530,49.263248443603516,-123.06866455078125,0.0,1,90.37254284944517
2026-05-23 00:00:00,2026-05-23 01:14:04.487551-07,2026-05-23 01:13:52-07,19022,6641,14925846,1,312530,49.26241683959961,-123.06884765625,0.4039,9,12.227216108150673
2026-05-23 00:00:00,2026-05-23 01:14:04.487551-07,2026-05-23 01:13:49-07,19044,6641,14925617,0,312527,49.26353454589844,-123.13993072509766,8.2755,89,49.363199685825464
2026-05-23 00:00:00,2026-05-23 01:14:04.487551-07,2026-05-23 01:13:33-07,23013,6641,14925618,0,312527,49.267784118652344,-123.24713134765625,0.1448,2,44.61882094405261
2026-05-23 00:00:00,2026-05-23 01:14:04.487551-07,2026-05-23 01:13:56-07,24001,6641,14925845,1,312530,49.26371765136719,-123.1404800415039,5.6682,69,41.259133279861906
2026-05-23 00:00:00,2026-05-23 01:14:35.112038-07,2026-05-23 01:11:35-07,19009,6641,14925844,1,312530,49.26788330078125,-123.24739837646484,14.0248,167,39.63012095313833
2026-05-23 00:00:00,2026-05-23 01:14:35.112038-07,2026-05-23 01:14:07-07,19020,6641,14925847,1,312530,49.263248443603516,-123.06866455078125,0.0,1,90.37254284944517
2026-05-23 00:00:00,2026-05-23 01:14:35.112038-07,2026-05-23 01:14:20-07,19022,6641,14925846,1,312530,49.26240158081055,-123.06950378417969,0.4434,12,15.40567089377439
2026-05-23 00:00:00,2026-05-23 01:14:35.112038-07,2026-05-23 01:14:08-07,19044,6641,14925617,0,312527,49.26353454589844,-123.13957977294922,8.2755,89,24.39806049373314
2026-05-23 00:00:00,2026-05-23 01:14:35.112038-07,2026-05-23 01:14:09-07,23013,6641,14925618,0,312527,49.26698303222656,-123.24836730957031,0.0,1,0.8494946629805736
2026-05-23 00:00:00,2026-05-23 01:14:35.112038-07,2026-05-23 01:14:26-07,24001,6641,14925845,1,312530,49.26369857788086,-123.14081573486328,5.6682,69,17.92318654847918
2026-05-23 00:00:00,2026-05-23 01:15:05.582187-07,2026-05-23 01:11:35-07,19009,6641,14925844,1,312530,49.26788330078125,-123.24739837646484,14.0248,167,39.63012095313833
2026-05-23 00:00:00,2026-05-23 01:15:05.582187-07,2026-05-23 01:14:36-07,19020,6641,14925847,1,312530,49.263248443603516,-123.06866455078125,0.0,1,90.37254284944517
2026-05-23 00:00:00,2026-05-23 01:15:05.582187-07,2026-05-23 01:14:51-07,19022,6641,14925846,1,312530,49.26240158081055,-123.07420349121094,0.7576,15,40.73069013982469
2026-05-23 00:00:00,2026-05-23 01:15:05.582187-07,2026-05-23 01:14:36-07,19044,6641,14925617,0,312527,49.26350021362305,-123.13652038574219,8.5063,93,32.00107736474995
2026-05-23 00:00:00,2026-05-23 01:15:05.582187-07,2026-05-23 01:14:34-07,23013,6641,14925618,0,312527,49.267433166503906,-123.24691772460938,0.1448,2,29.188652737194204
2026-05-23 00:00:00,2026-05-23 01:15:05.582187-07,2026-05-23 01:14:56-07,24001,6641,14925845,1,312530,49.26376724243164,-123.14453125,5.8421,71,81.91171742295948
2026-05-23 00:00:00,2026-05-23 01:15:36.229658-07,2026-05-23 01:11:35-07,19009,6641,14925844,1,312530,49.26788330078125,-123.24739837646484,14.0248,167,39.63012095313833
2026-05-23 00:00:00,2026-05-23 01:15:36.229658-07,2026-05-23 01:15:05-07,19020,6641,14925847,1,312530,49.263248443603516,-123.06866455078125,0.0,1,90.37254284944517
2026-05-23 00:00:00,2026-05-23 01:15:36.229658-07,2026-05-23 01:15:21-07,19022,6641,14925846,1,312530,49.262481689453125,-123.07796478271484,1.0471,20,26.690313426988354
2026-05-23 00:00:00,2026-05-23 01:15:36.229658-07,2026-05-23 01:15:07-07,19044,6641,14925617,0,312527,49.26348114013672,-123.13641357421875,8.5063,93,25.131716254867392
2026-05-23 00:00:00,2026-05-23 01:15:36.229658-07,2026-05-23 01:15:14-07,23013,6641,14925618,0,312527,49.26748275756836,-123.24687957763672,0.1448,2,23.851971321755634
2026-05-23 00:00:00,2026-05-23 01:15:36.229658-07,2026-05-23 01:15:26-07,24001,6641,14925845,1,312530,49.26374816894531,-123.14546966552734,6.0127,72,21.47268986900179
2026-05-23 00:00:00,2026-05-23 01:16:06.750074-07,2026-05-23 01:11:35-07,19009,6641,14925844,1,312530,49.26788330078125,-123.24739837646484,14.0248,167,39.63012095313833
2026-05-23 00:00:00,2026-05-23 01:16:06.750074-07,2026-05-23 01:15:37-07,19020,6641,14925847,1,312530,49.263248443603516,-123.06866455078125,0.0,1,90.37254284944517
2026-05-23 00:00:00,2026-05-23 01:16:06.750074-07,2026-05-23 01:15:35-07,19022,6641,14925846,1,312530,49.26246643066406,-123.0793685913086,1.2424,21,68.33560731385539
2026-05-23 00:00:00,2026-05-23 01:16:06.750074-07,2026-05-23 01:15:36-07,19044,6641,14925617,0,312527,49.26351547241211,-123.13300323486328,8.6788,94,52.01356451131351
2026-05-23 00:00:00,2026-05-23 01:16:06.750074-07,2026-05-23 01:15:43-07,23013,6641,14925618,0,312527,49.26675033569336,-123.24579620361328,0.294,3,40.26906370048824
2026-05-23 00:00:00,2026-05-23 01:16:06.750074-07,2026-05-23 01:15:56-07,24001,6641,14925845,1,312530,49.26371765136719,-123.14814758300781,6.1863,73,2.7375863788544277
2026-05-23 00:00:00,2026-05-23 01:16:37.271578-07,2026-05-23 01:11:35-07,19009,6641,14925844,1,312530,49.26788330078125,-123.24739837646484,14.0248,167,39.63012095313833
2026-05-23 00:00:00,2026-05-23 01:16:37.271578-07,2026-05-23 01:16:06-07,19020,6641,14925847,1,312530,49.263248443603516,-123.06866455078125,0.0,1,90.37254284944517
2026-05-23 00:00:00,2026-05-23 01:16:37.271578-07,2026-05-23 01:16:06-07,19022,6641,14925846,1,312530,49.262481689453125,-123.0844497680664,1.6033,24,59.22642681949706
2026-05-23 00:00:00,2026-05-23 01:16:37.271578-07,2026-05-23 01:16:07-07,19044,6641,14925617,0,312527,49.263450622558594,-123.12785339355469,9.0222,96,83.42306273811582
2026-05-23 00:00:00,2026-05-23 01:16:37.271578-07,2026-05-23 01:16:11-07,23013,6641,14925618,0,312527,49.266700744628906,-123.24321746826172,0.424,7,60.745952065865964
2026-05-23 00:00:00,2026-05-23 01:16:37.271578-07,2026-05-23 01:16:26-07,24001,6641,14925845,1,312530,49.26374816894531,-123.15166473388672,6.4926,76,49.9261749601663
2026-05-23 00:00:00,2026-05-23 01:17:07.750995-07,2026-05-23 01:11:35-07,19009,6641,14925844,1,312530,49.26788330078125,-123.24739837646484,14.0248,167,39.63012095313833
2026-05-23 00:00:00,2026-05-23 01:17:07.750995-07,2026-05-23 01:16:06-07,19020,6641,14925847,1,312530,49.263248443603516,-123.06866455078125,0.0,1,90.37254284944517
2026-05-23 00:00:00,2026-05-23 01:17:07.750995-07,2026-05-23 01:16:35-07,19022,6641,14925846,1,312530,49.26256561279297,-123.08868408203125,1.885,26,34.016167287866445
2026-05-23 00:00:00,2026-05-23 01:17:07.750995-07,2026-05-23 01:16:36-07,19044,6641,14925617,0,312527,49.263465881347656,-123.1269302368164,9.1958,97,23.545630335577997
2026-05-23 00:00:00,2026-05-23 01:17:07.750995-07,2026-05-23 01:16:48-07,23013,6641,14925618,0,312527,49.26691818237305,-123.24153137207031,0.6276,11,18.32777784442661
2026-05-23 00:00:00,2026-05-23 01:17:07.750995-07,2026-05-23 01:16:55-07,24001,6641,14925845,1,312530,49.26393127441406,-123.15438079833984,6.7076,79,67.08425748323666
2026-05-23 00:00:00,2026-05-23 01:17:38.426461-07,2026-05-23 01:11:35-07,19009,6641,14925844,1,312530,49.26788330078125,-123.24739837646484,14.0248,167,39.63012095313833
2026-05-23 00:00:00,2026-05-23 01:17:38.426461-07,2026-05-23 01:16:06-07,19020,6641,14925847,1,312530,49.263248443603516,-123.06866455078125,0.0,1,90.37254284944517
2026-05-23 00:00:00,2026-05-23 01:17:38.426461-07,2026-05-23 01:17:04-07,19022,6641,14925846,1,312530,49.2625846862793,-123.09001922607422,1.885,26,65.17202691259098
2026-05-23 00:00:00,2026-05-23 01:17:38.426461-07,2026-05-23 01:17:06-07,19044,6641,14925617,0,312527,49.263450622558594,-123.12574768066406,9.1958,97,63.42066123886775
2026-05-23 00:00:00,2026-05-23 01:17:38.426461-07,2026-05-23 01:17:19-07,23013,6641,14925618,0,312527,49.26616668701172,-123.23663330078125,0.9528,22,27.667335260907457
2026-05-23 00:00:00,2026-05-23 01:17:38.426461-07,2026-05-23 01:17:20-07,24001,6641,14925845,1,312530,49.263916015625,-123.15471649169922,6.7076,79,42.70902787868383
2026-05-23 00:00:00,2026-05-23 01:18:08.93254-07,2026-05-23 01:11:35-07,19009,6641,14925844,1,312530,49.26788330078125,-123.24739837646484,14.0248,167,39.63012095313833
2026-05-23 00:00:00,2026-05-23 01:18:08.93254-07,2026-05-23 01:16:06-07,19020,6641,14925847,1,312530,49.263248443603516,-123.06866455078125,0.0,1,90.37254284944517
2026-05-23 00:00:00,2026-05-23 01:18:08.93254-07,2026-05-23 01:17:46-07,19022,6641,14925846,1,312530,49.26256561279297,-123.09028625488281,2.024,27,55.62498091999211
2026-05-23 00:00:00,2026-05-23 01:18:08.93254-07,2026-05-23 01:17:38-07,19044,6641,14925617,0,312527,49.263301849365234,-123.12190246582031,9.5453,99,6.286549068245474
2026-05-23 00:00:00,2026-05-23 01:18:08.93254-07,2026-05-23 01:17:50-07,23013,6641,14925618,0,312527,49.26376724243164,-123.23213195800781,1.4103,30,6.669388002192827
2026-05-23 00:00:00,2026-05-23 01:18:08.93254-07,2026-05-23 01:17:52-07,24001,6641,14925845,1,312530,49.26396560668945,-123.15885162353516,7.0508,81,84.32111429840413
2026-05-23 00:00:00,2026-05-23 01:18:39.580924-07,2026-05-23 01:11:35-07,19009,6641,14925844,1,312530,49.26788330078125,-123.24739837646484,14.0248,167,39.63012095313833
2026-05-23 00:00:00,2026-05-23 01:18:39.580924-07,2026-05-23 01:16:06-07,19020,6641,14925847,1,312530,49.263248443603516,-123.06866455078125,0.0,1,90.37254284944517
2026-05-23 00:00:00,2026-05-23 01:18:39.580924-07,2026-05-23 01:18:15-07,19022,6641,14925846,1,312530,49.26256561279297,-123.09268188476562,2.1664,28,24.016941283837642
2026-05-23 00:00:00,2026-05-23 01:18:39.580924-07,2026-05-23 01:17:58-07,19044,6641,14925617,0,312527,49.26319885253906,-123.11878204345703,9.6854,100,81.46525611434558
2026-05-23 00:00:00,2026-05-23 01:18:39.580924-07,2026-05-23 01:18:20-07,23013,6641,14925618,0,312527,49.26361846923828,-123.22636413574219,1.5845,36,247.3842457549137
2026-05-23 00:00:00,2026-05-23 01:18:39.580924-07,2026-05-23 01:18:21-07,24001,6641,14925845,1,312530,49.2640495300293,-123.16435241699219,7.3877,83,20.816919872565897
2026-05-23 00:00:00,2026-05-23 01:19:10.098473-07,2026-05-23 01:11:35-07,19009,6641,14925844,1,312530,49.26788330078125,-123.24739837646484,14.0248,167,39.63012095313833
2026-05-23 00:00:00,2026-05-23 01:19:10.098473-07,2026-05-23 01:16:06-07,19020,6641,14925847,1,312530,49.263248443603516,-123.06866455078125,0.0,1,90.37254284944517
2026-05-23 00:00:00,2026-05-23 01:19:10.098473-07,2026-05-23 01:18:45-07,19022,6641,14925846,1,312530,49.26256561279297,-123.09313201904297,2.1664,28,11.649673601829859
2026-05-23 00:00:00,2026-05-23 01:19:10.098473-07,2026-05-23 01:18:29-07,19044,6641,14925617,0,312527,49.26321792602539,-123.1173324584961,9.8583,102,14.068355868700676
2026-05-23 00:00:00,2026-05-23 01:19:10.098473-07,2026-05-23 01:18:49-07,23013,6641,14925618,0,312527,49.26374816894531,-123.22052001953125,2.5945,37,335.32339871341156
2026-05-23 00:00:00,2026-05-23 01:19:10.098473-07,2026-05-23 01:18:51-07,24001,6641,14925845,1,312530,49.26413345336914,-123.16746520996094,7.644,85,50.765089153026494
2026-05-23 00:00:00,2026-05-23 01:19:40.777635-07,2026-05-23 01:11:35-07,19009,6641,14925844,1,312530,49.26788330078125,-123.24739837646484,14.0248,167,39.63012095313833
2026-05-23 00:00:00,2026-05-23 01:19:40.777635-07,2026-05-23 01:16:06-07,19020,6641,14925847,1,312530,49.263248443603516,-123.06866455078125,0.0,1,90.37254284944517
2026-05-23 00:00:00,2026-05-23 01:19:40.777635-07,2026-05-23 01:19:15-07,19022,6641,14925846,1,312530,49.26279830932617,-123.09661865234375,2.4399,34,6.713715307179025
2026-05-23 00:00:00,2026-05-23 01:19:40.777635-07,2026-05-23 01:18:58-07,19044,6641,14925617,0,312527,49.26316833496094,-123.11443328857422,10.058,105,25.326126871329205
2026-05-23 00:00:00,2026-05-23 01:19:40.777635-07,2026-05-23 01:19:19-07,23013,6641,14925618,0,312527,49.26388168334961,-123.21530151367188,2.6424,38,5.120592049506952
2026-05-23 00:00:00,2026-05-23 01:19:40.777635-07,2026-05-23 01:19:11-07,24001,6641,14925845,1,312530,49.26411819458008,-123.1678466796875,7.644,85,23.12869105964813
2026-05-23 00:00:00,2026-05-23 01:20:11.264413-07,2026-05-23 01:11:35-07,19009,6641,14925844,1,312530,49.26788330078125,-123.24739837646484,14.0248,167,39.63012095313833
2026-05-23 00:00:00,2026-05-23 01:20:11.264413-07,2026-05-23 01:16:06-07,19020,6641,14925847,1,312530,49.263248443603516,-123.06866455078125,0.0,1,90.37254284944517
2026-05-23 00:00:00,2026-05-23 01:20:11.264413-07,2026-05-23 01:19:45-07,19022,6641,14925846,1,312530,49.262882232666016,-123.09771728515625,2.4628,35,51.882455514094225
2026-05-23 00:00:00,2026-05-23 01:20:11.264413-07,2026-05-23 01:19:29-07,19044,6641,14925617,0,312527,49.26319885253906,-123.11412048339844,10.058,105,47.71557416854327
2026-05-23 00:00:00,2026-05-23 01:20:11.264413-07,2026-05-23 01:19:49-07,23013,6641,14925618,0,312527,49.263832092285156,-123.20983123779297,3.0906,44,51.538981167146794
2026-05-23 00:00:00,2026-05-23 01:20:11.264413-07,2026-05-23 01:19:43-07,24001,6641,14925845,1,312530,49.26411819458008,-123.16796875,7.644,85,14.512972396944022
2026-05-23 00:00:00,2026-05-23 01:20:41.820939-07,2026-05-23 01:11:35-07,19009,6641,14925844,1,312530,49.26788330078125,-123.24739837646484,14.0248,167,39.63012095313833
2026-05-23 00:00:00,2026-05-23 01:20:41.820939-07,2026-05-23 01:16:06-07,19020,6641,14925847,1,312530,49.263248443603516,-123.06866455078125,0.0,1,90.37254284944517
2026-05-23 00:00:00,2026-05-23 01:20:41.820939-07,2026-05-23 01:20:09-07,19022,6641,14925846,1,312530,49.262882232666016,-123.09771728515625,2.4628,35,51.882455514094225
2026-05-23 00:00:00,2026-05-23 01:20:41.820939-07,2026-05-23 01:19:58-07,19044,6641,14925617,0,312527,49.26314926147461,-123.11031341552734,10.3366,108,46.41237870264662
2026-05-23 00:00:00,2026-05-23 01:20:41.820939-07,2026-05-23 01:20:20-07,23013,6641,14925618,0,312527,49.26380157470703,-123.20819854736328,3.0906,44,67.04553036165188
2026-05-23 00:00:00,2026-05-23 01:20:41.820939-07,2026-05-23 01:20:11-07,24001,6641,14925845,1,312530,49.2641487121582,-123.17192077636719,7.9278,88,9.994186732382532
2026-05-23 00:00:00,2026-05-23 01:21:12.325824-07,2026-05-23 01:11:35-07,19009,6641,14925844,1,312530,49.26788330078125,-123.24739837646484,14.0248,167,39.63012095313833
2026-05-23 00:00:00,2026-05-23 01:21:12.325824-07,2026-05-23 01:16:06-07,19020,6641,14925847,1,312530,49.263248443603516,-123.06866455078125,0.0,1,90.37254284944517
2026-05-23 00:00:00,2026-05-23 01:21:12.325824-07,2026-05-23 01:20:39-07,19022,6641,14925846,1,312530,49.26286697387695,-123.0990982055664,2.6062,37,8.452895458152001
2026-05-23 00:00:00,2026-05-23 01:21:12.325824-07,2026-05-23 01:20:29-07,19044,6641,14925617,0,312527,49.26300048828125,-123.1053695678711,10.7787,113,35.126917321123706
2026-05-23 00:00:00,2026-05-23 01:21:12.325824-07,2026-05-23 01:20:51-07,23013,6641,14925618,0,312527,49.26373291015625,-123.20311737060547,3.5354,46,7.744846467737468
2026-05-23 00:00:00,2026-05-23 01:21:12.325824-07,2026-05-23 01:20:42-07,24001,6641,14925845,1,312530,49.264251708984375,-123.17753601074219,8.3458,92,19.101204883959124
2026-05-23 00:00:00,2026-05-23 01:21:43.224959-07,2026-05-23 01:11:35-07,19009,6641,14925844,1,312530,49.26788330078125,-123.24739837646484,14.0248,167,39.63012095313833
2026-05-23 00:00:00,2026-05-23 01:21:43.224959-07,2026-05-23 01:16:06-07,19020,6641,14925847,1,312530,49.263248443603516,-123.06866455078125,0.0,1,90.37254284944517
2026-05-23 00:00:00,2026-05-23 01:21:43.224959-07,2026-05-23 01:21:08-07,19022,6641,14925846,1,312530,49.262901306152344,-123.10023498535156,2.7011,40,3.8059254609083557
2026-05-23 00:00:00,2026-05-23 01:21:43.224959-07,2026-05-23 01:20:59-07,19044,6641,14925617,0,312527,49.2629508972168,-123.10276794433594,10.919,114,14.122956435170236
2026-05-23 00:00:00,2026-05-23 01:21:43.224959-07,2026-05-23 01:21:21-07,23013,6641,14925618,0,312527,49.263648986816406,-123.19740295410156,3.9755,51,31.41744395959751
2026-05-23 00:00:00,2026-05-23 01:21:43.224959-07,2026-05-23 01:21:12-07,24001,6641,14925845,1,312530,49.26433181762695,-123.18299865722656,8.7818,96,57.060889961847884
2026-05-23 00:00:00,2026-05-23 01:22:13.703495-07,2026-05-23 01:16:06-07,19020,6641,14925847,1,312530,49.263248443603516,-123.06866455078125,0.0,1,90.37254284944517
2026-05-23 00:00:00,2026-05-23 01:22:13.703495-07,2026-05-23 01:21:38-07,19022,6641,14925846,1,312530,49.26300048828125,-123.10328674316406,2.896,43,23.928895981710067
2026-05-23 00:00:00,2026-05-23 01:22:13.703495-07,2026-05-23 01:21:46-07,19044,6641,14925617,0,312527,49.26285171508789,-123.09956359863281,11.1692,118,3.539976528719147
2026-05-23 00:00:00,2026-05-23 01:22:13.703495-07,2026-05-23 01:21:51-07,23013,6641,14925618,0,312527,49.26356887817383,-123.191650390625,4.4218,55,58.74309198144278
2026-05-23 00:00:00,2026-05-23 01:22:13.703495-07,2026-05-23 01:21:42-07,24001,6641,14925845,1,312530,49.264381408691406,-123.18568420410156,8.9343,97,14.191677773515153
2026-05-23 00:00:00,2026-05-23 01:22:44.243403-07,2026-05-23 01:16:06-07,19020,6641,14925847,1,312530,49.263248443603516,-123.06866455078125,0.0,1,90.37254284944517
2026-05-23 00:00:00,2026-05-23 01:22:44.243403-07,2026-05-23 01:22:26-07,19022,6641,14925846,1,312530,49.263065338134766,-123.10489654541016,3.0362,44,5.649410325968875
2026-05-23 00:00:00,2026-05-23 01:22:44.243403-07,2026-05-23 01:22:17-07,19044,6641,14925617,0,312527,49.262481689453125,-123.09443664550781,11.5065,127,37.62622197942489
2026-05-23 00:00:00,2026-05-23 01:22:44.243403-07,2026-05-23 01:22:20-07,23013,6641,14925618,0,312527,49.26350021362305,-123.18656921386719,4.7818,58,48.75262113109576
2026-05-23 00:00:00,2026-05-23 01:22:44.243403-07,2026-05-23 01:22:21-07,24001,6641,14925845,1,312530,49.26351547241211,-123.1861801147461,9.0331,99,20.827076001647285
2026-05-23 00:00:00,2026-05-23 01:23:14.737507-07,2026-05-23 01:16:06-07,19020,6641,14925847,1,312530,49.263248443603516,-123.06866455078125,0.0,1,90.37254284944517
2026-05-23 00:00:00,2026-05-23 01:23:14.737507-07,2026-05-23 01:22:56-07,19022,6641,14925846,1,312530,49.26314926147461,-123.10926818847656,3.3714,48,15.994646509523633
2026-05-23 00:00:00,2026-05-23 01:23:14.737507-07,2026-05-23 01:22:46-07,19044,6641,14925617,0,312527,49.26243209838867,-123.08946990966797,11.9299,131,24.928209429277597
2026-05-23 00:00:00,2026-05-23 01:23:14.737507-07,2026-05-23 01:22:51-07,23013,6641,14925618,0,312527,49.2635498046875,-123.18589782714844,4.7818,58,7.650742460618387
2026-05-23 00:00:00,2026-05-23 01:23:14.737507-07,2026-05-23 01:22:51-07,24001,6641,14925845,1,312530,49.26356887817383,-123.18939971923828,9.393,101,104.51690025711474
2026-05-23 00:00:00,2026-05-23 01:23:45.41581-07,2026-05-23 01:16:06-07,19020,6641,14925847,1,312530,49.263248443603516,-123.06866455078125,0.0,1,90.37254284944517
2026-05-23 00:00:00,2026-05-23 01:23:45.41581-07,2026-05-23 01:23:26-07,19022,6641,14925846,1,312530,49.26321792602539,-123.11266326904297,3.6196,50,17.125049022701823
2026-05-23 00:00:00,2026-05-23 01:23:45.41581-07,2026-05-23 01:23:17-07,19044,6641,14925617,0,312527,49.26241683959961,-123.08908081054688,11.9299,131,8.243792863256141
2026-05-23 00:00:00,2026-05-23 01:23:45.41581-07,2026-05-23 01:23:21-07,23013,6641,14925618,0,312527,49.26433181762695,-123.18547058105469,4.8807,60,29.93846545773059
2026-05-23 00:00:00,2026-05-23 01:23:45.41581-07,2026-05-23 01:23:22-07,24001,6641,14925845,1,312530,49.263648986816406,-123.1940689086914,9.6168,103,11.649460778668487
2026-05-23 00:00:00,2026-05-23 01:24:15.905661-07,2026-05-23 01:16:06-07,19020,6641,14925847,1,312530,49.263248443603516,-123.06866455078125,0.0,1,90.37254284944517
2026-05-23 00:00:00,2026-05-23 01:24:15.905661-07,2026-05-23 01:23:56-07,19022,6641,14925846,1,312530,49.263301849365234,-123.11509704589844,3.7677,54,16.342992070694844
2026-05-23 00:00:00,2026-05-23 01:24:15.905661-07,2026-05-23 01:23:45-07,19044,6641,14925617,0,312527,49.26241683959961,-123.08830261230469,11.9299,131,60.835447095882394
2026-05-23 00:00:00,2026-05-23 01:24:15.905661-07,2026-05-23 01:23:50-07,23013,6641,14925618,0,312527,49.2642822265625,-123.1846694946289,5.0332,61,64.4590963263245
2026-05-23 00:00:00,2026-05-23 01:24:15.905661-07,2026-05-23 01:23:50-07,24001,6641,14925845,1,312530,49.26371765136719,-123.19906616210938,10.0661,108,73.66930301878477
2026-05-23 00:00:00,2026-05-23 01:24:46.447542-07,2026-05-23 01:16:06-07,19020,6641,14925847,1,312530,49.263248443603516,-123.06866455078125,0.0,1,90.37254284944517
2026-05-23 00:00:00,2026-05-23 01:24:46.447542-07,2026-05-23 01:24:27-07,19022,6641,14925846,1,312530,49.26333236694336,-123.11640167236328,3.9567,55,81.6655637370916
2026-05-23 00:00:00,2026-05-23 01:24:46.447542-07,2026-05-23 01:24:15-07,19044,6641,14925617,0,312527,49.26240158081055,-123.08274841308594,12.3531,134,41.852670685170835
2026-05-23 00:00:00,2026-05-23 01:24:46.447542-07,2026-05-23 01:24:34-07,23013,6641,14925618,0,312527,49.264251708984375,-123.17877960205078,5.4691,65,71.25185412232966
2026-05-23 00:00:00,2026-05-23 01:24:46.447542-07,2026-05-23 01:24:22-07,24001,6641,14925845,1,312530,49.2637825012207,-123.20413208007812,10.2796,111,81.3894201949791
2026-05-23 00:00:00,2026-05-23 01:25:16.961838-07,2026-05-23 01:16:06-07,19020,6641,14925847,1,312530,49.263248443603516,-123.06866455078125,0.0,1,90.37254284944517
2026-05-23 00:00:00,2026-05-23 01:25:16.961838-07,2026-05-23 01:25:06-07,19022,6641,14925846,1,312530,49.2633171081543,-123.11651611328125,3.9567,55,73.2272741751944
2026-05-23 00:00:00,2026-05-23 01:25:16.961838-07,2026-05-23 01:24:44-07,19044,6641,14925617,0,312527,49.26234817504883,-123.07793426513672,12.7679,137,23.130482747454934
2026-05-23 00:00:00,2026-05-23 01:25:16.961838-07,2026-05-23 01:25:05-07,23013,6641,14925618,0,312527,49.26413345336914,-123.17310333251953,5.7462,67,64.70632396091696
2026-05-23 00:00:00,2026-05-23 01:25:16.961838-07,2026-05-23 01:24:51-07,24001,6641,14925845,1,312530,49.26386642456055,-123.2087173461914,10.7243,113,29.485139663029713
2026-05-23 00:00:00,2026-05-23 01:25:47.629008-07,2026-05-23 01:16:06-07,19020,6641,14925847,1,312530,49.263248443603516,-123.06866455078125,0.0,1,90.37254284944517
2026-05-23 00:00:00,2026-05-23 01:25:47.629008-07,2026-05-23 01:25:35-07,19022,6641,14925846,1,312530,49.26335144042969,-123.1197509765625,4.1296,57,12.190504363084477
2026-05-23 00:00:00,2026-05-23 01:25:47.629008-07,2026-05-23 01:25:15-07,19044,6641,14925617,0,312527,49.262332916259766,-123.07748413085938,12.7783,138,6.576647045702809
2026-05-23 00:00:00,2026-05-23 01:25:47.629008-07,2026-05-23 01:25:34-07,23013,6641,14925618,0,312527,49.2640495300293,-123.16790008544922,6.171,72,19.16206095657758
2026-05-23 00:00:00,2026-05-23 01:25:47.629008-07,2026-05-23 01:25:25-07,24001,6641,14925845,1,312530,49.26390075683594,-123.21011352539062,10.7243,113,72.37986377805288
2026-05-23 00:00:00,2026-05-23 01:26:18.102894-07,2026-05-23 01:26:03-07,19022,6641,14925846,1,312530,49.263431549072266,-123.12301635742188,4.4413,59,84.44432971763608
2026-05-23 00:00:00,2026-05-23 01:26:18.102894-07,2026-05-23 01:25:48-07,19044,6641,14925617,0,312527,49.262332916259766,-123.07589721679688,12.9163,140,23.228102561642785
2026-05-23 00:00:00,2026-05-23 01:26:18.102894-07,2026-05-23 01:26:03-07,23013,6641,14925618,0,312527,49.2640495300293,-123.16712951660156,6.2929,73,46.69546929603984
2026-05-23 00:00:00,2026-05-23 01:26:18.102894-07,2026-05-23 01:25:53-07,24001,6641,14925845,1,312530,49.26393127441406,-123.21461486816406,11.1454,117,20.991897602960343
2026-05-23 00:00:00,2026-05-23 01:26:48.606847-07,2026-05-23 01:26:31-07,19022,6641,14925846,1,312530,49.26351547241211,-123.126220703125,4.6192,60,31.360769792295528
2026-05-23 00:00:00,2026-05-23 01:26:48.606847-07,2026-05-23 01:26:19-07,19044,6641,14925617,0,312527,49.26234817504883,-123.07071685791016,13.3378,144,67.01296299272124
2026-05-23 00:00:00,2026-05-23 01:26:48.606847-07,2026-05-23 01:26:31-07,23013,6641,14925618,0,312527,49.26398468017578,-123.16193389892578,6.5897,75,34.547832797280705
2026-05-23 00:00:00,2026-05-23 01:26:48.606847-07,2026-05-23 01:26:26-07,24001,6641,14925845,1,312530,49.26386642456055,-123.21977996826172,11.2204,120,281.6957954206187
2026-05-23 00:00:00,2026-05-23 01:27:19.040786-07,2026-05-23 01:27:00-07,19022,6641,14925846,1,312530,49.26356887817383,-123.13033294677734,4.9649,62,75.69794586382312
2026-05-23 00:00:00,2026-05-23 01:27:19.040786-07,2026-05-23 01:26:49-07,19044,6641,14925617,0,312527,49.26246643066406,-123.06977081298828,13.3378,144,15.705566483427972
2026-05-23 00:00:00,2026-05-23 01:27:19.040786-07,2026-05-23 01:27:01-07,23013,6641,14925618,0,312527,49.26388168334961,-123.15650177001953,6.9369,77,82.69120017485892
2026-05-23 00:00:00,2026-05-23 01:27:19.040786-07,2026-05-23 01:26:54-07,24001,6641,14925845,1,312530,49.26373291015625,-123.2253646850586,12.2434,121,332.6831550739328
2026-05-23 00:00:00,2026-05-23 01:27:49.638875-07,2026-05-23 01:27:34-07,19022,6641,14925846,1,312530,49.26358413696289,-123.13471984863281,5.1362,63,72.90233225755124
2026-05-23 00:00:00,2026-05-23 01:27:49.638875-07,2026-05-23 01:27:33-07,19044,6641,14925617,0,312527,49.2635498046875,-123.06966400146484,13.4776,149,8.596942322956258
2026-05-23 00:00:00,2026-05-23 01:27:49.638875-07,2026-05-23 01:27:40-07,23013,6641,14925618,0,312527,49.26380157470703,-123.15461730957031,7.1074,78,49.90505733449193
2026-05-23 00:00:00,2026-05-23 01:27:49.638875-07,2026-05-23 01:27:24-07,24001,6641,14925845,1,312530,49.2636833190918,-123.23114776611328,12.3498,126,17.857055407380226
2026-05-23 00:00:00,2026-05-23 01:28:20.17973-07,2026-05-23 01:28:01-07,19022,6641,14925846,1,312530,49.26358413696289,-123.13783264160156,5.4377,66,1.9442070227820052
2026-05-23 00:00:00,2026-05-23 01:28:20.17973-07,2026-05-23 01:27:54-07,19044,6641,14925848,1,312530,49.26338195800781,-123.06903076171875,0.0,1,60.00141982106755
2026-05-23 00:00:00,2026-05-23 01:28:20.17973-07,2026-05-23 01:28:11-07,23013,6641,14925618,0,312527,49.26374816894531,-123.15318298339844,7.2793,79,19.534574066329586
2026-05-23 00:00:00,2026-05-23 01:28:20.17973-07,2026-05-23 01:27:54-07,24001,6641,14925845,1,312530,49.265865325927734,-123.23574829101562,12.7331,135,20.84049635814346
2026-05-23 00:00:00,2026-05-23 01:28:50.682257-07,2026-05-23 01:28:33-07,19022,6641,14925846,1,312530,49.26371765136719,-123.14016723632812,5.6682,69,63.371772238143684
2026-05-23 00:00:00,2026-05-23 01:28:50.682257-07,2026-05-23 01:28:24-07,19044,6641,14925848,1,312530,49.26338195800781,-123.06903076171875,0.0,1,60.00141982106755
2026-05-23 00:00:00,2026-05-23 01:28:50.682257-07,2026-05-23 01:28:39-07,23013,6641,14925618,0,312527,49.26373291015625,-123.15098571777344,7.4538,83,32.51399145342754
2026-05-23 00:00:00,2026-05-23 01:28:50.682257-07,2026-05-23 01:28:24-07,24001,6641,14925845,1,312530,49.267051696777344,-123.24099731445312,13.1754,145,7.180497764764501
2026-05-23 00:00:00,2026-05-23 01:29:21.109135-07,2026-05-23 01:29:10-07,19022,6641,14925846,1,312530,49.26369857788086,-123.14057922363281,5.6682,69,33.75620003447872
2026-05-23 00:00:00,2026-05-23 01:29:21.109135-07,2026-05-23 01:28:52-07,19044,6641,14925848,1,312530,49.26338195800781,-123.06903076171875,0.0,1,60.00141982106755
2026-05-23 00:00:00,2026-05-23 01:29:21.109135-07,2026-05-23 01:29:09-07,23013,6641,14925618,0,312527,49.2636833190918,-123.14749908447266,7.6286,84,47.10624511809537
2026-05-23 00:00:00,2026-05-23 01:29:21.109135-07,2026-05-23 01:28:58-07,24001,6641,14925845,1,312530,49.266483306884766,-123.24551391601562,13.5001,151,5.61925898489867
2026-05-23 00:00:00,2026-05-23 01:29:51.66697-07,2026-05-23 01:29:40-07,19022,6641,14925846,1,312530,49.2636833190918,-123.1417465209961,5.6683,70,52.77686096513133
2026-05-23 00:00:00,2026-05-23 01:29:51.66697-07,2026-05-23 01:29:23-07,19044,6641,14925848,1,312530,49.26338195800781,-123.06903076171875,0.0,1,60.00141982106755
2026-05-23 00:00:00,2026-05-23 01:29:51.66697-07,2026-05-23 01:29:40-07,23013,6641,14925618,0,312527,49.263633728027344,-123.14230346679688,7.9729,86,80.64547877236939
2026-05-23 00:00:00,2026-05-23 01:29:51.66697-07,2026-05-23 01:29:28-07,24001,6641,14925845,1,312530,49.268699645996094,-123.24735260009766,13.7849,158,4.334920975211557
2026-05-23 00:00:00,2026-05-23 01:30:22.105095-07,2026-05-23 01:30:09-07,19022,6641,14925846,1,312530,49.26376724243164,-123.1449966430664,6.0127,72,55.64896527136517
2026-05-23 00:00:00,2026-05-23 01:30:22.105095-07,2026-05-23 01:29:53-07,19044,6641,14925848,1,312530,49.26338195800781,-123.06903076171875,0.0,1,60.00141982106755
2026-05-23 00:00:00,2026-05-23 01:30:22.105095-07,2026-05-23 01:30:11-07,23013,6641,14925618,0,312527,49.26353454589844,-123.13996887207031,8.2755,89,52.10604059654766
2026-05-23 00:00:00,2026-05-23 01:30:22.105095-07,2026-05-23 01:29:58-07,24001,6641,14925845,1,312530,49.26806640625,-123.24798583984375,13.8943,166,60.657054084376206
2026-05-23 00:00:00,2026-05-23 01:30:52.600618-07,2026-05-23 01:30:40-07,19022,6641,14925846,1,312530,49.26376724243164,-123.14624786376953,6.0127,72,36.35001747206239
2026-05-23 00:00:00,2026-05-23 01:30:52.600618-07,2026-05-23 01:30:23-07,19044,6641,14925848,1,312530,49.26338195800781,-123.06903076171875,0.0,1,60.00141982106755
2026-05-23 00:00:00,2026-05-23 01:30:52.600618-07,2026-05-23 01:30:26-07,23013,6641,14925618,0,312527,49.26351547241211,-123.13988494873047,8.2755,89,46.437716852921156
2026-05-23 00:00:00,2026-05-23 01:30:52.600618-07,2026-05-23 01:29:58-07,24001,6641,14925845,1,312530,49.26806640625,-123.24798583984375,13.8943,166,60.657054084376206
2026-05-23 00:00:00,2026-05-23 01:31:23.038494-07,2026-05-23 01:31:06-07,19020,6641,14925847,1,312530,49.263248443603516,-123.06866455078125,0.0,1,90.37254284944517
2026-05-23 00:00:00,2026-05-23 01:31:23.038494-07,2026-05-23 01:31:08-07,19022,6641,14925846,1,312530,49.26371765136719,-123.15032958984375,6.3613,75,17.05890241423454
2026-05-23 00:00:00,2026-05-23 01:31:23.038494-07,2026-05-23 01:30:53-07,19044,6641,14925848,1,312530,49.26338195800781,-123.06903076171875,0.0,1,60.00141982106755
2026-05-23 00:00:00,2026-05-23 01:31:23.038494-07,2026-05-23 01:30:54-07,23013,6641,14925618,0,312527,49.263450622558594,-123.13680267333984,8.5063,93,53.19578000040346
2026-05-23 00:00:00,2026-05-23 01:31:23.038494-07,2026-05-23 01:29:58-07,24001,6641,14925845,1,312530,49.26806640625,-123.24798583984375,13.8943,166,60.657054084376206
2026-05-23 00:00:00,2026-05-23 01:31:53.623635-07,2026-05-23 01:31:37-07,19020,6641,14925847,1,312530,49.263248443603516,-123.06866455078125,0.0,1,90.37254284944517
2026-05-23 00:00:00,2026-05-23 01:31:53.623635-07,2026-05-23 01:31:40-07,19022,6641,14925846,1,312530,49.26374816894531,-123.15274810791016,6.5357,78,15.982836906464758
2026-05-23 00:00:00,2026-05-23 01:31:53.623635-07,2026-05-23 01:31:24-07,19044,6641,14925848,1,312530,49.26338195800781,-123.06903076171875,0.0,1,60.00141982106755
2026-05-23 00:00:00,2026-05-23 01:31:53.623635-07,2026-05-23 01:31:27-07,23013,6641,14925618,0,312527,49.263465881347656,-123.1363296508789,8.5063,93,20.358453075171308
2026-05-23 00:00:00,2026-05-23 01:31:53.623635-07,2026-05-23 01:29:58-07,24001,6641,14925845,1,312530,49.26806640625,-123.24798583984375,13.8943,166,60.657054084376206
2026-05-23 00:00:00,2026-05-23 01:32:24.124203-07,2026-05-23 01:32:07-07,19020,6641,14925847,1,312530,49.263248443603516,-123.06866455078125,0.0,1,90.37254284944517
2026-05-23 00:00:00,2026-05-23 01:32:24.124203-07,2026-05-23 01:32:10-07,19022,6641,14925846,1,312530,49.263916015625,-123.15440368652344,6.7076,79,65.25415058729291
2026-05-23 00:00:00,2026-05-23 01:32:24.124203-07,2026-05-23 01:31:24-07,19044,6641,14925848,1,312530,49.26338195800781,-123.06903076171875,0.0,1,60.00141982106755
2026-05-23 00:00:00,2026-05-23 01:32:24.124203-07,2026-05-23 01:31:55-07,23013,6641,14925618,0,312527,49.26350021362305,-123.13311767578125,8.6788,94,43.76221980893443
2026-05-23 00:00:00,2026-05-23 01:32:24.124203-07,2026-05-23 01:29:58-07,24001,6641,14925845,1,312530,49.26806640625,-123.24798583984375,13.8943,166,60.657054084376206
2026-05-23 00:00:00,2026-05-23 01:32:54.690116-07,2026-05-23 01:32:36-07,19020,6641,14925847,1,312530,49.263248443603516,-123.06866455078125,0.0,1,90.37254284944517
2026-05-23 00:00:00,2026-05-23 01:32:54.690116-07,2026-05-23 01:32:26-07,19022,6641,14925846,1,312530,49.26390075683594,-123.15478515625,6.7076,79,37.54728245921485
2026-05-23 00:00:00,2026-05-23 01:32:54.690116-07,2026-05-23 01:31:24-07,19044,6641,14925848,1,312530,49.26338195800781,-123.06903076171875,0.0,1,60.00141982106755
2026-05-23 00:00:00,2026-05-23 01:32:54.690116-07,2026-05-23 01:32:27-07,23013,6641,14925618,0,312527,49.2634162902832,-123.12861633300781,9.0222,96,28.22670832639276
2026-05-23 00:00:00,2026-05-23 01:32:54.690116-07,2026-05-23 01:29:58-07,24001,6641,14925845,1,312530,49.26806640625,-123.24798583984375,13.8943,166,60.657054084376206
2026-05-23 00:00:00,2026-05-23 01:33:25.148775-07,2026-05-23 01:33:06-07,19020,6641,14925847,1,312530,49.263248443603516,-123.06866455078125,0.0,1,90.37254284944517
2026-05-23 00:00:00,2026-05-23 01:33:25.148775-07,2026-05-23 01:32:56-07,19022,6641,14925846,1,312530,49.26396560668945,-123.16000366210938,7.0508,81,2.9268469884877715
2026-05-23 00:00:00,2026-05-23 01:33:25.148775-07,2026-05-23 01:31:24-07,19044,6641,14925848,1,312530,49.26338195800781,-123.06903076171875,0.0,1,60.00141982106755
2026-05-23 00:00:00,2026-05-23 01:33:25.148775-07,2026-05-23 01:32:56-07,23013,6641,14925618,0,312527,49.26348114013672,-123.12625122070312,9.1958,97,27.964803123210352
2026-05-23 00:00:00,2026-05-23 01:33:25.148775-07,2026-05-23 01:29:58-07,24001,6641,14925845,1,312530,49.26806640625,-123.24798583984375,13.8943,166,60.657054084376206
2026-05-23 00:00:00,2026-05-23 01:33:55.827165-07,2026-05-23 01:33:36-07,19020,6641,14925847,1,312530,49.263248443603516,-123.06866455078125,0.0,1,90.37254284944517
2026-05-23 00:00:00,2026-05-23 01:33:55.827165-07,2026-05-23 01:33:25-07,19022,6641,14925846,1,312530,49.264068603515625,-123.16556549072266,7.5221,84,66.82684751140509
2026-05-23 00:00:00,2026-05-23 01:33:55.827165-07,2026-05-23 01:31:24-07,19044,6641,14925848,1,312530,49.26338195800781,-123.06903076171875,0.0,1,60.00141982106755
2026-05-23 00:00:00,2026-05-23 01:33:55.827165-07,2026-05-23 01:33:27-07,23013,6641,14925618,0,312527,49.26336669921875,-123.12259674072266,9.5453,99,56.70586984724798
2026-05-23 00:00:00,2026-05-23 01:33:55.827165-07,2026-05-23 01:29:58-07,24001,6641,14925845,1,312530,49.26806640625,-123.24798583984375,13.8943,166,60.657054084376206
2026-05-23 00:00:00,2026-05-23 01:34:26.335804-07,2026-05-23 01:34:06-07,19020,6641,14925847,1,312530,49.263248443603516,-123.06866455078125,0.0,1,90.37254284944517
2026-05-23 00:00:00,2026-05-23 01:34:26.335804-07,2026-05-23 01:34:11-07,19022,6641,14925846,1,312530,49.26413345336914,-123.16793060302734,7.644,85,17.675044667658344
2026-05-23 00:00:00,2026-05-23 01:34:26.335804-07,2026-05-23 01:31:24-07,19044,6641,14925848,1,312530,49.26338195800781,-123.06903076171875,0.0,1,60.00141982106755
2026-05-23 00:00:00,2026-05-23 01:34:26.335804-07,2026-05-23 01:33:58-07,23013,6641,14925618,0,312527,49.263267517089844,-123.12018585205078,9.6854,100,21.32549765507289
2026-05-23 00:00:00,2026-05-23 01:34:26.335804-07,2026-05-23 01:29:58-07,24001,6641,14925845,1,312530,49.26806640625,-123.24798583984375,13.8943,166,60.657054084376206
2026-05-23 00:00:00,2026-05-23 01:34:56.891519-07,2026-05-23 01:34:36-07,19020,6641,14925847,1,312530,49.263248443603516,-123.06866455078125,0.0,1,90.37254284944517
2026-05-23 00:00:00,2026-05-23 01:34:56.891519-07,2026-05-23 01:34:40-07,19022,6641,14925846,1,312530,49.26413345336914,-123.16793060302734,7.644,85,17.675044667658344
2026-05-23 00:00:00,2026-05-23 01:34:56.891519-07,2026-05-23 01:31:24-07,19044,6641,14925848,1,312530,49.26338195800781,-123.06903076171875,0.0,1,60.00141982106755
2026-05-23 00:00:00,2026-05-23 01:34:56.891519-07,2026-05-23 01:34:34-07,23013,6641,14925618,0,312527,49.263267517089844,-123.11978149414062,9.6854,100,8.785095681281202
2026-05-23 00:00:00,2026-05-23 01:34:56.891519-07,2026-05-23 01:29:58-07,24001,6641,14925845,1,312530,49.26806640625,-123.24798583984375,13.8943,166,60.657054084376206
2026-05-23 00:00:00,2026-05-23 01:35:27.323878-07,2026-05-23 01:35:06-07,19020,6641,14925847,1,312530,49.263248443603516,-123.06866455078125,0.0,1,90.37254284944517
2026-05-23 00:00:00,2026-05-23 01:35:27.323878-07,2026-05-23 01:35:10-07,19022,6641,14925846,1,312530,49.26413345336914,-123.17015075683594,7.7832,86,7.147093195260811
2026-05-23 00:00:00,2026-05-23 01:35:27.323878-07,2026-05-23 01:34:53-07,19044,6641,14925848,1,312530,49.26286697387695,-123.0677490234375,0.3403,7,57.95799478552023
2026-05-23 00:00:00,2026-05-23 01:35:27.323878-07,2026-05-23 01:35:03-07,23013,6641,14925618,0,312527,49.26319885253906,-123.11638641357422,9.8583,102,82.45408880330021
2026-05-23 00:00:00,2026-05-23 01:35:27.323878-07,2026-05-23 01:29:58-07,24001,6641,14925845,1,312530,49.26806640625,-123.24798583984375,13.8943,166,60.657054084376206
2026-05-23 00:00:00,2026-05-23 01:35:57.985915-07,2026-05-23 01:35:37-07,19020,6641,14925847,1,312530,49.263248443603516,-123.06866455078125,0.0,1,90.37254284944517
2026-05-23 00:00:00,2026-05-23 01:35:57.985915-07,2026-05-23 01:35:40-07,19022,6641,14925846,1,312530,49.264251708984375,-123.17566680908203,8.2077,91,17.766646900119415
2026-05-23 00:00:00,2026-05-23 01:35:57.985915-07,2026-05-23 01:34:53-07,19044,6641,14925848,1,312530,49.26286697387695,-123.0677490234375,0.3403,7,57.95799478552023
2026-05-23 00:00:00,2026-05-23 01:35:57.985915-07,2026-05-23 01:35:34-07,23013,6641,14925618,0,312527,49.26316833496094,-123.11451721191406,10.058,105,19.33495222993527
2026-05-23 00:00:00,2026-05-23 01:35:57.985915-07,2026-05-23 01:29:58-07,24001,6641,14925845,1,312530,49.26806640625,-123.24798583984375,13.8943,166,60.657054084376206
2026-05-23 00:00:00,2026-05-23 01:36:28.426753-07,2026-05-23 01:35:49-07,19020,6641,14925847,1,312530,49.26313400268555,-123.06831359863281,0.3869,8,87.47923313143724
2026-05-23 00:00:00,2026-05-23 01:36:28.426753-07,2026-05-23 01:36:11-07,19022,6641,14925846,1,312530,49.26430130004883,-123.18106842041016,8.6414,95,57.22212756780738
2026-05-23 00:00:00,2026-05-23 01:36:28.426753-07,2026-05-23 01:34:53-07,19044,6641,14925848,1,312530,49.26286697387695,-123.0677490234375,0.3403,7,57.95799478552023
2026-05-23 00:00:00,2026-05-23 01:36:28.426753-07,2026-05-23 01:36:06-07,23013,6641,14925618,0,312527,49.26321792602539,-123.11430358886719,10.058,105,34.46004908397584
2026-05-23 00:00:00,2026-05-23 01:36:28.426753-07,2026-05-23 01:29:58-07,24001,6641,14925845,1,312530,49.26806640625,-123.24798583984375,13.8943,166,60.657054084376206
2026-05-23 00:00:00,2026-05-23 01:36:58.975852-07,2026-05-23 01:36:20-07,19020,6641,14925847,1,312530,49.262481689453125,-123.06683349609375,0.2471,4,2.9666545693376403
2026-05-23 00:00:00,2026-05-23 01:36:58.975852-07,2026-05-23 01:36:40-07,19022,6641,14925846,1,312530,49.264381408691406,-123.1855697631836,8.9343,97,22.47480766108048
2026-05-23 00:00:00,2026-05-23 01:36:58.975852-07,2026-05-23 01:34:53-07,19044,6641,14925848,1,312530,49.26286697387695,-123.0677490234375,0.3403,7,57.95799478552023
2026-05-23 00:00:00,2026-05-23 01:36:58.975852-07,2026-05-23 01:36:35-07,23013,6641,14925618,0,312527,49.26321792602539,-123.11315155029297,10.1954,107,19.300416463101072
2026-05-23 00:00:00,2026-05-23 01:36:58.975852-07,2026-05-23 01:29:58-07,24001,6641,14925845,1,312530,49.26806640625,-123.24798583984375,13.8943,166,60.657054084376206
2026-05-23 00:00:00,2026-05-23 01:37:29.479728-07,2026-05-23 01:37:05-07,19020,6641,14925847,1,312530,49.26240158081055,-123.06888580322266,0.4162,10,10.63324674332824
2026-05-23 00:00:00,2026-05-23 01:37:29.479728-07,2026-05-23 01:37:11-07,19022,6641,14925846,1,312530,49.26371765136719,-123.18596649169922,8.9822,98,25.263256610344442
2026-05-23 00:00:00,2026-05-23 01:37:29.479728-07,2026-05-23 01:34:53-07,19044,6641,14925848,1,312530,49.26286697387695,-123.0677490234375,0.3403,7,57.95799478552023
2026-05-23 00:00:00,2026-05-23 01:37:29.479728-07,2026-05-23 01:37:05-07,23013,6641,14925618,0,312527,49.26319885253906,-123.11132049560547,10.3366,108,27.306934024739416
2026-05-23 00:00:00,2026-05-23 01:37:29.479728-07,2026-05-23 01:29:58-07,24001,6641,14925845,1,312530,49.26806640625,-123.24798583984375,13.8943,166,60.657054084376206
2026-05-23 00:00:00,2026-05-23 01:38:00.218176-07,2026-05-23 01:37:34-07,19020,6641,14925847,1,312530,49.26238250732422,-123.07361602783203,0.7576,15,3.400414704558997
2026-05-23 00:00:00,2026-05-23 01:38:00.218176-07,2026-05-23 01:37:41-07,19022,6641,14925846,1,312530,49.26351547241211,-123.1861343383789,9.0331,99,17.57275286186943
2026-05-23 00:00:00,2026-05-23 01:38:00.218176-07,2026-05-23 01:34:53-07,19044,6641,14925848,1,312530,49.26286697387695,-123.0677490234375,0.3403,7,57.95799478552023
2026-05-23 00:00:00,2026-05-23 01:38:00.218176-07,2026-05-23 01:37:36-07,23013,6641,14925618,0,312527,49.263065338134766,-123.10690307617188,10.6369,111,5.574176644128577
2026-05-23 00:00:00,2026-05-23 01:38:00.218176-07,2026-05-23 01:29:58-07,24001,6641,14925845,1,312530,49.26806640625,-123.24798583984375,13.8943,166,60.657054084376206
2026-05-23 00:00:00,2026-05-23 01:38:30.659917-07,2026-05-23 01:38:04-07,19020,6641,14925847,1,312530,49.262481689453125,-123.07849884033203,1.0471,20,64.31617371576907
2026-05-23 00:00:00,2026-05-23 01:38:30.659917-07,2026-05-23 01:38:11-07,19022,6641,14925846,1,312530,49.26358413696289,-123.19066619873047,9.393,101,12.630094779508305
2026-05-23 00:00:00,2026-05-23 01:38:30.659917-07,2026-05-23 01:34:53-07,19044,6641,14925848,1,312530,49.26286697387695,-123.0677490234375,0.3403,7,57.95799478552023
2026-05-23 00:00:00,2026-05-23 01:38:30.659917-07,2026-05-23 01:38:05-07,23013,6641,14925618,0,312527,49.26296615600586,-123.10303497314453,10.919,114,5.3686451073959125
2026-05-23 00:00:00,2026-05-23 01:38:30.659917-07,2026-05-23 01:29:58-07,24001,6641,14925845,1,312530,49.26806640625,-123.24798583984375,13.8943,166,60.657054084376206
2026-05-23 00:00:00,2026-05-23 01:39:01.129045-07,2026-05-23 01:38:51-07,19020,6641,14925847,1,312530,49.26250076293945,-123.08456420898438,1.6033,24,51.09606751765218
2026-05-23 00:00:00,2026-05-23 01:39:01.129045-07,2026-05-23 01:38:42-07,19022,6641,14925846,1,312530,49.263668060302734,-123.19583129882812,9.7438,105,13.180831256729386
2026-05-23 00:00:00,2026-05-23 01:39:01.129045-07,2026-05-23 01:34:53-07,19044,6641,14925848,1,312530,49.26286697387695,-123.0677490234375,0.3403,7,57.95799478552023
2026-05-23 00:00:00,2026-05-23 01:39:01.129045-07,2026-05-23 01:38:35-07,23013,6641,14925618,0,312527,49.26286697387695,-123.10066986083984,11.07,116,16.473434138246454
2026-05-23 00:00:00,2026-05-23 01:39:01.129045-07,2026-05-23 01:29:58-07,24001,6641,14925845,1,312530,49.26806640625,-123.24798583984375,13.8943,166,60.657054084376206
2026-05-23 00:00:00,2026-05-23 01:39:31.612485-07,2026-05-23 01:39:21-07,19020,6641,14925847,1,312530,49.2625846862793,-123.08883666992188,1.885,26,24.475025074293434
2026-05-23 00:00:00,2026-05-23 01:39:31.612485-07,2026-05-23 01:39:13-07,19022,6641,14925846,1,312530,49.26374816894531,-123.20165252685547,10.2794,110,98.5770537169352
2026-05-23 00:00:00,2026-05-23 01:39:31.612485-07,2026-05-23 01:34:53-07,19044,6641,14925848,1,312530,49.26286697387695,-123.0677490234375,0.3403,7,57.95799478552023
2026-05-23 00:00:00,2026-05-23 01:39:31.612485-07,2026-05-23 01:39:14-07,23013,6641,14925618,0,312527,49.26279830932617,-123.09968566894531,11.1692,118,14.191023096448982
2026-05-23 00:00:00,2026-05-23 01:39:31.612485-07,2026-05-23 01:29:58-07,24001,6641,14925845,1,312530,49.26806640625,-123.24798583984375,13.8943,166,60.657054084376206
2026-05-23 00:00:00,2026-05-23 01:40:02.205909-07,2026-05-23 01:39:51-07,19020,6641,14925847,1,312530,49.26261520385742,-123.09003448486328,1.885,26,66.93068495500778
2026-05-23 00:00:00,2026-05-23 01:40:02.205909-07,2026-05-23 01:39:42-07,19022,6641,14925846,1,312530,49.263851165771484,-123.20706939697266,10.5037,112,71.38242677912275
2026-05-23 00:00:00,2026-05-23 01:40:02.205909-07,2026-05-23 01:34:53-07,19044,6641,14925848,1,312530,49.26286697387695,-123.0677490234375,0.3403,7,57.95799478552023
2026-05-23 00:00:00,2026-05-23 01:40:02.205909-07,2026-05-23 01:39:43-07,23013,6641,14925618,0,312527,49.262481689453125,-123.09486389160156,11.5065,127,7.621694768695152
2026-05-23 00:00:00,2026-05-23 01:40:33.431792-07,2026-05-23 01:40:07-07,19020,6641,14925847,1,312530,49.26256561279297,-123.09031677246094,2.024,27,53.43695972708991
2026-05-23 00:00:00,2026-05-23 01:40:33.431792-07,2026-05-23 01:40:14-07,19022,6641,14925846,1,312530,49.26390075683594,-123.2096176147461,10.7243,113,36.74831264767398
2026-05-23 00:00:00,2026-05-23 01:40:33.431792-07,2026-05-23 01:34:53-07,19044,6641,14925848,1,312530,49.26286697387695,-123.0677490234375,0.3403,7,57.95799478552023
2026-05-23 00:00:00,2026-05-23 01:40:33.431792-07,2026-05-23 01:40:14-07,23013,6641,14925618,0,312527,49.26240158081055,-123.08958435058594,11.9299,131,33.81117918000921
2026-05-23 00:00:00,2026-05-23 01:41:03.941552-07,2026-05-23 01:40:36-07,19020,6641,14925847,1,312530,49.26261520385742,-123.09556579589844,2.3553,32,7.533665006279408
2026-05-23 00:00:00,2026-05-23 01:41:03.941552-07,2026-05-23 01:40:34-07,19022,6641,14925846,1,312530,49.26388168334961,-123.21013641357422,10.7243,113,73.85654990626038
2026-05-23 00:00:00,2026-05-23 01:41:03.941552-07,2026-05-23 01:34:53-07,19044,6641,14925848,1,312530,49.26286697387695,-123.0677490234375,0.3403,7,57.95799478552023
2026-05-23 00:00:00,2026-05-23 01:41:03.941552-07,2026-05-23 01:40:43-07,23013,6641,14925618,0,312527,49.26240158081055,-123.08938598632812,11.9299,131,20.289714484231006
2026-05-23 00:00:00,2026-05-23 01:41:34.526983-07,2026-05-23 01:41:10-07,19020,6641,14925847,1,312530,49.262882232666016,-123.097900390625,2.4628,35,64.93680319135062
2026-05-23 00:00:00,2026-05-23 01:41:34.526983-07,2026-05-23 01:41:04-07,19022,6641,14925846,1,312530,49.26398468017578,-123.21503448486328,11.1602,118,3.243399886826727
2026-05-23 00:00:00,2026-05-23 01:41:34.526983-07,2026-05-23 01:34:53-07,19044,6641,14925848,1,312530,49.26286697387695,-123.0677490234375,0.3403,7,57.95799478552023
2026-05-23 00:00:00,2026-05-23 01:41:34.526983-07,2026-05-23 01:41:19-07,23013,6641,14925618,0,312527,49.26241683959961,-123.08824920654297,11.9299,131,64.68491312067377
2026-05-23 00:00:00,2026-05-23 01:42:05.127989-07,2026-05-23 01:41:40-07,19020,6641,14925847,1,312530,49.26286697387695,-123.09970092773438,2.6458,39,12.705867183234217
2026-05-23 00:00:00,2026-05-23 01:42:05.127989-07,2026-05-23 01:41:34-07,19022,6641,14925846,1,312530,49.26386642456055,-123.22086334228516,11.2204,120,360.2436588940698
2026-05-23 00:00:00,2026-05-23 01:42:05.127989-07,2026-05-23 01:34:53-07,19044,6641,14925848,1,312530,49.26286697387695,-123.0677490234375,0.3403,7,57.95799478552023
2026-05-23 00:00:00,2026-05-23 01:42:05.127989-07,2026-05-23 01:41:48-07,23013,6641,14925618,0,312527,49.26240158081055,-123.08308410644531,12.3531,134,17.810600629792493
2026-05-23 00:00:00,2026-05-23 01:42:35.586545-07,2026-05-23 01:42:10-07,19020,6641,14925847,1,312530,49.26300048828125,-123.10301971435547,2.896,43,5.658503084956313
2026-05-23 00:00:00,2026-05-23 01:42:35.586545-07,2026-05-23 01:42:03-07,19022,6641,14925846,1,312530,49.26373291015625,-123.22637939453125,12.2434,121,259.1019460561132
2026-05-23 00:00:00,2026-05-23 01:42:35.586545-07,2026-05-23 01:34:53-07,19044,6641,14925848,1,312530,49.26286697387695,-123.0677490234375,0.3403,7,57.95799478552023
2026-05-23 00:00:00,2026-05-23 01:42:35.586545-07,2026-05-23 01:42:18-07,23013,6641,14925618,0,312527,49.26234817504883,-123.0777816772461,12.7679,137,12.546970064065865
2026-05-23 00:00:00,2026-05-23 01:43:06.101148-07,2026-05-23 01:42:54-07,19020,6641,14925847,1,312530,49.263065338134766,-123.10540008544922,3.0362,44,37.7218927876872
2026-05-23 00:00:00,2026-05-23 01:43:06.101148-07,2026-05-23 01:42:33-07,19022,6641,14925846,1,312530,49.263816833496094,-123.23186492919922,12.3692,127,17.3102756701323
2026-05-23 00:00:00,2026-05-23 01:43:06.101148-07,2026-05-23 01:34:53-07,19044,6641,14925848,1,312530,49.26286697387695,-123.0677490234375,0.3403,7,57.95799478552023
2026-05-23 00:00:00,2026-05-23 01:43:06.101148-07,2026-05-23 01:42:54-07,23013,6641,14925618,0,312527,49.262332916259766,-123.07603454589844,12.9163,140,33.043175220128646
2026-05-23 00:00:00,2026-05-23 01:43:36.638991-07,2026-05-23 01:43:25-07,19020,6641,14925847,1,312530,49.26316833496094,-123.11031341552734,3.4784,49,46.477354542279826
2026-05-23 00:00:00,2026-05-23 01:43:36.638991-07,2026-05-23 01:43:04-07,19022,6641,14925846,1,312530,49.26603317260742,-123.23606872558594,12.7331,135,50.6378417729454
2026-05-23 00:00:00,2026-05-23 01:43:36.638991-07,2026-05-23 01:34:53-07,19044,6641,14925848,1,312530,49.26286697387695,-123.0677490234375,0.3403,7,57.95799478552023
2026-05-23 00:00:00,2026-05-23 01:43:36.638991-07,2026-05-23 01:43:25-07,23013,6641,14925618,0,312527,49.262332916259766,-123.07081604003906,13.1927,143,70.46704985937188
2026-05-23 00:00:00,2026-05-23 01:43:36.638991-07,2026-05-23 01:43:11-07,24001,6641,14925619,0,312527,49.267433166503906,-123.24691772460938,0.1448,2,29.188652737194204
2026-05-23 00:00:00,2026-05-23 01:44:07.320158-07,2026-05-23 01:43:55-07,19020,6641,14925847,1,312530,49.26321792602539,-123.11257934570312,3.6196,50,23.07611736385683
2026-05-23 00:00:00,2026-05-23 01:44:07.320158-07,2026-05-23 01:43:35-07,19022,6641,14925846,1,312530,49.267051696777344,-123.24091339111328,13.1754,145,13.025333683472697
2026-05-23 00:00:00,2026-05-23 01:44:07.320158-07,2026-05-23 01:34:53-07,19044,6641,14925848,1,312530,49.26286697387695,-123.0677490234375,0.3403,7,57.95799478552023
2026-05-23 00:00:00,2026-05-23 01:44:07.320158-07,2026-05-23 01:43:54-07,23013,6641,14925618,0,312527,49.262901306152344,-123.0697021484375,13.4045,146,6.543511200765696
2026-05-23 00:00:00,2026-05-23 01:44:07.320158-07,2026-05-23 01:43:34-07,24001,6641,14925619,0,312527,49.26755142211914,-123.24673461914062,0.1448,2,11.025468429544796
2026-05-23 00:00:00,2026-05-23 01:44:37.755664-07,2026-05-23 01:44:25-07,19020,6641,14925847,1,312530,49.26323318481445,-123.11334991455078,3.6196,50,33.75034934457782
2026-05-23 00:00:00,2026-05-23 01:44:37.755664-07,2026-05-23 01:44:05-07,19022,6641,14925846,1,312530,49.2666015625,-123.24469757080078,13.4017,150,41.93094696892655
2026-05-23 00:00:00,2026-05-23 01:44:37.755664-07,2026-05-23 01:34:53-07,19044,6641,14925848,1,312530,49.26286697387695,-123.0677490234375,0.3403,7,57.95799478552023
2026-05-23 00:00:00,2026-05-23 01:44:37.755664-07,2026-05-23 01:44:24-07,23013,6641,14925618,0,312527,49.2634162902832,-123.06964874267578,13.4776,149,20.55074500034425
2026-05-23 00:00:00,2026-05-23 01:44:37.755664-07,2026-05-23 01:44:05-07,24001,6641,14925619,0,312527,49.26653289794922,-123.24562072753906,0.294,3,14.365115633738002
2026-05-23 00:00:00,2026-05-23 01:45:08.207844-07,2026-05-23 01:44:55-07,19020,6641,14925847,1,312530,49.263267517089844,-123.11453247070312,3.757,52,19.16545366046
2026-05-23 00:00:00,2026-05-23 01:45:08.207844-07,2026-05-23 01:44:39-07,19022,6641,14925846,1,312530,49.26653289794922,-123.24497985839844,13.5001,151,34.49232607305742
2026-05-23 00:00:00,2026-05-23 01:45:08.207844-07,2026-05-23 01:44:55-07,23013,6641,14925618,0,312527,49.26340103149414,-123.06964874267578,13.4386,148,21.005770588130048
2026-05-23 00:00:00,2026-05-23 01:45:08.207844-07,2026-05-23 01:44:34-07,24001,6641,14925619,0,312527,49.26678466796875,-123.24256896972656,0.5484,8,15.606982132916166
2026-05-23 00:00:00,2026-05-23 01:45:38.977017-07,2026-05-23 01:45:26-07,19020,6641,14925847,1,312530,49.26333236694336,-123.11641693115234,3.9567,55,80.56540545108071
2026-05-23 00:00:00,2026-05-23 01:45:38.977017-07,2026-05-23 01:45:10-07,19022,6641,14925846,1,312530,49.26786804199219,-123.24676513671875,13.6795,155,4.5369645675224755
2026-05-23 00:00:00,2026-05-23 01:45:38.977017-07,2026-05-23 01:45:16-07,23013,6641,14925618,0,312527,49.26356887817383,-123.06961822509766,13.4776,149,11.196558078672131
2026-05-23 00:00:00,2026-05-23 01:45:38.977017-07,2026-05-23 01:45:07-07,24001,6641,14925619,0,312527,49.26691818237305,-123.24150085449219,0.6276,11,16.12562511240657
2026-05-23 00:00:00,2026-05-23 01:46:09.868115-07,2026-05-23 01:45:51-07,19020,6641,14925847,1,312530,49.26333236694336,-123.11644744873047,3.9567,55,78.36568724899142
2026-05-23 00:00:00,2026-05-23 01:46:09.868115-07,2026-05-23 01:45:40-07,19022,6641,14925846,1,312530,49.26881790161133,-123.24819946289062,13.8581,162,15.423980378372757
2026-05-23 00:00:00,2026-05-23 01:46:09.868115-07,2026-05-23 01:45:16-07,23013,6641,14925618,0,312527,49.26356887817383,-123.06961822509766,13.4776,149,11.196558078672131
2026-05-23 00:00:00,2026-05-23 01:46:09.868115-07,2026-05-23 01:45:38-07,24001,6641,14925619,0,312527,49.2661018371582,-123.23650360107422,0.9528,22,39.20331494358098
2026-05-23 00:00:00,2026-05-23 01:46:40.304957-07,2026-05-23 01:46:21-07,19020,6641,14925847,1,312530,49.26340103149414,-123.12003326416016,4.1296,57,15.481244219854092
2026-05-23 00:00:00,2026-05-23 01:46:40.304957-07,2026-05-23 01:45:40-07,19022,6641,14925846,1,312530,49.26881790161133,-123.24819946289062,13.8581,162,15.423980378372757
2026-05-23 00:00:00,2026-05-23 01:46:40.304957-07,2026-05-23 01:45:16-07,23013,6641,14925618,0,312527,49.26356887817383,-123.06961822509766,13.4776,149,11.196558078672131
2026-05-23 00:00:00,2026-05-23 01:46:40.304957-07,2026-05-23 01:46:08-07,24001,6641,14925619,0,312527,49.26374816894531,-123.23211669921875,1.4103,30,4.3824325836205995
2026-05-23 00:00:00,2026-05-23 01:47:10.770425-07,2026-05-23 01:46:55-07,19020,6641,14925847,1,312530,49.263450622558594,-123.12273406982422,4.2697,58,68.04308449668142
2026-05-23 00:00:00,2026-05-23 01:47:10.770425-07,2026-05-23 01:45:40-07,19022,6641,14925846,1,312530,49.26881790161133,-123.24819946289062,13.8581,162,15.423980378372757
2026-05-23 00:00:00,2026-05-23 01:47:10.770425-07,2026-05-23 01:45:16-07,23013,6641,14925618,0,312527,49.26356887817383,-123.06961822509766,13.4776,149,11.196558078672131
2026-05-23 00:00:00,2026-05-23 01:47:10.770425-07,2026-05-23 01:46:36-07,24001,6641,14925619,0,312527,49.26361846923828,-123.22636413574219,1.5845,36,247.3842457549137
2026-05-23 00:00:00,2026-05-23 01:47:41.274875-07,2026-05-23 01:47:25-07,19020,6641,14925847,1,312530,49.26350021362305,-123.12561798095703,4.6192,60,73.38929813388204
2026-05-23 00:00:00,2026-05-23 01:47:41.274875-07,2026-05-23 01:45:40-07,19022,6641,14925846,1,312530,49.26881790161133,-123.24819946289062,13.8581,162,15.423980378372757
2026-05-23 00:00:00,2026-05-23 01:47:41.274875-07,2026-05-23 01:45:16-07,23013,6641,14925618,0,312527,49.26356887817383,-123.06961822509766,13.4776,149,11.196558078672131
2026-05-23 00:00:00,2026-05-23 01:47:41.274875-07,2026-05-23 01:47:08-07,24001,6641,14925619,0,312527,49.26374816894531,-123.22025299072266,2.5945,37,315.9562399046563
2026-05-23 00:00:00,2026-05-23 01:48:11.88007-07,2026-05-23 01:47:55-07,19020,6641,14925847,1,312530,49.26353454589844,-123.12918090820312,4.7927,61,16.371606453772422
2026-05-23 00:00:00,2026-05-23 01:48:11.88007-07,2026-05-23 01:45:40-07,19022,6641,14925846,1,312530,49.26881790161133,-123.24819946289062,13.8581,162,15.423980378372757
2026-05-23 00:00:00,2026-05-23 01:48:11.88007-07,2026-05-23 01:45:16-07,23013,6641,14925618,0,312527,49.26356887817383,-123.06961822509766,13.4776,149,11.196558078672131
2026-05-23 00:00:00,2026-05-23 01:48:11.88007-07,2026-05-23 01:47:38-07,24001,6641,14925619,0,312527,49.26390075683594,-123.21493530273438,2.6696,40,3.525089505846958
2026-05-23 00:00:00,2026-05-23 01:48:42.308982-07,2026-05-23 01:48:25-07,19020,6641,14925847,1,312530,49.26358413696289,-123.13424682617188,5.1362,63,38.887966254394605
2026-05-23 00:00:00,2026-05-23 01:48:42.308982-07,2026-05-23 01:45:40-07,19022,6641,14925846,1,312530,49.26881790161133,-123.24819946289062,13.8581,162,15.423980378372757
2026-05-23 00:00:00,2026-05-23 01:48:42.308982-07,2026-05-23 01:45:16-07,23013,6641,14925618,0,312527,49.26356887817383,-123.06961822509766,13.4776,149,11.196558078672131
2026-05-23 00:00:00,2026-05-23 01:48:42.308982-07,2026-05-23 01:48:07-07,24001,6641,14925619,0,312527,49.263832092285156,-123.20954895019531,3.0906,44,31.056488997092593
2026-05-23 00:00:00,2026-05-23 01:49:12.765565-07,2026-05-23 01:48:55-07,19020,6641,14925847,1,312530,49.2635498046875,-123.13584899902344,5.3087,65,17.3797947285422
2026-05-23 00:00:00,2026-05-23 01:49:12.765565-07,2026-05-23 01:45:40-07,19022,6641,14925846,1,312530,49.26881790161133,-123.24819946289062,13.8581,162,15.423980378372757
2026-05-23 00:00:00,2026-05-23 01:49:12.765565-07,2026-05-23 01:45:16-07,23013,6641,14925618,0,312527,49.26356887817383,-123.06961822509766,13.4776,149,11.196558078672131
2026-05-23 00:00:00,2026-05-23 01:49:12.765565-07,2026-05-23 01:48:37-07,24001,6641,14925619,0,312527,49.26380157470703,-123.20833587646484,3.0906,44,57.099573567537675
2026-05-23 00:00:00,2026-05-23 01:49:43.214979-07,2026-05-23 01:49:25-07,19020,6641,14925847,1,312530,49.263648986816406,-123.1386489868164,5.4888,67,9.183366304380797
2026-05-23 00:00:00,2026-05-23 01:49:43.214979-07,2026-05-23 01:45:40-07,19022,6641,14925846,1,312530,49.26881790161133,-123.24819946289062,13.8581,162,15.423980378372757
2026-05-23 00:00:00,2026-05-23 01:49:43.214979-07,2026-05-23 01:45:16-07,23013,6641,14925618,0,312527,49.26356887817383,-123.06961822509766,13.4776,149,11.196558078672131
2026-05-23 00:00:00,2026-05-23 01:49:43.214979-07,2026-05-23 01:49:07-07,24001,6641,14925619,0,312527,49.26373291015625,-123.20339965820312,3.5354,46,28.15680214142545
2026-05-23 00:00:00,2026-05-23 01:50:13.83176-07,2026-05-23 01:49:56-07,19020,6641,14925847,1,312530,49.26371765136719,-123.13957977294922,5.5394,68,27.04714975473941
2026-05-23 00:00:00,2026-05-23 01:50:13.83176-07,2026-05-23 01:45:40-07,19022,6641,14925846,1,312530,49.26881790161133,-123.24819946289062,13.8581,162,15.423980378372757
2026-05-23 00:00:00,2026-05-23 01:50:13.83176-07,2026-05-23 01:45:16-07,23013,6641,14925618,0,312527,49.26356887817383,-123.06961822509766,13.4776,149,11.196558078672131
2026-05-23 00:00:00,2026-05-23 01:50:13.83176-07,2026-05-23 01:49:38-07,24001,6641,14925619,0,312527,49.263648986816406,-123.19750213623047,3.9755,51,38.614302109570524
2026-05-23 00:00:00,2026-05-23 01:50:44.291057-07,2026-05-23 01:50:02-07,19020,6641,14925847,1,312530,49.26369857788086,-123.1399154663086,5.5394,68,49.12319274616789
2026-05-23 00:00:00,2026-05-23 01:50:44.291057-07,2026-05-23 01:45:40-07,19022,6641,14925846,1,312530,49.26881790161133,-123.24819946289062,13.8581,162,15.423980378372757
2026-05-23 00:00:00,2026-05-23 01:50:44.291057-07,2026-05-23 01:45:16-07,23013,6641,14925618,0,312527,49.26356887817383,-123.06961822509766,13.4776,149,11.196558078672131
2026-05-23 00:00:00,2026-05-23 01:50:44.291057-07,2026-05-23 01:50:07-07,24001,6641,14925619,0,312527,49.26356887817383,-123.19194793701172,4.4218,55,80.3312350011978
2026-05-23 00:00:00,2026-05-23 01:51:14.806692-07,2026-05-23 01:50:32-07,19020,6641,14925847,1,312530,49.2636833190918,-123.14078521728516,5.6682,69,19.096709171768218
2026-05-23 00:00:00,2026-05-23 01:51:14.806692-07,2026-05-23 01:45:40-07,19022,6641,14925846,1,312530,49.26881790161133,-123.24819946289062,13.8581,162,15.423980378372757
2026-05-23 00:00:00,2026-05-23 01:51:14.806692-07,2026-05-23 01:45:16-07,23013,6641,14925618,0,312527,49.26356887817383,-123.06961822509766,13.4776,149,11.196558078672131
2026-05-23 00:00:00,2026-05-23 01:51:14.806692-07,2026-05-23 01:50:37-07,24001,6641,14925619,0,312527,49.26350021362305,-123.18678283691406,4.7818,58,64.2426077162342
2026-05-23 00:00:00,2026-05-23 01:51:45.25634-07,2026-05-23 01:51:03-07,19020,6641,14925847,1,312530,49.26373291015625,-123.14331817626953,5.8421,71,10.512812073184058
2026-05-23 00:00:00,2026-05-23 01:51:45.25634-07,2026-05-23 01:45:40-07,19022,6641,14925846,1,312530,49.26881790161133,-123.24819946289062,13.8581,162,15.423980378372757
2026-05-23 00:00:00,2026-05-23 01:51:45.25634-07,2026-05-23 01:45:16-07,23013,6641,14925618,0,312527,49.26356887817383,-123.06961822509766,13.4776,149,11.196558078672131
2026-05-23 00:00:00,2026-05-23 01:51:45.25634-07,2026-05-23 01:51:08-07,24001,6641,14925619,0,312527,49.26359939575195,-123.18585205078125,4.7818,58,13.580669675898655
2026-05-23 00:00:00,2026-05-23 01:52:15.856904-07,2026-05-23 01:51:32-07,19020,6641,14925847,1,312530,49.26374816894531,-123.14530181884766,6.0127,72,33.42607533690337
2026-05-23 00:00:00,2026-05-23 01:52:15.856904-07,2026-05-23 01:45:40-07,19022,6641,14925846,1,312530,49.26881790161133,-123.24819946289062,13.8581,162,15.423980378372757
2026-05-23 00:00:00,2026-05-23 01:52:15.856904-07,2026-05-23 01:45:16-07,23013,6641,14925618,0,312527,49.26356887817383,-123.06961822509766,13.4776,149,11.196558078672131
2026-05-23 00:00:00,2026-05-23 01:52:15.856904-07,2026-05-23 01:51:37-07,24001,6641,14925619,0,312527,49.26431655883789,-123.18521881103516,4.8807,60,48.2721060514929
2026-05-23 00:00:00,2026-05-23 01:52:46.310187-07,2026-05-23 01:52:02-07,19020,6641,14925847,1,312530,49.2637825012207,-123.14698028564453,6.1863,73,84.41808307415747
2026-05-23 00:00:00,2026-05-23 01:52:46.310187-07,2026-05-23 01:45:40-07,19022,6641,14925846,1,312530,49.26881790161133,-123.24819946289062,13.8581,162,15.423980378372757
2026-05-23 00:00:00,2026-05-23 01:52:46.310187-07,2026-05-23 01:45:16-07,23013,6641,14925618,0,312527,49.26356887817383,-123.06961822509766,13.4776,149,11.196558078672131
2026-05-23 00:00:00,2026-05-23 01:52:46.310187-07,2026-05-23 01:52:06-07,24001,6641,14925619,0,312527,49.26431655883789,-123.18433380126953,5.0332,61,39.88102873494913
2026-05-23 00:00:00,2026-05-23 01:53:16.828482-07,2026-05-23 01:53:02-07,19020,6641,14925847,1,312530,49.26376724243164,-123.15267944335938,6.5357,78,19.69094940489466
2026-05-23 00:00:00,2026-05-23 01:53:16.828482-07,2026-05-23 01:45:40-07,19022,6641,14925846,1,312530,49.26881790161133,-123.24819946289062,13.8581,162,15.423980378372757
2026-05-23 00:00:00,2026-05-23 01:53:16.828482-07,2026-05-23 01:45:16-07,23013,6641,14925618,0,312527,49.26356887817383,-123.06961822509766,13.4776,149,11.196558078672131
2026-05-23 00:00:00,2026-05-23 01:53:16.828482-07,2026-05-23 01:53:06-07,24001,6641,14925619,0,312527,49.26416778564453,-123.17451477050781,5.7462,67,37.865535504152376
2026-05-23 00:00:00,2026-05-23 01:53:47.31404-07,2026-05-23 01:53:31-07,19020,6641,14925847,1,312530,49.26393127441406,-123.1543197631836,6.7076,79,71.48487284969033
2026-05-23 00:00:00,2026-05-23 01:53:47.31404-07,2026-05-23 01:45:40-07,19022,6641,14925846,1,312530,49.26881790161133,-123.24819946289062,13.8581,162,15.423980378372757
2026-05-23 00:00:00,2026-05-23 01:53:47.31404-07,2026-05-23 01:45:16-07,23013,6641,14925618,0,312527,49.26356887817383,-123.06961822509766,13.4776,149,11.196558078672131
2026-05-23 00:00:00,2026-05-23 01:53:47.31404-07,2026-05-23 01:53:35-07,24001,6641,14925619,0,312527,49.26408386230469,-123.16934967041016,6.0317,71,52.49896511656135
2026-05-23 00:00:00,2026-05-23 01:54:18.069124-07,2026-05-23 01:54:06-07,19020,6641,14925847,1,312530,49.26393127441406,-123.15444946289062,6.7076,79,62.13836989311298
2026-05-23 00:00:00,2026-05-23 01:54:18.069124-07,2026-05-23 01:45:40-07,19022,6641,14925846,1,312530,49.26881790161133,-123.24819946289062,13.8581,162,15.423980378372757
2026-05-23 00:00:00,2026-05-23 01:54:18.069124-07,2026-05-23 01:45:16-07,23013,6641,14925618,0,312527,49.26356887817383,-123.06961822509766,13.4776,149,11.196558078672131
2026-05-23 00:00:00,2026-05-23 01:54:18.069124-07,2026-05-23 01:54:10-07,24001,6641,14925619,0,312527,49.264034271240234,-123.1671142578125,6.2929,73,45.62176130350282
2026-05-23 00:00:00,2026-05-23 01:54:48.493305-07,2026-05-23 01:54:36-07,19020,6641,14925847,1,312530,49.263999938964844,-123.15938568115234,7.0508,81,46.0054968681202
2026-05-23 00:00:00,2026-05-23 01:54:48.493305-07,2026-05-23 01:45:40-07,19022,6641,14925846,1,312530,49.26881790161133,-123.24819946289062,13.8581,162,15.423980378372757
2026-05-23 00:00:00,2026-05-23 01:54:48.493305-07,2026-05-23 01:45:16-07,23013,6641,14925618,0,312527,49.26356887817383,-123.06961822509766,13.4776,149,11.196558078672131
2026-05-23 00:00:00,2026-05-23 01:54:48.493305-07,2026-05-23 01:54:40-07,24001,6641,14925619,0,312527,49.263999938964844,-123.16452026367188,6.4273,74,9.750864804291567
2026-05-23 00:00:00,2026-05-23 01:55:18.997396-07,2026-05-23 01:55:07-07,19020,6641,14925847,1,312530,49.264068603515625,-123.16463470458984,7.3877,83,3.085155872113625
2026-05-23 00:00:00,2026-05-23 01:55:18.997396-07,2026-05-23 01:45:40-07,19022,6641,14925846,1,312530,49.26881790161133,-123.24819946289062,13.8581,162,15.423980378372757
2026-05-23 00:00:00,2026-05-23 01:55:18.997396-07,2026-05-23 01:55:11-07,24001,6641,14925619,0,312527,49.263916015625,-123.15951538085938,6.7642,76,36.20713836736998
2026-05-23 00:00:00,2026-05-23 01:55:49.503363-07,2026-05-23 01:55:36-07,19020,6641,14925847,1,312530,49.26413345336914,-123.16748046875,7.644,85,49.66565277133628
2026-05-23 00:00:00,2026-05-23 01:55:49.503363-07,2026-05-23 01:55:40-07,24001,6641,14925619,0,312527,49.263816833496094,-123.15496826171875,7.1074,78,24.49677021381102
2026-05-23 00:00:00,2026-05-23 01:56:20.09122-07,2026-05-23 01:55:47-07,19020,6641,14925847,1,312530,49.26411819458008,-123.16781616210938,7.644,85,25.30874585671307
2026-05-23 00:00:00,2026-05-23 01:56:20.09122-07,2026-05-23 01:56:11-07,19044,6641,14925848,1,312530,49.26286697387695,-123.0677490234375,0.3403,7,57.95799478552023
2026-05-23 00:00:00,2026-05-23 01:56:20.09122-07,2026-05-23 01:55:58-07,24001,6641,14925619,0,312527,49.26380157470703,-123.15463256835938,7.1074,78,48.8077991010027
2026-05-23 00:00:00,2026-05-23 01:56:50.517748-07,2026-05-23 01:56:18-07,19020,6641,14925847,1,312530,49.264183044433594,-123.1729507446289,7.9278,88,64.94848594228311
2026-05-23 00:00:00,2026-05-23 01:56:50.517748-07,2026-05-23 01:56:41-07,19044,6641,14925848,1,312530,49.26286697387695,-123.0677490234375,0.3403,7,57.95799478552023
2026-05-23 00:00:00,2026-05-23 01:56:50.517748-07,2026-05-23 01:56:29-07,24001,6641,14925619,0,312527,49.26374816894531,-123.15318298339844,7.2793,79,19.534574066329586
2026-05-23 00:00:00,2026-05-23 01:57:20.993512-07,2026-05-23 01:56:48-07,19020,6641,14925847,1,312530,49.264251708984375,-123.17801666259766,8.3458,92,15.975143613817439
2026-05-23 00:00:00,2026-05-23 01:57:20.993512-07,2026-05-23 01:57:11-07,19044,6641,14925848,1,312530,49.26286697387695,-123.0677490234375,0.3403,7,57.95799478552023
2026-05-23 00:00:00,2026-05-23 01:57:20.993512-07,2026-05-23 01:56:59-07,24001,6641,14925619,0,312527,49.26369857788086,-123.15007019042969,7.4537,82,35.540542770587294
2026-05-23 00:00:00,2026-05-23 01:57:51.524409-07,2026-05-23 01:57:17-07,19020,6641,14925847,1,312530,49.26433181762695,-123.18354797363281,8.7818,96,17.205511275673864
2026-05-23 00:00:00,2026-05-23 01:57:51.524409-07,2026-05-23 01:57:41-07,19044,6641,14925848,1,312530,49.26286697387695,-123.0677490234375,0.3403,7,57.95799478552023
2026-05-23 00:00:00,2026-05-23 01:57:51.524409-07,2026-05-23 01:57:28-07,24001,6641,14925619,0,312527,49.2636833190918,-123.14633178710938,7.8023,85,41.76022385604457
2026-05-23 00:00:00,2026-05-23 01:58:22.110219-07,2026-05-23 01:58:10-07,19020,6641,14925847,1,312530,49.26350021362305,-123.186279296875,9.0331,99,27.750688544069178
2026-05-23 00:00:00,2026-05-23 01:58:22.110219-07,2026-05-23 01:58:07-07,19044,6641,14925848,1,312530,49.26279830932617,-123.0674819946289,0.2308,2,40.56237692201555
2026-05-23 00:00:00,2026-05-23 01:58:22.110219-07,2026-05-23 01:57:59-07,24001,6641,14925619,0,312527,49.263668060302734,-123.1460189819336,7.8023,85,19.381292360426556
2026-05-23 00:00:00,2026-05-23 01:58:52.559452-07,2026-05-23 01:58:40-07,19020,6641,14925847,1,312530,49.26356887817383,-123.19116973876953,9.3931,102,23.88100987232076
2026-05-23 00:00:00,2026-05-23 01:58:52.559452-07,2026-05-23 01:58:36-07,19044,6641,14925848,1,312530,49.26241683959961,-123.06842041015625,0.3869,8,12.162619594229492
2026-05-23 00:00:00,2026-05-23 01:58:52.559452-07,2026-05-23 01:58:28-07,24001,6641,14925619,0,312527,49.26361846923828,-123.14163208007812,8.1467,87,43.90957194599493
2026-05-23 00:00:00,2026-05-23 01:59:23.074311-07,2026-05-23 01:59:11-07,19020,6641,14925847,1,312530,49.263648986816406,-123.19660186767578,9.8395,106,26.71388535237517
2026-05-23 00:00:00,2026-05-23 01:59:23.074311-07,2026-05-23 01:59:07-07,19044,6641,14925848,1,312530,49.26241683959961,-123.0687026977539,0.3869,8,11.347504701629077
2026-05-23 00:00:00,2026-05-23 01:59:23.074311-07,2026-05-23 01:59:08-07,24001,6641,14925619,0,312527,49.26353454589844,-123.13973236083984,8.2755,89,35.16425362446092
2026-05-23 00:00:00,2026-05-23 01:59:53.581227-07,2026-05-23 01:59:41-07,19020,6641,14925847,1,312530,49.26374816894531,-123.2021484375,10.2794,110,62.59307357845021
2026-05-23 00:00:00,2026-05-23 01:59:53.581227-07,2026-05-23 01:59:35-07,19044,6641,14925848,1,312530,49.26241683959961,-123.06891632080078,0.4162,10,11.37998156155052
2026-05-23 00:00:00,2026-05-23 01:59:53.581227-07,2026-05-23 01:59:37-07,24001,6641,14925619,0,312527,49.26348114013672,-123.13573455810547,8.5062,92,27.104672431071943
2026-05-23 00:00:00,2026-05-23 02:00:24.224587-07,2026-05-23 02:00:10-07,19020,6641,14925847,1,312530,49.263851165771484,-123.20763397216797,10.7243,113,107.91670080510976
2026-05-23 00:00:00,2026-05-23 02:00:24.224587-07,2026-05-23 02:00:05-07,19044,6641,14925848,1,312530,49.26240158081055,-123.07316589355469,0.7576,15,35.159366367806975
2026-05-23 00:00:00,2026-05-23 02:00:24.224587-07,2026-05-23 02:00:07-07,24001,6641,14925619,0,312527,49.263465881347656,-123.13079833984375,8.85,95,41.38575067450544
2026-05-23 00:00:00,2026-05-23 02:00:54.713901-07,2026-05-23 02:00:41-07,19020,6641,14925847,1,312530,49.26390075683594,-123.20964813232422,10.7243,113,38.92225669804234
2026-05-23 00:00:00,2026-05-23 02:00:54.713901-07,2026-05-23 02:00:34-07,19044,6641,14925848,1,312530,49.262451171875,-123.07721710205078,1.0367,19,20.18002874110842
2026-05-23 00:00:00,2026-05-23 02:00:54.713901-07,2026-05-23 02:00:35-07,24001,6641,14925619,0,312527,49.26348114013672,-123.12713623046875,9.1958,97,38.45095946859621
2026-05-23 00:00:00,2026-05-23 02:01:25.259679-07,2026-05-23 02:00:47-07,19020,6641,14925847,1,312530,49.26390075683594,-123.21005249023438,10.7243,113,67.9743577213029
2026-05-23 00:00:00,2026-05-23 02:01:25.259679-07,2026-05-23 02:01:05-07,19044,6641,14925848,1,312530,49.26246643066406,-123.07755279541016,1.0471,20,9.624044057541385
2026-05-23 00:00:00,2026-05-23 02:01:25.259679-07,2026-05-23 02:01:08-07,24001,6641,14925619,0,312527,49.26348114013672,-123.12698364257812,9.1958,97,27.747670763880436
2026-05-23 00:00:00,2026-05-23 02:01:55.729682-07,2026-05-23 02:01:17-07,19020,6641,14925847,1,312530,49.26396560668945,-123.21465301513672,11.1454,117,18.763606713055776
2026-05-23 00:00:00,2026-05-23 02:01:55.729682-07,2026-05-23 02:01:41-07,19044,6641,14925848,1,312530,49.262451171875,-123.07896423339844,1.2424,21,97.52122903780476
2026-05-23 00:00:00,2026-05-23 02:01:55.729682-07,2026-05-23 02:01:36-07,24001,6641,14925619,0,312527,49.26350021362305,-123.12698364257812,9.1958,97,28.458245715233748
2026-05-23 00:00:00,2026-05-23 02:02:26.325502-07,2026-05-23 02:01:46-07,19020,6641,14925847,1,312530,49.26393127441406,-123.21829986572266,11.2204,120,174.0914885122839
2026-05-23 00:00:00,2026-05-23 02:02:26.325502-07,2026-05-23 02:02:11-07,19044,6641,14925848,1,312530,49.262481689453125,-123.08405303955078,1.4619,23,53.240663508463555
2026-05-23 00:00:00,2026-05-23 02:02:26.325502-07,2026-05-23 02:02:07-07,24001,6641,14925619,0,312527,49.26350021362305,-123.12651824951172,9.1958,97,12.774839786163218
2026-05-23 00:00:00,2026-05-23 02:02:56.845665-07,2026-05-23 02:02:19-07,19020,6641,14925847,1,312530,49.2637825012207,-123.2237319946289,12.2434,121,451.27613249870024
2026-05-23 00:00:00,2026-05-23 02:02:56.845665-07,2026-05-23 02:02:41-07,19044,6641,14925848,1,312530,49.26256561279297,-123.08844757080078,1.885,26,50.74243381444377
2026-05-23 00:00:00,2026-05-23 02:02:56.845665-07,2026-05-23 02:02:36-07,24001,6641,14925619,0,312527,49.26336669921875,-123.1229476928711,9.5453,99,82.08864879902819
2026-05-23 00:00:00,2026-05-23 02:03:27.325605-07,2026-05-23 02:02:47-07,19020,6641,14925847,1,312530,49.263633728027344,-123.22896575927734,12.2434,121,71.20273338627756
2026-05-23 00:00:00,2026-05-23 02:03:27.325605-07,2026-05-23 02:03:09-07,19044,6641,14925848,1,312530,49.26256561279297,-123.0888671875,1.885,26,21.54332625062784
2026-05-23 00:00:00,2026-05-23 02:03:27.325605-07,2026-05-23 02:03:06-07,24001,6641,14925619,0,312527,49.263282775878906,-123.12008666992188,9.6854,100,13.974604892051085
2026-05-23 00:00:00,2026-05-23 02:03:57.744559-07,2026-05-23 02:03:16-07,19020,6641,14925847,1,312530,49.264766693115234,-123.23400115966797,12.5925,132,15.935170315296215
2026-05-23 00:00:00,2026-05-23 02:03:57.744559-07,2026-05-23 02:03:39-07,19044,6641,14925848,1,312530,49.26256561279297,-123.09004974365234,1.885,26,67.02647069589152
2026-05-23 00:00:00,2026-05-23 02:03:57.744559-07,2026-05-23 02:03:19-07,24001,6641,14925619,0,312527,49.263282775878906,-123.118896484375,9.6854,100,72.46906956548396
2026-05-23 00:00:00,2026-05-23 02:04:28.371179-07,2026-05-23 02:03:47-07,19020,6641,14925847,1,312530,49.266849517822266,-123.23860168457031,13.0008,140,10.454636814989291
2026-05-23 00:00:00,2026-05-23 02:04:28.371179-07,2026-05-23 02:03:49-07,19044,6641,14925848,1,312530,49.262550354003906,-123.09038543701172,2.024,27,48.257653544817494
2026-05-23 00:00:00,2026-05-23 02:04:28.371179-07,2026-05-23 02:03:49-07,24001,6641,14925619,0,312527,49.26321792602539,-123.1153335571289,10.0472,103,29.67148226180306
2026-05-23 00:00:00,2026-05-23 02:04:58.88756-07,2026-05-23 02:04:18-07,19020,6641,14925847,1,312530,49.26671600341797,-123.2437515258789,13.4017,150,27.911770144035938
2026-05-23 00:00:00,2026-05-23 02:04:58.88756-07,2026-05-23 02:04:20-07,19044,6641,14925848,1,312530,49.26256561279297,-123.09508514404297,2.3085,31,10.900204811754188
2026-05-23 00:00:00,2026-05-23 02:04:58.88756-07,2026-05-23 02:04:25-07,24001,6641,14925619,0,312527,49.26321792602539,-123.11425018310547,10.058,105,38.33187360318839
2026-05-23 00:00:00,2026-05-23 02:05:29.42724-07,2026-05-23 02:04:45-07,19020,6641,14925847,1,312530,49.26649856567383,-123.24506378173828,13.5001,151,27.798570853073162
2026-05-23 00:00:00,2026-05-23 02:05:29.42724-07,2026-05-23 02:05:06-07,19044,6641,14925848,1,312530,49.26286697387695,-123.09786987304688,2.4628,35,62.48434304622932
2026-05-23 00:00:00,2026-05-23 02:05:29.42724-07,2026-05-23 02:04:55-07,24001,6641,14925619,0,312527,49.26321792602539,-123.1117172241211,10.3366,108,56.02906183321866
2026-05-23 00:00:00,2026-05-23 02:05:59.932967-07,2026-05-23 02:05:15-07,19020,6641,14925847,1,312530,49.26805114746094,-123.24691772460938,13.7165,156,9.997027026340435
2026-05-23 00:00:00,2026-05-23 02:05:59.932967-07,2026-05-23 02:05:36-07,19044,6641,14925848,1,312530,49.26285171508789,-123.09915161132812,2.6062,37,12.162702965158728
2026-05-23 00:00:00,2026-05-23 02:05:59.932967-07,2026-05-23 02:05:25-07,24001,6641,14925619,0,312527,49.263084411621094,-123.10738372802734,10.6369,111,40.31219291635649
2026-05-23 00:00:00,2026-05-23 02:06:30.772701-07,2026-05-23 02:05:45-07,19020,6641,14925847,1,312530,49.268348693847656,-123.2480697631836,13.8943,166,30.75168554611317
2026-05-23 00:00:00,2026-05-23 02:06:30.772701-07,2026-05-23 02:06:06-07,19044,6641,14925848,1,312530,49.26285171508789,-123.09915161132812,2.6062,37,12.162702965158728
2026-05-23 00:00:00,2026-05-23 02:06:30.772701-07,2026-05-23 02:05:54-07,24001,6641,14925619,0,312527,49.26303482055664,-123.10588073730469,10.6369,111,68.97081068683568
2026-05-23 00:00:00,2026-05-23 02:07:01.21332-07,2026-05-23 02:05:45-07,19020,6641,14925847,1,312530,49.268348693847656,-123.2480697631836,13.8943,166,30.75168554611317
2026-05-23 00:00:00,2026-05-23 02:07:01.21332-07,2026-05-23 02:06:37-07,19044,6641,14925848,1,312530,49.2629508972168,-123.10240173339844,2.896,43,40.622392555022515
2026-05-23 00:00:00,2026-05-23 02:07:01.21332-07,2026-05-23 02:06:55-07,24001,6641,14925619,0,312527,49.2629508972168,-123.10269927978516,10.919,114,19.075821959170465
2026-05-23 00:00:00,2026-05-23 02:07:31.666273-07,2026-05-23 02:05:45-07,19020,6641,14925847,1,312530,49.268348693847656,-123.2480697631836,13.8943,166,30.75168554611317
2026-05-23 00:00:00,2026-05-23 02:07:31.666273-07,2026-05-23 02:07:01-07,19044,6641,14925848,1,312530,49.263065338134766,-123.10545349121094,3.0362,44,41.558327211531626
2026-05-23 00:00:00,2026-05-23 02:07:31.666273-07,2026-05-23 02:07:26-07,24001,6641,14925619,0,312527,49.2628173828125,-123.09989929199219,11.1692,118,27.760277320388802
2026-05-23 00:00:00,2026-05-23 02:08:02.084233-07,2026-05-23 02:05:45-07,19020,6641,14925847,1,312530,49.268348693847656,-123.2480697631836,13.8943,166,30.75168554611317
2026-05-23 00:00:00,2026-05-23 02:08:02.084233-07,2026-05-23 02:07:30-07,19044,6641,14925848,1,312530,49.26318359375,-123.11019897460938,3.3714,48,52.36126648202597
2026-05-23 00:00:00,2026-05-23 02:08:02.084233-07,2026-05-23 02:07:54-07,24001,6641,14925619,0,312527,49.2628173828125,-123.09967041015625,11.1692,118,12.111741041132086
2026-05-23 00:00:00,2026-05-23 02:08:32.686828-07,2026-05-23 02:05:45-07,19020,6641,14925847,1,312530,49.268348693847656,-123.2480697631836,13.8943,166,30.75168554611317
2026-05-23 00:00:00,2026-05-23 02:08:32.686828-07,2026-05-23 02:07:59-07,19044,6641,14925848,1,312530,49.26321792602539,-123.11266326904297,3.6196,50,17.125049022701823
2026-05-23 00:00:00,2026-05-23 02:08:32.686828-07,2026-05-23 02:08:24-07,24001,6641,14925619,0,312527,49.262516021728516,-123.09546661376953,11.4597,125,9.986126606780573
2026-05-23 00:00:00,2026-05-23 02:09:03.111524-07,2026-05-23 02:05:45-07,19020,6641,14925847,1,312530,49.268348693847656,-123.2480697631836,13.8943,166,30.75168554611317
2026-05-23 00:00:00,2026-05-23 02:09:03.111524-07,2026-05-23 02:08:29-07,19044,6641,14925848,1,312530,49.263301849365234,-123.11453247070312,3.757,52,20.87615000864755
2026-05-23 00:00:00,2026-05-23 02:09:03.111524-07,2026-05-23 02:08:54-07,24001,6641,14925619,0,312527,49.262451171875,-123.09068298339844,11.791,130,26.55064780745333
2026-05-23 00:00:00,2026-05-23 02:09:33.619272-07,2026-05-23 02:05:45-07,19020,6641,14925847,1,312530,49.268348693847656,-123.2480697631836,13.8943,166,30.75168554611317
2026-05-23 00:00:00,2026-05-23 02:09:33.619272-07,2026-05-23 02:09:00-07,19044,6641,14925848,1,312530,49.2633171081543,-123.1156005859375,3.7677,54,50.52903351989051
2026-05-23 00:00:00,2026-05-23 02:09:33.619272-07,2026-05-23 02:09:26-07,24001,6641,14925619,0,312527,49.26240158081055,-123.08856964111328,11.9299,131,41.98867188914551
2026-05-23 00:00:00,2026-05-23 02:10:04.057225-07,2026-05-23 02:05:45-07,19020,6641,14925847,1,312530,49.268348693847656,-123.2480697631836,13.8943,166,30.75168554611317
2026-05-23 00:00:00,2026-05-23 02:10:04.057225-07,2026-05-23 02:09:30-07,19044,6641,14925848,1,312530,49.26333236694336,-123.1164321899414,3.9567,55,79.465443860237
2026-05-23 00:00:00,2026-05-23 02:10:04.057225-07,2026-05-23 02:09:35-07,24001,6641,14925619,0,312527,49.26241683959961,-123.08831787109375,11.9299,131,59.736215728423254
2026-05-23 00:00:00,2026-05-23 02:10:34.71087-07,2026-05-23 02:05:45-07,19020,6641,14925847,1,312530,49.268348693847656,-123.2480697631836,13.8943,166,30.75168554611317
2026-05-23 00:00:00,2026-05-23 02:10:34.71087-07,2026-05-23 02:10:08-07,19044,6641,14925848,1,312530,49.26333236694336,-123.11651611328125,3.9567,55,73.41956602620004
2026-05-23 00:00:00,2026-05-23 02:10:34.71087-07,2026-05-23 02:10:06-07,24001,6641,14925619,0,312527,49.26241683959961,-123.08409881591797,12.3531,134,56.43385999721638
2026-05-23 00:00:00,2026-05-23 02:11:05.13967-07,2026-05-23 02:05:45-07,19020,6641,14925847,1,312530,49.268348693847656,-123.2480697631836,13.8943,166,30.75168554611317
2026-05-23 00:00:00,2026-05-23 02:11:05.13967-07,2026-05-23 02:10:56-07,19044,6641,14925848,1,312530,49.2634162902832,-123.12291717529297,4.2697,58,80.449090630313
2026-05-23 00:00:00,2026-05-23 02:11:05.13967-07,2026-05-23 02:10:36-07,24001,6641,14925619,0,312527,49.262367248535156,-123.07891845703125,12.7679,137,94.04891868943164
2026-05-23 00:00:00,2026-05-23 02:11:35.643177-07,2026-05-23 02:05:45-07,19020,6641,14925847,1,312530,49.268348693847656,-123.2480697631836,13.8943,166,30.75168554611317
2026-05-23 00:00:00,2026-05-23 02:11:35.643177-07,2026-05-23 02:11:25-07,19044,6641,14925848,1,312530,49.26350021362305,-123.12606811523438,4.6192,60,41.32422827143954
2026-05-23 00:00:00,2026-05-23 02:11:35.643177-07,2026-05-23 02:11:16-07,24001,6641,14925619,0,312527,49.26234817504883,-123.07516479492188,12.9711,141,24.343231642925566
2026-05-23 00:00:00,2026-05-23 02:12:06.085319-07,2026-05-23 02:05:45-07,19020,6641,14925847,1,312530,49.268348693847656,-123.2480697631836,13.8943,166,30.75168554611317
2026-05-23 00:00:00,2026-05-23 02:12:06.085319-07,2026-05-23 02:11:54-07,19044,6641,14925848,1,312530,49.26350021362305,-123.12989807128906,4.7927,61,65.24982612393828
2026-05-23 00:00:00,2026-05-23 02:12:06.085319-07,2026-05-23 02:11:45-07,24001,6641,14925619,0,312527,49.26234817504883,-123.07056427001953,13.3378,144,55.94933812229579
2026-05-23 00:00:00,2026-05-23 02:12:36.75651-07,2026-05-23 02:05:45-07,19020,6641,14925847,1,312530,49.268348693847656,-123.2480697631836,13.8943,166,30.75168554611317
2026-05-23 00:00:00,2026-05-23 02:12:36.75651-07,2026-05-23 02:12:25-07,19044,6641,14925848,1,312530,49.2635498046875,-123.13496398925781,5.3087,65,81.57019144831625
2026-05-23 00:00:00,2026-05-23 02:12:36.75651-07,2026-05-23 02:12:16-07,24001,6641,14925619,0,312527,49.26338195800781,-123.06966400146484,13.4386,148,18.613715615749165
2026-05-23 00:00:00,2026-05-23 02:13:07.25574-07,2026-05-23 02:05:45-07,19020,6641,14925847,1,312530,49.268348693847656,-123.2480697631836,13.8943,166,30.75168554611317
2026-05-23 00:00:00,2026-05-23 02:13:07.25574-07,2026-05-23 02:12:55-07,19044,6641,14925848,1,312530,49.26361846923828,-123.1380844116211,5.4377,66,16.878968022322745
2026-05-23 00:00:00,2026-05-23 02:13:07.25574-07,2026-05-23 02:12:46-07,24001,6641,14925619,0,312527,49.26336669921875,-123.06964874267578,13.4386,148,17.672303302006178
2026-05-23 00:00:00,2026-05-23 02:13:37.726885-07,2026-05-23 02:05:45-07,19020,6641,14925847,1,312530,49.268348693847656,-123.2480697631836,13.8943,166,30.75168554611317
2026-05-23 00:00:00,2026-05-23 02:13:37.726885-07,2026-05-23 02:13:25-07,19044,6641,14925848,1,312530,49.26361846923828,-123.13822937011719,5.4888,67,24.358228606574276
2026-05-23 00:00:00,2026-05-23 02:13:37.726885-07,2026-05-23 02:13:21-07,24001,6641,14925619,0,312527,49.26359939575195,-123.06956481933594,13.503,151,14.434857027104934
2026-05-23 00:00:00,2026-05-23 02:14:08.233409-07,2026-05-23 02:05:45-07,19020,6641,14925847,1,312530,49.268348693847656,-123.2480697631836,13.8943,166,30.75168554611317
2026-05-23 00:00:00,2026-05-23 02:14:08.233409-07,2026-05-23 02:13:54-07,19044,6641,14925848,1,312530,49.2636833190918,-123.13960266113281,5.5394,68,26.896085122103557
2026-05-23 00:00:00,2026-05-23 02:14:08.233409-07,2026-05-23 02:13:50-07,24001,6641,14925619,0,312527,49.26338195800781,-123.06900024414062,13.4386,148,58.848835379877215
2026-05-23 00:00:00,2026-05-23 02:14:38.771167-07,2026-05-23 02:05:45-07,19020,6641,14925847,1,312530,49.268348693847656,-123.2480697631836,13.8943,166,30.75168554611317
2026-05-23 00:00:00,2026-05-23 02:14:38.771167-07,2026-05-23 02:14:24-07,19044,6641,14925848,1,312530,49.2636833190918,-123.1406021118164,5.6682,69,31.70988364178994
2026-05-23 00:00:00,2026-05-23 02:14:38.771167-07,2026-05-23 02:13:50-07,24001,6641,14925619,0,312527,49.26338195800781,-123.06900024414062,13.4386,148,58.848835379877215
2026-05-23 00:00:00,2026-05-23 02:15:09.198857-07,2026-05-23 02:05:45-07,19020,6641,14925847,1,312530,49.268348693847656,-123.2480697631836,13.8943,166,30.75168554611317
2026-05-23 00:00:00,2026-05-23 02:15:09.198857-07,2026-05-23 02:14:54-07,19044,6641,14925848,1,312530,49.26376724243164,-123.1449966430664,6.0127,72,55.64896527136517
2026-05-23 00:00:00,2026-05-23 02:15:09.198857-07,2026-05-23 02:13:50-07,24001,6641,14925619,0,312527,49.26338195800781,-123.06900024414062,13.4386,148,58.848835379877215
2026-05-23 00:00:00,2026-05-23 02:15:39.747645-07,2026-05-23 02:15:25-07,19020,6641,14925621,0,312527,49.26753234863281,-123.24683380126953,0.1448,2,18.50465578337259
2026-05-23 00:00:00,2026-05-23 02:15:39.747645-07,2026-05-23 02:15:24-07,19044,6641,14925848,1,312530,49.26371765136719,-123.14903259277344,6.1863,73,64.68111557577105
2026-05-23 00:00:00,2026-05-23 02:15:39.747645-07,2026-05-23 02:13:50-07,24001,6641,14925619,0,312527,49.26338195800781,-123.06900024414062,13.4386,148,58.848835379877215
2026-05-23 00:00:00,2026-05-23 02:16:10.203421-07,2026-05-23 02:15:38-07,19020,6641,14925621,0,312527,49.26753234863281,-123.24653625488281,0.1448,2,7.565489720267263
2026-05-23 00:00:00,2026-05-23 02:16:10.203421-07,2026-05-23 02:15:53-07,19044,6641,14925848,1,312530,49.2637825012207,-123.15287017822266,6.5357,78,6.522708566735277
2026-05-23 00:00:00,2026-05-23 02:16:10.203421-07,2026-05-23 02:13:50-07,24001,6641,14925619,0,312527,49.26338195800781,-123.06900024414062,13.4386,148,58.848835379877215
2026-05-23 00:00:00,2026-05-23 02:16:40.844717-07,2026-05-23 02:16:08-07,19020,6641,14925621,0,312527,49.26653289794922,-123.24562072753906,0.294,3,14.365115633738002
2026-05-23 00:00:00,2026-05-23 02:16:40.844717-07,2026-05-23 02:16:25-07,19044,6641,14925848,1,312530,49.263916015625,-123.1544189453125,6.7076,79,64.1518850309028
2026-05-23 00:00:00,2026-05-23 02:16:40.844717-07,2026-05-23 02:13:50-07,24001,6641,14925619,0,312527,49.26338195800781,-123.06900024414062,13.4386,148,58.848835379877215
2026-05-23 00:00:00,2026-05-23 02:17:11.304082-07,2026-05-23 02:16:42-07,19020,6641,14925621,0,312527,49.26693344116211,-123.24126434326172,0.6276,11,3.6760398707617523
2026-05-23 00:00:00,2026-05-23 02:17:11.304082-07,2026-05-23 02:16:33-07,19044,6641,14925848,1,312530,49.263916015625,-123.15471649169922,6.7076,79,42.70902787868383
2026-05-23 00:00:00,2026-05-23 02:17:11.304082-07,2026-05-23 02:13:50-07,24001,6641,14925619,0,312527,49.26338195800781,-123.06900024414062,13.4386,148,58.848835379877215
2026-05-23 00:00:00,2026-05-23 02:17:41.852717-07,2026-05-23 02:17:12-07,19020,6641,14925621,0,312527,49.26606750488281,-123.23636627197266,0.9528,22,49.837892473232316
2026-05-23 00:00:00,2026-05-23 02:17:41.852717-07,2026-05-23 02:17:03-07,19044,6641,14925848,1,312530,49.26398468017578,-123.15946960449219,7.0508,81,39.74219461029864
2026-05-23 00:00:00,2026-05-23 02:17:41.852717-07,2026-05-23 02:13:50-07,24001,6641,14925619,0,312527,49.26338195800781,-123.06900024414062,13.4386,148,58.848835379877215
2026-05-23 00:00:00,2026-05-23 02:18:12.295895-07,2026-05-23 02:17:42-07,19020,6641,14925621,0,312527,49.2637825012207,-123.23226928710938,1.4103,30,14.156062982606338
2026-05-23 00:00:00,2026-05-23 02:18:12.295895-07,2026-05-23 02:17:33-07,19044,6641,14925848,1,312530,49.264068603515625,-123.1648178100586,7.3877,83,13.333082261522065
2026-05-23 00:00:00,2026-05-23 02:18:12.295895-07,2026-05-23 02:13:50-07,24001,6641,14925619,0,312527,49.26338195800781,-123.06900024414062,13.4386,148,58.848835379877215
2026-05-23 00:00:00,2026-05-23 02:18:42.90945-07,2026-05-23 02:18:13-07,19020,6641,14925621,0,312527,49.26359939575195,-123.2268295288086,1.5845,36,213.5480308802565
2026-05-23 00:00:00,2026-05-23 02:18:42.90945-07,2026-05-23 02:18:19-07,19044,6641,14925848,1,312530,49.26409912109375,-123.16795349121094,7.644,85,15.134954467433117
2026-05-23 00:00:00,2026-05-23 02:18:42.90945-07,2026-05-23 02:13:50-07,24001,6641,14925619,0,312527,49.26338195800781,-123.06900024414062,13.4386,148,58.848835379877215
2026-05-23 00:00:00,2026-05-23 02:19:13.338701-07,2026-05-23 02:18:42-07,19020,6641,14925621,0,312527,49.26374816894531,-123.22109985351562,2.5945,37,377.3810990002977
2026-05-23 00:00:00,2026-05-23 02:19:13.338701-07,2026-05-23 02:18:49-07,19044,6641,14925848,1,312530,49.264183044433594,-123.17304992675781,8.0687,89,68.43935394068626
2026-05-23 00:00:00,2026-05-23 02:19:13.338701-07,2026-05-23 02:13:50-07,24001,6641,14925619,0,312527,49.26338195800781,-123.06900024414062,13.4386,148,58.848835379877215
2026-05-23 00:00:00,2026-05-23 02:19:43.891972-07,2026-05-23 02:19:12-07,19020,6641,14925621,0,312527,49.263851165771484,-123.2154312133789,2.6424,38,13.59149113707259
2026-05-23 00:00:00,2026-05-23 02:19:43.891972-07,2026-05-23 02:19:19-07,19044,6641,14925848,1,312530,49.26426696777344,-123.17853546142578,8.3458,92,53.63006475853223
2026-05-23 00:00:00,2026-05-23 02:19:43.891972-07,2026-05-23 02:13:50-07,24001,6641,14925619,0,312527,49.26338195800781,-123.06900024414062,13.4386,148,58.848835379877215
2026-05-23 00:00:00,2026-05-23 02:20:14.303793-07,2026-05-23 02:19:55-07,19020,6641,14925621,0,312527,49.2637825012207,-123.20719909667969,3.3113,45,80.48526455295827
2026-05-23 00:00:00,2026-05-23 02:20:14.303793-07,2026-05-23 02:19:48-07,19044,6641,14925848,1,312530,49.26435089111328,-123.1843032836914,8.7818,96,37.64438507439912
2026-05-23 00:00:00,2026-05-23 02:20:14.303793-07,2026-05-23 02:13:50-07,24001,6641,14925619,0,312527,49.26338195800781,-123.06900024414062,13.4386,148,58.848835379877215
2026-05-23 00:00:00,2026-05-23 02:20:44.916883-07,2026-05-23 02:20:25-07,19020,6641,14925621,0,312527,49.26371765136719,-123.20175170898438,3.5355,47,91.42187891733238
2026-05-23 00:00:00,2026-05-23 02:20:44.916883-07,2026-05-23 02:20:19-07,19044,6641,14925848,1,312530,49.26371765136719,-123.18595123291016,8.9822,98,25.03688107175343
2026-05-23 00:00:00,2026-05-23 02:20:44.916883-07,2026-05-23 02:13:50-07,24001,6641,14925619,0,312527,49.26338195800781,-123.06900024414062,13.4386,148,58.848835379877215
2026-05-23 00:00:00,2026-05-23 02:21:15.336688-07,2026-05-23 02:20:55-07,19020,6641,14925621,0,312527,49.263633728027344,-123.19595336914062,4.0712,52,21.581219702700622
2026-05-23 00:00:00,2026-05-23 02:21:15.336688-07,2026-05-23 02:20:52-07,19044,6641,14925848,1,312530,49.26351547241211,-123.1861801147461,9.0331,99,20.827076001647285
2026-05-23 00:00:00,2026-05-23 02:21:15.336688-07,2026-05-23 02:13:50-07,24001,6641,14925619,0,312527,49.26338195800781,-123.06900024414062,13.4386,148,58.848835379877215
2026-05-23 00:00:00,2026-05-23 02:21:45.801121-07,2026-05-23 02:21:26-07,19020,6641,14925621,0,312527,49.2635498046875,-123.19029998779297,4.422,56,39.31046655307597
2026-05-23 00:00:00,2026-05-23 02:21:45.801121-07,2026-05-23 02:21:23-07,19044,6641,14925848,1,312530,49.26358413696289,-123.1910171508789,9.3931,102,12.794898949333785
2026-05-23 00:00:00,2026-05-23 02:21:45.801121-07,2026-05-23 02:13:50-07,24001,6641,14925619,0,312527,49.26338195800781,-123.06900024414062,13.4386,148,58.848835379877215
2026-05-23 00:00:00,2026-05-23 02:22:16.309701-07,2026-05-23 02:21:56-07,19020,6641,14925621,0,312527,49.26348114013672,-123.18611907958984,4.7818,58,16.042371799353678
2026-05-23 00:00:00,2026-05-23 02:22:16.309701-07,2026-05-23 02:21:53-07,19044,6641,14925848,1,312530,49.263648986816406,-123.19688415527344,9.8395,106,6.233110660153589
2026-05-23 00:00:00,2026-05-23 02:22:16.309701-07,2026-05-23 02:13:50-07,24001,6641,14925619,0,312527,49.26338195800781,-123.06900024414062,13.4386,148,58.848835379877215
2026-05-23 00:00:00,2026-05-23 02:22:47.97336-07,2026-05-23 02:22:25-07,19020,6641,14925621,0,312527,49.264217376708984,-123.18578338623047,4.8807,60,18.33434525661851
2026-05-23 00:00:00,2026-05-23 02:22:47.97336-07,2026-05-23 02:22:23-07,19044,6641,14925848,1,312530,49.26374816894531,-123.20343017578125,10.2796,111,30.347780865054
2026-05-23 00:00:00,2026-05-23 02:22:47.97336-07,2026-05-23 02:13:50-07,24001,6641,14925619,0,312527,49.26338195800781,-123.06900024414062,13.4386,148,58.848835379877215
2026-05-23 00:00:00,2026-05-23 02:23:18.425052-07,2026-05-23 02:23:04-07,19020,6641,14925621,0,312527,49.26431655883789,-123.18426513671875,5.0332,61,34.90692668430995
2026-05-23 00:00:00,2026-05-23 02:23:18.425052-07,2026-05-23 02:23:01-07,19044,6641,14925848,1,312530,49.26390075683594,-123.21106719970703,10.9433,114,77.08213516167673
2026-05-23 00:00:00,2026-05-23 02:23:18.425052-07,2026-05-23 02:13:50-07,24001,6641,14925619,0,312527,49.26338195800781,-123.06900024414062,13.4386,148,58.848835379877215
2026-05-23 00:00:00,2026-05-23 02:23:48.963717-07,2026-05-23 02:23:35-07,19020,6641,14925621,0,312527,49.264251708984375,-123.17890167236328,5.3215,64,67.09917289565838
2026-05-23 00:00:00,2026-05-23 02:23:48.963717-07,2026-05-23 02:23:30-07,19044,6641,14925848,1,312530,49.26395034790039,-123.21688079833984,11.2204,120,71.1173203469001
2026-05-23 00:00:00,2026-05-23 02:23:48.963717-07,2026-05-23 02:13:50-07,24001,6641,14925619,0,312527,49.26338195800781,-123.06900024414062,13.4386,148,58.848835379877215
2026-05-23 00:00:00,2026-05-23 02:24:19.417967-07,2026-05-23 02:24:06-07,19020,6641,14925621,0,312527,49.26416778564453,-123.17338562011719,5.7462,67,44.07696040049159
2026-05-23 00:00:00,2026-05-23 02:24:19.417967-07,2026-05-23 02:24:03-07,19044,6641,14925848,1,312530,49.2637825012207,-123.2229995727539,12.2434,121,504.3921751819325
2026-05-23 00:00:00,2026-05-23 02:24:49.973454-07,2026-05-23 02:24:34-07,19020,6641,14925621,0,312527,49.264068603515625,-123.16851806640625,6.171,72,26.013213914968233
2026-05-23 00:00:00,2026-05-23 02:24:49.973454-07,2026-05-23 02:24:32-07,19044,6641,14925848,1,312530,49.263633728027344,-123.22921752929688,12.2434,121,52.933568092433575
2026-05-23 00:00:00,2026-05-23 02:25:20.441897-07,2026-05-23 02:24:58-07,19020,6641,14925621,0,312527,49.264015197753906,-123.16613006591797,6.2929,73,26.115928746650315
2026-05-23 00:00:00,2026-05-23 02:25:20.441897-07,2026-05-23 02:25:01-07,19044,6641,14925848,1,312530,49.2651481628418,-123.23458099365234,12.5924,131,44.74029574750221
2026-05-23 00:00:00,2026-05-23 02:25:50.963086-07,2026-05-23 02:25:28-07,19020,6641,14925621,0,312527,49.263916015625,-123.1606674194336,6.7642,76,47.561529697409334
2026-05-23 00:00:00,2026-05-23 02:25:50.963086-07,2026-05-23 02:25:30-07,19044,6641,14925848,1,312530,49.26701736450195,-123.23975372314453,13.1057,144,28.135749699557493
2026-05-23 00:00:00,2026-05-23 02:26:21.490448-07,2026-05-23 02:25:59-07,19020,6641,14925621,0,312527,49.263816833496094,-123.15531921386719,7.1074,78,5.125453140350287
2026-05-23 00:00:00,2026-05-23 02:26:21.490448-07,2026-05-23 02:26:01-07,19044,6641,14925848,1,312530,49.266632080078125,-123.24445343017578,13.4017,150,23.899102731581944
2026-05-23 00:00:00,2026-05-23 02:26:52.160174-07,2026-05-23 02:26:21-07,19020,6641,14925621,0,312527,49.26380157470703,-123.1545639038086,7.1074,78,53.74868110428257
2026-05-23 00:00:00,2026-05-23 02:26:52.160174-07,2026-05-23 02:26:25-07,19044,6641,14925848,1,312530,49.266517639160156,-123.24497985839844,13.5001,151,34.15003931371363
2026-05-23 00:00:00,2026-05-23 02:27:22.603882-07,2026-05-23 02:26:50-07,19020,6641,14925621,0,312527,49.26373291015625,-123.1516342163086,7.3224,81,52.37420486800085
2026-05-23 00:00:00,2026-05-23 02:27:22.603882-07,2026-05-23 02:26:54-07,19044,6641,14925848,1,312530,49.26789855957031,-123.24678039550781,13.6795,155,7.791756452393832
2026-05-23 00:00:00,2026-05-23 02:27:53.060124-07,2026-05-23 02:27:21-07,19020,6641,14925621,0,312527,49.263668060302734,-123.14806365966797,7.6286,84,9.995590397432844
2026-05-23 00:00:00,2026-05-23 02:27:53.060124-07,2026-05-23 02:27:25-07,19044,6641,14925848,1,312530,49.268348693847656,-123.24815368652344,13.8943,166,27.194484649338314
2026-05-23 00:00:00,2026-05-23 02:28:23.563645-07,2026-05-23 02:27:53-07,19020,6641,14925621,0,312527,49.263633728027344,-123.14309692382812,7.9729,86,23.221933745215363
2026-05-23 00:00:00,2026-05-23 02:28:23.563645-07,2026-05-23 02:27:25-07,19044,6641,14925848,1,312530,49.268348693847656,-123.24815368652344,13.8943,166,27.194484649338314
2026-05-23 00:00:00,2026-05-23 02:28:54.183893-07,2026-05-23 02:28:22-07,19020,6641,14925621,0,312527,49.26359939575195,-123.14128112792969,8.1467,87,18.51179418874962
2026-05-23 00:00:00,2026-05-23 02:28:54.183893-07,2026-05-23 02:27:25-07,19044,6641,14925848,1,312530,49.268348693847656,-123.24815368652344,13.8943,166,27.194484649338314
2026-05-23 00:00:00,2026-05-23 02:29:24.60236-07,2026-05-23 02:29:01-07,19020,6641,14925621,0,312527,49.26351547241211,-123.13961791992188,8.2755,89,27.67810031482898
2026-05-23 00:00:00,2026-05-23 02:29:24.60236-07,2026-05-23 02:27:25-07,19044,6641,14925848,1,312530,49.268348693847656,-123.24815368652344,13.8943,166,27.194484649338314
2026-05-23 00:00:00,2026-05-23 02:29:55.085255-07,2026-05-23 02:29:22-07,19020,6641,14925621,0,312527,49.26351547241211,-123.13909912109375,8.2755,89,14.540455309720834
2026-05-23 00:00:00,2026-05-23 02:29:55.085255-07,2026-05-23 02:27:25-07,19044,6641,14925848,1,312530,49.268348693847656,-123.24815368652344,13.8943,166,27.194484649338314
2026-05-23 00:00:00,2026-05-23 02:30:25.522258-07,2026-05-23 02:29:51-07,19020,6641,14925621,0,312527,49.26351547241211,-123.13884735107422,8.3261,90,22.261815418471368
2026-05-23 00:00:00,2026-05-23 02:30:25.522258-07,2026-05-23 02:27:25-07,19044,6641,14925848,1,312530,49.268348693847656,-123.24815368652344,13.8943,166,27.194484649338314
2026-05-23 00:00:00,2026-05-23 02:30:56.101413-07,2026-05-23 02:30:22-07,19020,6641,14925621,0,312527,49.263465881347656,-123.135986328125,8.5062,92,12.80458184325815
2026-05-23 00:00:00,2026-05-23 02:30:56.101413-07,2026-05-23 02:27:25-07,19044,6641,14925848,1,312530,49.268348693847656,-123.24815368652344,13.8943,166,27.194484649338314
2026-05-23 00:00:00,2026-05-23 02:31:26.556399-07,2026-05-23 02:30:54-07,19020,6641,14925621,0,312527,49.26348114013672,-123.131103515625,8.85,95,19.194612049313992
2026-05-23 00:00:00,2026-05-23 02:31:26.556399-07,2026-05-23 02:27:25-07,19044,6641,14925848,1,312530,49.268348693847656,-123.24815368652344,13.8943,166,27.194484649338314
2026-05-23 00:00:00,2026-05-23 02:31:57.040129-07,2026-05-23 02:31:23-07,19020,6641,14925621,0,312527,49.263465881347656,-123.12698364257812,9.1958,97,27.2847887785755
2026-05-23 00:00:00,2026-05-23 02:31:57.040129-07,2026-05-23 02:27:25-07,19044,6641,14925848,1,312530,49.268348693847656,-123.24815368652344,13.8943,166,27.194484649338314
2026-05-23 00:00:00,2026-05-23 02:32:27.483386-07,2026-05-23 02:31:52-07,19020,6641,14925621,0,312527,49.263465881347656,-123.1240005493164,9.3737,98,16.749549874839776
2026-05-23 00:00:00,2026-05-23 02:32:27.483386-07,2026-05-23 02:27:25-07,19044,6641,14925848,1,312530,49.268348693847656,-123.24815368652344,13.8943,166,27.194484649338314
2026-05-23 00:00:00,2026-05-23 02:32:58.147832-07,2026-05-23 02:32:25-07,19020,6641,14925621,0,312527,49.263248443603516,-123.11931610107422,9.6854,100,42.32504149242071
2026-05-23 00:00:00,2026-05-23 02:32:58.147832-07,2026-05-23 02:27:25-07,19044,6641,14925848,1,312530,49.268348693847656,-123.24815368652344,13.8943,166,27.194484649338314
2026-05-23 00:00:00,2026-05-23 02:33:28.589999-07,2026-05-23 02:32:55-07,19020,6641,14925621,0,312527,49.26319885253906,-123.11557006835938,10.0472,103,46.81760971423078
2026-05-23 00:00:00,2026-05-23 02:33:28.589999-07,2026-05-23 02:27:25-07,19044,6641,14925848,1,312530,49.268348693847656,-123.24815368652344,13.8943,166,27.194484649338314
2026-05-23 00:00:00,2026-05-23 02:33:59.062131-07,2026-05-23 02:33:25-07,19020,6641,14925621,0,312527,49.26316833496094,-123.1151351928711,10.0472,103,15.846842581882946
2026-05-23 00:00:00,2026-05-23 02:33:59.062131-07,2026-05-23 02:27:25-07,19044,6641,14925848,1,312530,49.268348693847656,-123.24815368652344,13.8943,166,27.194484649338314
2026-05-23 00:00:00,2026-05-23 02:34:29.471542-07,2026-05-23 02:33:55-07,19020,6641,14925621,0,312527,49.26318359375,-123.11481475830078,10.0528,104,3.4408580930806436
2026-05-23 00:00:00,2026-05-23 02:34:29.471542-07,2026-05-23 02:27:25-07,19044,6641,14925848,1,312530,49.268348693847656,-123.24815368652344,13.8943,166,27.194484649338314
2026-05-23 00:00:00,2026-05-23 02:35:00.046471-07,2026-05-23 02:34:28-07,19020,6641,14925621,0,312527,49.26321792602539,-123.11416625976562,10.058,105,44.417409391005926
2026-05-23 00:00:00,2026-05-23 02:35:00.046471-07,2026-05-23 02:27:25-07,19044,6641,14925848,1,312530,49.268348693847656,-123.24815368652344,13.8943,166,27.194484649338314
2026-05-23 00:00:00,2026-05-23 02:35:30.571001-07,2026-05-23 02:34:56-07,19020,6641,14925621,0,312527,49.26321792602539,-123.1124496459961,10.1954,107,32.37489114753326
2026-05-23 00:00:00,2026-05-23 02:35:30.571001-07,2026-05-23 02:27:25-07,19044,6641,14925848,1,312530,49.268348693847656,-123.24815368652344,13.8943,166,27.194484649338314
2026-05-23 00:00:00,2026-05-23 02:36:01.040537-07,2026-05-23 02:35:28-07,19020,6641,14925621,0,312527,49.263065338134766,-123.10938262939453,10.4437,110,9.47171195710124
2026-05-23 00:00:00,2026-05-23 02:36:01.040537-07,2026-05-23 02:27:25-07,19044,6641,14925848,1,312530,49.268348693847656,-123.24815368652344,13.8943,166,27.194484649338314
2026-05-23 00:00:00,2026-05-23 02:36:31.550308-07,2026-05-23 02:35:59-07,19020,6641,14925621,0,312527,49.26303482055664,-123.10908508300781,10.4437,110,30.42290631806028
2026-05-23 00:00:00,2026-05-23 02:36:31.550308-07,2026-05-23 02:27:25-07,19044,6641,14925848,1,312530,49.268348693847656,-123.24815368652344,13.8943,166,27.194484649338314
2026-05-23 00:00:00,2026-05-23 02:37:02.119171-07,2026-05-23 02:36:56-07,19020,6641,14925621,0,312527,49.26303482055664,-123.10594940185547,10.6369,111,63.989421419013325
2026-05-23 00:00:00,2026-05-23 02:37:02.119171-07,2026-05-23 02:27:25-07,19044,6641,14925848,1,312530,49.268348693847656,-123.24815368652344,13.8943,166,27.194484649338314
2026-05-23 00:00:00,2026-05-23 02:37:32.589407-07,2026-05-23 02:36:58-07,19020,6641,14925621,0,312527,49.26303482055664,-123.10594940185547,10.6369,111,63.989421419013325
2026-05-23 00:00:00,2026-05-23 02:38:03.038468-07,2026-05-23 02:37:29-07,19020,6641,14925621,0,312527,49.2629508972168,-123.10243225097656,10.919,114,38.41017548940605
2026-05-23 00:00:00,2026-05-23 02:38:33.454503-07,2026-05-23 02:38:14-07,19020,6641,14925621,0,312527,49.26283264160156,-123.09960174560547,11.1692,118,7.025978368737093
2026-05-23 00:00:00,2026-05-23 02:39:04.014549-07,2026-05-23 02:38:43-07,19020,6641,14925621,0,312527,49.26250076293945,-123.09508514404297,11.5064,126,9.80113504034537
2026-05-23 00:00:00,2026-05-23 02:39:34.42423-07,2026-05-23 02:39:13-07,19020,6641,14925621,0,312527,49.26243209838867,-123.09013366699219,11.791,130,66.37155739602947
2026-05-23 00:00:00,2026-05-23 02:40:04.922499-07,2026-05-23 02:39:34-07,19020,6641,14925621,0,312527,49.262451171875,-123.08698272705078,12.0717,132,14.970235513185946
2026-05-23 00:00:00,2026-05-23 02:40:35.401934-07,2026-05-23 02:40:04-07,19020,6641,14925621,0,312527,49.26240158081055,-123.08216857910156,12.4937,135,56.557824344563606
2026-05-23 00:00:00,2026-05-23 02:41:06.000038-07,2026-05-23 02:40:34-07,19020,6641,14925621,0,312527,49.26238250732422,-123.0794677734375,12.5725,136,61.005845751675366
2026-05-23 00:00:00,2026-05-23 02:41:36.428026-07,2026-05-23 02:41:04-07,19020,6641,14925621,0,312527,49.262332916259766,-123.0779037475586,12.7679,137,21.44007817973491
2026-05-23 00:00:00,2026-05-23 02:42:06.957644-07,2026-05-23 02:41:43-07,19020,6641,14925621,0,312527,49.262332916259766,-123.07579803466797,12.9163,140,16.253572977528535
2026-05-23 00:00:00,2026-05-23 02:42:37.368618-07,2026-05-23 02:42:12-07,19020,6641,14925621,0,312527,49.2623176574707,-123.0708999633789,13.1927,143,64.42985910071751
2026-05-23 00:00:00,2026-05-23 02:43:07.912389-07,2026-05-23 02:42:42-07,19020,6641,14925621,0,312527,49.26234817504883,-123.07003021240234,13.3378,144,17.317299311387853
2026-05-23 00:00:00,2026-05-23 02:43:38.356162-07,2026-05-23 02:43:14-07,19020,6641,14925621,0,312527,49.263301849365234,-123.06966400146484,13.4386,148,11.346977780925629
2026-05-23 00:00:00,2026-05-23 02:44:08.813137-07,2026-05-23 02:43:37-07,19020,6641,14925621,0,312527,49.2635498046875,-123.06966400146484,13.4776,149,8.596942322956258
2026-05-23 00:00:00,2026-05-23 02:44:39.233192-07,2026-05-23 02:43:37-07,19020,6641,14925621,0,312527,49.2635498046875,-123.06966400146484,13.4776,149,8.596942322956258
2026-05-23 00:00:00,2026-05-23 02:45:09.853472-07,2026-05-23 02:43:37-07,19020,6641,14925621,0,312527,49.2635498046875,-123.06966400146484,13.4776,149,8.596942322956258
2026-05-23 00:00:00,2026-05-23 02:45:40.342514-07,2026-05-23 02:43:37-07,19020,6641,14925621,0,312527,49.2635498046875,-123.06966400146484,13.4776,149,8.596942322956258
2026-05-23 00:00:00,2026-05-23 02:46:11.070808-07,2026-05-23 02:43:37-07,19020,6641,14925621,0,312527,49.2635498046875,-123.06966400146484,13.4776,149,8.596942322956258
2026-05-23 00:00:00,2026-05-23 02:46:41.484564-07,2026-05-23 02:43:37-07,19020,6641,14925621,0,312527,49.2635498046875,-123.06966400146484,13.4776,149,8.596942322956258
2026-05-23 00:00:00,2026-05-23 02:47:12.074335-07,2026-05-23 02:43:37-07,19020,6641,14925621,0,312527,49.2635498046875,-123.06966400146484,13.4776,149,8.596942322956258
2026-05-23 00:00:00,2026-05-23 02:47:42.515497-07,2026-05-23 02:43:37-07,19020,6641,14925621,0,312527,49.2635498046875,-123.06966400146484,13.4776,149,8.596942322956258
2026-05-23 00:00:00,2026-05-23 02:48:12.988929-07,2026-05-23 02:43:37-07,19020,6641,14925621,0,312527,49.2635498046875,-123.06966400146484,13.4776,149,8.596942322956258
2026-05-23 00:00:00,2026-05-23 02:48:43.426389-07,2026-05-23 02:43:37-07,19020,6641,14925621,0,312527,49.2635498046875,-123.06966400146484,13.4776,149,8.596942322956258
2026-05-23 00:00:00,2026-05-23 02:49:14.008963-07,2026-05-23 02:43:37-07,19020,6641,14925621,0,312527,49.2635498046875,-123.06966400146484,13.4776,149,8.596942322956258
2026-05-23 00:00:00,2026-05-23 02:49:14.008963-07,2026-05-23 02:48:52-07,19044,6641,14925622,0,312525,49.26744842529297,-123.24690246582031,0.1448,2,27.29964267021652
2026-05-23 00:00:00,2026-05-23 02:49:44.431329-07,2026-05-23 02:43:37-07,19020,6641,14925621,0,312527,49.2635498046875,-123.06966400146484,13.4776,149,8.596942322956258
2026-05-23 00:00:00,2026-05-23 02:49:44.431329-07,2026-05-23 02:49:10-07,19044,6641,14925622,0,312525,49.267581939697266,-123.24669647216797,0.1448,2,7.476478839781712
2026-05-23 00:00:00,2026-05-23 02:50:14.974314-07,2026-05-23 02:43:37-07,19020,6641,14925621,0,312527,49.2635498046875,-123.06966400146484,13.4776,149,8.596942322956258
2026-05-23 00:00:00,2026-05-23 02:50:14.974314-07,2026-05-23 02:49:40-07,19044,6641,14925622,0,312525,49.26641845703125,-123.24500274658203,0.3246,5,26.632217737874505
2026-05-23 00:00:00,2026-05-23 02:50:45.436445-07,2026-05-23 02:43:37-07,19020,6641,14925621,0,312527,49.2635498046875,-123.06966400146484,13.4776,149,8.596942322956258
2026-05-23 00:00:00,2026-05-23 02:50:45.436445-07,2026-05-23 02:50:10-07,19044,6641,14925622,0,312525,49.2669677734375,-123.24063110351562,0.697,12,23.14305813203329
2026-05-23 00:00:00,2026-05-23 02:51:15.985884-07,2026-05-23 02:43:37-07,19020,6641,14925621,0,312527,49.2635498046875,-123.06966400146484,13.4776,149,8.596942322956258
2026-05-23 00:00:00,2026-05-23 02:51:15.985884-07,2026-05-23 02:50:41-07,19044,6641,14925622,0,312525,49.26570129394531,-123.23570251464844,1.0698,24,6.326032785431894
2026-05-23 00:00:00,2026-05-23 02:51:46.406348-07,2026-05-23 02:43:37-07,19020,6641,14925621,0,312527,49.2635498046875,-123.06966400146484,13.4776,149,8.596942322956258
2026-05-23 00:00:00,2026-05-23 02:51:46.406348-07,2026-05-23 02:51:40-07,19044,6641,14925622,0,312525,49.263633728027344,-123.22578430175781,1.5845,36,289.4888430904871
2026-05-23 00:00:00,2026-05-23 02:52:16.880024-07,2026-05-23 02:43:37-07,19020,6641,14925621,0,312527,49.2635498046875,-123.06966400146484,13.4776,149,8.596942322956258
2026-05-23 00:00:00,2026-05-23 02:52:16.880024-07,2026-05-23 02:52:11-07,19044,6641,14925622,0,312525,49.26376724243164,-123.22000122070312,2.5945,37,297.6324236283765
2026-05-23 00:00:00,2026-05-23 02:52:47.416844-07,2026-05-23 02:43:37-07,19020,6641,14925621,0,312527,49.2635498046875,-123.06966400146484,13.4776,149,8.596942322956258
2026-05-23 00:00:00,2026-05-23 02:52:47.416844-07,2026-05-23 02:52:41-07,19044,6641,14925622,0,312525,49.26390075683594,-123.21468353271484,2.6696,40,16.22332499141322
2026-05-23 00:00:00,2026-05-23 02:53:17.993595-07,2026-05-23 02:43:37-07,19020,6641,14925621,0,312527,49.2635498046875,-123.06966400146484,13.4776,149,8.596942322956258
2026-05-23 00:00:00,2026-05-23 02:53:17.993595-07,2026-05-23 02:53:10-07,19044,6641,14925622,0,312525,49.263816833496094,-123.20950317382812,3.0906,44,27.81354497664374
2026-05-23 00:00:00,2026-05-23 02:53:48.555287-07,2026-05-23 02:53:23-07,19044,6641,14925622,0,312525,49.26380157470703,-123.20760345458984,3.3113,45,109.82753467597983
2026-05-23 00:00:00,2026-05-23 02:54:19.024727-07,2026-05-23 02:53:52-07,19044,6641,14925622,0,312525,49.26371765136719,-123.20186614990234,3.5355,47,83.12200069564751
2026-05-23 00:00:00,2026-05-23 02:54:49.432071-07,2026-05-23 02:54:21-07,19044,6641,14925622,0,312525,49.263648986816406,-123.19595336914062,4.0712,52,21.619275678268924
2026-05-23 00:00:00,2026-05-23 02:55:20.067469-07,2026-05-23 02:54:52-07,19044,6641,14925622,0,312525,49.2635498046875,-123.190185546875,4.422,56,47.592870625756625
2026-05-23 00:00:00,2026-05-23 02:55:50.561713-07,2026-05-23 02:55:22-07,19044,6641,14925622,0,312525,49.26350021362305,-123.18614959716797,4.7818,58,18.381412215525724
2026-05-23 00:00:00,2026-05-23 02:56:21.052506-07,2026-05-23 02:55:52-07,19044,6641,14925622,0,312525,49.26380157470703,-123.18583679199219,4.8328,59,15.726287119968164
2026-05-23 00:00:00,2026-05-23 02:56:51.498996-07,2026-05-23 02:56:36-07,19044,6641,14925622,0,312525,49.26433181762695,-123.18419647216797,5.0332,61,29.86106940851122
2026-05-23 00:00:00,2026-05-23 02:57:22.038198-07,2026-05-23 02:57:06-07,19044,6641,14925622,0,312525,49.264251708984375,-123.17894744873047,5.3215,64,63.77895540218468
2026-05-23 00:00:00,2026-05-23 02:57:52.472765-07,2026-05-23 02:57:36-07,19044,6641,14925622,0,312525,49.264183044433594,-123.1736831665039,5.7463,68,22.5048452331878
2026-05-23 00:00:00,2026-05-23 02:58:22.926745-07,2026-05-23 02:58:06-07,19044,6641,14925622,0,312525,49.26408386230469,-123.16947937011719,6.0317,71,43.09022751295021
2026-05-23 00:00:00,2026-05-23 02:58:53.350628-07,2026-05-23 02:58:36-07,19044,6641,14925622,0,312525,49.2640495300293,-123.16840362548828,6.171,72,17.999915565754318
2026-05-23 00:00:00,2026-05-23 02:59:23.916883-07,2026-05-23 02:58:58-07,19044,6641,14925622,0,312525,49.264015197753906,-123.16626739501953,6.2929,73,16.327838868766772
2026-05-23 00:00:00,2026-05-23 02:59:54.343624-07,2026-05-23 02:59:26-07,19044,6641,14925622,0,312525,49.26395034790039,-123.16194915771484,6.5897,75,33.63664162725928
2026-05-23 00:00:00,2026-05-23 03:00:24.857858-07,2026-05-23 02:59:58-07,19044,6641,14925622,0,312525,49.26388168334961,-123.15788269042969,6.9369,77,17.655687416241427
2026-05-23 00:00:00,2026-05-23 03:00:55.283087-07,2026-05-23 02:59:58-07,19044,6641,14925622,0,312525,49.26388168334961,-123.15788269042969,6.9369,77,17.655687416241427
2026-05-23 00:00:00,2026-05-23 03:01:25.852998-07,2026-05-23 02:59:58-07,19044,6641,14925622,0,312525,49.26388168334961,-123.15788269042969,6.9369,77,17.655687416241427
2026-05-23 00:00:00,2026-05-23 03:01:56.304255-07,2026-05-23 02:59:58-07,19044,6641,14925622,0,312525,49.26388168334961,-123.15788269042969,6.9369,77,17.655687416241427
2026-05-23 00:00:00,2026-05-23 03:02:27.775793-07,2026-05-23 02:59:58-07,19044,6641,14925622,0,312525,49.26388168334961,-123.15788269042969,6.9369,77,17.655687416241427
2026-05-23 00:00:00,2026-05-23 03:02:58.340199-07,2026-05-23 02:59:58-07,19044,6641,14925622,0,312525,49.26388168334961,-123.15788269042969,6.9369,77,17.655687416241427
2026-05-23 00:00:00,2026-05-23 03:03:28.96241-07,2026-05-23 02:59:58-07,19044,6641,14925622,0,312525,49.26388168334961,-123.15788269042969,6.9369,77,17.655687416241427
2026-05-23 00:00:00,2026-05-23 03:03:59.472331-07,2026-05-23 02:59:58-07,19044,6641,14925622,0,312525,49.26388168334961,-123.15788269042969,6.9369,77,17.655687416241427
2026-05-23 00:00:00,2026-05-23 03:04:29.984951-07,2026-05-23 02:59:58-07,19044,6641,14925622,0,312525,49.26388168334961,-123.15788269042969,6.9369,77,17.655687416241427
2026-05-23 00:00:00,2026-05-23 03:05:00.499759-07,2026-05-23 02:59:58-07,19044,6641,14925622,0,312525,49.26388168334961,-123.15788269042969,6.9369,77,17.655687416241427
2026-05-23 00:00:00,2026-05-23 03:05:31.110757-07,2026-05-23 02:59:58-07,19044,6641,14925622,0,312525,49.26388168334961,-123.15788269042969,6.9369,77,17.655687416241427
2026-05-23 00:00:00,2026-05-23 03:06:01.537022-07,2026-05-23 02:59:58-07,19044,6641,14925622,0,312525,49.26388168334961,-123.15788269042969,6.9369,77,17.655687416241427
2026-05-23 00:00:00,2026-05-23 03:06:33.247741-07,2026-05-23 02:59:58-07,19044,6641,14925622,0,312525,49.26388168334961,-123.15788269042969,6.9369,77,17.655687416241427
2026-05-23 00:00:00,2026-05-23 03:07:03.732774-07,2026-05-23 03:06:53-07,19044,6641,14925622,0,312525,49.263450622558594,-123.124267578125,9.3737,98,11.338620775501457
2026-05-23 00:00:00,2026-05-23 03:07:34.299398-07,2026-05-23 03:07:23-07,19044,6641,14925622,0,312525,49.263301849365234,-123.12065124511719,9.6854,100,54.88147011498714
2026-05-23 00:00:00,2026-05-23 03:08:04.722874-07,2026-05-23 03:07:44-07,19044,6641,14925622,0,312525,49.263267517089844,-123.11931610107422,9.6854,100,42.118258823347325
2026-05-23 00:00:00,2026-05-23 03:08:35.210005-07,2026-05-23 03:08:24-07,19044,6641,14925622,0,312525,49.26319885253906,-123.11557006835938,10.0472,103,46.81760971423078
2026-05-23 00:00:00,2026-05-23 03:09:05.672151-07,2026-05-23 03:08:36-07,19044,6641,14925622,0,312525,49.26321792602539,-123.11526489257812,10.0472,103,24.693919097351937
2026-05-23 00:00:00,2026-05-23 03:09:36.343261-07,2026-05-23 03:08:36-07,19044,6641,14925622,0,312525,49.26321792602539,-123.11526489257812,10.0472,103,24.693919097351937
2026-05-23 00:00:00,2026-05-23 03:10:06.767079-07,2026-05-23 03:08:36-07,19044,6641,14925622,0,312525,49.26321792602539,-123.11526489257812,10.0472,103,24.693919097351937
2026-05-23 00:00:00,2026-05-23 03:10:37.240258-07,2026-05-23 03:10:27-07,19044,6641,14925622,0,312525,49.26321792602539,-123.11526489257812,10.0472,103,24.693919097351937
2026-05-23 00:00:00,2026-05-23 03:11:07.746417-07,2026-05-23 03:10:34-07,19044,6641,14925622,0,312525,49.26321792602539,-123.11341857910156,10.1954,107,38.44278604937768
2026-05-23 00:00:00,2026-05-23 03:11:38.463439-07,2026-05-23 03:11:24-07,19044,6641,14925622,0,312525,49.26313400268555,-123.1097183227539,10.4435,109,17.074600526673922
2026-05-23 00:00:00,2026-05-23 03:12:08.905219-07,2026-05-23 03:11:33-07,19044,6641,14925622,0,312525,49.26301574707031,-123.10494995117188,10.7787,113,4.641324142435556
2026-05-23 00:00:00,2026-05-23 03:12:39.528481-07,2026-05-23 03:12:03-07,19044,6641,14925622,0,312525,49.26293182373047,-123.10150146484375,11.0585,115,33.169875388324265
2026-05-23 00:00:00,2026-05-23 03:13:09.973724-07,2026-05-23 03:12:50-07,19044,6641,14925622,0,312525,49.26283264160156,-123.0996322631836,11.1692,118,8.866349532324094
2026-05-23 00:00:00,2026-05-23 03:13:40.532344-07,2026-05-23 03:13:17-07,19044,6641,14925622,0,312525,49.262550354003906,-123.0955810546875,11.4597,125,0.9402025244953682
2026-05-23 00:00:00,2026-05-23 03:14:11.532466-07,2026-05-23 03:13:45-07,19044,6641,14925622,0,312525,49.262451171875,-123.0911636352539,11.791,130,9.695707528508292
2026-05-23 00:00:00,2026-05-23 03:14:41.983212-07,2026-05-23 03:14:17-07,19044,6641,14925622,0,312525,49.26243209838867,-123.08723449707031,12.0717,132,5.444358667571988
2026-05-23 00:00:00,2026-05-23 03:15:12.467995-07,2026-05-23 03:14:49-07,19044,6641,14925622,0,312525,49.26240158081055,-123.08260345458984,12.3531,134,52.32538038884838
2026-05-23 00:00:00,2026-05-23 03:15:43.046298-07,2026-05-23 03:15:17-07,19044,6641,14925622,0,312525,49.26234817504883,-123.0781478881836,12.7679,137,38.413452462480535
2026-05-23 00:00:00,2026-05-23 03:16:16.739784-07,2026-05-23 03:16:10-07,19044,6641,14925622,0,312525,49.26226806640625,-123.07118225097656,13.1927,143,44.66791988110898
2026-05-23 00:00:00,2026-05-23 03:16:47.217664-07,2026-05-23 03:16:40-07,19044,6641,14925622,0,312525,49.26224899291992,-123.06912994384766,13.3879,146,7.9759815285785205
2026-05-23 00:00:00,2026-05-23 03:17:17.688161-07,2026-05-23 03:17:11-07,19044,6641,14925622,0,312525,49.26224899291992,-123.06912994384766,13.3879,146,7.9759815285785205
2026-05-23 00:00:00,2026-05-23 03:17:48.29244-07,2026-05-23 03:17:40-07,19044,6641,14925622,0,312525,49.26224899291992,-123.06912994384766,13.3879,146,7.9759815285785205
2026-05-23 00:00:00,2026-05-23 03:18:18.723036-07,2026-05-23 03:17:40-07,19044,6641,14925622,0,312525,49.26224899291992,-123.06912994384766,13.3879,146,7.9759815285785205
2026-05-23 00:00:00,2026-05-23 03:18:49.20455-07,2026-05-23 03:18:21-07,19044,6641,14925622,0,312525,49.26224899291992,-123.06912994384766,13.3879,146,7.9759815285785205
2026-05-23 00:00:00,2026-05-23 03:19:19.640743-07,2026-05-23 03:18:21-07,19044,6641,14925622,0,312525,49.26224899291992,-123.06912994384766,13.3879,146,7.9759815285785205
2026-05-23 00:00:00,2026-05-23 03:19:50.209201-07,2026-05-23 03:18:21-07,19044,6641,14925622,0,312525,49.26224899291992,-123.06912994384766,13.3879,146,7.9759815285785205
2026-05-23 00:00:00,2026-05-23 03:20:20.630472-07,2026-05-23 03:20:11-07,19044,6641,14925622,0,312525,49.26224899291992,-123.06912994384766,13.3879,146,7.9759815285785205
2026-05-23 00:00:00,2026-05-23 03:20:51.130026-07,2026-05-23 03:20:42-07,19044,6641,14925622,0,312525,49.26224899291992,-123.06912994384766,13.3879,146,7.9759815285785205
2026-05-23 00:00:00,2026-05-23 03:21:21.562479-07,2026-05-23 03:20:42-07,19044,6641,14925622,0,312525,49.26224899291992,-123.06912994384766,13.3879,146,7.9759815285785205
2026-05-23 00:00:00,2026-05-23 03:21:52.115795-07,2026-05-23 03:21:17-07,19044,6641,14925622,0,312525,49.26224899291992,-123.06912994384766,13.3879,146,7.9759815285785205
2026-05-23 00:00:00,2026-05-23 03:22:22.683187-07,2026-05-23 03:22:12-07,19044,6641,14925622,0,312525,49.26228332519531,-123.06900024414062,13.3987,147,4.971255145391937
2026-05-23 00:00:00,2026-05-23 03:22:53.289926-07,2026-05-23 03:22:41-07,19044,6641,14925622,0,312525,49.26224899291992,-123.06623077392578,13.6028,152,4.850624287991901
2026-05-23 00:00:00,2026-05-23 03:23:23.728222-07,2026-05-23 03:23:11-07,19044,6641,14925622,0,312525,49.26224899291992,-123.06383514404297,13.7698,155,2.551347851610247
2026-05-23 00:00:00,2026-05-23 03:23:54.359913-07,2026-05-23 03:23:40-07,19044,6641,14925622,0,312525,49.2622184753418,-123.0587158203125,14.1778,158,32.104414756461935
2026-05-23 00:00:00,2026-05-23 03:24:24.782513-07,2026-05-23 03:24:10-07,19044,6641,14925622,0,312525,49.2619514465332,-123.0545654296875,14.4405,169,12.478384266887346
2026-05-23 00:00:00,2026-05-23 03:24:55.264345-07,2026-05-23 03:24:33-07,19044,6641,14925622,0,312525,49.262001037597656,-123.05016326904297,14.7451,174,26.1100403614635
2026-05-23 00:00:00,2026-05-23 03:25:25.715311-07,2026-05-23 03:25:05-07,19044,6641,14925622,0,312525,49.26191711425781,-123.0447998046875,15.1424,179,20.119574663026963
2026-05-23 00:00:00,2026-05-23 03:25:56.350641-07,2026-05-23 03:25:16-07,19044,6641,14925622,0,312525,49.26184844970703,-123.04296875,15.2525,181,43.76891143284674
2026-05-23 00:00:00,2026-05-23 03:26:26.79573-07,2026-05-23 03:25:45-07,19044,6641,14925622,0,312525,49.26186752319336,-123.03758239746094,15.665,186,22.601542630704024
2026-05-23 00:00:00,2026-05-23 03:26:57.296577-07,2026-05-23 03:26:32-07,19044,6641,14925622,0,312525,49.26183319091797,-123.03306579589844,16.0173,195,6.917361910185106
2026-05-23 00:00:00,2026-05-23 03:27:27.739165-07,2026-05-23 03:27:02-07,19044,6641,14925622,0,312525,49.26323318481445,-123.0287857055664,16.3894,202,14.798229251376616
2026-05-23 00:00:00,2026-05-23 03:27:58.298849-07,2026-05-23 03:27:31-07,19044,6641,14925622,0,312525,49.26544952392578,-123.02436828613281,16.7596,211,24.940642700161007
2026-05-23 00:00:00,2026-05-23 03:28:28.730446-07,2026-05-23 03:28:02-07,19044,6641,14925622,0,312525,49.265716552734375,-123.02346801757812,16.8582,214,8.114211969693583
2026-05-23 00:00:00,2026-05-23 03:28:59.185628-07,2026-05-23 03:28:31-07,19044,6641,14925622,0,312525,49.26621627807617,-123.0234146118164,16.9675,215,45.778575092530055
2026-05-23 00:00:00,2026-05-23 03:29:29.64037-07,2026-05-23 03:28:31-07,19044,6641,14925622,0,312525,49.26621627807617,-123.0234146118164,16.9675,215,45.778575092530055
2026-05-23 00:00:00,2026-05-23 03:30:00.319393-07,2026-05-23 03:29:19-07,19044,6641,14925622,0,312525,49.26658248901367,-123.0234146118164,16.9675,215,5.865811605081747
2026-05-23 00:00:00,2026-05-23 03:30:30.743107-07,2026-05-23 03:29:19-07,19044,6641,14925622,0,312525,49.26658248901367,-123.0234146118164,16.9675,215,5.865811605081747
2026-05-23 00:00:00,2026-05-23 03:31:01.359016-07,2026-05-23 03:29:19-07,19044,6641,14925622,0,312525,49.26658248901367,-123.0234146118164,16.9675,215,5.865811605081747
2026-05-23 00:00:00,2026-05-23 03:31:31.810795-07,2026-05-23 03:29:19-07,19044,6641,14925622,0,312525,49.26658248901367,-123.0234146118164,16.9675,215,5.865811605081747
2026-05-23 00:00:00,2026-05-23 03:32:02.464105-07,2026-05-23 03:29:19-07,19044,6641,14925622,0,312525,49.26658248901367,-123.0234146118164,16.9675,215,5.865811605081747
2026-05-23 00:00:00,2026-05-23 03:32:33.045973-07,2026-05-23 03:29:19-07,19044,6641,14925622,0,312525,49.26658248901367,-123.0234146118164,16.9675,215,5.865811605081747
2026-05-23 00:00:00,2026-05-23 03:33:03.591712-07,2026-05-23 03:29:19-07,19044,6641,14925622,0,312525,49.26658248901367,-123.0234146118164,16.9675,215,5.865811605081747
2026-05-23 00:00:00,2026-05-23 03:33:34.04006-07,2026-05-23 03:29:19-07,19044,6641,14925622,0,312525,49.26658248901367,-123.0234146118164,16.9675,215,5.865811605081747
2026-05-23 00:00:00,2026-05-23 03:34:04.686446-07,2026-05-23 03:29:19-07,19044,6641,14925622,0,312525,49.26658248901367,-123.0234146118164,16.9675,215,5.865811605081747
2026-05-23 00:00:00,2026-05-23 03:34:35.254983-07,2026-05-23 03:29:19-07,19044,6641,14925622,0,312525,49.26658248901367,-123.0234146118164,16.9675,215,5.865811605081747
2026-05-23 00:00:00,2026-05-23 03:35:05.743189-07,2026-05-23 03:29:19-07,19044,6641,14925622,0,312525,49.26658248901367,-123.0234146118164,16.9675,215,5.865811605081747
2026-05-23 00:00:00,2026-05-23 03:35:36.171398-07,2026-05-23 03:29:19-07,19044,6641,14925622,0,312525,49.26658248901367,-123.0234146118164,16.9675,215,5.865811605081747
2026-05-23 00:00:00,2026-05-23 03:36:06.764828-07,2026-05-23 03:29:19-07,19044,6641,14925622,0,312525,49.26658248901367,-123.0234146118164,16.9675,215,5.865811605081747
2026-05-23 00:00:00,2026-05-23 03:36:37.184177-07,2026-05-23 03:29:19-07,19044,6641,14925622,0,312525,49.26658248901367,-123.0234146118164,16.9675,215,5.865811605081747
2026-05-23 00:00:00,2026-05-23 03:37:07.661304-07,2026-05-23 03:29:19-07,19044,6641,14925622,0,312525,49.26658248901367,-123.0234146118164,16.9675,215,5.865811605081747
2026-05-23 00:00:00,2026-05-23 03:37:38.11928-07,2026-05-23 03:29:19-07,19044,6641,14925622,0,312525,49.26658248901367,-123.0234146118164,16.9675,215,5.865811605081747
2026-05-23 00:00:00,2026-05-23 03:38:08.667602-07,2026-05-23 03:29:19-07,19044,6641,14925622,0,312525,49.26658248901367,-123.0234146118164,16.9675,215,5.865811605081747
2026-05-23 00:00:00,2026-05-23 03:38:39.092533-07,2026-05-23 03:29:19-07,19044,6641,14925622,0,312525,49.26658248901367,-123.0234146118164,16.9675,215,5.865811605081747
2026-05-23 00:00:00,2026-05-23 03:39:09.552502-07,2026-05-23 03:29:19-07,19044,6641,14925622,0,312525,49.26658248901367,-123.0234146118164,16.9675,215,5.865811605081747
2026-05-23 00:00:00,2026-05-23 05:23:23.398876-07,2026-05-23 05:22:52-07,19026,6641,14925994,1,312529,49.26526641845703,-123.02535247802734,0.0428,2,14.655524163889169
2026-05-23 00:00:00,2026-05-23 05:23:54.034723-07,2026-05-23 05:22:52-07,19026,6641,14925994,1,312529,49.26526641845703,-123.02535247802734,0.0428,2,14.655524163889169
2026-05-23 00:00:00,2026-05-23 05:24:24.544478-07,2026-05-23 05:22:52-07,19026,6641,14925994,1,312529,49.26526641845703,-123.02535247802734,0.0428,2,14.655524163889169
2026-05-23 00:00:00,2026-05-23 05:24:55.031995-07,2026-05-23 05:22:52-07,19026,6641,14925994,1,312529,49.26526641845703,-123.02535247802734,0.0428,2,14.655524163889169
2026-05-23 00:00:00,2026-05-23 05:25:25.544495-07,2026-05-23 05:22:52-07,19026,6641,14925994,1,312529,49.26526641845703,-123.02535247802734,0.0428,2,14.655524163889169
2026-05-23 00:00:00,2026-05-23 05:25:56.153109-07,2026-05-23 05:22:52-07,19026,6641,14925994,1,312529,49.26526641845703,-123.02535247802734,0.0428,2,14.655524163889169
2026-05-23 00:00:00,2026-05-23 05:26:26.601635-07,2026-05-23 05:22:52-07,19026,6641,14925994,1,312529,49.26526641845703,-123.02535247802734,0.0428,2,14.655524163889169
2026-05-23 00:00:00,2026-05-23 05:26:57.091777-07,2026-05-23 05:26:17-07,19026,6641,14925994,1,312529,49.2651481628418,-123.02566528320312,0.0428,2,15.624413729056126
2026-05-23 00:00:00,2026-05-23 05:27:27.566173-07,2026-05-23 05:26:45-07,19026,6641,14925994,1,312529,49.26323318481445,-123.02898406982422,0.3546,14,25.10545479360333
2026-05-23 00:00:00,2026-05-23 05:27:58.225328-07,2026-05-23 05:27:16-07,19026,6641,14925994,1,312529,49.26198196411133,-123.03288269042969,0.7268,21,15.806763876082057
2026-05-23 00:00:00,2026-05-23 05:28:28.66898-07,2026-05-23 05:27:54-07,19026,6641,14925994,1,312529,49.261966705322266,-123.03524780273438,0.879,28,10.779730177308876
2026-05-23 00:00:00,2026-05-23 05:28:59.154695-07,2026-05-23 05:28:23-07,19026,6641,14925994,1,312529,49.2619514465332,-123.03973388671875,1.242,32,29.286587697633664
2026-05-23 00:00:00,2026-05-23 05:29:29.581803-07,2026-05-23 05:28:53-07,19026,6641,14925994,1,312529,49.26201629638672,-123.04358673095703,1.4915,35,8.683429088363782
2026-05-23 00:00:00,2026-05-23 05:30:00.181616-07,2026-05-23 05:29:35-07,19026,6641,14925994,1,312529,49.26206588745117,-123.04513549804688,1.6017,37,12.444976287186375
2026-05-23 00:00:00,2026-05-23 05:30:30.611642-07,2026-05-23 05:30:05-07,19026,6641,14925994,1,312529,49.26206588745117,-123.04988098144531,1.9306,40,22.3847103929333
2026-05-23 00:00:00,2026-05-23 05:31:02.596856-07,2026-05-23 05:30:39-07,19026,6641,14925994,1,312529,49.262081146240234,-123.05211639404297,2.1218,44,10.682425695309561
2026-05-23 00:00:00,2026-05-23 05:31:33.046731-07,2026-05-23 05:31:10-07,19026,6641,14925994,1,312529,49.262184143066406,-123.05621337890625,2.4422,52,28.00902393704936
2026-05-23 00:00:00,2026-05-23 05:32:03.863028-07,2026-05-23 05:31:34-07,19026,6641,14925994,1,312529,49.262298583984375,-123.05803680419922,2.5576,57,10.754624286192357
2026-05-23 00:00:00,2026-05-23 05:32:34.359182-07,2026-05-23 05:32:04-07,19026,6641,14925994,1,312529,49.2623176574707,-123.06346893310547,2.9701,60,26.23974857570868
2026-05-23 00:00:00,2026-05-23 05:33:04.834854-07,2026-05-23 05:32:34-07,19026,6641,14925994,1,312529,49.26240158081055,-123.06835174560547,3.317,68,16.211181686821426
2026-05-23 00:00:00,2026-05-23 05:33:35.342401-07,2026-05-23 05:33:11-07,19026,6641,14925994,1,312529,49.26240158081055,-123.06898498535156,3.3463,70,9.513045436530227
2026-05-23 00:00:00,2026-05-23 05:34:05.934797-07,2026-05-23 05:33:42-07,19026,6641,14925994,1,312529,49.26241683959961,-123.07381439208984,3.6876,75,13.808632543699705
2026-05-23 00:00:00,2026-05-23 05:34:36.450191-07,2026-05-23 05:34:11-07,19026,6641,14925994,1,312529,49.26250076293945,-123.07728576660156,3.9667,79,18.57201759004847
2026-05-23 00:00:00,2026-05-23 05:35:06.918264-07,2026-05-23 05:34:41-07,19026,6641,14925994,1,312529,49.26250076293945,-123.07728576660156,3.9667,79,18.57201759004847
2026-05-23 00:00:00,2026-05-23 05:35:37.348215-07,2026-05-23 05:35:16-07,19026,6641,14925994,1,312529,49.26246643066406,-123.07890319824219,3.9771,80,93.25610482244228
2026-05-23 00:00:00,2026-05-23 05:36:07.945594-07,2026-05-23 05:35:47-07,19026,6641,14925994,1,312529,49.26246643066406,-123.0836181640625,4.3919,83,21.676459129912818
2026-05-23 00:00:00,2026-05-23 05:36:38.408517-07,2026-05-23 05:36:17-07,19026,6641,14925994,1,312529,49.26256561279297,-123.08826446533203,4.8151,86,63.851001793356176
2026-05-23 00:00:00,2026-05-23 05:37:08.890758-07,2026-05-23 05:36:47-07,19026,6641,14925994,1,312529,49.2625846862793,-123.08881378173828,4.8151,86,25.955659321004635
2026-05-23 00:00:00,2026-05-23 05:37:39.32528-07,2026-05-23 05:37:26-07,19026,6641,14925994,1,312529,49.26256561279297,-123.09034729003906,4.954,87,51.25121423406437
2026-05-23 00:00:00,2026-05-23 05:38:09.982225-07,2026-05-23 05:37:57-07,19026,6641,14925994,1,312529,49.2625846862793,-123.0947494506836,5.2385,90,16.412793162574157
2026-05-23 00:00:00,2026-05-23 05:38:40.453176-07,2026-05-23 05:38:26-07,19026,6641,14925994,1,312529,49.262901306152344,-123.09770202636719,5.3928,95,51.29329352962953
2026-05-23 00:00:00,2026-05-23 05:39:10.927539-07,2026-05-23 05:38:46-07,19026,6641,14925994,1,312529,49.262901306152344,-123.09781646728516,5.3928,95,59.36630826712805
2026-05-23 00:00:00,2026-05-23 05:39:41.400573-07,2026-05-23 05:39:15-07,19026,6641,14925994,1,312529,49.26286697387695,-123.0988998413086,5.5363,97,6.329857277669978
2026-05-23 00:00:00,2026-05-23 05:40:11.980499-07,2026-05-23 05:39:45-07,19026,6641,14925994,1,312529,49.2629508972168,-123.10089874267578,5.675,101,4.833231758838698
2026-05-23 00:00:00,2026-05-23 05:40:42.476282-07,2026-05-23 05:40:27-07,19026,6641,14925994,1,312529,49.263084411621094,-123.10548400878906,5.9663,104,44.07518924766885
2026-05-23 00:00:00,2026-05-23 05:41:12.968785-07,2026-05-23 05:40:57-07,19026,6641,14925994,1,312529,49.26316833496094,-123.10916900634766,6.3015,108,23.480661374325244
2026-05-23 00:00:00,2026-05-23 05:41:43.459669-07,2026-05-23 05:41:26-07,19026,6641,14925994,1,312529,49.26323318481445,-123.11199951171875,6.5496,110,65.0321134434013
2026-05-23 00:00:00,2026-05-23 05:42:14.081611-07,2026-05-23 05:41:56-07,19026,6641,14925994,1,312529,49.26321792602539,-123.11295318603516,6.5496,110,6.123516420259238
2026-05-23 00:00:00,2026-05-23 05:42:14.081611-07,2026-05-23 05:41:41-07,23002,6641,14925995,1,312529,49.26541519165039,-123.02481842041016,0.0,1,12.621205937740179
2026-05-23 00:00:00,2026-05-23 05:42:44.609165-07,2026-05-23 05:42:26-07,19026,6641,14925994,1,312529,49.263301849365234,-123.11453247070312,6.687,112,20.87615000864755
2026-05-23 00:00:00,2026-05-23 05:42:44.609165-07,2026-05-23 05:41:41-07,23002,6641,14925995,1,312529,49.26541519165039,-123.02481842041016,0.0,1,12.621205937740179
2026-05-23 00:00:00,2026-05-23 05:43:15.150843-07,2026-05-23 05:42:56-07,19026,6641,14925994,1,312529,49.26335144042969,-123.11602020263672,6.6978,114,81.0790312600227
2026-05-23 00:00:00,2026-05-23 05:43:15.150843-07,2026-05-23 05:41:41-07,23002,6641,14925995,1,312529,49.26541519165039,-123.02481842041016,0.0,1,12.621205937740179
2026-05-23 00:00:00,2026-05-23 05:43:45.66947-07,2026-05-23 05:43:27-07,19026,6641,14925994,1,312529,49.26335144042969,-123.1164321899414,6.8867,115,79.73770594766975
2026-05-23 00:00:00,2026-05-23 05:43:45.66947-07,2026-05-23 05:43:16-07,23002,6641,14925995,1,312529,49.26533126831055,-123.02501678466797,0.0,1,6.613425600689358
2026-05-23 00:00:00,2026-05-23 05:44:16.592283-07,2026-05-23 05:43:55-07,19026,6641,14925994,1,312529,49.26335144042969,-123.1164321899414,6.8867,115,79.73770594766975
2026-05-23 00:00:00,2026-05-23 05:44:16.592283-07,2026-05-23 05:43:46-07,23002,6641,14925995,1,312529,49.26314926147461,-123.02906799316406,0.3546,14,35.47604021947067
2026-05-23 00:00:00,2026-05-23 05:44:47.082106-07,2026-05-23 05:44:25-07,19026,6641,14925994,1,312529,49.26335144042969,-123.1164321899414,6.8867,115,79.73770594766975
2026-05-23 00:00:00,2026-05-23 05:44:47.082106-07,2026-05-23 05:44:15-07,23002,6641,14925995,1,312529,49.26198196411133,-123.03302001953125,0.7268,21,9.997585787953277
2026-05-23 00:00:00,2026-05-23 05:45:17.628627-07,2026-05-23 05:45:10-07,19026,6641,14925994,1,312529,49.26335144042969,-123.11658477783203,6.8867,115,68.7944922253875
2026-05-23 00:00:00,2026-05-23 05:45:17.628627-07,2026-05-23 05:44:45-07,23002,6641,14925995,1,312529,49.26198196411133,-123.03350067138672,0.7699,23,14.011441590243502
2026-05-23 00:00:00,2026-05-23 05:45:48.118491-07,2026-05-23 05:45:39-07,19026,6641,14925994,1,312529,49.2634162902832,-123.12026977539062,7.0596,117,30.355776434198937
2026-05-23 00:00:00,2026-05-23 05:45:48.118491-07,2026-05-23 05:45:22-07,23002,6641,14925995,1,312529,49.262001037597656,-123.03434753417969,0.7961,27,27.50167591167496
2026-05-23 00:00:00,2026-05-23 05:46:18.773263-07,2026-05-23 05:46:11-07,19026,6641,14925994,1,312529,49.263431549072266,-123.12226867675781,7.1997,118,35.028200771645714
2026-05-23 00:00:00,2026-05-23 05:46:18.773263-07,2026-05-23 05:45:52-07,23002,6641,14925995,1,312529,49.2619514465332,-123.03923034667969,1.1658,31,12.179344063114733
2026-05-23 00:00:00,2026-05-23 05:46:49.484537-07,2026-05-23 05:46:18-07,19026,6641,14925994,1,312529,49.263431549072266,-123.12266540527344,7.1997,118,62.7253310605237
2026-05-23 00:00:00,2026-05-23 05:46:49.484537-07,2026-05-23 05:46:23-07,23002,6641,14925995,1,312529,49.26205062866211,-123.04450225830078,1.5468,36,17.800437639184572
2026-05-23 00:00:00,2026-05-23 05:47:20.034003-07,2026-05-23 05:46:47-07,19026,6641,14925994,1,312529,49.26348114013672,-123.124267578125,7.3713,119,14.227832098354572
2026-05-23 00:00:00,2026-05-23 05:47:20.034003-07,2026-05-23 05:46:46-07,23002,6641,14925995,1,312529,49.26206588745117,-123.04518127441406,1.6017,37,14.087319869618437
2026-05-23 00:00:00,2026-05-23 05:47:50.520154-07,2026-05-23 05:47:17-07,19026,6641,14925994,1,312529,49.26353454589844,-123.12661743164062,7.5492,120,14.294104802023686
2026-05-23 00:00:00,2026-05-23 05:47:50.520154-07,2026-05-23 05:47:16-07,23002,6641,14925995,1,312529,49.26203155517578,-123.05016326904297,1.9989,42,26.258408820065537
2026-05-23 00:00:00,2026-05-23 05:48:21.171438-07,2026-05-23 05:47:47-07,19026,6641,14925994,1,312529,49.26356887817383,-123.13099670410156,7.895,122,28.547852176763126
2026-05-23 00:00:00,2026-05-23 05:48:21.171438-07,2026-05-23 05:47:55-07,23002,6641,14925995,1,312529,49.26206588745117,-123.05207061767578,2.1218,44,12.048950656810668
2026-05-23 00:00:00,2026-05-23 05:48:51.66802-07,2026-05-23 05:48:17-07,19026,6641,14925994,1,312529,49.26356887817383,-123.13478088378906,8.0662,123,77.17322871422921
2026-05-23 00:00:00,2026-05-23 05:48:51.66802-07,2026-05-23 05:48:24-07,23002,6641,14925995,1,312529,49.262168884277344,-123.0562515258789,2.4422,52,24.973262449724114
2026-05-23 00:00:00,2026-05-23 05:49:22.247081-07,2026-05-23 05:48:47-07,19026,6641,14925994,1,312529,49.2635498046875,-123.13673400878906,8.2387,124,46.817914442191515
2026-05-23 00:00:00,2026-05-23 05:49:22.247081-07,2026-05-23 05:48:54-07,23002,6641,14925995,1,312529,49.2623176574707,-123.05708312988281,2.4786,53,11.10575900686772
2026-05-23 00:00:00,2026-05-23 05:49:52.754951-07,2026-05-23 05:49:17-07,19026,6641,14925994,1,312529,49.26373291015625,-123.13978576660156,8.4695,128,41.2789631355153
2026-05-23 00:00:00,2026-05-23 05:49:52.754951-07,2026-05-23 05:49:20-07,23002,6641,14925995,1,312529,49.262298583984375,-123.05750274658203,2.5055,56,9.231306064417373
2026-05-23 00:00:00,2026-05-23 05:50:23.366841-07,2026-05-23 05:49:48-07,19026,6641,14925994,1,312529,49.26373291015625,-123.14054870605469,8.5982,129,37.07219821533914
2026-05-23 00:00:00,2026-05-23 05:50:23.366841-07,2026-05-23 05:49:48-07,23002,6641,14925995,1,312529,49.262298583984375,-123.06269836425781,2.8396,59,48.6895912867134
2026-05-23 00:00:00,2026-05-23 05:50:53.865376-07,2026-05-23 05:50:17-07,19026,6641,14925994,1,312529,49.26371765136719,-123.14350128173828,8.7721,131,8.854713801817592
2026-05-23 00:00:00,2026-05-23 05:50:53.865376-07,2026-05-23 05:50:17-07,23002,6641,14925995,1,312529,49.262367248535156,-123.06566619873047,3.1238,63,18.25408505549147
2026-05-23 00:00:00,2026-05-23 05:51:24.401835-07,2026-05-23 05:50:49-07,19026,6641,14925994,1,312529,49.26374816894531,-123.14541625976562,8.9427,132,25.252608767176113
2026-05-23 00:00:00,2026-05-23 05:51:24.401835-07,2026-05-23 05:51:02-07,23002,6641,14925995,1,312529,49.26238250732422,-123.06901550292969,3.3463,70,8.335033993725817
2026-05-23 00:00:00,2026-05-23 05:51:54.922407-07,2026-05-23 05:51:18-07,19026,6641,14925994,1,312529,49.26376724243164,-123.14678192138672,8.9427,132,74.72474808238417
2026-05-23 00:00:00,2026-05-23 05:51:54.922407-07,2026-05-23 05:51:32-07,23002,6641,14925995,1,312529,49.26238250732422,-123.07105255126953,3.5523,74,53.476308181900365
2026-05-23 00:00:00,2026-05-23 05:52:25.577617-07,2026-05-23 05:51:47-07,19026,6641,14925994,1,312529,49.26369857788086,-123.149169921875,9.1164,133,74.74561477014187
2026-05-23 00:00:00,2026-05-23 05:52:25.577617-07,2026-05-23 05:52:02-07,23002,6641,14925995,1,312529,49.26246643066406,-123.07666778564453,3.9118,78,9.890952136675605
2026-05-23 00:00:00,2026-05-23 05:52:56.130298-07,2026-05-23 05:52:21-07,19026,6641,14925994,1,312529,49.26376724243164,-123.15198516845703,9.4226,136,26.63137952566337
2026-05-23 00:00:00,2026-05-23 05:52:56.130298-07,2026-05-23 05:52:34-07,23002,6641,14925995,1,312529,49.26246643066406,-123.0772705078125,3.9667,79,17.308783303661816
2026-05-23 00:00:00,2026-05-23 05:53:26.665806-07,2026-05-23 05:53:10-07,19026,6641,14925994,1,312529,49.26390075683594,-123.15470123291016,9.6376,139,43.600564865262996
2026-05-23 00:00:00,2026-05-23 05:53:26.665806-07,2026-05-23 05:53:08-07,23002,6641,14925995,1,312529,49.262451171875,-123.07891845703125,3.9771,80,94.22751857626882
2026-05-23 00:00:00,2026-05-23 05:53:57.178724-07,2026-05-23 05:53:38-07,19026,6641,14925994,1,312529,49.263999938964844,-123.15983581542969,9.9808,141,14.481876036642392
2026-05-23 00:00:00,2026-05-23 05:53:57.178724-07,2026-05-23 05:53:38-07,23002,6641,14925995,1,312529,49.26246643066406,-123.08418273925781,4.3919,83,62.523747509755
2026-05-23 00:00:00,2026-05-23 05:54:27.836573-07,2026-05-23 05:54:09-07,19026,6641,14925994,1,312529,49.264068603515625,-123.16515350341797,10.3177,143,37.45982398247964
2026-05-23 00:00:00,2026-05-23 05:54:27.836573-07,2026-05-23 05:54:08-07,23002,6641,14925995,1,312529,49.262550354003906,-123.08885192871094,4.8151,86,21.902211089454017
2026-05-23 00:00:00,2026-05-23 05:54:58.336518-07,2026-05-23 05:54:37-07,19026,6641,14925994,1,312529,49.26413345336914,-123.16798400878906,10.574,145,14.08586966479066
2026-05-23 00:00:00,2026-05-23 05:54:58.336518-07,2026-05-23 05:54:37-07,23002,6641,14925995,1,312529,49.26256561279297,-123.09004974365234,4.8151,86,67.02647069589152
2026-05-23 00:00:00,2026-05-23 05:55:28.887673-07,2026-05-23 05:54:46-07,19026,6641,14925994,1,312529,49.2641487121582,-123.16871643066406,10.574,145,41.09272571947581
2026-05-23 00:00:00,2026-05-23 05:55:28.887673-07,2026-05-23 05:54:44-07,23002,6641,14925995,1,312529,49.262550354003906,-123.0902328491211,4.954,87,59.24264099651661
2026-05-23 00:00:00,2026-05-23 05:55:59.376193-07,2026-05-23 05:55:17-07,19026,6641,14925994,1,312529,49.264183044433594,-123.17386627197266,10.9987,149,9.250561677854636
2026-05-23 00:00:00,2026-05-23 05:55:59.376193-07,2026-05-23 05:55:17-07,23002,6641,14925995,1,312529,49.26256561279297,-123.09523010253906,5.2386,91,20.76524818151624
2026-05-23 00:00:00,2026-05-23 05:56:30.103953-07,2026-05-23 05:55:46-07,19026,6641,14925994,1,312529,49.2642822265625,-123.17906951904297,11.4235,153,54.91191071537399
2026-05-23 00:00:00,2026-05-23 05:56:30.103953-07,2026-05-23 05:55:52-07,23002,6641,14925995,1,312529,49.262882232666016,-123.09774780273438,5.3928,95,54.05030710144186
2026-05-23 00:00:00,2026-05-23 05:57:00.635863-07,2026-05-23 05:56:37-07,16222,6641,14925996,1,312529,49.26523208618164,-123.0253677368164,0.0428,2,10.813201966352079
2026-05-23 00:00:00,2026-05-23 05:57:00.635863-07,2026-05-23 05:56:17-07,19026,6641,14925994,1,312529,49.26435089111328,-123.18437957763672,11.7118,156,43.17579179256707
2026-05-23 00:00:00,2026-05-23 05:57:00.635863-07,2026-05-23 05:56:23-07,23002,6641,14925995,1,312529,49.262916564941406,-123.10071563720703,5.675,101,12.543641878569705
2026-05-23 00:00:00,2026-05-23 05:57:31.22844-07,2026-05-23 05:57:09-07,16222,6641,14925996,1,312529,49.26525115966797,-123.0253677368164,0.0428,2,12.63600521654303
2026-05-23 00:00:00,2026-05-23 05:57:31.22844-07,2026-05-23 05:57:16-07,19026,6641,14925994,1,312529,49.263648986816406,-123.1859359741211,11.9632,159,18.881434436566344
2026-05-23 00:00:00,2026-05-23 05:57:31.22844-07,2026-05-23 05:57:23-07,23002,6641,14925995,1,312529,49.263084411621094,-123.1046142578125,5.9664,105,21.148865372527652
2026-05-23 00:00:00,2026-05-23 05:58:01.744602-07,2026-05-23 05:57:39-07,16222,6641,14925996,1,312529,49.26523208618164,-123.0253677368164,0.0428,2,10.813201966352079
2026-05-23 00:00:00,2026-05-23 05:58:01.744602-07,2026-05-23 05:57:34-07,19026,6641,14925994,1,312529,49.26351547241211,-123.18689727783203,12.1027,160,66.54928588019615
2026-05-23 00:00:00,2026-05-23 05:58:01.744602-07,2026-05-23 05:57:35-07,23002,6641,14925995,1,312529,49.263065338134766,-123.10485076904297,5.9663,104,6.153538263842249
2026-05-23 00:00:00,2026-05-23 05:58:32.370925-07,2026-05-23 05:58:10-07,16222,6641,14925996,1,312529,49.265201568603516,-123.02549743652344,0.0428,2,6.592840836000743
2026-05-23 00:00:00,2026-05-23 05:58:32.370925-07,2026-05-23 05:58:01-07,19026,6641,14925994,1,312529,49.26359939575195,-123.1920166015625,12.3232,162,85.33601313892052
2026-05-23 00:00:00,2026-05-23 05:58:32.370925-07,2026-05-23 05:58:04-07,23002,6641,14925995,1,312529,49.26316833496094,-123.10977935791016,6.3015,108,22.09604382879741
2026-05-23 00:00:00,2026-05-23 05:59:02.873483-07,2026-05-23 05:58:43-07,16222,6641,14925996,1,312529,49.26296615600586,-123.02936553955078,0.3546,14,65.10699758927856
2026-05-23 00:00:00,2026-05-23 05:59:02.873483-07,2026-05-23 05:58:35-07,19026,6641,14925994,1,312529,49.2636833190918,-123.19718170166016,12.7695,166,15.883785855787716
2026-05-23 00:00:00,2026-05-23 05:59:02.873483-07,2026-05-23 05:58:36-07,23002,6641,14925995,1,312529,49.26323318481445,-123.11378479003906,6.5496,110,65.0539195453241
2026-05-23 00:00:00,2026-05-23 05:59:33.428341-07,2026-05-23 05:59:27-07,16222,6641,14925996,1,312529,49.261966705322266,-123.03495025634766,0.879,28,15.93709179166483
2026-05-23 00:00:00,2026-05-23 05:59:33.428341-07,2026-05-23 05:59:03-07,19026,6641,14925994,1,312529,49.26374816894531,-123.20269775390625,13.2095,170,22.7374551921315
2026-05-23 00:00:00,2026-05-23 05:59:33.428341-07,2026-05-23 05:59:06-07,23002,6641,14925995,1,312529,49.2633171081543,-123.1156997680664,6.6978,114,57.53805351401485
2026-05-23 00:00:00,2026-05-23 06:00:03.912517-07,2026-05-23 05:59:57-07,16222,6641,14925996,1,312529,49.261932373046875,-123.04066467285156,1.242,32,38.95561269580565
2026-05-23 00:00:00,2026-05-23 06:00:03.912517-07,2026-05-23 05:59:33-07,19026,6641,14925994,1,312529,49.26388168334961,-123.20811462402344,13.6544,173,73.2023198055966
2026-05-23 00:00:00,2026-05-23 06:00:03.912517-07,2026-05-23 05:59:36-07,23002,6641,14925995,1,312529,49.26333236694336,-123.11648559570312,6.8867,115,75.61725118205305
2026-05-23 00:00:00,2026-05-23 06:00:34.618913-07,2026-05-23 05:59:59-07,16222,6641,14925996,1,312529,49.261932373046875,-123.04066467285156,1.242,32,38.95561269580565
2026-05-23 00:00:00,2026-05-23 06:00:34.618913-07,2026-05-23 06:00:20-07,19026,6641,14925994,1,312529,49.263916015625,-123.21006774902344,13.6544,173,69.27286809592357
2026-05-23 00:00:00,2026-05-23 06:00:34.618913-07,2026-05-23 06:00:05-07,23002,6641,14925995,1,312529,49.26340103149414,-123.11647033691406,6.8867,115,77.99717596503783
2026-05-23 00:00:00,2026-05-23 06:01:05.109959-07,2026-05-23 06:00:28-07,16222,6641,14925996,1,312529,49.262001037597656,-123.04399871826172,1.5468,36,23.626609002430012
2026-05-23 00:00:00,2026-05-23 06:01:05.109959-07,2026-05-23 06:00:50-07,19026,6641,14925994,1,312529,49.26396560668945,-123.21485137939453,14.0754,177,5.91329556077394
2026-05-23 00:00:00,2026-05-23 06:01:05.109959-07,2026-05-23 06:00:35-07,23002,6641,14925995,1,312529,49.26338195800781,-123.11647033691406,6.8867,115,77.5681902369074
2026-05-23 00:00:00,2026-05-23 06:01:35.761282-07,2026-05-23 06:01:04-07,16222,6641,14925996,1,312529,49.26203155517578,-123.04582977294922,1.6017,37,55.8018973044763
2026-05-23 00:00:00,2026-05-23 06:01:35.761282-07,2026-05-23 06:01:19-07,19026,6641,14925994,1,312529,49.263916015625,-123.21841430664062,14.1504,180,182.45275794418424
2026-05-23 00:00:00,2026-05-23 06:01:35.761282-07,2026-05-23 06:01:05-07,23002,6641,14925995,1,312529,49.26340103149414,-123.11647033691406,6.8867,115,77.99717596503783
2026-05-23 00:00:00,2026-05-23 06:02:06.296307-07,2026-05-23 06:01:44-07,16222,6641,14925996,1,312529,49.26203155517578,-123.05293273925781,2.1798,45,6.041049884020266
2026-05-23 00:00:00,2026-05-23 06:02:06.296307-07,2026-05-23 06:01:49-07,19026,6641,14925994,1,312529,49.2637825012207,-123.22361755371094,15.1734,181,459.57504183574696
2026-05-23 00:00:00,2026-05-23 06:02:06.296307-07,2026-05-23 06:01:35-07,23002,6641,14925995,1,312529,49.26336669921875,-123.11647033691406,6.8867,115,77.26521311738496
2026-05-23 00:00:00,2026-05-23 06:02:36.931966-07,2026-05-23 06:02:12-07,16222,6641,14925996,1,312529,49.26213455200195,-123.05633544921875,2.4422,52,18.546400693127453
2026-05-23 00:00:00,2026-05-23 06:02:36.931966-07,2026-05-23 06:02:18-07,19026,6641,14925994,1,312529,49.263648986816406,-123.22886657714844,15.1734,181,78.41257623792107
2026-05-23 00:00:00,2026-05-23 06:02:36.931966-07,2026-05-23 06:02:22-07,23002,6641,14925995,1,312529,49.2634162902832,-123.1166000366211,6.8867,115,69.26971173585638
2026-05-23 00:00:00,2026-05-23 06:03:07.476611-07,2026-05-23 06:02:33-07,16222,6641,14925996,1,312529,49.26226806640625,-123.05851745605469,2.5662,58,17.813369926513623
2026-05-23 00:00:00,2026-05-23 06:03:07.476611-07,2026-05-23 06:02:51-07,19026,6641,14925994,1,312529,49.26456832885742,-123.23368072509766,15.5226,192,47.390017861457444
2026-05-23 00:00:00,2026-05-23 06:03:07.476611-07,2026-05-23 06:02:54-07,23002,6641,14925995,1,312529,49.263431549072266,-123.12136840820312,7.1997,118,35.090062475798305
2026-05-23 00:00:00,2026-05-23 06:03:38.119246-07,2026-05-23 06:03:04-07,16222,6641,14925996,1,312529,49.262298583984375,-123.0631332397461,2.9701,60,50.20603102924227
2026-05-23 00:00:00,2026-05-23 06:03:38.119246-07,2026-05-23 06:03:19-07,19026,6641,14925994,1,312529,49.266666412353516,-123.23793029785156,15.8854,199,18.879874960784413
2026-05-23 00:00:00,2026-05-23 06:03:38.119246-07,2026-05-23 06:03:25-07,23002,6641,14925995,1,312529,49.263450622558594,-123.12283325195312,7.1997,118,75.08289203543798
2026-05-23 00:00:00,2026-05-23 06:04:08.620312-07,2026-05-23 06:03:32-07,16222,6641,14925996,1,312529,49.262367248535156,-123.06641387939453,3.1512,64,9.253620847585708
2026-05-23 00:00:00,2026-05-23 06:04:08.620312-07,2026-05-23 06:03:49-07,19026,6641,14925994,1,312529,49.26679992675781,-123.24313354492188,16.2069,209,51.051847278466006
2026-05-23 00:00:00,2026-05-23 06:04:08.620312-07,2026-05-23 06:03:54-07,23002,6641,14925995,1,312529,49.26351547241211,-123.12623596191406,7.5492,120,30.34339100400474
2026-05-23 00:00:00,2026-05-23 06:04:39.27916-07,2026-05-23 06:04:03-07,16222,6641,14925996,1,312529,49.26240158081055,-123.06873321533203,3.334,69,10.518724729685353
2026-05-23 00:00:00,2026-05-23 06:04:39.27916-07,2026-05-23 06:04:14-07,19026,6641,14925994,1,312529,49.2664680480957,-123.24539947509766,16.4301,211,3.207635563538848
2026-05-23 00:00:00,2026-05-23 06:04:39.27916-07,2026-05-23 06:04:23-07,23002,6641,14925995,1,312529,49.26353454589844,-123.1263198852539,7.5492,120,25.988667589431202
2026-05-23 00:00:00,2026-05-23 06:05:09.760483-07,2026-05-23 06:04:37-07,16222,6641,14925996,1,312529,49.26238250732422,-123.06891632080078,3.3463,70,7.756548289644626
2026-05-23 00:00:00,2026-05-23 06:05:09.760483-07,2026-05-23 06:04:45-07,19026,6641,14925994,1,312529,49.268768310546875,-123.24738311767578,16.7149,218,9.105853673567566
2026-05-23 00:00:00,2026-05-23 06:05:09.760483-07,2026-05-23 06:04:55-07,23002,6641,14925995,1,312529,49.26353454589844,-123.12812042236328,7.7228,121,64.82971865745208
2026-05-23 00:00:00,2026-05-23 06:05:40.27942-07,2026-05-23 06:05:07-07,16222,6641,14925996,1,312529,49.262367248535156,-123.07292938232422,3.6876,75,52.00973244409874
2026-05-23 00:00:00,2026-05-23 06:05:40.27942-07,2026-05-23 06:04:45-07,19026,6641,14925994,1,312529,49.268768310546875,-123.24738311767578,16.7149,218,9.105853673567566
2026-05-23 00:00:00,2026-05-23 06:05:40.27942-07,2026-05-23 06:04:55-07,23002,6641,14925995,1,312529,49.26353454589844,-123.12812042236328,7.7228,121,64.82971865745208
2026-05-23 00:00:00,2026-05-23 06:06:10.767118-07,2026-05-23 06:05:36-07,16222,6641,14925996,1,312529,49.26243209838867,-123.07713317871094,3.9667,79,25.559112496596445
2026-05-23 00:00:00,2026-05-23 06:06:10.767118-07,2026-05-23 06:05:42-07,19026,6641,14925849,0,312527,49.2678337097168,-123.24732971191406,0.1448,2,59.91651029997768
2026-05-23 00:00:00,2026-05-23 06:06:10.767118-07,2026-05-23 06:05:53-07,23002,6641,14925995,1,312529,49.26358413696289,-123.13760375976562,8.3677,126,18.524434998520373
2026-05-23 00:00:00,2026-05-23 06:06:41.402168-07,2026-05-23 06:06:02-07,16222,6641,14925996,1,312529,49.26243209838867,-123.07968139648438,4.1725,81,45.436905683853325
2026-05-23 00:00:00,2026-05-23 06:06:41.402168-07,2026-05-23 06:06:11-07,19026,6641,14925849,0,312527,49.2678337097168,-123.24735260009766,0.1448,2,61.40071946194365
2026-05-23 00:00:00,2026-05-23 06:06:41.402168-07,2026-05-23 06:06:24-07,23002,6641,14925995,1,312529,49.26361846923828,-123.13826751708984,8.4189,127,21.618517356211875
2026-05-23 00:00:00,2026-05-23 06:07:11.922595-07,2026-05-23 06:06:32-07,16222,6641,14925996,1,312529,49.26246643066406,-123.08453369140625,4.5334,84,53.08026428372306
2026-05-23 00:00:00,2026-05-23 06:07:11.922595-07,2026-05-23 06:06:11-07,19026,6641,14925849,0,312527,49.2678337097168,-123.24735260009766,0.1448,2,61.40071946194365
2026-05-23 00:00:00,2026-05-23 06:07:11.922595-07,2026-05-23 06:06:56-07,23002,6641,14925995,1,312529,49.26371765136719,-123.13971710205078,8.4695,128,36.022853342951265
2026-05-23 00:00:00,2026-05-23 06:07:42.541279-07,2026-05-23 06:07:01-07,16222,6641,14925996,1,312529,49.26253128051758,-123.08920288085938,4.8151,86,7.368240428485372
2026-05-23 00:00:00,2026-05-23 06:07:42.541279-07,2026-05-23 06:06:11-07,19026,6641,14925849,0,312527,49.2678337097168,-123.24735260009766,0.1448,2,61.40071946194365
2026-05-23 00:00:00,2026-05-23 06:07:42.541279-07,2026-05-23 06:07:21-07,23002,6641,14925995,1,312529,49.26371765136719,-123.1405029296875,8.5982,129,39.66711697192815
2026-05-23 00:00:00,2026-05-23 06:08:13.057205-07,2026-05-23 06:07:35-07,16222,6641,14925996,1,312529,49.262550354003906,-123.09030151367188,4.954,87,54.2949939426264
2026-05-23 00:00:00,2026-05-23 06:08:13.057205-07,2026-05-23 06:06:11-07,19026,6641,14925849,0,312527,49.2678337097168,-123.24735260009766,0.1448,2,61.40071946194365
2026-05-23 00:00:00,2026-05-23 06:08:13.057205-07,2026-05-23 06:07:50-07,23002,6641,14925995,1,312529,49.26374816894531,-123.14520263671875,8.9427,132,40.55274475086525
2026-05-23 00:00:00,2026-05-23 06:08:43.932259-07,2026-05-23 06:08:05-07,16222,6641,14925996,1,312529,49.262550354003906,-123.09381866455078,5.1349,89,21.516654414937843
2026-05-23 00:00:00,2026-05-23 06:08:43.932259-07,2026-05-23 06:06:11-07,19026,6641,14925849,0,312527,49.2678337097168,-123.24735260009766,0.1448,2,61.40071946194365
2026-05-23 00:00:00,2026-05-23 06:08:43.932259-07,2026-05-23 06:08:20-07,23002,6641,14925995,1,312529,49.26376724243164,-123.14724731445312,9.1164,133,64.98202637744888
2026-05-23 00:00:00,2026-05-23 06:09:14.499062-07,2026-05-23 06:08:37-07,16222,6641,14925996,1,312529,49.26286697387695,-123.0974349975586,5.3928,95,31.602380034542154
2026-05-23 00:00:00,2026-05-23 06:09:14.499062-07,2026-05-23 06:06:11-07,19026,6641,14925849,0,312527,49.2678337097168,-123.24735260009766,0.1448,2,61.40071946194365
2026-05-23 00:00:00,2026-05-23 06:09:14.499062-07,2026-05-23 06:08:49-07,23002,6641,14925995,1,312529,49.26374816894531,-123.15121459960938,9.2912,134,48.80613489460327
2026-05-23 00:00:00,2026-05-23 06:09:45.064627-07,2026-05-23 06:08:58-07,16222,6641,14925996,1,312529,49.26286697387695,-123.0978012084961,5.3928,95,57.5596100881552
2026-05-23 00:00:00,2026-05-23 06:09:45.064627-07,2026-05-23 06:06:11-07,19026,6641,14925849,0,312527,49.2678337097168,-123.24735260009766,0.1448,2,61.40071946194365
2026-05-23 00:00:00,2026-05-23 06:09:45.064627-07,2026-05-23 06:09:20-07,23002,6641,14925995,1,312529,49.26393127441406,-123.15440368652344,9.6376,139,65.43501078792873
2026-05-23 00:00:00,2026-05-23 06:10:15.553617-07,2026-05-23 06:09:30-07,16222,6641,14925996,1,312529,49.262901306152344,-123.10053253173828,5.6311,100,17.99856468400232
2026-05-23 00:00:00,2026-05-23 06:10:15.553617-07,2026-05-23 06:06:11-07,19026,6641,14925849,0,312527,49.2678337097168,-123.24735260009766,0.1448,2,61.40071946194365
2026-05-23 00:00:00,2026-05-23 06:10:15.553617-07,2026-05-23 06:09:40-07,23002,6641,14925995,1,312529,49.263916015625,-123.15470123291016,9.6376,139,43.805123747673655
2026-05-23 00:00:00,2026-05-23 06:10:46.623848-07,2026-05-23 06:10:29-07,16222,6641,14925996,1,312529,49.2630500793457,-123.10485076904297,5.9663,104,4.663774802838718
2026-05-23 00:00:00,2026-05-23 06:10:46.623848-07,2026-05-23 06:06:11-07,19026,6641,14925849,0,312527,49.2678337097168,-123.24735260009766,0.1448,2,61.40071946194365
2026-05-23 00:00:00,2026-05-23 06:10:46.623848-07,2026-05-23 06:10:39-07,23002,6641,14925995,1,312529,49.263999938964844,-123.16051483154297,9.9808,141,37.01933089096483
2026-05-23 00:00:00,2026-05-23 06:11:17.153351-07,2026-05-23 06:11:00-07,16222,6641,14925996,1,312529,49.263118743896484,-123.1083984375,6.3014,107,78.77306989836939
2026-05-23 00:00:00,2026-05-23 06:11:17.153351-07,2026-05-23 06:11:06-07,19026,6641,14925849,0,312527,49.2669677734375,-123.24833679199219,0.0,1,2.8994148852970216
2026-05-23 00:00:00,2026-05-23 06:11:17.153351-07,2026-05-23 06:11:11-07,23002,6641,14925995,1,312529,49.26409912109375,-123.16651916503906,10.4521,144,5.968677366796273
2026-05-23 00:00:00,2026-05-23 06:11:47.834723-07,2026-05-23 06:11:31-07,16222,6641,14925996,1,312529,49.26319885253906,-123.11203002929688,6.5496,110,62.58331590435772
2026-05-23 00:00:00,2026-05-23 06:11:47.834723-07,2026-05-23 06:11:27-07,19026,6641,14925849,0,312527,49.267433166503906,-123.24691772460938,0.1448,2,29.188652737194204
2026-05-23 00:00:00,2026-05-23 06:11:47.834723-07,2026-05-23 06:11:31-07,23002,6641,14925995,1,312529,49.26413345336914,-123.16863250732422,10.574,145,34.79784530453084
2026-05-23 00:00:00,2026-05-23 06:12:18.412321-07,2026-05-23 06:11:59-07,16222,6641,14925996,1,312529,49.26319885253906,-123.1134033203125,6.5496,110,37.16271120451952
2026-05-23 00:00:00,2026-05-23 06:12:18.412321-07,2026-05-23 06:11:58-07,19026,6641,14925849,0,312527,49.267433166503906,-123.24691772460938,0.1448,2,29.188652737194204
2026-05-23 00:00:00,2026-05-23 06:12:18.412321-07,2026-05-23 06:12:00-07,23002,6641,14925995,1,312529,49.264198303222656,-123.1736831665039,10.9987,149,22.64419172850438
2026-05-23 00:00:00,2026-05-23 06:12:49.040378-07,2026-05-23 06:12:29-07,16222,6641,14925996,1,312529,49.263267517089844,-123.11457061767578,6.687,112,16.623495750630777
2026-05-23 00:00:00,2026-05-23 06:12:49.040378-07,2026-05-23 06:12:21-07,19026,6641,14925849,0,312527,49.2675666809082,-123.2466812133789,0.1448,2,6.7972657466323785
2026-05-23 00:00:00,2026-05-23 06:12:49.040378-07,2026-05-23 06:12:29-07,23002,6641,14925995,1,312529,49.26426696777344,-123.17891693115234,11.4235,153,65.96478028333323
2026-05-23 00:00:00,2026-05-23 06:13:19.551419-07,2026-05-23 06:13:00-07,16222,6641,14925996,1,312529,49.263301849365234,-123.11640167236328,6.8867,115,81.35493032375271
2026-05-23 00:00:00,2026-05-23 06:13:19.551419-07,2026-05-23 06:12:52-07,19026,6641,14925849,0,312527,49.26649856567383,-123.24445343017578,0.3841,6,8.115787919560749
2026-05-23 00:00:00,2026-05-23 06:13:19.551419-07,2026-05-23 06:13:00-07,23002,6641,14925995,1,312529,49.26435089111328,-123.18441772460938,11.7118,156,45.94191715395525
2026-05-23 00:00:00,2026-05-23 06:13:19.551419-07,2026-05-23 06:13:01-07,24007,6641,14925997,1,312529,49.26503372192383,-123.0259017944336,0.0814,3,5.405623259421722
2026-05-23 00:00:00,2026-05-23 06:13:50.449106-07,2026-05-23 06:13:31-07,16222,6641,14925996,1,312529,49.2633171081543,-123.11650085449219,6.8867,115,74.32883528603996
2026-05-23 00:00:00,2026-05-23 06:13:50.449106-07,2026-05-23 06:13:33-07,19026,6641,14925849,0,312527,49.26691818237305,-123.24141693115234,0.6276,11,10.097174687930078
2026-05-23 00:00:00,2026-05-23 06:13:50.449106-07,2026-05-23 06:13:31-07,23002,6641,14925995,1,312529,49.26396560668945,-123.18596649169922,11.9122,158,6.418155989035435
2026-05-23 00:00:00,2026-05-23 06:13:50.449106-07,2026-05-23 06:13:32-07,24007,6641,14925997,1,312529,49.26205062866211,-123.03133392333984,0.5758,17,23.396267499015593
2026-05-23 00:00:00,2026-05-23 06:14:20.938069-07,2026-05-23 06:14:00-07,16222,6641,14925996,1,312529,49.2633171081543,-123.11650085449219,6.8867,115,74.32883528603996
2026-05-23 00:00:00,2026-05-23 06:14:20.938069-07,2026-05-23 06:14:01-07,19026,6641,14925849,0,312527,49.26618194580078,-123.2367172241211,0.9528,22,21.390170228301628
2026-05-23 00:00:00,2026-05-23 06:14:20.938069-07,2026-05-23 06:14:02-07,23002,6641,14925995,1,312529,49.26350021362305,-123.18609619140625,11.9632,159,14.539334630674377
2026-05-23 00:00:00,2026-05-23 06:14:20.938069-07,2026-05-23 06:14:08-07,24007,6641,14925997,1,312529,49.26198196411133,-123.03431701660156,0.7961,27,24.62544236951395
2026-05-23 00:00:00,2026-05-23 06:14:51.613639-07,2026-05-23 06:14:30-07,16222,6641,14925996,1,312529,49.2633171081543,-123.11651611328125,6.8867,115,73.2272741751944
2026-05-23 00:00:00,2026-05-23 06:14:51.613639-07,2026-05-23 06:14:32-07,19026,6641,14925849,0,312527,49.26390075683594,-123.23268127441406,1.3592,29,4.571827521673095
2026-05-23 00:00:00,2026-05-23 06:14:51.613639-07,2026-05-23 06:14:33-07,23002,6641,14925995,1,312529,49.26358413696289,-123.19073486328125,12.323,161,7.659557617518056
2026-05-23 00:00:00,2026-05-23 06:14:51.613639-07,2026-05-23 06:14:37-07,24007,6641,14925997,1,312529,49.2619514465332,-123.03955078125,1.1658,31,34.442342655376656
2026-05-23 00:00:00,2026-05-23 06:15:22.096282-07,2026-05-23 06:15:01-07,16222,6641,14925996,1,312529,49.26333236694336,-123.11648559570312,6.8867,115,75.61725118205305
2026-05-23 00:00:00,2026-05-23 06:15:22.096282-07,2026-05-23 06:15:03-07,19026,6641,14925849,0,312527,49.26358413696289,-123.22761535644531,1.5845,36,156.52493064733312
2026-05-23 00:00:00,2026-05-23 06:15:22.096282-07,2026-05-23 06:15:03-07,23002,6641,14925995,1,312529,49.263648986816406,-123.19654846191406,12.7695,166,30.58907888600656
2026-05-23 00:00:00,2026-05-23 06:15:22.096282-07,2026-05-23 06:15:09-07,24007,6641,14925997,1,312529,49.26206588745117,-123.04464721679688,1.5468,36,27.504793434560426
2026-05-23 00:00:00,2026-05-23 06:15:52.750211-07,2026-05-23 06:15:32-07,16222,6641,14925996,1,312529,49.26333236694336,-123.11650085449219,6.8867,115,74.51828431374683
2026-05-23 00:00:00,2026-05-23 06:15:52.750211-07,2026-05-23 06:15:32-07,19026,6641,14925849,0,312527,49.26373291015625,-123.22211456298828,2.5945,37,451.0309457066143
2026-05-23 00:00:00,2026-05-23 06:15:52.750211-07,2026-05-23 06:15:34-07,23002,6641,14925995,1,312529,49.26374816894531,-123.2027359008789,13.2095,170,19.9703897211437
2026-05-23 00:00:00,2026-05-23 06:15:52.750211-07,2026-05-23 06:15:33-07,24007,6641,14925997,1,312529,49.26206588745117,-123.04523468017578,1.6017,37,16.64880507862863
2026-05-23 00:00:00,2026-05-23 06:16:23.301411-07,2026-05-23 06:16:01-07,16222,6641,14925996,1,312529,49.263301849365234,-123.11650085449219,6.8867,115,74.17772168374512
2026-05-23 00:00:00,2026-05-23 06:16:23.301411-07,2026-05-23 06:16:02-07,19026,6641,14925849,0,312527,49.263851165771484,-123.2165298461914,2.5945,37,45.65114924020845
2026-05-23 00:00:00,2026-05-23 06:16:23.301411-07,2026-05-23 06:16:03-07,23002,6641,14925995,1,312529,49.263851165771484,-123.20864868164062,13.6544,173,34.31440232451641
2026-05-23 00:00:00,2026-05-23 06:16:23.301411-07,2026-05-23 06:16:02-07,24007,6641,14925997,1,312529,49.26206588745117,-123.05020141601562,1.9989,42,24.267564323041015
2026-05-23 00:00:00,2026-05-23 06:16:53.969832-07,2026-05-23 06:16:16-07,15019,6641,14925999,1,312529,49.271751403808594,-123.0217514038086,0.0,1,750.6835590413957
2026-05-23 00:00:00,2026-05-23 06:16:53.969832-07,2026-05-23 06:16:25-07,16222,6641,14925996,1,312529,49.263301849365234,-123.1166000366211,6.8867,115,67.00477121144525
2026-05-23 00:00:00,2026-05-23 06:16:53.969832-07,2026-05-23 06:16:32-07,19026,6641,14925849,0,312527,49.26390075683594,-123.2120361328125,2.8717,43,7.123038247782322
2026-05-23 00:00:00,2026-05-23 06:16:53.969832-07,2026-05-23 06:16:19-07,23002,6641,14925995,1,312529,49.26388168334961,-123.21092987060547,13.8733,174,87.0128227722195
2026-05-23 00:00:00,2026-05-23 06:16:53.969832-07,2026-05-23 06:16:18-07,24007,6641,14925997,1,312529,49.26206588745117,-123.05281829833984,2.1798,45,15.178360010065035
2026-05-23 00:00:00,2026-05-23 06:17:24.520366-07,2026-05-23 06:16:16-07,15019,6641,14925999,1,312529,49.271751403808594,-123.0217514038086,0.0,1,750.6835590413957
2026-05-23 00:00:00,2026-05-23 06:17:24.520366-07,2026-05-23 06:16:52-07,16222,6641,14925996,1,312529,49.2633171081543,-123.11996459960938,7.0596,117,5.6169493161732404
2026-05-23 00:00:00,2026-05-23 06:17:24.520366-07,2026-05-23 06:17:02-07,19026,6641,14925849,0,312527,49.263816833496094,-123.20864868164062,3.0906,44,34.339151341856486
2026-05-23 00:00:00,2026-05-23 06:17:24.520366-07,2026-05-23 06:16:49-07,23002,6641,14925995,1,312529,49.26395034790039,-123.21499633789062,14.0754,177,7.2690150141647845
2026-05-23 00:00:00,2026-05-23 06:17:24.520366-07,2026-05-23 06:16:48-07,24007,6641,14925997,1,312529,49.2622184753418,-123.05653381347656,2.4422,52,10.472859942444694
2026-05-23 00:00:00,2026-05-23 06:17:55.138282-07,2026-05-23 06:16:16-07,15019,6641,14925999,1,312529,49.271751403808594,-123.0217514038086,0.0,1,750.6835590413957
2026-05-23 00:00:00,2026-05-23 06:17:55.138282-07,2026-05-23 06:17:36-07,16222,6641,14925996,1,312529,49.2634162902832,-123.12266540527344,7.1997,118,62.402920157809426
2026-05-23 00:00:00,2026-05-23 06:17:55.138282-07,2026-05-23 06:17:20-07,19026,6641,14925849,0,312527,49.263816833496094,-123.20823669433594,3.0906,44,64.20346898984366
2026-05-23 00:00:00,2026-05-23 06:17:55.138282-07,2026-05-23 06:17:20-07,23002,6641,14925995,1,312529,49.26396560668945,-123.21566772460938,14.1504,180,17.109395048213045
2026-05-23 00:00:00,2026-05-23 06:17:55.138282-07,2026-05-23 06:17:23-07,24007,6641,14925997,1,312529,49.2623176574707,-123.05758666992188,2.5055,56,14.683719528235068
2026-05-23 00:00:00,2026-05-23 06:18:25.606945-07,2026-05-23 06:16:16-07,15019,6641,14925999,1,312529,49.271751403808594,-123.0217514038086,0.0,1,750.6835590413957
2026-05-23 00:00:00,2026-05-23 06:18:25.606945-07,2026-05-23 06:18:05-07,16222,6641,14925996,1,312529,49.26348114013672,-123.12574768066406,7.5492,120,63.775918022752975
2026-05-23 00:00:00,2026-05-23 06:18:25.606945-07,2026-05-23 06:17:50-07,19026,6641,14925849,0,312527,49.26371765136719,-123.20330047607422,3.5354,46,21.13684090690772
2026-05-23 00:00:00,2026-05-23 06:18:25.606945-07,2026-05-23 06:17:50-07,23002,6641,14925995,1,312529,49.263832092285156,-123.22122955322266,14.1504,180,386.9479135152365
2026-05-23 00:00:00,2026-05-23 06:18:25.606945-07,2026-05-23 06:17:52-07,24007,6641,14925997,1,312529,49.2623176574707,-123.06241607666016,2.8396,59,28.74006650779956
2026-05-23 00:00:00,2026-05-23 06:18:56.456985-07,2026-05-23 06:16:16-07,15019,6641,14925999,1,312529,49.271751403808594,-123.0217514038086,0.0,1,750.6835590413957
2026-05-23 00:00:00,2026-05-23 06:18:56.456985-07,2026-05-23 06:18:35-07,16222,6641,14925996,1,312529,49.26348114013672,-123.12886810302734,7.7228,121,10.624149831381
2026-05-23 00:00:00,2026-05-23 06:18:56.456985-07,2026-05-23 06:18:20-07,19026,6641,14925849,0,312527,49.263648986816406,-123.1982192993164,3.9755,51,90.65380661825787
2026-05-23 00:00:00,2026-05-23 06:18:56.456985-07,2026-05-23 06:18:19-07,23002,6641,14925995,1,312529,49.2636833190918,-123.22706604003906,15.1734,181,209.1187082920434
2026-05-23 00:00:00,2026-05-23 06:18:56.456985-07,2026-05-23 06:18:22-07,24007,6641,14925997,1,312529,49.262367248535156,-123.06562042236328,3.1238,63,21.533904648912202
2026-05-23 00:00:00,2026-05-23 06:19:26.972893-07,2026-05-23 06:16:16-07,15019,6641,14925999,1,312529,49.271751403808594,-123.0217514038086,0.0,1,750.6835590413957
2026-05-23 00:00:00,2026-05-23 06:19:26.972893-07,2026-05-23 06:19:05-07,16222,6641,14925996,1,312529,49.26356887817383,-123.13401794433594,8.0662,123,22.292615008173975
2026-05-23 00:00:00,2026-05-23 06:19:26.972893-07,2026-05-23 06:18:49-07,19026,6641,14925849,0,312527,49.26356887817383,-123.1926498413086,4.1981,53,91.79162002196117
2026-05-23 00:00:00,2026-05-23 06:19:26.972893-07,2026-05-23 06:18:49-07,23002,6641,14925995,1,312529,49.2640495300293,-123.2327651977539,15.4207,190,33.757074017580784
2026-05-23 00:00:00,2026-05-23 06:19:26.972893-07,2026-05-23 06:18:52-07,24007,6641,14925997,1,312529,49.26238250732422,-123.06714630126953,3.1939,66,19.888086830301052
2026-05-23 00:00:00,2026-05-23 06:19:57.536087-07,2026-05-23 06:16:16-07,15019,6641,14925999,1,312529,49.271751403808594,-123.0217514038086,0.0,1,750.6835590413957
2026-05-23 00:00:00,2026-05-23 06:19:57.536087-07,2026-05-23 06:19:36-07,16222,6641,14925996,1,312529,49.26353454589844,-123.13710021972656,8.3677,126,55.3016259364132
2026-05-23 00:00:00,2026-05-23 06:19:57.536087-07,2026-05-23 06:19:20-07,19026,6641,14925849,0,312527,49.26350021362305,-123.18730163574219,4.6423,57,37.3573606653851
2026-05-23 00:00:00,2026-05-23 06:19:57.536087-07,2026-05-23 06:19:20-07,23002,6641,14925995,1,312529,49.26653289794922,-123.23738098144531,15.8199,197,6.1463221257990135
2026-05-23 00:00:00,2026-05-23 06:19:57.536087-07,2026-05-23 06:19:23-07,24007,6641,14925997,1,312529,49.26240158081055,-123.06873321533203,3.334,69,10.518724729685353
2026-05-23 00:00:00,2026-05-23 06:20:28.042174-07,2026-05-23 06:16:16-07,15019,6641,14925999,1,312529,49.271751403808594,-123.0217514038086,0.0,1,750.6835590413957
2026-05-23 00:00:00,2026-05-23 06:20:28.042174-07,2026-05-23 06:20:06-07,16222,6641,14925996,1,312529,49.26359939575195,-123.13829803466797,8.4189,127,19.18911969375675
2026-05-23 00:00:00,2026-05-23 06:20:28.042174-07,2026-05-23 06:19:50-07,19026,6641,14925849,0,312527,49.264015197753906,-123.18583679199219,4.8328,59,9.25179058854693
2026-05-23 00:00:00,2026-05-23 06:20:28.042174-07,2026-05-23 06:19:50-07,23002,6641,14925995,1,312529,49.26679992675781,-123.24314880371094,16.2069,209,52.10345596279637
2026-05-23 00:00:00,2026-05-23 06:20:28.042174-07,2026-05-23 06:19:53-07,24007,6641,14925997,1,312529,49.26240158081055,-123.06873321533203,3.334,69,10.518724729685353
2026-05-23 00:00:00,2026-05-23 06:20:58.697996-07,2026-05-23 06:16:16-07,15019,6641,14925999,1,312529,49.271751403808594,-123.0217514038086,0.0,1,750.6835590413957
2026-05-23 00:00:00,2026-05-23 06:20:58.697996-07,2026-05-23 06:20:35-07,16222,6641,14925996,1,312529,49.26369857788086,-123.14015197753906,8.5982,129,64.11562008254654
2026-05-23 00:00:00,2026-05-23 06:20:58.697996-07,2026-05-23 06:20:37-07,19026,6641,14925849,0,312527,49.26435089111328,-123.18423461914062,5.0332,61,32.66747219389241
2026-05-23 00:00:00,2026-05-23 06:20:58.697996-07,2026-05-23 06:20:21-07,23002,6641,14925995,1,312529,49.266483306884766,-123.24506378173828,16.4301,211,27.608325040076103
2026-05-23 00:00:00,2026-05-23 06:20:58.697996-07,2026-05-23 06:20:42-07,24007,6641,14925997,1,312529,49.262367248535156,-123.06901550292969,3.3463,70,6.929005233425728
2026-05-23 00:00:00,2026-05-23 06:21:29.202458-07,2026-05-23 06:16:16-07,15019,6641,14925999,1,312529,49.271751403808594,-123.0217514038086,0.0,1,750.6835590413957
2026-05-23 00:00:00,2026-05-23 06:21:29.202458-07,2026-05-23 06:20:59-07,16222,6641,14925996,1,312529,49.2636833190918,-123.14051818847656,8.5982,129,37.646119587073194
2026-05-23 00:00:00,2026-05-23 06:21:29.202458-07,2026-05-23 06:21:07-07,19026,6641,14925849,0,312527,49.26426696777344,-123.17898559570312,5.3215,64,60.98233402291884
2026-05-23 00:00:00,2026-05-23 06:21:29.202458-07,2026-05-23 06:20:53-07,23002,6641,14925995,1,312529,49.26839828491211,-123.24720001220703,16.685,217,7.532331708920225
2026-05-23 00:00:00,2026-05-23 06:21:29.202458-07,2026-05-23 06:20:42-07,24007,6641,14925997,1,312529,49.262367248535156,-123.06901550292969,3.3463,70,6.929005233425728
2026-05-23 00:00:00,2026-05-23 06:21:59.746832-07,2026-05-23 06:16:16-07,15019,6641,14925999,1,312529,49.271751403808594,-123.0217514038086,0.0,1,750.6835590413957
2026-05-23 00:00:00,2026-05-23 06:21:59.746832-07,2026-05-23 06:21:27-07,16222,6641,14925996,1,312529,49.26371765136719,-123.14424896240234,8.7721,131,60.90294174351128
2026-05-23 00:00:00,2026-05-23 06:21:59.746832-07,2026-05-23 06:21:37-07,19026,6641,14925849,0,312527,49.264183044433594,-123.17378234863281,5.7463,68,15.318486027271042
2026-05-23 00:00:00,2026-05-23 06:21:59.746832-07,2026-05-23 06:20:53-07,23002,6641,14925995,1,312529,49.26839828491211,-123.24720001220703,16.685,217,7.532331708920225
2026-05-23 00:00:00,2026-05-23 06:21:59.746832-07,2026-05-23 06:21:42-07,24007,6641,14925997,1,312529,49.26246643066406,-123.0770492553711,3.9118,78,25.104232963484275
2026-05-23 00:00:00,2026-05-23 06:22:30.233445-07,2026-05-23 06:16:16-07,15019,6641,14925999,1,312529,49.271751403808594,-123.0217514038086,0.0,1,750.6835590413957
2026-05-23 00:00:00,2026-05-23 06:22:30.233445-07,2026-05-23 06:21:58-07,16222,6641,14925996,1,312529,49.26374816894531,-123.1455307006836,8.9427,132,17.204829706908583
2026-05-23 00:00:00,2026-05-23 06:22:30.233445-07,2026-05-23 06:21:38-07,19026,6641,14925849,0,312527,49.264183044433594,-123.17378234863281,5.7463,68,15.318486027271042
2026-05-23 00:00:00,2026-05-23 06:22:30.233445-07,2026-05-23 06:20:53-07,23002,6641,14925995,1,312529,49.26839828491211,-123.24720001220703,16.685,217,7.532331708920225
2026-05-23 00:00:00,2026-05-23 06:22:30.233445-07,2026-05-23 06:22:12-07,24007,6641,14925997,1,312529,49.262481689453125,-123.07849884033203,3.9771,80,64.31617371576907
2026-05-23 00:00:00,2026-05-23 06:23:00.89878-07,2026-05-23 06:16:16-07,15019,6641,14925999,1,312529,49.271751403808594,-123.0217514038086,0.0,1,750.6835590413957
2026-05-23 00:00:00,2026-05-23 06:23:00.89878-07,2026-05-23 06:22:27-07,16222,6641,14925996,1,312529,49.26369857788086,-123.1487808227539,9.1164,133,46.60592909802244
2026-05-23 00:00:00,2026-05-23 06:23:00.89878-07,2026-05-23 06:22:37-07,19026,6641,14925849,0,312527,49.264034271240234,-123.1675033569336,6.171,72,47.918474998158636
2026-05-23 00:00:00,2026-05-23 06:23:00.89878-07,2026-05-23 06:20:53-07,23002,6641,14925995,1,312529,49.26839828491211,-123.24720001220703,16.685,217,7.532331708920225
2026-05-23 00:00:00,2026-05-23 06:23:00.89878-07,2026-05-23 06:22:25-07,24007,6641,14925997,1,312529,49.26243209838867,-123.07938385009766,4.1725,81,67.0156299157224
2026-05-23 00:00:00,2026-05-23 06:23:31.379663-07,2026-05-23 06:16:16-07,15019,6641,14925999,1,312529,49.271751403808594,-123.0217514038086,0.0,1,750.6835590413957
2026-05-23 00:00:00,2026-05-23 06:23:31.379663-07,2026-05-23 06:22:57-07,16222,6641,14925996,1,312529,49.26374816894531,-123.15243530273438,9.4257,137,7.852769392116683
2026-05-23 00:00:00,2026-05-23 06:23:31.379663-07,2026-05-23 06:23:11-07,19026,6641,14925849,0,312527,49.264034271240234,-123.16703033447266,6.2929,73,39.537204027174795
2026-05-23 00:00:00,2026-05-23 06:23:31.379663-07,2026-05-23 06:20:53-07,23002,6641,14925995,1,312529,49.26839828491211,-123.24720001220703,16.685,217,7.532331708920225
2026-05-23 00:00:00,2026-05-23 06:23:31.379663-07,2026-05-23 06:23:26-07,24007,6641,14925997,1,312529,49.26246643066406,-123.08478546142578,4.5334,84,34.81716042568983
2026-05-23 00:00:00,2026-05-23 06:24:02.129764-07,2026-05-23 06:16:16-07,15019,6641,14925999,1,312529,49.271751403808594,-123.0217514038086,0.0,1,750.6835590413957
2026-05-23 00:00:00,2026-05-23 06:24:02.129764-07,2026-05-23 06:23:39-07,16222,6641,14925996,1,312529,49.26390075683594,-123.1546859741211,9.6376,139,44.70222576942657
2026-05-23 00:00:00,2026-05-23 06:24:02.129764-07,2026-05-23 06:23:42-07,19026,6641,14925849,0,312527,49.26396560668945,-123.16206359863281,6.5897,75,25.210227639846728
2026-05-23 00:00:00,2026-05-23 06:24:02.129764-07,2026-05-23 06:20:53-07,23002,6641,14925995,1,312529,49.26839828491211,-123.24720001220703,16.685,217,7.532331708920225
2026-05-23 00:00:00,2026-05-23 06:24:02.129764-07,2026-05-23 06:23:56-07,24007,6641,14925997,1,312529,49.26256561279297,-123.08888244628906,4.8151,86,20.550046161197752
2026-05-23 00:00:00,2026-05-23 06:24:32.774981-07,2026-05-23 06:16:16-07,15019,6641,14925999,1,312529,49.271751403808594,-123.0217514038086,0.0,1,750.6835590413957
2026-05-23 00:00:00,2026-05-23 06:24:32.774981-07,2026-05-23 06:24:09-07,16222,6641,14925996,1,312529,49.26395034790039,-123.15892028808594,9.9808,141,79.29887745438036
2026-05-23 00:00:00,2026-05-23 06:24:32.774981-07,2026-05-23 06:24:12-07,19026,6641,14925849,0,312527,49.26388168334961,-123.15686798095703,6.9369,77,56.129659592527155
2026-05-23 00:00:00,2026-05-23 06:24:32.774981-07,2026-05-23 06:20:53-07,23002,6641,14925995,1,312529,49.26839828491211,-123.24720001220703,16.685,217,7.532331708920225
2026-05-23 00:00:00,2026-05-23 06:24:32.774981-07,2026-05-23 06:24:26-07,24007,6641,14925997,1,312529,49.26256561279297,-123.0896987915039,4.8151,86,41.95474655532146
2026-05-23 00:00:00,2026-05-23 06:25:03.534001-07,2026-05-23 06:16:16-07,15019,6641,14925999,1,312529,49.271751403808594,-123.0217514038086,0.0,1,750.6835590413957
2026-05-23 00:00:00,2026-05-23 06:25:03.534001-07,2026-05-23 06:24:39-07,16222,6641,14925996,1,312529,49.264015197753906,-123.16500091552734,10.3177,143,26.417915120281318
2026-05-23 00:00:00,2026-05-23 06:25:03.534001-07,2026-05-23 06:24:52-07,19026,6641,14925849,0,312527,49.263832092285156,-123.15458679199219,7.1074,78,51.779969138277224
2026-05-23 00:00:00,2026-05-23 06:25:03.534001-07,2026-05-23 06:20:53-07,23002,6641,14925995,1,312529,49.26839828491211,-123.24720001220703,16.685,217,7.532331708920225
2026-05-23 00:00:00,2026-05-23 06:25:03.534001-07,2026-05-23 06:24:57-07,24007,6641,14925997,1,312529,49.2625846862793,-123.09004974365234,4.8151,86,67.35340436785738
2026-05-23 00:00:00,2026-05-23 06:25:34.051084-07,2026-05-23 06:16:16-07,15019,6641,14925999,1,312529,49.271751403808594,-123.0217514038086,0.0,1,750.6835590413957
2026-05-23 00:00:00,2026-05-23 06:25:34.051084-07,2026-05-23 06:25:22-07,16222,6641,14925996,1,312529,49.26411819458008,-123.16793060302734,10.574,145,17.178957538349337
2026-05-23 00:00:00,2026-05-23 06:25:34.051084-07,2026-05-23 06:25:22-07,19026,6641,14925849,0,312527,49.26374816894531,-123.15215301513672,7.3224,81,15.649680527451403
2026-05-23 00:00:00,2026-05-23 06:25:34.051084-07,2026-05-23 06:20:53-07,23002,6641,14925995,1,312529,49.26839828491211,-123.24720001220703,16.685,217,7.532331708920225
2026-05-23 00:00:00,2026-05-23 06:25:34.051084-07,2026-05-23 06:25:26-07,24007,6641,14925997,1,312529,49.2625846862793,-123.09004974365234,4.8151,86,67.35340436785738
2026-05-23 00:00:00,2026-05-23 06:26:04.686464-07,2026-05-23 06:16:16-07,15019,6641,14925999,1,312529,49.271751403808594,-123.0217514038086,0.0,1,750.6835590413957
2026-05-23 00:00:00,2026-05-23 06:26:04.686464-07,2026-05-23 06:25:50-07,16222,6641,14925996,1,312529,49.2641487121582,-123.17288208007812,10.8578,148,59.80368564563674
2026-05-23 00:00:00,2026-05-23 06:26:04.686464-07,2026-05-23 06:25:52-07,19026,6641,14925849,0,312527,49.26369857788086,-123.14903259277344,7.6286,84,64.80455800932747
2026-05-23 00:00:00,2026-05-23 06:26:04.686464-07,2026-05-23 06:25:48-07,22012,6641,14925998,1,312529,49.26525115966797,-123.02535247802734,0.0428,2,13.19516885641799
2026-05-23 00:00:00,2026-05-23 06:26:04.686464-07,2026-05-23 06:20:53-07,23002,6641,14925995,1,312529,49.26839828491211,-123.24720001220703,16.685,217,7.532331708920225
2026-05-23 00:00:00,2026-05-23 06:26:04.686464-07,2026-05-23 06:25:53-07,24007,6641,14925997,1,312529,49.26256561279297,-123.09017944335938,4.954,87,63.297566949723006
2026-05-23 00:00:00,2026-05-23 06:26:35.263816-07,2026-05-23 06:26:22-07,16222,6641,14925996,1,312529,49.264251708984375,-123.17877960205078,11.2759,152,71.25185412232966
2026-05-23 00:00:00,2026-05-23 06:26:35.263816-07,2026-05-23 06:26:22-07,19026,6641,14925849,0,312527,49.2636833190918,-123.14606475830078,7.8023,85,22.428399711097903
2026-05-23 00:00:00,2026-05-23 06:26:35.263816-07,2026-05-23 06:26:13-07,22012,6641,14925998,1,312529,49.265201568603516,-123.02549743652344,0.0428,2,6.592840836000743
2026-05-23 00:00:00,2026-05-23 06:26:35.263816-07,2026-05-23 06:20:53-07,23002,6641,14925995,1,312529,49.26839828491211,-123.24720001220703,16.685,217,7.532331708920225
2026-05-23 00:00:00,2026-05-23 06:26:35.263816-07,2026-05-23 06:26:22-07,24007,6641,14925997,1,312529,49.26256561279297,-123.09459686279297,5.2385,90,26.28663688540803
2026-05-23 00:00:00,2026-05-23 06:27:05.904062-07,2026-05-23 06:26:53-07,16222,6641,14925996,1,312529,49.26433181762695,-123.18488311767578,11.8643,157,72.38829810230854
2026-05-23 00:00:00,2026-05-23 06:27:05.904062-07,2026-05-23 06:26:53-07,19026,6641,14925849,0,312527,49.2636833190918,-123.14579772949219,7.8023,85,3.6124323010855703
2026-05-23 00:00:00,2026-05-23 06:27:05.904062-07,2026-05-23 06:26:43-07,22012,6641,14925998,1,312529,49.2628173828125,-123.02961730957031,0.4898,15,45.83069190267628
2026-05-23 00:00:00,2026-05-23 06:27:05.904062-07,2026-05-23 06:20:53-07,23002,6641,14925995,1,312529,49.26839828491211,-123.24720001220703,16.685,217,7.532331708920225
2026-05-23 00:00:00,2026-05-23 06:27:05.904062-07,2026-05-23 06:26:53-07,24007,6641,14925997,1,312529,49.262882232666016,-123.09771728515625,5.3928,95,51.882455514094225
2026-05-23 00:00:00,2026-05-23 06:27:36.442495-07,2026-05-23 06:27:21-07,16222,6641,14925996,1,312529,49.26393127441406,-123.18596649169922,11.9122,158,5.7600187225965
2026-05-23 00:00:00,2026-05-23 06:27:36.442495-07,2026-05-23 06:27:21-07,19026,6641,14925849,0,312527,49.263633728027344,-123.14111328125,8.1467,87,6.63405303946794
2026-05-23 00:00:00,2026-05-23 06:27:36.442495-07,2026-05-23 06:27:14-07,22012,6641,14925998,1,312529,49.26198196411133,-123.03421783447266,0.7961,27,18.17157766204459
2026-05-23 00:00:00,2026-05-23 06:27:36.442495-07,2026-05-23 06:20:53-07,23002,6641,14925995,1,312529,49.26839828491211,-123.24720001220703,16.685,217,7.532331708920225
2026-05-23 00:00:00,2026-05-23 06:27:36.442495-07,2026-05-23 06:27:13-07,24007,6641,14925997,1,312529,49.26286697387695,-123.09783172607422,5.3928,95,59.747195181709934
2026-05-23 00:00:00,2026-05-23 06:28:06.998524-07,2026-05-23 06:27:50-07,16222,6641,14925996,1,312529,49.26348114013672,-123.18611907958984,11.9632,159,16.042371799353678
2026-05-23 00:00:00,2026-05-23 06:28:06.998524-07,2026-05-23 06:27:52-07,19026,6641,14925849,0,312527,49.26356887817383,-123.13993072509766,8.2755,89,48.98085121685578
2026-05-23 00:00:00,2026-05-23 06:28:06.998524-07,2026-05-23 06:27:39-07,22012,6641,14925998,1,312529,49.26198196411133,-123.03443145751953,0.7961,27,32.463004490959165
2026-05-23 00:00:00,2026-05-23 06:28:06.998524-07,2026-05-23 06:20:53-07,23002,6641,14925995,1,312529,49.26839828491211,-123.24720001220703,16.685,217,7.532331708920225
2026-05-23 00:00:00,2026-05-23 06:28:06.998524-07,2026-05-23 06:27:43-07,24007,6641,14925997,1,312529,49.26293182373047,-123.10154724121094,5.6865,102,36.487366525951884
2026-05-23 00:00:00,2026-05-23 06:28:37.517702-07,2026-05-23 06:28:20-07,16222,6641,14925996,1,312529,49.26356887817383,-123.19083404541016,12.323,161,1.102499385443231
2026-05-23 00:00:00,2026-05-23 06:28:37.517702-07,2026-05-23 06:28:00-07,19026,6641,14925849,0,312527,49.26358413696289,-123.13966369628906,8.2755,89,29.540809246862487
2026-05-23 00:00:00,2026-05-23 06:28:37.517702-07,2026-05-23 06:28:08-07,22012,6641,14925998,1,312529,49.2619514465332,-123.04029846191406,1.242,32,13.450149714071332
2026-05-23 00:00:00,2026-05-23 06:28:37.517702-07,2026-05-23 06:28:22-07,23002,6641,14925850,0,312527,49.267417907714844,-123.24686431884766,0.1448,2,27.32461140265047
2026-05-23 00:00:00,2026-05-23 06:28:37.517702-07,2026-05-23 06:28:13-07,24007,6641,14925997,1,312529,49.263065338134766,-123.10468292236328,5.9664,105,15.735623250170445
2026-05-23 00:00:00,2026-05-23 06:29:08.192336-07,2026-05-23 06:28:50-07,16222,6641,14925996,1,312529,49.263668060302734,-123.19638061523438,12.7695,166,42.83188213048468
2026-05-23 00:00:00,2026-05-23 06:29:08.192336-07,2026-05-23 06:28:28-07,19026,6641,14925849,0,312527,49.26353454589844,-123.13715362548828,8.3773,91,51.444525266385156
2026-05-23 00:00:00,2026-05-23 06:29:08.192336-07,2026-05-23 06:28:38-07,22012,6641,14925998,1,312529,49.26203155517578,-123.04398345947266,1.5468,36,25.72252958333187
2026-05-23 00:00:00,2026-05-23 06:29:08.192336-07,2026-05-23 06:28:22-07,23002,6641,14925850,0,312527,49.267417907714844,-123.24686431884766,0.1448,2,27.32461140265047
2026-05-23 00:00:00,2026-05-23 06:29:08.192336-07,2026-05-23 06:28:46-07,24007,6641,14925997,1,312529,49.2630500793457,-123.10493469238281,5.9663,104,5.263029829788939
2026-05-23 00:00:00,2026-05-23 06:29:38.737919-07,2026-05-23 06:29:20-07,16222,6641,14925996,1,312529,49.26373291015625,-123.2022476196289,13.2095,170,55.404815247048184
2026-05-23 00:00:00,2026-05-23 06:29:38.737919-07,2026-05-23 06:29:00-07,19026,6641,14925849,0,312527,49.26350021362305,-123.13641357421875,8.5063,93,24.472554650802092
2026-05-23 00:00:00,2026-05-23 06:29:38.737919-07,2026-05-23 06:29:12-07,22012,6641,14925998,1,312529,49.262081146240234,-123.04513549804688,1.6017,37,14.02064982512834
2026-05-23 00:00:00,2026-05-23 06:29:38.737919-07,2026-05-23 06:29:19-07,23002,6641,14925850,0,312527,49.26755142211914,-123.24669647216797,0.1448,2,8.528836055306156
2026-05-23 00:00:00,2026-05-23 06:29:38.737919-07,2026-05-23 06:29:16-07,24007,6641,14925997,1,312529,49.26318359375,-123.11004638671875,6.3015,108,41.417279185139705
2026-05-23 00:00:00,2026-05-23 06:30:09.277927-07,2026-05-23 06:29:50-07,16222,6641,14925996,1,312529,49.263832092285156,-123.20833587646484,13.6544,173,56.972757916237114
2026-05-23 00:00:00,2026-05-23 06:30:09.277927-07,2026-05-23 06:29:30-07,19026,6641,14925849,0,312527,49.26348114013672,-123.13227081298828,8.85,95,65.5122663833624
2026-05-23 00:00:00,2026-05-23 06:30:09.277927-07,2026-05-23 06:29:41-07,22012,6641,14925998,1,312529,49.262081146240234,-123.05065155029297,1.9989,42,12.523541856252615
2026-05-23 00:00:00,2026-05-23 06:30:09.277927-07,2026-05-23 06:29:49-07,23002,6641,14925850,0,312527,49.26639938354492,-123.24490356445312,0.3841,6,26.4174270567168
2026-05-23 00:00:00,2026-05-23 06:30:09.277927-07,2026-05-23 06:29:46-07,24007,6641,14925997,1,312529,49.26323318481445,-123.1137466430664,6.5496,110,62.29778670866241
2026-05-23 00:00:00,2026-05-23 06:30:39.815559-07,2026-05-23 06:30:22-07,16222,6641,14925996,1,312529,49.26386642456055,-123.21002960205078,13.6544,173,66.01781677856395
2026-05-23 00:00:00,2026-05-23 06:30:39.815559-07,2026-05-23 06:29:59-07,19026,6641,14925849,0,312527,49.263450622558594,-123.12857055664062,9.0222,96,31.388372946144134
2026-05-23 00:00:00,2026-05-23 06:30:39.815559-07,2026-05-23 06:30:16-07,22012,6641,14925998,1,312529,49.262081146240234,-123.05203247070312,2.1218,44,15.294945884193965
2026-05-23 00:00:00,2026-05-23 06:30:39.815559-07,2026-05-23 06:30:18-07,23002,6641,14925850,0,312527,49.266849517822266,-123.24188232421875,0.5494,9,33.78703655984545
2026-05-23 00:00:00,2026-05-23 06:30:39.815559-07,2026-05-23 06:30:15-07,24007,6641,14925997,1,312529,49.263248443603516,-123.11434936523438,6.687,112,31.49365885665599
2026-05-23 00:00:00,2026-05-23 06:31:10.484334-07,2026-05-23 06:30:53-07,16222,6641,14925996,1,312529,49.263916015625,-123.21461486816406,14.0754,177,21.004075183322854
2026-05-23 00:00:00,2026-05-23 06:31:10.484334-07,2026-05-23 06:30:29-07,19026,6641,14925849,0,312527,49.263431549072266,-123.12643432617188,9.1958,97,13.698470270319255
2026-05-23 00:00:00,2026-05-23 06:31:10.484334-07,2026-05-23 06:30:47-07,22012,6641,14925998,1,312529,49.262184143066406,-123.0562973022461,2.4422,52,22.086985857615485
2026-05-23 00:00:00,2026-05-23 06:31:10.484334-07,2026-05-23 06:30:31-07,23002,6641,14925850,0,312527,49.26689910888672,-123.24156951904297,0.6275,10,21.008184435675307
2026-05-23 00:00:00,2026-05-23 06:31:10.484334-07,2026-05-23 06:30:46-07,24007,6641,14925997,1,312529,49.26333236694336,-123.11648559570312,6.8867,115,75.61725118205305
2026-05-23 00:00:00,2026-05-23 06:31:41.023281-07,2026-05-23 06:31:22-07,16222,6641,14925996,1,312529,49.26393127441406,-123.2158203125,14.1504,180,8.25931906955583
2026-05-23 00:00:00,2026-05-23 06:31:41.023281-07,2026-05-23 06:31:00-07,19026,6641,14925849,0,312527,49.2634162902832,-123.12394714355469,9.3737,98,17.45324774031846
2026-05-23 00:00:00,2026-05-23 06:31:41.023281-07,2026-05-23 06:31:21-07,22012,6641,14925998,1,312529,49.2623176574707,-123.05729675292969,2.4989,55,11.107926929292669
2026-05-23 00:00:00,2026-05-23 06:31:41.023281-07,2026-05-23 06:31:02-07,23002,6641,14925850,0,312527,49.26620101928711,-123.23673248291016,0.9528,22,19.59298795337724
2026-05-23 00:00:00,2026-05-23 06:31:41.023281-07,2026-05-23 06:31:20-07,24007,6641,14925997,1,312529,49.26333236694336,-123.11648559570312,6.8867,115,75.61725118205305
2026-05-23 00:00:00,2026-05-23 06:32:11.633205-07,2026-05-23 06:31:23-07,16222,6641,14925996,1,312529,49.26393127441406,-123.2158203125,14.1504,180,8.25931906955583
2026-05-23 00:00:00,2026-05-23 06:32:11.633205-07,2026-05-23 06:31:52-07,19026,6641,14925849,0,312527,49.263282775878906,-123.11986541748047,9.6854,100,2.5407864138026186
2026-05-23 00:00:00,2026-05-23 06:32:11.633205-07,2026-05-23 06:31:40-07,22012,6641,14925998,1,312529,49.2623176574707,-123.05746459960938,2.5055,56,10.334720014492499
2026-05-23 00:00:00,2026-05-23 06:32:11.633205-07,2026-05-23 06:31:31-07,23002,6641,14925850,0,312527,49.263816833496094,-123.23235321044922,1.4103,30,21.336133706579766
2026-05-23 00:00:00,2026-05-23 06:32:11.633205-07,2026-05-23 06:31:45-07,24007,6641,14925997,1,312529,49.26333236694336,-123.11648559570312,6.8867,115,75.61725118205305
2026-05-23 00:00:00,2026-05-23 06:32:43.132411-07,2026-05-23 06:32:22-07,16222,6641,14925996,1,312529,49.263668060302734,-123.22766876220703,15.1734,181,165.35533964793538
2026-05-23 00:00:00,2026-05-23 06:32:43.132411-07,2026-05-23 06:32:22-07,19026,6641,14925849,0,312527,49.26323318481445,-123.11705017089844,9.8583,102,34.14396087891063
2026-05-23 00:00:00,2026-05-23 06:32:43.132411-07,2026-05-23 06:32:12-07,22012,6641,14925998,1,312529,49.2623176574707,-123.06311798095703,2.9701,60,51.472705935076306
2026-05-23 00:00:00,2026-05-23 06:32:43.132411-07,2026-05-23 06:32:03-07,23002,6641,14925850,0,312527,49.26361846923828,-123.22654724121094,1.5845,36,234.11943694246574
2026-05-23 00:00:00,2026-05-23 06:32:43.132411-07,2026-05-23 06:32:09-07,24007,6641,14925997,1,312529,49.26333236694336,-123.11656951904297,6.8867,115,69.5761795726413
2026-05-23 00:00:00,2026-05-23 06:33:13.757378-07,2026-05-23 06:32:53-07,16222,6641,14925996,1,312529,49.26426696777344,-123.23323059082031,15.4207,190,7.825518173720154
2026-05-23 00:00:00,2026-05-23 06:33:13.757378-07,2026-05-23 06:32:53-07,19026,6641,14925849,0,312527,49.26318359375,-123.11448669433594,10.058,105,21.25979119858952
2026-05-23 00:00:00,2026-05-23 06:33:13.757378-07,2026-05-23 06:32:42-07,22012,6641,14925998,1,312529,49.26238250732422,-123.06610107421875,3.1512,64,14.399260649781251
2026-05-23 00:00:00,2026-05-23 06:33:13.757378-07,2026-05-23 06:32:32-07,23002,6641,14925850,0,312527,49.26376724243164,-123.22016906738281,2.5945,37,309.80772334476256
2026-05-23 00:00:00,2026-05-23 06:33:13.757378-07,2026-05-23 06:32:38-07,24007,6641,14925997,1,312529,49.26338195800781,-123.12030029296875,7.0596,117,30.958414491867345
2026-05-23 00:00:00,2026-05-23 06:33:44.295786-07,2026-05-23 06:33:17-07,15019,6641,14925999,1,312529,49.26523208618164,-123.0253677368164,0.0428,2,10.813201966352079
2026-05-23 00:00:00,2026-05-23 06:33:44.295786-07,2026-05-23 06:32:57-07,16222,6641,14925996,1,312529,49.26426696777344,-123.23323059082031,15.4207,190,7.825518173720154
2026-05-23 00:00:00,2026-05-23 06:33:44.295786-07,2026-05-23 06:33:22-07,19026,6641,14925849,0,312527,49.26318359375,-123.1143798828125,10.058,105,28.97801887063008
2026-05-23 00:00:00,2026-05-23 06:33:44.295786-07,2026-05-23 06:33:11-07,22012,6641,14925998,1,312529,49.26240158081055,-123.06873321533203,3.334,69,10.518724729685353
2026-05-23 00:00:00,2026-05-23 06:33:44.295786-07,2026-05-23 06:33:02-07,23002,6641,14925850,0,312527,49.26388168334961,-123.21548461914062,2.6424,38,17.710396863786645
2026-05-23 00:00:00,2026-05-23 06:33:44.295786-07,2026-05-23 06:33:18-07,24007,6641,14925997,1,312529,49.263431549072266,-123.12271881103516,7.1997,118,66.52457553315276
2026-05-23 00:00:00,2026-05-23 06:34:14.859865-07,2026-05-23 06:33:17-07,15019,6641,14925999,1,312529,49.26523208618164,-123.0253677368164,0.0428,2,10.813201966352079
2026-05-23 00:00:00,2026-05-23 06:34:14.859865-07,2026-05-23 06:33:52-07,16222,6641,14925996,1,312529,49.26675033569336,-123.24331665039062,16.3318,210,59.69034358203083
2026-05-23 00:00:00,2026-05-23 06:34:14.859865-07,2026-05-23 06:33:23-07,19026,6641,14925849,0,312527,49.26318359375,-123.1143798828125,10.058,105,28.97801887063008
2026-05-23 00:00:00,2026-05-23 06:34:14.859865-07,2026-05-23 06:33:38-07,22012,6641,14925998,1,312529,49.26240158081055,-123.06880187988281,3.334,69,9.79048757010211
2026-05-23 00:00:00,2026-05-23 06:34:14.859865-07,2026-05-23 06:33:32-07,23002,6641,14925850,0,312527,49.26386642456055,-123.2154312133789,2.6424,38,13.644068304011801
2026-05-23 00:00:00,2026-05-23 06:34:14.859865-07,2026-05-23 06:33:47-07,24007,6641,14925997,1,312529,49.263465881347656,-123.12373352050781,7.3713,119,33.90256622767623
2026-05-23 00:00:00,2026-05-23 06:34:45.382191-07,2026-05-23 06:33:17-07,15019,6641,14925999,1,312529,49.26523208618164,-123.0253677368164,0.0428,2,10.813201966352079
2026-05-23 00:00:00,2026-05-23 06:34:45.382191-07,2026-05-23 06:34:23-07,16222,6641,14925996,1,312529,49.266517639160156,-123.24486541748047,16.4301,211,42.347101378123476
2026-05-23 00:00:00,2026-05-23 06:34:45.382191-07,2026-05-23 06:34:18-07,19026,6641,14925849,0,312527,49.26321792602539,-123.11412048339844,10.058,105,47.73725371070935
2026-05-23 00:00:00,2026-05-23 06:34:45.382191-07,2026-05-23 06:34:07-07,22012,6641,14925998,1,312529,49.26240158081055,-123.07393646240234,3.6876,75,21.60276693760498
2026-05-23 00:00:00,2026-05-23 06:34:45.382191-07,2026-05-23 06:34:22-07,23002,6641,14925850,0,312527,49.26380157470703,-123.20726776123047,3.3113,45,85.47031507662014
2026-05-23 00:00:00,2026-05-23 06:34:45.382191-07,2026-05-23 06:34:18-07,24007,6641,14925997,1,312529,49.26348114013672,-123.12511444091797,7.3713,119,69.24922766621194
2026-05-23 00:00:00,2026-05-23 06:35:16.097696-07,2026-05-23 06:33:17-07,15019,6641,14925999,1,312529,49.26523208618164,-123.0253677368164,0.0428,2,10.813201966352079
2026-05-23 00:00:00,2026-05-23 06:35:16.097696-07,2026-05-23 06:34:57-07,16222,6641,14925996,1,312529,49.26806640625,-123.2469482421875,16.6466,216,8.072559864239341
2026-05-23 00:00:00,2026-05-23 06:35:16.097696-07,2026-05-23 06:34:47-07,19026,6641,14925849,0,312527,49.26323318481445,-123.11181640625,10.3366,108,63.397968890137214
2026-05-23 00:00:00,2026-05-23 06:35:16.097696-07,2026-05-23 06:35:01-07,22012,6641,14925998,1,312529,49.262481689453125,-123.07881927490234,3.9771,80,87.36640928568087
2026-05-23 00:00:00,2026-05-23 06:35:16.097696-07,2026-05-23 06:34:51-07,23002,6641,14925850,0,312527,49.26371765136719,-123.20179748535156,3.5355,47,88.10182943062237
2026-05-23 00:00:00,2026-05-23 06:35:16.097696-07,2026-05-23 06:34:48-07,24007,6641,14925997,1,312529,49.26348114013672,-123.1298828125,7.7228,121,63.975951825207986
2026-05-23 00:00:00,2026-05-23 06:35:46.587135-07,2026-05-23 06:35:11-07,15019,6641,14925999,1,312529,49.2651481628418,-123.02559661865234,0.0428,2,10.643516044951856
2026-05-23 00:00:00,2026-05-23 06:35:46.587135-07,2026-05-23 06:35:27-07,16222,6641,14925996,1,312529,49.26838302612305,-123.24825286865234,16.8243,226,20.677734807513147
2026-05-23 00:00:00,2026-05-23 06:35:46.587135-07,2026-05-23 06:35:17-07,19026,6641,14925849,0,312527,49.263065338134766,-123.10821533203125,10.4437,110,92.253204013758
2026-05-23 00:00:00,2026-05-23 06:35:46.587135-07,2026-05-23 06:35:31-07,22012,6641,14925998,1,312529,49.262481689453125,-123.08411407470703,4.3919,83,57.654901653319314
2026-05-23 00:00:00,2026-05-23 06:35:46.587135-07,2026-05-23 06:35:22-07,23002,6641,14925850,0,312527,49.26361846923828,-123.19568634033203,4.0712,52,3.015430398190598
2026-05-23 00:00:00,2026-05-23 06:35:46.587135-07,2026-05-23 06:35:19-07,24007,6641,14925997,1,312529,49.26356887817383,-123.13478088378906,8.0662,123,77.17322871422921
2026-05-23 00:00:00,2026-05-23 06:36:17.14979-07,2026-05-23 06:35:41-07,15019,6641,14925999,1,312529,49.262916564941406,-123.02947998046875,0.4898,15,60.653220018218306
2026-05-23 00:00:00,2026-05-23 06:36:17.14979-07,2026-05-23 06:35:27-07,16222,6641,14925996,1,312529,49.26838302612305,-123.24825286865234,16.8243,226,20.677734807513147
2026-05-23 00:00:00,2026-05-23 06:36:17.14979-07,2026-05-23 06:35:48-07,19026,6641,14925849,0,312527,49.26301574707031,-123.1048355102539,10.7786,112,3.5964460672288667
2026-05-23 00:00:00,2026-05-23 06:36:17.14979-07,2026-05-23 06:36:01-07,22012,6641,14925998,1,312529,49.26256561279297,-123.08926391601562,4.8151,86,13.189109881464494
2026-05-23 00:00:00,2026-05-23 06:36:17.14979-07,2026-05-23 06:35:51-07,23002,6641,14925850,0,312527,49.2635498046875,-123.1900863647461,4.422,56,54.77630488063359
2026-05-23 00:00:00,2026-05-23 06:36:17.14979-07,2026-05-23 06:35:47-07,24007,6641,14925997,1,312529,49.26356887817383,-123.13753509521484,8.3677,126,23.542318765532592
2026-05-23 00:00:00,2026-05-23 06:36:47.67658-07,2026-05-23 06:36:37-07,15019,6641,14925999,1,312529,49.26198196411133,-123.03448486328125,0.7961,27,36.19187857604203
2026-05-23 00:00:00,2026-05-23 06:36:47.67658-07,2026-05-23 06:35:27-07,16222,6641,14925996,1,312529,49.26838302612305,-123.24825286865234,16.8243,226,20.677734807513147
2026-05-23 00:00:00,2026-05-23 06:36:47.67658-07,2026-05-23 06:36:17-07,19026,6641,14925849,0,312527,49.2629508972168,-123.10206604003906,10.919,114,64.96701780158442
2026-05-23 00:00:00,2026-05-23 06:36:47.67658-07,2026-05-23 06:36:32-07,22012,6641,14925998,1,312529,49.2625846862793,-123.09003448486328,4.8151,86,66.2624408662828
2026-05-23 00:00:00,2026-05-23 06:36:47.67658-07,2026-05-23 06:36:21-07,23002,6641,14925850,0,312527,49.26348114013672,-123.18611907958984,4.7818,58,16.042371799353678
2026-05-23 00:00:00,2026-05-23 06:36:47.67658-07,2026-05-23 06:36:17-07,24007,6641,14925997,1,312529,49.26359939575195,-123.13819885253906,8.3677,126,24.745608132648986
2026-05-23 00:00:00,2026-05-23 06:37:18.32396-07,2026-05-23 06:37:07-07,15019,6641,14925999,1,312529,49.2619514465332,-123.04043579101562,1.242,32,22.888060722820192
2026-05-23 00:00:00,2026-05-23 06:37:18.32396-07,2026-05-23 06:35:27-07,16222,6641,14925996,1,312529,49.26838302612305,-123.24825286865234,16.8243,226,20.677734807513147
2026-05-23 00:00:00,2026-05-23 06:37:18.32396-07,2026-05-23 06:36:47-07,19026,6641,14925849,0,312527,49.2628173828125,-123.09988403320312,11.1692,118,26.680949560945223
2026-05-23 00:00:00,2026-05-23 06:37:18.32396-07,2026-05-23 06:37:01-07,22012,6641,14925998,1,312529,49.26256561279297,-123.09003448486328,4.8151,86,65.93009712735444
2026-05-23 00:00:00,2026-05-23 06:37:18.32396-07,2026-05-23 06:36:52-07,23002,6641,14925850,0,312527,49.263465881347656,-123.18609619140625,4.7818,58,14.479437178272136
2026-05-23 00:00:00,2026-05-23 06:37:18.32396-07,2026-05-23 06:36:47-07,24007,6641,14925997,1,312529,49.26371765136719,-123.13995361328125,8.4695,128,52.32733925825574
2026-05-23 00:00:00,2026-05-23 06:37:48.813563-07,2026-05-23 06:37:37-07,15019,6641,14925999,1,312529,49.26205062866211,-123.04593658447266,1.6017,37,63.77834372951502
2026-05-23 00:00:00,2026-05-23 06:37:48.813563-07,2026-05-23 06:35:27-07,16222,6641,14925996,1,312529,49.26838302612305,-123.24825286865234,16.8243,226,20.677734807513147
2026-05-23 00:00:00,2026-05-23 06:37:48.813563-07,2026-05-23 06:37:37-07,19026,6641,14925849,0,312527,49.2628173828125,-123.0997314453125,11.1692,118,16.097636229683975
2026-05-23 00:00:00,2026-05-23 06:37:48.813563-07,2026-05-23 06:37:31-07,22012,6641,14925998,1,312529,49.26256561279297,-123.09004974365234,4.8151,86,67.02647069589152
2026-05-23 00:00:00,2026-05-23 06:37:48.813563-07,2026-05-23 06:37:22-07,23002,6641,14925850,0,312527,49.2642822265625,-123.18479919433594,5.0332,61,73.8350184538457
2026-05-23 00:00:00,2026-05-23 06:37:48.813563-07,2026-05-23 06:37:15-07,24007,6641,14925997,1,312529,49.26369857788086,-123.14053344726562,8.5982,129,36.95796215097774
2026-05-23 00:00:00,2026-05-23 06:38:19.373918-07,2026-05-23 06:38:07-07,15019,6641,14925999,1,312529,49.262081146240234,-123.05133056640625,1.9989,42,59.194479140618434
2026-05-23 00:00:00,2026-05-23 06:38:19.373918-07,2026-05-23 06:35:27-07,16222,6641,14925996,1,312529,49.26838302612305,-123.24825286865234,16.8243,226,20.677734807513147
2026-05-23 00:00:00,2026-05-23 06:38:19.373918-07,2026-05-23 06:37:39-07,19026,6641,14925849,0,312527,49.2628173828125,-123.0997314453125,11.1692,118,16.097636229683975
2026-05-23 00:00:00,2026-05-23 06:38:19.373918-07,2026-05-23 06:38:02-07,22012,6641,14925998,1,312529,49.2625846862793,-123.09004974365234,4.8151,86,67.35340436785738
2026-05-23 00:00:00,2026-05-23 06:38:19.373918-07,2026-05-23 06:37:42-07,23002,6641,14925850,0,312527,49.26431655883789,-123.18431854248047,5.0332,61,38.77548699080851
2026-05-23 00:00:00,2026-05-23 06:38:19.373918-07,2026-05-23 06:37:45-07,24007,6641,14925997,1,312529,49.26373291015625,-123.1451644897461,8.9427,132,43.13172325343891
2026-05-23 00:00:00,2026-05-23 06:38:49.866537-07,2026-05-23 06:38:36-07,15019,6641,14925999,1,312529,49.262081146240234,-123.0521011352539,2.1218,44,11.41852440112134
2026-05-23 00:00:00,2026-05-23 06:38:49.866537-07,2026-05-23 06:35:27-07,16222,6641,14925996,1,312529,49.26838302612305,-123.24825286865234,16.8243,226,20.677734807513147
2026-05-23 00:00:00,2026-05-23 06:38:49.866537-07,2026-05-23 06:38:09-07,19026,6641,14925849,0,312527,49.26250076293945,-123.09521484375,11.5064,126,19.10864505689629
2026-05-23 00:00:00,2026-05-23 06:38:49.866537-07,2026-05-23 06:38:37-07,22012,6641,14925998,1,312529,49.2625846862793,-123.09030151367188,4.954,87,54.897706378272176
2026-05-23 00:00:00,2026-05-23 06:38:49.866537-07,2026-05-23 06:38:13-07,23002,6641,14925850,0,312527,49.26423263549805,-123.17922973632812,5.3215,64,43.45499140160581
2026-05-23 00:00:00,2026-05-23 06:38:49.866537-07,2026-05-23 06:38:14-07,24007,6641,14925997,1,312529,49.26374816894531,-123.14644622802734,8.9427,132,50.275520051736336
2026-05-23 00:00:00,2026-05-23 06:39:20.49384-07,2026-05-23 06:39:07-07,15019,6641,14925999,1,312529,49.262298583984375,-123.05686950683594,2.4786,53,17.272619208889385
2026-05-23 00:00:00,2026-05-23 06:39:20.49384-07,2026-05-23 06:35:27-07,16222,6641,14925996,1,312529,49.26838302612305,-123.24825286865234,16.8243,226,20.677734807513147
2026-05-23 00:00:00,2026-05-23 06:39:20.49384-07,2026-05-23 06:38:59-07,19026,6641,14925849,0,312527,49.26246643066406,-123.0871810913086,12.0717,132,0.5842629945903409
2026-05-23 00:00:00,2026-05-23 06:39:20.49384-07,2026-05-23 06:38:38-07,22012,6641,14925998,1,312529,49.2625846862793,-123.09030151367188,4.954,87,54.897706378272176
2026-05-23 00:00:00,2026-05-23 06:39:20.49384-07,2026-05-23 06:38:43-07,23002,6641,14925850,0,312527,49.2641487121582,-123.17350006103516,5.7462,67,35.87081803234389
2026-05-23 00:00:00,2026-05-23 06:39:20.49384-07,2026-05-23 06:38:45-07,24007,6641,14925997,1,312529,49.26373291015625,-123.150634765625,9.2912,134,8.554207223445868
2026-05-23 00:00:00,2026-05-23 06:39:50.978387-07,2026-05-23 06:39:31-07,15019,6641,14925999,1,312529,49.2623176574707,-123.05754852294922,2.5055,56,12.835579316012144
2026-05-23 00:00:00,2026-05-23 06:39:50.978387-07,2026-05-23 06:35:27-07,16222,6641,14925996,1,312529,49.26838302612305,-123.24825286865234,16.8243,226,20.677734807513147
2026-05-23 00:00:00,2026-05-23 06:39:50.978387-07,2026-05-23 06:39:29-07,19026,6641,14925849,0,312527,49.26241683959961,-123.08174896240234,12.4937,135,26.064017721118113
2026-05-23 00:00:00,2026-05-23 06:39:50.978387-07,2026-05-23 06:39:40-07,22012,6641,14925998,1,312529,49.262882232666016,-123.09770202636719,5.3928,95,50.80003878541532
2026-05-23 00:00:00,2026-05-23 06:39:50.978387-07,2026-05-23 06:39:42-07,23002,6641,14925850,0,312527,49.264015197753906,-123.16748046875,6.171,72,49.83248583361484
2026-05-23 00:00:00,2026-05-23 06:39:50.978387-07,2026-05-23 06:39:15-07,24007,6641,14925997,1,312529,49.2637825012207,-123.15245056152344,9.4257,137,5.542038568304141
2026-05-23 00:00:00,2026-05-23 06:40:21.496769-07,2026-05-23 06:40:02-07,15019,6641,14925999,1,312529,49.26228332519531,-123.06298065185547,2.9701,60,61.20876489713143
2026-05-23 00:00:00,2026-05-23 06:40:21.496769-07,2026-05-23 06:35:27-07,16222,6641,14925996,1,312529,49.26838302612305,-123.24825286865234,16.8243,226,20.677734807513147
2026-05-23 00:00:00,2026-05-23 06:40:21.496769-07,2026-05-23 06:39:59-07,19026,6641,14925849,0,312527,49.26234817504883,-123.07734680175781,12.7783,138,10.824541156093478
2026-05-23 00:00:00,2026-05-23 06:40:21.496769-07,2026-05-23 06:39:50-07,22012,6641,14925998,1,312529,49.262882232666016,-123.0978012084961,5.3928,95,57.85255062639821
2026-05-23 00:00:00,2026-05-23 06:40:21.496769-07,2026-05-23 06:39:55-07,23002,6641,14925850,0,312527,49.263999938964844,-123.1671142578125,6.2929,73,45.92683296771808
2026-05-23 00:00:00,2026-05-23 06:40:21.496769-07,2026-05-23 06:40:02-07,24007,6641,14925997,1,312529,49.26390075683594,-123.15476989746094,9.6376,139,38.64702716880131
2026-05-23 00:00:00,2026-05-23 06:40:52.080548-07,2026-05-23 06:40:32-07,15019,6641,14925999,1,312529,49.26238250732422,-123.06562042236328,3.1238,63,21.845976448769044
2026-05-23 00:00:00,2026-05-23 06:40:52.080548-07,2026-05-23 06:35:27-07,16222,6641,14925996,1,312529,49.26838302612305,-123.24825286865234,16.8243,226,20.677734807513147
2026-05-23 00:00:00,2026-05-23 06:40:52.080548-07,2026-05-23 06:40:14-07,19026,6641,14925849,0,312527,49.26234817504883,-123.07456970214844,12.9711,141,19.115855838089097
2026-05-23 00:00:00,2026-05-23 06:40:52.080548-07,2026-05-23 06:40:18-07,22012,6641,14925998,1,312529,49.26293182373047,-123.10124969482422,5.6865,102,14.957442881705004
2026-05-23 00:00:00,2026-05-23 06:40:52.080548-07,2026-05-23 06:40:24-07,23002,6641,14925850,0,312527,49.26393127441406,-123.16194915771484,6.5897,75,33.931149796838994
2026-05-23 00:00:00,2026-05-23 06:40:52.080548-07,2026-05-23 06:40:32-07,24007,6641,14925997,1,312529,49.26393127441406,-123.15901947021484,9.9808,141,72.10011195647489
2026-05-23 00:00:00,2026-05-23 06:41:22.704558-07,2026-05-23 06:41:02-07,15019,6641,14925999,1,312529,49.26240158081055,-123.0670166015625,3.1939,66,11.804786477790508
2026-05-23 00:00:00,2026-05-23 06:41:22.704558-07,2026-05-23 06:35:27-07,16222,6641,14925996,1,312529,49.26838302612305,-123.24825286865234,16.8243,226,20.677734807513147
2026-05-23 00:00:00,2026-05-23 06:41:22.704558-07,2026-05-23 06:40:46-07,19026,6641,14925849,0,312527,49.262367248535156,-123.0701675415039,13.3378,144,27.491507776409023
2026-05-23 00:00:00,2026-05-23 06:41:22.704558-07,2026-05-23 06:40:50-07,22012,6641,14925998,1,312529,49.263084411621094,-123.10448455810547,5.9664,105,30.094129797936674
2026-05-23 00:00:00,2026-05-23 06:41:22.704558-07,2026-05-23 06:40:56-07,23002,6641,14925850,0,312527,49.263851165771484,-123.15646362304688,7.1074,78,84.51584870117159
2026-05-23 00:00:00,2026-05-23 06:41:22.704558-07,2026-05-23 06:41:02-07,24007,6641,14925997,1,312529,49.264015197753906,-123.1646499633789,10.3177,143,2.977329267785043
2026-05-23 00:00:00,2026-05-23 06:41:53.227568-07,2026-05-23 06:41:32-07,15019,6641,14925999,1,312529,49.26243209838867,-123.0687484741211,3.334,69,13.441522343396592
2026-05-23 00:00:00,2026-05-23 06:41:53.227568-07,2026-05-23 06:35:27-07,16222,6641,14925996,1,312529,49.26838302612305,-123.24825286865234,16.8243,226,20.677734807513147
2026-05-23 00:00:00,2026-05-23 06:41:53.227568-07,2026-05-23 06:41:15-07,19026,6641,14925849,0,312527,49.263248443603516,-123.06964874267578,13.4386,148,9.556000460998535
2026-05-23 00:00:00,2026-05-23 06:41:53.227568-07,2026-05-23 06:41:32-07,22012,6641,14925998,1,312529,49.263065338134766,-123.10479736328125,5.9663,104,8.526384220760722
2026-05-23 00:00:00,2026-05-23 06:41:53.227568-07,2026-05-23 06:41:16-07,23002,6641,14925850,0,312527,49.26376724243164,-123.15371704101562,7.2793,79,56.84494071949674
2026-05-23 00:00:00,2026-05-23 06:41:53.227568-07,2026-05-23 06:41:32-07,24007,6641,14925997,1,312529,49.26411819458008,-123.16748046875,10.574,145,49.49128316650036
2026-05-23 00:00:00,2026-05-23 06:42:23.73969-07,2026-05-23 06:42:01-07,15019,6641,14925999,1,312529,49.26243209838867,-123.0687484741211,3.334,69,13.441522343396592
2026-05-23 00:00:00,2026-05-23 06:42:23.73969-07,2026-05-23 06:35:27-07,16222,6641,14925996,1,312529,49.26838302612305,-123.24825286865234,16.8243,226,20.677734807513147
2026-05-23 00:00:00,2026-05-23 06:42:23.73969-07,2026-05-23 06:42:08-07,19026,6641,14926000,1,312530,49.263301849365234,-123.06880187988281,0.0,1,78.77688315427007
2026-05-23 00:00:00,2026-05-23 06:42:23.73969-07,2026-05-23 06:42:02-07,22012,6641,14925998,1,312529,49.26314926147461,-123.10901641845703,6.3015,108,34.08536159551365
2026-05-23 00:00:00,2026-05-23 06:42:23.73969-07,2026-05-23 06:41:45-07,23002,6641,14925850,0,312527,49.26371765136719,-123.15121459960938,7.4538,83,49.18420779284921
2026-05-23 00:00:00,2026-05-23 06:42:23.73969-07,2026-05-23 06:42:01-07,24007,6641,14925997,1,312529,49.26411819458008,-123.16748046875,10.574,145,49.49128316650036
2026-05-23 00:00:00,2026-05-23 06:42:54.249459-07,2026-05-23 06:42:31-07,15019,6641,14925999,1,312529,49.26243209838867,-123.0687484741211,3.334,69,13.441522343396592
2026-05-23 00:00:00,2026-05-23 06:42:54.249459-07,2026-05-23 06:35:27-07,16222,6641,14925996,1,312529,49.26838302612305,-123.24825286865234,16.8243,226,20.677734807513147
2026-05-23 00:00:00,2026-05-23 06:42:54.249459-07,2026-05-23 06:42:10-07,19026,6641,14926000,1,312530,49.263301849365234,-123.06880187988281,0.0,1,78.77688315427007
2026-05-23 00:00:00,2026-05-23 06:42:54.249459-07,2026-05-23 06:42:33-07,22012,6641,14925998,1,312529,49.26323318481445,-123.11251831054688,6.5496,110,27.75385289438774
2026-05-23 00:00:00,2026-05-23 06:42:54.249459-07,2026-05-23 06:42:16-07,23002,6641,14925850,0,312527,49.2636833190918,-123.14666748046875,7.8023,85,66.10024117490279
2026-05-23 00:00:00,2026-05-23 06:42:54.249459-07,2026-05-23 06:42:30-07,24007,6641,14925997,1,312529,49.26413345336914,-123.16788482666016,10.574,145,20.833228500555812
2026-05-23 00:00:00,2026-05-23 06:43:24.871827-07,2026-05-23 06:43:02-07,15019,6641,14925999,1,312529,49.26243209838867,-123.0687484741211,3.334,69,13.441522343396592
2026-05-23 00:00:00,2026-05-23 06:43:24.871827-07,2026-05-23 06:35:27-07,16222,6641,14925996,1,312529,49.26838302612305,-123.24825286865234,16.8243,226,20.677734807513147
2026-05-23 00:00:00,2026-05-23 06:43:24.871827-07,2026-05-23 06:42:39-07,19026,6641,14926000,1,312530,49.263301849365234,-123.06880187988281,0.0,1,78.77688315427007
2026-05-23 00:00:00,2026-05-23 06:43:24.871827-07,2026-05-23 06:43:02-07,22012,6641,14925998,1,312529,49.26323318481445,-123.11260223388672,6.5496,110,21.842465244907512
2026-05-23 00:00:00,2026-05-23 06:43:24.871827-07,2026-05-23 06:42:45-07,23002,6641,14925850,0,312527,49.263648986816406,-123.14600372314453,7.8023,85,18.848584240512853
2026-05-23 00:00:00,2026-05-23 06:43:24.871827-07,2026-05-23 06:43:00-07,24007,6641,14925997,1,312529,49.2641487121582,-123.17166900634766,10.8578,148,28.239482417037188
2026-05-23 00:00:00,2026-05-23 06:43:55.396945-07,2026-05-23 06:43:10-07,15019,6641,14925999,1,312529,49.26241683959961,-123.06890106201172,3.3463,70,11.71610218614518
2026-05-23 00:00:00,2026-05-23 06:43:55.396945-07,2026-05-23 06:35:27-07,16222,6641,14925996,1,312529,49.26838302612305,-123.24825286865234,16.8243,226,20.677734807513147
2026-05-23 00:00:00,2026-05-23 06:43:55.396945-07,2026-05-23 06:43:08-07,19026,6641,14926000,1,312530,49.263301849365234,-123.06880187988281,0.0,1,78.77688315427007
2026-05-23 00:00:00,2026-05-23 06:43:55.396945-07,2026-05-23 06:43:30-07,22012,6641,14925998,1,312529,49.263301849365234,-123.11454772949219,6.687,112,19.93953591152529
2026-05-23 00:00:00,2026-05-23 06:43:55.396945-07,2026-05-23 06:43:16-07,23002,6641,14925850,0,312527,49.263648986816406,-123.14461517333984,7.8023,85,83.06432961362049
2026-05-23 00:00:00,2026-05-23 06:43:55.396945-07,2026-05-23 06:43:31-07,24007,6641,14925997,1,312529,49.26423263549805,-123.17753601074219,11.2759,152,19.012451204844556
2026-05-23 00:00:00,2026-05-23 06:44:25.914341-07,2026-05-23 06:43:41-07,15019,6641,14925999,1,312529,49.26241683959961,-123.07427978515625,3.7739,76,40.33676369903236
2026-05-23 00:00:00,2026-05-23 06:44:25.914341-07,2026-05-23 06:35:27-07,16222,6641,14925996,1,312529,49.26838302612305,-123.24825286865234,16.8243,226,20.677734807513147
2026-05-23 00:00:00,2026-05-23 06:44:25.914341-07,2026-05-23 06:43:39-07,19026,6641,14926000,1,312530,49.263301849365234,-123.06880187988281,0.0,1,78.77688315427007
2026-05-23 00:00:00,2026-05-23 06:44:25.914341-07,2026-05-23 06:44:01-07,22012,6641,14925998,1,312529,49.26333236694336,-123.11551666259766,6.6978,114,45.13987873526589
2026-05-23 00:00:00,2026-05-23 06:44:25.914341-07,2026-05-23 06:44:07-07,23002,6641,14925850,0,312527,49.26356887817383,-123.13973236083984,8.2755,89,34.625480079155196
2026-05-23 00:00:00,2026-05-23 06:44:25.914341-07,2026-05-23 06:44:00-07,24007,6641,14925997,1,312529,49.26433181762695,-123.1836166381836,11.7118,156,12.22560227503628
2026-05-23 00:00:00,2026-05-23 06:44:56.479161-07,2026-05-23 06:44:29-07,15019,6641,14925999,1,312529,49.26250076293945,-123.07893371582031,3.9771,80,95.86429427439977
2026-05-23 00:00:00,2026-05-23 06:44:56.479161-07,2026-05-23 06:35:27-07,16222,6641,14925996,1,312529,49.26838302612305,-123.24825286865234,16.8243,226,20.677734807513147
2026-05-23 00:00:00,2026-05-23 06:44:56.479161-07,2026-05-23 06:44:08-07,19026,6641,14926000,1,312530,49.263301849365234,-123.06880187988281,0.0,1,78.77688315427007
2026-05-23 00:00:00,2026-05-23 06:44:56.479161-07,2026-05-23 06:44:32-07,22012,6641,14925998,1,312529,49.26333236694336,-123.11647033691406,6.8867,115,76.71645594657271
2026-05-23 00:00:00,2026-05-23 06:44:56.479161-07,2026-05-23 06:44:38-07,23002,6641,14925850,0,312527,49.26350021362305,-123.13736724853516,8.3773,91,36.79662943931297
2026-05-23 00:00:00,2026-05-23 06:44:56.479161-07,2026-05-23 06:44:30-07,24007,6641,14925997,1,312529,49.264366149902344,-123.18561553955078,11.8643,157,19.122127631156275
2026-05-23 00:00:00,2026-05-23 06:45:27.402134-07,2026-05-23 06:44:57-07,15019,6641,14925999,1,312529,49.262451171875,-123.08118438720703,4.2513,82,15.201513533173427
2026-05-23 00:00:00,2026-05-23 06:45:27.402134-07,2026-05-23 06:44:55-07,16222,6641,14925851,0,312527,49.267433166503906,-123.24690246582031,0.1448,2,28.305340977593346
2026-05-23 00:00:00,2026-05-23 06:45:27.402134-07,2026-05-23 06:44:39-07,19026,6641,14926000,1,312530,49.263301849365234,-123.06880187988281,0.0,1,78.77688315427007
2026-05-23 00:00:00,2026-05-23 06:45:27.402134-07,2026-05-23 06:45:02-07,22012,6641,14925998,1,312529,49.26333236694336,-123.11647033691406,6.8867,115,76.71645594657271
2026-05-23 00:00:00,2026-05-23 06:45:27.402134-07,2026-05-23 06:45:07-07,23002,6641,14925850,0,312527,49.26348114013672,-123.13629913330078,8.5063,93,17.58963107937415
2026-05-23 00:00:00,2026-05-23 06:45:27.402134-07,2026-05-23 06:45:00-07,24007,6641,14925997,1,312529,49.26371765136719,-123.18598175048828,11.9122,158,25.535676206959252
2026-05-23 00:00:00,2026-05-23 06:45:57.933774-07,2026-05-23 06:45:28-07,15019,6641,14925999,1,312529,49.26246643066406,-123.08596801757812,4.5334,84,51.027829515271485
2026-05-23 00:00:00,2026-05-23 06:45:57.933774-07,2026-05-23 06:45:24-07,16222,6641,14925851,0,312527,49.26755142211914,-123.24674987792969,0.1448,2,12.057325543400145
2026-05-23 00:00:00,2026-05-23 06:45:57.933774-07,2026-05-23 06:45:08-07,19026,6641,14926000,1,312530,49.263301849365234,-123.06880187988281,0.0,1,78.77688315427007
2026-05-23 00:00:00,2026-05-23 06:45:57.933774-07,2026-05-23 06:45:16-07,22012,6641,14925998,1,312529,49.26333236694336,-123.11656951904297,6.8867,115,69.5761795726413
2026-05-23 00:00:00,2026-05-23 06:45:57.933774-07,2026-05-23 06:45:36-07,23002,6641,14925850,0,312527,49.26348114013672,-123.13352966308594,8.6788,94,14.47170549389796
2026-05-23 00:00:00,2026-05-23 06:45:57.933774-07,2026-05-23 06:45:16-07,24007,6641,14925997,1,312529,49.26351547241211,-123.18616485595703,11.9632,159,19.739807683496846
2026-05-23 00:00:00,2026-05-23 06:46:28.491265-07,2026-05-23 06:45:59-07,15019,6641,14925999,1,312529,49.2625846862793,-123.08989715576172,4.8151,86,56.472315776351984
2026-05-23 00:00:00,2026-05-23 06:46:28.491265-07,2026-05-23 06:45:55-07,16222,6641,14925851,0,312527,49.26654815673828,-123.24569702148438,0.294,3,16.668991663389185
2026-05-23 00:00:00,2026-05-23 06:46:28.491265-07,2026-05-23 06:46:09-07,19026,6641,14926000,1,312530,49.263301849365234,-123.06880187988281,0.0,1,78.77688315427007
2026-05-23 00:00:00,2026-05-23 06:46:28.491265-07,2026-05-23 06:45:46-07,22012,6641,14925998,1,312529,49.26336669921875,-123.11963653564453,7.0596,117,20.37939433364778
2026-05-23 00:00:00,2026-05-23 06:46:28.491265-07,2026-05-23 06:46:07-07,23002,6641,14925850,0,312527,49.263431549072266,-123.12837982177734,9.0222,96,45.241377775506706
2026-05-23 00:00:00,2026-05-23 06:46:28.491265-07,2026-05-23 06:45:46-07,24007,6641,14925997,1,312529,49.2635498046875,-123.19096374511719,12.3232,162,9.480008510076814
2026-05-23 00:00:00,2026-05-23 06:46:59.123097-07,2026-05-23 06:46:28-07,15019,6641,14925999,1,312529,49.2625846862793,-123.08989715576172,4.8151,86,56.472315776351984
2026-05-23 00:00:00,2026-05-23 06:46:59.123097-07,2026-05-23 06:46:22-07,16222,6641,14925851,0,312527,49.26671600341797,-123.2430191040039,0.5484,8,49.062476742471596
2026-05-23 00:00:00,2026-05-23 06:46:59.123097-07,2026-05-23 06:46:09-07,19026,6641,14926000,1,312530,49.263301849365234,-123.06880187988281,0.0,1,78.77688315427007
2026-05-23 00:00:00,2026-05-23 06:46:59.123097-07,2026-05-23 06:46:16-07,22012,6641,14925998,1,312529,49.26335144042969,-123.11991882324219,7.0596,117,6.5096255051565315
2026-05-23 00:00:00,2026-05-23 06:46:59.123097-07,2026-05-23 06:46:36-07,23002,6641,14925850,0,312527,49.263450622558594,-123.12428283691406,9.3737,98,12.02106683967407
2026-05-23 00:00:00,2026-05-23 06:46:59.123097-07,2026-05-23 06:46:16-07,24007,6641,14925997,1,312529,49.263633728027344,-123.196533203125,12.7695,166,31.729855430930584
2026-05-23 00:00:00,2026-05-23 06:47:29.744577-07,2026-05-23 06:46:59-07,15019,6641,14925999,1,312529,49.2625846862793,-123.08989715576172,4.8151,86,56.472315776351984
2026-05-23 00:00:00,2026-05-23 06:47:29.744577-07,2026-05-23 06:46:53-07,16222,6641,14925851,0,312527,49.26689910888672,-123.24153137207031,0.6275,10,18.24044852190121
2026-05-23 00:00:00,2026-05-23 06:47:29.744577-07,2026-05-23 06:46:40-07,19026,6641,14926000,1,312530,49.263301849365234,-123.06880187988281,0.0,1,78.77688315427007
2026-05-23 00:00:00,2026-05-23 06:47:29.744577-07,2026-05-23 06:47:05-07,22012,6641,14925998,1,312529,49.2634162902832,-123.12263488769531,7.1997,118,60.224653947697604
2026-05-23 00:00:00,2026-05-23 06:47:29.744577-07,2026-05-23 06:47:06-07,23002,6641,14925850,0,312527,49.26323318481445,-123.12030029296875,9.6854,100,30.202257592215737
2026-05-23 00:00:00,2026-05-23 06:47:29.744577-07,2026-05-23 06:46:46-07,24007,6641,14925997,1,312529,49.26374816894531,-123.20294952392578,13.2095,170,4.497785354163775
2026-05-23 00:00:00,2026-05-23 06:48:00.256831-07,2026-05-23 06:47:29-07,15019,6641,14925999,1,312529,49.2625846862793,-123.08989715576172,4.8151,86,56.472315776351984
2026-05-23 00:00:00,2026-05-23 06:48:00.256831-07,2026-05-23 06:47:23-07,16222,6641,14925851,0,312527,49.266151428222656,-123.23660278320312,0.9528,22,30.359506263384638
2026-05-23 00:00:00,2026-05-23 06:48:00.256831-07,2026-05-23 06:47:09-07,19026,6641,14926000,1,312530,49.263301849365234,-123.06880187988281,0.0,1,78.77688315427007
2026-05-23 00:00:00,2026-05-23 06:48:00.256831-07,2026-05-23 06:47:36-07,22012,6641,14925998,1,312529,49.26348114013672,-123.12503051757812,7.3713,119,63.270440483052724
2026-05-23 00:00:00,2026-05-23 06:48:00.256831-07,2026-05-23 06:47:29-07,23002,6641,14925850,0,312527,49.263248443603516,-123.11983489990234,9.6854,100,6.768964163303285
2026-05-23 00:00:00,2026-05-23 06:48:00.256831-07,2026-05-23 06:47:16-07,24007,6641,14925997,1,312529,49.263851165771484,-123.20901489257812,13.6544,173,7.882007176261621
2026-05-23 00:00:00,2026-05-23 06:48:30.833415-07,2026-05-23 06:47:59-07,15019,6641,14925999,1,312529,49.2625846862793,-123.08989715576172,4.8151,86,56.472315776351984
2026-05-23 00:00:00,2026-05-23 06:48:30.833415-07,2026-05-23 06:47:53-07,16222,6641,14925851,0,312527,49.26371765136719,-123.23201751708984,1.4103,30,6.779474002466091
2026-05-23 00:00:00,2026-05-23 06:48:30.833415-07,2026-05-23 06:47:09-07,19026,6641,14926000,1,312530,49.263301849365234,-123.06880187988281,0.0,1,78.77688315427007
2026-05-23 00:00:00,2026-05-23 06:48:30.833415-07,2026-05-23 06:48:07-07,22012,6641,14925998,1,312529,49.26350021362305,-123.12913513183594,7.7228,121,11.445536075918236
2026-05-23 00:00:00,2026-05-23 06:48:30.833415-07,2026-05-23 06:47:59-07,23002,6641,14925850,0,312527,49.26318359375,-123.11531829833984,10.0472,103,28.657797228540627
2026-05-23 00:00:00,2026-05-23 06:48:30.833415-07,2026-05-23 06:47:44-07,24007,6641,14925997,1,312529,49.26388168334961,-123.21011352539062,13.6544,173,72.19973350321018
2026-05-23 00:00:00,2026-05-23 06:49:01.33106-07,2026-05-23 06:48:30-07,15019,6641,14925999,1,312529,49.2625846862793,-123.08989715576172,4.8151,86,56.472315776351984
2026-05-23 00:00:00,2026-05-23 06:49:01.33106-07,2026-05-23 06:48:23-07,16222,6641,14925851,0,312527,49.26359939575195,-123.22611999511719,1.5845,36,264.97186247037405
2026-05-23 00:00:00,2026-05-23 06:49:01.33106-07,2026-05-23 06:47:09-07,19026,6641,14926000,1,312530,49.263301849365234,-123.06880187988281,0.0,1,78.77688315427007
2026-05-23 00:00:00,2026-05-23 06:49:01.33106-07,2026-05-23 06:48:37-07,22012,6641,14925998,1,312529,49.26356887817383,-123.13404846191406,8.0662,123,24.446222578794554
2026-05-23 00:00:00,2026-05-23 06:49:01.33106-07,2026-05-23 06:48:30-07,23002,6641,14925850,0,312527,49.26314926147461,-123.11434936523438,10.058,105,31.693490632367606
2026-05-23 00:00:00,2026-05-23 06:49:01.33106-07,2026-05-23 06:48:14-07,24007,6641,14925997,1,312529,49.26395034790039,-123.2149658203125,14.0754,177,5.29785979931828
2026-05-23 00:00:00,2026-05-23 06:49:32.114318-07,2026-05-23 06:49:16-07,15019,6641,14925999,1,312529,49.26256561279297,-123.0902328491211,4.954,87,59.45873811638277
2026-05-23 00:00:00,2026-05-23 06:49:32.114318-07,2026-05-23 06:49:21-07,16222,6641,14925851,0,312527,49.26386642456055,-123.21548461914062,2.6424,38,17.506245868654393
2026-05-23 00:00:00,2026-05-23 06:49:32.114318-07,2026-05-23 06:47:09-07,19026,6641,14926000,1,312530,49.263301849365234,-123.06880187988281,0.0,1,78.77688315427007
2026-05-23 00:00:00,2026-05-23 06:49:32.114318-07,2026-05-23 06:49:07-07,22012,6641,14925998,1,312529,49.26353454589844,-123.13619995117188,8.2387,124,8.534045833437514
2026-05-23 00:00:00,2026-05-23 06:49:32.114318-07,2026-05-23 06:49:00-07,23002,6641,14925850,0,312527,49.26314926147461,-123.11434936523438,10.058,105,31.693490632367606
2026-05-23 00:00:00,2026-05-23 06:49:32.114318-07,2026-05-23 06:49:14-07,24007,6641,14925997,1,312529,49.2637825012207,-123.22246551513672,14.1504,180,476.7909211350885
2026-05-23 00:00:00,2026-05-23 06:50:02.617714-07,2026-05-23 06:49:45-07,15019,6641,14925999,1,312529,49.26256561279297,-123.09284973144531,5.0964,88,12.760945509719019
2026-05-23 00:00:00,2026-05-23 06:50:02.617714-07,2026-05-23 06:49:51-07,16222,6641,14925851,0,312527,49.26388168334961,-123.21392059326172,2.7581,41,17.00395925389748
2026-05-23 00:00:00,2026-05-23 06:50:02.617714-07,2026-05-23 06:47:09-07,19026,6641,14926000,1,312530,49.263301849365234,-123.06880187988281,0.0,1,78.77688315427007
2026-05-23 00:00:00,2026-05-23 06:50:02.617714-07,2026-05-23 06:49:51-07,22012,6641,14925998,1,312529,49.26371765136719,-123.14013671875,8.4695,128,65.25294382364375
2026-05-23 00:00:00,2026-05-23 06:50:02.617714-07,2026-05-23 06:49:29-07,23002,6641,14925850,0,312527,49.26314926147461,-123.11434936523438,10.058,105,31.693490632367606
2026-05-23 00:00:00,2026-05-23 06:50:02.617714-07,2026-05-23 06:49:43-07,24007,6641,14925997,1,312529,49.263633728027344,-123.22955322265625,15.1734,181,28.57498870767955
2026-05-23 00:00:00,2026-05-23 06:50:33.178399-07,2026-05-23 06:50:15-07,15019,6641,14925999,1,312529,49.26256561279297,-123.09473419189453,5.2385,90,16.63343820384149
2026-05-23 00:00:00,2026-05-23 06:50:33.178399-07,2026-05-23 06:50:22-07,16222,6641,14925851,0,312527,49.26388168334961,-123.21233367919922,2.8717,43,14.853349503427143
2026-05-23 00:00:00,2026-05-23 06:50:33.178399-07,2026-05-23 06:47:09-07,19026,6641,14926000,1,312530,49.263301849365234,-123.06880187988281,0.0,1,78.77688315427007
2026-05-23 00:00:00,2026-05-23 06:50:33.178399-07,2026-05-23 06:50:10-07,22012,6641,14925998,1,312529,49.26371765136719,-123.14054870605469,8.5982,129,36.50149051416266
2026-05-23 00:00:00,2026-05-23 06:50:33.178399-07,2026-05-23 06:49:59-07,23002,6641,14925850,0,312527,49.26314926147461,-123.11434936523438,10.058,105,31.693490632367606
2026-05-23 00:00:00,2026-05-23 06:50:33.178399-07,2026-05-23 06:50:13-07,24007,6641,14925997,1,312529,49.26565170288086,-123.23546600341797,15.6436,193,10.808619660799257
2026-05-23 00:00:00,2026-05-23 06:51:03.668885-07,2026-05-23 06:50:47-07,15019,6641,14925999,1,312529,49.26286697387695,-123.09773254394531,5.3928,95,52.645772619410444
2026-05-23 00:00:00,2026-05-23 06:51:03.668885-07,2026-05-23 06:50:53-07,16222,6641,14925851,0,312527,49.2637825012207,-123.2087173461914,3.0906,44,29.888425571422026
2026-05-23 00:00:00,2026-05-23 06:51:03.668885-07,2026-05-23 06:47:09-07,19026,6641,14926000,1,312530,49.263301849365234,-123.06880187988281,0.0,1,78.77688315427007
2026-05-23 00:00:00,2026-05-23 06:51:03.668885-07,2026-05-23 06:50:41-07,22012,6641,14925998,1,312529,49.26369857788086,-123.1407470703125,8.5982,129,22.318361050904574
2026-05-23 00:00:00,2026-05-23 06:51:03.668885-07,2026-05-23 06:50:28-07,23002,6641,14925850,0,312527,49.26316833496094,-123.11434936523438,10.058,105,31.355335334961083
2026-05-23 00:00:00,2026-05-23 06:51:03.668885-07,2026-05-23 06:50:44-07,24007,6641,14925997,1,312529,49.267032623291016,-123.24105072021484,16.1054,205,5.565839630692727
2026-05-23 00:00:00,2026-05-23 06:51:34.301806-07,2026-05-23 06:50:58-07,15019,6641,14925999,1,312529,49.26286697387695,-123.09781646728516,5.3928,95,58.653150135922026
2026-05-23 00:00:00,2026-05-23 06:51:34.301806-07,2026-05-23 06:51:15-07,16222,6641,14925851,0,312527,49.2637825012207,-123.20819854736328,3.0906,44,67.20000040108303
2026-05-23 00:00:00,2026-05-23 06:51:34.301806-07,2026-05-23 06:47:09-07,19026,6641,14926000,1,312530,49.263301849365234,-123.06880187988281,0.0,1,78.77688315427007
2026-05-23 00:00:00,2026-05-23 06:51:34.301806-07,2026-05-23 06:51:11-07,22012,6641,14925998,1,312529,49.26374816894531,-123.14414978027344,8.7721,131,54.24367760068355
2026-05-23 00:00:00,2026-05-23 06:51:34.301806-07,2026-05-23 06:51:22-07,23002,6641,14925850,0,312527,49.26319885253906,-123.1141357421875,10.058,105,46.60841448518952
2026-05-23 00:00:00,2026-05-23 06:51:34.301806-07,2026-05-23 06:51:14-07,24007,6641,14925997,1,312529,49.26656723022461,-123.24478149414062,16.3318,210,48.73796894364651
2026-05-23 00:00:00,2026-05-23 06:52:04.781198-07,2026-05-23 06:51:27-07,15019,6641,14925999,1,312529,49.2629508972168,-123.10148620605469,5.6865,102,32.2502198210973
2026-05-23 00:00:00,2026-05-23 06:52:04.781198-07,2026-05-23 06:51:45-07,16222,6641,14925851,0,312527,49.26369857788086,-123.20245361328125,3.5355,47,40.74638090073172
2026-05-23 00:00:00,2026-05-23 06:52:04.781198-07,2026-05-23 06:47:09-07,19026,6641,14926000,1,312530,49.263301849365234,-123.06880187988281,0.0,1,78.77688315427007
2026-05-23 00:00:00,2026-05-23 06:52:04.781198-07,2026-05-23 06:51:42-07,22012,6641,14925998,1,312529,49.26376724243164,-123.14546966552734,8.9427,132,22.076015181463244
2026-05-23 00:00:00,2026-05-23 06:52:04.781198-07,2026-05-23 06:51:50-07,23002,6641,14925850,0,312527,49.26319885253906,-123.1129150390625,10.1954,107,2.6813154753474597
2026-05-23 00:00:00,2026-05-23 06:52:04.781198-07,2026-05-23 06:51:47-07,24007,6641,14925997,1,312529,49.26649856567383,-123.24510192871094,16.4301,211,25.06189841292823
2026-05-23 00:00:00,2026-05-23 06:52:35.32736-07,2026-05-23 06:51:59-07,15019,6641,14925999,1,312529,49.263065338134766,-123.10546875,5.9663,104,42.65574383879631
2026-05-23 00:00:00,2026-05-23 06:52:35.32736-07,2026-05-23 06:52:15-07,16222,6641,14925851,0,312527,49.26359939575195,-123.1961669921875,4.0712,52,37.31442771664796
2026-05-23 00:00:00,2026-05-23 06:52:35.32736-07,2026-05-23 06:52:13-07,19026,6641,14926000,1,312530,49.26319885253906,-123.0684814453125,0.3869,8,92.93265842245161
2026-05-23 00:00:00,2026-05-23 06:52:35.32736-07,2026-05-23 06:52:12-07,22012,6641,14925998,1,312529,49.26371765136719,-123.14761352539062,9.1164,133,38.443363346564404
2026-05-23 00:00:00,2026-05-23 06:52:35.32736-07,2026-05-23 06:52:22-07,23002,6641,14925850,0,312527,49.263084411621094,-123.1082992553711,10.4437,110,86.05616227279063
2026-05-23 00:00:00,2026-05-23 06:52:35.32736-07,2026-05-23 06:52:17-07,24007,6641,14925997,1,312529,49.2686653137207,-123.24735260009766,16.7149,218,6.492755542955278
2026-05-23 00:00:00,2026-05-23 06:53:05.857181-07,2026-05-23 06:52:28-07,15019,6641,14925999,1,312529,49.26318359375,-123.1102523803711,6.4084,109,51.011481097929
2026-05-23 00:00:00,2026-05-23 06:53:05.857181-07,2026-05-23 06:52:44-07,16222,6641,14925851,0,312527,49.26351547241211,-123.18941497802734,4.422,56,103.63828303328674
2026-05-23 00:00:00,2026-05-23 06:53:05.857181-07,2026-05-23 06:52:46-07,19026,6641,14926000,1,312530,49.26240158081055,-123.0680160522461,0.3403,7,7.952629591351267
2026-05-23 00:00:00,2026-05-23 06:53:05.857181-07,2026-05-23 06:52:41-07,22012,6641,14925998,1,312529,49.26373291015625,-123.15121459960938,9.2912,134,48.966149114772946
2026-05-23 00:00:00,2026-05-23 06:53:05.857181-07,2026-05-23 06:52:51-07,23002,6641,14925850,0,312527,49.26296615600586,-123.10310363769531,10.919,114,10.35085952332811
2026-05-23 00:00:00,2026-05-23 06:53:05.857181-07,2026-05-23 06:52:47-07,24007,6641,14925997,1,312529,49.26791763305664,-123.24797058105469,16.9548,227,55.76870726411691
2026-05-23 00:00:00,2026-05-23 06:53:36.527171-07,2026-05-23 06:52:57-07,15019,6641,14925999,1,312529,49.26323318481445,-123.1126480102539,6.5496,110,18.666489171595117
2026-05-23 00:00:00,2026-05-23 06:53:36.527171-07,2026-05-23 06:53:13-07,16222,6641,14925851,0,312527,49.26348114013672,-123.18616485595703,4.7818,58,19.36407539544103
2026-05-23 00:00:00,2026-05-23 06:53:36.527171-07,2026-05-23 06:53:17-07,19026,6641,14926000,1,312530,49.26240158081055,-123.06873321533203,0.4039,9,10.518724729685353
2026-05-23 00:00:00,2026-05-23 06:53:36.527171-07,2026-05-23 06:53:10-07,22012,6641,14925998,1,312529,49.26376724243164,-123.15253448486328,9.4257,137,11.671161212521627
2026-05-23 00:00:00,2026-05-23 06:53:36.527171-07,2026-05-23 06:53:20-07,23002,6641,14925850,0,312527,49.262901306152344,-123.1012191772461,11.0585,115,12.744270824275839
2026-05-23 00:00:00,2026-05-23 06:53:36.527171-07,2026-05-23 06:52:47-07,24007,6641,14925997,1,312529,49.26791763305664,-123.24797058105469,16.9548,227,55.76870726411691
2026-05-23 00:00:00,2026-05-23 06:54:07.17455-07,2026-05-23 06:53:26-07,15019,6641,14925999,1,312529,49.263301849365234,-123.11454772949219,6.687,112,19.93953591152529
2026-05-23 00:00:00,2026-05-23 06:54:07.17455-07,2026-05-23 06:53:45-07,16222,6641,14925851,0,312527,49.26431655883789,-123.18534851074219,4.8807,60,38.94958985407396
2026-05-23 00:00:00,2026-05-23 06:54:07.17455-07,2026-05-23 06:53:48-07,19026,6641,14926000,1,312530,49.26240158081055,-123.06873321533203,0.4039,9,10.518724729685353
2026-05-23 00:00:00,2026-05-23 06:54:07.17455-07,2026-05-23 06:53:41-07,22012,6641,14925998,1,312529,49.263916015625,-123.15413665771484,9.6376,139,84.5647795755267
2026-05-23 00:00:00,2026-05-23 06:54:07.17455-07,2026-05-23 06:53:52-07,23002,6641,14925850,0,312527,49.26279830932617,-123.09989929199219,11.1692,118,28.300038719092818
2026-05-23 00:00:00,2026-05-23 06:54:07.17455-07,2026-05-23 06:52:47-07,24007,6641,14925997,1,312529,49.26791763305664,-123.24797058105469,16.9548,227,55.76870726411691
2026-05-23 00:00:00,2026-05-23 06:54:37.703626-07,2026-05-23 06:53:59-07,15019,6641,14925999,1,312529,49.2633171081543,-123.11526489257812,6.6978,114,27.535702326689705
2026-05-23 00:00:00,2026-05-23 06:54:37.703626-07,2026-05-23 06:54:14-07,16222,6641,14925851,0,312527,49.26430130004883,-123.18433380126953,5.0332,61,40.008892078085005
2026-05-23 00:00:00,2026-05-23 06:54:37.703626-07,2026-05-23 06:54:12-07,19026,6641,14926000,1,312530,49.262367248535156,-123.0689697265625,0.4162,10,5.553511918505576
2026-05-23 00:00:00,2026-05-23 06:54:37.703626-07,2026-05-23 06:54:05-07,22012,6641,14925998,1,312529,49.26388168334961,-123.15464782714844,9.6376,139,47.30710938894258
2026-05-23 00:00:00,2026-05-23 06:54:37.703626-07,2026-05-23 06:54:10-07,23002,6641,14925850,0,312527,49.26278305053711,-123.09970092773438,11.1692,118,16.092032466791537
2026-05-23 00:00:00,2026-05-23 06:54:37.703626-07,2026-05-23 06:52:47-07,24007,6641,14925997,1,312529,49.26791763305664,-123.24797058105469,16.9548,227,55.76870726411691
2026-05-23 00:00:00,2026-05-23 06:55:08.187979-07,2026-05-23 06:54:45-07,15019,6641,14925999,1,312529,49.26333236694336,-123.11665344238281,6.8867,115,63.544414095578524
2026-05-23 00:00:00,2026-05-23 06:55:08.187979-07,2026-05-23 06:54:43-07,16222,6641,14925851,0,312527,49.26423263549805,-123.17951965332031,5.3215,64,22.594088377802812
2026-05-23 00:00:00,2026-05-23 06:55:08.187979-07,2026-05-23 06:54:41-07,19026,6641,14926000,1,312530,49.262367248535156,-123.07003021240234,0.4772,13,17.74389921432471
2026-05-23 00:00:00,2026-05-23 06:55:08.187979-07,2026-05-23 06:54:34-07,22012,6641,14925998,1,312529,49.263916015625,-123.15543365478516,9.6376,139,11.528020679209726
2026-05-23 00:00:00,2026-05-23 06:55:08.187979-07,2026-05-23 06:54:39-07,23002,6641,14925850,0,312527,49.262481689453125,-123.09488677978516,11.5065,127,6.293702204374915
2026-05-23 00:00:00,2026-05-23 06:55:08.187979-07,2026-05-23 06:52:47-07,24007,6641,14925997,1,312529,49.26791763305664,-123.24797058105469,16.9548,227,55.76870726411691
2026-05-23 00:00:00,2026-05-23 06:55:38.86333-07,2026-05-23 06:55:12-07,15019,6641,14925999,1,312529,49.26333236694336,-123.1196517944336,7.0596,117,18.130496907289075
2026-05-23 00:00:00,2026-05-23 06:55:38.86333-07,2026-05-23 06:55:12-07,16222,6641,14925851,0,312527,49.2641487121582,-123.17445373535156,5.7462,67,33.54112907539074
2026-05-23 00:00:00,2026-05-23 06:55:38.86333-07,2026-05-23 06:55:12-07,19026,6641,14926000,1,312530,49.26243209838867,-123.07526397705078,0.8986,17,24.045762948366384
2026-05-23 00:00:00,2026-05-23 06:55:38.86333-07,2026-05-23 06:55:04-07,22012,6641,14925998,1,312529,49.263999938964844,-123.16106414794922,9.9808,141,76.56512005710398
2026-05-23 00:00:00,2026-05-23 06:55:38.86333-07,2026-05-23 06:55:08-07,23002,6641,14925850,0,312527,49.26241683959961,-123.08951568603516,11.9299,131,28.55897407592681
2026-05-23 00:00:00,2026-05-23 06:55:38.86333-07,2026-05-23 06:52:47-07,24007,6641,14925997,1,312529,49.26791763305664,-123.24797058105469,16.9548,227,55.76870726411691
2026-05-23 00:00:00,2026-05-23 06:56:09.352271-07,2026-05-23 06:55:43-07,15019,6641,14925999,1,312529,49.26336669921875,-123.12138366699219,7.1997,118,32.069230767738546
2026-05-23 00:00:00,2026-05-23 06:56:09.352271-07,2026-05-23 06:55:42-07,16222,6641,14925851,0,312527,49.264068603515625,-123.16936492919922,6.0317,71,51.45719565468617
2026-05-23 00:00:00,2026-05-23 06:56:09.352271-07,2026-05-23 06:55:40-07,19026,6641,14926000,1,312530,49.26246643066406,-123.07721710205078,1.0367,19,20.79517957555023
2026-05-23 00:00:00,2026-05-23 06:56:09.352271-07,2026-05-23 06:55:34-07,22012,6641,14925998,1,312529,49.26408386230469,-123.16635131835938,10.4521,144,10.473154576468989
2026-05-23 00:00:00,2026-05-23 06:56:09.352271-07,2026-05-23 06:55:38-07,23002,6641,14925850,0,312527,49.26240158081055,-123.0882339477539,11.9299,131,65.99375224724919
2026-05-23 00:00:00,2026-05-23 06:56:09.352271-07,2026-05-23 06:52:47-07,24007,6641,14925997,1,312529,49.26791763305664,-123.24797058105469,16.9548,227,55.76870726411691
2026-05-23 00:00:00,2026-05-23 06:56:39.919713-07,2026-05-23 06:56:23-07,15019,6641,14925999,1,312529,49.2634162902832,-123.12266540527344,7.1997,118,62.402920157809426
2026-05-23 00:00:00,2026-05-23 06:56:39.919713-07,2026-05-23 06:56:03-07,16222,6641,14925851,0,312527,49.264015197753906,-123.16646575927734,6.2929,73,4.139174561826175
2026-05-23 00:00:00,2026-05-23 06:56:39.919713-07,2026-05-23 06:56:23-07,19026,6641,14926000,1,312530,49.26243209838867,-123.07893371582031,1.0471,20,95.21182551899238
2026-05-23 00:00:00,2026-05-23 06:56:39.919713-07,2026-05-23 06:56:23-07,22012,6641,14925998,1,312529,49.26411819458008,-123.16790008544922,10.574,145,19.332413210416973
2026-05-23 00:00:00,2026-05-23 06:56:39.919713-07,2026-05-23 06:56:09-07,23002,6641,14925850,0,312527,49.26240158081055,-123.08311462402344,12.3531,134,15.673670659724156
2026-05-23 00:00:00,2026-05-23 06:56:39.919713-07,2026-05-23 06:52:47-07,24007,6641,14925997,1,312529,49.26791763305664,-123.24797058105469,16.9548,227,55.76870726411691
2026-05-23 00:00:00,2026-05-23 06:57:10.409886-07,2026-05-23 06:56:52-07,15019,6641,14925999,1,312529,49.26348114013672,-123.12498474121094,7.3713,119,60.01869317504425
2026-05-23 00:00:00,2026-05-23 06:57:10.409886-07,2026-05-23 06:56:33-07,16222,6641,14925851,0,312527,49.26393127441406,-123.16130065917969,6.5897,75,80.70237279425842
2026-05-23 00:00:00,2026-05-23 06:57:10.409886-07,2026-05-23 06:56:52-07,19026,6641,14926000,1,312530,49.26246643066406,-123.08373260498047,1.4619,23,29.929541442473163
2026-05-23 00:00:00,2026-05-23 06:57:10.409886-07,2026-05-23 06:56:52-07,22012,6641,14925998,1,312529,49.26413345336914,-123.16921997070312,10.7133,146,62.053480917033795
2026-05-23 00:00:00,2026-05-23 06:57:10.409886-07,2026-05-23 06:56:39-07,23002,6641,14925850,0,312527,49.2623176574707,-123.07746887207031,12.7783,138,8.305858344576595
2026-05-23 00:00:00,2026-05-23 06:57:10.409886-07,2026-05-23 06:52:47-07,24007,6641,14925997,1,312529,49.26791763305664,-123.24797058105469,16.9548,227,55.76870726411691
2026-05-23 00:00:00,2026-05-23 06:57:41.026904-07,2026-05-23 06:57:22-07,15019,6641,14925999,1,312529,49.26350021362305,-123.12933349609375,7.7228,121,24.783243084250486
2026-05-23 00:00:00,2026-05-23 06:57:41.026904-07,2026-05-23 06:57:03-07,16222,6641,14925851,0,312527,49.263851165771484,-123.15628051757812,7.1074,78,71.23044974407455
2026-05-23 00:00:00,2026-05-23 06:57:41.026904-07,2026-05-23 06:57:23-07,19026,6641,14926000,1,312530,49.262550354003906,-123.08820343017578,1.885,26,68.02547173984055
2026-05-23 00:00:00,2026-05-23 06:57:41.026904-07,2026-05-23 06:57:22-07,22012,6641,14925998,1,312529,49.264183044433594,-123.17436981201172,10.9987,149,27.360995568300027
2026-05-23 00:00:00,2026-05-23 06:57:41.026904-07,2026-05-23 06:57:07-07,23002,6641,14925850,0,312527,49.2623176574707,-123.07592010498047,12.9163,140,25.237646296667705
2026-05-23 00:00:00,2026-05-23 06:57:41.026904-07,2026-05-23 06:52:47-07,24007,6641,14925997,1,312529,49.26791763305664,-123.24797058105469,16.9548,227,55.76870726411691
2026-05-23 00:00:00,2026-05-23 06:58:11.507435-07,2026-05-23 06:57:51-07,15019,6641,14925999,1,312529,49.2635498046875,-123.13262939453125,8.0662,123,79.20770059727982
2026-05-23 00:00:00,2026-05-23 06:58:11.507435-07,2026-05-23 06:57:38-07,16222,6641,14925851,0,312527,49.26380157470703,-123.15458679199219,7.1074,78,52.100839224285764
2026-05-23 00:00:00,2026-05-23 06:58:11.507435-07,2026-05-23 06:57:52-07,19026,6641,14926000,1,312530,49.2625846862793,-123.09001922607422,1.885,26,65.17202691259098
2026-05-23 00:00:00,2026-05-23 06:58:11.507435-07,2026-05-23 06:57:52-07,22012,6641,14925998,1,312529,49.2642822265625,-123.18009948730469,11.4237,154,19.81906725101229
2026-05-23 00:00:00,2026-05-23 06:58:11.507435-07,2026-05-23 06:57:36-07,23002,6641,14925850,0,312527,49.2623176574707,-123.0708999633789,13.1927,143,64.42985910071751
2026-05-23 00:00:00,2026-05-23 06:58:11.507435-07,2026-05-23 06:52:47-07,24007,6641,14925997,1,312529,49.26791763305664,-123.24797058105469,16.9548,227,55.76870726411691
2026-05-23 00:00:00,2026-05-23 06:58:42.071117-07,2026-05-23 06:58:21-07,15019,6641,14925999,1,312529,49.2635498046875,-123.13663482666016,8.2387,124,39.62339142760451
2026-05-23 00:00:00,2026-05-23 06:58:42.071117-07,2026-05-23 06:58:05-07,16222,6641,14925851,0,312527,49.26373291015625,-123.15148162841797,7.3224,81,63.31987271950547
2026-05-23 00:00:00,2026-05-23 06:58:42.071117-07,2026-05-23 06:58:04-07,19026,6641,14926000,1,312530,49.262550354003906,-123.09033203125,2.024,27,52.098181578845704
2026-05-23 00:00:00,2026-05-23 06:58:42.071117-07,2026-05-23 06:58:23-07,22012,6641,14925998,1,312529,49.264366149902344,-123.18553161621094,11.8643,157,25.21065275464728
2026-05-23 00:00:00,2026-05-23 06:58:42.071117-07,2026-05-23 06:58:04-07,23002,6641,14925850,0,312527,49.262332916259766,-123.0699691772461,13.3378,144,12.735056906603734
2026-05-23 00:00:00,2026-05-23 06:58:42.071117-07,2026-05-23 06:52:47-07,24007,6641,14925997,1,312529,49.26791763305664,-123.24797058105469,16.9548,227,55.76870726411691
2026-05-23 00:00:00,2026-05-23 06:59:12.59306-07,2026-05-23 06:58:51-07,15019,6641,14925999,1,312529,49.26361846923828,-123.1382827758789,8.4189,127,20.524764565440925
2026-05-23 00:00:00,2026-05-23 06:59:12.59306-07,2026-05-23 06:58:52-07,16201,6641,14926001,1,312529,49.26518249511719,-123.0255355834961,0.0428,2,7.129472130086947
2026-05-23 00:00:00,2026-05-23 06:59:12.59306-07,2026-05-23 06:58:36-07,16222,6641,14925851,0,312527,49.263668060302734,-123.14769744873047,7.6286,84,33.28942207604021
2026-05-23 00:00:00,2026-05-23 06:59:12.59306-07,2026-05-23 06:58:42-07,19026,6641,14926000,1,312530,49.26256561279297,-123.09504699707031,2.3085,31,8.566761252340019
2026-05-23 00:00:00,2026-05-23 06:59:12.59306-07,2026-05-23 06:58:52-07,22012,6641,14925998,1,312529,49.26371765136719,-123.18598175048828,11.9122,158,25.535676206959252
2026-05-23 00:00:00,2026-05-23 06:59:12.59306-07,2026-05-23 06:58:42-07,23002,6641,14925850,0,312527,49.26336669921875,-123.06964874267578,13.4386,148,17.672303302006178
2026-05-23 00:00:00,2026-05-23 06:59:12.59306-07,2026-05-23 06:52:47-07,24007,6641,14925997,1,312529,49.26791763305664,-123.24797058105469,16.9548,227,55.76870726411691
2026-05-23 00:00:00,2026-05-23 06:59:43.211982-07,2026-05-23 06:59:22-07,15019,6641,14925999,1,312529,49.26369857788086,-123.13968658447266,8.4695,128,33.193422692314094
2026-05-23 00:00:00,2026-05-23 06:59:43.211982-07,2026-05-23 06:59:22-07,16201,6641,14926001,1,312529,49.26333236694336,-123.02881622314453,0.3546,14,9.508723997338691
2026-05-23 00:00:00,2026-05-23 06:59:43.211982-07,2026-05-23 06:59:07-07,16222,6641,14925851,0,312527,49.263668060302734,-123.14627075195312,7.8023,85,37.470150094179026
2026-05-23 00:00:00,2026-05-23 06:59:43.211982-07,2026-05-23 06:59:18-07,19026,6641,14926000,1,312530,49.26285171508789,-123.09781646728516,2.4628,35,58.413532173447685
2026-05-23 00:00:00,2026-05-23 06:59:43.211982-07,2026-05-23 06:59:15-07,22012,6641,14925998,1,312529,49.26356887817383,-123.18598175048828,11.9632,159,11.507267338268994
2026-05-23 00:00:00,2026-05-23 06:59:43.211982-07,2026-05-23 06:59:18-07,23002,6641,14926002,1,312530,49.26319885253906,-123.06856536865234,0.3869,8,92.72036852240318
2026-05-23 00:00:00,2026-05-23 06:59:43.211982-07,2026-05-23 06:52:47-07,24007,6641,14925997,1,312529,49.26791763305664,-123.24797058105469,16.9548,227,55.76870726411691
2026-05-23 00:00:00,2026-05-23 07:00:13.694684-07,2026-05-23 06:59:46-07,15019,6641,14925999,1,312529,49.26369857788086,-123.14056396484375,8.5982,129,34.82095769623063
2026-05-23 00:00:00,2026-05-23 07:00:13.694684-07,2026-05-23 06:59:52-07,16201,6641,14926001,1,312529,49.26198196411133,-123.03291320800781,0.7268,21,14.120112319947625
2026-05-23 00:00:00,2026-05-23 07:00:13.694684-07,2026-05-23 06:59:37-07,16222,6641,14925851,0,312527,49.263648986816406,-123.14403533935547,7.9729,86,45.109768593727466
2026-05-23 00:00:00,2026-05-23 07:00:13.694684-07,2026-05-23 06:59:48-07,19026,6641,14926000,1,312530,49.26285171508789,-123.09877014160156,2.6062,37,15.518597710823219
2026-05-23 00:00:00,2026-05-23 07:00:13.694684-07,2026-05-23 06:59:42-07,22012,6641,14925998,1,312529,49.26356887817383,-123.18951416015625,12.323,161,96.21307837590689
2026-05-23 00:00:00,2026-05-23 07:00:13.694684-07,2026-05-23 06:59:48-07,23002,6641,14926002,1,312530,49.26319885253906,-123.0685806274414,0.3869,8,92.72469950915095
2026-05-23 00:00:00,2026-05-23 07:00:13.694684-07,2026-05-23 06:52:47-07,24007,6641,14925997,1,312529,49.26791763305664,-123.24797058105469,16.9548,227,55.76870726411691
2026-05-23 00:00:00,2026-05-23 07:00:44.243836-07,2026-05-23 07:00:16-07,15019,6641,14925999,1,312529,49.26374816894531,-123.14498138427734,8.9427,132,56.51496260446422
2026-05-23 00:00:00,2026-05-23 07:00:44.243836-07,2026-05-23 07:00:22-07,16201,6641,14926001,1,312529,49.261966705322266,-123.0334701538086,0.7467,22,13.81970829228387
2026-05-23 00:00:00,2026-05-23 07:00:44.243836-07,2026-05-23 07:00:08-07,16222,6641,14925851,0,312527,49.26353454589844,-123.13996887207031,8.2755,89,52.10604059654766
2026-05-23 00:00:00,2026-05-23 07:00:44.243836-07,2026-05-23 07:00:17-07,19026,6641,14926000,1,312530,49.26293182373047,-123.10164642333984,2.7564,42,43.677480928798396
2026-05-23 00:00:00,2026-05-23 07:00:44.243836-07,2026-05-23 07:00:15-07,22012,6641,14925998,1,312529,49.263648986816406,-123.19425201416016,12.5468,163,24.756465266760298
2026-05-23 00:00:00,2026-05-23 07:00:44.243836-07,2026-05-23 07:00:09-07,23002,6641,14926002,1,312530,49.26321792602539,-123.06856536865234,0.3869,8,94.8412390386356
2026-05-23 00:00:00,2026-05-23 07:00:44.243836-07,2026-05-23 06:52:47-07,24007,6641,14925997,1,312529,49.26791763305664,-123.24797058105469,16.9548,227,55.76870726411691
2026-05-23 00:00:00,2026-05-23 07:01:14.756008-07,2026-05-23 07:00:46-07,15019,6641,14925999,1,312529,49.26376724243164,-123.14682006835938,8.9427,132,77.48021129766074
2026-05-23 00:00:00,2026-05-23 07:01:14.756008-07,2026-05-23 07:00:24-07,16201,6641,14926001,1,312529,49.261966705322266,-123.0334701538086,0.7467,22,13.81970829228387
2026-05-23 00:00:00,2026-05-23 07:01:14.756008-07,2026-05-23 07:00:28-07,16222,6641,14925851,0,312527,49.26356887817383,-123.13966369628906,8.2755,89,29.66504234041692
2026-05-23 00:00:00,2026-05-23 07:01:14.756008-07,2026-05-23 07:00:48-07,19026,6641,14926000,1,312530,49.263065338134766,-123.1045150756836,3.0364,45,27.44361703955811
2026-05-23 00:00:00,2026-05-23 07:01:14.756008-07,2026-05-23 07:00:45-07,22012,6641,14925998,1,312529,49.26373291015625,-123.20023345947266,12.9972,169,10.731343807885134
2026-05-23 00:00:00,2026-05-23 07:01:14.756008-07,2026-05-23 07:00:36-07,23002,6641,14926002,1,312530,49.26321792602539,-123.06855010986328,0.3869,8,94.84993131062734
2026-05-23 00:00:00,2026-05-23 07:01:14.756008-07,2026-05-23 06:52:47-07,24007,6641,14925997,1,312529,49.26791763305664,-123.24797058105469,16.9548,227,55.76870726411691
2026-05-23 00:00:00,2026-05-23 07:01:45.438505-07,2026-05-23 07:01:16-07,15019,6641,14925999,1,312529,49.26371765136719,-123.15031433105469,9.2913,135,18.069993468250395
2026-05-23 00:00:00,2026-05-23 07:01:45.438505-07,2026-05-23 07:01:11-07,16201,6641,14926001,1,312529,49.26198196411133,-123.03443145751953,0.7961,27,32.463004490959165
2026-05-23 00:00:00,2026-05-23 07:01:45.438505-07,2026-05-23 07:00:57-07,16222,6641,14925851,0,312527,49.26348114013672,-123.13646697998047,8.5063,93,28.795254041128363
2026-05-23 00:00:00,2026-05-23 07:01:45.438505-07,2026-05-23 07:01:13-07,19026,6641,14926000,1,312530,49.2630500793457,-123.1048812866211,3.0362,44,3.9156115301017564
2026-05-23 00:00:00,2026-05-23 07:01:45.438505-07,2026-05-23 07:01:15-07,22012,6641,14925998,1,312529,49.263816833496094,-123.20601654052734,13.4337,172,6.055193505762773
2026-05-23 00:00:00,2026-05-23 07:01:45.438505-07,2026-05-23 07:01:07-07,23002,6641,14926002,1,312530,49.26319885253906,-123.06856536865234,0.3869,8,92.72036852240318
2026-05-23 00:00:00,2026-05-23 07:01:45.438505-07,2026-05-23 06:52:47-07,24007,6641,14925997,1,312529,49.26791763305664,-123.24797058105469,16.9548,227,55.76870726411691
2026-05-23 00:00:00,2026-05-23 07:02:15.949656-07,2026-05-23 07:01:45-07,15019,6641,14925999,1,312529,49.26376724243164,-123.15266418457031,9.4257,137,20.579156325384165
2026-05-23 00:00:00,2026-05-23 07:02:15.949656-07,2026-05-23 07:01:39-07,16201,6641,14926001,1,312529,49.261932373046875,-123.03866577148438,1.1658,31,30.503196300589977
2026-05-23 00:00:00,2026-05-23 07:02:15.949656-07,2026-05-23 07:01:28-07,16222,6641,14925851,0,312527,49.26348114013672,-123.13629913330078,8.5063,93,17.58963107937415
2026-05-23 00:00:00,2026-05-23 07:02:15.949656-07,2026-05-23 07:01:42-07,19026,6641,14926000,1,312530,49.26314926147461,-123.10900115966797,3.3714,48,35.18770678453672
2026-05-23 00:00:00,2026-05-23 07:02:15.949656-07,2026-05-23 07:01:44-07,22012,6641,14925998,1,312529,49.26388168334961,-123.20963287353516,13.6544,173,37.48892756751108
2026-05-23 00:00:00,2026-05-23 07:02:15.949656-07,2026-05-23 07:01:35-07,23002,6641,14926002,1,312530,49.26318359375,-123.06855010986328,0.3869,8,91.03272905639695
2026-05-23 00:00:00,2026-05-23 07:02:15.949656-07,2026-05-23 06:52:47-07,24007,6641,14925997,1,312529,49.26791763305664,-123.24797058105469,16.9548,227,55.76870726411691
2026-05-23 00:00:00,2026-05-23 07:02:46.513063-07,2026-05-23 07:02:17-07,15019,6641,14925999,1,312529,49.26393127441406,-123.1543197631836,9.6376,139,71.48487284969033
2026-05-23 00:00:00,2026-05-23 07:02:46.513063-07,2026-05-23 07:02:10-07,16201,6641,14926001,1,312529,49.26201629638672,-123.04383087158203,1.4915,35,21.69921279619532
2026-05-23 00:00:00,2026-05-23 07:02:46.513063-07,2026-05-23 07:02:29-07,16222,6641,14925851,0,312527,49.263450622558594,-123.12763214111328,9.1958,97,73.68464729651869
2026-05-23 00:00:00,2026-05-23 07:02:46.513063-07,2026-05-23 07:02:14-07,19026,6641,14926000,1,312530,49.26323318481445,-123.11168670654297,3.4784,49,54.11624235734423
2026-05-23 00:00:00,2026-05-23 07:02:46.513063-07,2026-05-23 07:02:27-07,22012,6641,14925998,1,312529,49.26395034790039,-123.21485137939453,14.0754,177,4.745922899847127
2026-05-23 00:00:00,2026-05-23 07:02:46.513063-07,2026-05-23 07:02:37-07,23002,6641,14926002,1,312530,49.26319885253906,-123.06856536865234,0.3869,8,92.72036852240318
2026-05-23 00:00:00,2026-05-23 07:02:46.513063-07,2026-05-23 06:52:47-07,24007,6641,14925997,1,312529,49.26791763305664,-123.24797058105469,16.9548,227,55.76870726411691
2026-05-23 00:00:00,2026-05-23 07:03:17.093184-07,2026-05-23 07:02:41-07,15019,6641,14925999,1,312529,49.26390075683594,-123.15471649169922,9.6376,139,42.49919320457621
2026-05-23 00:00:00,2026-05-23 07:03:17.093184-07,2026-05-23 07:02:47-07,16201,6641,14926001,1,312529,49.26206588745117,-123.045166015625,1.6017,37,13.471282345844815
2026-05-23 00:00:00,2026-05-23 07:03:17.093184-07,2026-05-23 07:02:57-07,16222,6641,14925851,0,312527,49.263450622558594,-123.12433624267578,9.3737,98,14.819283521621868
2026-05-23 00:00:00,2026-05-23 07:03:17.093184-07,2026-05-23 07:02:43-07,19026,6641,14926000,1,312530,49.26323318481445,-123.11408233642578,3.757,52,50.58443067493954
2026-05-23 00:00:00,2026-05-23 07:03:17.093184-07,2026-05-23 07:02:56-07,22012,6641,14925998,1,312529,49.26393127441406,-123.21713256835938,14.1504,180,89.47884012089038
2026-05-23 00:00:00,2026-05-23 07:03:17.093184-07,2026-05-23 07:03:07-07,23002,6641,14926002,1,312530,49.26319885253906,-123.0685806274414,0.3869,8,92.72469950915095
2026-05-23 00:00:00,2026-05-23 07:03:47.778117-07,2026-05-23 07:03:11-07,15019,6641,14925999,1,312529,49.26396560668945,-123.15913391113281,9.9808,141,63.85289141407777
2026-05-23 00:00:00,2026-05-23 07:03:47.778117-07,2026-05-23 07:03:17-07,16201,6641,14926001,1,312529,49.26201629638672,-123.04933166503906,1.9306,40,18.484974318121
2026-05-23 00:00:00,2026-05-23 07:03:47.778117-07,2026-05-23 07:03:29-07,16222,6641,14925851,0,312527,49.263450622558594,-123.1241683959961,9.3737,98,9.203764016707906
2026-05-23 00:00:00,2026-05-23 07:03:47.778117-07,2026-05-23 07:03:11-07,19026,6641,14926000,1,312530,49.26333236694336,-123.11638641357422,3.9567,55,82.76591087277754
2026-05-23 00:00:00,2026-05-23 07:03:47.778117-07,2026-05-23 07:03:26-07,22012,6641,14925998,1,312529,49.2637825012207,-123.22351837158203,15.1734,181,466.7675828384833
2026-05-23 00:00:00,2026-05-23 07:03:47.778117-07,2026-05-23 07:03:37-07,23002,6641,14926002,1,312530,49.26319885253906,-123.06856536865234,0.3869,8,92.72036852240318
2026-05-23 00:00:00,2026-05-23 07:04:18.266517-07,2026-05-23 07:03:40-07,15019,6641,14925999,1,312529,49.2640495300293,-123.16459655761719,10.3177,143,3.222493326034565
2026-05-23 00:00:00,2026-05-23 07:04:18.266517-07,2026-05-23 07:03:40-07,16201,6641,14926001,1,312529,49.26205062866211,-123.05249786376953,2.1218,44,21.445023581505687
2026-05-23 00:00:00,2026-05-23 07:04:18.266517-07,2026-05-23 07:04:00-07,16222,6641,14925851,0,312527,49.26323318481445,-123.1202163696289,9.6854,100,24.31178042449363
2026-05-23 00:00:00,2026-05-23 07:04:18.266517-07,2026-05-23 07:03:43-07,19026,6641,14926000,1,312530,49.26333236694336,-123.11647033691406,3.9567,55,76.71645594657271
2026-05-23 00:00:00,2026-05-23 07:04:18.266517-07,2026-05-23 07:03:56-07,22012,6641,14925998,1,312529,49.26361846923828,-123.2293701171875,15.1734,181,41.90601940393154
2026-05-23 00:00:00,2026-05-23 07:04:18.266517-07,2026-05-23 07:04:06-07,23002,6641,14926002,1,312530,49.26318359375,-123.0685806274414,0.3869,8,91.02808397105554
2026-05-23 00:00:00,2026-05-23 07:04:48.828198-07,2026-05-23 07:04:21-07,15019,6641,14925999,1,312529,49.26409912109375,-123.16799926757812,10.574,145,11.855416914861713
2026-05-23 00:00:00,2026-05-23 07:04:48.828198-07,2026-05-23 07:04:09-07,16201,6641,14926001,1,312529,49.262149810791016,-123.05618286132812,2.3876,50,27.17420559388697
2026-05-23 00:00:00,2026-05-23 07:04:48.828198-07,2026-05-23 07:04:30-07,16222,6641,14925851,0,312527,49.263248443603516,-123.12006378173828,9.6854,100,13.296638002654134
2026-05-23 00:00:00,2026-05-23 07:04:48.828198-07,2026-05-23 07:04:14-07,19026,6641,14926000,1,312530,49.26333236694336,-123.11647033691406,3.9567,55,76.71645594657271
2026-05-23 00:00:00,2026-05-23 07:04:48.828198-07,2026-05-23 07:04:25-07,22012,6641,14925998,1,312529,49.265350341796875,-123.23490142822266,15.6436,193,43.89744066077338
2026-05-23 00:00:00,2026-05-23 07:04:48.828198-07,2026-05-23 07:04:37-07,23002,6641,14926002,1,312530,49.26318359375,-123.06856536865234,0.3869,8,91.02367225651305
2026-05-23 00:00:00,2026-05-23 07:04:48.828198-07,2026-05-23 07:04:34-07,24007,6641,14925852,0,312527,49.26755142211914,-123.24673461914062,0.1448,2,11.025468429544796
2026-05-23 00:00:00,2026-05-23 07:05:19.366268-07,2026-05-23 07:04:53-07,15019,6641,14925999,1,312529,49.26416778564453,-123.17279815673828,10.8578,148,53.790338783263316
2026-05-23 00:00:00,2026-05-23 07:05:19.366268-07,2026-05-23 07:05:07-07,16201,6641,14926001,1,312529,49.262298583984375,-123.06328582763672,2.9701,60,39.15622949438212
2026-05-23 00:00:00,2026-05-23 07:05:19.366268-07,2026-05-23 07:04:56-07,16222,6641,14925851,0,312527,49.263267517089844,-123.11981964111328,9.6854,100,6.264319299550805
2026-05-23 00:00:00,2026-05-23 07:05:19.366268-07,2026-05-23 07:04:43-07,19026,6641,14926000,1,312530,49.26333236694336,-123.11647033691406,3.9567,55,76.71645594657271
2026-05-23 00:00:00,2026-05-23 07:05:19.366268-07,2026-05-23 07:04:57-07,22012,6641,14925998,1,312529,49.267032623291016,-123.24026489257812,16.0358,204,10.636484724501761
2026-05-23 00:00:00,2026-05-23 07:05:19.366268-07,2026-05-23 07:05:06-07,23002,6641,14926002,1,312530,49.26319885253906,-123.06856536865234,0.3869,8,92.72036852240318
2026-05-23 00:00:00,2026-05-23 07:05:19.366268-07,2026-05-23 07:05:04-07,24007,6641,14925852,0,312527,49.26649856567383,-123.24441528320312,0.3841,6,10.692316107959304
2026-05-23 00:00:00,2026-05-23 07:05:50.086866-07,2026-05-23 07:05:22-07,15019,6641,14925999,1,312529,49.26423263549805,-123.17811584472656,11.2759,152,23.065152220886596
2026-05-23 00:00:00,2026-05-23 07:05:50.086866-07,2026-05-23 07:05:07-07,16201,6641,14926001,1,312529,49.262298583984375,-123.06328582763672,2.9701,60,39.15622949438212
2026-05-23 00:00:00,2026-05-23 07:05:50.086866-07,2026-05-23 07:05:24-07,16222,6641,14925851,0,312527,49.26323318481445,-123.1176986694336,9.8582,101,13.027301594827195
2026-05-23 00:00:00,2026-05-23 07:05:50.086866-07,2026-05-23 07:05:12-07,19026,6641,14926000,1,312530,49.26333236694336,-123.11647033691406,3.9567,55,76.71645594657271
2026-05-23 00:00:00,2026-05-23 07:05:50.086866-07,2026-05-23 07:05:26-07,22012,6641,14925998,1,312529,49.26656723022461,-123.24476623535156,16.3318,210,47.66824256185777
2026-05-23 00:00:00,2026-05-23 07:05:50.086866-07,2026-05-23 07:05:06-07,23002,6641,14926002,1,312530,49.26319885253906,-123.06856536865234,0.3869,8,92.72036852240318
2026-05-23 00:00:00,2026-05-23 07:05:50.086866-07,2026-05-23 07:05:27-07,24007,6641,14925852,0,312527,49.26694869995117,-123.24066925048828,0.697,12,25.304189352391564
2026-05-23 00:00:00,2026-05-23 07:06:20.609596-07,2026-05-23 07:05:53-07,15019,6641,14925999,1,312529,49.26433181762695,-123.18353271484375,11.7118,156,18.31234701940872
2026-05-23 00:00:00,2026-05-23 07:06:20.609596-07,2026-05-23 07:05:37-07,16201,6641,14926001,1,312529,49.26238250732422,-123.06756591796875,3.2704,67,26.40432120557596
2026-05-23 00:00:00,2026-05-23 07:06:20.609596-07,2026-05-23 07:05:55-07,16222,6641,14925851,0,312527,49.26319885253906,-123.11593627929688,10.0472,103,73.38822445831232
2026-05-23 00:00:00,2026-05-23 07:06:20.609596-07,2026-05-23 07:06:08-07,19026,6641,14926000,1,312530,49.26333236694336,-123.11648559570312,3.9567,55,75.61725118205305
2026-05-23 00:00:00,2026-05-23 07:06:20.609596-07,2026-05-23 07:05:45-07,22012,6641,14925998,1,312529,49.266517639160156,-123.24506378173828,16.4301,211,28.178596534105715
2026-05-23 00:00:00,2026-05-23 07:06:20.609596-07,2026-05-23 07:05:06-07,23002,6641,14926002,1,312530,49.26319885253906,-123.06856536865234,0.3869,8,92.72036852240318
2026-05-23 00:00:00,2026-05-23 07:06:20.609596-07,2026-05-23 07:05:57-07,24007,6641,14925852,0,312527,49.265933990478516,-123.23612976074219,1.0698,24,45.61860226186837
2026-05-23 00:00:00,2026-05-23 07:06:51.221114-07,2026-05-23 07:06:23-07,15019,6641,14925999,1,312529,49.264015197753906,-123.18595123291016,11.9122,158,9.635432021965286
2026-05-23 00:00:00,2026-05-23 07:06:51.221114-07,2026-05-23 07:06:37-07,16201,6641,14926001,1,312529,49.26241683959961,-123.06876373291016,3.334,69,11.570034636530487
2026-05-23 00:00:00,2026-05-23 07:06:51.221114-07,2026-05-23 07:06:26-07,16222,6641,14925851,0,312527,49.26314926147461,-123.11434936523438,10.058,105,31.693490632367606
2026-05-23 00:00:00,2026-05-23 07:06:51.221114-07,2026-05-23 07:06:40-07,19026,6641,14926000,1,312530,49.26335144042969,-123.11924743652344,4.1296,57,47.407031949291095
2026-05-23 00:00:00,2026-05-23 07:06:51.221114-07,2026-05-23 07:06:16-07,22012,6641,14925998,1,312529,49.2664680480957,-123.2453842163086,16.4301,211,4.302084152457192
2026-05-23 00:00:00,2026-05-23 07:06:51.221114-07,2026-05-23 07:05:06-07,23002,6641,14926002,1,312530,49.26319885253906,-123.06856536865234,0.3869,8,92.72036852240318
2026-05-23 00:00:00,2026-05-23 07:06:51.221114-07,2026-05-23 07:06:29-07,24007,6641,14925852,0,312527,49.263851165771484,-123.23251342773438,1.3592,29,17.856690954427577
2026-05-23 00:00:00,2026-05-23 07:07:21.730316-07,2026-05-23 07:06:55-07,15019,6641,14925999,1,312529,49.26350021362305,-123.1861801147461,11.9632,159,20.582482344265877
2026-05-23 00:00:00,2026-05-23 07:07:21.730316-07,2026-05-23 07:06:56-07,16201,6641,14926001,1,312529,49.26238250732422,-123.0689697265625,3.3463,70,7.232093617323015
2026-05-23 00:00:00,2026-05-23 07:07:21.730316-07,2026-05-23 07:06:47-07,16222,6641,14925851,0,312527,49.26318359375,-123.11418151855469,10.058,105,43.34261877578821
2026-05-23 00:00:00,2026-05-23 07:07:21.730316-07,2026-05-23 07:06:40-07,19026,6641,14926000,1,312530,49.26335144042969,-123.11924743652344,4.1296,57,47.407031949291095
2026-05-23 00:00:00,2026-05-23 07:07:21.730316-07,2026-05-23 07:06:45-07,22012,6641,14925998,1,312529,49.26823425292969,-123.2470474243164,16.6466,216,12.855953425190336
2026-05-23 00:00:00,2026-05-23 07:07:21.730316-07,2026-05-23 07:07:05-07,23002,6641,14926002,1,312530,49.26318359375,-123.06856536865234,0.3869,8,91.02367225651305
2026-05-23 00:00:00,2026-05-23 07:07:21.730316-07,2026-05-23 07:06:57-07,24007,6641,14925852,0,312527,49.26358413696289,-123.22708129882812,1.5845,36,195.2143511361547
2026-05-23 00:00:00,2026-05-23 07:07:52.369754-07,2026-05-23 07:07:25-07,15019,6641,14925999,1,312529,49.26356887817383,-123.19093322753906,12.3232,162,6.786344415041857
2026-05-23 00:00:00,2026-05-23 07:07:52.369754-07,2026-05-23 07:07:25-07,16201,6641,14926001,1,312529,49.262367248535156,-123.0694808959961,3.3734,72,12.05047194441582
2026-05-23 00:00:00,2026-05-23 07:07:52.369754-07,2026-05-23 07:07:17-07,16222,6641,14925851,0,312527,49.26316833496094,-123.11091613769531,10.3366,108,3.6500617383939966
2026-05-23 00:00:00,2026-05-23 07:07:52.369754-07,2026-05-23 07:07:09-07,19026,6641,14926000,1,312530,49.26336669921875,-123.12055206298828,4.1296,57,48.341066982144184
2026-05-23 00:00:00,2026-05-23 07:07:52.369754-07,2026-05-23 07:06:45-07,22012,6641,14925998,1,312529,49.26823425292969,-123.2470474243164,16.6466,216,12.855953425190336
2026-05-23 00:00:00,2026-05-23 07:07:52.369754-07,2026-05-23 07:07:34-07,23002,6641,14926002,1,312530,49.26319885253906,-123.06856536865234,0.3869,8,92.72036852240318
2026-05-23 00:00:00,2026-05-23 07:07:52.369754-07,2026-05-23 07:07:27-07,24007,6641,14925852,0,312527,49.26373291015625,-123.22118377685547,2.5945,37,383.51720418087143
2026-05-23 00:00:00,2026-05-23 07:08:23.020485-07,2026-05-23 07:07:56-07,15019,6641,14925999,1,312529,49.263648986816406,-123.19646453857422,12.7695,166,36.67871813199107
2026-05-23 00:00:00,2026-05-23 07:08:23.020485-07,2026-05-23 07:07:56-07,16201,6641,14926001,1,312529,49.26238250732422,-123.073486328125,3.6876,75,11.877833361907511
2026-05-23 00:00:00,2026-05-23 07:08:23.020485-07,2026-05-23 07:07:48-07,16222,6641,14925851,0,312527,49.26303482055664,-123.10591888427734,10.6369,111,66.20334967529344
2026-05-23 00:00:00,2026-05-23 07:08:23.020485-07,2026-05-23 07:08:06-07,19026,6641,14926000,1,312530,49.26340103149414,-123.12276458740234,4.2697,58,69.24882740956247
2026-05-23 00:00:00,2026-05-23 07:08:23.020485-07,2026-05-23 07:06:45-07,22012,6641,14925998,1,312529,49.26823425292969,-123.2470474243164,16.6466,216,12.855953425190336
2026-05-23 00:00:00,2026-05-23 07:08:23.020485-07,2026-05-23 07:07:34-07,23002,6641,14926002,1,312530,49.26319885253906,-123.06856536865234,0.3869,8,92.72036852240318
2026-05-23 00:00:00,2026-05-23 07:08:23.020485-07,2026-05-23 07:07:58-07,24007,6641,14925852,0,312527,49.263851165771484,-123.2161636352539,2.5945,37,19.10561015522624
2026-05-23 00:00:00,2026-05-23 07:08:53.826017-07,2026-05-23 07:08:24-07,15019,6641,14925999,1,312529,49.26374816894531,-123.20303344726562,13.2096,171,1.623859028935898
2026-05-23 00:00:00,2026-05-23 07:08:53.826017-07,2026-05-23 07:08:25-07,16201,6641,14926001,1,312529,49.26246643066406,-123.07763671875,3.9771,80,8.225580290330237
2026-05-23 00:00:00,2026-05-23 07:08:53.826017-07,2026-05-23 07:08:17-07,16222,6641,14925851,0,312527,49.26293182373047,-123.1016845703125,11.0585,115,46.443486464336026
2026-05-23 00:00:00,2026-05-23 07:08:53.826017-07,2026-05-23 07:08:37-07,19026,6641,14926000,1,312530,49.26348114013672,-123.12564849853516,4.6192,60,70.91718931479454
2026-05-23 00:00:00,2026-05-23 07:08:53.826017-07,2026-05-23 07:06:45-07,22012,6641,14925998,1,312529,49.26823425292969,-123.2470474243164,16.6466,216,12.855953425190336
2026-05-23 00:00:00,2026-05-23 07:08:53.826017-07,2026-05-23 07:07:34-07,23002,6641,14926002,1,312530,49.26319885253906,-123.06856536865234,0.3869,8,92.72036852240318
2026-05-23 00:00:00,2026-05-23 07:08:53.826017-07,2026-05-23 07:08:26-07,24007,6641,14925852,0,312527,49.26390075683594,-123.2129135131836,2.8302,42,15.620551441301052
2026-05-23 00:00:00,2026-05-23 07:09:24.34573-07,2026-05-23 07:08:55-07,15019,6641,14925999,1,312529,49.263851165771484,-123.20891571044922,13.6544,173,14.991618588669482
2026-05-23 00:00:00,2026-05-23 07:09:24.34573-07,2026-05-23 07:09:01-07,16201,6641,14926001,1,312529,49.26246643066406,-123.0788803100586,3.9771,80,91.60171087229561
2026-05-23 00:00:00,2026-05-23 07:09:24.34573-07,2026-05-23 07:08:47-07,16222,6641,14925851,0,312527,49.26279830932617,-123.09986877441406,11.1692,118,26.188247246485787
2026-05-23 00:00:00,2026-05-23 07:09:24.34573-07,2026-05-23 07:09:06-07,19026,6641,14926000,1,312530,49.26348114013672,-123.12816619873047,4.7927,61,60.86173742961273
2026-05-23 00:00:00,2026-05-23 07:09:24.34573-07,2026-05-23 07:06:45-07,22012,6641,14925998,1,312529,49.26823425292969,-123.2470474243164,16.6466,216,12.855953425190336
2026-05-23 00:00:00,2026-05-23 07:09:24.34573-07,2026-05-23 07:08:43-07,23002,6641,14926002,1,312530,49.26319885253906,-123.0685806274414,0.3869,8,92.72469950915095
2026-05-23 00:00:00,2026-05-23 07:09:24.34573-07,2026-05-23 07:08:58-07,24007,6641,14925852,0,312527,49.263816833496094,-123.20893096923828,3.0906,44,13.952973122007368
2026-05-23 00:00:00,2026-05-23 07:09:54.991308-07,2026-05-23 07:09:22-07,15019,6641,14925999,1,312529,49.26388168334961,-123.21006774902344,13.6544,173,68.88668200304095
2026-05-23 00:00:00,2026-05-23 07:09:54.991308-07,2026-05-23 07:09:29-07,16201,6641,14926001,1,312529,49.262451171875,-123.08111572265625,4.2513,82,20.11464864531346
2026-05-23 00:00:00,2026-05-23 07:09:54.991308-07,2026-05-23 07:09:32-07,16222,6641,14925851,0,312527,49.26278305053711,-123.09968566894531,11.1692,118,15.233830305949443
2026-05-23 00:00:00,2026-05-23 07:09:54.991308-07,2026-05-23 07:09:36-07,19026,6641,14926000,1,312530,49.26358413696289,-123.13331604003906,5.1362,63,30.16789535089696
2026-05-23 00:00:00,2026-05-23 07:09:54.991308-07,2026-05-23 07:06:45-07,22012,6641,14925998,1,312529,49.26823425292969,-123.2470474243164,16.6466,216,12.855953425190336
2026-05-23 00:00:00,2026-05-23 07:09:54.991308-07,2026-05-23 07:08:43-07,23002,6641,14926002,1,312530,49.26319885253906,-123.0685806274414,0.3869,8,92.72469950915095
2026-05-23 00:00:00,2026-05-23 07:09:54.991308-07,2026-05-23 07:09:23-07,24007,6641,14925852,0,312527,49.263832092285156,-123.20823669433594,3.0906,44,64.16954786253106
2026-05-23 00:00:00,2026-05-23 07:10:25.481938-07,2026-05-23 07:09:52-07,15019,6641,14925999,1,312529,49.26395034790039,-123.21476745605469,14.0754,177,10.30115071722206
2026-05-23 00:00:00,2026-05-23 07:10:25.481938-07,2026-05-23 07:10:00-07,16201,6641,14926001,1,312529,49.262481689453125,-123.0853500366211,4.5334,84,6.799806995090391
2026-05-23 00:00:00,2026-05-23 07:10:25.481938-07,2026-05-23 07:10:02-07,16222,6641,14925851,0,312527,49.262481689453125,-123.09501647949219,11.5064,126,6.199274831258101
2026-05-23 00:00:00,2026-05-23 07:10:25.481938-07,2026-05-23 07:10:05-07,19026,6641,14926000,1,312530,49.26350021362305,-123.13580322265625,5.3087,65,21.70751815319794
2026-05-23 00:00:00,2026-05-23 07:10:25.481938-07,2026-05-23 07:06:45-07,22012,6641,14925998,1,312529,49.26823425292969,-123.2470474243164,16.6466,216,12.855953425190336
2026-05-23 00:00:00,2026-05-23 07:10:25.481938-07,2026-05-23 07:08:43-07,23002,6641,14926002,1,312530,49.26319885253906,-123.0685806274414,0.3869,8,92.72469950915095
2026-05-23 00:00:00,2026-05-23 07:10:25.481938-07,2026-05-23 07:09:53-07,24007,6641,14925852,0,312527,49.26374816894531,-123.2033462524414,3.5354,46,24.25891011208757
2026-05-23 00:00:00,2026-05-23 07:10:56.038907-07,2026-05-23 07:10:21-07,15019,6641,14925999,1,312529,49.26395034790039,-123.21585083007812,14.1504,180,5.193171695275572
2026-05-23 00:00:00,2026-05-23 07:10:56.038907-07,2026-05-23 07:10:30-07,16201,6641,14926001,1,312529,49.262516021728516,-123.0888671875,4.8151,86,19.79865084627941
2026-05-23 00:00:00,2026-05-23 07:10:56.038907-07,2026-05-23 07:10:32-07,16222,6641,14925851,0,312527,49.26240158081055,-123.09004974365234,11.9299,131,66.97824524984374
2026-05-23 00:00:00,2026-05-23 07:10:56.038907-07,2026-05-23 07:10:37-07,19026,6641,14926000,1,312530,49.26358413696289,-123.13788604736328,5.4377,66,1.993409772961098
2026-05-23 00:00:00,2026-05-23 07:10:56.038907-07,2026-05-23 07:06:45-07,22012,6641,14925998,1,312529,49.26823425292969,-123.2470474243164,16.6466,216,12.855953425190336
2026-05-23 00:00:00,2026-05-23 07:10:56.038907-07,2026-05-23 07:10:37-07,23002,6641,14926002,1,312530,49.26318359375,-123.06856536865234,0.3869,8,91.02367225651305
2026-05-23 00:00:00,2026-05-23 07:10:56.038907-07,2026-05-23 07:10:22-07,24007,6641,14925852,0,312527,49.263648986816406,-123.1971206665039,3.9755,51,10.935121545279966
2026-05-23 00:00:00,2026-05-23 07:11:26.658432-07,2026-05-23 07:10:53-07,15019,6641,14925999,1,312529,49.263816833496094,-123.22203063964844,14.1504,180,445.0969758228084
2026-05-23 00:00:00,2026-05-23 07:11:26.658432-07,2026-05-23 07:11:01-07,16201,6641,14926001,1,312529,49.26253128051758,-123.08901977539062,4.8151,86,9.99694163827711
2026-05-23 00:00:00,2026-05-23 07:11:26.658432-07,2026-05-23 07:11:02-07,16222,6641,14925851,0,312527,49.26238250732422,-123.08934783935547,11.9299,131,18.998212140956625
2026-05-23 00:00:00,2026-05-23 07:11:26.658432-07,2026-05-23 07:11:07-07,19026,6641,14926000,1,312530,49.26369857788086,-123.1401138305664,5.5394,68,63.21221923362791
2026-05-23 00:00:00,2026-05-23 07:11:26.658432-07,2026-05-23 07:06:45-07,22012,6641,14925998,1,312529,49.26823425292969,-123.2470474243164,16.6466,216,12.855953425190336
2026-05-23 00:00:00,2026-05-23 07:11:26.658432-07,2026-05-23 07:10:37-07,23002,6641,14926002,1,312530,49.26318359375,-123.06856536865234,0.3869,8,91.02367225651305
2026-05-23 00:00:00,2026-05-23 07:11:26.658432-07,2026-05-23 07:10:54-07,24007,6641,14925852,0,312527,49.26356887817383,-123.19094848632812,4.4218,55,7.880383565075727
2026-05-23 00:00:00,2026-05-23 07:11:57.552193-07,2026-05-23 07:11:23-07,15019,6641,14925999,1,312529,49.263633728027344,-123.2287826538086,15.1734,181,84.4894410721776
2026-05-23 00:00:00,2026-05-23 07:11:57.552193-07,2026-05-23 07:11:31-07,16201,6641,14926001,1,312529,49.26256561279297,-123.09003448486328,4.8151,86,65.93009712735444
2026-05-23 00:00:00,2026-05-23 07:11:57.552193-07,2026-05-23 07:11:14-07,16222,6641,14925851,0,312527,49.26241683959961,-123.08833312988281,11.9299,131,58.63728640197323
2026-05-23 00:00:00,2026-05-23 07:11:57.552193-07,2026-05-23 07:11:36-07,19026,6641,14926000,1,312530,49.26369857788086,-123.14043426513672,5.6682,69,43.95621537044451
2026-05-23 00:00:00,2026-05-23 07:11:57.552193-07,2026-05-23 07:06:45-07,22012,6641,14925998,1,312529,49.26823425292969,-123.2470474243164,16.6466,216,12.855953425190336
2026-05-23 00:00:00,2026-05-23 07:11:57.552193-07,2026-05-23 07:11:37-07,23002,6641,14926002,1,312530,49.26319885253906,-123.06856536865234,0.3869,8,92.72036852240318
2026-05-23 00:00:00,2026-05-23 07:11:57.552193-07,2026-05-23 07:11:23-07,24007,6641,14925852,0,312527,49.26350021362305,-123.1865005493164,4.7818,58,43.77539586399307
2026-05-23 00:00:00,2026-05-23 07:12:28.083172-07,2026-05-23 07:11:52-07,15019,6641,14925999,1,312529,49.265167236328125,-123.23458099365234,15.5225,191,46.10933120882479
2026-05-23 00:00:00,2026-05-23 07:12:28.083172-07,2026-05-23 07:11:41-07,16201,6641,14926001,1,312529,49.262550354003906,-123.09031677246094,4.954,87,53.196404281790414
2026-05-23 00:00:00,2026-05-23 07:12:28.083172-07,2026-05-23 07:11:43-07,16222,6641,14925851,0,312527,49.26240158081055,-123.08333587646484,12.3531,134,4.497389480521736
2026-05-23 00:00:00,2026-05-23 07:12:28.083172-07,2026-05-23 07:11:43-07,19026,6641,14926000,1,312530,49.26371765136719,-123.14057922363281,5.6682,69,34.40742416869504
2026-05-23 00:00:00,2026-05-23 07:12:28.083172-07,2026-05-23 07:06:45-07,22012,6641,14925998,1,312529,49.26823425292969,-123.2470474243164,16.6466,216,12.855953425190336
2026-05-23 00:00:00,2026-05-23 07:12:28.083172-07,2026-05-23 07:11:52-07,23002,6641,14926002,1,312530,49.26316833496094,-123.0683822631836,0.3869,8,90.33785186980822
2026-05-23 00:00:00,2026-05-23 07:12:28.083172-07,2026-05-23 07:11:53-07,24007,6641,14925852,0,312527,49.26380157470703,-123.18583679199219,4.8328,59,15.726287119968164
2026-05-23 00:00:00,2026-05-23 07:12:58.771781-07,2026-05-23 07:12:22-07,15019,6641,14925999,1,312529,49.267032623291016,-123.240234375,16.0358,204,8.67957807571904
2026-05-23 00:00:00,2026-05-23 07:12:58.771781-07,2026-05-23 07:12:09-07,16201,6641,14926001,1,312529,49.262550354003906,-123.09461975097656,5.2385,90,24.3604710524081
2026-05-23 00:00:00,2026-05-23 07:12:58.771781-07,2026-05-23 07:12:13-07,16222,6641,14925851,0,312527,49.262367248535156,-123.0808334350586,12.5725,136,38.568191746146574
2026-05-23 00:00:00,2026-05-23 07:12:58.771781-07,2026-05-23 07:12:13-07,19026,6641,14926000,1,312530,49.26369857788086,-123.14248657226562,5.8421,71,67.42015880474956
2026-05-23 00:00:00,2026-05-23 07:12:58.771781-07,2026-05-23 07:06:45-07,22012,6641,14925998,1,312529,49.26823425292969,-123.2470474243164,16.6466,216,12.855953425190336
2026-05-23 00:00:00,2026-05-23 07:12:58.771781-07,2026-05-23 07:12:22-07,23002,6641,14926002,1,312530,49.26240158081055,-123.06763458251953,0.3403,7,21.812040045015745
2026-05-23 00:00:00,2026-05-23 07:12:58.771781-07,2026-05-23 07:12:23-07,24007,6641,14925852,0,312527,49.2642822265625,-123.18476867675781,5.0332,61,71.62808339883547
2026-05-23 00:00:00,2026-05-23 07:13:29.290467-07,2026-05-23 07:12:53-07,15019,6641,14925999,1,312529,49.26656723022461,-123.24476623535156,16.3318,210,47.66824256185777
2026-05-23 00:00:00,2026-05-23 07:13:29.290467-07,2026-05-23 07:13:07-07,16201,6641,14926001,1,312529,49.26285171508789,-123.09783172607422,5.3928,95,59.51198276185259
2026-05-23 00:00:00,2026-05-23 07:13:29.290467-07,2026-05-23 07:12:44-07,16222,6641,14925851,0,312527,49.262332916259766,-123.077880859375,12.7679,137,19.868627308201635
2026-05-23 00:00:00,2026-05-23 07:13:29.290467-07,2026-05-23 07:12:42-07,19026,6641,14926000,1,312530,49.26374816894531,-123.14533233642578,6.0127,72,31.23974147031806
2026-05-23 00:00:00,2026-05-23 07:13:29.290467-07,2026-05-23 07:06:45-07,22012,6641,14925998,1,312529,49.26823425292969,-123.2470474243164,16.6466,216,12.855953425190336
2026-05-23 00:00:00,2026-05-23 07:13:29.290467-07,2026-05-23 07:13:01-07,23002,6641,14926002,1,312530,49.26240158081055,-123.06884765625,0.4039,9,10.657357199879028
2026-05-23 00:00:00,2026-05-23 07:13:29.290467-07,2026-05-23 07:13:01-07,24007,6641,14925852,0,312527,49.26431655883789,-123.18428039550781,5.0332,61,36.012082711726464
2026-05-23 00:00:00,2026-05-23 07:13:59.901067-07,2026-05-23 07:13:13-07,15019,6641,14925999,1,312529,49.266517639160156,-123.24503326416016,16.4301,211,30.344605240855955
2026-05-23 00:00:00,2026-05-23 07:13:59.901067-07,2026-05-23 07:13:36-07,16201,6641,14926001,1,312529,49.262916564941406,-123.10118103027344,5.6865,102,9.871179705045245
2026-05-23 00:00:00,2026-05-23 07:13:59.901067-07,2026-05-23 07:13:34-07,16222,6641,14925851,0,312527,49.262298583984375,-123.07610321044922,12.9163,140,38.647617370560056
2026-05-23 00:00:00,2026-05-23 07:13:59.901067-07,2026-05-23 07:13:42-07,19026,6641,14926000,1,312530,49.26369857788086,-123.149169921875,6.1863,73,74.74561477014187
2026-05-23 00:00:00,2026-05-23 07:13:59.901067-07,2026-05-23 07:06:45-07,22012,6641,14925998,1,312529,49.26823425292969,-123.2470474243164,16.6466,216,12.855953425190336
2026-05-23 00:00:00,2026-05-23 07:13:59.901067-07,2026-05-23 07:13:31-07,23002,6641,14926002,1,312530,49.26238250732422,-123.07123565673828,0.6222,14,40.24890029366157
2026-05-23 00:00:00,2026-05-23 07:13:59.901067-07,2026-05-23 07:13:31-07,24007,6641,14925852,0,312527,49.264251708984375,-123.17911529541016,5.3215,64,51.60640466310748
2026-05-23 00:00:00,2026-05-23 07:14:30.382245-07,2026-05-23 07:13:43-07,15019,6641,14925999,1,312529,49.268333435058594,-123.24713134765625,16.685,217,13.924191822805016
2026-05-23 00:00:00,2026-05-23 07:14:30.382245-07,2026-05-23 07:14:06-07,16201,6641,14926001,1,312529,49.26303482055664,-123.10421752929688,5.9664,105,48.4899253400134
2026-05-23 00:00:00,2026-05-23 07:14:30.382245-07,2026-05-23 07:14:05-07,16222,6641,14925851,0,312527,49.262332916259766,-123.07144927978516,13.1927,143,24.53245027376405
2026-05-23 00:00:00,2026-05-23 07:14:30.382245-07,2026-05-23 07:13:42-07,19026,6641,14926000,1,312530,49.26369857788086,-123.149169921875,6.1863,73,74.74561477014187
2026-05-23 00:00:00,2026-05-23 07:14:30.382245-07,2026-05-23 07:06:45-07,22012,6641,14925998,1,312529,49.26823425292969,-123.2470474243164,16.6466,216,12.855953425190336
2026-05-23 00:00:00,2026-05-23 07:14:30.382245-07,2026-05-23 07:14:01-07,23002,6641,14926002,1,312530,49.262451171875,-123.07676696777344,0.9818,18,7.832855217256459
2026-05-23 00:00:00,2026-05-23 07:14:30.382245-07,2026-05-23 07:13:52-07,24005,6641,14926003,1,312529,49.26525115966797,-123.02535247802734,0.0428,2,13.19516885641799
2026-05-23 00:00:00,2026-05-23 07:14:30.382245-07,2026-05-23 07:14:00-07,24007,6641,14925852,0,312527,49.26416778564453,-123.17416381835938,5.7462,67,12.4086013133829
2026-05-23 00:00:00,2026-05-23 07:15:00.909909-07,2026-05-23 07:14:13-07,15019,6641,14925999,1,312529,49.268184661865234,-123.24798583984375,16.8243,226,49.10898842457587
2026-05-23 00:00:00,2026-05-23 07:15:00.909909-07,2026-05-23 07:14:16-07,16201,6641,14926001,1,312529,49.2630500793457,-123.10531616210938,5.9663,104,31.45723338083351
2026-05-23 00:00:00,2026-05-23 07:15:00.909909-07,2026-05-23 07:14:32-07,16222,6641,14925851,0,312527,49.26266860961914,-123.0697021484375,13.3925,145,17.69077782803092
2026-05-23 00:00:00,2026-05-23 07:15:00.909909-07,2026-05-23 07:14:13-07,19026,6641,14926000,1,312530,49.26374816894531,-123.15206909179688,6.4926,76,21.27333717764124
2026-05-23 00:00:00,2026-05-23 07:15:00.909909-07,2026-05-23 07:06:45-07,22012,6641,14925998,1,312529,49.26823425292969,-123.2470474243164,16.6466,216,12.855953425190336
2026-05-23 00:00:00,2026-05-23 07:15:00.909909-07,2026-05-23 07:14:32-07,23002,6641,14926002,1,312530,49.262481689453125,-123.077880859375,1.0471,20,21.151380073069472
2026-05-23 00:00:00,2026-05-23 07:15:00.909909-07,2026-05-23 07:14:22-07,24005,6641,14926003,1,312529,49.2651481628418,-123.02559661865234,0.0428,2,10.643516044951856
2026-05-23 00:00:00,2026-05-23 07:15:00.909909-07,2026-05-23 07:14:31-07,24007,6641,14925852,0,312527,49.26409912109375,-123.16996765136719,6.0317,71,7.6655763298065835
2026-05-23 00:00:00,2026-05-23 07:15:31.46505-07,2026-05-23 07:14:13-07,15019,6641,14925999,1,312529,49.268184661865234,-123.24798583984375,16.8243,226,49.10898842457587
2026-05-23 00:00:00,2026-05-23 07:15:31.46505-07,2026-05-23 07:14:46-07,16201,6641,14926001,1,312529,49.26316833496094,-123.10968017578125,6.3015,108,15.216158333873274
2026-05-23 00:00:00,2026-05-23 07:15:31.46505-07,2026-05-23 07:15:02-07,16222,6641,14925851,0,312527,49.26336669921875,-123.06964874267578,13.4386,148,17.672303302006178
2026-05-23 00:00:00,2026-05-23 07:15:31.46505-07,2026-05-23 07:15:10-07,19026,6641,14926000,1,312530,49.26388168334961,-123.15470123291016,6.7076,79,43.436808616679556
2026-05-23 00:00:00,2026-05-23 07:15:31.46505-07,2026-05-23 07:06:45-07,22012,6641,14925998,1,312529,49.26823425292969,-123.2470474243164,16.6466,216,12.855953425190336
2026-05-23 00:00:00,2026-05-23 07:15:31.46505-07,2026-05-23 07:14:58-07,23002,6641,14926002,1,312530,49.26243209838867,-123.07891845703125,1.0471,20,94.10573507914904
2026-05-23 00:00:00,2026-05-23 07:15:31.46505-07,2026-05-23 07:14:51-07,24005,6641,14926003,1,312529,49.26279830932617,-123.02958679199219,0.4898,15,45.58115186060355
2026-05-23 00:00:00,2026-05-23 07:15:31.46505-07,2026-05-23 07:15:00-07,24007,6641,14925852,0,312527,49.2640495300293,-123.1686019897461,6.171,72,32.25051834329666
2026-05-23 00:00:00,2026-05-23 07:16:02.152891-07,2026-05-23 07:14:13-07,15019,6641,14925999,1,312529,49.268184661865234,-123.24798583984375,16.8243,226,49.10898842457587
2026-05-23 00:00:00,2026-05-23 07:16:02.152891-07,2026-05-23 07:15:46-07,16201,6641,14926001,1,312529,49.263267517089844,-123.11443328857422,6.687,112,25.991670531919645
2026-05-23 00:00:00,2026-05-23 07:16:02.152891-07,2026-05-23 07:15:36-07,16222,6641,14926004,1,312530,49.26319885253906,-123.0685806274414,0.3869,8,92.72469950915095
2026-05-23 00:00:00,2026-05-23 07:16:02.152891-07,2026-05-23 07:15:40-07,19026,6641,14926000,1,312530,49.26396560668945,-123.15985107421875,7.0508,81,12.089905224470545
2026-05-23 00:00:00,2026-05-23 07:16:02.152891-07,2026-05-23 07:15:50-07,22012,6641,14925853,0,312527,49.26738357543945,-123.24690246582031,0.1448,2,31.979706018318705
2026-05-23 00:00:00,2026-05-23 07:16:02.152891-07,2026-05-23 07:15:28-07,23002,6641,14926002,1,312530,49.26246643066406,-123.0840835571289,1.4619,23,55.334892413007964
2026-05-23 00:00:00,2026-05-23 07:16:02.152891-07,2026-05-23 07:15:50-07,24005,6641,14926003,1,312529,49.262001037597656,-123.0341796875,0.7961,27,17.194759952197582
2026-05-23 00:00:00,2026-05-23 07:16:02.152891-07,2026-05-23 07:15:45-07,24007,6641,14925852,0,312527,49.264034271240234,-123.16699981689453,6.2929,73,37.325055496161575
2026-05-23 00:00:00,2026-05-23 07:16:32.705066-07,2026-05-23 07:14:13-07,15019,6641,14925999,1,312529,49.268184661865234,-123.24798583984375,16.8243,226,49.10898842457587
2026-05-23 00:00:00,2026-05-23 07:16:32.705066-07,2026-05-23 07:16:14-07,16201,6641,14926001,1,312529,49.263267517089844,-123.11475372314453,6.687,112,7.27915997291761
2026-05-23 00:00:00,2026-05-23 07:16:32.705066-07,2026-05-23 07:16:06-07,16222,6641,14926004,1,312530,49.26318359375,-123.0685806274414,0.3869,8,91.02808397105554
2026-05-23 00:00:00,2026-05-23 07:16:32.705066-07,2026-05-23 07:16:10-07,19026,6641,14926000,1,312530,49.2640495300293,-123.16473388671875,7.3877,83,6.950281659167826
2026-05-23 00:00:00,2026-05-23 07:16:32.705066-07,2026-05-23 07:16:17-07,22012,6641,14925853,0,312527,49.26750183105469,-123.24673461914062,0.1448,2,14.073050315884739
2026-05-23 00:00:00,2026-05-23 07:16:32.705066-07,2026-05-23 07:15:59-07,23002,6641,14926002,1,312530,49.262550354003906,-123.08899688720703,1.885,26,12.578293104067534
2026-05-23 00:00:00,2026-05-23 07:16:32.705066-07,2026-05-23 07:16:06-07,24005,6641,14926003,1,312529,49.262001037597656,-123.03451538085938,0.7961,27,38.90665194134878
2026-05-23 00:00:00,2026-05-23 07:16:32.705066-07,2026-05-23 07:16:13-07,24007,6641,14925852,0,312527,49.26398468017578,-123.1628646850586,6.5897,75,32.99384600879908
2026-05-23 00:00:00,2026-05-23 07:17:03.322818-07,2026-05-23 07:14:13-07,15019,6641,14925999,1,312529,49.268184661865234,-123.24798583984375,16.8243,226,49.10898842457587
2026-05-23 00:00:00,2026-05-23 07:17:03.322818-07,2026-05-23 07:16:45-07,16201,6641,14926001,1,312529,49.2633171081543,-123.11641693115234,6.8867,115,80.39021024603556
2026-05-23 00:00:00,2026-05-23 07:17:03.322818-07,2026-05-23 07:16:37-07,16222,6641,14926004,1,312530,49.26319885253906,-123.0685806274414,0.3869,8,92.72469950915095
2026-05-23 00:00:00,2026-05-23 07:17:03.322818-07,2026-05-23 07:16:41-07,19026,6641,14926000,1,312530,49.26411819458008,-123.16744995117188,7.644,85,51.697905931549045
2026-05-23 00:00:00,2026-05-23 07:17:03.322818-07,2026-05-23 07:16:47-07,22012,6641,14925853,0,312527,49.26653289794922,-123.24568176269531,0.294,3,14.74583647732365
2026-05-23 00:00:00,2026-05-23 07:17:03.322818-07,2026-05-23 07:16:36-07,23002,6641,14926002,1,312530,49.26253128051758,-123.09031677246094,2.024,27,52.97065207999846
2026-05-23 00:00:00,2026-05-23 07:17:03.322818-07,2026-05-23 07:16:37-07,24005,6641,14926003,1,312529,49.2619514465332,-123.04025268554688,1.242,32,10.522607574617219
2026-05-23 00:00:00,2026-05-23 07:17:03.322818-07,2026-05-23 07:16:44-07,24007,6641,14925852,0,312527,49.26395034790039,-123.1607666015625,6.7642,76,54.6957458342308
2026-05-23 00:00:00,2026-05-23 07:17:33.814318-07,2026-05-23 07:14:13-07,15019,6641,14925999,1,312529,49.268184661865234,-123.24798583984375,16.8243,226,49.10898842457587
2026-05-23 00:00:00,2026-05-23 07:17:33.814318-07,2026-05-23 07:17:10-07,16201,6641,14926001,1,312529,49.2633171081543,-123.11654663085938,6.8867,115,71.02468171966353
2026-05-23 00:00:00,2026-05-23 07:17:33.814318-07,2026-05-23 07:17:06-07,16222,6641,14926004,1,312530,49.26319885253906,-123.0685806274414,0.3869,8,92.72469950915095
2026-05-23 00:00:00,2026-05-23 07:17:33.814318-07,2026-05-23 07:17:00-07,19026,6641,14926000,1,312530,49.26409912109375,-123.16788482666016,7.644,85,20.080243868516106
2026-05-23 00:00:00,2026-05-23 07:17:33.814318-07,2026-05-23 07:17:17-07,22012,6641,14925853,0,312527,49.26641845703125,-123.24486541748047,0.3841,6,23.187616031314686
2026-05-23 00:00:00,2026-05-23 07:17:33.814318-07,2026-05-23 07:17:06-07,23002,6641,14926002,1,312530,49.26256561279297,-123.09503173828125,2.3085,31,7.714300189657924
2026-05-23 00:00:00,2026-05-23 07:17:33.814318-07,2026-05-23 07:17:09-07,24005,6641,14926003,1,312529,49.26205062866211,-123.04605102539062,1.7453,38,71.96924174764426
2026-05-23 00:00:00,2026-05-23 07:17:33.814318-07,2026-05-23 07:17:15-07,24007,6641,14925852,0,312527,49.263851165771484,-123.15550231933594,7.1074,78,14.793971190193192
2026-05-23 00:00:00,2026-05-23 07:18:04.493377-07,2026-05-23 07:14:13-07,15019,6641,14925999,1,312529,49.268184661865234,-123.24798583984375,16.8243,226,49.10898842457587
2026-05-23 00:00:00,2026-05-23 07:18:04.493377-07,2026-05-23 07:17:39-07,16201,6641,14926001,1,312529,49.26333236694336,-123.11849975585938,6.8868,116,71.61057553309878
2026-05-23 00:00:00,2026-05-23 07:18:04.493377-07,2026-05-23 07:17:37-07,16222,6641,14926004,1,312530,49.26319885253906,-123.0685806274414,0.3869,8,92.72469950915095
2026-05-23 00:00:00,2026-05-23 07:18:04.493377-07,2026-05-23 07:17:30-07,19026,6641,14926000,1,312530,49.26411819458008,-123.1695327758789,7.7832,86,39.292401764283404
2026-05-23 00:00:00,2026-05-23 07:18:04.493377-07,2026-05-23 07:17:47-07,22012,6641,14925853,0,312527,49.266868591308594,-123.24189758300781,0.5494,9,33.11066167968488
2026-05-23 00:00:00,2026-05-23 07:18:04.493377-07,2026-05-23 07:17:43-07,23002,6641,14926002,1,312530,49.262882232666016,-123.09778594970703,2.4628,35,56.765186061311276
2026-05-23 00:00:00,2026-05-23 07:18:04.493377-07,2026-05-23 07:17:49-07,24005,6641,14926003,1,312529,49.26206588745117,-123.05259704589844,2.1218,44,28.839516803974462
2026-05-23 00:00:00,2026-05-23 07:18:04.493377-07,2026-05-23 07:17:44-07,24007,6641,14925852,0,312527,49.263816833496094,-123.15454864501953,7.1074,78,54.669212345229965
2026-05-23 00:00:00,2026-05-23 07:18:35.054798-07,2026-05-23 07:14:13-07,15019,6641,14925999,1,312529,49.268184661865234,-123.24798583984375,16.8243,226,49.10898842457587
2026-05-23 00:00:00,2026-05-23 07:18:35.054798-07,2026-05-23 07:18:09-07,16201,6641,14926001,1,312529,49.26335144042969,-123.12208557128906,7.1997,118,19.71891681422741
2026-05-23 00:00:00,2026-05-23 07:18:35.054798-07,2026-05-23 07:18:06-07,16222,6641,14926004,1,312530,49.26321792602539,-123.068603515625,0.3869,8,94.87605617428922
2026-05-23 00:00:00,2026-05-23 07:18:35.054798-07,2026-05-23 07:18:00-07,19026,6641,14926000,1,312530,49.264217376708984,-123.17465209960938,8.0687,89,48.06864583759734
2026-05-23 00:00:00,2026-05-23 07:18:35.054798-07,2026-05-23 07:18:01-07,22012,6641,14925853,0,312527,49.266883850097656,-123.24171447753906,0.6275,10,31.582765018590113
2026-05-23 00:00:00,2026-05-23 07:18:35.054798-07,2026-05-23 07:18:12-07,23002,6641,14926002,1,312530,49.26293182373047,-123.10154724121094,2.7564,42,36.487366525951884
2026-05-23 00:00:00,2026-05-23 07:18:35.054798-07,2026-05-23 07:18:19-07,24005,6641,14926003,1,312529,49.262298583984375,-123.05706787109375,2.4786,53,8.968256318662995
2026-05-23 00:00:00,2026-05-23 07:18:35.054798-07,2026-05-23 07:18:14-07,24007,6641,14925852,0,312527,49.26374816894531,-123.15321350097656,7.2793,79,21.56931422569414
2026-05-23 00:00:00,2026-05-23 07:19:05.663742-07,2026-05-23 07:14:13-07,15019,6641,14925999,1,312529,49.268184661865234,-123.24798583984375,16.8243,226,49.10898842457587
2026-05-23 00:00:00,2026-05-23 07:19:05.663742-07,2026-05-23 07:18:39-07,16201,6641,14926001,1,312529,49.26340103149414,-123.12265014648438,7.1997,118,61.03077540072626
2026-05-23 00:00:00,2026-05-23 07:19:05.663742-07,2026-05-23 07:18:36-07,16222,6641,14926004,1,312530,49.26319885253906,-123.0685806274414,0.3869,8,92.72469950915095
2026-05-23 00:00:00,2026-05-23 07:19:05.663742-07,2026-05-23 07:18:30-07,19026,6641,14926000,1,312530,49.26430130004883,-123.18022918701172,8.4936,94,29.39052348504487
2026-05-23 00:00:00,2026-05-23 07:19:05.663742-07,2026-05-23 07:18:32-07,22012,6641,14925853,0,312527,49.266082763671875,-123.23643493652344,0.9528,22,44.61066275543803
2026-05-23 00:00:00,2026-05-23 07:19:05.663742-07,2026-05-23 07:18:39-07,23002,6641,14926002,1,312530,49.2630500793457,-123.10530090332031,3.0362,44,30.3588440621358
2026-05-23 00:00:00,2026-05-23 07:19:05.663742-07,2026-05-23 07:18:38-07,24005,6641,14926003,1,312529,49.2623176574707,-123.0575180053711,2.5055,56,11.623198455249266
2026-05-23 00:00:00,2026-05-23 07:19:05.663742-07,2026-05-23 07:18:45-07,24007,6641,14925852,0,312527,49.26369857788086,-123.15032958984375,7.4537,82,18.051456979693032
2026-05-23 00:00:00,2026-05-23 07:19:36.15346-07,2026-05-23 07:14:13-07,15019,6641,14925999,1,312529,49.268184661865234,-123.24798583984375,16.8243,226,49.10898842457587
2026-05-23 00:00:00,2026-05-23 07:19:36.15346-07,2026-05-23 07:19:07-07,16201,6641,14926001,1,312529,49.263465881347656,-123.125,7.3713,119,60.775122222554586
2026-05-23 00:00:00,2026-05-23 07:19:36.15346-07,2026-05-23 07:19:07-07,16222,6641,14926004,1,312530,49.26319885253906,-123.0685806274414,0.3869,8,92.72469950915095
2026-05-23 00:00:00,2026-05-23 07:19:36.15346-07,2026-05-23 07:19:00-07,19026,6641,14926000,1,312530,49.26435089111328,-123.18511962890625,8.9343,97,55.142785492701954
2026-05-23 00:00:00,2026-05-23 07:19:36.15346-07,2026-05-23 07:19:02-07,22012,6641,14925853,0,312527,49.26358413696289,-123.23131561279297,1.4725,33,4.945773369225008
2026-05-23 00:00:00,2026-05-23 07:19:36.15346-07,2026-05-23 07:19:10-07,23002,6641,14926002,1,312530,49.26318359375,-123.1102294921875,3.4784,49,52.66693405933412
2026-05-23 00:00:00,2026-05-23 07:19:36.15346-07,2026-05-23 07:19:09-07,24005,6641,14926003,1,312529,49.262298583984375,-123.06311798095703,2.9701,60,51.311552219572306
2026-05-23 00:00:00,2026-05-23 07:19:36.15346-07,2026-05-23 07:19:15-07,24007,6641,14925852,0,312527,49.2636833190918,-123.14824676513672,7.6286,84,10.018384994917833
2026-05-23 00:00:00,2026-05-23 07:20:06.853311-07,2026-05-23 07:14:13-07,15019,6641,14925999,1,312529,49.268184661865234,-123.24798583984375,16.8243,226,49.10898842457587
2026-05-23 00:00:00,2026-05-23 07:20:06.853311-07,2026-05-23 07:19:40-07,16201,6641,14926001,1,312529,49.26350021362305,-123.12677001953125,7.5492,120,15.160409011494044
2026-05-23 00:00:00,2026-05-23 07:20:06.853311-07,2026-05-23 07:19:37-07,16222,6641,14926004,1,312530,49.26319885253906,-123.0685806274414,0.3869,8,92.72469950915095
2026-05-23 00:00:00,2026-05-23 07:20:06.853311-07,2026-05-23 07:19:30-07,19026,6641,14926000,1,312530,49.26411819458008,-123.18595123291016,8.9822,98,20.446999242720885
2026-05-23 00:00:00,2026-05-23 07:20:06.853311-07,2026-05-23 07:19:31-07,22012,6641,14925853,0,312527,49.263633728027344,-123.2247314453125,1.5845,36,365.80079496067043
2026-05-23 00:00:00,2026-05-23 07:20:06.853311-07,2026-05-23 07:19:40-07,23002,6641,14926002,1,312530,49.26321792602539,-123.11260223388672,3.6196,50,21.445373639454665
2026-05-23 00:00:00,2026-05-23 07:20:06.853311-07,2026-05-23 07:19:39-07,24005,6641,14926003,1,312529,49.26240158081055,-123.06836700439453,3.317,68,15.141892812873168
2026-05-23 00:00:00,2026-05-23 07:20:06.853311-07,2026-05-23 07:19:44-07,24007,6641,14925852,0,312527,49.263648986816406,-123.14366912841797,7.9729,86,18.569473026027566
2026-05-23 00:00:00,2026-05-23 07:20:37.37392-07,2026-05-23 07:14:13-07,15019,6641,14925999,1,312529,49.268184661865234,-123.24798583984375,16.8243,226,49.10898842457587
2026-05-23 00:00:00,2026-05-23 07:20:37.37392-07,2026-05-23 07:20:09-07,16201,6641,14926001,1,312529,49.26350021362305,-123.13056945800781,7.895,122,57.973229017525746
2026-05-23 00:00:00,2026-05-23 07:20:37.37392-07,2026-05-23 07:20:07-07,16222,6641,14926004,1,312530,49.26319885253906,-123.0685806274414,0.3869,8,92.72469950915095
2026-05-23 00:00:00,2026-05-23 07:20:37.37392-07,2026-05-23 07:20:03-07,19026,6641,14926000,1,312530,49.26356887817383,-123.18596649169922,9.0331,99,10.962905920442875
2026-05-23 00:00:00,2026-05-23 07:20:37.37392-07,2026-05-23 07:20:01-07,22012,6641,14925853,0,312527,49.26380157470703,-123.21826934814453,2.5945,37,171.90542121390402
2026-05-23 00:00:00,2026-05-23 07:20:37.37392-07,2026-05-23 07:20:07-07,23002,6641,14926002,1,312530,49.263267517089844,-123.1143798828125,3.757,52,29.739843780436964
2026-05-23 00:00:00,2026-05-23 07:20:37.37392-07,2026-05-23 07:20:08-07,24005,6641,14926003,1,312529,49.26241683959961,-123.06871795654297,3.317,68,12.314116193624818
2026-05-23 00:00:00,2026-05-23 07:20:37.37392-07,2026-05-23 07:20:14-07,24007,6641,14925852,0,312527,49.26358413696289,-123.14141845703125,8.1467,87,28.598954750481216
2026-05-23 00:00:00,2026-05-23 07:21:08.202945-07,2026-05-23 07:14:13-07,15019,6641,14925999,1,312529,49.268184661865234,-123.24798583984375,16.8243,226,49.10898842457587
2026-05-23 00:00:00,2026-05-23 07:21:08.202945-07,2026-05-23 07:20:40-07,16201,6641,14926001,1,312529,49.2635498046875,-123.13442993164062,8.0662,123,51.621740228742674
2026-05-23 00:00:00,2026-05-23 07:21:08.202945-07,2026-05-23 07:20:37-07,16222,6641,14926004,1,312530,49.26321792602539,-123.06856536865234,0.3869,8,94.8412390386356
2026-05-23 00:00:00,2026-05-23 07:21:08.202945-07,2026-05-23 07:20:32-07,19026,6641,14926000,1,312530,49.2635498046875,-123.1891860961914,9.1727,100,99.58185727018788
2026-05-23 00:00:00,2026-05-23 07:21:08.202945-07,2026-05-23 07:20:31-07,22012,6641,14925853,0,312527,49.26388168334961,-123.21234893798828,2.8717,43,15.96049367653846
2026-05-23 00:00:00,2026-05-23 07:21:08.202945-07,2026-05-23 07:20:40-07,23002,6641,14926002,1,312530,49.263267517089844,-123.11457061767578,3.757,52,16.623495750630777
2026-05-23 00:00:00,2026-05-23 07:21:08.202945-07,2026-05-23 07:20:39-07,24005,6641,14926003,1,312529,49.26241683959961,-123.06871795654297,3.317,68,12.314116193624818
2026-05-23 00:00:00,2026-05-23 07:21:08.202945-07,2026-05-23 07:20:45-07,24007,6641,14925852,0,312527,49.26358413696289,-123.14119720458984,8.1467,87,12.789259427960094
2026-05-23 00:00:00,2026-05-23 07:21:38.71577-07,2026-05-23 07:14:13-07,15019,6641,14925999,1,312529,49.268184661865234,-123.24798583984375,16.8243,226,49.10898842457587
2026-05-23 00:00:00,2026-05-23 07:21:38.71577-07,2026-05-23 07:21:11-07,16201,6641,14926001,1,312529,49.26348114013672,-123.1357650756836,8.2388,125,25.019552160294253
2026-05-23 00:00:00,2026-05-23 07:21:38.71577-07,2026-05-23 07:20:37-07,16222,6641,14926004,1,312530,49.26321792602539,-123.06856536865234,0.3869,8,94.8412390386356
2026-05-23 00:00:00,2026-05-23 07:21:38.71577-07,2026-05-23 07:21:05-07,19026,6641,14926000,1,312530,49.26361846923828,-123.19398498535156,9.6168,103,5.25959088947249
2026-05-23 00:00:00,2026-05-23 07:21:38.71577-07,2026-05-23 07:21:13-07,22012,6641,14925853,0,312527,49.263816833496094,-123.20816802978516,3.0906,44,69.18344330443028
2026-05-23 00:00:00,2026-05-23 07:21:38.71577-07,2026-05-23 07:21:11-07,23002,6641,14926002,1,312530,49.26333236694336,-123.11648559570312,3.9567,55,75.61725118205305
2026-05-23 00:00:00,2026-05-23 07:21:38.71577-07,2026-05-23 07:21:10-07,24005,6641,14926003,1,312529,49.26241683959961,-123.06871795654297,3.317,68,12.314116193624818
2026-05-23 00:00:00,2026-05-23 07:21:38.71577-07,2026-05-23 07:21:16-07,24007,6641,14925852,0,312527,49.2635498046875,-123.13993072509766,8.2755,89,49.157045572769945
2026-05-23 00:00:00,2026-05-23 07:22:09.407414-07,2026-05-23 07:14:13-07,15019,6641,14925999,1,312529,49.268184661865234,-123.24798583984375,16.8243,226,49.10898842457587
2026-05-23 00:00:00,2026-05-23 07:22:09.407414-07,2026-05-23 07:21:40-07,16201,6641,14926001,1,312529,49.26351547241211,-123.13626861572266,8.2387,124,13.942341536602331
2026-05-23 00:00:00,2026-05-23 07:22:09.407414-07,2026-05-23 07:20:37-07,16222,6641,14926004,1,312530,49.26321792602539,-123.06856536865234,0.3869,8,94.8412390386356
2026-05-23 00:00:00,2026-05-23 07:22:09.407414-07,2026-05-23 07:21:33-07,19026,6641,14926000,1,312530,49.26369857788086,-123.19938659667969,10.0661,108,50.388308925242775
2026-05-23 00:00:00,2026-05-23 07:22:09.407414-07,2026-05-23 07:21:42-07,22012,6641,14925853,0,312527,49.26371765136719,-123.20258331298828,3.5355,47,31.162152700658773
2026-05-23 00:00:00,2026-05-23 07:22:09.407414-07,2026-05-23 07:21:39-07,23002,6641,14926002,1,312530,49.26333236694336,-123.11650085449219,3.9567,55,74.51828431374683
2026-05-23 00:00:00,2026-05-23 07:22:09.407414-07,2026-05-23 07:21:39-07,24005,6641,14926003,1,312529,49.26241683959961,-123.06871795654297,3.317,68,12.314116193624818
2026-05-23 00:00:00,2026-05-23 07:22:09.407414-07,2026-05-23 07:21:44-07,24007,6641,14925852,0,312527,49.2635498046875,-123.13993072509766,8.2755,89,49.157045572769945
2026-05-23 00:00:00,2026-05-23 07:22:39.98417-07,2026-05-23 07:14:13-07,15019,6641,14925999,1,312529,49.268184661865234,-123.24798583984375,16.8243,226,49.10898842457587
2026-05-23 00:00:00,2026-05-23 07:22:39.98417-07,2026-05-23 07:22:10-07,16201,6641,14926001,1,312529,49.26358413696289,-123.13822937011719,8.4189,127,24.142876753487712
2026-05-23 00:00:00,2026-05-23 07:22:39.98417-07,2026-05-23 07:22:06-07,16222,6641,14926004,1,312530,49.26321792602539,-123.068603515625,0.3869,8,94.87605617428922
2026-05-23 00:00:00,2026-05-23 07:22:39.98417-07,2026-05-23 07:22:04-07,19026,6641,14926000,1,312530,49.2637825012207,-123.20481872558594,10.5037,112,92.25270858211383
2026-05-23 00:00:00,2026-05-23 07:22:39.98417-07,2026-05-23 07:22:13-07,22012,6641,14925853,0,312527,49.26361846923828,-123.19605255126953,4.0712,52,28.84884249868741
2026-05-23 00:00:00,2026-05-23 07:22:39.98417-07,2026-05-23 07:22:10-07,23002,6641,14926002,1,312530,49.26333236694336,-123.11650085449219,3.9567,55,74.51828431374683
2026-05-23 00:00:00,2026-05-23 07:22:39.98417-07,2026-05-23 07:22:08-07,24005,6641,14926003,1,312529,49.26241683959961,-123.0689697265625,3.3463,70,11.029194101580895
2026-05-23 00:00:00,2026-05-23 07:22:39.98417-07,2026-05-23 07:22:09-07,24007,6641,14925852,0,312527,49.26356887817383,-123.13966369628906,8.2755,89,29.66504234041692
2026-05-23 00:00:00,2026-05-23 07:23:10.500902-07,2026-05-23 07:14:13-07,15019,6641,14925999,1,312529,49.268184661865234,-123.24798583984375,16.8243,226,49.10898842457587
2026-05-23 00:00:00,2026-05-23 07:23:10.500902-07,2026-05-23 07:22:39-07,16201,6641,14926001,1,312529,49.26358413696289,-123.13822937011719,8.4189,127,24.142876753487712
2026-05-23 00:00:00,2026-05-23 07:23:10.500902-07,2026-05-23 07:22:36-07,16222,6641,14926004,1,312530,49.26319885253906,-123.068603515625,0.3869,8,92.75598177091685
2026-05-23 00:00:00,2026-05-23 07:23:10.500902-07,2026-05-23 07:22:40-07,19026,6641,14926000,1,312530,49.26388168334961,-123.21088409423828,10.9433,114,90.33449335267295
2026-05-23 00:00:00,2026-05-23 07:23:10.500902-07,2026-05-23 07:22:43-07,22012,6641,14925853,0,312527,49.26353454589844,-123.18956756591797,4.422,56,92.45879141646301
2026-05-23 00:00:00,2026-05-23 07:23:10.500902-07,2026-05-23 07:22:40-07,23002,6641,14926002,1,312530,49.26333236694336,-123.11648559570312,3.9567,55,75.61725118205305
2026-05-23 00:00:00,2026-05-23 07:23:10.500902-07,2026-05-23 07:22:37-07,24005,6641,14926003,1,312529,49.26238250732422,-123.06951904296875,3.3734,72,15.279084500930159
2026-05-23 00:00:00,2026-05-23 07:23:10.500902-07,2026-05-23 07:22:38-07,24007,6641,14925852,0,312527,49.26358413696289,-123.138916015625,8.2755,89,24.778187957015003
2026-05-23 00:00:00,2026-05-23 07:23:41.080565-07,2026-05-23 07:14:13-07,15019,6641,14925999,1,312529,49.268184661865234,-123.24798583984375,16.8243,226,49.10898842457587
2026-05-23 00:00:00,2026-05-23 07:23:41.080565-07,2026-05-23 07:23:10-07,16201,6641,14926001,1,312529,49.2636833190918,-123.13951873779297,8.4695,128,21.33055662928793
2026-05-23 00:00:00,2026-05-23 07:23:41.080565-07,2026-05-23 07:23:07-07,16222,6641,14926004,1,312530,49.26321792602539,-123.0685806274414,0.3869,8,94.84547317719102
2026-05-23 00:00:00,2026-05-23 07:23:41.080565-07,2026-05-23 07:23:09-07,19026,6641,14926000,1,312530,49.26395034790039,-123.214599609375,11.1454,117,22.26663095333344
2026-05-23 00:00:00,2026-05-23 07:23:41.080565-07,2026-05-23 07:23:12-07,22012,6641,14925853,0,312527,49.26350021362305,-123.1861343383789,4.7818,58,17.282161010007993
2026-05-23 00:00:00,2026-05-23 07:23:41.080565-07,2026-05-23 07:23:11-07,23002,6641,14926002,1,312530,49.26333236694336,-123.11650085449219,3.9567,55,74.51828431374683
2026-05-23 00:00:00,2026-05-23 07:23:41.080565-07,2026-05-23 07:23:08-07,24005,6641,14926003,1,312529,49.26238250732422,-123.07406616210938,3.6876,75,30.601066347157637
2026-05-23 00:00:00,2026-05-23 07:23:41.080565-07,2026-05-23 07:23:09-07,24007,6641,14925852,0,312527,49.2635498046875,-123.13663482666016,8.5063,93,39.62339142760451
2026-05-23 00:00:00,2026-05-23 07:24:11.710111-07,2026-05-23 07:14:13-07,15019,6641,14925999,1,312529,49.268184661865234,-123.24798583984375,16.8243,226,49.10898842457587
2026-05-23 00:00:00,2026-05-23 07:24:11.710111-07,2026-05-23 07:23:40-07,16201,6641,14926001,1,312529,49.2636833190918,-123.14019775390625,8.5982,129,60.59269726693494
2026-05-23 00:00:00,2026-05-23 07:24:11.710111-07,2026-05-23 07:23:37-07,16222,6641,14926004,1,312530,49.26319885253906,-123.06856536865234,0.3869,8,92.72036852240318
2026-05-23 00:00:00,2026-05-23 07:24:11.710111-07,2026-05-23 07:23:40-07,19026,6641,14926000,1,312530,49.263916015625,-123.21704864501953,11.2204,120,83.53679035802209
2026-05-23 00:00:00,2026-05-23 07:24:11.710111-07,2026-05-23 07:23:43-07,22012,6641,14925853,0,312527,49.264198303222656,-123.18579864501953,4.8807,60,19.96234048988606
2026-05-23 00:00:00,2026-05-23 07:24:11.710111-07,2026-05-23 07:23:41-07,23002,6641,14926002,1,312530,49.26333236694336,-123.11651611328125,3.9567,55,73.41956602620004
2026-05-23 00:00:00,2026-05-23 07:24:11.710111-07,2026-05-23 07:23:37-07,24005,6641,14926003,1,312529,49.262481689453125,-123.07849884033203,3.9771,80,64.31617371576907
2026-05-23 00:00:00,2026-05-23 07:24:11.710111-07,2026-05-23 07:23:39-07,24007,6641,14925852,0,312527,49.26348114013672,-123.13269805908203,8.6788,94,74.28162167744225
2026-05-23 00:00:00,2026-05-23 07:24:42.314924-07,2026-05-23 07:24:22-07,16201,6641,14926001,1,312529,49.26371765136719,-123.1407470703125,8.5982,129,23.291614050234486
2026-05-23 00:00:00,2026-05-23 07:24:42.314924-07,2026-05-23 07:24:06-07,16222,6641,14926004,1,312530,49.26321792602539,-123.0685806274414,0.3869,8,94.84547317719102
2026-05-23 00:00:00,2026-05-23 07:24:42.314924-07,2026-05-23 07:24:08-07,19026,6641,14926000,1,312530,49.26380157470703,-123.22221374511719,11.2204,120,458.44416027832773
2026-05-23 00:00:00,2026-05-23 07:24:42.314924-07,2026-05-23 07:24:11-07,22012,6641,14925853,0,312527,49.26430130004883,-123.1846694946289,5.0332,61,64.29703555212403
2026-05-23 00:00:00,2026-05-23 07:24:42.314924-07,2026-05-23 07:24:09-07,23002,6641,14926002,1,312530,49.2633171081543,-123.11651611328125,3.9567,55,73.2272741751944
2026-05-23 00:00:00,2026-05-23 07:24:42.314924-07,2026-05-23 07:23:58-07,24005,6641,14926003,1,312529,49.26243209838867,-123.0789794921875,4.1725,81,96.34977067637506
2026-05-23 00:00:00,2026-05-23 07:24:42.314924-07,2026-05-23 07:24:07-07,24007,6641,14925852,0,312527,49.263450622558594,-123.12767028808594,9.1958,97,76.44668189726129
2026-05-23 00:00:00,2026-05-23 07:25:12.92095-07,2026-05-23 07:24:27-07,15019,6641,14925854,0,312527,49.267433166503906,-123.24687957763672,0.1448,2,27.01131763912611
2026-05-23 00:00:00,2026-05-23 07:25:12.92095-07,2026-05-23 07:24:48-07,16201,6641,14926001,1,312529,49.26371765136719,-123.14298248291016,8.7721,131,31.91798025744988
2026-05-23 00:00:00,2026-05-23 07:25:12.92095-07,2026-05-23 07:24:06-07,16222,6641,14926004,1,312530,49.26321792602539,-123.0685806274414,0.3869,8,94.84547317719102
2026-05-23 00:00:00,2026-05-23 07:25:12.92095-07,2026-05-23 07:24:40-07,19026,6641,14926000,1,312530,49.2636833190918,-123.22750091552734,12.2434,121,177.57439138223586
2026-05-23 00:00:00,2026-05-23 07:25:12.92095-07,2026-05-23 07:24:30-07,22012,6641,14925853,0,312527,49.26431655883789,-123.18423461914062,5.0332,61,32.69703278442191
2026-05-23 00:00:00,2026-05-23 07:25:12.92095-07,2026-05-23 07:24:40-07,23002,6641,14926002,1,312530,49.2633171081543,-123.11650085449219,3.9567,55,74.32883528603996
2026-05-23 00:00:00,2026-05-23 07:25:12.92095-07,2026-05-23 07:24:30-07,24005,6641,14926003,1,312529,49.26246643066406,-123.08394622802734,4.3919,83,45.385448081496634
2026-05-23 00:00:00,2026-05-23 07:25:12.92095-07,2026-05-23 07:24:39-07,24007,6641,14925852,0,312527,49.263450622558594,-123.12696838378906,9.1958,97,25.833603845860534
2026-05-23 00:00:00,2026-05-23 07:25:43.437361-07,2026-05-23 07:25:11-07,15019,6641,14925854,0,312527,49.2675666809082,-123.2466812133789,0.1448,2,6.7972657466323785
2026-05-23 00:00:00,2026-05-23 07:25:43.437361-07,2026-05-23 07:25:20-07,16201,6641,14926001,1,312529,49.26373291015625,-123.1453857421875,8.9427,132,27.1581000423814
2026-05-23 00:00:00,2026-05-23 07:25:43.437361-07,2026-05-23 07:25:07-07,16222,6641,14926004,1,312530,49.26321792602539,-123.06856536865234,0.3869,8,94.8412390386356
2026-05-23 00:00:00,2026-05-23 07:25:43.437361-07,2026-05-23 07:25:09-07,19026,6641,14926000,1,312530,49.2640495300293,-123.23268127441406,12.4906,130,38.79707854455197
2026-05-23 00:00:00,2026-05-23 07:25:43.437361-07,2026-05-23 07:25:00-07,22012,6641,14925853,0,312527,49.26423263549805,-123.17870330810547,5.4691,65,65.69207565678761
2026-05-23 00:00:00,2026-05-23 07:25:43.437361-07,2026-05-23 07:25:13-07,23002,6641,14926002,1,312530,49.26333236694336,-123.11663055419922,3.9567,55,65.18837054620626
2026-05-23 00:00:00,2026-05-23 07:25:43.437361-07,2026-05-23 07:25:12-07,24005,6641,14926003,1,312529,49.262550354003906,-123.09001922607422,4.8151,86,64.61261656167422
2026-05-23 00:00:00,2026-05-23 07:25:43.437361-07,2026-05-23 07:25:09-07,24007,6641,14925852,0,312527,49.263450622558594,-123.12533569335938,9.3737,98,84.65183981095265
2026-05-23 00:00:00,2026-05-23 07:26:14.17117-07,2026-05-23 07:25:40-07,15019,6641,14925854,0,312527,49.26654815673828,-123.24565124511719,0.294,3,16.07826302568696
2026-05-23 00:00:00,2026-05-23 07:26:14.17117-07,2026-05-23 07:25:50-07,16201,6641,14926001,1,312529,49.26376724243164,-123.1467514038086,8.9427,132,72.52106902654245
2026-05-23 00:00:00,2026-05-23 07:26:14.17117-07,2026-05-23 07:25:37-07,16222,6641,14926004,1,312530,49.26319885253906,-123.0685806274414,0.3869,8,92.72469950915095
2026-05-23 00:00:00,2026-05-23 07:26:14.17117-07,2026-05-23 07:25:39-07,19026,6641,14926000,1,312530,49.26634979248047,-123.23686981201172,12.8447,136,7.788841047096892
2026-05-23 00:00:00,2026-05-23 07:26:14.17117-07,2026-05-23 07:25:30-07,22012,6641,14925853,0,312527,49.2641487121582,-123.17343139648438,5.7462,67,40.84088796901506
2026-05-23 00:00:00,2026-05-23 07:26:14.17117-07,2026-05-23 07:25:43-07,23002,6641,14926002,1,312530,49.2633171081543,-123.11731719970703,3.9567,55,16.499807473414446
2026-05-23 00:00:00,2026-05-23 07:26:14.17117-07,2026-05-23 07:25:30-07,24005,6641,14926003,1,312529,49.26253128051758,-123.09034729003906,4.954,87,50.764831509364264
2026-05-23 00:00:00,2026-05-23 07:26:14.17117-07,2026-05-23 07:25:38-07,24007,6641,14925852,0,312527,49.263267517089844,-123.12096405029297,9.5453,99,62.28211601954858
2026-05-23 00:00:00,2026-05-23 07:26:44.644785-07,2026-05-23 07:26:20-07,15019,6641,14925854,0,312527,49.26693344116211,-123.24079895019531,0.697,12,34.38981238504373
2026-05-23 00:00:00,2026-05-23 07:26:44.644785-07,2026-05-23 07:26:17-07,16201,6641,14926001,1,312529,49.26369857788086,-123.14971923828125,9.2913,135,60.49039682114693
2026-05-23 00:00:00,2026-05-23 07:26:44.644785-07,2026-05-23 07:25:37-07,16222,6641,14926004,1,312530,49.26319885253906,-123.0685806274414,0.3869,8,92.72469950915095
2026-05-23 00:00:00,2026-05-23 07:26:44.644785-07,2026-05-23 07:26:08-07,19026,6641,14926000,1,312530,49.2669677734375,-123.24201965332031,13.2225,146,22.139536427751157
2026-05-23 00:00:00,2026-05-23 07:26:44.644785-07,2026-05-23 07:25:58-07,22012,6641,14925853,0,312527,49.2640495300293,-123.16858673095703,6.171,72,31.14964067093857
2026-05-23 00:00:00,2026-05-23 07:26:44.644785-07,2026-05-23 07:26:12-07,23002,6641,14926002,1,312530,49.26336669921875,-123.12093353271484,4.2697,58,64.49022493456918
2026-05-23 00:00:00,2026-05-23 07:26:44.644785-07,2026-05-23 07:26:00-07,24005,6641,14926003,1,312529,49.262516021728516,-123.0927505493164,5.0964,88,18.135702033912064
2026-05-23 00:00:00,2026-05-23 07:26:44.644785-07,2026-05-23 07:26:07-07,24007,6641,14925852,0,312527,49.263248443603516,-123.12026977539062,9.6854,100,27.683565444036006
2026-05-23 00:00:00,2026-05-23 07:27:15.862234-07,2026-05-23 07:26:51-07,15019,6641,14925854,0,312527,49.26578140258789,-123.23584747314453,1.0698,24,19.257440785145004
2026-05-23 00:00:00,2026-05-23 07:27:15.862234-07,2026-05-23 07:26:51-07,16201,6641,14926001,1,312529,49.26371765136719,-123.150146484375,9.2913,135,29.648852943223226
2026-05-23 00:00:00,2026-05-23 07:27:15.862234-07,2026-05-23 07:26:38-07,16222,6641,14926004,1,312530,49.26321792602539,-123.0685806274414,0.3869,8,94.84547317719102
2026-05-23 00:00:00,2026-05-23 07:27:15.862234-07,2026-05-23 07:26:52-07,19026,6641,14926000,1,312530,49.26649856567383,-123.24504852294922,13.5001,151,28.894906610908407
2026-05-23 00:00:00,2026-05-23 07:27:15.862234-07,2026-05-23 07:26:35-07,22012,6641,14925853,0,312527,49.264034271240234,-123.16708374023438,6.2929,73,43.40902739530785
2026-05-23 00:00:00,2026-05-23 07:27:15.862234-07,2026-05-23 07:26:46-07,23002,6641,14926002,1,312530,49.2634162902832,-123.12265014648438,4.2697,58,61.31346278616299
2026-05-23 00:00:00,2026-05-23 07:27:15.862234-07,2026-05-23 07:26:46-07,24005,6641,14926003,1,312529,49.26285171508789,-123.0974349975586,5.3928,95,31.155391010474414
2026-05-23 00:00:00,2026-05-23 07:27:15.862234-07,2026-05-23 07:26:39-07,24007,6641,14925852,0,312527,49.263248443603516,-123.12026977539062,9.6854,100,27.683565444036006
2026-05-23 00:00:00,2026-05-23 07:27:46.353994-07,2026-05-23 07:27:21-07,15019,6641,14925854,0,312527,49.26351547241211,-123.23066711425781,1.5238,34,6.680497746024426
2026-05-23 00:00:00,2026-05-23 07:27:46.353994-07,2026-05-23 07:27:20-07,16201,6641,14926001,1,312529,49.2637825012207,-123.15222930908203,9.4226,136,9.041029268016041
2026-05-23 00:00:00,2026-05-23 07:27:46.353994-07,2026-05-23 07:26:38-07,16222,6641,14926004,1,312530,49.26321792602539,-123.0685806274414,0.3869,8,94.84547317719102
2026-05-23 00:00:00,2026-05-23 07:27:46.353994-07,2026-05-23 07:27:22-07,19026,6641,14926000,1,312530,49.26789855957031,-123.2468032836914,13.6795,155,8.873964719110349
2026-05-23 00:00:00,2026-05-23 07:27:46.353994-07,2026-05-23 07:27:35-07,22012,6641,14925853,0,312527,49.26395034790039,-123.16148376464844,6.5897,75,67.30844579352092
2026-05-23 00:00:00,2026-05-23 07:27:46.353994-07,2026-05-23 07:27:16-07,23002,6641,14926002,1,312530,49.26350021362305,-123.12615203857422,4.6192,60,35.46698412146304
2026-05-23 00:00:00,2026-05-23 07:27:46.353994-07,2026-05-23 07:27:11-07,24005,6641,14926003,1,312529,49.26285171508789,-123.0978012084961,5.3928,95,57.31542021407287
2026-05-23 00:00:00,2026-05-23 07:27:46.353994-07,2026-05-23 07:27:37-07,24007,6641,14925852,0,312527,49.26321792602539,-123.1156005859375,10.0472,103,49.038368386172124
2026-05-23 00:00:00,2026-05-23 07:28:17.030815-07,2026-05-23 07:27:50-07,15019,6641,14925854,0,312527,49.263668060302734,-123.22384643554688,1.5845,36,430.12573224754937
2026-05-23 00:00:00,2026-05-23 07:28:17.030815-07,2026-05-23 07:27:50-07,16201,6641,14926001,1,312529,49.2637825012207,-123.15261840820312,9.4257,137,16.966699019889408
2026-05-23 00:00:00,2026-05-23 07:28:17.030815-07,2026-05-23 07:28:07-07,16222,6641,14926004,1,312530,49.26319885253906,-123.0685806274414,0.3869,8,92.72469950915095
2026-05-23 00:00:00,2026-05-23 07:28:17.030815-07,2026-05-23 07:27:53-07,19026,6641,14926000,1,312530,49.26881790161133,-123.24810028076172,13.8581,162,9.418256999692435
2026-05-23 00:00:00,2026-05-23 07:28:17.030815-07,2026-05-23 07:28:05-07,22012,6641,14925853,0,312527,49.263851165771484,-123.15618133544922,7.1074,78,64.03442062173335
2026-05-23 00:00:00,2026-05-23 07:28:17.030815-07,2026-05-23 07:27:46-07,23002,6641,14926002,1,312530,49.2635498046875,-123.12761688232422,4.6192,60,74.15465128018654
2026-05-23 00:00:00,2026-05-23 07:28:17.030815-07,2026-05-23 07:27:41-07,24005,6641,14926003,1,312529,49.26293182373047,-123.1014175415039,5.6865,102,27.09051443804272
2026-05-23 00:00:00,2026-05-23 07:28:17.030815-07,2026-05-23 07:28:07-07,24007,6641,14925852,0,312527,49.26321792602539,-123.115234375,10.0472,103,22.482382862691825
2026-05-23 00:00:00,2026-05-23 07:28:47.536137-07,2026-05-23 07:28:21-07,15019,6641,14925854,0,312527,49.263816833496094,-123.21730041503906,2.5945,37,101.57599954596009
2026-05-23 00:00:00,2026-05-23 07:28:47.536137-07,2026-05-23 07:28:21-07,16201,6641,14926001,1,312529,49.263916015625,-123.15425109863281,9.6376,139,76.28470830683244
2026-05-23 00:00:00,2026-05-23 07:28:47.536137-07,2026-05-23 07:28:38-07,16222,6641,14926004,1,312530,49.26319885253906,-123.068603515625,0.3869,8,92.75598177091685
2026-05-23 00:00:00,2026-05-23 07:28:47.536137-07,2026-05-23 07:27:53-07,19026,6641,14926000,1,312530,49.26881790161133,-123.24810028076172,13.8581,162,9.418256999692435
2026-05-23 00:00:00,2026-05-23 07:28:47.536137-07,2026-05-23 07:28:36-07,22012,6641,14925853,0,312527,49.26380157470703,-123.15489959716797,7.1074,78,29.725696189844857
2026-05-23 00:00:00,2026-05-23 07:28:47.536137-07,2026-05-23 07:28:16-07,23002,6641,14926002,1,312530,49.26356887817383,-123.13327026367188,5.1362,63,33.08399474974395
2026-05-23 00:00:00,2026-05-23 07:28:47.536137-07,2026-05-23 07:28:28-07,24005,6641,14926003,1,312529,49.2630500793457,-123.10491943359375,5.9663,104,4.593576106120941
2026-05-23 00:00:00,2026-05-23 07:28:47.536137-07,2026-05-23 07:28:38-07,24007,6641,14925852,0,312527,49.26318359375,-123.11436462402344,10.058,105,30.081985539900906
2026-05-23 00:00:00,2026-05-23 07:29:18.116291-07,2026-05-23 07:28:51-07,15019,6641,14925854,0,312527,49.26388168334961,-123.21395111083984,2.7581,41,19.195487416783852
2026-05-23 00:00:00,2026-05-23 07:29:18.116291-07,2026-05-23 07:28:47-07,16201,6641,14926001,1,312529,49.26388168334961,-123.15471649169922,9.6376,139,42.33117613081193
2026-05-23 00:00:00,2026-05-23 07:29:18.116291-07,2026-05-23 07:29:07-07,16222,6641,14926004,1,312530,49.26319885253906,-123.0685806274414,0.3869,8,92.72469950915095
2026-05-23 00:00:00,2026-05-23 07:29:18.116291-07,2026-05-23 07:27:53-07,19026,6641,14926000,1,312530,49.26881790161133,-123.24810028076172,13.8581,162,9.418256999692435
2026-05-23 00:00:00,2026-05-23 07:29:18.116291-07,2026-05-23 07:28:59-07,22012,6641,14925853,0,312527,49.26380157470703,-123.15458679199219,7.1074,78,52.100839224285764
2026-05-23 00:00:00,2026-05-23 07:29:18.116291-07,2026-05-23 07:28:46-07,23002,6641,14926002,1,312530,49.26350021362305,-123.13584899902344,5.3087,65,18.573300630739162
2026-05-23 00:00:00,2026-05-23 07:29:18.116291-07,2026-05-23 07:28:56-07,24005,6641,14926003,1,312529,49.26313400268555,-123.10894775390625,6.3015,108,38.94344583864263
2026-05-23 00:00:00,2026-05-23 07:29:18.116291-07,2026-05-23 07:29:01-07,24007,6641,14925852,0,312527,49.26321792602539,-123.11409759521484,10.058,105,49.39727059670626
2026-05-23 00:00:00,2026-05-23 07:29:48.653564-07,2026-05-23 07:29:21-07,15019,6641,14925854,0,312527,49.26380157470703,-123.20877075195312,3.0906,44,25.701793617570665
2026-05-23 00:00:00,2026-05-23 07:29:48.653564-07,2026-05-23 07:29:17-07,16201,6641,14926001,1,312529,49.26390075683594,-123.15570068359375,9.6376,139,29.48077163338998
2026-05-23 00:00:00,2026-05-23 07:29:48.653564-07,2026-05-23 07:29:07-07,16222,6641,14926004,1,312530,49.26319885253906,-123.0685806274414,0.3869,8,92.72469950915095
2026-05-23 00:00:00,2026-05-23 07:29:48.653564-07,2026-05-23 07:27:53-07,19026,6641,14926000,1,312530,49.26881790161133,-123.24810028076172,13.8581,162,9.418256999692435
2026-05-23 00:00:00,2026-05-23 07:29:48.653564-07,2026-05-23 07:29:27-07,22012,6641,14925853,0,312527,49.26371765136719,-123.1514663696289,7.3224,81,64.66739734874851
2026-05-23 00:00:00,2026-05-23 07:29:48.653564-07,2026-05-23 07:29:16-07,23002,6641,14926002,1,312530,49.2635498046875,-123.13713073730469,5.4377,66,52.95910432990703
2026-05-23 00:00:00,2026-05-23 07:29:48.653564-07,2026-05-23 07:29:27-07,24005,6641,14926003,1,312529,49.26319885253906,-123.11229705810547,6.5496,110,43.22233637073213
2026-05-23 00:00:00,2026-05-23 07:29:48.653564-07,2026-05-23 07:29:30-07,24007,6641,14925852,0,312527,49.26319885253906,-123.11121368408203,10.3366,108,19.808230900114314
2026-05-23 00:00:00,2026-05-23 07:30:19.364943-07,2026-05-23 07:29:41-07,15019,6641,14925854,0,312527,49.26380157470703,-123.20811462402344,3.0906,44,73.12617390361505
2026-05-23 00:00:00,2026-05-23 07:30:19.364943-07,2026-05-23 07:29:47-07,16201,6641,14926001,1,312529,49.26398468017578,-123.16061401367188,9.9808,141,43.89345783812899
2026-05-23 00:00:00,2026-05-23 07:30:19.364943-07,2026-05-23 07:29:07-07,16222,6641,14926004,1,312530,49.26319885253906,-123.0685806274414,0.3869,8,92.72469950915095
2026-05-23 00:00:00,2026-05-23 07:30:19.364943-07,2026-05-23 07:27:53-07,19026,6641,14926000,1,312530,49.26881790161133,-123.24810028076172,13.8581,162,9.418256999692435
2026-05-23 00:00:00,2026-05-23 07:30:19.364943-07,2026-05-23 07:29:57-07,22012,6641,14925853,0,312527,49.2636833190918,-123.1484146118164,7.6286,84,20.83000906260381
2026-05-23 00:00:00,2026-05-23 07:30:19.364943-07,2026-05-23 07:29:45-07,23002,6641,14926002,1,312530,49.26369857788086,-123.14015197753906,5.6682,69,64.11562008254654
2026-05-23 00:00:00,2026-05-23 07:30:19.364943-07,2026-05-23 07:29:57-07,24005,6641,14926003,1,312529,49.263282775878906,-123.1149673461914,6.6978,114,8.968715553596951
2026-05-23 00:00:00,2026-05-23 07:30:19.364943-07,2026-05-23 07:30:00-07,24007,6641,14925852,0,312527,49.2630500793457,-123.10641479492188,10.6369,111,30.202550950300655
2026-05-23 00:00:00,2026-05-23 07:30:50.106397-07,2026-05-23 07:30:11-07,15019,6641,14925854,0,312527,49.26373291015625,-123.20263671875,3.5355,47,27.182273622773643
2026-05-23 00:00:00,2026-05-23 07:30:50.106397-07,2026-05-23 07:30:18-07,16201,6641,14926001,1,312529,49.2640495300293,-123.1656494140625,10.4521,144,60.70513623827497
2026-05-23 00:00:00,2026-05-23 07:30:50.106397-07,2026-05-23 07:29:07-07,16222,6641,14926004,1,312530,49.26319885253906,-123.0685806274414,0.3869,8,92.72469950915095
2026-05-23 00:00:00,2026-05-23 07:30:50.106397-07,2026-05-23 07:27:53-07,19026,6641,14926000,1,312530,49.26881790161133,-123.24810028076172,13.8581,162,9.418256999692435
2026-05-23 00:00:00,2026-05-23 07:30:50.106397-07,2026-05-23 07:30:30-07,22012,6641,14925853,0,312527,49.263668060302734,-123.14826965332031,7.6286,84,12.385440064636713
2026-05-23 00:00:00,2026-05-23 07:30:50.106397-07,2026-05-23 07:30:16-07,23002,6641,14926002,1,312530,49.26369857788086,-123.14056396484375,5.6682,69,34.82095769623063
2026-05-23 00:00:00,2026-05-23 07:30:50.106397-07,2026-05-23 07:30:28-07,24005,6641,14926003,1,312529,49.26333236694336,-123.11647033691406,6.8867,115,76.71645594657271
2026-05-23 00:00:00,2026-05-23 07:30:50.106397-07,2026-05-23 07:30:31-07,24007,6641,14925852,0,312527,49.26300048828125,-123.1050796508789,10.7787,113,14.144513082068153
2026-05-23 00:00:00,2026-05-23 07:31:20.741613-07,2026-05-23 07:30:42-07,15019,6641,14925854,0,312527,49.263633728027344,-123.19602966308594,4.0712,52,27.116751064998585
2026-05-23 00:00:00,2026-05-23 07:31:20.741613-07,2026-05-23 07:30:48-07,16201,6641,14926001,1,312529,49.26411819458008,-123.16751861572266,10.574,145,46.73404495448127
2026-05-23 00:00:00,2026-05-23 07:31:20.741613-07,2026-05-23 07:29:07-07,16222,6641,14926004,1,312530,49.26319885253906,-123.0685806274414,0.3869,8,92.72469950915095
2026-05-23 00:00:00,2026-05-23 07:31:20.741613-07,2026-05-23 07:27:53-07,19026,6641,14926000,1,312530,49.26881790161133,-123.24810028076172,13.8581,162,9.418256999692435
2026-05-23 00:00:00,2026-05-23 07:31:20.741613-07,2026-05-23 07:31:00-07,22012,6641,14925853,0,312527,49.263668060302734,-123.14456939697266,7.9729,86,83.84233341471618
2026-05-23 00:00:00,2026-05-23 07:31:20.741613-07,2026-05-23 07:30:46-07,23002,6641,14926002,1,312530,49.26371765136719,-123.14078521728516,5.6682,69,20.93105768834103
2026-05-23 00:00:00,2026-05-23 07:31:20.741613-07,2026-05-23 07:30:58-07,24005,6641,14926003,1,312529,49.26333236694336,-123.11647033691406,6.8867,115,76.71645594657271
2026-05-23 00:00:00,2026-05-23 07:31:20.741613-07,2026-05-23 07:31:02-07,24007,6641,14925852,0,312527,49.26293182373047,-123.1014633178711,11.0585,115,30.406008548271828
2026-05-23 00:00:00,2026-05-23 07:31:51.259282-07,2026-05-23 07:31:13-07,15019,6641,14925854,0,312527,49.26350021362305,-123.18941497802734,4.422,56,103.76593501656016
2026-05-23 00:00:00,2026-05-23 07:31:51.259282-07,2026-05-23 07:31:25-07,16201,6641,14926001,1,312529,49.26411819458008,-123.16790008544922,10.574,145,19.332413210416973
2026-05-23 00:00:00,2026-05-23 07:31:51.259282-07,2026-05-23 07:31:17-07,16222,6641,14926004,1,312530,49.26314926147461,-123.06836700439453,0.3869,8,88.41717489478717
2026-05-23 00:00:00,2026-05-23 07:31:51.259282-07,2026-05-23 07:27:53-07,19026,6641,14926000,1,312530,49.26881790161133,-123.24810028076172,13.8581,162,9.418256999692435
2026-05-23 00:00:00,2026-05-23 07:31:51.259282-07,2026-05-23 07:31:27-07,22012,6641,14925853,0,312527,49.26361846923828,-123.14128112792969,8.1467,87,18.447120315135834
2026-05-23 00:00:00,2026-05-23 07:31:51.259282-07,2026-05-23 07:31:16-07,23002,6641,14926002,1,312530,49.26374816894531,-123.14501953125,6.0127,72,53.75892124042075
2026-05-23 00:00:00,2026-05-23 07:31:51.259282-07,2026-05-23 07:31:28-07,24005,6641,14926003,1,312529,49.26333236694336,-123.11647033691406,6.8867,115,76.71645594657271
2026-05-23 00:00:00,2026-05-23 07:31:51.259282-07,2026-05-23 07:31:35-07,24007,6641,14925852,0,312527,49.26279830932617,-123.0995864868164,11.1692,118,9.29555037512734
2026-05-23 00:00:00,2026-05-23 07:32:22.497577-07,2026-05-23 07:31:42-07,15019,6641,14925854,0,312527,49.26350021362305,-123.18616485595703,4.7818,58,19.48156765807525
2026-05-23 00:00:00,2026-05-23 07:32:22.497577-07,2026-05-23 07:31:57-07,16201,6641,14926001,1,312529,49.2641487121582,-123.17205047607422,10.8578,148,1.016595243404372
2026-05-23 00:00:00,2026-05-23 07:32:22.497577-07,2026-05-23 07:31:47-07,16222,6641,14926004,1,312530,49.26238250732422,-123.06755065917969,0.3403,7,27.506360555384273
2026-05-23 00:00:00,2026-05-23 07:32:22.497577-07,2026-05-23 07:27:53-07,19026,6641,14926000,1,312530,49.26881790161133,-123.24810028076172,13.8581,162,9.418256999692435
2026-05-23 00:00:00,2026-05-23 07:32:22.497577-07,2026-05-23 07:31:59-07,22012,6641,14925853,0,312527,49.26361846923828,-123.14122009277344,8.1467,87,14.0203076874925
2026-05-23 00:00:00,2026-05-23 07:32:22.497577-07,2026-05-23 07:31:45-07,23002,6641,14926002,1,312530,49.26374816894531,-123.14540100097656,6.0127,72,26.337678267808382
2026-05-23 00:00:00,2026-05-23 07:32:22.497577-07,2026-05-23 07:31:57-07,24005,6641,14926003,1,312529,49.26333236694336,-123.11647033691406,6.8867,115,76.71645594657271
2026-05-23 00:00:00,2026-05-23 07:32:22.497577-07,2026-05-23 07:32:04-07,24007,6641,14925852,0,312527,49.262481689453125,-123.09445190429688,11.5065,127,36.525920490500084
2026-05-23 00:00:00,2026-05-23 07:32:53.104758-07,2026-05-23 07:32:11-07,15019,6641,14925854,0,312527,49.263832092285156,-123.18583679199219,4.8328,59,12.45480652313297
2026-05-23 00:00:00,2026-05-23 07:32:53.104758-07,2026-05-23 07:32:24-07,16201,6641,14926001,1,312529,49.264217376708984,-123.1767807006836,11.1377,151,63.925992206196895
2026-05-23 00:00:00,2026-05-23 07:32:53.104758-07,2026-05-23 07:32:18-07,16222,6641,14926004,1,312530,49.26241683959961,-123.06873321533203,0.4039,9,12.10657350848069
2026-05-23 00:00:00,2026-05-23 07:32:53.104758-07,2026-05-23 07:27:53-07,19026,6641,14926000,1,312530,49.26881790161133,-123.24810028076172,13.8581,162,9.418256999692435
2026-05-23 00:00:00,2026-05-23 07:32:53.104758-07,2026-05-23 07:32:23-07,19041,6641,14926005,1,312529,49.26526641845703,-123.02535247802734,0.0428,2,14.655524163889169
2026-05-23 00:00:00,2026-05-23 07:32:53.104758-07,2026-05-23 07:32:30-07,22012,6641,14925853,0,312527,49.2635498046875,-123.13996887207031,8.2755,89,51.910779485659134
2026-05-23 00:00:00,2026-05-23 07:32:53.104758-07,2026-05-23 07:32:13-07,23002,6641,14926002,1,312530,49.26371765136719,-123.14823150634766,6.1863,73,7.036602002419083
2026-05-23 00:00:00,2026-05-23 07:32:53.104758-07,2026-05-23 07:32:28-07,24005,6641,14926003,1,312529,49.26333236694336,-123.11647033691406,6.8867,115,76.71645594657271
2026-05-23 00:00:00,2026-05-23 07:32:53.104758-07,2026-05-23 07:32:35-07,24007,6641,14925852,0,312527,49.26243209838867,-123.08958435058594,11.9299,131,33.075994048689054
2026-05-23 00:00:00,2026-05-23 07:33:23.745636-07,2026-05-23 07:33:00-07,15019,6641,14925854,0,312527,49.26433181762695,-123.18424987792969,5.0332,61,33.73590878957959
2026-05-23 00:00:00,2026-05-23 07:33:23.745636-07,2026-05-23 07:32:55-07,16201,6641,14926001,1,312529,49.264251708984375,-123.17769622802734,11.2759,152,7.614977674535651
2026-05-23 00:00:00,2026-05-23 07:33:23.745636-07,2026-05-23 07:32:52-07,16222,6641,14926004,1,312530,49.26240158081055,-123.06881713867188,0.4039,9,9.965447066780188
2026-05-23 00:00:00,2026-05-23 07:33:23.745636-07,2026-05-23 07:27:53-07,19026,6641,14926000,1,312530,49.26881790161133,-123.24810028076172,13.8581,162,9.418256999692435
2026-05-23 00:00:00,2026-05-23 07:33:23.745636-07,2026-05-23 07:32:23-07,19041,6641,14926005,1,312529,49.26526641845703,-123.02535247802734,0.0428,2,14.655524163889169
2026-05-23 00:00:00,2026-05-23 07:33:23.745636-07,2026-05-23 07:32:42-07,22012,6641,14925853,0,312527,49.26356887817383,-123.13968658447266,8.2755,89,31.31774165826284
2026-05-23 00:00:00,2026-05-23 07:33:23.745636-07,2026-05-23 07:32:45-07,23002,6641,14926002,1,312530,49.2637825012207,-123.15226745605469,6.4926,76,6.521141753901122
2026-05-23 00:00:00,2026-05-23 07:33:23.745636-07,2026-05-23 07:33:00-07,24005,6641,14926003,1,312529,49.26333236694336,-123.11647033691406,6.8867,115,76.71645594657271
2026-05-23 00:00:00,2026-05-23 07:33:23.745636-07,2026-05-23 07:33:05-07,24007,6641,14925852,0,312527,49.26243209838867,-123.08941650390625,11.9299,131,21.167617907963926
2026-05-23 00:00:00,2026-05-23 07:33:54.318316-07,2026-05-23 07:33:30-07,15019,6641,14925854,0,312527,49.264251708984375,-123.17898559570312,5.3215,64,61.012226817342444
2026-05-23 00:00:00,2026-05-23 07:33:54.318316-07,2026-05-23 07:33:25-07,16201,6641,14926001,1,312529,49.26431655883789,-123.18190002441406,11.5715,155,3.420057082847449
2026-05-23 00:00:00,2026-05-23 07:33:54.318316-07,2026-05-23 07:33:22-07,16222,6641,14926004,1,312530,49.26238250732422,-123.07084655761719,0.6222,14,68.38482173314237
2026-05-23 00:00:00,2026-05-23 07:33:54.318316-07,2026-05-23 07:33:24-07,19026,6641,14925855,0,312527,49.267433166503906,-123.24687957763672,0.1448,2,27.01131763912611
2026-05-23 00:00:00,2026-05-23 07:33:54.318316-07,2026-05-23 07:32:23-07,19041,6641,14926005,1,312529,49.26526641845703,-123.02535247802734,0.0428,2,14.655524163889169
2026-05-23 00:00:00,2026-05-23 07:33:54.318316-07,2026-05-23 07:33:11-07,22012,6641,14925853,0,312527,49.26353454589844,-123.13694763183594,8.5063,93,62.369717636573554
2026-05-23 00:00:00,2026-05-23 07:33:54.318316-07,2026-05-23 07:33:15-07,23002,6641,14926002,1,312530,49.26376724243164,-123.15274810791016,6.5357,78,15.019904795870467
2026-05-23 00:00:00,2026-05-23 07:33:54.318316-07,2026-05-23 07:33:29-07,24005,6641,14926003,1,312529,49.26333236694336,-123.11647033691406,6.8867,115,76.71645594657271
2026-05-23 00:00:00,2026-05-23 07:33:54.318316-07,2026-05-23 07:33:24-07,24007,6641,14925852,0,312527,49.262451171875,-123.08709716796875,12.0717,132,6.846631830361498
2026-05-23 00:00:00,2026-05-23 07:34:25.097342-07,2026-05-23 07:34:00-07,15019,6641,14925854,0,312527,49.2641487121582,-123.1731185913086,5.7462,67,63.50695054823991
2026-05-23 00:00:00,2026-05-23 07:34:25.097342-07,2026-05-23 07:33:53-07,16201,6641,14926001,1,312529,49.264366149902344,-123.18560028076172,11.8643,157,20.22908035943547
2026-05-23 00:00:00,2026-05-23 07:34:25.097342-07,2026-05-23 07:33:52-07,16222,6641,14926004,1,312530,49.26241683959961,-123.07583618164062,0.8986,17,18.85468679700159
2026-05-23 00:00:00,2026-05-23 07:34:25.097342-07,2026-05-23 07:33:24-07,19026,6641,14925855,0,312527,49.267433166503906,-123.24687957763672,0.1448,2,27.01131763912611
2026-05-23 00:00:00,2026-05-23 07:34:25.097342-07,2026-05-23 07:32:23-07,19041,6641,14926005,1,312529,49.26526641845703,-123.02535247802734,0.0428,2,14.655524163889169
2026-05-23 00:00:00,2026-05-23 07:34:25.097342-07,2026-05-23 07:33:41-07,22012,6641,14925853,0,312527,49.26348114013672,-123.1323013305664,8.85,95,67.72671100893743
2026-05-23 00:00:00,2026-05-23 07:34:25.097342-07,2026-05-23 07:33:44-07,23002,6641,14926002,1,312530,49.26393127441406,-123.15433502197266,6.7076,79,70.38438633161081
2026-05-23 00:00:00,2026-05-23 07:34:25.097342-07,2026-05-23 07:33:58-07,24005,6641,14926003,1,312529,49.26333236694336,-123.11647033691406,6.8867,115,76.71645594657271
2026-05-23 00:00:00,2026-05-23 07:34:25.097342-07,2026-05-23 07:33:53-07,24007,6641,14925852,0,312527,49.26241683959961,-123.08087921142578,12.4937,135,37.07663626196946
2026-05-23 00:00:00,2026-05-23 07:34:55.730029-07,2026-05-23 07:34:31-07,15019,6641,14925854,0,312527,49.264068603515625,-123.16868591308594,6.171,72,38.1828018123933
2026-05-23 00:00:00,2026-05-23 07:34:55.730029-07,2026-05-23 07:34:23-07,16201,6641,14926001,1,312529,49.264366149902344,-123.18572998046875,11.8643,157,10.821693191472033
2026-05-23 00:00:00,2026-05-23 07:34:55.730029-07,2026-05-23 07:34:22-07,16222,6641,14926004,1,312530,49.26246643066406,-123.07723236083984,1.0367,19,19.784301315454144
2026-05-23 00:00:00,2026-05-23 07:34:55.730029-07,2026-05-23 07:34:22-07,19026,6641,14925855,0,312527,49.26755142211914,-123.24673461914062,0.1448,2,11.025468429544796
2026-05-23 00:00:00,2026-05-23 07:34:55.730029-07,2026-05-23 07:34:37-07,19041,6641,14926005,1,312529,49.264732360839844,-123.02667999267578,0.1375,7,8.118374561924819
2026-05-23 00:00:00,2026-05-23 07:34:55.730029-07,2026-05-23 07:34:12-07,22012,6641,14925853,0,312527,49.26340103149414,-123.12918090820312,9.0222,96,13.765483526583816
2026-05-23 00:00:00,2026-05-23 07:34:55.730029-07,2026-05-23 07:34:17-07,23002,6641,14926002,1,312530,49.26388168334961,-123.15461730957031,6.7076,79,49.519060334759416
2026-05-23 00:00:00,2026-05-23 07:34:55.730029-07,2026-05-23 07:34:28-07,24005,6641,14926003,1,312529,49.26333236694336,-123.11647033691406,6.8867,115,76.71645594657271
2026-05-23 00:00:00,2026-05-23 07:34:55.730029-07,2026-05-23 07:34:23-07,24007,6641,14925852,0,312527,49.26234817504883,-123.0779800415039,12.7679,137,26.383934843744274
2026-05-23 00:00:00,2026-05-23 07:35:26.31909-07,2026-05-23 07:35:00-07,15019,6641,14925854,0,312527,49.264034271240234,-123.1675033569336,6.171,72,47.918474998158636
2026-05-23 00:00:00,2026-05-23 07:35:26.31909-07,2026-05-23 07:34:54-07,16201,6641,14926001,1,312529,49.26369857788086,-123.18596649169922,11.9632,159,24.698767425071715
2026-05-23 00:00:00,2026-05-23 07:35:26.31909-07,2026-05-23 07:34:52-07,16222,6641,14926004,1,312530,49.26246643066406,-123.07804870605469,1.0471,20,31.9523560533907
2026-05-23 00:00:00,2026-05-23 07:35:26.31909-07,2026-05-23 07:34:52-07,19026,6641,14925855,0,312527,49.26656723022461,-123.24566650390625,0.294,3,18.30296086471788
2026-05-23 00:00:00,2026-05-23 07:35:26.31909-07,2026-05-23 07:35:06-07,19041,6641,14926005,1,312529,49.26203155517578,-123.03163146972656,0.6403,19,20.032181962913725
2026-05-23 00:00:00,2026-05-23 07:35:26.31909-07,2026-05-23 07:34:41-07,22012,6641,14925853,0,312527,49.263450622558594,-123.12601470947266,9.1958,97,44.12946730698074
2026-05-23 00:00:00,2026-05-23 07:35:26.31909-07,2026-05-23 07:34:47-07,23002,6641,14926002,1,312530,49.26396560668945,-123.15895080566406,7.0508,81,77.12864308047295
2026-05-23 00:00:00,2026-05-23 07:35:26.31909-07,2026-05-23 07:35:07-07,24005,6641,14926003,1,312529,49.26333236694336,-123.11663055419922,6.8867,115,65.18837054620626
2026-05-23 00:00:00,2026-05-23 07:35:26.31909-07,2026-05-23 07:34:53-07,24007,6641,14925852,0,312527,49.2623176574707,-123.07682037353516,12.8332,139,10.22978959014018
2026-05-23 00:00:00,2026-05-23 07:35:56.888316-07,2026-05-23 07:35:23-07,15019,6641,14925854,0,312527,49.264034271240234,-123.16709899902344,6.2929,73,44.51537308183073
2026-05-23 00:00:00,2026-05-23 07:35:56.888316-07,2026-05-23 07:35:16-07,16201,6641,14926001,1,312529,49.26350021362305,-123.18616485595703,11.9632,159,19.48156765807525
2026-05-23 00:00:00,2026-05-23 07:35:56.888316-07,2026-05-23 07:35:30-07,16222,6641,14926004,1,312530,49.26243209838867,-123.07886505126953,1.0471,20,90.23464425562564
2026-05-23 00:00:00,2026-05-23 07:35:56.888316-07,2026-05-23 07:35:21-07,19026,6641,14925855,0,312527,49.26653289794922,-123.24563598632812,0.294,3,14.333522639097515
2026-05-23 00:00:00,2026-05-23 07:35:56.888316-07,2026-05-23 07:35:36-07,19041,6641,14926005,1,312529,49.262001037597656,-123.03423309326172,0.7961,27,20.24986037234892
2026-05-23 00:00:00,2026-05-23 07:35:56.888316-07,2026-05-23 07:35:11-07,22012,6641,14925853,0,312527,49.263450622558594,-123.12435150146484,9.3737,98,15.703077611376626
2026-05-23 00:00:00,2026-05-23 07:35:56.888316-07,2026-05-23 07:35:17-07,23002,6641,14926002,1,312530,49.2640495300293,-123.16497039794922,7.3877,83,24.06590174103275
2026-05-23 00:00:00,2026-05-23 07:35:56.888316-07,2026-05-23 07:35:09-07,24005,6641,14926003,1,312529,49.26333236694336,-123.11663055419922,6.8867,115,65.18837054620626
2026-05-23 00:00:00,2026-05-23 07:35:56.888316-07,2026-05-23 07:35:17-07,24007,6641,14925852,0,312527,49.26234817504883,-123.07586669921875,12.9163,140,20.746190222152983
2026-05-23 00:00:00,2026-05-23 07:36:27.701367-07,2026-05-23 07:35:55-07,15019,6641,14925854,0,312527,49.26395034790039,-123.16255187988281,6.5897,75,10.916693455056468
2026-05-23 00:00:00,2026-05-23 07:36:27.701367-07,2026-05-23 07:35:46-07,16201,6641,14926001,1,312529,49.26358413696289,-123.19071960449219,12.323,161,8.762942638998274
2026-05-23 00:00:00,2026-05-23 07:36:27.701367-07,2026-05-23 07:36:02-07,16222,6641,14926004,1,312530,49.26246643066406,-123.08453369140625,1.6033,24,53.08026428372306
2026-05-23 00:00:00,2026-05-23 07:36:27.701367-07,2026-05-23 07:35:53-07,19026,6641,14925855,0,312527,49.266849517822266,-123.2419662475586,0.5494,9,27.792798964034095
2026-05-23 00:00:00,2026-05-23 07:36:27.701367-07,2026-05-23 07:36:06-07,19041,6641,14926005,1,312529,49.2619514465332,-123.03621673583984,0.9791,29,22.68436280351716
2026-05-23 00:00:00,2026-05-23 07:36:27.701367-07,2026-05-23 07:35:42-07,22012,6641,14925853,0,312527,49.263301849365234,-123.12211608886719,9.5453,99,21.623682750413174
2026-05-23 00:00:00,2026-05-23 07:36:27.701367-07,2026-05-23 07:35:57-07,23002,6641,14926002,1,312530,49.26409912109375,-123.16788482666016,7.644,85,20.080243868516106
2026-05-23 00:00:00,2026-05-23 07:36:27.701367-07,2026-05-23 07:36:08-07,24005,6641,14926003,1,312529,49.26336669921875,-123.1196517944336,7.0596,117,19.365245595026582
2026-05-23 00:00:00,2026-05-23 07:36:27.701367-07,2026-05-23 07:35:48-07,24007,6641,14925852,0,312527,49.26234817504883,-123.0705795288086,13.3378,144,57.05554380143664
2026-05-23 00:00:00,2026-05-23 07:36:58.259074-07,2026-05-23 07:36:23-07,15019,6641,14925854,0,312527,49.26388168334961,-123.1579818725586,6.9369,77,24.818498306910556
2026-05-23 00:00:00,2026-05-23 07:36:58.259074-07,2026-05-23 07:36:16-07,16201,6641,14926001,1,312529,49.263648986816406,-123.19605255126953,12.6739,165,28.806006007066625
2026-05-23 00:00:00,2026-05-23 07:36:58.259074-07,2026-05-23 07:36:33-07,16222,6641,14926004,1,312530,49.26253128051758,-123.08895111083984,1.885,26,14.425276720068544
2026-05-23 00:00:00,2026-05-23 07:36:58.259074-07,2026-05-23 07:36:14-07,19026,6641,14925855,0,312527,49.26691818237305,-123.24140167236328,0.6276,11,9.009899741064663
2026-05-23 00:00:00,2026-05-23 07:36:58.259074-07,2026-05-23 07:36:35-07,19041,6641,14926005,1,312529,49.262001037597656,-123.04278564453125,1.4915,35,56.22675123185026
2026-05-23 00:00:00,2026-05-23 07:36:58.259074-07,2026-05-23 07:36:28-07,22012,6641,14925853,0,312527,49.263267517089844,-123.11988067626953,9.6854,100,3.2278816025245454
2026-05-23 00:00:00,2026-05-23 07:36:58.259074-07,2026-05-23 07:36:25-07,23002,6641,14926002,1,312530,49.26416778564453,-123.1729507446289,7.9278,88,64.84844899302561
2026-05-23 00:00:00,2026-05-23 07:36:58.259074-07,2026-05-23 07:36:09-07,24005,6641,14926003,1,312529,49.26336669921875,-123.1196517944336,7.0596,117,19.365245595026582
2026-05-23 00:00:00,2026-05-23 07:36:58.259074-07,2026-05-23 07:36:17-07,24007,6641,14925852,0,312527,49.26336669921875,-123.0696792602539,13.4386,148,16.603407161296158
2026-05-23 00:00:00,2026-05-23 07:37:28.834507-07,2026-05-23 07:36:53-07,15019,6641,14925854,0,312527,49.26386642456055,-123.15663146972656,6.9369,77,73.34978098598765
2026-05-23 00:00:00,2026-05-23 07:37:28.834507-07,2026-05-23 07:36:45-07,16201,6641,14926001,1,312529,49.26373291015625,-123.20124816894531,12.9972,169,83.76277740901266
2026-05-23 00:00:00,2026-05-23 07:37:28.834507-07,2026-05-23 07:37:02-07,16222,6641,14926004,1,312530,49.2625846862793,-123.09004974365234,1.885,26,67.35340436785738
2026-05-23 00:00:00,2026-05-23 07:37:28.834507-07,2026-05-23 07:36:43-07,19026,6641,14925855,0,312527,49.266334533691406,-123.23709869384766,0.9529,23,11.652207166725356
2026-05-23 00:00:00,2026-05-23 07:37:28.834507-07,2026-05-23 07:37:10-07,19041,6641,14926005,1,312529,49.262081146240234,-123.04492950439453,1.6017,37,16.540596317488156
2026-05-23 00:00:00,2026-05-23 07:37:28.834507-07,2026-05-23 07:36:56-07,22012,6641,14925853,0,312527,49.26323318481445,-123.11785125732422,9.8582,101,24.037656303760258
2026-05-23 00:00:00,2026-05-23 07:37:28.834507-07,2026-05-23 07:36:56-07,23002,6641,14926002,1,312530,49.264251708984375,-123.17765045166016,8.3458,92,10.866510065410303
2026-05-23 00:00:00,2026-05-23 07:37:28.834507-07,2026-05-23 07:37:05-07,24005,6641,14926003,1,312529,49.2634162902832,-123.12274932861328,7.1997,118,68.405142638092
2026-05-23 00:00:00,2026-05-23 07:37:28.834507-07,2026-05-23 07:36:47-07,24007,6641,14925852,0,312527,49.2634162902832,-123.0696792602539,13.4776,149,19.69634241595404
2026-05-23 00:00:00,2026-05-23 07:37:59.401188-07,2026-05-23 07:37:32-07,15019,6641,14925854,0,312527,49.26380157470703,-123.15458679199219,7.1074,78,52.100839224285764
2026-05-23 00:00:00,2026-05-23 07:37:59.401188-07,2026-05-23 07:37:15-07,16201,6641,14926001,1,312529,49.26380157470703,-123.20571899414062,13.4337,172,26.947071508608843
2026-05-23 00:00:00,2026-05-23 07:37:59.401188-07,2026-05-23 07:37:16-07,16222,6641,14926004,1,312530,49.26256561279297,-123.09026336669922,2.024,27,57.267333339632536
2026-05-23 00:00:00,2026-05-23 07:37:59.401188-07,2026-05-23 07:37:13-07,19026,6641,14925855,0,312527,49.264068603515625,-123.23308563232422,1.3142,27,14.259953722533222
2026-05-23 00:00:00,2026-05-23 07:37:59.401188-07,2026-05-23 07:37:36-07,19041,6641,14926005,1,312529,49.26205062866211,-123.0478515625,1.7454,39,59.06721149354146
2026-05-23 00:00:00,2026-05-23 07:37:59.401188-07,2026-05-23 07:37:27-07,22012,6641,14925853,0,312527,49.26319885253906,-123.1162338256836,9.8583,102,93.50324433459086
2026-05-23 00:00:00,2026-05-23 07:37:59.401188-07,2026-05-23 07:37:26-07,23002,6641,14926002,1,312530,49.26426696777344,-123.17886352539062,8.4935,93,69.84001938439476
2026-05-23 00:00:00,2026-05-23 07:37:59.401188-07,2026-05-23 07:37:37-07,24005,6641,14926003,1,312529,49.26350021362305,-123.12625122070312,7.5492,120,28.669996955214586
2026-05-23 00:00:00,2026-05-23 07:37:59.401188-07,2026-05-23 07:37:33-07,24007,6641,14926006,1,312530,49.26319885253906,-123.0685806274414,0.3869,8,92.72469950915095
2026-05-23 00:00:00,2026-05-23 07:38:30.150561-07,2026-05-23 07:38:02-07,15019,6641,14925854,0,312527,49.26373291015625,-123.1523666381836,7.3224,81,8.811390198439636
2026-05-23 00:00:00,2026-05-23 07:38:30.150561-07,2026-05-23 07:37:46-07,16201,6641,14926001,1,312529,49.263816833496094,-123.20621490478516,13.4337,172,9.507818046606745
2026-05-23 00:00:00,2026-05-23 07:38:30.150561-07,2026-05-23 07:37:47-07,16222,6641,14926004,1,312530,49.262550354003906,-123.09490203857422,2.3085,30,5.029808491432644
2026-05-23 00:00:00,2026-05-23 07:38:30.150561-07,2026-05-23 07:37:45-07,19026,6641,14925855,0,312527,49.26356887817383,-123.22771453857422,1.5845,36,149.23914816608936
2026-05-23 00:00:00,2026-05-23 07:38:30.150561-07,2026-05-23 07:38:08-07,19041,6641,14926005,1,312529,49.26210021972656,-123.05184936523438,2.1218,44,28.147852776921656
2026-05-23 00:00:00,2026-05-23 07:38:30.150561-07,2026-05-23 07:38:06-07,22012,6641,14925853,0,312527,49.26321792602539,-123.11415100097656,10.058,105,45.523993709889105
2026-05-23 00:00:00,2026-05-23 07:38:30.150561-07,2026-05-23 07:37:56-07,23002,6641,14926002,1,312530,49.264366149902344,-123.1845474243164,8.7818,96,55.42487825457479
2026-05-23 00:00:00,2026-05-23 07:38:30.150561-07,2026-05-23 07:38:06-07,24005,6641,14926003,1,312529,49.26350021362305,-123.12625122070312,7.5492,120,28.669996955214586
2026-05-23 00:00:00,2026-05-23 07:38:30.150561-07,2026-05-23 07:38:02-07,24007,6641,14926006,1,312530,49.26319885253906,-123.0685806274414,0.3869,8,92.72469950915095
2026-05-23 00:00:00,2026-05-23 07:39:00.685944-07,2026-05-23 07:38:32-07,15019,6641,14925854,0,312527,49.2636833190918,-123.14924621582031,7.6286,84,80.3909082677907
2026-05-23 00:00:00,2026-05-23 07:39:00.685944-07,2026-05-23 07:38:16-07,16201,6641,14926001,1,312529,49.263851165771484,-123.20890045166016,13.6544,173,16.092300098396855
2026-05-23 00:00:00,2026-05-23 07:39:00.685944-07,2026-05-23 07:38:17-07,16222,6641,14926004,1,312530,49.26286697387695,-123.09766387939453,2.4628,35,47.746194712269315
2026-05-23 00:00:00,2026-05-23 07:39:00.685944-07,2026-05-23 07:38:14-07,19026,6641,14925855,0,312527,49.26369857788086,-123.22232055664062,2.5945,37,466.08600863450374
2026-05-23 00:00:00,2026-05-23 07:39:00.685944-07,2026-05-23 07:38:37-07,19041,6641,14926005,1,312529,49.26210021972656,-123.05570220947266,2.3866,49,13.442619137818916
2026-05-23 00:00:00,2026-05-23 07:39:00.685944-07,2026-05-23 07:38:37-07,22012,6641,14925853,0,312527,49.26316833496094,-123.11064910888672,10.3366,108,22.19103537935872
2026-05-23 00:00:00,2026-05-23 07:39:00.685944-07,2026-05-23 07:38:26-07,23002,6641,14926002,1,312530,49.264366149902344,-123.18563079833984,8.9343,97,18.015207145201465
2026-05-23 00:00:00,2026-05-23 07:39:00.685944-07,2026-05-23 07:38:35-07,24005,6641,14926003,1,312529,49.26348114013672,-123.13027954101562,7.895,122,78.9833041034632
2026-05-23 00:00:00,2026-05-23 07:39:00.685944-07,2026-05-23 07:38:32-07,24007,6641,14926006,1,312530,49.26319885253906,-123.0685806274414,0.3869,8,92.72469950915095
2026-05-23 00:00:00,2026-05-23 07:39:31.280568-07,2026-05-23 07:39:01-07,15019,6641,14925854,0,312527,49.2636833190918,-123.14651489257812,7.8023,85,55.03450754485161
2026-05-23 00:00:00,2026-05-23 07:39:31.280568-07,2026-05-23 07:39:10-07,16201,6641,14926001,1,312529,49.26388168334961,-123.21002960205078,13.6544,173,66.1264670391668
2026-05-23 00:00:00,2026-05-23 07:39:31.280568-07,2026-05-23 07:39:15-07,16222,6641,14926004,1,312530,49.26285171508789,-123.09893035888672,2.6062,37,3.892578925011768
2026-05-23 00:00:00,2026-05-23 07:39:31.280568-07,2026-05-23 07:39:14-07,19026,6641,14925855,0,312527,49.263851165771484,-123.21553039550781,2.6424,38,20.78614842249784
2026-05-23 00:00:00,2026-05-23 07:39:31.280568-07,2026-05-23 07:39:21-07,19041,6641,14926005,1,312529,49.262298583984375,-123.05819702148438,2.5576,57,6.929766556512985
2026-05-23 00:00:00,2026-05-23 07:39:31.280568-07,2026-05-23 07:39:07-07,22012,6641,14925853,0,312527,49.26303482055664,-123.10538482666016,10.7787,113,36.26410217132367
2026-05-23 00:00:00,2026-05-23 07:39:31.280568-07,2026-05-23 07:39:22-07,23002,6641,14926002,1,312530,49.26351547241211,-123.1861343383789,9.0331,99,17.57275286186943
2026-05-23 00:00:00,2026-05-23 07:39:31.280568-07,2026-05-23 07:39:06-07,24005,6641,14926003,1,312529,49.26350021362305,-123.13117980957031,7.895,122,13.774296104419458
2026-05-23 00:00:00,2026-05-23 07:39:31.280568-07,2026-05-23 07:38:32-07,24007,6641,14926006,1,312530,49.26319885253906,-123.0685806274414,0.3869,8,92.72469950915095
2026-05-23 00:00:00,2026-05-23 07:40:02.236781-07,2026-05-23 07:39:31-07,15019,6641,14925854,0,312527,49.2636833190918,-123.1458969116211,7.8023,85,10.362792471478253
2026-05-23 00:00:00,2026-05-23 07:40:02.236781-07,2026-05-23 07:39:40-07,16201,6641,14926001,1,312529,49.263916015625,-123.21437072753906,14.0754,177,38.708799003590855
2026-05-23 00:00:00,2026-05-23 07:40:02.236781-07,2026-05-23 07:39:46-07,16222,6641,14926004,1,312530,49.26293182373047,-123.10128021240234,2.7564,42,17.15853995413432
2026-05-23 00:00:00,2026-05-23 07:40:02.236781-07,2026-05-23 07:39:44-07,19026,6641,14925855,0,312527,49.26390075683594,-123.21354675292969,2.7581,41,10.332670594352432
2026-05-23 00:00:00,2026-05-23 07:40:02.236781-07,2026-05-23 07:39:56-07,19041,6641,14926005,1,312529,49.26234817504883,-123.0645523071289,2.9822,62,42.540257875870594
2026-05-23 00:00:00,2026-05-23 07:40:02.236781-07,2026-05-23 07:39:35-07,22012,6641,14925853,0,312527,49.26298141479492,-123.10379791259766,10.919,114,60.75128921459436
2026-05-23 00:00:00,2026-05-23 07:40:02.236781-07,2026-05-23 07:39:53-07,23002,6641,14926002,1,312530,49.26358413696289,-123.19091796875,9.3931,102,5.6142630154712725
2026-05-23 00:00:00,2026-05-23 07:40:02.236781-07,2026-05-23 07:39:36-07,24005,6641,14926003,1,312529,49.26350021362305,-123.13551330566406,8.2388,125,42.2285036097139
2026-05-23 00:00:00,2026-05-23 07:40:02.236781-07,2026-05-23 07:38:32-07,24007,6641,14926006,1,312530,49.26319885253906,-123.0685806274414,0.3869,8,92.72469950915095
2026-05-23 00:00:00,2026-05-23 07:40:32.972562-07,2026-05-23 07:40:01-07,15019,6641,14925854,0,312527,49.26359939575195,-123.14163208007812,8.1467,87,43.93678866690116
2026-05-23 00:00:00,2026-05-23 07:40:32.972562-07,2026-05-23 07:40:11-07,16201,6641,14926001,1,312529,49.263851165771484,-123.21973419189453,14.1504,180,278.4618883802209
2026-05-23 00:00:00,2026-05-23 07:40:32.972562-07,2026-05-23 07:40:15-07,16222,6641,14926004,1,312530,49.263065338134766,-123.10459899902344,3.0364,45,21.524282656698375
2026-05-23 00:00:00,2026-05-23 07:40:32.972562-07,2026-05-23 07:40:14-07,19026,6641,14925855,0,312527,49.263816833496094,-123.2087173461914,3.0906,44,29.367862369138397
2026-05-23 00:00:00,2026-05-23 07:40:32.972562-07,2026-05-23 07:40:21-07,19041,6641,14926005,1,312529,49.26238250732422,-123.06635284423828,3.1512,64,6.126501399986607
2026-05-23 00:00:00,2026-05-23 07:40:32.972562-07,2026-05-23 07:40:06-07,22012,6641,14925853,0,312527,49.262916564941406,-123.10137939453125,11.0585,115,24.26528042003867
2026-05-23 00:00:00,2026-05-23 07:40:32.972562-07,2026-05-23 07:39:54-07,23002,6641,14926002,1,312530,49.26358413696289,-123.19091796875,9.3931,102,5.6142630154712725
2026-05-23 00:00:00,2026-05-23 07:40:32.972562-07,2026-05-23 07:40:06-07,24005,6641,14926003,1,312529,49.263465881347656,-123.1358642578125,8.2388,125,19.31632744876247
2026-05-23 00:00:00,2026-05-23 07:40:32.972562-07,2026-05-23 07:38:32-07,24007,6641,14926006,1,312530,49.26319885253906,-123.0685806274414,0.3869,8,92.72469950915095
2026-05-23 00:00:00,2026-05-23 07:41:03.544493-07,2026-05-23 07:40:32-07,15019,6641,14925854,0,312527,49.26359939575195,-123.14128112792969,8.1467,87,18.51179418874962
2026-05-23 00:00:00,2026-05-23 07:41:03.544493-07,2026-05-23 07:40:41-07,16201,6641,14926001,1,312529,49.26371765136719,-123.22534942626953,15.1734,181,333.7393909514057
2026-05-23 00:00:00,2026-05-23 07:41:03.544493-07,2026-05-23 07:40:46-07,16222,6641,14926004,1,312530,49.263065338134766,-123.1047134399414,3.0364,45,13.69557711882647
2026-05-23 00:00:00,2026-05-23 07:41:03.544493-07,2026-05-23 07:40:40-07,19026,6641,14925855,0,312527,49.263816833496094,-123.208251953125,3.0906,44,63.09686266837047
2026-05-23 00:00:00,2026-05-23 07:41:03.544493-07,2026-05-23 07:40:52-07,19041,6641,14926005,1,312529,49.26240158081055,-123.06873321533203,3.334,69,10.518724729685353
2026-05-23 00:00:00,2026-05-23 07:41:03.544493-07,2026-05-23 07:40:37-07,22012,6641,14925853,0,312527,49.2628173828125,-123.0998306274414,11.1692,118,22.924284877973825
2026-05-23 00:00:00,2026-05-23 07:41:03.544493-07,2026-05-23 07:40:25-07,23002,6641,14926002,1,312530,49.2636833190918,-123.19644927978516,9.8395,106,38.00047587158518
2026-05-23 00:00:00,2026-05-23 07:41:03.544493-07,2026-05-23 07:40:37-07,24005,6641,14926003,1,312529,49.26359939575195,-123.1384506225586,8.4189,127,8.164195525998803
2026-05-23 00:00:00,2026-05-23 07:41:03.544493-07,2026-05-23 07:38:32-07,24007,6641,14926006,1,312530,49.26319885253906,-123.0685806274414,0.3869,8,92.72469950915095
2026-05-23 00:00:00,2026-05-23 07:41:34.136576-07,2026-05-23 07:41:01-07,15019,6641,14925854,0,312527,49.26353454589844,-123.1399154663086,8.2755,89,48.26687028939823
2026-05-23 00:00:00,2026-05-23 07:41:34.136576-07,2026-05-23 07:41:10-07,16201,6641,14926001,1,312529,49.263633728027344,-123.2309341430664,15.2319,184,13.56279145269355
2026-05-23 00:00:00,2026-05-23 07:41:34.136576-07,2026-05-23 07:41:02-07,16222,6641,14926004,1,312530,49.2630500793457,-123.10486602783203,3.0362,44,4.161179277830979
2026-05-23 00:00:00,2026-05-23 07:41:34.136576-07,2026-05-23 07:41:10-07,19026,6641,14925855,0,312527,49.26380157470703,-123.20638275146484,3.3113,45,21.275526933244674
2026-05-23 00:00:00,2026-05-23 07:41:34.136576-07,2026-05-23 07:41:22-07,19041,6641,14926005,1,312529,49.26240158081055,-123.06873321533203,3.334,69,10.518724729685353
2026-05-23 00:00:00,2026-05-23 07:41:34.136576-07,2026-05-23 07:41:09-07,22012,6641,14925853,0,312527,49.2628173828125,-123.09964752197266,11.1692,118,10.707190127938418
2026-05-23 00:00:00,2026-05-23 07:41:34.136576-07,2026-05-23 07:41:22-07,23002,6641,14926002,1,312530,49.263832092285156,-123.20738220214844,10.5037,112,93.87767076769327
2026-05-23 00:00:00,2026-05-23 07:41:34.136576-07,2026-05-23 07:41:20-07,24005,6641,14926003,1,312529,49.2636833190918,-123.14053344726562,8.5982,129,36.56304798054053
2026-05-23 00:00:00,2026-05-23 07:41:34.136576-07,2026-05-23 07:38:32-07,24007,6641,14926006,1,312530,49.26319885253906,-123.0685806274414,0.3869,8,92.72469950915095
2026-05-23 00:00:00,2026-05-23 07:42:04.703158-07,2026-05-23 07:41:51-07,15019,6641,14925854,0,312527,49.26353454589844,-123.13700103759766,8.3773,91,62.470794969009596
2026-05-23 00:00:00,2026-05-23 07:42:04.703158-07,2026-05-23 07:41:41-07,16201,6641,14926001,1,312529,49.265682220458984,-123.2354965209961,15.663,194,8.191495195273678
2026-05-23 00:00:00,2026-05-23 07:42:04.703158-07,2026-05-23 07:41:32-07,16222,6641,14926004,1,312530,49.26314926147461,-123.1094970703125,3.3714,48,3.3891409802451764
2026-05-23 00:00:00,2026-05-23 07:42:04.703158-07,2026-05-23 07:41:41-07,19026,6641,14925855,0,312527,49.26371765136719,-123.20176696777344,3.5355,47,90.3151823663923
2026-05-23 00:00:00,2026-05-23 07:42:04.703158-07,2026-05-23 07:41:43-07,19041,6641,14926005,1,312529,49.26240158081055,-123.06873321533203,3.334,69,10.518724729685353
2026-05-23 00:00:00,2026-05-23 07:42:04.703158-07,2026-05-23 07:41:41-07,22012,6641,14925853,0,312527,49.262516021728516,-123.09503173828125,11.5064,126,5.72324594306574
2026-05-23 00:00:00,2026-05-23 07:42:04.703158-07,2026-05-23 07:41:25-07,23002,6641,14926002,1,312530,49.263832092285156,-123.20738220214844,10.5037,112,93.87767076769327
2026-05-23 00:00:00,2026-05-23 07:42:04.703158-07,2026-05-23 07:41:51-07,24005,6641,14926003,1,312529,49.26369857788086,-123.14068603515625,8.5982,129,26.400917666293648
2026-05-23 00:00:00,2026-05-23 07:42:04.703158-07,2026-05-23 07:38:32-07,24007,6641,14926006,1,312530,49.26319885253906,-123.0685806274414,0.3869,8,92.72469950915095
2026-05-23 00:00:00,2026-05-23 07:42:35.409652-07,2026-05-23 07:42:21-07,15019,6641,14925854,0,312527,49.26348114013672,-123.13285064697266,8.6788,94,63.231306285129776
2026-05-23 00:00:00,2026-05-23 07:42:35.409652-07,2026-05-23 07:42:09-07,16201,6641,14926001,1,312529,49.26701736450195,-123.2403335571289,16.0358,204,15.8793188606502
2026-05-23 00:00:00,2026-05-23 07:42:35.409652-07,2026-05-23 07:42:02-07,16222,6641,14926004,1,312530,49.26319885253906,-123.1107177734375,3.4784,49,18.052426035277882
2026-05-23 00:00:00,2026-05-23 07:42:35.409652-07,2026-05-23 07:42:09-07,19026,6641,14925855,0,312527,49.263633728027344,-123.19625091552734,4.0712,52,43.17070012798657
2026-05-23 00:00:00,2026-05-23 07:42:35.409652-07,2026-05-23 07:42:16-07,19041,6641,14926005,1,312529,49.262367248535156,-123.0689697265625,3.3463,70,5.553511918505576
2026-05-23 00:00:00,2026-05-23 07:42:35.409652-07,2026-05-23 07:42:08-07,22012,6641,14925853,0,312527,49.26243209838867,-123.08976745605469,11.9299,131,46.228555120298815
2026-05-23 00:00:00,2026-05-23 07:42:35.409652-07,2026-05-23 07:41:56-07,23002,6641,14926002,1,312530,49.263851165771484,-123.20864868164062,10.7243,113,34.31440232451641
2026-05-23 00:00:00,2026-05-23 07:42:35.409652-07,2026-05-23 07:42:21-07,24005,6641,14926003,1,312529,49.26371765136719,-123.14366912841797,8.7721,131,19.519842191604788
2026-05-23 00:00:00,2026-05-23 07:42:35.409652-07,2026-05-23 07:38:32-07,24007,6641,14926006,1,312530,49.26319885253906,-123.0685806274414,0.3869,8,92.72469950915095
2026-05-23 00:00:00,2026-05-23 07:43:06.272855-07,2026-05-23 07:42:52-07,15019,6641,14925854,0,312527,49.263450622558594,-123.1279525756836,9.0222,96,76.22633742045194
2026-05-23 00:00:00,2026-05-23 07:43:06.272855-07,2026-05-23 07:42:40-07,16201,6641,14926001,1,312529,49.26654815673828,-123.24466705322266,16.3318,210,41.45964475444463
2026-05-23 00:00:00,2026-05-23 07:43:06.272855-07,2026-05-23 07:42:31-07,16222,6641,14926004,1,312530,49.26321792602539,-123.11315155029297,3.6196,50,19.300416463101072
2026-05-23 00:00:00,2026-05-23 07:43:06.272855-07,2026-05-23 07:42:40-07,19026,6641,14925855,0,312527,49.2635498046875,-123.19076538085938,4.422,56,6.256804746568964
2026-05-23 00:00:00,2026-05-23 07:43:06.272855-07,2026-05-23 07:42:56-07,19041,6641,14926005,1,312529,49.26240158081055,-123.07393646240234,3.6876,75,21.60276693760498
2026-05-23 00:00:00,2026-05-23 07:43:06.272855-07,2026-05-23 07:42:38-07,22012,6641,14925853,0,312527,49.26240158081055,-123.08856964111328,11.9299,131,41.98867188914551
2026-05-23 00:00:00,2026-05-23 07:43:06.272855-07,2026-05-23 07:42:29-07,23002,6641,14926002,1,312530,49.26388168334961,-123.20999908447266,10.7243,113,63.918783982561024
2026-05-23 00:00:00,2026-05-23 07:43:06.272855-07,2026-05-23 07:42:50-07,24005,6641,14926003,1,312529,49.26373291015625,-123.14533233642578,8.9427,132,31.00612288625619
2026-05-23 00:00:00,2026-05-23 07:43:06.272855-07,2026-05-23 07:38:32-07,24007,6641,14926006,1,312530,49.26319885253906,-123.0685806274414,0.3869,8,92.72469950915095
2026-05-23 00:00:00,2026-05-23 07:43:36.880079-07,2026-05-23 07:42:52-07,15019,6641,14925854,0,312527,49.263450622558594,-123.1279525756836,9.0222,96,76.22633742045194
2026-05-23 00:00:00,2026-05-23 07:43:36.880079-07,2026-05-23 07:43:18-07,16201,6641,14926001,1,312529,49.266517639160156,-123.24503326416016,16.4301,211,30.344605240855955
2026-05-23 00:00:00,2026-05-23 07:43:36.880079-07,2026-05-23 07:43:02-07,16222,6641,14926004,1,312530,49.263248443603516,-123.1143798828125,3.757,52,29.308671124573074
2026-05-23 00:00:00,2026-05-23 07:43:36.880079-07,2026-05-23 07:43:10-07,19026,6641,14925855,0,312527,49.26350021362305,-123.18601989746094,4.7818,58,9.099692629917598
2026-05-23 00:00:00,2026-05-23 07:43:36.880079-07,2026-05-23 07:43:22-07,19041,6641,14926005,1,312529,49.262481689453125,-123.07794952392578,3.9771,80,25.664671843729987
2026-05-23 00:00:00,2026-05-23 07:43:36.880079-07,2026-05-23 07:43:06-07,22012,6641,14925853,0,312527,49.26240158081055,-123.0882339477539,11.9299,131,65.99375224724919
2026-05-23 00:00:00,2026-05-23 07:43:36.880079-07,2026-05-23 07:43:00-07,23002,6641,14926002,1,312530,49.26396560668945,-123.21471405029297,11.1454,117,14.504062740446365
2026-05-23 00:00:00,2026-05-23 07:43:36.880079-07,2026-05-23 07:43:21-07,24005,6641,14926003,1,312529,49.26371765136719,-123.14751434326172,9.1164,133,45.62529933496601
2026-05-23 00:00:00,2026-05-23 07:43:36.880079-07,2026-05-23 07:38:32-07,24007,6641,14926006,1,312530,49.26319885253906,-123.0685806274414,0.3869,8,92.72469950915095
2026-05-23 00:00:00,2026-05-23 07:44:07.440971-07,2026-05-23 07:43:23-07,15019,6641,14925854,0,312527,49.263465881347656,-123.12699890136719,9.1958,97,28.35983572204542
2026-05-23 00:00:00,2026-05-23 07:44:07.440971-07,2026-05-23 07:43:46-07,16201,6641,14926001,1,312529,49.26748275756836,-123.24641418457031,16.5509,213,13.188989202607056
2026-05-23 00:00:00,2026-05-23 07:44:07.440971-07,2026-05-23 07:43:33-07,16222,6641,14926004,1,312530,49.2633171081543,-123.11647033691406,3.9567,55,76.53244915533855
2026-05-23 00:00:00,2026-05-23 07:44:07.440971-07,2026-05-23 07:43:40-07,19026,6641,14925855,0,312527,49.26433181762695,-123.18568420410156,4.8807,60,14.758741573166054
2026-05-23 00:00:00,2026-05-23 07:44:07.440971-07,2026-05-23 07:43:52-07,19041,6641,14926005,1,312529,49.262481689453125,-123.0785140991211,3.9771,80,65.41055857237616
2026-05-23 00:00:00,2026-05-23 07:44:07.440971-07,2026-05-23 07:43:37-07,22012,6641,14925853,0,312527,49.26241683959961,-123.08558654785156,12.2116,133,23.73604673463312
2026-05-23 00:00:00,2026-05-23 07:44:07.440971-07,2026-05-23 07:43:31-07,23002,6641,14926002,1,312530,49.263832092285156,-123.22090148925781,11.2204,120,363.16642903093793
2026-05-23 00:00:00,2026-05-23 07:44:07.440971-07,2026-05-23 07:43:51-07,24005,6641,14926003,1,312529,49.26374816894531,-123.15149688720703,9.4226,136,62.00927236435039
2026-05-23 00:00:00,2026-05-23 07:44:07.440971-07,2026-05-23 07:38:32-07,24007,6641,14926006,1,312530,49.26319885253906,-123.0685806274414,0.3869,8,92.72469950915095
2026-05-23 00:00:00,2026-05-23 07:44:38.258193-07,2026-05-23 07:44:21-07,15019,6641,14925854,0,312527,49.263282775878906,-123.12200164794922,9.5453,99,13.789196492276664
2026-05-23 00:00:00,2026-05-23 07:44:38.258193-07,2026-05-23 07:44:17-07,16201,6641,14926001,1,312529,49.268882751464844,-123.24766540527344,16.7536,221,6.214750763413231
2026-05-23 00:00:00,2026-05-23 07:44:38.258193-07,2026-05-23 07:44:02-07,16222,6641,14926004,1,312530,49.2633171081543,-123.11644744873047,3.9567,55,78.1855624639674
2026-05-23 00:00:00,2026-05-23 07:44:38.258193-07,2026-05-23 07:44:17-07,19026,6641,14925855,0,312527,49.26433181762695,-123.18416595458984,5.0332,61,27.646927836639094
2026-05-23 00:00:00,2026-05-23 07:44:38.258193-07,2026-05-23 07:44:20-07,19041,6641,14926005,1,312529,49.262451171875,-123.08113098144531,4.2513,82,19.019714901132257
2026-05-23 00:00:00,2026-05-23 07:44:38.258193-07,2026-05-23 07:44:05-07,22012,6641,14925853,0,312527,49.26238250732422,-123.08132934570312,12.4937,135,6.4573723397589555
2026-05-23 00:00:00,2026-05-23 07:44:38.258193-07,2026-05-23 07:43:59-07,23002,6641,14926002,1,312530,49.2636833190918,-123.22723388671875,12.2434,121,196.94326209274863
2026-05-23 00:00:00,2026-05-23 07:44:38.258193-07,2026-05-23 07:44:20-07,24005,6641,14926003,1,312529,49.26374816894531,-123.15238189697266,9.4257,137,7.1163791619677825
2026-05-23 00:00:00,2026-05-23 07:44:38.258193-07,2026-05-23 07:38:32-07,24007,6641,14926006,1,312530,49.26319885253906,-123.0685806274414,0.3869,8,92.72469950915095
2026-05-23 00:00:00,2026-05-23 07:45:08.84499-07,2026-05-23 07:44:21-07,15019,6641,14925854,0,312527,49.263282775878906,-123.12200164794922,9.5453,99,13.789196492276664
2026-05-23 00:00:00,2026-05-23 07:45:08.84499-07,2026-05-23 07:44:17-07,16201,6641,14926001,1,312529,49.268882751464844,-123.24766540527344,16.7536,221,6.214750763413231
2026-05-23 00:00:00,2026-05-23 07:45:08.84499-07,2026-05-23 07:44:32-07,16222,6641,14926004,1,312530,49.2633171081543,-123.1164321899414,3.9567,55,79.28781786237955
2026-05-23 00:00:00,2026-05-23 07:45:08.84499-07,2026-05-23 07:44:47-07,19026,6641,14925855,0,312527,49.26423263549805,-123.17913055419922,5.3215,64,50.62511076048296
2026-05-23 00:00:00,2026-05-23 07:45:08.84499-07,2026-05-23 07:44:56-07,19041,6641,14926005,1,312529,49.262481689453125,-123.08478546142578,4.5334,84,34.91488030632723
2026-05-23 00:00:00,2026-05-23 07:45:08.84499-07,2026-05-23 07:44:35-07,22012,6641,14925853,0,312527,49.2623176574707,-123.07793426513672,12.7679,137,24.090707849305087
2026-05-23 00:00:00,2026-05-23 07:45:08.84499-07,2026-05-23 07:44:30-07,23002,6641,14926002,1,312530,49.264251708984375,-123.23316955566406,12.4906,130,3.2223316609218635
2026-05-23 00:00:00,2026-05-23 07:45:08.84499-07,2026-05-23 07:44:51-07,24005,6641,14926003,1,312529,49.263916015625,-123.15436553955078,9.6376,139,68.01051950187511
2026-05-23 00:00:00,2026-05-23 07:45:08.84499-07,2026-05-23 07:38:32-07,24007,6641,14926006,1,312530,49.26319885253906,-123.0685806274414,0.3869,8,92.72469950915095
2026-05-23 00:00:00,2026-05-23 07:45:39.414615-07,2026-05-23 07:44:52-07,15019,6641,14925854,0,312527,49.263282775878906,-123.12083435058594,9.6854,100,68.17661851836885
2026-05-23 00:00:00,2026-05-23 07:45:39.414615-07,2026-05-23 07:44:17-07,16201,6641,14926001,1,312529,49.268882751464844,-123.24766540527344,16.7536,221,6.214750763413231
2026-05-23 00:00:00,2026-05-23 07:45:39.414615-07,2026-05-23 07:45:15-07,16222,6641,14926004,1,312530,49.2633171081543,-123.11651611328125,3.9567,55,73.2272741751944
2026-05-23 00:00:00,2026-05-23 07:45:39.414615-07,2026-05-23 07:45:18-07,19026,6641,14925855,0,312527,49.264183044433594,-123.1751480102539,5.6073,66,54.61150775478054
2026-05-23 00:00:00,2026-05-23 07:45:39.414615-07,2026-05-23 07:45:22-07,19041,6641,14926005,1,312529,49.26256561279297,-123.08878326416016,4.8151,86,27.164366473685437
2026-05-23 00:00:00,2026-05-23 07:45:39.414615-07,2026-05-23 07:45:07-07,22012,6641,14925853,0,312527,49.262298583984375,-123.07783508300781,12.7679,137,18.629788388720826
2026-05-23 00:00:00,2026-05-23 07:45:39.414615-07,2026-05-23 07:44:59-07,23002,6641,14926002,1,312530,49.266700744628906,-123.2379150390625,12.9553,139,17.39472409202698
2026-05-23 00:00:00,2026-05-23 07:45:39.414615-07,2026-05-23 07:45:06-07,24005,6641,14926003,1,312529,49.26386642456055,-123.15474700927734,9.6376,139,40.058748032379846
2026-05-23 00:00:00,2026-05-23 07:45:39.414615-07,2026-05-23 07:38:32-07,24007,6641,14926006,1,312530,49.26319885253906,-123.0685806274414,0.3869,8,92.72469950915095
2026-05-23 00:00:00,2026-05-23 07:46:10.024887-07,2026-05-23 07:45:44-07,15019,6641,14925854,0,312527,49.263267517089844,-123.11976623535156,9.6854,100,9.830733300485841
2026-05-23 00:00:00,2026-05-23 07:46:10.024887-07,2026-05-23 07:44:17-07,16201,6641,14926001,1,312529,49.268882751464844,-123.24766540527344,16.7536,221,6.214750763413231
2026-05-23 00:00:00,2026-05-23 07:46:10.024887-07,2026-05-23 07:45:42-07,16222,6641,14926004,1,312530,49.2633171081543,-123.11933135986328,4.1296,57,40.97379991745374
2026-05-23 00:00:00,2026-05-23 07:46:10.024887-07,2026-05-23 07:45:48-07,19026,6641,14925855,0,312527,49.26409912109375,-123.17009735107422,6.0317,71,1.8564728038151568
2026-05-23 00:00:00,2026-05-23 07:46:10.024887-07,2026-05-23 07:45:47-07,19041,6641,14926005,1,312529,49.26256561279297,-123.08888244628906,4.8151,86,20.550046161197752
2026-05-23 00:00:00,2026-05-23 07:46:10.024887-07,2026-05-23 07:45:47-07,22012,6641,14925853,0,312527,49.2623176574707,-123.07608032226562,12.9163,140,36.595443624113486
2026-05-23 00:00:00,2026-05-23 07:46:10.024887-07,2026-05-23 07:45:31-07,23002,6641,14926002,1,312530,49.26675033569336,-123.24348449707031,13.4017,150,47.64706534248355
2026-05-23 00:00:00,2026-05-23 07:46:10.024887-07,2026-05-23 07:45:36-07,24005,6641,14926003,1,312529,49.26390075683594,-123.15637969970703,9.6376,139,78.54349682047508
2026-05-23 00:00:00,2026-05-23 07:46:10.024887-07,2026-05-23 07:38:32-07,24007,6641,14926006,1,312530,49.26319885253906,-123.0685806274414,0.3869,8,92.72469950915095
2026-05-23 00:00:00,2026-05-23 07:46:40.770402-07,2026-05-23 07:46:14-07,15019,6641,14925854,0,312527,49.26323318481445,-123.11741638183594,9.8583,102,7.747952050029803
2026-05-23 00:00:00,2026-05-23 07:46:40.770402-07,2026-05-23 07:44:17-07,16201,6641,14926001,1,312529,49.268882751464844,-123.24766540527344,16.7536,221,6.214750763413231
2026-05-23 00:00:00,2026-05-23 07:46:40.770402-07,2026-05-23 07:46:15-07,16222,6641,14926004,1,312530,49.26340103149414,-123.12229919433594,4.2697,58,36.07585457309562
2026-05-23 00:00:00,2026-05-23 07:46:40.770402-07,2026-05-23 07:46:18-07,19026,6641,14925855,0,312527,49.264068603515625,-123.16853332519531,6.171,72,27.11917462960592
2026-05-23 00:00:00,2026-05-23 07:46:40.770402-07,2026-05-23 07:46:21-07,19041,6641,14926005,1,312529,49.2625846862793,-123.09003448486328,4.8151,86,66.2624408662828
2026-05-23 00:00:00,2026-05-23 07:46:40.770402-07,2026-05-23 07:46:20-07,22012,6641,14925853,0,312527,49.262332916259766,-123.07125091552734,13.1927,143,38.91735699042399
2026-05-23 00:00:00,2026-05-23 07:46:40.770402-07,2026-05-23 07:46:06-07,23002,6641,14926002,1,312530,49.26653289794922,-123.2450180053711,13.5001,151,31.80171122123897
2026-05-23 00:00:00,2026-05-23 07:46:40.770402-07,2026-05-23 07:46:05-07,24005,6641,14926003,1,312529,49.26398468017578,-123.162353515625,10.1553,142,4.102932132632646
2026-05-23 00:00:00,2026-05-23 07:46:40.770402-07,2026-05-23 07:38:32-07,24007,6641,14926006,1,312530,49.26319885253906,-123.0685806274414,0.3869,8,92.72469950915095
2026-05-23 00:00:00,2026-05-23 07:47:11.501346-07,2026-05-23 07:46:44-07,15019,6641,14925854,0,312527,49.26319885253906,-123.1142807006836,10.058,105,36.09064707750283
2026-05-23 00:00:00,2026-05-23 07:47:11.501346-07,2026-05-23 07:44:17-07,16201,6641,14926001,1,312529,49.268882751464844,-123.24766540527344,16.7536,221,6.214750763413231
2026-05-23 00:00:00,2026-05-23 07:47:11.501346-07,2026-05-23 07:46:41-07,16222,6641,14926004,1,312530,49.26340103149414,-123.12256622314453,4.2697,58,55.020663794129256
2026-05-23 00:00:00,2026-05-23 07:47:11.501346-07,2026-05-23 07:46:47-07,19026,6641,14925855,0,312527,49.264015197753906,-123.16751861572266,6.171,72,47.09522203902527
2026-05-23 00:00:00,2026-05-23 07:47:11.501346-07,2026-05-23 07:46:52-07,19041,6641,14926005,1,312529,49.262550354003906,-123.09293365478516,5.0964,88,6.892169895077487
2026-05-23 00:00:00,2026-05-23 07:47:11.501346-07,2026-05-23 07:46:49-07,22012,6641,14925853,0,312527,49.26234817504883,-123.07003021240234,13.3378,144,17.317299311387853
2026-05-23 00:00:00,2026-05-23 07:47:11.501346-07,2026-05-23 07:46:36-07,23002,6641,14926002,1,312530,49.26713180541992,-123.24608612060547,13.5955,152,8.588259736674896
2026-05-23 00:00:00,2026-05-23 07:47:11.501346-07,2026-05-23 07:46:35-07,24005,6641,14926003,1,312529,49.26411819458008,-123.16743469238281,10.574,145,52.80146283576655
2026-05-23 00:00:00,2026-05-23 07:47:11.501346-07,2026-05-23 07:38:32-07,24007,6641,14926006,1,312530,49.26319885253906,-123.0685806274414,0.3869,8,92.72469950915095
2026-05-23 00:00:00,2026-05-23 07:47:42.075116-07,2026-05-23 07:47:18-07,15019,6641,14925854,0,312527,49.26323318481445,-123.11406707763672,10.058,105,51.68943941893203
2026-05-23 00:00:00,2026-05-23 07:47:42.075116-07,2026-05-23 07:44:17-07,16201,6641,14926001,1,312529,49.268882751464844,-123.24766540527344,16.7536,221,6.214750763413231
2026-05-23 00:00:00,2026-05-23 07:47:42.075116-07,2026-05-23 07:47:10-07,16222,6641,14926004,1,312530,49.263465881347656,-123.12596893310547,4.6192,60,47.63896002680922
2026-05-23 00:00:00,2026-05-23 07:47:42.075116-07,2026-05-23 07:47:18-07,19026,6641,14925855,0,312527,49.264015197753906,-123.16751861572266,6.171,72,47.09522203902527
2026-05-23 00:00:00,2026-05-23 07:47:42.075116-07,2026-05-23 07:47:20-07,19041,6641,14926005,1,312529,49.26285171508789,-123.09703063964844,5.3928,95,7.474864131585601
2026-05-23 00:00:00,2026-05-23 07:47:42.075116-07,2026-05-23 07:47:17-07,22012,6641,14925853,0,312527,49.263118743896484,-123.0696792602539,13.4154,147,12.906112204987087
2026-05-23 00:00:00,2026-05-23 07:47:42.075116-07,2026-05-23 07:47:06-07,23002,6641,14926002,1,312530,49.26863479614258,-123.24732971191406,13.7849,158,8.733327179997739
2026-05-23 00:00:00,2026-05-23 07:47:42.075116-07,2026-05-23 07:47:06-07,24005,6641,14926003,1,312529,49.26409912109375,-123.16791534423828,10.574,145,17.879787159368835
2026-05-23 00:00:00,2026-05-23 07:47:42.075116-07,2026-05-23 07:38:32-07,24007,6641,14926006,1,312530,49.26319885253906,-123.0685806274414,0.3869,8,92.72469950915095
2026-05-23 00:00:00,2026-05-23 07:48:12.62496-07,2026-05-23 07:47:48-07,15019,6641,14925854,0,312527,49.26318359375,-123.11090087890625,10.3366,108,5.637272200273288
2026-05-23 00:00:00,2026-05-23 07:48:12.62496-07,2026-05-23 07:44:17-07,16201,6641,14926001,1,312529,49.268882751464844,-123.24766540527344,16.7536,221,6.214750763413231
2026-05-23 00:00:00,2026-05-23 07:48:12.62496-07,2026-05-23 07:47:41-07,16222,6641,14926004,1,312530,49.26350021362305,-123.12728118896484,4.6192,60,49.17968309543853
2026-05-23 00:00:00,2026-05-23 07:48:12.62496-07,2026-05-23 07:47:30-07,19026,6641,14925855,0,312527,49.2640495300293,-123.16703033447266,6.2929,73,39.49853029786778
2026-05-23 00:00:00,2026-05-23 07:48:12.62496-07,2026-05-23 07:47:53-07,19041,6641,14926005,1,312529,49.262882232666016,-123.09784698486328,5.3928,95,61.118928551228464
2026-05-23 00:00:00,2026-05-23 07:48:12.62496-07,2026-05-23 07:47:48-07,22012,6641,14925853,0,312527,49.2634162902832,-123.06964874267578,13.4776,149,20.55074500034425
2026-05-23 00:00:00,2026-05-23 07:48:12.62496-07,2026-05-23 07:47:06-07,23002,6641,14926002,1,312530,49.26863479614258,-123.24732971191406,13.7849,158,8.733327179997739
2026-05-23 00:00:00,2026-05-23 07:48:12.62496-07,2026-05-23 07:47:36-07,24005,6641,14926003,1,312529,49.26409912109375,-123.16798400878906,10.574,145,12.946209651696453
2026-05-23 00:00:00,2026-05-23 07:48:12.62496-07,2026-05-23 07:38:32-07,24007,6641,14926006,1,312530,49.26319885253906,-123.0685806274414,0.3869,8,92.72469950915095
2026-05-23 00:00:00,2026-05-23 07:48:43.719704-07,2026-05-23 07:48:18-07,15019,6641,14925854,0,312527,49.26303482055664,-123.106201171875,10.6369,111,45.72658787889756
2026-05-23 00:00:00,2026-05-23 07:48:43.719704-07,2026-05-23 07:47:52-07,16201,6641,14925856,0,312527,49.26744842529297,-123.24690246582031,0.1448,2,27.29964267021652
2026-05-23 00:00:00,2026-05-23 07:48:43.719704-07,2026-05-23 07:48:11-07,16222,6641,14926004,1,312530,49.2635498046875,-123.13273620605469,5.1362,63,71.46458747662068
2026-05-23 00:00:00,2026-05-23 07:48:43.719704-07,2026-05-23 07:48:01-07,19026,6641,14925855,0,312527,49.26396560668945,-123.16231536865234,6.5897,75,7.133906123994668
2026-05-23 00:00:00,2026-05-23 07:48:43.719704-07,2026-05-23 07:48:22-07,19041,6641,14926005,1,312529,49.2629508972168,-123.10164642333984,5.6865,102,43.81418893468964
2026-05-23 00:00:00,2026-05-23 07:48:43.719704-07,2026-05-23 07:48:17-07,22012,6641,14926007,1,312530,49.263301849365234,-123.06881713867188,0.0,1,77.84582507162303
2026-05-23 00:00:00,2026-05-23 07:48:43.719704-07,2026-05-23 07:47:06-07,23002,6641,14926002,1,312530,49.26863479614258,-123.24732971191406,13.7849,158,8.733327179997739
2026-05-23 00:00:00,2026-05-23 07:48:43.719704-07,2026-05-23 07:48:06-07,24005,6641,14926003,1,312529,49.26416778564453,-123.17289733886719,10.8578,148,60.977528816014924
2026-05-23 00:00:00,2026-05-23 07:48:43.719704-07,2026-05-23 07:38:32-07,24007,6641,14926006,1,312530,49.26319885253906,-123.0685806274414,0.3869,8,92.72469950915095
2026-05-23 00:00:00,2026-05-23 07:49:14.323497-07,2026-05-23 07:48:47-07,15019,6641,14925854,0,312527,49.26293182373047,-123.10220336914062,10.919,114,55.11609520030764
2026-05-23 00:00:00,2026-05-23 07:49:14.323497-07,2026-05-23 07:48:28-07,16201,6641,14925856,0,312527,49.2675666809082,-123.24671936035156,0.1448,2,9.428355512622566
2026-05-23 00:00:00,2026-05-23 07:49:14.323497-07,2026-05-23 07:48:40-07,16222,6641,14926004,1,312530,49.26348114013672,-123.13584899902344,5.3087,65,19.433595368437658
2026-05-23 00:00:00,2026-05-23 07:49:14.323497-07,2026-05-23 07:48:29-07,19026,6641,14925855,0,312527,49.26388168334961,-123.15715026855469,6.9369,77,35.66721776715245
2026-05-23 00:00:00,2026-05-23 07:49:14.323497-07,2026-05-23 07:48:52-07,19041,6641,14926005,1,312529,49.263084411621094,-123.10459899902344,5.9664,105,22.181228255328328
2026-05-23 00:00:00,2026-05-23 07:49:14.323497-07,2026-05-23 07:48:45-07,22012,6641,14926007,1,312530,49.263301849365234,-123.06880187988281,0.0,1,78.77688315427007
2026-05-23 00:00:00,2026-05-23 07:49:14.323497-07,2026-05-23 07:47:06-07,23002,6641,14926002,1,312530,49.26863479614258,-123.24732971191406,13.7849,158,8.733327179997739
2026-05-23 00:00:00,2026-05-23 07:49:14.323497-07,2026-05-23 07:48:35-07,24005,6641,14926003,1,312529,49.264198303222656,-123.17565155029297,11.1377,151,18.035742737120252
2026-05-23 00:00:00,2026-05-23 07:49:44.933257-07,2026-05-23 07:49:17-07,15019,6641,14925854,0,312527,49.26283264160156,-123.10037994384766,11.1139,117,9.46442383871252
2026-05-23 00:00:00,2026-05-23 07:49:44.933257-07,2026-05-23 07:48:56-07,16201,6641,14925856,0,312527,49.26641845703125,-123.24486541748047,0.3841,6,23.187616031314686
2026-05-23 00:00:00,2026-05-23 07:49:44.933257-07,2026-05-23 07:49:11-07,16222,6641,14926004,1,312530,49.26353454589844,-123.13690185546875,5.3087,64,59.05163169321193
2026-05-23 00:00:00,2026-05-23 07:49:44.933257-07,2026-05-23 07:49:14-07,19026,6641,14925855,0,312527,49.263816833496094,-123.15460205078125,7.1074,78,50.810779056693235
2026-05-23 00:00:00,2026-05-23 07:49:44.933257-07,2026-05-23 07:49:18-07,19041,6641,14926005,1,312529,49.263084411621094,-123.10459899902344,5.9664,105,22.181228255328328
2026-05-23 00:00:00,2026-05-23 07:49:44.933257-07,2026-05-23 07:49:16-07,22012,6641,14926007,1,312530,49.263301849365234,-123.06880187988281,0.0,1,78.77688315427007
2026-05-23 00:00:00,2026-05-23 07:49:44.933257-07,2026-05-23 07:47:06-07,23002,6641,14926002,1,312530,49.26863479614258,-123.24732971191406,13.7849,158,8.733327179997739
2026-05-23 00:00:00,2026-05-23 07:49:44.933257-07,2026-05-23 07:49:06-07,24005,6641,14926003,1,312529,49.26426696777344,-123.17958068847656,11.4235,153,17.80187463454399
2026-05-23 00:00:00,2026-05-23 07:50:16.11273-07,2026-05-23 07:49:43-07,15019,6641,14925854,0,312527,49.26279830932617,-123.09954833984375,11.1698,119,8.270071459599938
2026-05-23 00:00:00,2026-05-23 07:50:16.11273-07,2026-05-23 07:49:40-07,16201,6641,14925856,0,312527,49.26689910888672,-123.24158477783203,0.6275,10,22.115289992699033
2026-05-23 00:00:00,2026-05-23 07:50:16.11273-07,2026-05-23 07:49:41-07,16222,6641,14926004,1,312530,49.26369857788086,-123.14008331298828,5.5394,68,61.03541377346004
2026-05-23 00:00:00,2026-05-23 07:50:16.11273-07,2026-05-23 07:49:45-07,19026,6641,14925855,0,312527,49.26376724243164,-123.15308380126953,7.2793,79,12.151704307743088
2026-05-23 00:00:00,2026-05-23 07:50:16.11273-07,2026-05-23 07:50:06-07,19041,6641,14926005,1,312529,49.26319885253906,-123.11001586914062,6.3015,108,39.578106499531266
2026-05-23 00:00:00,2026-05-23 07:50:16.11273-07,2026-05-23 07:49:46-07,22012,6641,14926007,1,312530,49.263301849365234,-123.06880187988281,0.0,1,78.77688315427007
2026-05-23 00:00:00,2026-05-23 07:50:16.11273-07,2026-05-23 07:47:06-07,23002,6641,14926002,1,312530,49.26863479614258,-123.24732971191406,13.7849,158,8.733327179997739
2026-05-23 00:00:00,2026-05-23 07:50:16.11273-07,2026-05-23 07:50:06-07,24005,6641,14926003,1,312529,49.2636833190918,-123.18596649169922,11.9632,159,23.039303361000247
2026-05-23 00:00:00,2026-05-23 07:50:46.844287-07,2026-05-23 07:50:12-07,15019,6641,14925854,0,312527,49.26250076293945,-123.09483337402344,11.5065,127,8.843749113421035
2026-05-23 00:00:00,2026-05-23 07:50:46.844287-07,2026-05-23 07:50:09-07,16201,6641,14925856,0,312527,49.26618194580078,-123.23668670654297,0.9528,22,23.44045944480602
2026-05-23 00:00:00,2026-05-23 07:50:46.844287-07,2026-05-23 07:50:11-07,16222,6641,14926004,1,312530,49.263668060302734,-123.14057922363281,5.6682,69,32.97225355643919
2026-05-23 00:00:00,2026-05-23 07:50:46.844287-07,2026-05-23 07:50:14-07,19026,6641,14925855,0,312527,49.26373291015625,-123.15098571777344,7.4538,83,32.51399145342754
2026-05-23 00:00:00,2026-05-23 07:50:46.844287-07,2026-05-23 07:50:36-07,19041,6641,14926005,1,312529,49.26323318481445,-123.11344909667969,6.5496,110,40.85553554336755
2026-05-23 00:00:00,2026-05-23 07:50:46.844287-07,2026-05-23 07:50:15-07,22012,6641,14926007,1,312530,49.2633171081543,-123.06881713867188,0.0,1,76.9352378504657
2026-05-23 00:00:00,2026-05-23 07:50:46.844287-07,2026-05-23 07:47:06-07,23002,6641,14926002,1,312530,49.26863479614258,-123.24732971191406,13.7849,158,8.733327179997739
2026-05-23 00:00:00,2026-05-23 07:50:46.844287-07,2026-05-23 07:50:18-07,24005,6641,14926003,1,312529,49.26350021362305,-123.18623352050781,11.9632,159,24.440180880238138
2026-05-23 00:00:00,2026-05-23 07:51:17.390255-07,2026-05-23 07:51:00-07,15019,6641,14925854,0,312527,49.26246643066406,-123.08731842041016,12.0717,132,9.544808959799528
2026-05-23 00:00:00,2026-05-23 07:51:17.390255-07,2026-05-23 07:50:39-07,16201,6641,14925856,0,312527,49.2637825012207,-123.23228454589844,1.4103,30,15.073675236965341
2026-05-23 00:00:00,2026-05-23 07:51:17.390255-07,2026-05-23 07:50:41-07,16222,6641,14926004,1,312530,49.26371765136719,-123.14081573486328,5.6682,69,19.12147299460101
2026-05-23 00:00:00,2026-05-23 07:51:17.390255-07,2026-05-23 07:50:44-07,19026,6641,14925855,0,312527,49.26369857788086,-123.14836883544922,7.6286,84,17.153502867929202
2026-05-23 00:00:00,2026-05-23 07:51:17.390255-07,2026-05-23 07:51:05-07,19041,6641,14926005,1,312529,49.26333236694336,-123.1163330078125,6.8867,115,86.61850913884395
2026-05-23 00:00:00,2026-05-23 07:51:17.390255-07,2026-05-23 07:50:45-07,22012,6641,14926007,1,312530,49.26333236694336,-123.06880187988281,0.0,1,77.00436023196714
2026-05-23 00:00:00,2026-05-23 07:51:17.390255-07,2026-05-23 07:47:06-07,23002,6641,14926002,1,312530,49.26863479614258,-123.24732971191406,13.7849,158,8.733327179997739
2026-05-23 00:00:00,2026-05-23 07:51:17.390255-07,2026-05-23 07:50:47-07,24005,6641,14926003,1,312529,49.26353454589844,-123.18756866455078,12.1027,160,17.803271222087794
2026-05-23 00:00:00,2026-05-23 07:51:47.981656-07,2026-05-23 07:51:31-07,15019,6641,14925854,0,312527,49.26243209838867,-123.08197021484375,12.4937,135,42.11086108083561
2026-05-23 00:00:00,2026-05-23 07:51:47.981656-07,2026-05-23 07:51:10-07,16201,6641,14925856,0,312527,49.26361846923828,-123.22643280029297,1.5845,36,242.40966018431683
2026-05-23 00:00:00,2026-05-23 07:51:47.981656-07,2026-05-23 07:51:13-07,16222,6641,14926004,1,312530,49.26373291015625,-123.14472961425781,6.0127,72,74.62979390644287
2026-05-23 00:00:00,2026-05-23 07:51:47.981656-07,2026-05-23 07:51:15-07,19026,6641,14925855,0,312527,49.263668060302734,-123.14610290527344,7.8023,85,25.382208681965707
2026-05-23 00:00:00,2026-05-23 07:51:47.981656-07,2026-05-23 07:51:41-07,19041,6641,14926005,1,312529,49.26333236694336,-123.11647033691406,6.8867,115,76.71645594657271
2026-05-23 00:00:00,2026-05-23 07:51:47.981656-07,2026-05-23 07:51:17-07,22012,6641,14926007,1,312530,49.2633171081543,-123.06878662109375,0.0,1,78.82342511216733
2026-05-23 00:00:00,2026-05-23 07:51:47.981656-07,2026-05-23 07:47:06-07,23002,6641,14926002,1,312530,49.26863479614258,-123.24732971191406,13.7849,158,8.733327179997739
2026-05-23 00:00:00,2026-05-23 07:51:47.981656-07,2026-05-23 07:51:19-07,24005,6641,14926003,1,312529,49.26359939575195,-123.1915512084961,12.3232,162,51.58515678811387
2026-05-23 00:00:00,2026-05-23 07:51:47.981656-07,2026-05-23 07:51:33-07,24007,6641,14926006,1,312530,49.26319885253906,-123.0685806274414,0.3869,8,92.72469950915095
2026-05-23 00:00:00,2026-05-23 07:52:18.549045-07,2026-05-23 07:52:01-07,15019,6641,14925854,0,312527,49.2623176574707,-123.0781021118164,12.7679,137,35.762079574558804
2026-05-23 00:00:00,2026-05-23 07:52:18.549045-07,2026-05-23 07:51:40-07,16201,6641,14925856,0,312527,49.26374816894531,-123.22059631347656,2.5945,37,340.8570674528566
2026-05-23 00:00:00,2026-05-23 07:52:18.549045-07,2026-05-23 07:51:43-07,16222,6641,14926004,1,312530,49.26373291015625,-123.14550018310547,6.0127,72,18.949814833511034
2026-05-23 00:00:00,2026-05-23 07:52:18.549045-07,2026-05-23 07:51:45-07,19026,6641,14925855,0,312527,49.263668060302734,-123.14606475830078,7.8023,85,22.648640225337385
2026-05-23 00:00:00,2026-05-23 07:52:18.549045-07,2026-05-23 07:52:01-07,19041,6641,14926005,1,312529,49.26333236694336,-123.11647033691406,6.8867,115,76.71645594657271
2026-05-23 00:00:00,2026-05-23 07:52:18.549045-07,2026-05-23 07:51:46-07,22012,6641,14926007,1,312530,49.2633171081543,-123.06880187988281,0.0,1,77.87718289997039
2026-05-23 00:00:00,2026-05-23 07:52:18.549045-07,2026-05-23 07:47:06-07,23002,6641,14926002,1,312530,49.26863479614258,-123.24732971191406,13.7849,158,8.733327179997739
2026-05-23 00:00:00,2026-05-23 07:52:18.549045-07,2026-05-23 07:51:48-07,24005,6641,14926003,1,312529,49.263668060302734,-123.19698333740234,12.7695,166,2.5339050791800677
2026-05-23 00:00:00,2026-05-23 07:52:18.549045-07,2026-05-23 07:52:03-07,24007,6641,14926006,1,312530,49.26319885253906,-123.0685806274414,0.3869,8,92.72469950915095
2026-05-23 00:00:00,2026-05-23 07:52:49.280483-07,2026-05-23 07:52:31-07,15019,6641,14925854,0,312527,49.262298583984375,-123.07633209228516,12.8332,139,30.19159326395401
2026-05-23 00:00:00,2026-05-23 07:52:49.280483-07,2026-05-23 07:52:09-07,16201,6641,14925856,0,312527,49.26388168334961,-123.21561431884766,2.5945,37,21.337060350319764
2026-05-23 00:00:00,2026-05-23 07:52:49.280483-07,2026-05-23 07:52:12-07,16222,6641,14926004,1,312530,49.26371765136719,-123.14814758300781,6.1863,73,2.7375863788544277
2026-05-23 00:00:00,2026-05-23 07:52:49.280483-07,2026-05-23 07:52:14-07,19026,6641,14925855,0,312527,49.263648986816406,-123.14212036132812,8.1467,87,79.43348172301899
2026-05-23 00:00:00,2026-05-23 07:52:49.280483-07,2026-05-23 07:52:36-07,19041,6641,14926005,1,312529,49.26333236694336,-123.11647033691406,6.8867,115,76.71645594657271
2026-05-23 00:00:00,2026-05-23 07:52:49.280483-07,2026-05-23 07:51:46-07,22012,6641,14926007,1,312530,49.2633171081543,-123.06880187988281,0.0,1,77.87718289997039
2026-05-23 00:00:00,2026-05-23 07:52:49.280483-07,2026-05-23 07:47:06-07,23002,6641,14926002,1,312530,49.26863479614258,-123.24732971191406,13.7849,158,8.733327179997739
2026-05-23 00:00:00,2026-05-23 07:52:49.280483-07,2026-05-23 07:52:18-07,24005,6641,14926003,1,312529,49.26374816894531,-123.202880859375,13.2095,170,9.460916029678003
2026-05-23 00:00:00,2026-05-23 07:52:49.280483-07,2026-05-23 07:52:32-07,24007,6641,14926006,1,312530,49.26319885253906,-123.0685806274414,0.3869,8,92.72469950915095
2026-05-23 00:00:00,2026-05-23 07:53:19.879358-07,2026-05-23 07:52:44-07,15019,6641,14925854,0,312527,49.262332916259766,-123.07589721679688,12.9163,140,23.228102561642785
2026-05-23 00:00:00,2026-05-23 07:53:19.879358-07,2026-05-23 07:52:39-07,16201,6641,14925856,0,312527,49.26390075683594,-123.21446990966797,2.6696,40,31.614087834141557
2026-05-23 00:00:00,2026-05-23 07:53:19.879358-07,2026-05-23 07:52:42-07,16222,6641,14926004,1,312530,49.26376724243164,-123.15190124511719,6.4926,76,32.63760252321093
2026-05-23 00:00:00,2026-05-23 07:53:19.879358-07,2026-05-23 07:52:45-07,19026,6641,14925855,0,312527,49.26361846923828,-123.14129638671875,8.1467,87,19.553973143352206
2026-05-23 00:00:00,2026-05-23 07:53:19.879358-07,2026-05-23 07:53:06-07,19041,6641,14926005,1,312529,49.26333236694336,-123.11647033691406,6.8867,115,76.71645594657271
2026-05-23 00:00:00,2026-05-23 07:53:19.879358-07,2026-05-23 07:52:46-07,22012,6641,14926007,1,312530,49.26333236694336,-123.06881713867188,0.0,1,76.05160581144183
2026-05-23 00:00:00,2026-05-23 07:53:19.879358-07,2026-05-23 07:47:06-07,23002,6641,14926002,1,312530,49.26863479614258,-123.24732971191406,13.7849,158,8.733327179997739
2026-05-23 00:00:00,2026-05-23 07:53:19.879358-07,2026-05-23 07:52:48-07,24005,6641,14926003,1,312529,49.26386642456055,-123.20866394042969,13.6544,173,33.337805184757165
2026-05-23 00:00:00,2026-05-23 07:53:19.879358-07,2026-05-23 07:52:59-07,24007,6641,14926006,1,312530,49.26319885253906,-123.0685806274414,0.3869,8,92.72469950915095
2026-05-23 00:00:00,2026-05-23 07:53:50.492762-07,2026-05-23 07:53:14-07,15019,6641,14925854,0,312527,49.26234817504883,-123.07071685791016,13.3378,144,67.01296299272124
2026-05-23 00:00:00,2026-05-23 07:53:50.492762-07,2026-05-23 07:53:09-07,16201,6641,14925856,0,312527,49.263851165771484,-123.20943450927734,3.0906,44,22.81165944200096
2026-05-23 00:00:00,2026-05-23 07:53:50.492762-07,2026-05-23 07:53:37-07,16222,6641,14926004,1,312530,49.26388168334961,-123.15461730957031,6.7076,79,49.519060334759416
2026-05-23 00:00:00,2026-05-23 07:53:50.492762-07,2026-05-23 07:53:14-07,19026,6641,14925855,0,312527,49.26361846923828,-123.14119720458984,8.1467,87,12.360643636368499
2026-05-23 00:00:00,2026-05-23 07:53:50.492762-07,2026-05-23 07:53:36-07,19041,6641,14926005,1,312529,49.26333236694336,-123.11647033691406,6.8867,115,76.71645594657271
2026-05-23 00:00:00,2026-05-23 07:53:50.492762-07,2026-05-23 07:53:29-07,22012,6641,14926007,1,312530,49.263301849365234,-123.06881713867188,0.0,1,77.84582507162303
2026-05-23 00:00:00,2026-05-23 07:53:50.492762-07,2026-05-23 07:47:06-07,23002,6641,14926002,1,312530,49.26863479614258,-123.24732971191406,13.7849,158,8.733327179997739
2026-05-23 00:00:00,2026-05-23 07:53:50.492762-07,2026-05-23 07:53:16-07,24005,6641,14926003,1,312529,49.26388168334961,-123.21009826660156,13.6544,173,71.09529354044194
2026-05-23 00:00:00,2026-05-23 07:53:50.492762-07,2026-05-23 07:53:27-07,24007,6641,14926006,1,312530,49.26301574707031,-123.06804656982422,0.3403,7,73.53205615986955
2026-05-23 00:00:00,2026-05-23 07:54:21.043805-07,2026-05-23 07:53:45-07,15019,6641,14925854,0,312527,49.26323318481445,-123.06966400146484,13.4386,148,8.27325197296973
2026-05-23 00:00:00,2026-05-23 07:54:21.043805-07,2026-05-23 07:53:41-07,16201,6641,14925856,0,312527,49.263816833496094,-123.20826721191406,3.0906,44,61.99027852251103
2026-05-23 00:00:00,2026-05-23 07:54:21.043805-07,2026-05-23 07:54:07-07,16222,6641,14926004,1,312530,49.26393127441406,-123.15750122070312,6.8781,80,10.722416197787064
2026-05-23 00:00:00,2026-05-23 07:54:21.043805-07,2026-05-23 07:53:52-07,19026,6641,14925855,0,312527,49.26356887817383,-123.13961791992188,8.2755,89,26.36271691493887
2026-05-23 00:00:00,2026-05-23 07:54:21.043805-07,2026-05-23 07:54:06-07,19041,6641,14926005,1,312529,49.26333236694336,-123.11647033691406,6.8867,115,76.71645594657271
2026-05-23 00:00:00,2026-05-23 07:54:21.043805-07,2026-05-23 07:54:04-07,22012,6641,14926007,1,312530,49.26319885253906,-123.0685806274414,0.3869,8,92.72469950915095
2026-05-23 00:00:00,2026-05-23 07:54:21.043805-07,2026-05-23 07:47:06-07,23002,6641,14926002,1,312530,49.26863479614258,-123.24732971191406,13.7849,158,8.733327179997739
2026-05-23 00:00:00,2026-05-23 07:54:21.043805-07,2026-05-23 07:53:48-07,24005,6641,14926003,1,312529,49.26396560668945,-123.21521759033203,14.1022,179,4.053621921971814
2026-05-23 00:00:00,2026-05-23 07:54:21.043805-07,2026-05-23 07:54:01-07,24007,6641,14926006,1,312530,49.26240158081055,-123.06755065917969,0.3403,7,27.788220185589417
2026-05-23 00:00:00,2026-05-23 07:54:51.75772-07,2026-05-23 07:54:31-07,15019,6641,14926008,1,312530,49.263301849365234,-123.06880187988281,0.0,1,78.77688315427007
2026-05-23 00:00:00,2026-05-23 07:54:51.75772-07,2026-05-23 07:54:11-07,16201,6641,14925856,0,312527,49.26380157470703,-123.20628356933594,3.3113,45,14.095159275226107
2026-05-23 00:00:00,2026-05-23 07:54:51.75772-07,2026-05-23 07:54:37-07,16222,6641,14926004,1,312530,49.26398468017578,-123.16110229492188,7.0508,81,79.19853830953376
2026-05-23 00:00:00,2026-05-23 07:54:51.75772-07,2026-05-23 07:54:20-07,19026,6641,14925855,0,312527,49.2635498046875,-123.13733673095703,8.3773,91,38.05615168296114
2026-05-23 00:00:00,2026-05-23 07:54:51.75772-07,2026-05-23 07:54:36-07,19041,6641,14926005,1,312529,49.26333236694336,-123.11647033691406,6.8867,115,76.71645594657271
2026-05-23 00:00:00,2026-05-23 07:54:51.75772-07,2026-05-23 07:54:04-07,22012,6641,14926007,1,312530,49.26319885253906,-123.0685806274414,0.3869,8,92.72469950915095
2026-05-23 00:00:00,2026-05-23 07:54:51.75772-07,2026-05-23 07:47:06-07,23002,6641,14926002,1,312530,49.26863479614258,-123.24732971191406,13.7849,158,8.733327179997739
2026-05-23 00:00:00,2026-05-23 07:54:51.75772-07,2026-05-23 07:54:17-07,24005,6641,14926003,1,312529,49.263851165771484,-123.22115325927734,14.1504,180,381.32957665404973
2026-05-23 00:00:00,2026-05-23 07:54:51.75772-07,2026-05-23 07:54:31-07,24007,6641,14926006,1,312530,49.26241683959961,-123.0687484741211,0.4039,9,11.789460848397042
2026-05-23 00:00:00,2026-05-23 07:55:22.389276-07,2026-05-23 07:55:04-07,15019,6641,14926008,1,312530,49.2633171081543,-123.06880187988281,0.0,1,77.87718289997039
2026-05-23 00:00:00,2026-05-23 07:55:22.389276-07,2026-05-23 07:54:41-07,16201,6641,14925856,0,312527,49.26373291015625,-123.20293426513672,3.5355,47,5.680047245353417
2026-05-23 00:00:00,2026-05-23 07:55:22.389276-07,2026-05-23 07:55:08-07,16222,6641,14926004,1,312530,49.2640495300293,-123.16453552246094,7.3877,83,7.568302749797002
2026-05-23 00:00:00,2026-05-23 07:55:22.389276-07,2026-05-23 07:54:50-07,19026,6641,14925855,0,312527,49.26350021362305,-123.13330078125,8.6788,94,30.499526383341586
2026-05-23 00:00:00,2026-05-23 07:55:22.389276-07,2026-05-23 07:55:06-07,19041,6641,14926005,1,312529,49.26333236694336,-123.11768341064453,6.8868,116,14.925602747916418
2026-05-23 00:00:00,2026-05-23 07:55:22.389276-07,2026-05-23 07:54:04-07,22012,6641,14926007,1,312530,49.26319885253906,-123.0685806274414,0.3869,8,92.72469950915095
2026-05-23 00:00:00,2026-05-23 07:55:22.389276-07,2026-05-23 07:47:06-07,23002,6641,14926002,1,312530,49.26863479614258,-123.24732971191406,13.7849,158,8.733327179997739
2026-05-23 00:00:00,2026-05-23 07:55:22.389276-07,2026-05-23 07:54:47-07,24005,6641,14926003,1,312529,49.26371765136719,-123.22685241699219,15.1734,181,224.73713072056378
2026-05-23 00:00:00,2026-05-23 07:55:22.389276-07,2026-05-23 07:54:53-07,24007,6641,14926006,1,312530,49.26240158081055,-123.0689697265625,0.4162,10,9.339533239050787
2026-05-23 00:00:00,2026-05-23 07:55:53.22669-07,2026-05-23 07:55:04-07,15019,6641,14926008,1,312530,49.2633171081543,-123.06880187988281,0.0,1,77.87718289997039
2026-05-23 00:00:00,2026-05-23 07:55:53.22669-07,2026-05-23 07:55:12-07,16201,6641,14925856,0,312527,49.263648986816406,-123.19705200195312,3.9755,51,5.954448958075116
2026-05-23 00:00:00,2026-05-23 07:55:53.22669-07,2026-05-23 07:55:08-07,16222,6641,14926004,1,312530,49.2640495300293,-123.16453552246094,7.3877,83,7.568302749797002
2026-05-23 00:00:00,2026-05-23 07:55:53.22669-07,2026-05-23 07:55:21-07,19026,6641,14925855,0,312527,49.26348114013672,-123.12934875488281,9.0222,96,25.426899168247704
2026-05-23 00:00:00,2026-05-23 07:55:53.22669-07,2026-05-23 07:55:35-07,19041,6641,14926005,1,312529,49.263431549072266,-123.12218475341797,7.1997,118,29.43868520797032
2026-05-23 00:00:00,2026-05-23 07:55:53.22669-07,2026-05-23 07:55:21-07,22012,6641,14926007,1,312530,49.26319885253906,-123.068603515625,0.3869,8,92.75598177091685
2026-05-23 00:00:00,2026-05-23 07:55:53.22669-07,2026-05-23 07:47:06-07,23002,6641,14926002,1,312530,49.26863479614258,-123.24732971191406,13.7849,158,8.733327179997739
2026-05-23 00:00:00,2026-05-23 07:55:53.22669-07,2026-05-23 07:55:16-07,24005,6641,14926003,1,312529,49.26433181762695,-123.23332977294922,15.4207,190,17.856637982818313
2026-05-23 00:00:00,2026-05-23 07:55:53.22669-07,2026-05-23 07:55:23-07,24007,6641,14926006,1,312530,49.26238250732422,-123.07023620605469,0.4772,13,32.69824631452455
2026-05-23 00:00:00,2026-05-23 07:56:23.765901-07,2026-05-23 07:55:33-07,15019,6641,14926008,1,312530,49.2633171081543,-123.06880187988281,0.0,1,77.87718289997039
2026-05-23 00:00:00,2026-05-23 07:56:23.765901-07,2026-05-23 07:55:41-07,16201,6641,14925856,0,312527,49.26356887817383,-123.19125366210938,4.4218,55,29.96539823353817
2026-05-23 00:00:00,2026-05-23 07:56:23.765901-07,2026-05-23 07:55:37-07,16222,6641,14926004,1,312530,49.26411819458008,-123.16746520996094,7.644,85,50.59450914005125
2026-05-23 00:00:00,2026-05-23 07:56:23.765901-07,2026-05-23 07:55:51-07,19026,6641,14925855,0,312527,49.263465881347656,-123.12657928466797,9.1958,97,7.255410032153473
2026-05-23 00:00:00,2026-05-23 07:56:23.765901-07,2026-05-23 07:56:07-07,19041,6641,14926005,1,312529,49.263431549072266,-123.1227035522461,7.1997,118,65.43816656895649
2026-05-23 00:00:00,2026-05-23 07:56:23.765901-07,2026-05-23 07:55:51-07,22012,6641,14926007,1,312530,49.26319885253906,-123.0685806274414,0.3869,8,92.72469950915095
2026-05-23 00:00:00,2026-05-23 07:56:23.765901-07,2026-05-23 07:47:06-07,23002,6641,14926002,1,312530,49.26863479614258,-123.24732971191406,13.7849,158,8.733327179997739
2026-05-23 00:00:00,2026-05-23 07:56:23.765901-07,2026-05-23 07:55:47-07,24005,6641,14926003,1,312529,49.266849517822266,-123.23861694335938,15.9308,200,9.633330672444764
2026-05-23 00:00:00,2026-05-23 07:56:23.765901-07,2026-05-23 07:55:53-07,24007,6641,14926006,1,312530,49.262451171875,-123.07546997070312,0.8986,17,11.761672306847089
2026-05-23 00:00:00,2026-05-23 07:56:54.461086-07,2026-05-23 07:56:04-07,15019,6641,14926008,1,312530,49.2633171081543,-123.06880187988281,0.0,1,77.87718289997039
2026-05-23 00:00:00,2026-05-23 07:56:54.461086-07,2026-05-23 07:56:12-07,16201,6641,14925856,0,312527,49.26350021362305,-123.18685150146484,4.7818,58,69.22260638227642
2026-05-23 00:00:00,2026-05-23 07:56:54.461086-07,2026-05-23 07:56:22-07,16222,6641,14926004,1,312530,49.26409912109375,-123.16790008544922,7.644,85,18.979608854652554
2026-05-23 00:00:00,2026-05-23 07:56:54.461086-07,2026-05-23 07:56:20-07,19026,6641,14925855,0,312527,49.263450622558594,-123.12383270263672,9.3737,98,26.55111607010017
2026-05-23 00:00:00,2026-05-23 07:56:54.461086-07,2026-05-23 07:56:36-07,19041,6641,14926005,1,312529,49.26350021362305,-123.12598419189453,7.5492,120,47.24032119237307
2026-05-23 00:00:00,2026-05-23 07:56:54.461086-07,2026-05-23 07:56:20-07,22012,6641,14926007,1,312530,49.26321792602539,-123.0685806274414,0.3869,8,94.84547317719102
2026-05-23 00:00:00,2026-05-23 07:56:54.461086-07,2026-05-23 07:47:06-07,23002,6641,14926002,1,312530,49.26863479614258,-123.24732971191406,13.7849,158,8.733327179997739
2026-05-23 00:00:00,2026-05-23 07:56:54.461086-07,2026-05-23 07:56:37-07,24005,6641,14926003,1,312529,49.26649856567383,-123.24504852294922,16.4301,211,28.894906610908407
2026-05-23 00:00:00,2026-05-23 07:56:54.461086-07,2026-05-23 07:56:23-07,24007,6641,14926006,1,312530,49.262481689453125,-123.0785140991211,1.0471,20,65.41055857237616
2026-05-23 00:00:00,2026-05-23 07:57:25.056814-07,2026-05-23 07:57:03-07,15019,6641,14926008,1,312530,49.2633171081543,-123.06880187988281,0.0,1,77.87718289997039
2026-05-23 00:00:00,2026-05-23 07:57:25.056814-07,2026-05-23 07:56:41-07,16201,6641,14925856,0,312527,49.26348114013672,-123.1861343383789,4.7818,58,17.14960627612131
2026-05-23 00:00:00,2026-05-23 07:57:25.056814-07,2026-05-23 07:56:53-07,16222,6641,14926004,1,312530,49.26416778564453,-123.1724853515625,7.9278,88,31.152516613950723
2026-05-23 00:00:00,2026-05-23 07:57:25.056814-07,2026-05-23 07:56:50-07,19026,6641,14925855,0,312527,49.2633171081543,-123.12031555175781,9.6854,100,30.615776742435624
2026-05-23 00:00:00,2026-05-23 07:57:25.056814-07,2026-05-23 07:57:07-07,19041,6641,14926005,1,312529,49.26351547241211,-123.12651824951172,7.5492,120,14.199465609194721
2026-05-23 00:00:00,2026-05-23 07:57:25.056814-07,2026-05-23 07:56:50-07,22012,6641,14926007,1,312530,49.26319885253906,-123.0685806274414,0.3869,8,92.72469950915095
2026-05-23 00:00:00,2026-05-23 07:57:25.056814-07,2026-05-23 07:57:08-07,24005,6641,14926003,1,312529,49.26810073852539,-123.2469482421875,16.6466,216,4.255436429802738
2026-05-23 00:00:00,2026-05-23 07:57:25.056814-07,2026-05-23 07:56:40-07,24007,6641,14926006,1,312530,49.262451171875,-123.07904815673828,1.2424,21,91.43683417016395
2026-05-23 00:00:00,2026-05-23 07:57:55.669151-07,2026-05-23 07:57:03-07,15019,6641,14926008,1,312530,49.2633171081543,-123.06880187988281,0.0,1,77.87718289997039
2026-05-23 00:00:00,2026-05-23 07:57:55.669151-07,2026-05-23 07:57:12-07,16201,6641,14925856,0,312527,49.263832092285156,-123.18583679199219,4.8328,59,12.45480652313297
2026-05-23 00:00:00,2026-05-23 07:57:55.669151-07,2026-05-23 07:57:23-07,16222,6641,14926004,1,312530,49.264183044433594,-123.17366790771484,8.0687,89,23.61101027408804
2026-05-23 00:00:00,2026-05-23 07:57:55.669151-07,2026-05-23 07:57:25-07,19026,6641,14925855,0,312527,49.263301849365234,-123.11978149414062,9.6854,100,8.27157924545912
2026-05-23 00:00:00,2026-05-23 07:57:55.669151-07,2026-05-23 07:57:37-07,19041,6641,14926005,1,312529,49.26353454589844,-123.13105010986328,7.895,122,23.742139312052238
2026-05-23 00:00:00,2026-05-23 07:57:55.669151-07,2026-05-23 07:56:50-07,22012,6641,14926007,1,312530,49.26319885253906,-123.0685806274414,0.3869,8,92.72469950915095
2026-05-23 00:00:00,2026-05-23 07:57:55.669151-07,2026-05-23 07:57:37-07,24005,6641,14926003,1,312529,49.26823425292969,-123.24773406982422,16.685,217,49.07903854717396
2026-05-23 00:00:00,2026-05-23 07:57:55.669151-07,2026-05-23 07:57:11-07,24007,6641,14926006,1,312530,49.26246643066406,-123.08446502685547,1.6033,24,58.06183705005683
2026-05-23 00:00:00,2026-05-23 07:58:26.286025-07,2026-05-23 07:57:33-07,15019,6641,14926008,1,312530,49.2633171081543,-123.06880187988281,0.0,1,77.87718289997039
2026-05-23 00:00:00,2026-05-23 07:58:26.286025-07,2026-05-23 07:57:42-07,16201,6641,14925856,0,312527,49.26430130004883,-123.18468475341797,5.0332,61,65.40229002975552
2026-05-23 00:00:00,2026-05-23 07:58:26.286025-07,2026-05-23 07:57:52-07,16222,6641,14926004,1,312530,49.264251708984375,-123.17784881591797,8.3458,92,4.128976343460668
2026-05-23 00:00:00,2026-05-23 07:58:26.286025-07,2026-05-23 07:57:54-07,19026,6641,14925855,0,312527,49.263248443603516,-123.11771392822266,9.8582,101,14.000730880186149
2026-05-23 00:00:00,2026-05-23 07:58:26.286025-07,2026-05-23 07:58:07-07,19041,6641,14926005,1,312529,49.2635498046875,-123.13195037841797,7.895,122,42.88832776715349
2026-05-23 00:00:00,2026-05-23 07:58:26.286025-07,2026-05-23 07:56:50-07,22012,6641,14926007,1,312530,49.26319885253906,-123.0685806274414,0.3869,8,92.72469950915095
2026-05-23 00:00:00,2026-05-23 07:58:26.286025-07,2026-05-23 07:57:37-07,24005,6641,14926003,1,312529,49.26823425292969,-123.24773406982422,16.685,217,49.07903854717396
2026-05-23 00:00:00,2026-05-23 07:58:26.286025-07,2026-05-23 07:57:41-07,24007,6641,14926006,1,312530,49.26256561279297,-123.08895111083984,1.885,26,16.263487461537853
2026-05-23 00:00:00,2026-05-23 07:58:57.034181-07,2026-05-23 07:58:03-07,15019,6641,14926008,1,312530,49.2633171081543,-123.06880187988281,0.0,1,77.87718289997039
2026-05-23 00:00:00,2026-05-23 07:58:57.034181-07,2026-05-23 07:58:07-07,16201,6641,14925856,0,312527,49.26431655883789,-123.1843032836914,5.0332,61,37.67004359529995
2026-05-23 00:00:00,2026-05-23 07:58:57.034181-07,2026-05-23 07:58:22-07,16222,6641,14926004,1,312530,49.26431655883789,-123.18206787109375,8.6414,95,15.36493312191664
2026-05-23 00:00:00,2026-05-23 07:58:57.034181-07,2026-05-23 07:58:24-07,19026,6641,14925855,0,312527,49.26319885253906,-123.11631774902344,9.8583,102,87.42548071741219
2026-05-23 00:00:00,2026-05-23 07:58:57.034181-07,2026-05-23 07:58:37-07,19041,6641,14926005,1,312529,49.26353454589844,-123.13558197021484,8.2388,125,36.82829214029501
2026-05-23 00:00:00,2026-05-23 07:58:57.034181-07,2026-05-23 07:56:50-07,22012,6641,14926007,1,312530,49.26319885253906,-123.0685806274414,0.3869,8,92.72469950915095
2026-05-23 00:00:00,2026-05-23 07:58:57.034181-07,2026-05-23 07:57:37-07,24005,6641,14926003,1,312529,49.26823425292969,-123.24773406982422,16.685,217,49.07903854717396
2026-05-23 00:00:00,2026-05-23 07:58:57.034181-07,2026-05-23 07:58:16-07,24007,6641,14926006,1,312530,49.26256561279297,-123.09040069580078,2.024,27,47.43258160511557
2026-05-23 00:00:00,2026-05-23 07:59:27.593284-07,2026-05-23 07:58:33-07,15019,6641,14926008,1,312530,49.2633171081543,-123.06880187988281,0.0,1,77.87718289997039
2026-05-23 00:00:00,2026-05-23 07:59:27.593284-07,2026-05-23 07:58:36-07,16201,6641,14925856,0,312527,49.264251708984375,-123.17974853515625,5.3215,64,5.940781494205986
2026-05-23 00:00:00,2026-05-23 07:59:27.593284-07,2026-05-23 07:58:53-07,16222,6641,14926004,1,312530,49.264366149902344,-123.18553161621094,8.9343,97,25.21065275464728
2026-05-23 00:00:00,2026-05-23 07:59:27.593284-07,2026-05-23 07:58:55-07,19026,6641,14925855,0,312527,49.26318359375,-123.11434936523438,10.058,105,31.186184398702647
2026-05-23 00:00:00,2026-05-23 07:59:27.593284-07,2026-05-23 07:59:08-07,19041,6641,14926005,1,312529,49.2635498046875,-123.13639831542969,8.2387,124,22.47366582757827
2026-05-23 00:00:00,2026-05-23 07:59:27.593284-07,2026-05-23 07:56:50-07,22012,6641,14926007,1,312530,49.26319885253906,-123.0685806274414,0.3869,8,92.72469950915095
2026-05-23 00:00:00,2026-05-23 07:59:27.593284-07,2026-05-23 07:57:37-07,24005,6641,14926003,1,312529,49.26823425292969,-123.24773406982422,16.685,217,49.07903854717396
2026-05-23 00:00:00,2026-05-23 07:59:27.593284-07,2026-05-23 07:58:48-07,24007,6641,14926006,1,312530,49.26256561279297,-123.0948486328125,2.3085,30,9.117422455095403
2026-05-23 00:00:00,2026-05-23 07:59:58.151253-07,2026-05-23 07:59:34-07,15019,6641,14926008,1,312530,49.2633171081543,-123.06880187988281,0.0,1,77.87718289997039
2026-05-23 00:00:00,2026-05-23 07:59:58.151253-07,2026-05-23 07:59:08-07,16201,6641,14925856,0,312527,49.264183044433594,-123.17472076416016,5.7463,68,52.8181260842263
2026-05-23 00:00:00,2026-05-23 07:59:58.151253-07,2026-05-23 07:59:23-07,16222,6641,14926004,1,312530,49.26431655883789,-123.18586730957031,8.9343,97,6.00262798481812
2026-05-23 00:00:00,2026-05-23 07:59:58.151253-07,2026-05-23 07:59:27-07,19026,6641,14925855,0,312527,49.26321792602539,-123.11415100097656,10.058,105,45.523993709889105
2026-05-23 00:00:00,2026-05-23 07:59:58.151253-07,2026-05-23 07:59:36-07,19041,6641,14926005,1,312529,49.26371765136719,-123.1400146484375,8.4695,128,56.61729810435889
2026-05-23 00:00:00,2026-05-23 07:59:58.151253-07,2026-05-23 07:59:11-07,22012,6641,14926007,1,312530,49.26319885253906,-123.06856536865234,0.3869,8,92.72036852240318
2026-05-23 00:00:00,2026-05-23 07:59:58.151253-07,2026-05-23 07:57:37-07,24005,6641,14926003,1,312529,49.26823425292969,-123.24773406982422,16.685,217,49.07903854717396
2026-05-23 00:00:00,2026-05-23 07:59:58.151253-07,2026-05-23 07:59:34-07,24007,6641,14926006,1,312530,49.26286697387695,-123.09786987304688,2.4628,35,62.48434304622932
2026-05-23 00:00:00,2026-05-23 08:00:28.692316-07,2026-05-23 07:59:34-07,15019,6641,14926008,1,312530,49.2633171081543,-123.06880187988281,0.0,1,77.87718289997039
2026-05-23 00:00:00,2026-05-23 08:00:28.692316-07,2026-05-23 08:00:04-07,16201,6641,14925856,0,312527,49.264034271240234,-123.16746520996094,6.171,72,50.67175300172075
2026-05-23 00:00:00,2026-05-23 08:00:28.692316-07,2026-05-23 08:00:03-07,16222,6641,14926004,1,312530,49.26351547241211,-123.1861343383789,9.0331,99,17.57275286186943
2026-05-23 00:00:00,2026-05-23 08:00:28.692316-07,2026-05-23 07:59:57-07,19026,6641,14925855,0,312527,49.26319885253906,-123.11105346679688,10.3366,108,9.364119313020241
2026-05-23 00:00:00,2026-05-23 08:00:28.692316-07,2026-05-23 08:00:09-07,19041,6641,14926005,1,312529,49.26371765136719,-123.14056396484375,8.5982,129,35.45262844720732
2026-05-23 00:00:00,2026-05-23 08:00:28.692316-07,2026-05-23 07:59:41-07,22012,6641,14926007,1,312530,49.26318359375,-123.0685806274414,0.3869,8,91.02808397105554
2026-05-23 00:00:00,2026-05-23 08:00:28.692316-07,2026-05-23 07:57:37-07,24005,6641,14926003,1,312529,49.26823425292969,-123.24773406982422,16.685,217,49.07903854717396
2026-05-23 00:00:00,2026-05-23 08:00:28.692316-07,2026-05-23 08:00:02-07,24007,6641,14926006,1,312530,49.26286697387695,-123.09947967529297,2.6451,38,2.80130182653472
2026-05-23 00:00:00,2026-05-23 08:00:59.436592-07,2026-05-23 08:00:19-07,15019,6641,14926008,1,312530,49.2633171081543,-123.06880187988281,0.0,1,77.87718289997039
2026-05-23 00:00:00,2026-05-23 08:00:59.436592-07,2026-05-23 08:00:22-07,16201,6641,14925856,0,312527,49.264034271240234,-123.16706848144531,6.2929,73,42.302727585041474
2026-05-23 00:00:00,2026-05-23 08:00:59.436592-07,2026-05-23 08:00:19-07,16222,6641,14926004,1,312530,49.26351547241211,-123.1861343383789,9.0331,99,17.57275286186943
2026-05-23 00:00:00,2026-05-23 08:00:59.436592-07,2026-05-23 08:00:27-07,19026,6641,14925855,0,312527,49.2630500793457,-123.10648345947266,10.6369,111,25.220124836201908
2026-05-23 00:00:00,2026-05-23 08:00:59.436592-07,2026-05-23 08:00:42-07,19041,6641,14926005,1,312529,49.26371765136719,-123.14068603515625,8.5982,129,27.22863238960675
2026-05-23 00:00:00,2026-05-23 08:00:59.436592-07,2026-05-23 07:59:41-07,22012,6641,14926007,1,312530,49.26318359375,-123.0685806274414,0.3869,8,91.02808397105554
2026-05-23 00:00:00,2026-05-23 08:00:59.436592-07,2026-05-23 07:57:37-07,24005,6641,14926003,1,312529,49.26823425292969,-123.24773406982422,16.685,217,49.07903854717396
2026-05-23 00:00:00,2026-05-23 08:00:59.436592-07,2026-05-23 08:00:33-07,24007,6641,14926006,1,312530,49.26300048828125,-123.10340118408203,2.896,43,32.15805110016711
2026-05-23 00:00:00,2026-05-23 08:01:29.985195-07,2026-05-23 08:01:05-07,15019,6641,14926008,1,312530,49.2633171081543,-123.06880187988281,0.0,1,77.87718289997039
2026-05-23 00:00:00,2026-05-23 08:01:29.985195-07,2026-05-23 08:00:51-07,16201,6641,14925856,0,312527,49.26396560668945,-123.16255187988281,6.5897,75,10.475322177198517
2026-05-23 00:00:00,2026-05-23 08:01:29.985195-07,2026-05-23 08:01:05-07,16222,6641,14926004,1,312530,49.263668060302734,-123.1955795288086,9.7438,105,6.536051371672767
2026-05-23 00:00:00,2026-05-23 08:01:29.985195-07,2026-05-23 08:00:57-07,19026,6641,14925855,0,312527,49.26300048828125,-123.10491943359375,10.7787,113,2.9137113770872785
2026-05-23 00:00:00,2026-05-23 08:01:29.985195-07,2026-05-23 08:01:06-07,19041,6641,14926005,1,312529,49.26373291015625,-123.14368438720703,8.7721,131,21.14530767705782
2026-05-23 00:00:00,2026-05-23 08:01:29.985195-07,2026-05-23 08:00:41-07,22012,6641,14926007,1,312530,49.26319885253906,-123.0685806274414,0.3869,8,92.72469950915095
2026-05-23 00:00:00,2026-05-23 08:01:29.985195-07,2026-05-23 07:57:37-07,24005,6641,14926003,1,312529,49.26823425292969,-123.24773406982422,16.685,217,49.07903854717396
2026-05-23 00:00:00,2026-05-23 08:01:29.985195-07,2026-05-23 08:01:08-07,24007,6641,14926006,1,312530,49.2630500793457,-123.10489654541016,3.0362,44,3.97499653311566
2026-05-23 00:00:00,2026-05-23 08:02:00.644549-07,2026-05-23 08:01:05-07,15019,6641,14926008,1,312530,49.2633171081543,-123.06880187988281,0.0,1,77.87718289997039
2026-05-23 00:00:00,2026-05-23 08:02:00.644549-07,2026-05-23 08:01:20-07,16201,6641,14925856,0,312527,49.26388168334961,-123.1579818725586,6.9369,77,24.818498306910556
2026-05-23 00:00:00,2026-05-23 08:02:00.644549-07,2026-05-23 08:01:35-07,16222,6641,14926004,1,312530,49.26374816894531,-123.2020034790039,10.2794,110,73.1113696917873
2026-05-23 00:00:00,2026-05-23 08:02:00.644549-07,2026-05-23 08:01:27-07,19026,6641,14925855,0,312527,49.2629508972168,-123.10240173339844,10.919,114,40.622392555022515
2026-05-23 00:00:00,2026-05-23 08:02:00.644549-07,2026-05-23 08:01:36-07,19041,6641,14926005,1,312529,49.26376724243164,-123.14540100097656,8.9427,132,26.831832638015523
2026-05-23 00:00:00,2026-05-23 08:02:00.644549-07,2026-05-23 08:01:30-07,22012,6641,14926007,1,312530,49.26314926147461,-123.06835174560547,0.3869,8,88.60655620294173
2026-05-23 00:00:00,2026-05-23 08:02:00.644549-07,2026-05-23 07:57:37-07,24005,6641,14926003,1,312529,49.26823425292969,-123.24773406982422,16.685,217,49.07903854717396
2026-05-23 00:00:00,2026-05-23 08:02:00.644549-07,2026-05-23 08:01:36-07,24007,6641,14926006,1,312530,49.26314926147461,-123.1091537475586,3.3714,48,24.18439901864487
2026-05-23 00:00:00,2026-05-23 08:02:31.235689-07,2026-05-23 08:01:05-07,15019,6641,14926008,1,312530,49.2633171081543,-123.06880187988281,0.0,1,77.87718289997039
2026-05-23 00:00:00,2026-05-23 08:02:31.235689-07,2026-05-23 08:01:51-07,16201,6641,14925856,0,312527,49.26386642456055,-123.15695190429688,6.9369,77,50.14214344987125
2026-05-23 00:00:00,2026-05-23 08:02:31.235689-07,2026-05-23 08:01:35-07,16222,6641,14926004,1,312530,49.26374816894531,-123.2020034790039,10.2794,110,73.1113696917873
2026-05-23 00:00:00,2026-05-23 08:02:31.235689-07,2026-05-23 08:01:57-07,19026,6641,14925855,0,312527,49.26283264160156,-123.0999984741211,11.1139,117,21.780771754097707
2026-05-23 00:00:00,2026-05-23 08:02:31.235689-07,2026-05-23 08:02:06-07,19041,6641,14926005,1,312529,49.26373291015625,-123.14761352539062,9.1164,133,38.36121843388917
2026-05-23 00:00:00,2026-05-23 08:02:31.235689-07,2026-05-23 08:02:00-07,22012,6641,14926007,1,312530,49.26238250732422,-123.06723022460938,0.2639,6,25.87967659176504
2026-05-23 00:00:00,2026-05-23 08:02:31.235689-07,2026-05-23 07:57:37-07,24005,6641,14926003,1,312529,49.26823425292969,-123.24773406982422,16.685,217,49.07903854717396
2026-05-23 00:00:00,2026-05-23 08:02:31.235689-07,2026-05-23 08:02:07-07,24007,6641,14926006,1,312530,49.26318359375,-123.10986328125,3.3714,48,28.41615325563361
2026-05-23 00:00:00,2026-05-23 08:03:02.139687-07,2026-05-23 08:01:05-07,15019,6641,14926008,1,312530,49.2633171081543,-123.06880187988281,0.0,1,77.87718289997039
2026-05-23 00:00:00,2026-05-23 08:03:02.139687-07,2026-05-23 08:02:37-07,16201,6641,14925856,0,312527,49.263816833496094,-123.15463256835938,7.1074,78,48.60716452572637
2026-05-23 00:00:00,2026-05-23 08:03:02.139687-07,2026-05-23 08:02:47-07,16222,6641,14926004,1,312530,49.26395034790039,-123.21634674072266,11.2204,120,32.47533462758668
2026-05-23 00:00:00,2026-05-23 08:03:02.139687-07,2026-05-23 08:02:51-07,19026,6641,14925855,0,312527,49.262516021728516,-123.0948486328125,11.5065,127,7.508164400634178
2026-05-23 00:00:00,2026-05-23 08:03:02.139687-07,2026-05-23 08:02:52-07,19041,6641,14926005,1,312529,49.263832092285156,-123.15351867675781,9.4657,138,42.153836823591526
2026-05-23 00:00:00,2026-05-23 08:03:02.139687-07,2026-05-23 08:02:30-07,22012,6641,14926007,1,312530,49.26241683959961,-123.0687484741211,0.4039,9,11.789460848397042
2026-05-23 00:00:00,2026-05-23 08:03:02.139687-07,2026-05-23 07:57:37-07,24005,6641,14926003,1,312529,49.26823425292969,-123.24773406982422,16.685,217,49.07903854717396
2026-05-23 00:00:00,2026-05-23 08:03:02.139687-07,2026-05-23 08:02:38-07,24007,6641,14926006,1,312530,49.26323318481445,-123.1136474609375,3.6196,50,55.137454226532356
2026-05-23 00:00:00,2026-05-23 08:03:32.667994-07,2026-05-23 08:01:05-07,15019,6641,14926008,1,312530,49.2633171081543,-123.06880187988281,0.0,1,77.87718289997039
2026-05-23 00:00:00,2026-05-23 08:03:32.667994-07,2026-05-23 08:03:06-07,16201,6641,14925856,0,312527,49.26373291015625,-123.15184783935547,7.3224,81,37.17646606493429
2026-05-23 00:00:00,2026-05-23 08:03:32.667994-07,2026-05-23 08:03:16-07,16222,6641,14926004,1,312530,49.263816833496094,-123.2226333618164,11.2204,120,488.79805770191945
2026-05-23 00:00:00,2026-05-23 08:03:32.667994-07,2026-05-23 08:03:20-07,19026,6641,14925855,0,312527,49.26240158081055,-123.08992004394531,11.9299,131,57.664499342876745
2026-05-23 00:00:00,2026-05-23 08:03:32.667994-07,2026-05-23 08:03:22-07,19041,6641,14926005,1,312529,49.26395034790039,-123.1544189453125,9.6376,139,64.62772705154774
2026-05-23 00:00:00,2026-05-23 08:03:32.667994-07,2026-05-23 08:03:16-07,22012,6641,14926007,1,312530,49.26240158081055,-123.06883239746094,0.4039,9,10.257615403984461
2026-05-23 00:00:00,2026-05-23 08:03:32.667994-07,2026-05-23 08:03:09-07,23002,6641,14925857,0,312527,49.26430130004883,-123.1846694946289,5.0332,61,64.29703555212403
2026-05-23 00:00:00,2026-05-23 08:03:32.667994-07,2026-05-23 07:57:37-07,24005,6641,14926003,1,312529,49.26823425292969,-123.24773406982422,16.685,217,49.07903854717396
2026-05-23 00:00:00,2026-05-23 08:03:32.667994-07,2026-05-23 08:03:08-07,24007,6641,14926006,1,312530,49.26333236694336,-123.11620330810547,3.7677,54,93.80086705380454
2026-05-23 00:00:00,2026-05-23 08:04:03.434358-07,2026-05-23 08:01:05-07,15019,6641,14926008,1,312530,49.2633171081543,-123.06880187988281,0.0,1,77.87718289997039
2026-05-23 00:00:00,2026-05-23 08:04:03.434358-07,2026-05-23 08:03:36-07,16201,6641,14925856,0,312527,49.26369857788086,-123.14833068847656,7.6286,84,14.51827016845689
2026-05-23 00:00:00,2026-05-23 08:04:03.434358-07,2026-05-23 08:03:46-07,16222,6641,14926004,1,312530,49.263648986816406,-123.2286148071289,12.2434,121,96.67938046634839
2026-05-23 00:00:00,2026-05-23 08:04:03.434358-07,2026-05-23 08:03:49-07,19026,6641,14925855,0,312527,49.26238250732422,-123.08854675292969,11.9299,131,44.096641085451395
2026-05-23 00:00:00,2026-05-23 08:04:03.434358-07,2026-05-23 08:03:52-07,19041,6641,14926005,1,312529,49.26393127441406,-123.1550521850586,9.6376,139,19.54014457627615
2026-05-23 00:00:00,2026-05-23 08:04:03.434358-07,2026-05-23 08:03:45-07,22012,6641,14926007,1,312530,49.26238250732422,-123.07036590576172,0.4772,13,41.97353822011239
2026-05-23 00:00:00,2026-05-23 08:04:03.434358-07,2026-05-23 08:03:52-07,23002,6641,14925857,0,312527,49.264251708984375,-123.17904663085938,5.3215,64,56.58572864319884
2026-05-23 00:00:00,2026-05-23 08:04:03.434358-07,2026-05-23 07:57:37-07,24005,6641,14926003,1,312529,49.26823425292969,-123.24773406982422,16.685,217,49.07903854717396
2026-05-23 00:00:00,2026-05-23 08:04:03.434358-07,2026-05-23 08:03:39-07,24007,6641,14926006,1,312530,49.26333236694336,-123.11648559570312,3.9567,55,75.61725118205305
2026-05-23 00:00:00,2026-05-23 08:04:34.009867-07,2026-05-23 08:01:05-07,15019,6641,14926008,1,312530,49.2633171081543,-123.06880187988281,0.0,1,77.87718289997039
2026-05-23 00:00:00,2026-05-23 08:04:34.009867-07,2026-05-23 08:04:06-07,16201,6641,14925856,0,312527,49.2636833190918,-123.14604949951172,7.8023,85,21.326174998274134
2026-05-23 00:00:00,2026-05-23 08:04:34.009867-07,2026-05-23 08:04:16-07,16222,6641,14926004,1,312530,49.2637825012207,-123.23181915283203,12.3692,127,12.931324330860017
2026-05-23 00:00:00,2026-05-23 08:04:34.009867-07,2026-05-23 08:04:01-07,19026,6641,14925855,0,312527,49.26243209838867,-123.08824920654297,11.9299,131,64.51688615925846
2026-05-23 00:00:00,2026-05-23 08:04:34.009867-07,2026-05-23 08:04:20-07,19041,6641,14926005,1,312529,49.263999938964844,-123.15966796875,9.9808,141,25.908454591251886
2026-05-23 00:00:00,2026-05-23 08:04:34.009867-07,2026-05-23 08:04:16-07,22012,6641,14926007,1,312530,49.26243209838867,-123.07553100585938,0.8986,17,7.32796077163861
2026-05-23 00:00:00,2026-05-23 08:04:34.009867-07,2026-05-23 08:03:55-07,23002,6641,14925857,0,312527,49.264251708984375,-123.17904663085938,5.3215,64,56.58572864319884
2026-05-23 00:00:00,2026-05-23 08:04:34.009867-07,2026-05-23 07:57:37-07,24005,6641,14926003,1,312529,49.26823425292969,-123.24773406982422,16.685,217,49.07903854717396
2026-05-23 00:00:00,2026-05-23 08:04:34.009867-07,2026-05-23 08:04:08-07,24007,6641,14926006,1,312530,49.26333236694336,-123.11648559570312,3.9567,55,75.61725118205305
2026-05-23 00:00:00,2026-05-23 08:05:04.671249-07,2026-05-23 08:04:32-07,15019,6641,14926008,1,312530,49.26319885253906,-123.06856536865234,0.3869,8,92.72036852240318
2026-05-23 00:00:00,2026-05-23 08:05:04.671249-07,2026-05-23 08:04:37-07,16201,6641,14925856,0,312527,49.263648986816406,-123.14409637451172,7.9729,86,49.53661735422439
2026-05-23 00:00:00,2026-05-23 08:05:04.671249-07,2026-05-23 08:04:47-07,16222,6641,14926004,1,312530,49.26591873168945,-123.23587036132812,12.7331,135,31.50078057426124
2026-05-23 00:00:00,2026-05-23 08:05:04.671249-07,2026-05-23 08:04:31-07,19026,6641,14925855,0,312527,49.26250076293945,-123.08316802978516,12.3531,134,12.999763279566643
2026-05-23 00:00:00,2026-05-23 08:05:04.671249-07,2026-05-23 08:04:58-07,19041,6641,14926005,1,312529,49.264068603515625,-123.16453552246094,10.3177,143,8.111755530279332
2026-05-23 00:00:00,2026-05-23 08:05:04.671249-07,2026-05-23 08:04:46-07,22012,6641,14926007,1,312530,49.26250076293945,-123.07849884033203,1.0471,20,64.67532846548512
2026-05-23 00:00:00,2026-05-23 08:05:04.671249-07,2026-05-23 08:04:53-07,23002,6641,14925857,0,312527,49.2640495300293,-123.16863250732422,6.171,72,34.453493497723215
2026-05-23 00:00:00,2026-05-23 08:05:04.671249-07,2026-05-23 08:04:32-07,24005,6641,14925858,0,312527,49.2674674987793,-123.24690246582031,0.1448,2,26.14315954954478
2026-05-23 00:00:00,2026-05-23 08:05:04.671249-07,2026-05-23 08:04:38-07,24007,6641,14926006,1,312530,49.26333236694336,-123.11648559570312,3.9567,55,75.61725118205305
2026-05-23 00:00:00,2026-05-23 08:05:35.280504-07,2026-05-23 08:04:32-07,15019,6641,14926008,1,312530,49.26319885253906,-123.06856536865234,0.3869,8,92.72036852240318
2026-05-23 00:00:00,2026-05-23 08:05:35.280504-07,2026-05-23 08:05:06-07,16201,6641,14925856,0,312527,49.26361846923828,-123.14134979248047,8.1467,87,23.42824018743456
2026-05-23 00:00:00,2026-05-23 08:05:35.280504-07,2026-05-23 08:04:47-07,16222,6641,14926004,1,312530,49.26591873168945,-123.23587036132812,12.7331,135,31.50078057426124
2026-05-23 00:00:00,2026-05-23 08:05:35.280504-07,2026-05-23 08:05:01-07,19026,6641,14925855,0,312527,49.262367248535156,-123.07843017578125,12.7679,137,58.6429587859211
2026-05-23 00:00:00,2026-05-23 08:05:35.280504-07,2026-05-23 08:05:16-07,19041,6641,14926005,1,312529,49.26411819458008,-123.1669692993164,10.4521,144,35.88002032281101
2026-05-23 00:00:00,2026-05-23 08:05:35.280504-07,2026-05-23 08:05:13-07,22012,6641,14926007,1,312530,49.262481689453125,-123.0788803100586,1.0471,20,91.76849764150305
2026-05-23 00:00:00,2026-05-23 08:05:35.280504-07,2026-05-23 08:04:55-07,23002,6641,14925857,0,312527,49.2640495300293,-123.16863250732422,6.171,72,34.453493497723215
2026-05-23 00:00:00,2026-05-23 08:05:35.280504-07,2026-05-23 08:05:12-07,24005,6641,14925858,0,312527,49.26755142211914,-123.24678039550781,0.1448,2,14.155210562180303
2026-05-23 00:00:00,2026-05-23 08:05:35.280504-07,2026-05-23 08:05:08-07,24007,6641,14926006,1,312530,49.26333236694336,-123.11648559570312,3.9567,55,75.61725118205305
2026-05-23 00:00:00,2026-05-23 08:06:05.905895-07,2026-05-23 08:04:32-07,15019,6641,14926008,1,312530,49.26319885253906,-123.06856536865234,0.3869,8,92.72036852240318
2026-05-23 00:00:00,2026-05-23 08:06:05.905895-07,2026-05-23 08:05:36-07,16201,6641,14925856,0,312527,49.26361846923828,-123.14129638671875,8.1467,87,19.553973143352206
2026-05-23 00:00:00,2026-05-23 08:06:05.905895-07,2026-05-23 08:05:16-07,16222,6641,14926004,1,312530,49.267051696777344,-123.24068450927734,13.1754,145,29.473384694888285
2026-05-23 00:00:00,2026-05-23 08:06:05.905895-07,2026-05-23 08:05:31-07,19026,6641,14925855,0,312527,49.2623176574707,-123.07796478271484,12.7679,137,26.178338587862505
2026-05-23 00:00:00,2026-05-23 08:06:05.905895-07,2026-05-23 08:05:46-07,19041,6641,14926005,1,312529,49.26411819458008,-123.16761779785156,10.574,145,39.57229295031893
2026-05-23 00:00:00,2026-05-23 08:06:05.905895-07,2026-05-23 08:05:43-07,22012,6641,14926007,1,312530,49.262481689453125,-123.08284759521484,1.4619,23,34.72135015985726
2026-05-23 00:00:00,2026-05-23 08:06:05.905895-07,2026-05-23 08:05:29-07,23002,6641,14925857,0,312527,49.264034271240234,-123.16712951660156,6.2929,73,46.728189042555435
2026-05-23 00:00:00,2026-05-23 08:06:05.905895-07,2026-05-23 08:05:42-07,24005,6641,14925858,0,312527,49.26658248901367,-123.24566650390625,0.294,3,19.98671153654979
2026-05-23 00:00:00,2026-05-23 08:06:05.905895-07,2026-05-23 08:05:38-07,24007,6641,14926006,1,312530,49.26333236694336,-123.11648559570312,3.9567,55,75.61725118205305
2026-05-23 00:00:00,2026-05-23 08:06:36.54552-07,2026-05-23 08:04:32-07,15019,6641,14926008,1,312530,49.26319885253906,-123.06856536865234,0.3869,8,92.72036852240318
2026-05-23 00:00:00,2026-05-23 08:06:36.54552-07,2026-05-23 08:06:07-07,16201,6641,14925856,0,312527,49.2635498046875,-123.13993072509766,8.2755,89,49.157045572769945
2026-05-23 00:00:00,2026-05-23 08:06:36.54552-07,2026-05-23 08:06:15-07,16222,6641,14926004,1,312530,49.266517639160156,-123.24503326416016,13.5001,151,30.344605240855955
2026-05-23 00:00:00,2026-05-23 08:06:36.54552-07,2026-05-23 08:06:09-07,19026,6641,14925855,0,312527,49.262332916259766,-123.07579803466797,12.9163,140,16.253572977528535
2026-05-23 00:00:00,2026-05-23 08:06:36.54552-07,2026-05-23 08:06:22-07,19041,6641,14926005,1,312529,49.2641487121582,-123.17130279541016,10.7984,147,5.028911436092606
2026-05-23 00:00:00,2026-05-23 08:06:36.54552-07,2026-05-23 08:06:12-07,22012,6641,14926007,1,312530,49.262550354003906,-123.08847045898438,1.885,26,48.81784449352481
2026-05-23 00:00:00,2026-05-23 08:06:36.54552-07,2026-05-23 08:05:58-07,23002,6641,14925857,0,312527,49.263999938964844,-123.16486358642578,6.4273,74,16.924163452411143
2026-05-23 00:00:00,2026-05-23 08:06:36.54552-07,2026-05-23 08:06:11-07,24005,6641,14925858,0,312527,49.266666412353516,-123.2435302734375,0.424,7,38.02420522237563
2026-05-23 00:00:00,2026-05-23 08:06:36.54552-07,2026-05-23 08:06:10-07,24007,6641,14926006,1,312530,49.26333236694336,-123.11671447753906,3.9567,55,59.16514612686493
2026-05-23 00:00:00,2026-05-23 08:07:07.212121-07,2026-05-23 08:04:32-07,15019,6641,14926008,1,312530,49.26319885253906,-123.06856536865234,0.3869,8,92.72036852240318
2026-05-23 00:00:00,2026-05-23 08:07:07.212121-07,2026-05-23 08:06:27-07,16201,6641,14925856,0,312527,49.2635498046875,-123.13968658447266,8.2755,89,31.592589920209548
2026-05-23 00:00:00,2026-05-23 08:07:07.212121-07,2026-05-23 08:06:45-07,16222,6641,14926004,1,312530,49.266700744628906,-123.24569702148438,13.5001,151,32.22709338104186
2026-05-23 00:00:00,2026-05-23 08:07:07.212121-07,2026-05-23 08:06:39-07,19026,6641,14925855,0,312527,49.2623176574707,-123.07091522216797,13.1927,143,63.3236763893524
2026-05-23 00:00:00,2026-05-23 08:07:07.212121-07,2026-05-23 08:06:58-07,19041,6641,14926005,1,312529,49.264251708984375,-123.17786407470703,11.2759,152,5.1419594505880815
2026-05-23 00:00:00,2026-05-23 08:07:07.212121-07,2026-05-23 08:06:43-07,22012,6641,14926007,1,312530,49.2625846862793,-123.09001922607422,1.885,26,65.17202691259098
2026-05-23 00:00:00,2026-05-23 08:07:07.212121-07,2026-05-23 08:06:28-07,23002,6641,14925857,0,312527,49.26395034790039,-123.1611328125,6.7642,76,81.26517710146283
2026-05-23 00:00:00,2026-05-23 08:07:07.212121-07,2026-05-23 08:06:47-07,24005,6641,14925858,0,312527,49.26693344116211,-123.2414321899414,0.6276,11,11.582918757795078
2026-05-23 00:00:00,2026-05-23 08:07:07.212121-07,2026-05-23 08:06:41-07,24007,6641,14926006,1,312530,49.26338195800781,-123.11973571777344,4.1296,57,15.06937184458947
2026-05-23 00:00:00,2026-05-23 08:07:37.759551-07,2026-05-23 08:04:32-07,15019,6641,14926008,1,312530,49.26319885253906,-123.06856536865234,0.3869,8,92.72036852240318
2026-05-23 00:00:00,2026-05-23 08:07:37.759551-07,2026-05-23 08:06:59-07,16201,6641,14925856,0,312527,49.26353454589844,-123.13711547851562,8.3773,91,54.19933199345088
2026-05-23 00:00:00,2026-05-23 08:07:37.759551-07,2026-05-23 08:07:14-07,16222,6641,14926004,1,312530,49.26890182495117,-123.24752044677734,13.8156,160,3.4516467044279477
2026-05-23 00:00:00,2026-05-23 08:07:37.759551-07,2026-05-23 08:07:09-07,19026,6641,14925855,0,312527,49.262451171875,-123.06971740722656,13.3378,144,14.987167117826276
2026-05-23 00:00:00,2026-05-23 08:07:37.759551-07,2026-05-23 08:07:23-07,19041,6641,14926005,1,312529,49.26431655883789,-123.18146514892578,11.5715,155,28.467978165382064
2026-05-23 00:00:00,2026-05-23 08:07:37.759551-07,2026-05-23 08:07:17-07,22012,6641,14926007,1,312530,49.26253128051758,-123.09030151367188,2.024,27,54.07382884669365
2026-05-23 00:00:00,2026-05-23 08:07:37.759551-07,2026-05-23 08:07:00-07,23002,6641,14925857,0,312527,49.26386642456055,-123.15640258789062,7.1074,78,80.08212718124304
2026-05-23 00:00:00,2026-05-23 08:07:37.759551-07,2026-05-23 08:07:16-07,24005,6641,14925858,0,312527,49.26620101928711,-123.23668670654297,0.9528,22,22.761398470884423
2026-05-23 00:00:00,2026-05-23 08:07:37.759551-07,2026-05-23 08:07:11-07,24007,6641,14926006,1,312530,49.2634162902832,-123.12228393554688,4.2697,58,35.49811653420766
2026-05-23 00:00:00,2026-05-23 08:08:08.351027-07,2026-05-23 08:04:32-07,15019,6641,14926008,1,312530,49.26319885253906,-123.06856536865234,0.3869,8,92.72036852240318
2026-05-23 00:00:00,2026-05-23 08:08:08.351027-07,2026-05-23 08:07:27-07,16201,6641,14925856,0,312527,49.26351547241211,-123.13643646240234,8.5063,93,25.69469859384302
2026-05-23 00:00:00,2026-05-23 08:08:08.351027-07,2026-05-23 08:07:14-07,16222,6641,14926004,1,312530,49.26890182495117,-123.24752044677734,13.8156,160,3.4516467044279477
2026-05-23 00:00:00,2026-05-23 08:08:08.351027-07,2026-05-23 08:07:37-07,19026,6641,14925855,0,312527,49.26298141479492,-123.06966400146484,13.4154,147,9.784634358404006
2026-05-23 00:00:00,2026-05-23 08:08:08.351027-07,2026-05-23 08:07:49-07,19041,6641,14926005,1,312529,49.264366149902344,-123.18419647216797,11.7118,156,30.045065004618156
2026-05-23 00:00:00,2026-05-23 08:08:08.351027-07,2026-05-23 08:07:47-07,22012,6641,14926007,1,312530,49.262550354003906,-123.09456634521484,2.3085,30,28.201427890612603
2026-05-23 00:00:00,2026-05-23 08:08:08.351027-07,2026-05-23 08:07:43-07,23002,6641,14925857,0,312527,49.263816833496094,-123.15460205078125,7.1074,78,50.810779056693235
2026-05-23 00:00:00,2026-05-23 08:08:08.351027-07,2026-05-23 08:07:46-07,24005,6641,14925858,0,312527,49.26396560668945,-123.23273468017578,1.3592,29,6.3232622965923895
2026-05-23 00:00:00,2026-05-23 08:08:08.351027-07,2026-05-23 08:07:28-07,24007,6641,14926006,1,312530,49.2634162902832,-123.12271881103516,4.2697,58,66.22066587765164
2026-05-23 00:00:00,2026-05-23 08:08:39.050647-07,2026-05-23 08:04:32-07,15019,6641,14926008,1,312530,49.26319885253906,-123.06856536865234,0.3869,8,92.72036852240318
2026-05-23 00:00:00,2026-05-23 08:08:39.050647-07,2026-05-23 08:07:58-07,16201,6641,14925856,0,312527,49.26351547241211,-123.13518524169922,8.5062,92,65.69430108870482
2026-05-23 00:00:00,2026-05-23 08:08:39.050647-07,2026-05-23 08:07:14-07,16222,6641,14926004,1,312530,49.26890182495117,-123.24752044677734,13.8156,160,3.4516467044279477
2026-05-23 00:00:00,2026-05-23 08:08:39.050647-07,2026-05-23 08:08:12-07,19026,6641,14925855,0,312527,49.26353454589844,-123.0696792602539,13.4776,149,8.564121349136899
2026-05-23 00:00:00,2026-05-23 08:08:39.050647-07,2026-05-23 08:08:19-07,19041,6641,14926005,1,312529,49.263851165771484,-123.18596649169922,11.9122,158,11.306137253600587
2026-05-23 00:00:00,2026-05-23 08:08:39.050647-07,2026-05-23 08:08:16-07,22012,6641,14926007,1,312530,49.26286697387695,-123.09770202636719,2.4628,35,50.46617484193282
2026-05-23 00:00:00,2026-05-23 08:08:39.050647-07,2026-05-23 08:08:13-07,23002,6641,14925857,0,312527,49.26376724243164,-123.15303039550781,7.2793,79,8.982312931266517
2026-05-23 00:00:00,2026-05-23 08:08:39.050647-07,2026-05-23 08:08:16-07,24005,6641,14925858,0,312527,49.26361846923828,-123.22716522216797,1.5845,36,189.3734715362484
2026-05-23 00:00:00,2026-05-23 08:08:39.050647-07,2026-05-23 08:07:58-07,24007,6641,14926006,1,312530,49.26350021362305,-123.12644958496094,4.6192,60,16.151650451201274
2026-05-23 00:00:00,2026-05-23 08:09:09.76245-07,2026-05-23 08:04:32-07,15019,6641,14926008,1,312530,49.26319885253906,-123.06856536865234,0.3869,8,92.72036852240318
2026-05-23 00:00:00,2026-05-23 08:09:09.76245-07,2026-05-23 08:08:27-07,16201,6641,14925856,0,312527,49.263465881347656,-123.1310806274414,8.85,95,20.949932711316162
2026-05-23 00:00:00,2026-05-23 08:09:09.76245-07,2026-05-23 08:07:14-07,16222,6641,14926004,1,312530,49.26890182495117,-123.24752044677734,13.8156,160,3.4516467044279477
2026-05-23 00:00:00,2026-05-23 08:09:09.76245-07,2026-05-23 08:08:34-07,19026,6641,14926009,1,312530,49.263301849365234,-123.06881713867188,0.0,1,77.84582507162303
2026-05-23 00:00:00,2026-05-23 08:09:09.76245-07,2026-05-23 08:08:54-07,19041,6641,14926005,1,312529,49.2636833190918,-123.18596649169922,11.9632,159,23.039303361000247
2026-05-23 00:00:00,2026-05-23 08:09:09.76245-07,2026-05-23 08:08:47-07,22012,6641,14926007,1,312530,49.26286697387695,-123.09771728515625,2.4628,35,51.55560189850011
2026-05-23 00:00:00,2026-05-23 08:09:09.76245-07,2026-05-23 08:08:42-07,23002,6641,14925857,0,312527,49.2636833190918,-123.14965057373047,7.4537,82,65.68053172030024
2026-05-23 00:00:00,2026-05-23 08:09:09.76245-07,2026-05-23 08:08:45-07,24005,6641,14925858,0,312527,49.26374816894531,-123.22118377685547,2.5945,37,383.4687060182225
2026-05-23 00:00:00,2026-05-23 08:09:09.76245-07,2026-05-23 08:08:28-07,24007,6641,14926006,1,312530,49.26353454589844,-123.13162994384766,4.9649,62,19.821174050630667
2026-05-23 00:00:00,2026-05-23 08:09:40.342494-07,2026-05-23 08:04:32-07,15019,6641,14926008,1,312530,49.26319885253906,-123.06856536865234,0.3869,8,92.72036852240318
2026-05-23 00:00:00,2026-05-23 08:09:40.342494-07,2026-05-23 08:08:59-07,16201,6641,14925856,0,312527,49.26348114013672,-123.1274185180664,9.1958,97,58.61462451847478
2026-05-23 00:00:00,2026-05-23 08:09:40.342494-07,2026-05-23 08:07:14-07,16222,6641,14926004,1,312530,49.26890182495117,-123.24752044677734,13.8156,160,3.4516467044279477
2026-05-23 00:00:00,2026-05-23 08:09:40.342494-07,2026-05-23 08:09:04-07,19026,6641,14926009,1,312530,49.263301849365234,-123.06881713867188,0.0,1,77.84582507162303
2026-05-23 00:00:00,2026-05-23 08:09:40.342494-07,2026-05-23 08:09:20-07,19041,6641,14926005,1,312529,49.2635498046875,-123.18636322021484,11.9632,159,34.61420273107173
2026-05-23 00:00:00,2026-05-23 08:09:40.342494-07,2026-05-23 08:09:05-07,22012,6641,14926007,1,312530,49.262882232666016,-123.09774780273438,2.4628,35,54.05030710144186
2026-05-23 00:00:00,2026-05-23 08:09:40.342494-07,2026-05-23 08:09:13-07,23002,6641,14925857,0,312527,49.2636833190918,-123.1483154296875,7.6286,84,14.17565802952002
2026-05-23 00:00:00,2026-05-23 08:09:40.342494-07,2026-05-23 08:09:17-07,24005,6641,14925858,0,312527,49.26388168334961,-123.2154312133789,2.6424,38,13.905040443882365
2026-05-23 00:00:00,2026-05-23 08:09:40.342494-07,2026-05-23 08:08:59-07,24007,6641,14926006,1,312530,49.26353454589844,-123.13553619384766,5.3087,65,40.140980180194646
2026-05-23 00:00:00,2026-05-23 08:10:10.930732-07,2026-05-23 08:04:32-07,15019,6641,14926008,1,312530,49.26319885253906,-123.06856536865234,0.3869,8,92.72036852240318
2026-05-23 00:00:00,2026-05-23 08:10:10.930732-07,2026-05-23 08:09:28-07,16201,6641,14925856,0,312527,49.263465881347656,-123.12483215332031,9.3737,98,48.84115060870603
2026-05-23 00:00:00,2026-05-23 08:10:10.930732-07,2026-05-23 08:07:14-07,16222,6641,14926004,1,312530,49.26890182495117,-123.24752044677734,13.8156,160,3.4516467044279477
2026-05-23 00:00:00,2026-05-23 08:10:10.930732-07,2026-05-23 08:09:34-07,19026,6641,14926009,1,312530,49.263301849365234,-123.06881713867188,0.0,1,77.84582507162303
2026-05-23 00:00:00,2026-05-23 08:10:10.930732-07,2026-05-23 08:09:50-07,19041,6641,14926005,1,312529,49.26359939575195,-123.1915512084961,12.3232,162,51.58515678811387
2026-05-23 00:00:00,2026-05-23 08:10:10.930732-07,2026-05-23 08:09:35-07,22012,6641,14926007,1,312530,49.262882232666016,-123.09964752197266,2.6458,39,8.891302065124954
2026-05-23 00:00:00,2026-05-23 08:10:10.930732-07,2026-05-23 08:09:43-07,23002,6641,14925857,0,312527,49.263668060302734,-123.14436340332031,7.9729,86,68.89530468123543
2026-05-23 00:00:00,2026-05-23 08:10:10.930732-07,2026-05-23 08:09:46-07,24005,6641,14925858,0,312527,49.26388168334961,-123.2154312133789,2.6424,38,13.905040443882365
2026-05-23 00:00:00,2026-05-23 08:10:10.930732-07,2026-05-23 08:09:27-07,24007,6641,14926006,1,312530,49.26361846923828,-123.13849639892578,5.4888,67,5.779063590881506
2026-05-23 00:00:00,2026-05-23 08:10:41.48873-07,2026-05-23 08:04:32-07,15019,6641,14926008,1,312530,49.26319885253906,-123.06856536865234,0.3869,8,92.72036852240318
2026-05-23 00:00:00,2026-05-23 08:10:41.48873-07,2026-05-23 08:09:58-07,16201,6641,14925856,0,312527,49.2633171081543,-123.12211608886719,9.5453,99,21.557957488204842
2026-05-23 00:00:00,2026-05-23 08:10:41.48873-07,2026-05-23 08:07:14-07,16222,6641,14926004,1,312530,49.26890182495117,-123.24752044677734,13.8156,160,3.4516467044279477
2026-05-23 00:00:00,2026-05-23 08:10:41.48873-07,2026-05-23 08:10:03-07,19026,6641,14926009,1,312530,49.263301849365234,-123.06881713867188,0.0,1,77.84582507162303
2026-05-23 00:00:00,2026-05-23 08:10:41.48873-07,2026-05-23 08:10:20-07,19041,6641,14926005,1,312529,49.26369857788086,-123.19741821289062,12.7695,166,33.025678020751926
2026-05-23 00:00:00,2026-05-23 08:10:41.48873-07,2026-05-23 08:10:05-07,22012,6641,14926007,1,312530,49.26296615600586,-123.10240173339844,2.896,43,40.58301385593421
2026-05-23 00:00:00,2026-05-23 08:10:41.48873-07,2026-05-23 08:10:10-07,23002,6641,14925857,0,312527,49.26361846923828,-123.14126586914062,8.1467,87,17.34031589054227
2026-05-23 00:00:00,2026-05-23 08:10:41.48873-07,2026-05-23 08:10:16-07,24005,6641,14925858,0,312527,49.26388168334961,-123.21101379394531,2.8717,43,80.92309495439125
2026-05-23 00:00:00,2026-05-23 08:10:41.48873-07,2026-05-23 08:09:58-07,24007,6641,14926006,1,312530,49.26369857788086,-123.14016723632812,5.6682,69,63.02057453041895
2026-05-23 00:00:00,2026-05-23 08:11:12.247506-07,2026-05-23 08:04:32-07,15019,6641,14926008,1,312530,49.26319885253906,-123.06856536865234,0.3869,8,92.72036852240318
2026-05-23 00:00:00,2026-05-23 08:11:12.247506-07,2026-05-23 08:10:43-07,16201,6641,14925856,0,312527,49.26323318481445,-123.1198501586914,9.6854,100,7.604810296282833
2026-05-23 00:00:00,2026-05-23 08:11:12.247506-07,2026-05-23 08:07:14-07,16222,6641,14926004,1,312530,49.26890182495117,-123.24752044677734,13.8156,160,3.4516467044279477
2026-05-23 00:00:00,2026-05-23 08:11:12.247506-07,2026-05-23 08:10:33-07,19026,6641,14926009,1,312530,49.263301849365234,-123.06881713867188,0.0,1,77.84582507162303
2026-05-23 00:00:00,2026-05-23 08:11:12.247506-07,2026-05-23 08:10:50-07,19041,6641,14926005,1,312529,49.26380157470703,-123.20386505126953,13.2096,171,62.23041643008031
2026-05-23 00:00:00,2026-05-23 08:11:12.247506-07,2026-05-23 08:10:36-07,22012,6641,14926007,1,312530,49.263065338134766,-123.1046142578125,3.0364,45,20.45879630441917
2026-05-23 00:00:00,2026-05-23 08:11:12.247506-07,2026-05-23 08:10:43-07,23002,6641,14925857,0,312527,49.26361846923828,-123.14126586914062,8.1467,87,17.34031589054227
2026-05-23 00:00:00,2026-05-23 08:11:12.247506-07,2026-05-23 08:10:37-07,24005,6641,14925858,0,312527,49.263832092285156,-123.20770263671875,3.0906,44,102.92194048701325
2026-05-23 00:00:00,2026-05-23 08:11:12.247506-07,2026-05-23 08:10:49-07,24007,6641,14926006,1,312530,49.26371765136719,-123.14109802246094,5.6683,70,12.625262979515194
2026-05-23 00:00:00,2026-05-23 08:11:42.839769-07,2026-05-23 08:04:32-07,15019,6641,14926008,1,312530,49.26319885253906,-123.06856536865234,0.3869,8,92.72036852240318
2026-05-23 00:00:00,2026-05-23 08:11:42.839769-07,2026-05-23 08:11:12-07,16201,6641,14925856,0,312527,49.26318359375,-123.11626434326172,9.8583,102,91.41436304431114
2026-05-23 00:00:00,2026-05-23 08:11:42.839769-07,2026-05-23 08:07:14-07,16222,6641,14926004,1,312530,49.26890182495117,-123.24752044677734,13.8156,160,3.4516467044279477
2026-05-23 00:00:00,2026-05-23 08:11:42.839769-07,2026-05-23 08:11:04-07,19026,6641,14926009,1,312530,49.263301849365234,-123.06881713867188,0.0,1,77.84582507162303
2026-05-23 00:00:00,2026-05-23 08:11:42.839769-07,2026-05-23 08:11:21-07,19041,6641,14926005,1,312529,49.26386642456055,-123.20923614501953,13.6544,173,9.014209583879628
2026-05-23 00:00:00,2026-05-23 08:11:42.839769-07,2026-05-23 08:11:06-07,22012,6641,14926007,1,312530,49.263065338134766,-123.1046142578125,3.0364,45,20.45879630441917
2026-05-23 00:00:00,2026-05-23 08:11:42.839769-07,2026-05-23 08:11:13-07,23002,6641,14925857,0,312527,49.26353454589844,-123.13993072509766,8.2755,89,49.363199685825464
2026-05-23 00:00:00,2026-05-23 08:11:42.839769-07,2026-05-23 08:11:07-07,24005,6641,14925858,0,312527,49.26374816894531,-123.20210266113281,3.5355,47,65.9146276817078
2026-05-23 00:00:00,2026-05-23 08:11:42.839769-07,2026-05-23 08:10:49-07,24007,6641,14926006,1,312530,49.26371765136719,-123.14109802246094,5.6683,70,12.625262979515194
2026-05-23 00:00:00,2026-05-23 08:12:13.432482-07,2026-05-23 08:11:20-07,15019,6641,14926008,1,312530,49.26313400268555,-123.06829833984375,0.3869,8,87.71957173095558
2026-05-23 00:00:00,2026-05-23 08:12:13.432482-07,2026-05-23 08:11:42-07,16201,6641,14925856,0,312527,49.26318359375,-123.115234375,10.0472,103,22.599904473496817
2026-05-23 00:00:00,2026-05-23 08:12:13.432482-07,2026-05-23 08:07:14-07,16222,6641,14926004,1,312530,49.26890182495117,-123.24752044677734,13.8156,160,3.4516467044279477
2026-05-23 00:00:00,2026-05-23 08:12:13.432482-07,2026-05-23 08:11:34-07,19026,6641,14926009,1,312530,49.263301849365234,-123.06881713867188,0.0,1,77.84582507162303
2026-05-23 00:00:00,2026-05-23 08:12:13.432482-07,2026-05-23 08:11:52-07,19041,6641,14926005,1,312529,49.26390075683594,-123.21141815185547,13.8733,174,51.63299181783261
2026-05-23 00:00:00,2026-05-23 08:12:13.432482-07,2026-05-23 08:11:22-07,22012,6641,14926007,1,312530,49.263065338134766,-123.10478210449219,3.0362,44,9.389809876968515
2026-05-23 00:00:00,2026-05-23 08:12:13.432482-07,2026-05-23 08:11:28-07,23002,6641,14925857,0,312527,49.26356887817383,-123.13963317871094,8.2755,89,27.462972878965687
2026-05-23 00:00:00,2026-05-23 08:12:13.432482-07,2026-05-23 08:11:36-07,24005,6641,14925858,0,312527,49.263648986816406,-123.19635009765625,3.9755,51,44.982829448502144
2026-05-23 00:00:00,2026-05-23 08:12:13.432482-07,2026-05-23 08:11:20-07,24007,6641,14926006,1,312530,49.26376724243164,-123.14517974853516,6.0127,72,42.51090296650634
2026-05-23 00:00:00,2026-05-23 08:12:44.029332-07,2026-05-23 08:11:50-07,15019,6641,14926008,1,312530,49.262481689453125,-123.06683349609375,0.2471,4,2.9666545693376403
2026-05-23 00:00:00,2026-05-23 08:12:44.029332-07,2026-05-23 08:12:12-07,16201,6641,14925856,0,312527,49.26316833496094,-123.11434936523438,10.058,105,31.355335334961083
2026-05-23 00:00:00,2026-05-23 08:12:44.029332-07,2026-05-23 08:07:14-07,16222,6641,14926004,1,312530,49.26890182495117,-123.24752044677734,13.8156,160,3.4516467044279477
2026-05-23 00:00:00,2026-05-23 08:12:44.029332-07,2026-05-23 08:12:04-07,19026,6641,14926009,1,312530,49.263301849365234,-123.06881713867188,0.0,1,77.84582507162303
2026-05-23 00:00:00,2026-05-23 08:12:44.029332-07,2026-05-23 08:12:21-07,19041,6641,14926005,1,312529,49.26396560668945,-123.21649932861328,14.1504,180,43.38709934141861
2026-05-23 00:00:00,2026-05-23 08:12:44.029332-07,2026-05-23 08:11:52-07,22012,6641,14926007,1,312530,49.26313400268555,-123.1086196899414,3.3714,48,62.73735386799255
2026-05-23 00:00:00,2026-05-23 08:12:44.029332-07,2026-05-23 08:11:55-07,23002,6641,14925857,0,312527,49.26351547241211,-123.13652038574219,8.5063,93,31.692086005584702
2026-05-23 00:00:00,2026-05-23 08:12:44.029332-07,2026-05-23 08:12:06-07,24005,6641,14925858,0,312527,49.26356887817383,-123.19058227539062,4.422,56,18.72891516640875
2026-05-23 00:00:00,2026-05-23 08:12:44.029332-07,2026-05-23 08:11:49-07,24007,6641,14926006,1,312530,49.26376724243164,-123.1455307006836,6.0127,72,17.95216602893373
2026-05-23 00:00:00,2026-05-23 08:13:14.709743-07,2026-05-23 08:12:21-07,15019,6641,14926008,1,312530,49.26241683959961,-123.0687484741211,0.4039,9,11.789460848397042
2026-05-23 00:00:00,2026-05-23 08:13:14.709743-07,2026-05-23 08:12:29-07,16201,6641,14925856,0,312527,49.26318359375,-123.11415100097656,10.058,105,45.55421238665985
2026-05-23 00:00:00,2026-05-23 08:13:14.709743-07,2026-05-23 08:07:14-07,16222,6641,14926004,1,312530,49.26890182495117,-123.24752044677734,13.8156,160,3.4516467044279477
2026-05-23 00:00:00,2026-05-23 08:13:14.709743-07,2026-05-23 08:12:04-07,19026,6641,14926009,1,312530,49.263301849365234,-123.06881713867188,0.0,1,77.84582507162303
2026-05-23 00:00:00,2026-05-23 08:13:14.709743-07,2026-05-23 08:12:53-07,19041,6641,14926005,1,312529,49.26380157470703,-123.22309875488281,15.1734,181,497.2729001772917
2026-05-23 00:00:00,2026-05-23 08:13:14.709743-07,2026-05-23 08:12:19-07,22012,6641,14926007,1,312530,49.26321792602539,-123.11074829101562,3.4784,49,16.870754604073923
2026-05-23 00:00:00,2026-05-23 08:13:14.709743-07,2026-05-23 08:12:28-07,23002,6641,14925857,0,312527,49.263465881347656,-123.13150024414062,8.85,95,9.805344211976188
2026-05-23 00:00:00,2026-05-23 08:13:14.709743-07,2026-05-23 08:12:37-07,24005,6641,14925858,0,312527,49.26373291015625,-123.18583679199219,4.8328,59,23.215447671671033
2026-05-23 00:00:00,2026-05-23 08:13:14.709743-07,2026-05-23 08:12:19-07,24007,6641,14926006,1,312530,49.26369857788086,-123.14924621582031,6.1863,73,80.27099686680931
2026-05-23 00:00:00,2026-05-23 08:13:45.283641-07,2026-05-23 08:13:07-07,15019,6641,14926008,1,312530,49.26240158081055,-123.0688705444336,0.4162,10,11.213077576279117
2026-05-23 00:00:00,2026-05-23 08:13:45.283641-07,2026-05-23 08:12:59-07,16201,6641,14925856,0,312527,49.26319885253906,-123.11198425292969,10.1954,107,65.90327034514786
2026-05-23 00:00:00,2026-05-23 08:13:45.283641-07,2026-05-23 08:07:14-07,16222,6641,14926004,1,312530,49.26890182495117,-123.24752044677734,13.8156,160,3.4516467044279477
2026-05-23 00:00:00,2026-05-23 08:13:45.283641-07,2026-05-23 08:12:04-07,19026,6641,14926009,1,312530,49.263301849365234,-123.06881713867188,0.0,1,77.84582507162303
2026-05-23 00:00:00,2026-05-23 08:13:45.283641-07,2026-05-23 08:13:21-07,19041,6641,14926005,1,312529,49.263668060302734,-123.22868347167969,15.1734,181,91.7553163276849
2026-05-23 00:00:00,2026-05-23 08:13:45.283641-07,2026-05-23 08:13:22-07,22012,6641,14926007,1,312530,49.2633171081543,-123.11531829833984,3.7677,54,31.054723163412834
2026-05-23 00:00:00,2026-05-23 08:13:45.283641-07,2026-05-23 08:12:58-07,23002,6641,14925857,0,312527,49.263465881347656,-123.12698364257812,9.1958,97,27.2847887785755
2026-05-23 00:00:00,2026-05-23 08:13:45.283641-07,2026-05-23 08:13:19-07,24005,6641,14925858,0,312527,49.26433181762695,-123.18415069580078,5.0332,61,26.539875201613743
2026-05-23 00:00:00,2026-05-23 08:13:45.283641-07,2026-05-23 08:13:21-07,24007,6641,14926006,1,312530,49.26376724243164,-123.15253448486328,6.4957,77,11.671161212521627
2026-05-23 00:00:00,2026-05-23 08:14:15.872501-07,2026-05-23 08:13:35-07,15019,6641,14926008,1,312530,49.26238250732422,-123.07270050048828,0.6222,14,66.43392937249506
2026-05-23 00:00:00,2026-05-23 08:14:15.872501-07,2026-05-23 08:13:29-07,16201,6641,14925856,0,312527,49.263099670410156,-123.10968017578125,10.4437,110,14.39670533849368
2026-05-23 00:00:00,2026-05-23 08:14:15.872501-07,2026-05-23 08:07:14-07,16222,6641,14926004,1,312530,49.26890182495117,-123.24752044677734,13.8156,160,3.4516467044279477
2026-05-23 00:00:00,2026-05-23 08:14:15.872501-07,2026-05-23 08:12:04-07,19026,6641,14926009,1,312530,49.263301849365234,-123.06881713867188,0.0,1,77.84582507162303
2026-05-23 00:00:00,2026-05-23 08:14:15.872501-07,2026-05-23 08:13:52-07,19041,6641,14926005,1,312529,49.265132904052734,-123.23456573486328,15.5225,191,42.81462368022023
2026-05-23 00:00:00,2026-05-23 08:14:15.872501-07,2026-05-23 08:13:52-07,22012,6641,14926007,1,312530,49.26333236694336,-123.11647033691406,3.9567,55,76.71645594657271
2026-05-23 00:00:00,2026-05-23 08:14:15.872501-07,2026-05-23 08:13:25-07,23002,6641,14925857,0,312527,49.263431549072266,-123.123779296875,9.3737,98,29.64093385724502
2026-05-23 00:00:00,2026-05-23 08:14:15.872501-07,2026-05-23 08:13:48-07,24005,6641,14925858,0,312527,49.2642822265625,-123.1791000366211,5.3215,64,52.698304222968154
2026-05-23 00:00:00,2026-05-23 08:14:15.872501-07,2026-05-23 08:13:50-07,24007,6641,14926006,1,312530,49.26393127441406,-123.15422058105469,6.7076,79,78.64264675036083
2026-05-23 00:00:00,2026-05-23 08:14:46.570572-07,2026-05-23 08:14:06-07,15019,6641,14926008,1,312530,49.26240158081055,-123.0743179321289,0.8438,16,37.396197105033146
2026-05-23 00:00:00,2026-05-23 08:14:46.570572-07,2026-05-23 08:14:28-07,16201,6641,14925856,0,312527,49.26298141479492,-123.10383605957031,10.919,114,63.51848342691501
2026-05-23 00:00:00,2026-05-23 08:14:46.570572-07,2026-05-23 08:07:14-07,16222,6641,14926004,1,312530,49.26890182495117,-123.24752044677734,13.8156,160,3.4516467044279477
2026-05-23 00:00:00,2026-05-23 08:14:46.570572-07,2026-05-23 08:12:04-07,19026,6641,14926009,1,312530,49.263301849365234,-123.06881713867188,0.0,1,77.84582507162303
2026-05-23 00:00:00,2026-05-23 08:14:46.570572-07,2026-05-23 08:14:37-07,19041,6641,14926005,1,312529,49.2668342590332,-123.2431640625,16.2069,209,52.12587755725241
2026-05-23 00:00:00,2026-05-23 08:14:46.570572-07,2026-05-23 08:14:22-07,22012,6641,14926007,1,312530,49.2633171081543,-123.11648559570312,3.9567,55,75.43056267365408
2026-05-23 00:00:00,2026-05-23 08:14:46.570572-07,2026-05-23 08:14:17-07,23002,6641,14925857,0,312527,49.263267517089844,-123.11990356445312,9.6854,100,3.1185123478700487
2026-05-23 00:00:00,2026-05-23 08:14:46.570572-07,2026-05-23 08:14:18-07,24005,6641,14925858,0,312527,49.26426696777344,-123.17680358886719,5.6073,66,65.95148141417411
2026-05-23 00:00:00,2026-05-23 08:14:46.570572-07,2026-05-23 08:14:17-07,24007,6641,14926006,1,312530,49.26390075683594,-123.15473175048828,6.7076,79,41.398133874786225
2026-05-23 00:00:00,2026-05-23 08:15:17.460732-07,2026-05-23 08:15:03-07,15019,6641,14926008,1,312530,49.26246643066406,-123.0789794921875,1.2424,21,96.50058077775529
2026-05-23 00:00:00,2026-05-23 08:15:17.460732-07,2026-05-23 08:14:59-07,16201,6641,14925856,0,312527,49.262901306152344,-123.10089874267578,11.07,116,1.077819331004462
2026-05-23 00:00:00,2026-05-23 08:15:17.460732-07,2026-05-23 08:07:14-07,16222,6641,14926004,1,312530,49.26890182495117,-123.24752044677734,13.8156,160,3.4516467044279477
2026-05-23 00:00:00,2026-05-23 08:15:17.460732-07,2026-05-23 08:12:04-07,19026,6641,14926009,1,312530,49.263301849365234,-123.06881713867188,0.0,1,77.84582507162303
2026-05-23 00:00:00,2026-05-23 08:15:17.460732-07,2026-05-23 08:15:07-07,19041,6641,14926005,1,312529,49.26656723022461,-123.24488067626953,16.4301,211,42.41595028782652
2026-05-23 00:00:00,2026-05-23 08:15:17.460732-07,2026-05-23 08:14:53-07,22012,6641,14926007,1,312530,49.26333236694336,-123.11647033691406,3.9567,55,76.71645594657271
2026-05-23 00:00:00,2026-05-23 08:15:17.460732-07,2026-05-23 08:14:46-07,23002,6641,14925857,0,312527,49.263248443603516,-123.11772918701172,9.8582,101,15.107892653783491
2026-05-23 00:00:00,2026-05-23 08:15:17.460732-07,2026-05-23 08:14:48-07,24005,6641,14925858,0,312527,49.264217376708984,-123.17343139648438,5.7463,68,41.03591135172849
2026-05-23 00:00:00,2026-05-23 08:15:17.460732-07,2026-05-23 08:14:47-07,24007,6641,14926006,1,312530,49.26395034790039,-123.15753173828125,6.8781,80,9.705743756931088
2026-05-23 00:00:00,2026-05-23 08:15:48.010776-07,2026-05-23 08:15:32-07,15019,6641,14926008,1,312530,49.26246643066406,-123.08346557617188,1.4619,23,10.795570459911763
2026-05-23 00:00:00,2026-05-23 08:15:48.010776-07,2026-05-23 08:15:29-07,16201,6641,14925856,0,312527,49.2628173828125,-123.09988403320312,11.1692,118,26.680949560945223
2026-05-23 00:00:00,2026-05-23 08:15:48.010776-07,2026-05-23 08:15:31-07,16222,6641,14925859,0,312527,49.267433166503906,-123.2469482421875,0.1448,2,30.998424220713712
2026-05-23 00:00:00,2026-05-23 08:15:48.010776-07,2026-05-23 08:12:04-07,19026,6641,14926009,1,312530,49.263301849365234,-123.06881713867188,0.0,1,77.84582507162303
2026-05-23 00:00:00,2026-05-23 08:15:48.010776-07,2026-05-23 08:15:36-07,19041,6641,14926005,1,312529,49.267032623291016,-123.24600219726562,16.5255,212,20.620999543003936
2026-05-23 00:00:00,2026-05-23 08:15:48.010776-07,2026-05-23 08:15:22-07,22012,6641,14926007,1,312530,49.2633171081543,-123.11647033691406,3.9567,55,76.53244915533855
2026-05-23 00:00:00,2026-05-23 08:15:48.010776-07,2026-05-23 08:15:16-07,23002,6641,14925857,0,312527,49.26318359375,-123.11457061767578,10.058,105,15.218634837676136
2026-05-23 00:00:00,2026-05-23 08:15:48.010776-07,2026-05-23 08:15:18-07,24005,6641,14925858,0,312527,49.264068603515625,-123.16853332519531,6.171,72,27.11917462960592
2026-05-23 00:00:00,2026-05-23 08:15:48.010776-07,2026-05-23 08:15:17-07,24007,6641,14926006,1,312530,49.264015197753906,-123.16321563720703,7.2253,82,58.568972855712154
2026-05-23 00:00:00,2026-05-23 08:16:18.657057-07,2026-05-23 08:16:01-07,15019,6641,14926008,1,312530,49.26253128051758,-123.08830261230469,1.885,26,60.650419579612034
2026-05-23 00:00:00,2026-05-23 08:16:18.657057-07,2026-05-23 08:15:51-07,16201,6641,14925856,0,312527,49.2628173828125,-123.09967041015625,11.1692,118,12.111741041132086
2026-05-23 00:00:00,2026-05-23 08:16:18.657057-07,2026-05-23 08:16:01-07,16222,6641,14925859,0,312527,49.267433166503906,-123.24693298339844,0.1448,2,30.08677628816331
2026-05-23 00:00:00,2026-05-23 08:16:18.657057-07,2026-05-23 08:12:04-07,19026,6641,14926009,1,312530,49.263301849365234,-123.06881713867188,0.0,1,77.84582507162303
2026-05-23 00:00:00,2026-05-23 08:16:18.657057-07,2026-05-23 08:16:06-07,19041,6641,14926005,1,312529,49.26803207397461,-123.24690246582031,16.6466,216,12.32089345389564
2026-05-23 00:00:00,2026-05-23 08:16:18.657057-07,2026-05-23 08:15:49-07,22012,6641,14926007,1,312530,49.2633171081543,-123.11644744873047,3.9567,55,78.1855624639674
2026-05-23 00:00:00,2026-05-23 08:16:18.657057-07,2026-05-23 08:15:46-07,23002,6641,14925857,0,312527,49.26316833496094,-123.11434936523438,10.058,105,31.355335334961083
2026-05-23 00:00:00,2026-05-23 08:16:18.657057-07,2026-05-23 08:15:48-07,24005,6641,14925858,0,312527,49.264068603515625,-123.16825103759766,6.171,72,6.726399631703157
2026-05-23 00:00:00,2026-05-23 08:16:18.657057-07,2026-05-23 08:15:47-07,24007,6641,14926006,1,312530,49.26409912109375,-123.16625213623047,7.5221,84,17.827189653139126
2026-05-23 00:00:00,2026-05-23 08:16:49.313971-07,2026-05-23 08:16:32-07,15019,6641,14926008,1,312530,49.2625846862793,-123.09004974365234,1.885,26,67.35340436785738
2026-05-23 00:00:00,2026-05-23 08:16:49.313971-07,2026-05-23 08:16:21-07,16201,6641,14925856,0,312527,49.2625846862793,-123.09581756591797,11.4285,124,14.550875362744112
2026-05-23 00:00:00,2026-05-23 08:16:49.313971-07,2026-05-23 08:16:10-07,16222,6641,14925859,0,312527,49.26755142211914,-123.24674987792969,0.1448,2,12.057325543400145
2026-05-23 00:00:00,2026-05-23 08:16:49.313971-07,2026-05-23 08:12:04-07,19026,6641,14926009,1,312530,49.263301849365234,-123.06881713867188,0.0,1,77.84582507162303
2026-05-23 00:00:00,2026-05-23 08:16:49.313971-07,2026-05-23 08:16:37-07,19041,6641,14926005,1,312529,49.26883316040039,-123.24800109863281,16.7881,222,8.257369196934487
2026-05-23 00:00:00,2026-05-23 08:16:49.313971-07,2026-05-23 08:16:09-07,22012,6641,14926007,1,312530,49.26333236694336,-123.11654663085938,3.9567,55,71.22292119798226
2026-05-23 00:00:00,2026-05-23 08:16:49.313971-07,2026-05-23 08:16:16-07,23002,6641,14925857,0,312527,49.26318359375,-123.11434936523438,10.058,105,31.186184398702647
2026-05-23 00:00:00,2026-05-23 08:16:49.313971-07,2026-05-23 08:16:28-07,24005,6641,14925858,0,312527,49.2640495300293,-123.16703033447266,6.2929,73,39.49853029786778
2026-05-23 00:00:00,2026-05-23 08:16:49.313971-07,2026-05-23 08:16:17-07,24007,6641,14926006,1,312530,49.26413345336914,-123.1675033569336,7.644,85,48.017168973185186
2026-05-23 00:00:00,2026-05-23 08:17:20.20549-07,2026-05-23 08:16:58-07,15019,6641,14926008,1,312530,49.26256561279297,-123.09028625488281,2.024,27,55.62498091999211
2026-05-23 00:00:00,2026-05-23 08:17:20.20549-07,2026-05-23 08:16:51-07,16201,6641,14925856,0,312527,49.262481689453125,-123.09158325195312,11.791,130,39.14184329143648
2026-05-23 00:00:00,2026-05-23 08:17:20.20549-07,2026-05-23 08:16:41-07,16222,6641,14925859,0,312527,49.26658248901367,-123.24566650390625,0.294,3,19.98671153654979
2026-05-23 00:00:00,2026-05-23 08:17:20.20549-07,2026-05-23 08:12:04-07,19026,6641,14926009,1,312530,49.263301849365234,-123.06881713867188,0.0,1,77.84582507162303
2026-05-23 00:00:00,2026-05-23 08:17:20.20549-07,2026-05-23 08:16:52-07,19041,6641,14926005,1,312529,49.268184661865234,-123.247802734375,16.685,217,56.213040479276295
2026-05-23 00:00:00,2026-05-23 08:17:20.20549-07,2026-05-23 08:16:40-07,22012,6641,14926007,1,312530,49.26333236694336,-123.11724853515625,3.9567,55,21.72366310251583
2026-05-23 00:00:00,2026-05-23 08:17:20.20549-07,2026-05-23 08:16:46-07,23002,6641,14925857,0,312527,49.26318359375,-123.11436462402344,10.058,105,30.081985539900906
2026-05-23 00:00:00,2026-05-23 08:17:20.20549-07,2026-05-23 08:16:58-07,24005,6641,14925858,0,312527,49.264034271240234,-123.16414642333984,6.4273,74,35.75063701259662
2026-05-23 00:00:00,2026-05-23 08:17:20.20549-07,2026-05-23 08:16:53-07,24007,6641,14926006,1,312530,49.26413345336914,-123.16790008544922,7.644,85,19.774549252114078
2026-05-23 00:00:00,2026-05-23 08:17:50.755059-07,2026-05-23 08:17:28-07,15019,6641,14926008,1,312530,49.26256561279297,-123.09473419189453,2.3085,30,16.63343820384149
2026-05-23 00:00:00,2026-05-23 08:17:50.755059-07,2026-05-23 08:17:21-07,16201,6641,14925856,0,312527,49.26241683959961,-123.08937072753906,11.9299,131,18.576867379864375
2026-05-23 00:00:00,2026-05-23 08:17:50.755059-07,2026-05-23 08:17:11-07,16222,6641,14925859,0,312527,49.26679992675781,-123.24258422851562,0.5484,8,16.63288147550582
2026-05-23 00:00:00,2026-05-23 08:17:50.755059-07,2026-05-23 08:12:04-07,19026,6641,14926009,1,312530,49.263301849365234,-123.06881713867188,0.0,1,77.84582507162303
2026-05-23 00:00:00,2026-05-23 08:17:50.755059-07,2026-05-23 08:16:52-07,19041,6641,14926005,1,312529,49.268184661865234,-123.247802734375,16.685,217,56.213040479276295
2026-05-23 00:00:00,2026-05-23 08:17:50.755059-07,2026-05-23 08:17:09-07,22012,6641,14926007,1,312530,49.26336669921875,-123.1196517944336,4.1296,57,19.365245595026582
2026-05-23 00:00:00,2026-05-23 08:17:50.755059-07,2026-05-23 08:17:16-07,23002,6641,14925857,0,312527,49.26318359375,-123.11436462402344,10.058,105,30.081985539900906
2026-05-23 00:00:00,2026-05-23 08:17:50.755059-07,2026-05-23 08:17:28-07,24005,6641,14925858,0,312527,49.263916015625,-123.15872955322266,6.9369,77,79.00889395019037
2026-05-23 00:00:00,2026-05-23 08:17:50.755059-07,2026-05-23 08:17:21-07,24007,6641,14926006,1,312530,49.2641487121582,-123.17147064208984,7.8684,87,16.765647741937876
2026-05-23 00:00:00,2026-05-23 08:18:21.34263-07,2026-05-23 08:17:57-07,15019,6641,14926008,1,312530,49.26264953613281,-123.09576416015625,2.3553,32,16.582035190972125
2026-05-23 00:00:00,2026-05-23 08:18:21.34263-07,2026-05-23 08:17:51-07,16201,6641,14925856,0,312527,49.26241683959961,-123.0887680053711,11.9299,131,27.59911047202261
2026-05-23 00:00:00,2026-05-23 08:18:21.34263-07,2026-05-23 08:17:39-07,16222,6641,14925859,0,312527,49.26691818237305,-123.24154663085938,0.6276,11,19.4298910219572
2026-05-23 00:00:00,2026-05-23 08:18:21.34263-07,2026-05-23 08:12:04-07,19026,6641,14926009,1,312530,49.263301849365234,-123.06881713867188,0.0,1,77.84582507162303
2026-05-23 00:00:00,2026-05-23 08:18:21.34263-07,2026-05-23 08:16:52-07,19041,6641,14926005,1,312529,49.268184661865234,-123.247802734375,16.685,217,56.213040479276295
2026-05-23 00:00:00,2026-05-23 08:18:21.34263-07,2026-05-23 08:17:58-07,22012,6641,14926007,1,312530,49.2634162902832,-123.1226806640625,4.2697,58,63.49299268222174
2026-05-23 00:00:00,2026-05-23 08:18:21.34263-07,2026-05-23 08:17:46-07,23002,6641,14925857,0,312527,49.26316833496094,-123.11434936523438,10.058,105,31.355335334961083
2026-05-23 00:00:00,2026-05-23 08:18:21.34263-07,2026-05-23 08:17:58-07,24005,6641,14925858,0,312527,49.26380157470703,-123.1548843383789,7.1074,78,30.80620381222442
2026-05-23 00:00:00,2026-05-23 08:18:21.34263-07,2026-05-23 08:17:53-07,24007,6641,14926006,1,312530,49.264251708984375,-123.17671966552734,8.2077,91,59.72320490237336
2026-05-23 00:00:00,2026-05-23 08:18:51.880759-07,2026-05-23 08:18:27-07,15019,6641,14926008,1,312530,49.262882232666016,-123.09773254394531,2.4628,35,52.965898865439655
2026-05-23 00:00:00,2026-05-23 08:18:51.880759-07,2026-05-23 08:18:19-07,16201,6641,14925856,0,312527,49.26240158081055,-123.08830261230469,11.9299,131,61.06077661649791
2026-05-23 00:00:00,2026-05-23 08:18:51.880759-07,2026-05-23 08:18:09-07,16222,6641,14925859,0,312527,49.266117095947266,-123.23651885986328,0.9528,22,37.473320611371946
2026-05-23 00:00:00,2026-05-23 08:18:51.880759-07,2026-05-23 08:12:04-07,19026,6641,14926009,1,312530,49.263301849365234,-123.06881713867188,0.0,1,77.84582507162303
2026-05-23 00:00:00,2026-05-23 08:18:51.880759-07,2026-05-23 08:16:52-07,19041,6641,14926005,1,312529,49.268184661865234,-123.247802734375,16.685,217,56.213040479276295
2026-05-23 00:00:00,2026-05-23 08:18:51.880759-07,2026-05-23 08:18:27-07,22012,6641,14926007,1,312530,49.26350021362305,-123.12590026855469,4.6192,60,53.19563210804782
2026-05-23 00:00:00,2026-05-23 08:18:51.880759-07,2026-05-23 08:18:34-07,23002,6641,14925857,0,312527,49.26321792602539,-123.1141357421875,10.058,105,46.63060920463574
2026-05-23 00:00:00,2026-05-23 08:18:51.880759-07,2026-05-23 08:18:18-07,24005,6641,14925858,0,312527,49.26380157470703,-123.15461730957031,7.1074,78,49.90505733449193
2026-05-23 00:00:00,2026-05-23 08:18:51.880759-07,2026-05-23 08:18:22-07,24007,6641,14926006,1,312530,49.26431655883789,-123.18233489990234,8.6414,95,34.705733547408485
2026-05-23 00:00:00,2026-05-23 08:19:22.62966-07,2026-05-23 08:18:43-07,15019,6641,14926008,1,312530,49.262882232666016,-123.09783172607422,2.4628,35,60.02946071064137
2026-05-23 00:00:00,2026-05-23 08:19:22.62966-07,2026-05-23 08:18:49-07,16201,6641,14925856,0,312527,49.26243209838867,-123.08415222167969,12.3531,134,60.25340478882702
2026-05-23 00:00:00,2026-05-23 08:19:22.62966-07,2026-05-23 08:18:40-07,16222,6641,14925859,0,312527,49.26380157470703,-123.23218536376953,1.4103,30,11.656294439299506
2026-05-23 00:00:00,2026-05-23 08:19:22.62966-07,2026-05-23 08:12:04-07,19026,6641,14926009,1,312530,49.263301849365234,-123.06881713867188,0.0,1,77.84582507162303
2026-05-23 00:00:00,2026-05-23 08:19:22.62966-07,2026-05-23 08:19:05-07,19041,6641,14925860,0,312527,49.26774978637695,-123.24738311767578,0.1448,2,59.98291134420885
2026-05-23 00:00:00,2026-05-23 08:19:22.62966-07,2026-05-23 08:18:58-07,22012,6641,14926007,1,312530,49.26351547241211,-123.13020324707031,4.9649,62,84.5912295330983
2026-05-23 00:00:00,2026-05-23 08:19:22.62966-07,2026-05-23 08:19:04-07,23002,6641,14925857,0,312527,49.26319885253906,-123.11168670654297,10.3366,108,53.56420921642474
2026-05-23 00:00:00,2026-05-23 08:19:22.62966-07,2026-05-23 08:18:48-07,24005,6641,14925858,0,312527,49.26376724243164,-123.1531982421875,7.2793,79,19.80752119669272
2026-05-23 00:00:00,2026-05-23 08:19:22.62966-07,2026-05-23 08:18:53-07,24007,6641,14926006,1,312530,49.264381408691406,-123.185302734375,8.9343,97,41.834475757261835
2026-05-23 00:00:00,2026-05-23 08:19:53.256812-07,2026-05-23 08:19:13-07,15019,6641,14926008,1,312530,49.262882232666016,-123.09931945800781,2.6451,38,14.471196091560012
2026-05-23 00:00:00,2026-05-23 08:19:53.256812-07,2026-05-23 08:19:20-07,16201,6641,14925856,0,312527,49.26238250732422,-123.07945251464844,12.5725,136,62.111196056712416
2026-05-23 00:00:00,2026-05-23 08:19:53.256812-07,2026-05-23 08:19:11-07,16222,6641,14925859,0,312527,49.263648986816406,-123.22576904296875,1.5845,36,290.69009563661945
2026-05-23 00:00:00,2026-05-23 08:19:53.256812-07,2026-05-23 08:19:22-07,19026,6641,14926009,1,312530,49.26321792602539,-123.06853485107422,0.3869,8,94.87154644010869
2026-05-23 00:00:00,2026-05-23 08:19:53.256812-07,2026-05-23 08:19:36-07,19041,6641,14925860,0,312527,49.26774978637695,-123.24738311767578,0.1448,2,59.98291134420885
2026-05-23 00:00:00,2026-05-23 08:19:53.256812-07,2026-05-23 08:19:29-07,22012,6641,14926007,1,312530,49.26358413696289,-123.13500213623047,5.3087,65,78.83989922338198
2026-05-23 00:00:00,2026-05-23 08:19:53.256812-07,2026-05-23 08:19:34-07,23002,6641,14925857,0,312527,49.263118743896484,-123.10911560058594,10.4437,110,26.732654604765514
2026-05-23 00:00:00,2026-05-23 08:19:53.256812-07,2026-05-23 08:19:16-07,24005,6641,14925858,0,312527,49.26369857788086,-123.15023040771484,7.4537,82,24.50619227387167
2026-05-23 00:00:00,2026-05-23 08:19:53.256812-07,2026-05-23 08:19:23-07,24007,6641,14926006,1,312530,49.26371765136719,-123.18598175048828,8.9822,98,25.535676206959252
2026-05-23 00:00:00,2026-05-23 08:20:23.887744-07,2026-05-23 08:19:42-07,15019,6641,14926008,1,312530,49.26298141479492,-123.10299682617188,2.896,43,3.0541147599689937
2026-05-23 00:00:00,2026-05-23 08:20:23.887744-07,2026-05-23 08:20:02-07,16201,6641,14925856,0,312527,49.262332916259766,-123.0759506225586,12.9163,140,27.032012386849136
2026-05-23 00:00:00,2026-05-23 08:20:23.887744-07,2026-05-23 08:19:40-07,16222,6641,14925859,0,312527,49.26380157470703,-123.21896362304688,2.5945,37,222.2728476469185
2026-05-23 00:00:00,2026-05-23 08:20:23.887744-07,2026-05-23 08:19:57-07,19026,6641,14926009,1,312530,49.26240158081055,-123.06800079345703,0.3403,7,7.093699543810647
2026-05-23 00:00:00,2026-05-23 08:20:23.887744-07,2026-05-23 08:20:04-07,19041,6641,14925860,0,312527,49.26774978637695,-123.24738311767578,0.1448,2,59.98291134420885
2026-05-23 00:00:00,2026-05-23 08:20:23.887744-07,2026-05-23 08:19:57-07,22012,6641,14926007,1,312530,49.26359939575195,-123.1380844116211,5.4377,66,16.484083069270234
2026-05-23 00:00:00,2026-05-23 08:20:23.887744-07,2026-05-23 08:20:02-07,23002,6641,14925857,0,312527,49.26298141479492,-123.10379791259766,10.919,114,60.75128921459436
2026-05-23 00:00:00,2026-05-23 08:20:23.887744-07,2026-05-23 08:19:48-07,24005,6641,14925858,0,312527,49.26369857788086,-123.14630126953125,7.8023,85,39.49589620498736
2026-05-23 00:00:00,2026-05-23 08:20:23.887744-07,2026-05-23 08:19:43-07,24007,6641,14926006,1,312530,49.26351547241211,-123.186279296875,9.0331,99,27.93258174359235
2026-05-23 00:00:00,2026-05-23 08:20:54.464159-07,2026-05-23 08:20:13-07,15019,6641,14926008,1,312530,49.263084411621094,-123.1046142578125,3.0364,45,21.148865372527652
2026-05-23 00:00:00,2026-05-23 08:20:54.464159-07,2026-05-23 08:20:32-07,16201,6641,14925856,0,312527,49.26234817504883,-123.0714340209961,13.1927,143,25.620532823887242
2026-05-23 00:00:00,2026-05-23 08:20:54.464159-07,2026-05-23 08:20:09-07,16222,6641,14925859,0,312527,49.26390075683594,-123.21273040771484,2.8302,42,2.6273692607257306
2026-05-23 00:00:00,2026-05-23 08:20:54.464159-07,2026-05-23 08:20:28-07,19026,6641,14926009,1,312530,49.26241683959961,-123.06873321533203,0.4039,9,12.10657350848069
2026-05-23 00:00:00,2026-05-23 08:20:54.464159-07,2026-05-23 08:20:04-07,19041,6641,14925860,0,312527,49.26774978637695,-123.24738311767578,0.1448,2,59.98291134420885
2026-05-23 00:00:00,2026-05-23 08:20:54.464159-07,2026-05-23 08:20:28-07,22012,6641,14926007,1,312530,49.26359939575195,-123.13826751708984,5.4888,67,21.399978677288097
2026-05-23 00:00:00,2026-05-23 08:20:54.464159-07,2026-05-23 08:20:34-07,23002,6641,14925857,0,312527,49.262916564941406,-123.10154724121094,11.0585,115,36.44497725838288
2026-05-23 00:00:00,2026-05-23 08:20:54.464159-07,2026-05-23 08:20:19-07,24005,6641,14925858,0,312527,49.26369857788086,-123.1460189819336,7.8023,85,19.01411525389587
2026-05-23 00:00:00,2026-05-23 08:20:54.464159-07,2026-05-23 08:20:14-07,24007,6641,14926006,1,312530,49.26356887817383,-123.19108581542969,9.3931,102,17.800309976159
2026-05-23 00:00:00,2026-05-23 08:21:25.193917-07,2026-05-23 08:20:43-07,15019,6641,14926008,1,312530,49.263065338134766,-123.10485076904297,3.0362,44,6.153538263842249
2026-05-23 00:00:00,2026-05-23 08:21:25.193917-07,2026-05-23 08:21:03-07,16201,6641,14925856,0,312527,49.26234817504883,-123.06990051269531,13.3378,144,8.112924268907449
2026-05-23 00:00:00,2026-05-23 08:21:25.193917-07,2026-05-23 08:20:59-07,16222,6641,14925859,0,312527,49.263816833496094,-123.20819854736328,3.0906,44,66.97007458934658
2026-05-23 00:00:00,2026-05-23 08:21:25.193917-07,2026-05-23 08:20:58-07,19026,6641,14926009,1,312530,49.26241683959961,-123.06873321533203,0.4039,9,12.10657350848069
2026-05-23 00:00:00,2026-05-23 08:21:25.193917-07,2026-05-23 08:20:04-07,19041,6641,14925860,0,312527,49.26774978637695,-123.24738311767578,0.1448,2,59.98291134420885
2026-05-23 00:00:00,2026-05-23 08:21:25.193917-07,2026-05-23 08:20:58-07,22012,6641,14926007,1,312530,49.2636833190918,-123.14015197753906,5.6682,69,63.888802607658704
2026-05-23 00:00:00,2026-05-23 08:21:25.193917-07,2026-05-23 08:21:04-07,23002,6641,14925857,0,312527,49.2628173828125,-123.09988403320312,11.1692,118,26.680949560945223
2026-05-23 00:00:00,2026-05-23 08:21:25.193917-07,2026-05-23 08:20:48-07,24005,6641,14925858,0,312527,49.26369857788086,-123.14472961425781,7.8023,85,74.551602748167
2026-05-23 00:00:00,2026-05-23 08:21:25.193917-07,2026-05-23 08:20:43-07,24007,6641,14926006,1,312530,49.263668060302734,-123.19660186767578,9.8395,106,26.815417377475097
2026-05-23 00:00:00,2026-05-23 08:21:55.80824-07,2026-05-23 08:21:12-07,15019,6641,14926008,1,312530,49.26316833496094,-123.1093521118164,3.3714,48,10.976259305743724
2026-05-23 00:00:00,2026-05-23 08:21:55.80824-07,2026-05-23 08:21:32-07,16201,6641,14925856,0,312527,49.26333236694336,-123.06966400146484,13.4386,148,13.891774047043961
2026-05-23 00:00:00,2026-05-23 08:21:55.80824-07,2026-05-23 08:21:28-07,16222,6641,14925859,0,312527,49.26373291015625,-123.20286560058594,3.5355,47,10.610156722406117
2026-05-23 00:00:00,2026-05-23 08:21:55.80824-07,2026-05-23 08:21:12-07,19026,6641,14926009,1,312530,49.26238250732422,-123.0689697265625,0.4162,10,7.232093617323015
2026-05-23 00:00:00,2026-05-23 08:21:55.80824-07,2026-05-23 08:20:04-07,19041,6641,14925860,0,312527,49.26774978637695,-123.24738311767578,0.1448,2,59.98291134420885
2026-05-23 00:00:00,2026-05-23 08:21:55.80824-07,2026-05-23 08:21:14-07,22012,6641,14926007,1,312530,49.2636833190918,-123.14056396484375,5.6682,69,34.40151971533211
2026-05-23 00:00:00,2026-05-23 08:21:55.80824-07,2026-05-23 08:21:21-07,23002,6641,14925857,0,312527,49.2628173828125,-123.09976959228516,11.1692,118,18.690403148809366
2026-05-23 00:00:00,2026-05-23 08:21:55.80824-07,2026-05-23 08:21:18-07,24005,6641,14925858,0,312527,49.263633728027344,-123.14128112792969,8.1467,87,18.570441727600656
2026-05-23 00:00:00,2026-05-23 08:21:55.80824-07,2026-05-23 08:21:13-07,24007,6641,14926006,1,312530,49.26374816894531,-123.20286560058594,10.2794,110,10.56631405843989
2026-05-23 00:00:00,2026-05-23 08:22:26.42189-07,2026-05-23 08:21:41-07,15019,6641,14926008,1,312530,49.26323318481445,-123.11316680908203,3.6196,50,20.799735259693588
2026-05-23 00:00:00,2026-05-23 08:22:26.42189-07,2026-05-23 08:22:02-07,16201,6641,14925856,0,312527,49.26350021362305,-123.0696792602539,13.4776,149,11.360243232162178
2026-05-23 00:00:00,2026-05-23 08:22:26.42189-07,2026-05-23 08:21:59-07,16222,6641,14925859,0,312527,49.263633728027344,-123.19658660888672,3.9755,51,27.859322518186882
2026-05-23 00:00:00,2026-05-23 08:22:26.42189-07,2026-05-23 08:21:41-07,19026,6641,14926009,1,312530,49.26241683959961,-123.07381439208984,0.7576,15,13.808632543699705
2026-05-23 00:00:00,2026-05-23 08:22:26.42189-07,2026-05-23 08:20:04-07,19041,6641,14925860,0,312527,49.26774978637695,-123.24738311767578,0.1448,2,59.98291134420885
2026-05-23 00:00:00,2026-05-23 08:22:26.42189-07,2026-05-23 08:21:43-07,22012,6641,14926007,1,312530,49.26373291015625,-123.1407470703125,5.6682,69,24.17619904101896
2026-05-23 00:00:00,2026-05-23 08:22:26.42189-07,2026-05-23 08:21:50-07,23002,6641,14925857,0,312527,49.26250076293945,-123.09498596191406,11.5064,126,3.135821331066163
2026-05-23 00:00:00,2026-05-23 08:22:26.42189-07,2026-05-23 08:21:47-07,24005,6641,14925858,0,312527,49.26361846923828,-123.14126586914062,8.1467,87,17.34031589054227
2026-05-23 00:00:00,2026-05-23 08:22:26.42189-07,2026-05-23 08:22:07-07,24007,6641,14926006,1,312530,49.26390075683594,-123.21019744873047,10.7243,113,78.44173766087167
2026-05-23 00:00:00,2026-05-23 08:22:56.995628-07,2026-05-23 08:22:12-07,15019,6641,14926008,1,312530,49.263248443603516,-123.11425018310547,3.757,52,38.61808088947263
2026-05-23 00:00:00,2026-05-23 08:22:56.995628-07,2026-05-23 08:22:22-07,16201,6641,14925856,0,312527,49.26358413696289,-123.069580078125,13.4776,149,13.854555386098653
2026-05-23 00:00:00,2026-05-23 08:22:56.995628-07,2026-05-23 08:22:29-07,16222,6641,14925859,0,312527,49.26353454589844,-123.19003295898438,4.422,56,58.76083216480891
2026-05-23 00:00:00,2026-05-23 08:22:56.995628-07,2026-05-23 08:22:25-07,19026,6641,14926009,1,312530,49.262451171875,-123.07991790771484,1.2424,21,28.519640361696002
2026-05-23 00:00:00,2026-05-23 08:22:56.995628-07,2026-05-23 08:20:04-07,19041,6641,14925860,0,312527,49.26774978637695,-123.24738311767578,0.1448,2,59.98291134420885
2026-05-23 00:00:00,2026-05-23 08:22:56.995628-07,2026-05-23 08:22:14-07,22012,6641,14926007,1,312530,49.26371765136719,-123.14248657226562,5.8421,71,67.58125875697056
2026-05-23 00:00:00,2026-05-23 08:22:56.995628-07,2026-05-23 08:22:21-07,23002,6641,14925857,0,312527,49.26243209838867,-123.08999633789062,11.9299,131,62.749022914434704
2026-05-23 00:00:00,2026-05-23 08:22:56.995628-07,2026-05-23 08:22:37-07,24005,6641,14925858,0,312527,49.26356887817383,-123.13956451416016,8.2755,89,22.517207934404286
2026-05-23 00:00:00,2026-05-23 08:22:56.995628-07,2026-05-23 08:22:08-07,24007,6641,14926006,1,312530,49.26390075683594,-123.21019744873047,10.7243,113,78.44173766087167
2026-05-23 00:00:00,2026-05-23 08:23:27.74572-07,2026-05-23 08:22:42-07,15019,6641,14926008,1,312530,49.26333236694336,-123.11648559570312,3.9567,55,75.61725118205305
2026-05-23 00:00:00,2026-05-23 08:23:27.74572-07,2026-05-23 08:22:45-07,16201,6641,14926010,1,312530,49.26319885253906,-123.0685806274414,0.3869,8,92.72469950915095
2026-05-23 00:00:00,2026-05-23 08:23:27.74572-07,2026-05-23 08:22:59-07,16222,6641,14925859,0,312527,49.26350021362305,-123.18620300292969,4.7818,58,22.235031233280555
2026-05-23 00:00:00,2026-05-23 08:23:27.74572-07,2026-05-23 08:22:54-07,19026,6641,14926009,1,312530,49.262481689453125,-123.08488464355469,1.6033,24,27.748081683106655
2026-05-23 00:00:00,2026-05-23 08:23:27.74572-07,2026-05-23 08:20:04-07,19041,6641,14925860,0,312527,49.26774978637695,-123.24738311767578,0.1448,2,59.98291134420885
2026-05-23 00:00:00,2026-05-23 08:23:27.74572-07,2026-05-23 08:22:41-07,22012,6641,14926007,1,312530,49.2637825012207,-123.14546966552734,6.0127,72,22.690239181993135
2026-05-23 00:00:00,2026-05-23 08:23:27.74572-07,2026-05-23 08:22:59-07,23002,6641,14925857,0,312527,49.26241683959961,-123.08821868896484,11.9299,131,66.88595296522624
2026-05-23 00:00:00,2026-05-23 08:23:27.74572-07,2026-05-23 08:23:08-07,24005,6641,14925858,0,312527,49.26356887817383,-123.13738250732422,8.3773,91,34.60229243525132
2026-05-23 00:00:00,2026-05-23 08:23:27.74572-07,2026-05-23 08:23:08-07,24007,6641,14926006,1,312530,49.26393127441406,-123.21766662597656,11.2204,120,128.1757551229438
2026-05-23 00:00:00,2026-05-23 08:23:58.321395-07,2026-05-23 08:23:13-07,15019,6641,14926008,1,312530,49.26333236694336,-123.11648559570312,3.9567,55,75.61725118205305
2026-05-23 00:00:00,2026-05-23 08:23:58.321395-07,2026-05-23 08:23:13-07,16201,6641,14926010,1,312530,49.26321792602539,-123.0685806274414,0.3869,8,94.84547317719102
2026-05-23 00:00:00,2026-05-23 08:23:58.321395-07,2026-05-23 08:23:28-07,16222,6641,14925859,0,312527,49.26435089111328,-123.18547058105469,4.8807,60,29.711956285273324
2026-05-23 00:00:00,2026-05-23 08:23:58.321395-07,2026-05-23 08:23:24-07,19026,6641,14926009,1,312530,49.262550354003906,-123.0888671875,1.885,26,20.86730204101471
2026-05-23 00:00:00,2026-05-23 08:23:58.321395-07,2026-05-23 08:20:04-07,19041,6641,14925860,0,312527,49.26774978637695,-123.24738311767578,0.1448,2,59.98291134420885
2026-05-23 00:00:00,2026-05-23 08:23:58.321395-07,2026-05-23 08:23:15-07,22012,6641,14926007,1,312530,49.26376724243164,-123.1454849243164,6.0127,72,21.033426514998965
2026-05-23 00:00:00,2026-05-23 08:23:58.321395-07,2026-05-23 08:23:28-07,23002,6641,14925857,0,312527,49.26240158081055,-123.0831298828125,12.3531,134,14.61387170737449
2026-05-23 00:00:00,2026-05-23 08:23:58.321395-07,2026-05-23 08:23:08-07,24005,6641,14925858,0,312527,49.26356887817383,-123.13738250732422,8.3773,91,34.60229243525132
2026-05-23 00:00:00,2026-05-23 08:23:58.321395-07,2026-05-23 08:23:08-07,24007,6641,14926006,1,312530,49.26393127441406,-123.21766662597656,11.2204,120,128.1757551229438
2026-05-23 00:00:00,2026-05-23 08:24:28.920866-07,2026-05-23 08:23:42-07,15019,6641,14926008,1,312530,49.26333236694336,-123.11648559570312,3.9567,55,75.61725118205305
2026-05-23 00:00:00,2026-05-23 08:24:28.920866-07,2026-05-23 08:23:13-07,16201,6641,14926010,1,312530,49.26321792602539,-123.0685806274414,0.3869,8,94.84547317719102
2026-05-23 00:00:00,2026-05-23 08:24:28.920866-07,2026-05-23 08:24:01-07,16222,6641,14925859,0,312527,49.26433181762695,-123.18428039550781,5.0332,61,35.950142989797136
2026-05-23 00:00:00,2026-05-23 08:24:28.920866-07,2026-05-23 08:23:59-07,19026,6641,14926009,1,312530,49.262550354003906,-123.09040069580078,2.024,27,47.161407677104
2026-05-23 00:00:00,2026-05-23 08:24:28.920866-07,2026-05-23 08:20:04-07,19041,6641,14925860,0,312527,49.26774978637695,-123.24738311767578,0.1448,2,59.98291134420885
2026-05-23 00:00:00,2026-05-23 08:24:28.920866-07,2026-05-23 08:23:44-07,22012,6641,14926007,1,312530,49.26371765136719,-123.14775085449219,6.1863,73,28.51168140060481
2026-05-23 00:00:00,2026-05-23 08:24:28.920866-07,2026-05-23 08:23:59-07,23002,6641,14925857,0,312527,49.262332916259766,-123.0775146484375,12.7783,138,7.034488152130251
2026-05-23 00:00:00,2026-05-23 08:24:28.920866-07,2026-05-23 08:23:37-07,24005,6641,14925858,0,312527,49.26351547241211,-123.13638305664062,8.5063,93,21.90474172910495
2026-05-23 00:00:00,2026-05-23 08:24:28.920866-07,2026-05-23 08:23:39-07,24007,6641,14926006,1,312530,49.26376724243164,-123.22416687011719,12.2434,121,419.6798346929476
2026-05-23 00:00:00,2026-05-23 08:24:59.599468-07,2026-05-23 08:24:12-07,15019,6641,14926008,1,312530,49.26333236694336,-123.11648559570312,3.9567,55,75.61725118205305
2026-05-23 00:00:00,2026-05-23 08:24:59.599468-07,2026-05-23 08:24:15-07,16201,6641,14926010,1,312530,49.26319885253906,-123.0685806274414,0.3869,8,92.72469950915095
2026-05-23 00:00:00,2026-05-23 08:24:59.599468-07,2026-05-23 08:24:31-07,16222,6641,14925859,0,312527,49.264251708984375,-123.17904663085938,5.3215,64,56.58572864319884
2026-05-23 00:00:00,2026-05-23 08:24:59.599468-07,2026-05-23 08:24:29-07,19026,6641,14926009,1,312530,49.262550354003906,-123.09276580810547,2.1664,28,17.695362717465724
2026-05-23 00:00:00,2026-05-23 08:24:59.599468-07,2026-05-23 08:20:04-07,19041,6641,14925860,0,312527,49.26774978637695,-123.24738311767578,0.1448,2,59.98291134420885
2026-05-23 00:00:00,2026-05-23 08:24:59.599468-07,2026-05-23 08:24:14-07,22012,6641,14926007,1,312530,49.26369857788086,-123.14783477783203,6.1863,73,22.809960411234645
2026-05-23 00:00:00,2026-05-23 08:24:59.599468-07,2026-05-23 08:24:27-07,23002,6641,14925857,0,312527,49.2623176574707,-123.07596588134766,12.9163,140,28.460619170240125
2026-05-23 00:00:00,2026-05-23 08:24:59.599468-07,2026-05-23 08:24:37-07,24005,6641,14925858,0,312527,49.26348114013672,-123.13233184814453,8.85,95,69.94115723253857
2026-05-23 00:00:00,2026-05-23 08:24:59.599468-07,2026-05-23 08:24:37-07,24007,6641,14926006,1,312530,49.265750885009766,-123.23560333251953,12.7331,135,6.434629605576407
2026-05-23 00:00:00,2026-05-23 08:25:30.328064-07,2026-05-23 08:24:42-07,15019,6641,14926008,1,312530,49.26333236694336,-123.11648559570312,3.9567,55,75.61725118205305
2026-05-23 00:00:00,2026-05-23 08:25:30.328064-07,2026-05-23 08:24:45-07,16201,6641,14926010,1,312530,49.26319885253906,-123.06856536865234,0.3869,8,92.72036852240318
2026-05-23 00:00:00,2026-05-23 08:25:30.328064-07,2026-05-23 08:25:02-07,16222,6641,14925859,0,312527,49.264198303222656,-123.17716979980469,5.4691,65,45.76615359880208
2026-05-23 00:00:00,2026-05-23 08:25:30.328064-07,2026-05-23 08:24:58-07,19026,6641,14926009,1,312530,49.26256561279297,-123.09491729736328,2.3085,30,5.762458416405033
2026-05-23 00:00:00,2026-05-23 08:25:30.328064-07,2026-05-23 08:25:06-07,19041,6641,14925860,0,312527,49.266998291015625,-123.24851989746094,0.0,1,11.647840405032525
2026-05-23 00:00:00,2026-05-23 08:25:30.328064-07,2026-05-23 08:24:43-07,22012,6641,14926007,1,312530,49.26373291015625,-123.15133666992188,6.3612,74,57.77720808446647
2026-05-23 00:00:00,2026-05-23 08:25:30.328064-07,2026-05-23 08:24:56-07,23002,6641,14925857,0,312527,49.262332916259766,-123.07077026367188,13.3378,144,70.84718110173235
2026-05-23 00:00:00,2026-05-23 08:25:30.328064-07,2026-05-23 08:25:08-07,24005,6641,14925858,0,312527,49.26348114013672,-123.13159942626953,8.85,95,16.796168248303275
2026-05-23 00:00:00,2026-05-23 08:25:30.328064-07,2026-05-23 08:25:08-07,24007,6641,14926006,1,312530,49.267032623291016,-123.24161529541016,13.2225,147,8.47623321797724
2026-05-23 00:00:00,2026-05-23 08:26:00.89242-07,2026-05-23 08:25:13-07,15019,6641,14926008,1,312530,49.26333236694336,-123.11648559570312,3.9567,55,75.61725118205305
2026-05-23 00:00:00,2026-05-23 08:26:00.89242-07,2026-05-23 08:25:13-07,16201,6641,14926010,1,312530,49.26319885253906,-123.0685806274414,0.3869,8,92.72469950915095
2026-05-23 00:00:00,2026-05-23 08:26:00.89242-07,2026-05-23 08:25:33-07,16222,6641,14925859,0,312527,49.26416778564453,-123.17606353759766,5.6073,66,12.496067591176944
2026-05-23 00:00:00,2026-05-23 08:26:00.89242-07,2026-05-23 08:25:29-07,19026,6641,14926009,1,312530,49.262882232666016,-123.09771728515625,2.4628,35,51.882455514094225
2026-05-23 00:00:00,2026-05-23 08:26:00.89242-07,2026-05-23 08:25:25-07,19041,6641,14925860,0,312527,49.267433166503906,-123.24690246582031,0.1448,2,28.305340977593346
2026-05-23 00:00:00,2026-05-23 08:26:00.89242-07,2026-05-23 08:25:14-07,22012,6641,14926007,1,312530,49.26376724243164,-123.15267944335938,6.5357,78,19.69094940489466
2026-05-23 00:00:00,2026-05-23 08:26:00.89242-07,2026-05-23 08:25:26-07,23002,6641,14925857,0,312527,49.26234817504883,-123.07001495361328,13.3378,144,16.222086582550077
2026-05-23 00:00:00,2026-05-23 08:26:00.89242-07,2026-05-23 08:25:08-07,24005,6641,14925858,0,312527,49.26348114013672,-123.13159942626953,8.85,95,16.796168248303275
2026-05-23 00:00:00,2026-05-23 08:26:00.89242-07,2026-05-23 08:25:09-07,24007,6641,14926006,1,312530,49.267032623291016,-123.24161529541016,13.2225,147,8.47623321797724
2026-05-23 00:00:00,2026-05-23 08:26:31.559346-07,2026-05-23 08:26:10-07,15019,6641,14926008,1,312530,49.26333236694336,-123.11656951904297,3.9567,55,69.5761795726413
2026-05-23 00:00:00,2026-05-23 08:26:31.559346-07,2026-05-23 08:25:13-07,16201,6641,14926010,1,312530,49.26319885253906,-123.0685806274414,0.3869,8,92.72469950915095
2026-05-23 00:00:00,2026-05-23 08:26:31.559346-07,2026-05-23 08:26:01-07,16222,6641,14925859,0,312527,49.26409912109375,-123.1720199584961,5.8872,69,5.413396215647524
2026-05-23 00:00:00,2026-05-23 08:26:31.559346-07,2026-05-23 08:26:11-07,19026,6641,14926009,1,312530,49.26293182373047,-123.10108184814453,2.7564,42,3.200856919498786
2026-05-23 00:00:00,2026-05-23 08:26:31.559346-07,2026-05-23 08:26:22-07,19041,6641,14925860,0,312527,49.26634979248047,-123.24533081054688,0.3246,5,1.7838403126393618
2026-05-23 00:00:00,2026-05-23 08:26:31.559346-07,2026-05-23 08:26:17-07,22012,6641,14926007,1,312530,49.26390075683594,-123.15464782714844,6.7076,79,47.45751127853707
2026-05-23 00:00:00,2026-05-23 08:26:31.559346-07,2026-05-23 08:25:56-07,23002,6641,14925857,0,312527,49.26338195800781,-123.06964874267578,13.4386,148,19.131517675770006
2026-05-23 00:00:00,2026-05-23 08:26:31.559346-07,2026-05-23 08:26:08-07,24005,6641,14925858,0,312527,49.26350021362305,-123.12699890136719,9.1958,97,29.490545791124475
2026-05-23 00:00:00,2026-05-23 08:26:31.559346-07,2026-05-23 08:25:50-07,24007,6641,14926006,1,312530,49.266483306884766,-123.24506378173828,13.5001,151,27.608325040076103
2026-05-23 00:00:00,2026-05-23 08:27:02.15751-07,2026-05-23 08:26:39-07,15019,6641,14926008,1,312530,49.26333236694336,-123.11731719970703,3.9567,55,17.333326655157272
2026-05-23 00:00:00,2026-05-23 08:27:02.15751-07,2026-05-23 08:25:13-07,16201,6641,14926010,1,312530,49.26319885253906,-123.0685806274414,0.3869,8,92.72469950915095
2026-05-23 00:00:00,2026-05-23 08:27:02.15751-07,2026-05-23 08:26:32-07,16222,6641,14925859,0,312527,49.2640495300293,-123.16861724853516,6.171,72,33.351816045593644
2026-05-23 00:00:00,2026-05-23 08:27:02.15751-07,2026-05-23 08:26:41-07,19026,6641,14926009,1,312530,49.2630500793457,-123.10408020019531,3.0364,45,58.537460461458195
2026-05-23 00:00:00,2026-05-23 08:27:02.15751-07,2026-05-23 08:26:53-07,19041,6641,14925860,0,312527,49.266849517822266,-123.2419204711914,0.5494,9,31.057794589379643
2026-05-23 00:00:00,2026-05-23 08:27:02.15751-07,2026-05-23 08:26:49-07,22012,6641,14926007,1,312530,49.26398468017578,-123.1600341796875,7.0508,81,5.200485163641068
2026-05-23 00:00:00,2026-05-23 08:27:02.15751-07,2026-05-23 08:26:46-07,23002,6641,14926012,1,312530,49.263301849365234,-123.06881713867188,0.0,1,77.84582507162303
2026-05-23 00:00:00,2026-05-23 08:27:02.15751-07,2026-05-23 08:26:37-07,24005,6641,14925858,0,312527,49.263465881347656,-123.12435150146484,9.3737,98,16.752350935999786
2026-05-23 00:00:00,2026-05-23 08:27:02.15751-07,2026-05-23 08:26:50-07,24007,6641,14926006,1,312530,49.268150329589844,-123.248046875,13.8943,166,50.32772093502999
2026-05-23 00:00:00,2026-05-23 08:27:32.84391-07,2026-05-23 08:27:08-07,15019,6641,14926008,1,312530,49.26340103149414,-123.12008666992188,4.1296,57,18.23319780105301
2026-05-23 00:00:00,2026-05-23 08:27:32.84391-07,2026-05-23 08:27:15-07,16201,6641,14926010,1,312530,49.26318359375,-123.0685806274414,0.3869,8,91.02808397105554
2026-05-23 00:00:00,2026-05-23 08:27:32.84391-07,2026-05-23 08:27:15-07,16222,6641,14925859,0,312527,49.264015197753906,-123.1671142578125,6.2929,73,45.75218750700036
2026-05-23 00:00:00,2026-05-23 08:27:32.84391-07,2026-05-23 08:27:12-07,19026,6641,14926009,1,312530,49.2630500793457,-123.10491943359375,3.0362,44,4.593576106120941
2026-05-23 00:00:00,2026-05-23 08:27:32.84391-07,2026-05-23 08:27:22-07,19041,6641,14925860,0,312527,49.26689910888672,-123.23981475830078,0.7565,14,22.354735263524088
2026-05-23 00:00:00,2026-05-23 08:27:32.84391-07,2026-05-23 08:27:20-07,22012,6641,14926007,1,312530,49.264068603515625,-123.16567993164062,7.5221,84,58.52722658172766
2026-05-23 00:00:00,2026-05-23 08:27:32.84391-07,2026-05-23 08:27:17-07,23002,6641,14926012,1,312530,49.263301849365234,-123.06881713867188,0.0,1,77.84582507162303
2026-05-23 00:00:00,2026-05-23 08:27:32.84391-07,2026-05-23 08:27:07-07,24005,6641,14925858,0,312527,49.263267517089844,-123.12023162841797,9.6854,100,24.617535606214197
2026-05-23 00:00:00,2026-05-23 08:27:32.84391-07,2026-05-23 08:26:50-07,24007,6641,14926006,1,312530,49.268150329589844,-123.248046875,13.8943,166,50.32772093502999
2026-05-23 00:00:00,2026-05-23 08:28:03.414265-07,2026-05-23 08:27:40-07,15019,6641,14926008,1,312530,49.263465881347656,-123.1222152709961,4.2697,58,33.17997761482763
2026-05-23 00:00:00,2026-05-23 08:28:03.414265-07,2026-05-23 08:27:47-07,16201,6641,14926010,1,312530,49.26319885253906,-123.0685806274414,0.3869,8,92.72469950915095
2026-05-23 00:00:00,2026-05-23 08:28:03.414265-07,2026-05-23 08:27:46-07,16222,6641,14925859,0,312527,49.26395034790039,-123.16246795654297,6.5897,75,5.5559502430244185
2026-05-23 00:00:00,2026-05-23 08:28:03.414265-07,2026-05-23 08:27:42-07,19026,6641,14926009,1,312530,49.263099670410156,-123.10662078857422,3.1781,46,16.300022385423247
2026-05-23 00:00:00,2026-05-23 08:28:03.414265-07,2026-05-23 08:27:52-07,19041,6641,14925860,0,312527,49.265018463134766,-123.234619140625,1.09,26,83.84585243903084
2026-05-23 00:00:00,2026-05-23 08:28:03.414265-07,2026-05-23 08:27:20-07,22012,6641,14926007,1,312530,49.264068603515625,-123.16567993164062,7.5221,84,58.52722658172766
2026-05-23 00:00:00,2026-05-23 08:28:03.414265-07,2026-05-23 08:27:47-07,23002,6641,14926012,1,312530,49.2633171081543,-123.06881713867188,0.0,1,76.9352378504657
2026-05-23 00:00:00,2026-05-23 08:28:03.414265-07,2026-05-23 08:27:47-07,24005,6641,14925858,0,312527,49.263301849365234,-123.11973571777344,9.6854,100,11.583224335133597
2026-05-23 00:00:00,2026-05-23 08:28:03.414265-07,2026-05-23 08:26:50-07,24007,6641,14926006,1,312530,49.268150329589844,-123.248046875,13.8943,166,50.32772093502999
2026-05-23 00:00:00,2026-05-23 08:28:34.21578-07,2026-05-23 08:28:10-07,15019,6641,14926008,1,312530,49.263450622558594,-123.1227035522461,4.2697,58,65.8838257751881
2026-05-23 00:00:00,2026-05-23 08:28:34.21578-07,2026-05-23 08:28:15-07,16201,6641,14926010,1,312530,49.26319885253906,-123.0685806274414,0.3869,8,92.72469950915095
2026-05-23 00:00:00,2026-05-23 08:28:34.21578-07,2026-05-23 08:28:15-07,16222,6641,14925859,0,312527,49.26386642456055,-123.15695190429688,6.9369,77,50.14214344987125
2026-05-23 00:00:00,2026-05-23 08:28:34.21578-07,2026-05-23 08:28:11-07,19026,6641,14926009,1,312530,49.26313400268555,-123.10880279541016,3.3714,48,49.45563095282672
2026-05-23 00:00:00,2026-05-23 08:28:34.21578-07,2026-05-23 08:28:22-07,19041,6641,14925860,0,312527,49.26356887817383,-123.22858428955078,1.5845,36,86.29697784931952
2026-05-23 00:00:00,2026-05-23 08:28:34.21578-07,2026-05-23 08:28:01-07,22012,6641,14926007,1,312530,49.26411819458008,-123.1678466796875,7.644,85,23.12869105964813
2026-05-23 00:00:00,2026-05-23 08:28:34.21578-07,2026-05-23 08:28:16-07,23002,6641,14926012,1,312530,49.2633171081543,-123.06881713867188,0.0,1,76.9352378504657
2026-05-23 00:00:00,2026-05-23 08:28:34.21578-07,2026-05-23 08:28:16-07,24005,6641,14925858,0,312527,49.263267517089844,-123.11665344238281,9.8583,102,62.91111478644417
2026-05-23 00:00:00,2026-05-23 08:28:34.21578-07,2026-05-23 08:26:50-07,24007,6641,14926006,1,312530,49.268150329589844,-123.248046875,13.8943,166,50.32772093502999
2026-05-23 00:00:00,2026-05-23 08:29:04.797501-07,2026-05-23 08:28:40-07,15019,6641,14926008,1,312530,49.263431549072266,-123.12345123291016,4.4413,59,53.06450373532371
2026-05-23 00:00:00,2026-05-23 08:29:04.797501-07,2026-05-23 08:28:46-07,16201,6641,14926010,1,312530,49.26319885253906,-123.068603515625,0.3869,8,92.75598177091685
2026-05-23 00:00:00,2026-05-23 08:29:04.797501-07,2026-05-23 08:28:45-07,16222,6641,14925859,0,312527,49.263816833496094,-123.155517578125,7.1074,78,16.603664800026248
2026-05-23 00:00:00,2026-05-23 08:29:04.797501-07,2026-05-23 08:28:40-07,19026,6641,14926009,1,312530,49.26319885253906,-123.11156463623047,3.4784,49,44.77030107956694
2026-05-23 00:00:00,2026-05-23 08:29:04.797501-07,2026-05-23 08:28:52-07,19041,6641,14925860,0,312527,49.26371765136719,-123.22128295898438,2.5945,37,390.76581291248226
2026-05-23 00:00:00,2026-05-23 08:29:04.797501-07,2026-05-23 08:28:32-07,22012,6641,14926007,1,312530,49.26416778564453,-123.17247009277344,7.9278,88,30.050555309908642
2026-05-23 00:00:00,2026-05-23 08:29:04.797501-07,2026-05-23 08:28:47-07,23002,6641,14926012,1,312530,49.2633171081543,-123.06881713867188,0.0,1,76.9352378504657
2026-05-23 00:00:00,2026-05-23 08:29:04.797501-07,2026-05-23 08:28:47-07,24005,6641,14925858,0,312527,49.26321792602539,-123.11433410644531,10.058,105,32.247957506789334
2026-05-23 00:00:00,2026-05-23 08:29:04.797501-07,2026-05-23 08:26:50-07,24007,6641,14926006,1,312530,49.268150329589844,-123.248046875,13.8943,166,50.32772093502999
2026-05-23 00:00:00,2026-05-23 08:29:35.481857-07,2026-05-23 08:29:10-07,15019,6641,14926008,1,312530,49.26350021362305,-123.12561798095703,4.6192,60,73.38929813388204
2026-05-23 00:00:00,2026-05-23 08:29:35.481857-07,2026-05-23 08:29:16-07,16201,6641,14926010,1,312530,49.26321792602539,-123.068603515625,0.3869,8,94.87605617428922
2026-05-23 00:00:00,2026-05-23 08:29:35.481857-07,2026-05-23 08:29:16-07,16222,6641,14925859,0,312527,49.26376724243164,-123.1545639038086,7.1074,78,54.35023506703989
2026-05-23 00:00:00,2026-05-23 08:29:35.481857-07,2026-05-23 08:29:10-07,19026,6641,14926009,1,312530,49.26323318481445,-123.11378479003906,3.6196,50,65.0539195453241
2026-05-23 00:00:00,2026-05-23 08:29:35.481857-07,2026-05-23 08:29:22-07,19041,6641,14925860,0,312527,49.26386642456055,-123.21538543701172,2.6424,38,10.341443405196332
2026-05-23 00:00:00,2026-05-23 08:29:35.481857-07,2026-05-23 08:29:01-07,22012,6641,14926007,1,312530,49.264251708984375,-123.1773681640625,8.3458,92,31.24531506474746
2026-05-23 00:00:00,2026-05-23 08:29:35.481857-07,2026-05-23 08:29:16-07,23002,6641,14926012,1,312530,49.263301849365234,-123.06881713867188,0.0,1,77.84582507162303
2026-05-23 00:00:00,2026-05-23 08:29:35.481857-07,2026-05-23 08:29:14-07,24005,6641,14925858,0,312527,49.26323318481445,-123.11408233642578,10.058,105,50.58443067493954
2026-05-23 00:00:00,2026-05-23 08:29:35.481857-07,2026-05-23 08:26:50-07,24007,6641,14926006,1,312530,49.268150329589844,-123.248046875,13.8943,166,50.32772093502999
2026-05-23 00:00:00,2026-05-23 08:30:06.083843-07,2026-05-23 08:29:40-07,15019,6641,14926008,1,312530,49.26353454589844,-123.12979888916016,4.7927,61,58.62374171087771
2026-05-23 00:00:00,2026-05-23 08:30:06.083843-07,2026-05-23 08:29:46-07,16201,6641,14926010,1,312530,49.26321792602539,-123.0685806274414,0.3869,8,94.84547317719102
2026-05-23 00:00:00,2026-05-23 08:30:06.083843-07,2026-05-23 08:29:46-07,16222,6641,14925859,0,312527,49.26373291015625,-123.15318298339844,7.2793,79,20.29679113410838
2026-05-23 00:00:00,2026-05-23 08:30:06.083843-07,2026-05-23 08:29:41-07,19026,6641,14926009,1,312530,49.263267517089844,-123.11431884765625,3.757,52,34.058343285232915
2026-05-23 00:00:00,2026-05-23 08:30:06.083843-07,2026-05-23 08:29:51-07,19041,6641,14925860,0,312527,49.263851165771484,-123.20993041992188,3.0906,44,58.75831800016743
2026-05-23 00:00:00,2026-05-23 08:30:06.083843-07,2026-05-23 08:29:31-07,22012,6641,14926007,1,312530,49.26430130004883,-123.1801528930664,8.4936,94,23.902384727100248
2026-05-23 00:00:00,2026-05-23 08:30:06.083843-07,2026-05-23 08:29:47-07,23002,6641,14926012,1,312530,49.263301849365234,-123.06881713867188,0.0,1,77.84582507162303
2026-05-23 00:00:00,2026-05-23 08:30:06.083843-07,2026-05-23 08:29:43-07,24005,6641,14925858,0,312527,49.263099670410156,-123.10942077636719,10.4437,110,5.066303076572296
2026-05-23 00:00:00,2026-05-23 08:30:06.083843-07,2026-05-23 08:26:50-07,24007,6641,14926006,1,312530,49.268150329589844,-123.248046875,13.8943,166,50.32772093502999
2026-05-23 00:00:00,2026-05-23 08:30:36.740488-07,2026-05-23 08:30:08-07,15019,6641,14926008,1,312530,49.2635498046875,-123.13117980957031,4.9649,62,15.492622183616561
2026-05-23 00:00:00,2026-05-23 08:30:36.740488-07,2026-05-23 08:29:54-07,16201,6641,14926010,1,312530,49.26314926147461,-123.06836700439453,0.3869,8,88.41717489478717
2026-05-23 00:00:00,2026-05-23 08:30:36.740488-07,2026-05-23 08:30:16-07,16222,6641,14925859,0,312527,49.26369857788086,-123.15019989013672,7.4537,82,26.569104065268967
2026-05-23 00:00:00,2026-05-23 08:30:36.740488-07,2026-05-23 08:30:10-07,19026,6641,14926009,1,312530,49.2633171081543,-123.1164321899414,3.9567,55,79.28781786237955
2026-05-23 00:00:00,2026-05-23 08:30:36.740488-07,2026-05-23 08:30:17-07,19041,6641,14925860,0,312527,49.263816833496094,-123.20858001708984,3.0906,44,39.31328464996417
2026-05-23 00:00:00,2026-05-23 08:30:36.740488-07,2026-05-23 08:30:00-07,22012,6641,14926007,1,312530,49.26431655883789,-123.18218231201172,8.6414,95,23.646734201711244
2026-05-23 00:00:00,2026-05-23 08:30:36.740488-07,2026-05-23 08:30:16-07,23002,6641,14926012,1,312530,49.263301849365234,-123.06881713867188,0.0,1,77.84582507162303
2026-05-23 00:00:00,2026-05-23 08:30:36.740488-07,2026-05-23 08:30:14-07,24005,6641,14925858,0,312527,49.26303482055664,-123.10521697998047,10.7787,113,24.11828092477563
2026-05-23 00:00:00,2026-05-23 08:30:36.740488-07,2026-05-23 08:26:50-07,24007,6641,14926006,1,312530,49.268150329589844,-123.248046875,13.8943,166,50.32772093502999
2026-05-23 00:00:00,2026-05-23 08:31:07.334488-07,2026-05-23 08:30:42-07,15019,6641,14926008,1,312530,49.26356887817383,-123.13500213623047,5.3087,65,78.80039877824684
2026-05-23 00:00:00,2026-05-23 08:31:07.334488-07,2026-05-23 08:30:26-07,16201,6641,14926010,1,312530,49.262367248535156,-123.06698608398438,0.2639,6,8.191313528635277
2026-05-23 00:00:00,2026-05-23 08:31:07.334488-07,2026-05-23 08:30:46-07,16222,6641,14925859,0,312527,49.263668060302734,-123.14614868164062,7.8023,85,28.671232611307556
2026-05-23 00:00:00,2026-05-23 08:31:07.334488-07,2026-05-23 08:30:42-07,19026,6641,14926009,1,312530,49.2633171081543,-123.11648559570312,3.9567,55,75.43056267365408
2026-05-23 00:00:00,2026-05-23 08:31:07.334488-07,2026-05-23 08:30:51-07,19041,6641,14925860,0,312527,49.26374816894531,-123.20449829101562,3.5354,46,107.85126767795066
2026-05-23 00:00:00,2026-05-23 08:31:07.334488-07,2026-05-23 08:30:32-07,22012,6641,14926007,1,312530,49.264381408691406,-123.18563079833984,8.9343,97,18.054739707902023
2026-05-23 00:00:00,2026-05-23 08:31:07.334488-07,2026-05-23 08:30:47-07,23002,6641,14926012,1,312530,49.263301849365234,-123.06881713867188,0.0,1,77.84582507162303
2026-05-23 00:00:00,2026-05-23 08:31:07.334488-07,2026-05-23 08:30:45-07,24005,6641,14925858,0,312527,49.262901306152344,-123.10099792480469,11.0585,115,3.7866306850580993
2026-05-23 00:00:00,2026-05-23 08:31:07.334488-07,2026-05-23 08:26:50-07,24007,6641,14926006,1,312530,49.268150329589844,-123.248046875,13.8943,166,50.32772093502999
2026-05-23 00:00:00,2026-05-23 08:31:38.083264-07,2026-05-23 08:31:11-07,15019,6641,14926008,1,312530,49.26359939575195,-123.13783264160156,5.4377,66,2.800428014932138
2026-05-23 00:00:00,2026-05-23 08:31:38.083264-07,2026-05-23 08:30:53-07,16201,6641,14926010,1,312530,49.26240158081055,-123.06866455078125,0.3869,8,8.101407942198001
2026-05-23 00:00:00,2026-05-23 08:31:38.083264-07,2026-05-23 08:31:16-07,16222,6641,14925859,0,312527,49.26361846923828,-123.14151763916016,8.1467,87,35.60598836419474
2026-05-23 00:00:00,2026-05-23 08:31:38.083264-07,2026-05-23 08:31:11-07,19026,6641,14926009,1,312530,49.2633171081543,-123.11648559570312,3.9567,55,75.43056267365408
2026-05-23 00:00:00,2026-05-23 08:31:38.083264-07,2026-05-23 08:31:20-07,19041,6641,14925860,0,312527,49.263668060302734,-123.19843292236328,3.9755,51,106.18058114827997
2026-05-23 00:00:00,2026-05-23 08:31:38.083264-07,2026-05-23 08:31:00-07,22012,6641,14926007,1,312530,49.26371765136719,-123.18598175048828,8.9822,98,25.535676206959252
2026-05-23 00:00:00,2026-05-23 08:31:38.083264-07,2026-05-23 08:31:16-07,23002,6641,14926012,1,312530,49.2633171081543,-123.06880187988281,0.0,1,77.87718289997039
2026-05-23 00:00:00,2026-05-23 08:31:38.083264-07,2026-05-23 08:31:15-07,24005,6641,14925858,0,312527,49.2628173828125,-123.09988403320312,11.1692,118,26.680949560945223
2026-05-23 00:00:00,2026-05-23 08:31:38.083264-07,2026-05-23 08:26:50-07,24007,6641,14926006,1,312530,49.268150329589844,-123.248046875,13.8943,166,50.32772093502999
2026-05-23 00:00:00,2026-05-23 08:32:08.630961-07,2026-05-23 08:31:41-07,15019,6641,14926008,1,312530,49.26361846923828,-123.13800048828125,5.4377,66,11.080069751216579
2026-05-23 00:00:00,2026-05-23 08:32:08.630961-07,2026-05-23 08:31:25-07,16201,6641,14926010,1,312530,49.26240158081055,-123.06873321533203,0.4039,9,10.518724729685353
2026-05-23 00:00:00,2026-05-23 08:32:08.630961-07,2026-05-23 08:31:46-07,16222,6641,14925859,0,312527,49.26361846923828,-123.14140319824219,8.1467,87,27.302803762377984
2026-05-23 00:00:00,2026-05-23 08:32:08.630961-07,2026-05-23 08:31:41-07,19026,6641,14926009,1,312530,49.2633171081543,-123.11648559570312,3.9567,55,75.43056267365408
2026-05-23 00:00:00,2026-05-23 08:32:08.630961-07,2026-05-23 08:31:50-07,19041,6641,14925860,0,312527,49.26358413696289,-123.19218444824219,4.4218,55,97.48711814829903
2026-05-23 00:00:00,2026-05-23 08:32:08.630961-07,2026-05-23 08:31:31-07,22012,6641,14926007,1,312530,49.26350021362305,-123.18620300292969,9.0331,99,22.235031233280555
2026-05-23 00:00:00,2026-05-23 08:32:08.630961-07,2026-05-23 08:31:46-07,23002,6641,14926012,1,312530,49.263301849365234,-123.06880187988281,0.0,1,78.77688315427007
2026-05-23 00:00:00,2026-05-23 08:32:08.630961-07,2026-05-23 08:31:40-07,24005,6641,14925858,0,312527,49.2628173828125,-123.09956359863281,11.1692,118,6.657852685929433
2026-05-23 00:00:00,2026-05-23 08:32:08.630961-07,2026-05-23 08:26:50-07,24007,6641,14926006,1,312530,49.268150329589844,-123.248046875,13.8943,166,50.32772093502999
2026-05-23 00:00:00,2026-05-23 08:32:39.236718-07,2026-05-23 08:32:10-07,15019,6641,14926008,1,312530,49.26371765136719,-123.14018249511719,5.6682,69,62.283332974343075
2026-05-23 00:00:00,2026-05-23 08:32:39.236718-07,2026-05-23 08:32:15-07,16201,6641,14926010,1,312530,49.26240158081055,-123.06883239746094,0.4039,9,10.257615403984461
2026-05-23 00:00:00,2026-05-23 08:32:39.236718-07,2026-05-23 08:32:16-07,16222,6641,14925859,0,312527,49.2635498046875,-123.13995361328125,8.2755,89,50.809098800143644
2026-05-23 00:00:00,2026-05-23 08:32:39.236718-07,2026-05-23 08:32:11-07,19026,6641,14926009,1,312530,49.2633171081543,-123.11648559570312,3.9567,55,75.43056267365408
2026-05-23 00:00:00,2026-05-23 08:32:39.236718-07,2026-05-23 08:32:20-07,19041,6641,14925860,0,312527,49.26348114013672,-123.18663024902344,4.7818,58,53.134737835051716
2026-05-23 00:00:00,2026-05-23 08:32:39.236718-07,2026-05-23 08:32:00-07,22012,6641,14926007,1,312530,49.26358413696289,-123.19084930419922,9.3931,102,0.8302891404096564
2026-05-23 00:00:00,2026-05-23 08:32:39.236718-07,2026-05-23 08:32:16-07,23002,6641,14926012,1,312530,49.263301849365234,-123.06880187988281,0.0,1,78.77688315427007
2026-05-23 00:00:00,2026-05-23 08:32:39.236718-07,2026-05-23 08:32:10-07,24005,6641,14925858,0,312527,49.26250076293945,-123.09488677978516,11.5065,127,5.148869493600141
2026-05-23 00:00:00,2026-05-23 08:32:39.236718-07,2026-05-23 08:26:50-07,24007,6641,14926006,1,312530,49.268150329589844,-123.248046875,13.8943,166,50.32772093502999
2026-05-23 00:00:00,2026-05-23 08:32:39.236718-07,2026-05-23 08:32:13-07,24013,6641,14926011,1,312529,49.26499938964844,-123.02580261230469,0.0814,3,8.361211159717163
2026-05-23 00:00:00,2026-05-23 08:33:09.80611-07,2026-05-23 08:32:41-07,15019,6641,14926008,1,312530,49.26371765136719,-123.14061737060547,5.6682,69,31.812779256504186
2026-05-23 00:00:00,2026-05-23 08:33:09.80611-07,2026-05-23 08:32:46-07,16201,6641,14926010,1,312530,49.26240158081055,-123.06981658935547,0.4772,13,8.562570720226818
2026-05-23 00:00:00,2026-05-23 08:33:09.80611-07,2026-05-23 08:32:46-07,16222,6641,14925859,0,312527,49.2635498046875,-123.13970184326172,8.2755,89,32.68558519155484
2026-05-23 00:00:00,2026-05-23 08:33:09.80611-07,2026-05-23 08:32:41-07,19026,6641,14926009,1,312530,49.2633171081543,-123.11648559570312,3.9567,55,75.43056267365408
2026-05-23 00:00:00,2026-05-23 08:33:09.80611-07,2026-05-23 08:32:51-07,19041,6641,14925860,0,312527,49.2636833190918,-123.1858139038086,4.7818,58,23.30980257829511
2026-05-23 00:00:00,2026-05-23 08:33:09.80611-07,2026-05-23 08:32:31-07,22012,6641,14926007,1,312530,49.263668060302734,-123.1962661743164,9.7438,105,44.41088241013272
2026-05-23 00:00:00,2026-05-23 08:33:09.80611-07,2026-05-23 08:32:47-07,23002,6641,14926012,1,312530,49.263301849365234,-123.06880187988281,0.0,1,78.77688315427007
2026-05-23 00:00:00,2026-05-23 08:33:09.80611-07,2026-05-23 08:32:41-07,24005,6641,14925858,0,312527,49.26241683959961,-123.0898666381836,11.9299,131,53.58364415808185
2026-05-23 00:00:00,2026-05-23 08:33:09.80611-07,2026-05-23 08:26:50-07,24007,6641,14926006,1,312530,49.268150329589844,-123.248046875,13.8943,166,50.32772093502999
2026-05-23 00:00:00,2026-05-23 08:33:09.80611-07,2026-05-23 08:32:43-07,24013,6641,14926011,1,312529,49.2622184753418,-123.03068542480469,0.5616,16,13.433364072191637
2026-05-23 00:00:00,2026-05-23 08:33:40.504179-07,2026-05-23 08:33:10-07,15019,6641,14926008,1,312530,49.26373291015625,-123.14070129394531,5.6682,69,27.01823509080999
2026-05-23 00:00:00,2026-05-23 08:33:40.504179-07,2026-05-23 08:33:16-07,16201,6641,14926010,1,312530,49.26241683959961,-123.0745849609375,0.8438,16,18.59808552372707
2026-05-23 00:00:00,2026-05-23 08:33:40.504179-07,2026-05-23 08:33:15-07,16222,6641,14925859,0,312527,49.26353454589844,-123.13677978515625,8.5063,93,50.2057395566118
2026-05-23 00:00:00,2026-05-23 08:33:40.504179-07,2026-05-23 08:33:11-07,19026,6641,14926009,1,312530,49.2633171081543,-123.11648559570312,3.9567,55,75.43056267365408
2026-05-23 00:00:00,2026-05-23 08:33:40.504179-07,2026-05-23 08:33:21-07,19041,6641,14925860,0,312527,49.26431655883789,-123.184814453125,5.0332,61,74.73097372141024
2026-05-23 00:00:00,2026-05-23 08:33:40.504179-07,2026-05-23 08:33:01-07,22012,6641,14926007,1,312530,49.26374816894531,-123.2027816772461,10.2794,110,16.650353089023096
2026-05-23 00:00:00,2026-05-23 08:33:40.504179-07,2026-05-23 08:33:17-07,23002,6641,14926012,1,312530,49.263301849365234,-123.06880187988281,0.0,1,78.77688315427007
2026-05-23 00:00:00,2026-05-23 08:33:40.504179-07,2026-05-23 08:33:17-07,24005,6641,14925858,0,312527,49.26243209838867,-123.08816528320312,11.9299,131,70.58618290579392
2026-05-23 00:00:00,2026-05-23 08:33:40.504179-07,2026-05-23 08:26:50-07,24007,6641,14926006,1,312530,49.268150329589844,-123.248046875,13.8943,166,50.32772093502999
2026-05-23 00:00:00,2026-05-23 08:33:40.504179-07,2026-05-23 08:33:22-07,24013,6641,14926011,1,312529,49.26198196411133,-123.0344467163086,0.7961,27,33.525004848715064
2026-05-23 00:00:00,2026-05-23 08:34:11.105833-07,2026-05-23 08:33:39-07,15019,6641,14926008,1,312530,49.26374816894531,-123.14456939697266,5.8421,71,84.38529164291276
2026-05-23 00:00:00,2026-05-23 08:34:11.105833-07,2026-05-23 08:33:44-07,16201,6641,14926010,1,312530,49.262481689453125,-123.0785140991211,1.0471,20,65.41055857237616
2026-05-23 00:00:00,2026-05-23 08:34:11.105833-07,2026-05-23 08:33:44-07,16222,6641,14925859,0,312527,49.26350021362305,-123.13397979736328,8.6788,94,18.979811962460225
2026-05-23 00:00:00,2026-05-23 08:34:11.105833-07,2026-05-23 08:33:32-07,19026,6641,14926009,1,312530,49.2633171081543,-123.11648559570312,3.9567,55,75.43056267365408
2026-05-23 00:00:00,2026-05-23 08:34:11.105833-07,2026-05-23 08:33:48-07,19041,6641,14925860,0,312527,49.26433181762695,-123.18421936035156,5.0332,61,31.52170233319689
2026-05-23 00:00:00,2026-05-23 08:34:11.105833-07,2026-05-23 08:33:30-07,22012,6641,14926007,1,312530,49.26386642456055,-123.20894622802734,10.7243,113,13.125493149085347
2026-05-23 00:00:00,2026-05-23 08:34:11.105833-07,2026-05-23 08:33:17-07,23002,6641,14926012,1,312530,49.263301849365234,-123.06880187988281,0.0,1,78.77688315427007
2026-05-23 00:00:00,2026-05-23 08:34:11.105833-07,2026-05-23 08:33:46-07,24005,6641,14925858,0,312527,49.262451171875,-123.0831527709961,12.3531,134,12.332126876962368
2026-05-23 00:00:00,2026-05-23 08:34:11.105833-07,2026-05-23 08:26:50-07,24007,6641,14926006,1,312530,49.268150329589844,-123.248046875,13.8943,166,50.32772093502999
2026-05-23 00:00:00,2026-05-23 08:34:11.105833-07,2026-05-23 08:33:52-07,24013,6641,14926011,1,312529,49.2619514465332,-123.03970336914062,1.242,32,31.462986301160406
2026-05-23 00:00:00,2026-05-23 08:34:41.722974-07,2026-05-23 08:34:08-07,15019,6641,14926008,1,312530,49.26374816894531,-123.14546966552734,6.0127,72,21.47268986900179
2026-05-23 00:00:00,2026-05-23 08:34:41.722974-07,2026-05-23 08:34:14-07,16201,6641,14926010,1,312530,49.262451171875,-123.07879638671875,1.0471,20,85.39250980305728
2026-05-23 00:00:00,2026-05-23 08:34:41.722974-07,2026-05-23 08:34:16-07,16222,6641,14925859,0,312527,49.263465881347656,-123.1317138671875,8.85,95,25.178158984059362
2026-05-23 00:00:00,2026-05-23 08:34:41.722974-07,2026-05-23 08:34:02-07,19026,6641,14926009,1,312530,49.2633171081543,-123.11648559570312,3.9567,55,75.43056267365408
2026-05-23 00:00:00,2026-05-23 08:34:41.722974-07,2026-05-23 08:34:15-07,19041,6641,14925860,0,312527,49.26431655883789,-123.18206787109375,5.1735,62,15.36493312191664
2026-05-23 00:00:00,2026-05-23 08:34:41.722974-07,2026-05-23 08:33:59-07,22012,6641,14926007,1,312530,49.26388168334961,-123.20999908447266,10.7243,113,63.918783982561024
2026-05-23 00:00:00,2026-05-23 08:34:41.722974-07,2026-05-23 08:34:17-07,23002,6641,14926012,1,312530,49.263301849365234,-123.06878662109375,0.0,1,79.71244630125082
2026-05-23 00:00:00,2026-05-23 08:34:41.722974-07,2026-05-23 08:34:17-07,24005,6641,14925858,0,312527,49.262332916259766,-123.07817077636719,12.7679,137,40.307160915981555
2026-05-23 00:00:00,2026-05-23 08:34:41.722974-07,2026-05-23 08:26:50-07,24007,6641,14926006,1,312530,49.268150329589844,-123.248046875,13.8943,166,50.32772093502999
2026-05-23 00:00:00,2026-05-23 08:34:41.722974-07,2026-05-23 08:34:22-07,24013,6641,14926011,1,312529,49.26206588745117,-123.04476928710938,1.6017,37,24.51023403922554
2026-05-23 00:00:00,2026-05-23 08:35:12.257212-07,2026-05-23 08:34:40-07,15019,6641,14926008,1,312530,49.26371765136719,-123.14791870117188,6.1863,73,16.427957741211547
2026-05-23 00:00:00,2026-05-23 08:35:12.257212-07,2026-05-23 08:34:44-07,16201,6641,14926010,1,312530,49.262451171875,-123.081298828125,1.3213,22,7.227686440639616
2026-05-23 00:00:00,2026-05-23 08:35:12.257212-07,2026-05-23 08:34:45-07,16222,6641,14925859,0,312527,49.263450622558594,-123.12760162353516,9.1958,97,71.47535696771152
2026-05-23 00:00:00,2026-05-23 08:35:12.257212-07,2026-05-23 08:34:34-07,19026,6641,14926009,1,312530,49.2633171081543,-123.11648559570312,3.9567,55,75.43056267365408
2026-05-23 00:00:00,2026-05-23 08:35:12.257212-07,2026-05-23 08:34:50-07,19041,6641,14925860,0,312527,49.26426696777344,-123.1792984008789,5.3215,64,38.2846274427987
2026-05-23 00:00:00,2026-05-23 08:35:12.257212-07,2026-05-23 08:34:28-07,22012,6641,14926007,1,312530,49.26395034790039,-123.21466827392578,11.1454,117,17.3356750312105
2026-05-23 00:00:00,2026-05-23 08:35:12.257212-07,2026-05-23 08:34:47-07,23002,6641,14926012,1,312530,49.2633171081543,-123.06880187988281,0.0,1,77.87718289997039
2026-05-23 00:00:00,2026-05-23 08:35:12.257212-07,2026-05-23 08:34:47-07,24005,6641,14925858,0,312527,49.2623176574707,-123.07786560058594,12.7679,137,19.496184942904673
2026-05-23 00:00:00,2026-05-23 08:35:12.257212-07,2026-05-23 08:26:50-07,24007,6641,14926006,1,312530,49.268150329589844,-123.248046875,13.8943,166,50.32772093502999
2026-05-23 00:00:00,2026-05-23 08:35:12.257212-07,2026-05-23 08:34:48-07,24013,6641,14926011,1,312529,49.26206588745117,-123.04519653320312,1.6017,37,14.760819708418309
2026-05-23 00:00:00,2026-05-23 08:35:43.031379-07,2026-05-23 08:35:10-07,15019,6641,14926008,1,312530,49.26371765136719,-123.15028381347656,6.3613,75,20.12256008071989
2026-05-23 00:00:00,2026-05-23 08:35:43.031379-07,2026-05-23 08:35:14-07,16201,6641,14926010,1,312530,49.262481689453125,-123.08626556396484,1.7432,25,66.87684937344461
2026-05-23 00:00:00,2026-05-23 08:35:43.031379-07,2026-05-23 08:35:15-07,16222,6641,14925859,0,312527,49.263450622558594,-123.1269302368164,9.1958,97,23.123163631065967
2026-05-23 00:00:00,2026-05-23 08:35:43.031379-07,2026-05-23 08:35:19-07,19026,6641,14926009,1,312530,49.2633171081543,-123.1169204711914,3.9567,55,44.13956309267301
2026-05-23 00:00:00,2026-05-23 08:35:43.031379-07,2026-05-23 08:35:20-07,19041,6641,14925860,0,312527,49.26416778564453,-123.17359924316406,5.7462,67,28.57795612358434
2026-05-23 00:00:00,2026-05-23 08:35:43.031379-07,2026-05-23 08:34:59-07,22012,6641,14926007,1,312530,49.26393127441406,-123.21678161621094,11.2204,120,64.0862561786426
2026-05-23 00:00:00,2026-05-23 08:35:43.031379-07,2026-05-23 08:35:17-07,23002,6641,14926012,1,312530,49.2633171081543,-123.06881713867188,0.0,1,76.9352378504657
2026-05-23 00:00:00,2026-05-23 08:35:43.031379-07,2026-05-23 08:35:17-07,24005,6641,14925858,0,312527,49.2623176574707,-123.07630157470703,12.8332,139,31.72228738353871
2026-05-23 00:00:00,2026-05-23 08:35:43.031379-07,2026-05-23 08:26:50-07,24007,6641,14926006,1,312530,49.268150329589844,-123.248046875,13.8943,166,50.32772093502999
2026-05-23 00:00:00,2026-05-23 08:35:43.031379-07,2026-05-23 08:35:18-07,24013,6641,14926011,1,312529,49.26205062866211,-123.05039978027344,1.9989,42,10.226314572975213
2026-05-23 00:00:00,2026-05-23 08:36:13.612969-07,2026-05-23 08:35:39-07,15019,6641,14926008,1,312530,49.2637825012207,-123.1532974243164,6.5357,78,26.42999742549865
2026-05-23 00:00:00,2026-05-23 08:36:13.612969-07,2026-05-23 08:35:44-07,16201,6641,14926010,1,312530,49.2625846862793,-123.09004974365234,1.885,26,67.35340436785738
2026-05-23 00:00:00,2026-05-23 08:36:13.612969-07,2026-05-23 08:35:45-07,16222,6641,14925859,0,312527,49.263431549072266,-123.12674713134766,9.1958,97,9.72204436483493
2026-05-23 00:00:00,2026-05-23 08:36:13.612969-07,2026-05-23 08:35:49-07,19026,6641,14926009,1,312530,49.26333236694336,-123.11808013916016,3.9567,56,41.594271239462586
2026-05-23 00:00:00,2026-05-23 08:36:13.612969-07,2026-05-23 08:35:55-07,19041,6641,14925860,0,312527,49.264068603515625,-123.16861724853516,6.171,72,33.20346095980982
2026-05-23 00:00:00,2026-05-23 08:36:13.612969-07,2026-05-23 08:35:29-07,22012,6641,14926007,1,312530,49.26380157470703,-123.22281646728516,11.2204,120,502.14090007743823
2026-05-23 00:00:00,2026-05-23 08:36:13.612969-07,2026-05-23 08:35:47-07,23002,6641,14926012,1,312530,49.2633171081543,-123.06880187988281,0.0,1,77.87718289997039
2026-05-23 00:00:00,2026-05-23 08:36:13.612969-07,2026-05-23 08:35:25-07,24005,6641,14925858,0,312527,49.26234817504883,-123.07579803466797,12.9163,140,15.83668565389494
2026-05-23 00:00:00,2026-05-23 08:36:13.612969-07,2026-05-23 08:26:50-07,24007,6641,14926006,1,312530,49.268150329589844,-123.248046875,13.8943,166,50.32772093502999
2026-05-23 00:00:00,2026-05-23 08:36:13.612969-07,2026-05-23 08:35:52-07,24013,6641,14926011,1,312529,49.26206588745117,-123.05211639404297,2.1218,44,9.434803028919294
2026-05-23 00:00:00,2026-05-23 08:36:44.1913-07,2026-05-23 08:36:17-07,15019,6641,14926008,1,312530,49.263916015625,-123.15471649169922,6.7076,79,42.70902787868383
2026-05-23 00:00:00,2026-05-23 08:36:44.1913-07,2026-05-23 08:36:06-07,16201,6641,14926010,1,312530,49.26256561279297,-123.09026336669922,2.024,27,57.267333339632536
2026-05-23 00:00:00,2026-05-23 08:36:44.1913-07,2026-05-23 08:36:16-07,16222,6641,14925859,0,312527,49.263301849365234,-123.12266540527344,9.5453,99,61.441655292739256
2026-05-23 00:00:00,2026-05-23 08:36:44.1913-07,2026-05-23 08:36:20-07,19026,6641,14926009,1,312530,49.263450622558594,-123.1221694946289,4.2697,58,29.45530679388323
2026-05-23 00:00:00,2026-05-23 08:36:44.1913-07,2026-05-23 08:36:16-07,19041,6641,14925860,0,312527,49.2640495300293,-123.16850280761719,6.171,72,25.104789796910676
2026-05-23 00:00:00,2026-05-23 08:36:44.1913-07,2026-05-23 08:35:59-07,22012,6641,14926007,1,312530,49.263648986816406,-123.22833251953125,12.2434,121,117.16127466688161
2026-05-23 00:00:00,2026-05-23 08:36:44.1913-07,2026-05-23 08:36:17-07,23002,6641,14926012,1,312530,49.2633171081543,-123.06878662109375,0.0,1,78.82342511216733
2026-05-23 00:00:00,2026-05-23 08:36:44.1913-07,2026-05-23 08:35:55-07,24005,6641,14925858,0,312527,49.26234817504883,-123.07061767578125,13.3378,144,59.82122878000658
2026-05-23 00:00:00,2026-05-23 08:36:44.1913-07,2026-05-23 08:26:50-07,24007,6641,14926006,1,312530,49.268150329589844,-123.248046875,13.8943,166,50.32772093502999
2026-05-23 00:00:00,2026-05-23 08:36:44.1913-07,2026-05-23 08:36:23-07,24013,6641,14926011,1,312529,49.26213455200195,-123.05611419677734,2.3876,50,22.04427509069586
2026-05-23 00:00:00,2026-05-23 08:37:14.770776-07,2026-05-23 08:36:47-07,15019,6641,14926008,1,312530,49.26396560668945,-123.15765380859375,6.8781,80,7.354099453574299
2026-05-23 00:00:00,2026-05-23 08:37:14.770776-07,2026-05-23 08:36:36-07,16201,6641,14926010,1,312530,49.26256561279297,-123.09508514404297,2.3085,31,10.900204811754188
2026-05-23 00:00:00,2026-05-23 08:37:14.770776-07,2026-05-23 08:36:46-07,16222,6641,14925859,0,312527,49.26321792602539,-123.12026977539062,9.6854,100,28.51367318777898
2026-05-23 00:00:00,2026-05-23 08:37:14.770776-07,2026-05-23 08:36:49-07,19026,6641,14926009,1,312530,49.2634162902832,-123.12228393554688,4.2697,58,35.49811653420766
2026-05-23 00:00:00,2026-05-23 08:37:14.770776-07,2026-05-23 08:36:44-07,19041,6641,14925860,0,312527,49.264034271240234,-123.1675033569336,6.171,72,47.918474998158636
2026-05-23 00:00:00,2026-05-23 08:37:14.770776-07,2026-05-23 08:36:30-07,22012,6641,14926007,1,312530,49.26468276977539,-123.23390197753906,12.5925,132,27.610314973427318
2026-05-23 00:00:00,2026-05-23 08:37:14.770776-07,2026-05-23 08:36:47-07,23002,6641,14926012,1,312530,49.2633171081543,-123.06880187988281,0.0,1,77.87718289997039
2026-05-23 00:00:00,2026-05-23 08:37:14.770776-07,2026-05-23 08:36:26-07,24005,6641,14925858,0,312527,49.26246643066406,-123.06973266601562,13.3378,144,16.237077612180055
2026-05-23 00:00:00,2026-05-23 08:37:14.770776-07,2026-05-23 08:36:52-07,24013,6641,14926011,1,312529,49.2623176574707,-123.05728149414062,2.4989,55,11.539877576006983
2026-05-23 00:00:00,2026-05-23 08:37:45.482293-07,2026-05-23 08:37:16-07,15019,6641,14926008,1,312530,49.264034271240234,-123.16217041015625,7.2253,82,18.296256969704313
2026-05-23 00:00:00,2026-05-23 08:37:45.482293-07,2026-05-23 08:37:07-07,16201,6641,14926010,1,312530,49.262882232666016,-123.09771728515625,2.4628,35,51.882455514094225
2026-05-23 00:00:00,2026-05-23 08:37:45.482293-07,2026-05-23 08:37:06-07,16222,6641,14925859,0,312527,49.26323318481445,-123.11983489990234,9.6854,100,8.140315955558801
2026-05-23 00:00:00,2026-05-23 08:37:45.482293-07,2026-05-23 08:36:56-07,19026,6641,14926009,1,312530,49.263431549072266,-123.12276458740234,4.2697,58,69.78773074396419
2026-05-23 00:00:00,2026-05-23 08:37:45.482293-07,2026-05-23 08:37:22-07,19041,6641,14925860,0,312527,49.26398468017578,-123.16352081298828,6.5897,75,80.60415195227608
2026-05-23 00:00:00,2026-05-23 08:37:45.482293-07,2026-05-23 08:36:58-07,22012,6641,14926007,1,312530,49.26698303222656,-123.23957061767578,13.0367,143,27.27279444931159
2026-05-23 00:00:00,2026-05-23 08:37:45.482293-07,2026-05-23 08:36:47-07,23002,6641,14926012,1,312530,49.2633171081543,-123.06880187988281,0.0,1,77.87718289997039
2026-05-23 00:00:00,2026-05-23 08:37:45.482293-07,2026-05-23 08:36:54-07,24005,6641,14925858,0,312527,49.263282775878906,-123.06966400146484,13.4386,148,10.015329046520375
2026-05-23 00:00:00,2026-05-23 08:37:45.482293-07,2026-05-23 08:37:00-07,24013,6641,14926011,1,312529,49.2623176574707,-123.05746459960938,2.5055,56,10.334720014492499
2026-05-23 00:00:00,2026-05-23 08:38:16.058197-07,2026-05-23 08:37:46-07,15019,6641,14926008,1,312530,49.264068603515625,-123.16497039794922,7.3877,83,24.242293541475973
2026-05-23 00:00:00,2026-05-23 08:38:16.058197-07,2026-05-23 08:37:49-07,16201,6641,14926010,1,312530,49.26285171508789,-123.09896850585938,2.6062,37,1.1247735478770116
2026-05-23 00:00:00,2026-05-23 08:38:16.058197-07,2026-05-23 08:37:35-07,16222,6641,14925859,0,312527,49.26316833496094,-123.1155014038086,10.0472,103,42.04665745843524
2026-05-23 00:00:00,2026-05-23 08:38:16.058197-07,2026-05-23 08:37:56-07,19026,6641,14926009,1,312530,49.26351547241211,-123.126220703125,4.6192,60,31.360769792295528
2026-05-23 00:00:00,2026-05-23 08:38:16.058197-07,2026-05-23 08:38:07-07,19041,6641,14925860,0,312527,49.263851165771484,-123.15643310546875,7.1074,78,82.30158595452306
2026-05-23 00:00:00,2026-05-23 08:38:16.058197-07,2026-05-23 08:37:59-07,22012,6641,14926007,1,312530,49.26656723022461,-123.24479675292969,13.5001,151,48.30230212459359
2026-05-23 00:00:00,2026-05-23 08:38:16.058197-07,2026-05-23 08:37:46-07,23002,6641,14926012,1,312530,49.263301849365234,-123.06881713867188,0.0,1,77.84582507162303
2026-05-23 00:00:00,2026-05-23 08:38:16.058197-07,2026-05-23 08:37:59-07,24005,6641,14926013,1,312530,49.26286697387695,-123.06773376464844,0.3403,7,58.216114360757324
2026-05-23 00:00:00,2026-05-23 08:38:16.058197-07,2026-05-23 08:37:59-07,24013,6641,14926011,1,312529,49.26238250732422,-123.06780242919922,3.2704,67,9.479593470513215
2026-05-23 00:00:00,2026-05-23 08:38:46.975282-07,2026-05-23 08:38:18-07,15019,6641,14926008,1,312530,49.2641487121582,-123.1675033569336,7.644,85,48.256565387939816
2026-05-23 00:00:00,2026-05-23 08:38:46.975282-07,2026-05-23 08:38:21-07,16201,6641,14926010,1,312530,49.262901306152344,-123.10023498535156,2.7011,40,3.8059254609083557
2026-05-23 00:00:00,2026-05-23 08:38:46.975282-07,2026-05-23 08:38:33-07,16222,6641,14925859,0,312527,49.26318359375,-123.11436462402344,10.058,105,30.081985539900906
2026-05-23 00:00:00,2026-05-23 08:38:46.975282-07,2026-05-23 08:38:27-07,19026,6641,14926009,1,312530,49.2635498046875,-123.12799835205078,4.7927,61,73.84422592578065
2026-05-23 00:00:00,2026-05-23 08:38:46.975282-07,2026-05-23 08:38:28-07,19041,6641,14925860,0,312527,49.26380157470703,-123.1548843383789,7.1074,78,30.80620381222442
2026-05-23 00:00:00,2026-05-23 08:38:46.975282-07,2026-05-23 08:38:19-07,22012,6641,14926007,1,312530,49.266517639160156,-123.24504852294922,13.5001,151,29.260696594313764
2026-05-23 00:00:00,2026-05-23 08:38:46.975282-07,2026-05-23 08:38:18-07,23002,6641,14926012,1,312530,49.2633171081543,-123.06881713867188,0.0,1,76.9352378504657
2026-05-23 00:00:00,2026-05-23 08:38:46.975282-07,2026-05-23 08:38:29-07,24005,6641,14926013,1,312530,49.26286697387695,-123.06773376464844,0.3403,7,58.216114360757324
2026-05-23 00:00:00,2026-05-23 08:38:46.975282-07,2026-05-23 08:38:30-07,24013,6641,14926011,1,312529,49.26241683959961,-123.06876373291016,3.334,69,11.570034636530487
2026-05-23 00:00:00,2026-05-23 08:39:17.599176-07,2026-05-23 08:38:36-07,15019,6641,14926008,1,312530,49.2641487121582,-123.16791534423828,7.644,85,19.32724125038145
2026-05-23 00:00:00,2026-05-23 08:39:17.599176-07,2026-05-23 08:38:51-07,16201,6641,14926010,1,312530,49.26298141479492,-123.10359954833984,2.896,43,46.363653078039455
2026-05-23 00:00:00,2026-05-23 08:39:17.599176-07,2026-05-23 08:38:36-07,16222,6641,14925859,0,312527,49.26318359375,-123.11436462402344,10.058,105,30.081985539900906
2026-05-23 00:00:00,2026-05-23 08:39:17.599176-07,2026-05-23 08:38:56-07,19026,6641,14926009,1,312530,49.26356887817383,-123.13304901123047,5.1362,63,48.99180417649109
2026-05-23 00:00:00,2026-05-23 08:39:17.599176-07,2026-05-23 08:39:02-07,19041,6641,14925860,0,312527,49.26380157470703,-123.1548843383789,7.1074,78,30.80620381222442
2026-05-23 00:00:00,2026-05-23 08:39:17.599176-07,2026-05-23 08:38:48-07,22012,6641,14926007,1,312530,49.26729965209961,-123.2462158203125,13.6208,153,11.815192885469532
2026-05-23 00:00:00,2026-05-23 08:39:17.599176-07,2026-05-23 08:38:47-07,23002,6641,14926012,1,312530,49.263301849365234,-123.06880187988281,0.0,1,78.77688315427007
2026-05-23 00:00:00,2026-05-23 08:39:17.599176-07,2026-05-23 08:39:00-07,24005,6641,14926013,1,312530,49.26286697387695,-123.06773376464844,0.3403,7,58.216114360757324
2026-05-23 00:00:00,2026-05-23 08:39:17.599176-07,2026-05-23 08:39:00-07,24013,6641,14926011,1,312529,49.26241683959961,-123.06876373291016,3.334,69,11.570034636530487
2026-05-23 00:00:00,2026-05-23 08:39:48.353975-07,2026-05-23 08:39:07-07,15019,6641,14926008,1,312530,49.26416778564453,-123.17236328125,7.9278,88,22.351383881590593
2026-05-23 00:00:00,2026-05-23 08:39:48.353975-07,2026-05-23 08:39:27-07,16201,6641,14926010,1,312530,49.263065338134766,-123.10478210449219,3.0362,44,9.389809876968515
2026-05-23 00:00:00,2026-05-23 08:39:48.353975-07,2026-05-23 08:39:07-07,16222,6641,14925859,0,312527,49.26316833496094,-123.11436462402344,10.058,105,30.257309690741312
2026-05-23 00:00:00,2026-05-23 08:39:48.353975-07,2026-05-23 08:39:27-07,19026,6641,14926009,1,312530,49.26350021362305,-123.13607025146484,5.3087,65,6.77154443279592
2026-05-23 00:00:00,2026-05-23 08:39:48.353975-07,2026-05-23 08:39:37-07,19041,6641,14925860,0,312527,49.2637825012207,-123.1546859741211,7.1074,78,45.331448639168144
2026-05-23 00:00:00,2026-05-23 08:39:48.353975-07,2026-05-23 08:39:19-07,22012,6641,14926007,1,312530,49.26748275756836,-123.24641418457031,13.6208,153,13.188989202607056
2026-05-23 00:00:00,2026-05-23 08:39:48.353975-07,2026-05-23 08:39:17-07,23002,6641,14926012,1,312530,49.2633171081543,-123.06880187988281,0.0,1,77.87718289997039
2026-05-23 00:00:00,2026-05-23 08:39:48.353975-07,2026-05-23 08:39:29-07,24005,6641,14926013,1,312530,49.26286697387695,-123.06773376464844,0.3403,7,58.216114360757324
2026-05-23 00:00:00,2026-05-23 08:39:48.353975-07,2026-05-23 08:39:36-07,24007,6641,14925861,0,312527,49.26744842529297,-123.24687957763672,0.1448,2,25.955528598027037
2026-05-23 00:00:00,2026-05-23 08:39:48.353975-07,2026-05-23 08:39:35-07,24013,6641,14926011,1,312529,49.26240158081055,-123.06901550292969,3.3463,70,10.217459961942735
2026-05-23 00:00:00,2026-05-23 08:40:18.923115-07,2026-05-23 08:39:35-07,15019,6641,14926008,1,312530,49.264198303222656,-123.17378234863281,8.0687,89,15.52248234940601
2026-05-23 00:00:00,2026-05-23 08:40:18.923115-07,2026-05-23 08:39:56-07,16201,6641,14926010,1,312530,49.26314926147461,-123.10910034179688,3.3714,48,28.029365081877256
2026-05-23 00:00:00,2026-05-23 08:40:18.923115-07,2026-05-23 08:39:35-07,16222,6641,14925859,0,312527,49.26316833496094,-123.11436462402344,10.058,105,30.257309690741312
2026-05-23 00:00:00,2026-05-23 08:40:18.923115-07,2026-05-23 08:39:56-07,19026,6641,14926009,1,312530,49.26356887817383,-123.13761901855469,5.4377,66,17.466007766078484
2026-05-23 00:00:00,2026-05-23 08:40:18.923115-07,2026-05-23 08:40:08-07,19041,6641,14925860,0,312527,49.26373291015625,-123.15145111083984,7.3224,81,65.51411287481415
2026-05-23 00:00:00,2026-05-23 08:40:18.923115-07,2026-05-23 08:39:45-07,22012,6641,14926007,1,312530,49.268882751464844,-123.24773406982422,13.8236,161,11.091359415722708
2026-05-23 00:00:00,2026-05-23 08:40:18.923115-07,2026-05-23 08:39:47-07,23002,6641,14926012,1,312530,49.263301849365234,-123.06880187988281,0.0,1,78.77688315427007
2026-05-23 00:00:00,2026-05-23 08:40:18.923115-07,2026-05-23 08:40:00-07,24005,6641,14926013,1,312530,49.26286697387695,-123.06773376464844,0.3403,7,58.216114360757324
2026-05-23 00:00:00,2026-05-23 08:40:18.923115-07,2026-05-23 08:39:40-07,24007,6641,14925861,0,312527,49.26744842529297,-123.24687957763672,0.1448,2,25.955528598027037
2026-05-23 00:00:00,2026-05-23 08:40:18.923115-07,2026-05-23 08:39:35-07,24013,6641,14926011,1,312529,49.26240158081055,-123.06901550292969,3.3463,70,10.217459961942735
2026-05-23 00:00:00,2026-05-23 08:40:49.501407-07,2026-05-23 08:40:06-07,15019,6641,14926008,1,312530,49.264251708984375,-123.17755126953125,8.3458,92,17.999559504577807
2026-05-23 00:00:00,2026-05-23 08:40:49.501407-07,2026-05-23 08:40:28-07,16201,6641,14926010,1,312530,49.26321792602539,-123.1124496459961,3.6196,50,32.37489114753326
2026-05-23 00:00:00,2026-05-23 08:40:49.501407-07,2026-05-23 08:40:28-07,16222,6641,14925859,0,312527,49.26319885253906,-123.11418151855469,10.058,105,43.2869604716727
2026-05-23 00:00:00,2026-05-23 08:40:49.501407-07,2026-05-23 08:40:28-07,19026,6641,14926009,1,312530,49.26359939575195,-123.13831329345703,5.4888,67,18.08402110279849
2026-05-23 00:00:00,2026-05-23 08:40:49.501407-07,2026-05-23 08:40:37-07,19041,6641,14925860,0,312527,49.26371765136719,-123.15049743652344,7.4537,82,7.882175818313354
2026-05-23 00:00:00,2026-05-23 08:40:49.501407-07,2026-05-23 08:39:45-07,22012,6641,14926007,1,312530,49.268882751464844,-123.24773406982422,13.8236,161,11.091359415722708
2026-05-23 00:00:00,2026-05-23 08:40:49.501407-07,2026-05-23 08:39:47-07,23002,6641,14926012,1,312530,49.263301849365234,-123.06880187988281,0.0,1,78.77688315427007
2026-05-23 00:00:00,2026-05-23 08:40:49.501407-07,2026-05-23 08:40:30-07,24005,6641,14926013,1,312530,49.26286697387695,-123.06773376464844,0.3403,7,58.216114360757324
2026-05-23 00:00:00,2026-05-23 08:40:49.501407-07,2026-05-23 08:40:09-07,24007,6641,14925861,0,312527,49.26744842529297,-123.24690246582031,0.1448,2,27.29964267021652
2026-05-23 00:00:00,2026-05-23 08:40:49.501407-07,2026-05-23 08:40:34-07,24013,6641,14926011,1,312529,49.26238250732422,-123.07315063476562,3.6876,75,36.041279537093345
2026-05-23 00:00:00,2026-05-23 08:41:20.07513-07,2026-05-23 08:40:35-07,15019,6641,14926008,1,312530,49.2642822265625,-123.17994689941406,8.4936,94,8.805793436846225
2026-05-23 00:00:00,2026-05-23 08:41:20.07513-07,2026-05-23 08:40:56-07,16201,6641,14926010,1,312530,49.26323318481445,-123.11296844482422,3.6196,50,8.108323660317922
2026-05-23 00:00:00,2026-05-23 08:41:20.07513-07,2026-05-23 08:40:57-07,16222,6641,14925859,0,312527,49.26318359375,-123.11274719238281,10.1954,107,10.5154432040745
2026-05-23 00:00:00,2026-05-23 08:41:20.07513-07,2026-05-23 08:40:56-07,19026,6641,14926009,1,312530,49.26371765136719,-123.14015197753906,5.6682,69,64.46085158618186
2026-05-23 00:00:00,2026-05-23 08:41:20.07513-07,2026-05-23 08:41:07-07,19041,6641,14925860,0,312527,49.26371765136719,-123.14686584472656,7.8023,85,80.48037861870445
2026-05-23 00:00:00,2026-05-23 08:41:20.07513-07,2026-05-23 08:40:42-07,22012,6641,14925862,0,312527,49.267818450927734,-123.24736785888672,0.1448,2,61.67411591695126
2026-05-23 00:00:00,2026-05-23 08:41:20.07513-07,2026-05-23 08:39:47-07,23002,6641,14926012,1,312530,49.263301849365234,-123.06880187988281,0.0,1,78.77688315427007
2026-05-23 00:00:00,2026-05-23 08:41:20.07513-07,2026-05-23 08:41:00-07,24005,6641,14926013,1,312530,49.26286697387695,-123.06773376464844,0.3403,7,58.216114360757324
2026-05-23 00:00:00,2026-05-23 08:41:20.07513-07,2026-05-23 08:40:48-07,24007,6641,14925861,0,312527,49.2675666809082,-123.24663543701172,0.1448,2,3.898548002277023
2026-05-23 00:00:00,2026-05-23 08:41:20.07513-07,2026-05-23 08:41:05-07,24013,6641,14926011,1,312529,49.26240158081055,-123.07493591308594,3.7739,76,8.383921393522959
2026-05-23 00:00:00,2026-05-23 08:41:50.785682-07,2026-05-23 08:41:06-07,15019,6641,14926008,1,312530,49.26431655883789,-123.18216705322266,8.6414,95,22.541545129295603
2026-05-23 00:00:00,2026-05-23 08:41:50.785682-07,2026-05-23 08:41:26-07,16201,6641,14926010,1,312530,49.263248443603516,-123.11441802978516,3.757,52,26.58430116548651
2026-05-23 00:00:00,2026-05-23 08:41:50.785682-07,2026-05-23 08:41:27-07,16222,6641,14925859,0,312527,49.263065338134766,-123.10843658447266,10.4437,110,76.23886124420576
2026-05-23 00:00:00,2026-05-23 08:41:50.785682-07,2026-05-23 08:41:26-07,19026,6641,14926009,1,312530,49.26373291015625,-123.1406021118164,5.6682,69,33.48029717012851
2026-05-23 00:00:00,2026-05-23 08:41:50.785682-07,2026-05-23 08:41:32-07,19041,6641,14925860,0,312527,49.2636833190918,-123.14604949951172,7.8023,85,21.326174998274134
2026-05-23 00:00:00,2026-05-23 08:41:50.785682-07,2026-05-23 08:41:32-07,22012,6641,14925862,0,312527,49.267818450927734,-123.24735260009766,0.1448,2,60.667883120924124
2026-05-23 00:00:00,2026-05-23 08:41:50.785682-07,2026-05-23 08:41:17-07,23002,6641,14926012,1,312530,49.2633171081543,-123.06880187988281,0.0,1,77.87718289997039
2026-05-23 00:00:00,2026-05-23 08:41:50.785682-07,2026-05-23 08:41:29-07,24005,6641,14926013,1,312530,49.26286697387695,-123.06773376464844,0.3403,7,58.216114360757324
2026-05-23 00:00:00,2026-05-23 08:41:50.785682-07,2026-05-23 08:41:19-07,24007,6641,14925861,0,312527,49.26643371582031,-123.24551391601562,0.294,3,9.31871003828108
2026-05-23 00:00:00,2026-05-23 08:41:50.785682-07,2026-05-23 08:41:35-07,24013,6641,14926011,1,312529,49.26246643066406,-123.0772476196289,3.9667,79,18.784294147846442
2026-05-23 00:00:00,2026-05-23 08:42:21.351114-07,2026-05-23 08:41:35-07,15019,6641,14926008,1,312530,49.264400482177734,-123.1857681274414,8.9343,97,8.730028909626355
2026-05-23 00:00:00,2026-05-23 08:42:21.351114-07,2026-05-23 08:41:57-07,16201,6641,14926010,1,312530,49.263301849365234,-123.11540222167969,3.7677,54,36.199621927847026
2026-05-23 00:00:00,2026-05-23 08:42:21.351114-07,2026-05-23 08:41:58-07,16222,6641,14925859,0,312527,49.26303482055664,-123.10636901855469,10.6369,111,33.555421934975975
2026-05-23 00:00:00,2026-05-23 08:42:21.351114-07,2026-05-23 08:41:56-07,19026,6641,14926009,1,312530,49.26373291015625,-123.14067077636719,5.6682,69,28.969677987551545
2026-05-23 00:00:00,2026-05-23 08:42:21.351114-07,2026-05-23 08:42:07-07,19041,6641,14925860,0,312527,49.263668060302734,-123.14309692382812,7.9729,86,23.018016785460727
2026-05-23 00:00:00,2026-05-23 08:42:21.351114-07,2026-05-23 08:42:03-07,22012,6641,14925862,0,312527,49.267784118652344,-123.24736785888672,0.1448,2,60.19527492554016
2026-05-23 00:00:00,2026-05-23 08:42:21.351114-07,2026-05-23 08:41:47-07,23002,6641,14926012,1,312530,49.263301849365234,-123.06880187988281,0.0,1,78.77688315427007
2026-05-23 00:00:00,2026-05-23 08:42:21.351114-07,2026-05-23 08:42:00-07,24005,6641,14926013,1,312530,49.26286697387695,-123.06773376464844,0.3403,7,58.216114360757324
2026-05-23 00:00:00,2026-05-23 08:42:21.351114-07,2026-05-23 08:41:48-07,24007,6641,14925861,0,312527,49.26676559448242,-123.24285125732422,0.5484,8,36.198969174020654
2026-05-23 00:00:00,2026-05-23 08:42:21.351114-07,2026-05-23 08:42:06-07,24013,6641,14926011,1,312529,49.262481689453125,-123.07855224609375,3.9771,80,68.14834029930364
2026-05-23 00:00:00,2026-05-23 08:42:51.94537-07,2026-05-23 08:42:23-07,15019,6641,14926008,1,312530,49.26351547241211,-123.18620300292969,9.0331,99,22.461636347144676
2026-05-23 00:00:00,2026-05-23 08:42:51.94537-07,2026-05-23 08:42:26-07,16201,6641,14926010,1,312530,49.2633171081543,-123.11648559570312,3.9567,55,75.43056267365408
2026-05-23 00:00:00,2026-05-23 08:42:51.94537-07,2026-05-23 08:42:28-07,16222,6641,14925859,0,312527,49.2629508972168,-123.1026840209961,10.919,114,20.17844775392439
2026-05-23 00:00:00,2026-05-23 08:42:51.94537-07,2026-05-23 08:42:26-07,19026,6641,14926009,1,312530,49.26373291015625,-123.14388275146484,5.8421,71,34.9161523216072
2026-05-23 00:00:00,2026-05-23 08:42:51.94537-07,2026-05-23 08:42:37-07,19041,6641,14925860,0,312527,49.26351547241211,-123.13995361328125,8.2755,89,51.3357529458638
2026-05-23 00:00:00,2026-05-23 08:42:51.94537-07,2026-05-23 08:42:30-07,22012,6641,14925862,0,312527,49.26774978637695,-123.24738311767578,0.1448,2,59.98291134420885
2026-05-23 00:00:00,2026-05-23 08:42:51.94537-07,2026-05-23 08:42:18-07,23002,6641,14926012,1,312530,49.263301849365234,-123.06881713867188,0.0,1,77.84582507162303
2026-05-23 00:00:00,2026-05-23 08:42:51.94537-07,2026-05-23 08:42:31-07,24005,6641,14926013,1,312530,49.26286697387695,-123.06773376464844,0.3403,7,58.216114360757324
2026-05-23 00:00:00,2026-05-23 08:42:51.94537-07,2026-05-23 08:42:18-07,24007,6641,14925861,0,312527,49.266849517822266,-123.2419204711914,0.5494,9,31.057794589379643
2026-05-23 00:00:00,2026-05-23 08:42:51.94537-07,2026-05-23 08:42:37-07,24013,6641,14926011,1,312529,49.262451171875,-123.0788345336914,3.9771,80,88.15295283706256
2026-05-23 00:00:00,2026-05-23 08:43:22.519404-07,2026-05-23 08:42:52-07,15019,6641,14926008,1,312530,49.2635498046875,-123.188720703125,9.1727,100,65.8202285253393
2026-05-23 00:00:00,2026-05-23 08:43:22.519404-07,2026-05-23 08:42:56-07,16201,6641,14926010,1,312530,49.26333236694336,-123.11647033691406,3.9567,55,76.71645594657271
2026-05-23 00:00:00,2026-05-23 08:43:22.519404-07,2026-05-23 08:42:57-07,16222,6641,14925859,0,312527,49.262916564941406,-123.10134887695312,11.0585,115,22.050793311537852
2026-05-23 00:00:00,2026-05-23 08:43:22.519404-07,2026-05-23 08:42:55-07,19026,6641,14926009,1,312530,49.26374816894531,-123.14524841308594,6.0127,72,37.260153672623794
2026-05-23 00:00:00,2026-05-23 08:43:22.519404-07,2026-05-23 08:43:04-07,19041,6641,14925860,0,312527,49.26351547241211,-123.13995361328125,8.2755,89,51.3357529458638
2026-05-23 00:00:00,2026-05-23 08:43:22.519404-07,2026-05-23 08:42:30-07,22012,6641,14925862,0,312527,49.26774978637695,-123.24738311767578,0.1448,2,59.98291134420885
2026-05-23 00:00:00,2026-05-23 08:43:22.519404-07,2026-05-23 08:42:55-07,23002,6641,14926012,1,312530,49.263301849365234,-123.06880187988281,0.0,1,78.77688315427007
2026-05-23 00:00:00,2026-05-23 08:43:22.519404-07,2026-05-23 08:42:59-07,24005,6641,14926013,1,312530,49.26286697387695,-123.06773376464844,0.3403,7,58.216114360757324
2026-05-23 00:00:00,2026-05-23 08:43:22.519404-07,2026-05-23 08:42:41-07,24007,6641,14925861,0,312527,49.26691818237305,-123.24148559570312,0.6276,11,15.025889463333677
2026-05-23 00:00:00,2026-05-23 08:43:22.519404-07,2026-05-23 08:43:06-07,24013,6641,14926011,1,312529,49.26246643066406,-123.08378601074219,4.3919,83,33.78959256908001
2026-05-23 00:00:00,2026-05-23 08:43:53.311901-07,2026-05-23 08:43:22-07,15019,6641,14926008,1,312530,49.26358413696289,-123.19303131103516,9.6169,104,64.05947394390692
2026-05-23 00:00:00,2026-05-23 08:43:53.311901-07,2026-05-23 08:43:10-07,16201,6641,14926010,1,312530,49.26333236694336,-123.11651611328125,3.9567,55,73.41956602620004
2026-05-23 00:00:00,2026-05-23 08:43:53.311901-07,2026-05-23 08:43:29-07,16222,6641,14925859,0,312527,49.26283264160156,-123.09967041015625,11.1692,118,11.356248820270924
2026-05-23 00:00:00,2026-05-23 08:43:53.311901-07,2026-05-23 08:43:26-07,19026,6641,14926009,1,312530,49.26373291015625,-123.1473159790039,6.1863,73,59.947391611929014
2026-05-23 00:00:00,2026-05-23 08:43:53.311901-07,2026-05-23 08:43:30-07,19041,6641,14925860,0,312527,49.26353454589844,-123.13890075683594,8.3261,90,25.316196152220254
2026-05-23 00:00:00,2026-05-23 08:43:53.311901-07,2026-05-23 08:43:31-07,22012,6641,14925862,0,312527,49.26776885986328,-123.24736785888672,0.1448,2,59.60475645967565
2026-05-23 00:00:00,2026-05-23 08:43:53.311901-07,2026-05-23 08:43:12-07,23002,6641,14926012,1,312530,49.263301849365234,-123.06880187988281,0.0,1,78.77688315427007
2026-05-23 00:00:00,2026-05-23 08:43:53.311901-07,2026-05-23 08:43:28-07,24005,6641,14926013,1,312530,49.26286697387695,-123.06773376464844,0.3403,7,58.216114360757324
2026-05-23 00:00:00,2026-05-23 08:43:53.311901-07,2026-05-23 08:43:10-07,24007,6641,14925861,0,312527,49.265933990478516,-123.23615264892578,1.0698,24,46.8159280526423
2026-05-23 00:00:00,2026-05-23 08:43:53.311901-07,2026-05-23 08:43:35-07,24013,6641,14926011,1,312529,49.26253128051758,-123.08881378173828,4.8151,86,23.94471319373969
2026-05-23 00:00:00,2026-05-23 08:44:23.876482-07,2026-05-23 08:43:52-07,15019,6641,14926008,1,312530,49.263668060302734,-123.19840240478516,9.8395,106,103.96666925171917
2026-05-23 00:00:00,2026-05-23 08:44:23.876482-07,2026-05-23 08:43:41-07,16201,6641,14926010,1,312530,49.26336669921875,-123.11934661865234,4.1296,57,40.58353635922426
2026-05-23 00:00:00,2026-05-23 08:44:23.876482-07,2026-05-23 08:44:01-07,16222,6641,14925859,0,312527,49.26250076293945,-123.09516906738281,11.5064,126,15.80956346399205
2026-05-23 00:00:00,2026-05-23 08:44:23.876482-07,2026-05-23 08:43:56-07,19026,6641,14926009,1,312530,49.26371765136719,-123.15021514892578,6.3613,75,24.842712116179655
2026-05-23 00:00:00,2026-05-23 08:44:23.876482-07,2026-05-23 08:44:06-07,19041,6641,14925860,0,312527,49.2635498046875,-123.13825225830078,8.3261,90,22.89464114101435
2026-05-23 00:00:00,2026-05-23 08:44:23.876482-07,2026-05-23 08:44:03-07,22012,6641,14925862,0,312527,49.267784118652344,-123.24736785888672,0.1448,2,60.19527492554016
2026-05-23 00:00:00,2026-05-23 08:44:23.876482-07,2026-05-23 08:43:57-07,23002,6641,14926012,1,312530,49.26238250732422,-123.06719970703125,0.2639,6,23.695115928316106
2026-05-23 00:00:00,2026-05-23 08:44:23.876482-07,2026-05-23 08:44:00-07,24005,6641,14926013,1,312530,49.26286697387695,-123.06773376464844,0.3403,7,58.216114360757324
2026-05-23 00:00:00,2026-05-23 08:44:23.876482-07,2026-05-23 08:43:41-07,24007,6641,14925861,0,312527,49.26353454589844,-123.23069763183594,1.5238,34,9.746283398024419
2026-05-23 00:00:00,2026-05-23 08:44:23.876482-07,2026-05-23 08:43:35-07,24013,6641,14926011,1,312529,49.26253128051758,-123.08881378173828,4.8151,86,23.94471319373969
2026-05-23 00:00:00,2026-05-23 08:44:54.549212-07,2026-05-23 08:44:22-07,15019,6641,14926008,1,312530,49.26376724243164,-123.20391845703125,10.2796,111,65.82631010893282
2026-05-23 00:00:00,2026-05-23 08:44:54.549212-07,2026-05-23 08:44:11-07,16201,6641,14926010,1,312530,49.26338195800781,-123.12042999267578,4.1296,57,40.00724608390869
2026-05-23 00:00:00,2026-05-23 08:44:54.549212-07,2026-05-23 08:44:30-07,16222,6641,14925859,0,312527,49.262481689453125,-123.09249877929688,11.6486,129,36.47149851224571
2026-05-23 00:00:00,2026-05-23 08:44:54.549212-07,2026-05-23 08:44:26-07,19026,6641,14926009,1,312530,49.26376724243164,-123.15254974365234,6.4957,77,12.681469305481093
2026-05-23 00:00:00,2026-05-23 08:44:54.549212-07,2026-05-23 08:44:35-07,19041,6641,14925860,0,312527,49.26350021362305,-123.13514709472656,8.5062,92,68.59843698771405
2026-05-23 00:00:00,2026-05-23 08:44:54.549212-07,2026-05-23 08:44:31-07,22012,6641,14925862,0,312527,49.26776885986328,-123.24738311767578,0.1448,2,60.64885134512299
2026-05-23 00:00:00,2026-05-23 08:44:54.549212-07,2026-05-23 08:44:27-07,23002,6641,14926012,1,312530,49.26240158081055,-123.06873321533203,0.4039,9,10.518724729685353
2026-05-23 00:00:00,2026-05-23 08:44:54.549212-07,2026-05-23 08:44:29-07,24005,6641,14926013,1,312530,49.26286697387695,-123.06773376464844,0.3403,7,58.216114360757324
2026-05-23 00:00:00,2026-05-23 08:44:54.549212-07,2026-05-23 08:44:11-07,24007,6641,14925861,0,312527,49.263668060302734,-123.224365234375,1.5845,36,392.5216067509657
2026-05-23 00:00:00,2026-05-23 08:44:54.549212-07,2026-05-23 08:44:12-07,24013,6641,14926011,1,312529,49.26256561279297,-123.0900650024414,4.8151,86,68.12319629972522
2026-05-23 00:00:00,2026-05-23 08:45:25.270707-07,2026-05-23 08:44:51-07,15019,6641,14926008,1,312530,49.26388168334961,-123.2092514038086,10.7243,113,10.73979312436485
2026-05-23 00:00:00,2026-05-23 08:45:25.270707-07,2026-05-23 08:44:58-07,16201,6641,14926010,1,312530,49.263431549072266,-123.12266540527344,4.2697,58,62.7253310605237
2026-05-23 00:00:00,2026-05-23 08:45:25.270707-07,2026-05-23 08:44:59-07,16222,6641,14925859,0,312527,49.26238250732422,-123.0885009765625,11.9299,131,47.319517087782614
2026-05-23 00:00:00,2026-05-23 08:45:25.270707-07,2026-05-23 08:44:54-07,19026,6641,14926009,1,312530,49.2637825012207,-123.15264892578125,6.4957,77,19.144165306024533
2026-05-23 00:00:00,2026-05-23 08:45:25.270707-07,2026-05-23 08:45:10-07,19041,6641,14925860,0,312527,49.263431549072266,-123.12968444824219,9.0222,96,49.46786154821916
2026-05-23 00:00:00,2026-05-23 08:45:25.270707-07,2026-05-23 08:44:57-07,22012,6641,14925862,0,312527,49.267784118652344,-123.24738311767578,0.1448,2,61.229300677015324
2026-05-23 00:00:00,2026-05-23 08:45:25.270707-07,2026-05-23 08:44:56-07,23002,6641,14926012,1,312530,49.26241683959961,-123.06873321533203,0.4039,9,12.10657350848069
2026-05-23 00:00:00,2026-05-23 08:45:25.270707-07,2026-05-23 08:44:29-07,24005,6641,14926013,1,312530,49.26286697387695,-123.06773376464844,0.3403,7,58.216114360757324
2026-05-23 00:00:00,2026-05-23 08:45:25.270707-07,2026-05-23 08:44:41-07,24007,6641,14925861,0,312527,49.263851165771484,-123.21638488769531,2.5945,37,35.13849640819524
2026-05-23 00:00:00,2026-05-23 08:45:25.270707-07,2026-05-23 08:44:41-07,24013,6641,14926011,1,312529,49.262550354003906,-123.09407043457031,5.1349,89,39.55745752079622
2026-05-23 00:00:00,2026-05-23 08:45:55.95992-07,2026-05-23 08:45:18-07,15019,6641,14926008,1,312530,49.26390075683594,-123.21001434326172,10.7243,113,65.22252591878785
2026-05-23 00:00:00,2026-05-23 08:45:55.95992-07,2026-05-23 08:45:27-07,16201,6641,14926010,1,312530,49.26350021362305,-123.12577056884766,4.6192,60,62.450335328638566
2026-05-23 00:00:00,2026-05-23 08:45:55.95992-07,2026-05-23 08:45:14-07,16222,6641,14925859,0,312527,49.26240158081055,-123.0882339477539,11.9299,131,65.99375224724919
2026-05-23 00:00:00,2026-05-23 08:45:55.95992-07,2026-05-23 08:45:24-07,19026,6641,14926009,1,312530,49.26393127441406,-123.1544189453125,6.7076,79,64.33584432548844
2026-05-23 00:00:00,2026-05-23 08:45:55.95992-07,2026-05-23 08:45:36-07,19041,6641,14925860,0,312527,49.263431549072266,-123.12791442871094,9.0222,96,79.00301690598388
2026-05-23 00:00:00,2026-05-23 08:45:55.95992-07,2026-05-23 08:45:36-07,22012,6641,14925862,0,312527,49.26788330078125,-123.24729919433594,0.1448,2,60.737015393718735
2026-05-23 00:00:00,2026-05-23 08:45:55.95992-07,2026-05-23 08:45:26-07,23002,6641,14926012,1,312530,49.26240158081055,-123.0689468383789,0.4162,10,9.322968748237159
2026-05-23 00:00:00,2026-05-23 08:45:55.95992-07,2026-05-23 08:44:29-07,24005,6641,14926013,1,312530,49.26286697387695,-123.06773376464844,0.3403,7,58.216114360757324
2026-05-23 00:00:00,2026-05-23 08:45:55.95992-07,2026-05-23 08:45:10-07,24007,6641,14925861,0,312527,49.263851165771484,-123.2107162475586,2.8717,43,102.56394364288447
2026-05-23 00:00:00,2026-05-23 08:45:55.95992-07,2026-05-23 08:45:37-07,24013,6641,14926011,1,312529,49.262882232666016,-123.09778594970703,5.3928,95,56.765186061311276
2026-05-23 00:00:00,2026-05-23 08:46:26.538828-07,2026-05-23 08:45:49-07,15019,6641,14926008,1,312530,49.26398468017578,-123.21524810791016,11.1722,119,1.6975071170537948
2026-05-23 00:00:00,2026-05-23 08:46:26.538828-07,2026-05-23 08:46:00-07,16201,6641,14926010,1,312530,49.26348114013672,-123.12628173828125,4.6192,60,25.85994642057832
2026-05-23 00:00:00,2026-05-23 08:46:26.538828-07,2026-05-23 08:45:46-07,16222,6641,14925859,0,312527,49.26241683959961,-123.08378601074219,12.3531,134,33.77808211308458
2026-05-23 00:00:00,2026-05-23 08:46:26.538828-07,2026-05-23 08:45:49-07,19026,6641,14926009,1,312530,49.26390075683594,-123.15471649169922,6.7076,79,42.49919320457621
2026-05-23 00:00:00,2026-05-23 08:46:26.538828-07,2026-05-23 08:46:07-07,19041,6641,14925860,0,312527,49.26348114013672,-123.12726593017578,9.1958,97,47.68146220481805
2026-05-23 00:00:00,2026-05-23 08:46:26.538828-07,2026-05-23 08:45:36-07,22012,6641,14925862,0,312527,49.26788330078125,-123.24729919433594,0.1448,2,60.737015393718735
2026-05-23 00:00:00,2026-05-23 08:46:26.538828-07,2026-05-23 08:45:57-07,23002,6641,14926012,1,312530,49.26238250732422,-123.07147979736328,0.6222,14,22.72101124310485
2026-05-23 00:00:00,2026-05-23 08:46:26.538828-07,2026-05-23 08:44:29-07,24005,6641,14926013,1,312530,49.26286697387695,-123.06773376464844,0.3403,7,58.216114360757324
2026-05-23 00:00:00,2026-05-23 08:46:26.538828-07,2026-05-23 08:45:49-07,24007,6641,14925861,0,312527,49.263851165771484,-123.20806884765625,3.0906,44,76.36618119550378
2026-05-23 00:00:00,2026-05-23 08:46:26.538828-07,2026-05-23 08:46:08-07,24013,6641,14926011,1,312529,49.262916564941406,-123.1004867553711,5.6311,100,14.913725679405795
2026-05-23 00:00:00,2026-05-23 08:46:57.128448-07,2026-05-23 08:46:20-07,15019,6641,14926008,1,312530,49.26386642456055,-123.22119903564453,11.2204,120,384.5878332320947
2026-05-23 00:00:00,2026-05-23 08:46:57.128448-07,2026-05-23 08:46:29-07,16201,6641,14926010,1,312530,49.26350021362305,-123.12786865234375,4.7927,61,82.54952671048957
2026-05-23 00:00:00,2026-05-23 08:46:57.128448-07,2026-05-23 08:46:14-07,16222,6641,14925859,0,312527,49.26234817504883,-123.0781478881836,12.7679,137,38.413452462480535
2026-05-23 00:00:00,2026-05-23 08:46:57.128448-07,2026-05-23 08:46:19-07,19026,6641,14926009,1,312530,49.26393127441406,-123.15660095214844,6.8781,80,75.54918734826124
2026-05-23 00:00:00,2026-05-23 08:46:57.128448-07,2026-05-23 08:46:37-07,19041,6641,14925860,0,312527,49.263465881347656,-123.12476348876953,9.3737,98,43.9978889861558
2026-05-23 00:00:00,2026-05-23 08:46:57.128448-07,2026-05-23 08:46:07-07,22012,6641,14925862,0,312527,49.26786804199219,-123.24729919433594,0.1448,2,59.83992366617736
2026-05-23 00:00:00,2026-05-23 08:46:57.128448-07,2026-05-23 08:46:27-07,23002,6641,14926012,1,312530,49.26240158081055,-123.07343292236328,0.7576,15,16.170753453048604
2026-05-23 00:00:00,2026-05-23 08:46:57.128448-07,2026-05-23 08:44:29-07,24005,6641,14926013,1,312530,49.26286697387695,-123.06773376464844,0.3403,7,58.216114360757324
2026-05-23 00:00:00,2026-05-23 08:46:57.128448-07,2026-05-23 08:46:19-07,24007,6641,14925861,0,312527,49.2637825012207,-123.2047348022461,3.3113,45,98.34216342249876
2026-05-23 00:00:00,2026-05-23 08:46:57.128448-07,2026-05-23 08:46:37-07,24013,6641,14926011,1,312529,49.26298141479492,-123.103515625,5.8261,103,40.2779887672095
2026-05-23 00:00:00,2026-05-23 08:47:27.823602-07,2026-05-23 08:46:50-07,15019,6641,14926008,1,312530,49.26371765136719,-123.22738647460938,12.2434,121,186.0222863668937
2026-05-23 00:00:00,2026-05-23 08:47:27.823602-07,2026-05-23 08:46:59-07,16201,6641,14926010,1,312530,49.2635498046875,-123.13223266601562,4.9649,62,63.168586503158245
2026-05-23 00:00:00,2026-05-23 08:47:27.823602-07,2026-05-23 08:46:44-07,16222,6641,14925859,0,312527,49.2623176574707,-123.07772064208984,12.7679,137,10.972210583858903
2026-05-23 00:00:00,2026-05-23 08:47:27.823602-07,2026-05-23 08:46:49-07,19026,6641,14926009,1,312530,49.263999938964844,-123.16168212890625,7.2253,82,52.8500844647213
2026-05-23 00:00:00,2026-05-23 08:47:27.823602-07,2026-05-23 08:47:07-07,19041,6641,14925860,0,312527,49.26333236694336,-123.12083435058594,9.6854,100,68.28955411047161
2026-05-23 00:00:00,2026-05-23 08:47:27.823602-07,2026-05-23 08:47:06-07,22012,6641,14925862,0,312527,49.26776885986328,-123.24738311767578,0.1448,2,60.64885134512299
2026-05-23 00:00:00,2026-05-23 08:47:27.823602-07,2026-05-23 08:46:56-07,23002,6641,14926012,1,312530,49.26243209838867,-123.07611846923828,0.8986,17,39.282372321342095
2026-05-23 00:00:00,2026-05-23 08:47:27.823602-07,2026-05-23 08:44:29-07,24005,6641,14926013,1,312530,49.26286697387695,-123.06773376464844,0.3403,7,58.216114360757324
2026-05-23 00:00:00,2026-05-23 08:47:27.823602-07,2026-05-23 08:46:50-07,24007,6641,14925861,0,312527,49.26373291015625,-123.20206451416016,3.5355,47,68.68936815870651
2026-05-23 00:00:00,2026-05-23 08:47:27.823602-07,2026-05-23 08:47:07-07,24013,6641,14926011,1,312529,49.263065338134766,-123.10462951660156,5.9664,105,19.397987808974445
2026-05-23 00:00:00,2026-05-23 08:47:58.518224-07,2026-05-23 08:47:19-07,15019,6641,14926008,1,312530,49.26430130004883,-123.23323059082031,12.4906,130,10.271312821714519
2026-05-23 00:00:00,2026-05-23 08:47:58.518224-07,2026-05-23 08:47:28-07,16201,6641,14926010,1,312530,49.2635498046875,-123.13538360595703,5.3087,65,51.12596772464906
2026-05-23 00:00:00,2026-05-23 08:47:58.518224-07,2026-05-23 08:47:18-07,16222,6641,14925859,0,312527,49.262298583984375,-123.0759506225586,12.9163,140,27.962148066569206
2026-05-23 00:00:00,2026-05-23 08:47:58.518224-07,2026-05-23 08:47:19-07,19026,6641,14926009,1,312530,49.264034271240234,-123.1628189086914,7.2253,82,30.214371636100573
2026-05-23 00:00:00,2026-05-23 08:47:58.518224-07,2026-05-23 08:47:37-07,19041,6641,14925860,0,312527,49.263267517089844,-123.12031555175781,9.6854,100,30.669566404087643
2026-05-23 00:00:00,2026-05-23 08:47:58.518224-07,2026-05-23 08:47:36-07,22012,6641,14925862,0,312527,49.26776885986328,-123.24738311767578,0.1448,2,60.64885134512299
2026-05-23 00:00:00,2026-05-23 08:47:58.518224-07,2026-05-23 08:47:34-07,23002,6641,14926012,1,312530,49.26246643066406,-123.07886505126953,1.0471,20,90.4989137362516
2026-05-23 00:00:00,2026-05-23 08:47:58.518224-07,2026-05-23 08:44:29-07,24005,6641,14926013,1,312530,49.26286697387695,-123.06773376464844,0.3403,7,58.216114360757324
2026-05-23 00:00:00,2026-05-23 08:47:58.518224-07,2026-05-23 08:47:20-07,24007,6641,14925861,0,312527,49.263633728027344,-123.19544982910156,4.0712,52,14.964910216111063
2026-05-23 00:00:00,2026-05-23 08:47:58.518224-07,2026-05-23 08:47:34-07,24013,6641,14926011,1,312529,49.2630500793457,-123.1048355102539,5.9663,104,5.351463440731706
2026-05-23 00:00:00,2026-05-23 08:48:29.080774-07,2026-05-23 08:47:50-07,15019,6641,14926008,1,312530,49.26671600341797,-123.23805236816406,12.9553,139,8.93561171513141
2026-05-23 00:00:00,2026-05-23 08:48:29.080774-07,2026-05-23 08:48:00-07,16201,6641,14926010,1,312530,49.2635498046875,-123.1363296508789,5.3087,64,17.499264421969524
2026-05-23 00:00:00,2026-05-23 08:48:29.080774-07,2026-05-23 08:47:47-07,16222,6641,14925859,0,312527,49.262332916259766,-123.07234954833984,13.1927,143,40.836959212512916
2026-05-23 00:00:00,2026-05-23 08:48:29.080774-07,2026-05-23 08:47:50-07,19026,6641,14926009,1,312530,49.26413345336914,-123.16739654541016,7.644,85,55.7163683146483
2026-05-23 00:00:00,2026-05-23 08:48:29.080774-07,2026-05-23 08:48:08-07,19041,6641,14925860,0,312527,49.263248443603516,-123.11717987060547,9.8583,102,24.681787284165072
2026-05-23 00:00:00,2026-05-23 08:48:29.080774-07,2026-05-23 08:48:03-07,22012,6641,14925862,0,312527,49.26773452758789,-123.24714660644531,0.1448,2,43.23803799705309
2026-05-23 00:00:00,2026-05-23 08:48:29.080774-07,2026-05-23 08:48:05-07,23002,6641,14926012,1,312530,49.262451171875,-123.08190155029297,1.3213,22,37.23469323038791
2026-05-23 00:00:00,2026-05-23 08:48:29.080774-07,2026-05-23 08:44:29-07,24005,6641,14926013,1,312530,49.26286697387695,-123.06773376464844,0.3403,7,58.216114360757324
2026-05-23 00:00:00,2026-05-23 08:48:29.080774-07,2026-05-23 08:47:51-07,24007,6641,14925861,0,312527,49.2635498046875,-123.18931579589844,4.6423,57,108.99182898416026
2026-05-23 00:00:00,2026-05-23 08:48:29.080774-07,2026-05-23 08:48:05-07,24013,6641,14926011,1,312529,49.26313400268555,-123.10928344726562,6.3015,108,14.636019536029655
2026-05-23 00:00:00,2026-05-23 08:48:59.686437-07,2026-05-23 08:48:20-07,15019,6641,14926008,1,312530,49.26694869995117,-123.24230194091797,13.2759,148,10.889725492564184
2026-05-23 00:00:00,2026-05-23 08:48:59.686437-07,2026-05-23 08:48:30-07,16201,6641,14926010,1,312530,49.26361846923828,-123.13825225830078,5.4888,67,22.71357636214147
2026-05-23 00:00:00,2026-05-23 08:48:59.686437-07,2026-05-23 08:48:18-07,16222,6641,14925859,0,312527,49.262332916259766,-123.0699462890625,13.3378,144,11.077650997888064
2026-05-23 00:00:00,2026-05-23 08:48:59.686437-07,2026-05-23 08:48:18-07,19026,6641,14926009,1,312530,49.26411819458008,-123.16748046875,7.644,85,49.49128316650036
2026-05-23 00:00:00,2026-05-23 08:48:59.686437-07,2026-05-23 08:48:30-07,19041,6641,14925860,0,312527,49.26318359375,-123.11526489257812,10.0472,103,24.800964819970996
2026-05-23 00:00:00,2026-05-23 08:48:59.686437-07,2026-05-23 08:48:34-07,22012,6641,14925862,0,312527,49.26715087890625,-123.24791717529297,0.0,1,36.82913197014384
2026-05-23 00:00:00,2026-05-23 08:48:59.686437-07,2026-05-23 08:48:33-07,23002,6641,14926012,1,312530,49.26250076293945,-123.08646392822266,1.7432,25,52.58124340903779
2026-05-23 00:00:00,2026-05-23 08:48:59.686437-07,2026-05-23 08:44:29-07,24005,6641,14926013,1,312530,49.26286697387695,-123.06773376464844,0.3403,7,58.216114360757324
2026-05-23 00:00:00,2026-05-23 08:48:59.686437-07,2026-05-23 08:48:19-07,24007,6641,14925861,0,312527,49.26351547241211,-123.18793487548828,4.6423,57,8.985096623843877
2026-05-23 00:00:00,2026-05-23 08:48:59.686437-07,2026-05-23 08:48:34-07,24013,6641,14926011,1,312529,49.26319885253906,-123.1120834350586,6.5496,110,58.71028880554254
2026-05-23 00:00:00,2026-05-23 08:49:30.259263-07,2026-05-23 08:48:51-07,15019,6641,14926008,1,312530,49.266849517822266,-123.24299621582031,13.2769,149,39.90992063259883
2026-05-23 00:00:00,2026-05-23 08:49:30.259263-07,2026-05-23 08:49:00-07,16201,6641,14926010,1,312530,49.26359939575195,-123.13826751708984,5.4888,67,21.399978677288097
2026-05-23 00:00:00,2026-05-23 08:49:30.259263-07,2026-05-23 08:48:49-07,16222,6641,14925859,0,312527,49.26336669921875,-123.06964874267578,13.4386,148,17.672303302006178
2026-05-23 00:00:00,2026-05-23 08:49:30.259263-07,2026-05-23 08:48:50-07,19026,6641,14926009,1,312530,49.26411819458008,-123.16764831542969,7.644,85,37.371396784734024
2026-05-23 00:00:00,2026-05-23 08:49:30.259263-07,2026-05-23 08:49:01-07,19041,6641,14925860,0,312527,49.26318359375,-123.11526489257812,10.0472,103,24.800964819970996
2026-05-23 00:00:00,2026-05-23 08:49:30.259263-07,2026-05-23 08:48:50-07,22012,6641,14925862,0,312527,49.267433166503906,-123.24690246582031,0.1448,2,28.305340977593346
2026-05-23 00:00:00,2026-05-23 08:49:30.259263-07,2026-05-23 08:48:33-07,23002,6641,14926012,1,312530,49.26250076293945,-123.08646392822266,1.7432,25,52.58124340903779
2026-05-23 00:00:00,2026-05-23 08:49:30.259263-07,2026-05-23 08:44:29-07,24005,6641,14926013,1,312530,49.26286697387695,-123.06773376464844,0.3403,7,58.216114360757324
2026-05-23 00:00:00,2026-05-23 08:49:30.259263-07,2026-05-23 08:48:51-07,24007,6641,14925861,0,312527,49.26350021362305,-123.18634796142578,4.7818,58,32.72070554344303
2026-05-23 00:00:00,2026-05-23 08:49:30.259263-07,2026-05-23 08:48:34-07,24013,6641,14926011,1,312529,49.26319885253906,-123.1120834350586,6.5496,110,58.71028880554254
2026-05-23 00:00:00,2026-05-23 08:50:01.05224-07,2026-05-23 08:49:28-07,15019,6641,14926008,1,312530,49.26653289794922,-123.24503326416016,13.5001,151,30.729310371791026
2026-05-23 00:00:00,2026-05-23 08:50:01.05224-07,2026-05-23 08:49:31-07,16201,6641,14926010,1,312530,49.26371765136719,-123.14018249511719,5.6682,69,62.283332974343075
2026-05-23 00:00:00,2026-05-23 08:50:01.05224-07,2026-05-23 08:49:25-07,16222,6641,14925859,0,312527,49.26358413696289,-123.069580078125,13.4776,149,13.854555386098653
2026-05-23 00:00:00,2026-05-23 08:50:01.05224-07,2026-05-23 08:49:24-07,19026,6641,14926009,1,312530,49.26411819458008,-123.16788482666016,7.644,85,20.41403501183295
2026-05-23 00:00:00,2026-05-23 08:50:01.05224-07,2026-05-23 08:49:36-07,19041,6641,14925860,0,312527,49.26316833496094,-123.11436462402344,10.058,105,30.257309690741312
2026-05-23 00:00:00,2026-05-23 08:50:01.05224-07,2026-05-23 08:49:20-07,22012,6641,14925862,0,312527,49.2675666809082,-123.24673461914062,0.1448,2,10.500499703754283
2026-05-23 00:00:00,2026-05-23 08:50:01.05224-07,2026-05-23 08:49:37-07,23002,6641,14926012,1,312530,49.26256561279297,-123.09024810791016,2.024,27,58.36281767081916
2026-05-23 00:00:00,2026-05-23 08:50:01.05224-07,2026-05-23 08:44:29-07,24005,6641,14926013,1,312530,49.26286697387695,-123.06773376464844,0.3403,7,58.216114360757324
2026-05-23 00:00:00,2026-05-23 08:50:01.05224-07,2026-05-23 08:49:21-07,24007,6641,14925861,0,312527,49.2641487121582,-123.18583679199219,4.8328,59,23.61312336951359
2026-05-23 00:00:00,2026-05-23 08:50:01.05224-07,2026-05-23 08:49:35-07,24013,6641,14926011,1,312529,49.263282775878906,-123.11492919921875,6.6978,114,8.43140128056323
2026-05-23 00:00:00,2026-05-23 08:50:32.199315-07,2026-05-23 08:49:56-07,15019,6641,14926008,1,312530,49.26653289794922,-123.24551391601562,13.5001,151,9.321265199061811
2026-05-23 00:00:00,2026-05-23 08:50:32.199315-07,2026-05-23 08:50:20-07,16201,6641,14926010,1,312530,49.26373291015625,-123.14411926269531,5.8421,71,51.78013796613532
2026-05-23 00:00:00,2026-05-23 08:50:32.199315-07,2026-05-23 08:50:13-07,16222,6641,14926015,1,312530,49.2634162902832,-123.06908416748047,0.0,1,54.66469414001691
2026-05-23 00:00:00,2026-05-23 08:50:32.199315-07,2026-05-23 08:49:53-07,19026,6641,14926009,1,312530,49.2641487121582,-123.1718521118164,7.9278,88,14.964409583933527
2026-05-23 00:00:00,2026-05-23 08:50:32.199315-07,2026-05-23 08:50:21-07,19041,6641,14925860,0,312527,49.26316833496094,-123.11436462402344,10.058,105,30.257309690741312
2026-05-23 00:00:00,2026-05-23 08:50:32.199315-07,2026-05-23 08:50:20-07,22012,6641,14925862,0,312527,49.266849517822266,-123.24189758300781,0.5494,9,32.69455980628414
2026-05-23 00:00:00,2026-05-23 08:50:32.199315-07,2026-05-23 08:50:09-07,23002,6641,14926012,1,312530,49.26256561279297,-123.09490203857422,2.3085,30,6.325229659592295
2026-05-23 00:00:00,2026-05-23 08:50:32.199315-07,2026-05-23 08:44:29-07,24005,6641,14926013,1,312530,49.26286697387695,-123.06773376464844,0.3403,7,58.216114360757324
2026-05-23 00:00:00,2026-05-23 08:50:32.199315-07,2026-05-23 08:50:20-07,24007,6641,14925861,0,312527,49.26431655883789,-123.18468475341797,5.0332,61,65.3241434773105
2026-05-23 00:00:00,2026-05-23 08:50:32.199315-07,2026-05-23 08:50:04-07,24013,6641,14926011,1,312529,49.2633171081543,-123.11650085449219,6.8867,115,74.32883528603996
2026-05-23 00:00:00,2026-05-23 08:51:02.820075-07,2026-05-23 08:50:28-07,15019,6641,14926008,1,312530,49.26890182495117,-123.24752044677734,13.8156,160,3.4516467044279477
2026-05-23 00:00:00,2026-05-23 08:51:02.820075-07,2026-05-23 08:50:20-07,16201,6641,14926010,1,312530,49.26373291015625,-123.14411926269531,5.8421,71,51.78013796613532
2026-05-23 00:00:00,2026-05-23 08:51:02.820075-07,2026-05-23 08:50:45-07,16222,6641,14926015,1,312530,49.263431549072266,-123.06909942626953,0.0,1,52.820506636680264
2026-05-23 00:00:00,2026-05-23 08:51:02.820075-07,2026-05-23 08:50:52-07,19026,6641,14926009,1,312530,49.26430130004883,-123.18070220947266,8.4936,94,63.602743511645805
2026-05-23 00:00:00,2026-05-23 08:51:02.820075-07,2026-05-23 08:50:51-07,19041,6641,14925860,0,312527,49.26321792602539,-123.11326599121094,10.1954,107,27.4640712726241
2026-05-23 00:00:00,2026-05-23 08:51:02.820075-07,2026-05-23 08:50:47-07,22012,6641,14925862,0,312527,49.266849517822266,-123.2419204711914,0.5494,9,31.057794589379643
2026-05-23 00:00:00,2026-05-23 08:51:02.820075-07,2026-05-23 08:50:40-07,23002,6641,14926012,1,312530,49.262882232666016,-123.09771728515625,2.4628,35,51.882455514094225
2026-05-23 00:00:00,2026-05-23 08:51:02.820075-07,2026-05-23 08:44:29-07,24005,6641,14926013,1,312530,49.26286697387695,-123.06773376464844,0.3403,7,58.216114360757324
2026-05-23 00:00:00,2026-05-23 08:51:02.820075-07,2026-05-23 08:50:28-07,24007,6641,14925861,0,312527,49.26435089111328,-123.18421936035156,5.0332,61,31.56172970359376
2026-05-23 00:00:00,2026-05-23 08:51:02.820075-07,2026-05-23 08:50:36-07,24013,6641,14926011,1,312529,49.2633171081543,-123.11650085449219,6.8867,115,74.32883528603996
2026-05-23 00:00:00,2026-05-23 08:51:33.429517-07,2026-05-23 08:50:28-07,15019,6641,14926008,1,312530,49.26890182495117,-123.24752044677734,13.8156,160,3.4516467044279477
2026-05-23 00:00:00,2026-05-23 08:51:33.429517-07,2026-05-23 08:51:17-07,16201,6641,14926010,1,312530,49.26369857788086,-123.14956665039062,6.3613,75,71.45190377607933
2026-05-23 00:00:00,2026-05-23 08:51:33.429517-07,2026-05-23 08:51:13-07,16222,6641,14926015,1,312530,49.2634162902832,-123.0691146850586,0.0,1,52.81811422714661
2026-05-23 00:00:00,2026-05-23 08:51:33.429517-07,2026-05-23 08:51:23-07,19026,6641,14926009,1,312530,49.26435089111328,-123.18541717529297,8.9343,97,33.57843113168716
2026-05-23 00:00:00,2026-05-23 08:51:33.429517-07,2026-05-23 08:51:26-07,19041,6641,14925860,0,312527,49.26319885253906,-123.11248016357422,10.1954,107,29.95800669544576
2026-05-23 00:00:00,2026-05-23 08:51:33.429517-07,2026-05-23 08:51:05-07,22012,6641,14925862,0,312527,49.26689910888672,-123.24156951904297,0.6275,10,21.008184435675307
2026-05-23 00:00:00,2026-05-23 08:51:33.429517-07,2026-05-23 08:50:51-07,23002,6641,14926012,1,312530,49.26286697387695,-123.09774780273438,2.4628,35,53.736641742065395
2026-05-23 00:00:00,2026-05-23 08:51:33.429517-07,2026-05-23 08:44:29-07,24005,6641,14926013,1,312530,49.26286697387695,-123.06773376464844,0.3403,7,58.216114360757324
2026-05-23 00:00:00,2026-05-23 08:51:33.429517-07,2026-05-23 08:50:57-07,24007,6641,14925861,0,312527,49.264251708984375,-123.17861938476562,5.4691,65,59.630790337858095
2026-05-23 00:00:00,2026-05-23 08:51:33.429517-07,2026-05-23 08:51:18-07,24013,6641,14926011,1,312529,49.2633171081543,-123.11654663085938,6.8867,115,71.02468171966353
2026-05-23 00:00:00,2026-05-23 08:52:04.137996-07,2026-05-23 08:50:28-07,15019,6641,14926008,1,312530,49.26890182495117,-123.24752044677734,13.8156,160,3.4516467044279477
2026-05-23 00:00:00,2026-05-23 08:52:04.137996-07,2026-05-23 08:51:48-07,16201,6641,14926010,1,312530,49.26376724243164,-123.15254974365234,6.4957,77,12.681469305481093
2026-05-23 00:00:00,2026-05-23 08:52:04.137996-07,2026-05-23 08:51:43-07,16222,6641,14926015,1,312530,49.263431549072266,-123.06909942626953,0.0,1,52.820506636680264
2026-05-23 00:00:00,2026-05-23 08:52:04.137996-07,2026-05-23 08:51:53-07,19026,6641,14926009,1,312530,49.26374816894531,-123.18596649169922,8.9822,98,21.97054454487044
2026-05-23 00:00:00,2026-05-23 08:52:04.137996-07,2026-05-23 08:51:51-07,19041,6641,14925860,0,312527,49.263065338134766,-123.10908508300781,10.4437,110,29.555730550274077
2026-05-23 00:00:00,2026-05-23 08:52:04.137996-07,2026-05-23 08:51:36-07,22012,6641,14925862,0,312527,49.26599884033203,-123.23628234863281,1.0698,24,58.62519702212876
2026-05-23 00:00:00,2026-05-23 08:52:04.137996-07,2026-05-23 08:51:21-07,23002,6641,14926012,1,312530,49.26293182373047,-123.10134887695312,2.7564,42,22.12078874413874
2026-05-23 00:00:00,2026-05-23 08:52:04.137996-07,2026-05-23 08:51:50-07,24005,6641,14926013,1,312530,49.262481689453125,-123.06684875488281,0.2471,4,2.117166462133465
2026-05-23 00:00:00,2026-05-23 08:52:04.137996-07,2026-05-23 08:51:26-07,24007,6641,14925861,0,312527,49.26413345336914,-123.17261505126953,5.8872,69,40.429901363814324
2026-05-23 00:00:00,2026-05-23 08:52:04.137996-07,2026-05-23 08:51:48-07,24013,6641,14926011,1,312529,49.26335144042969,-123.11904907226562,7.0596,117,61.70387501846372
2026-05-23 00:00:00,2026-05-23 08:52:34.720731-07,2026-05-23 08:50:28-07,15019,6641,14926008,1,312530,49.26890182495117,-123.24752044677734,13.8156,160,3.4516467044279477
2026-05-23 00:00:00,2026-05-23 08:52:34.720731-07,2026-05-23 08:51:48-07,16201,6641,14926010,1,312530,49.26376724243164,-123.15254974365234,6.4957,77,12.681469305481093
2026-05-23 00:00:00,2026-05-23 08:52:34.720731-07,2026-05-23 08:52:14-07,16222,6641,14926015,1,312530,49.2634162902832,-123.06909942626953,0.0,1,53.73792908202715
2026-05-23 00:00:00,2026-05-23 08:52:34.720731-07,2026-05-23 08:52:10-07,19026,6641,14926009,1,312530,49.26351547241211,-123.18609619140625,9.0331,99,14.883575929876988
2026-05-23 00:00:00,2026-05-23 08:52:34.720731-07,2026-05-23 08:52:21-07,19035,6641,14926014,1,312529,49.27311706542969,-123.02120208740234,0.0,1,907.4826815239579
2026-05-23 00:00:00,2026-05-23 08:52:34.720731-07,2026-05-23 08:52:21-07,19041,6641,14925860,0,312527,49.26298141479492,-123.10459899902344,10.7786,112,21.067425510159033
2026-05-23 00:00:00,2026-05-23 08:52:34.720731-07,2026-05-23 08:52:06-07,22012,6641,14925862,0,312527,49.2635498046875,-123.23100280761719,1.4723,32,21.44796570360367
2026-05-23 00:00:00,2026-05-23 08:52:34.720731-07,2026-05-23 08:52:14-07,23002,6641,14926012,1,312530,49.2630500793457,-123.1048812866211,3.0362,44,3.9156115301017564
2026-05-23 00:00:00,2026-05-23 08:52:34.720731-07,2026-05-23 08:51:50-07,24005,6641,14926013,1,312530,49.262481689453125,-123.06684875488281,0.2471,4,2.117166462133465
2026-05-23 00:00:00,2026-05-23 08:52:34.720731-07,2026-05-23 08:51:57-07,24007,6641,14925861,0,312527,49.2640495300293,-123.16858673095703,6.171,72,31.14964067093857
2026-05-23 00:00:00,2026-05-23 08:52:34.720731-07,2026-05-23 08:52:17-07,24013,6641,14926011,1,312529,49.26335144042969,-123.1198501586914,7.0596,117,7.069258717448647
2026-05-23 00:00:00,2026-05-23 08:53:05.299513-07,2026-05-23 08:50:28-07,15019,6641,14926008,1,312530,49.26890182495117,-123.24752044677734,13.8156,160,3.4516467044279477
2026-05-23 00:00:00,2026-05-23 08:53:05.299513-07,2026-05-23 08:52:20-07,16201,6641,14926010,1,312530,49.26376724243164,-123.15267944335938,6.5357,78,19.69094940489466
2026-05-23 00:00:00,2026-05-23 08:53:05.299513-07,2026-05-23 08:52:44-07,16222,6641,14926015,1,312530,49.2634162902832,-123.0691146850586,0.0,1,52.81811422714661
2026-05-23 00:00:00,2026-05-23 08:53:05.299513-07,2026-05-23 08:52:40-07,19026,6641,14926009,1,312530,49.26351547241211,-123.19053649902344,9.393,101,23.09457577500996
2026-05-23 00:00:00,2026-05-23 08:53:05.299513-07,2026-05-23 08:52:21-07,19035,6641,14926014,1,312529,49.27311706542969,-123.02120208740234,0.0,1,907.4826815239579
2026-05-23 00:00:00,2026-05-23 08:53:05.299513-07,2026-05-23 08:52:51-07,19041,6641,14925860,0,312527,49.26286697387695,-123.10076904296875,11.07,116,9.763379135801092
2026-05-23 00:00:00,2026-05-23 08:53:05.299513-07,2026-05-23 08:52:36-07,22012,6641,14925862,0,312527,49.263648986816406,-123.22450256347656,1.5845,36,382.4675908874495
2026-05-23 00:00:00,2026-05-23 08:53:05.299513-07,2026-05-23 08:52:44-07,23002,6641,14926012,1,312530,49.26316833496094,-123.10980224609375,3.3714,48,23.710468055029217
2026-05-23 00:00:00,2026-05-23 08:53:05.299513-07,2026-05-23 08:52:50-07,24005,6641,14926013,1,312530,49.26240158081055,-123.06873321533203,0.4039,9,10.518724729685353
2026-05-23 00:00:00,2026-05-23 08:53:05.299513-07,2026-05-23 08:52:27-07,24007,6641,14925861,0,312527,49.264034271240234,-123.1684799194336,6.171,72,23.764641550357837
2026-05-23 00:00:00,2026-05-23 08:53:05.299513-07,2026-05-23 08:52:48-07,24013,6641,14926011,1,312529,49.26336669921875,-123.12232971191406,7.1997,118,37.46905363534592
2026-05-23 00:00:00,2026-05-23 08:53:35.852894-07,2026-05-23 08:50:28-07,15019,6641,14926008,1,312530,49.26890182495117,-123.24752044677734,13.8156,160,3.4516467044279477
2026-05-23 00:00:00,2026-05-23 08:53:35.852894-07,2026-05-23 08:53:16-07,16201,6641,14926010,1,312530,49.26388168334961,-123.15464782714844,6.7076,79,47.30710938894258
2026-05-23 00:00:00,2026-05-23 08:53:35.852894-07,2026-05-23 08:53:14-07,16222,6641,14926015,1,312530,49.2634162902832,-123.06909942626953,0.0,1,53.73792908202715
2026-05-23 00:00:00,2026-05-23 08:53:35.852894-07,2026-05-23 08:53:10-07,19026,6641,14926009,1,312530,49.263633728027344,-123.19581604003906,9.7438,105,11.618766956939918
2026-05-23 00:00:00,2026-05-23 08:53:35.852894-07,2026-05-23 08:53:21-07,19035,6641,14926014,1,312529,49.269615173339844,-123.02375030517578,0.0,1,484.50329424233536
2026-05-23 00:00:00,2026-05-23 08:53:35.852894-07,2026-05-23 08:53:16-07,19041,6641,14925860,0,312527,49.26279830932617,-123.09988403320312,11.1692,118,27.242104202119766
2026-05-23 00:00:00,2026-05-23 08:53:35.852894-07,2026-05-23 08:53:06-07,22012,6641,14925862,0,312527,49.26380157470703,-123.21820068359375,2.5945,37,166.92440187559356
2026-05-23 00:00:00,2026-05-23 08:53:35.852894-07,2026-05-23 08:53:13-07,23002,6641,14926012,1,312530,49.26323318481445,-123.11378479003906,3.6196,50,65.0539195453241
2026-05-23 00:00:00,2026-05-23 08:53:35.852894-07,2026-05-23 08:53:14-07,24005,6641,14926013,1,312530,49.26240158081055,-123.06891632080078,0.4162,10,9.751294343053969
2026-05-23 00:00:00,2026-05-23 08:53:35.852894-07,2026-05-23 08:53:12-07,24007,6641,14925861,0,312527,49.2640495300293,-123.16705322265625,6.2929,73,41.15936220913075
2026-05-23 00:00:00,2026-05-23 08:53:35.852894-07,2026-05-23 08:53:16-07,24013,6641,14926011,1,312529,49.26340103149414,-123.1226806640625,7.1997,118,63.22005244416167
2026-05-23 00:00:00,2026-05-23 08:54:06.543575-07,2026-05-23 08:50:28-07,15019,6641,14926008,1,312530,49.26890182495117,-123.24752044677734,13.8156,160,3.4516467044279477
2026-05-23 00:00:00,2026-05-23 08:54:06.543575-07,2026-05-23 08:53:47-07,16201,6641,14926010,1,312530,49.263916015625,-123.1550521850586,6.7076,79,18.925632780785683
2026-05-23 00:00:00,2026-05-23 08:54:06.543575-07,2026-05-23 08:53:44-07,16222,6641,14926015,1,312530,49.2634162902832,-123.06908416748047,0.0,1,54.66469414001691
2026-05-23 00:00:00,2026-05-23 08:54:06.543575-07,2026-05-23 08:53:40-07,19026,6641,14926009,1,312530,49.26371765136719,-123.20113372802734,10.0671,109,75.40218166486336
2026-05-23 00:00:00,2026-05-23 08:54:06.543575-07,2026-05-23 08:53:52-07,19035,6641,14926014,1,312529,49.26776885986328,-123.02375030517578,0.0,1,284.7142410382114
2026-05-23 00:00:00,2026-05-23 08:54:06.543575-07,2026-05-23 08:53:52-07,19041,6641,14925860,0,312527,49.26279830932617,-123.09918212890625,11.2087,120,15.567447070341245
2026-05-23 00:00:00,2026-05-23 08:54:06.543575-07,2026-05-23 08:53:37-07,22012,6641,14925862,0,312527,49.26388168334961,-123.21234893798828,2.8717,43,15.96049367653846
2026-05-23 00:00:00,2026-05-23 08:54:06.543575-07,2026-05-23 08:53:44-07,23002,6641,14926012,1,312530,49.263248443603516,-123.11431884765625,3.757,52,33.682499147638985
2026-05-23 00:00:00,2026-05-23 08:54:06.543575-07,2026-05-23 08:53:43-07,24005,6641,14926013,1,312530,49.26238250732422,-123.07061767578125,0.4772,13,60.099727101434055
2026-05-23 00:00:00,2026-05-23 08:54:06.543575-07,2026-05-23 08:53:42-07,24007,6641,14925861,0,312527,49.26393127441406,-123.16201782226562,6.5897,75,29.03303099751404
2026-05-23 00:00:00,2026-05-23 08:54:06.543575-07,2026-05-23 08:53:46-07,24013,6641,14926011,1,312529,49.263450622558594,-123.12408447265625,7.3713,119,11.336461557490907
2026-05-23 00:00:00,2026-05-23 08:54:37.110458-07,2026-05-23 08:50:28-07,15019,6641,14926008,1,312530,49.26890182495117,-123.24752044677734,13.8156,160,3.4516467044279477
2026-05-23 00:00:00,2026-05-23 08:54:37.110458-07,2026-05-23 08:54:17-07,16201,6641,14926010,1,312530,49.26398468017578,-123.1594467163086,7.0508,81,41.390522943872405
2026-05-23 00:00:00,2026-05-23 08:54:37.110458-07,2026-05-23 08:54:14-07,16222,6641,14926015,1,312530,49.263431549072266,-123.06908416748047,0.0,1,53.7630882082364
2026-05-23 00:00:00,2026-05-23 08:54:37.110458-07,2026-05-23 08:54:10-07,19026,6641,14926009,1,312530,49.26380157470703,-123.20643615722656,10.5037,112,25.145813555371177
2026-05-23 00:00:00,2026-05-23 08:54:37.110458-07,2026-05-23 08:54:22-07,19035,6641,14926014,1,312529,49.26504898071289,-123.02581787109375,0.0814,3,9.987177702712142
2026-05-23 00:00:00,2026-05-23 08:54:37.110458-07,2026-05-23 08:54:22-07,19041,6641,14925860,0,312527,49.262481689453125,-123.09486389160156,11.5065,127,7.621694768695152
2026-05-23 00:00:00,2026-05-23 08:54:37.110458-07,2026-05-23 08:54:06-07,22012,6641,14925862,0,312527,49.263816833496094,-123.2086181640625,3.0906,44,36.54959511713793
2026-05-23 00:00:00,2026-05-23 08:54:37.110458-07,2026-05-23 08:54:14-07,23002,6641,14926012,1,312530,49.26333236694336,-123.11648559570312,3.9567,55,75.61725118205305
2026-05-23 00:00:00,2026-05-23 08:54:37.110458-07,2026-05-23 08:54:14-07,24005,6641,14926013,1,312530,49.262451171875,-123.0767822265625,0.9818,18,8.316432403014637
2026-05-23 00:00:00,2026-05-23 08:54:37.110458-07,2026-05-23 08:54:12-07,24007,6641,14925861,0,312527,49.263832092285156,-123.15628051757812,7.1074,78,71.29456826794413
2026-05-23 00:00:00,2026-05-23 08:54:37.110458-07,2026-05-23 08:54:16-07,24013,6641,14926011,1,312529,49.26348114013672,-123.12506866455078,7.3713,119,65.9855540662021
2026-05-23 00:00:00,2026-05-23 08:55:07.697635-07,2026-05-23 08:50:28-07,15019,6641,14926008,1,312530,49.26890182495117,-123.24752044677734,13.8156,160,3.4516467044279477
2026-05-23 00:00:00,2026-05-23 08:55:07.697635-07,2026-05-23 08:54:47-07,16201,6641,14926010,1,312530,49.264015197753906,-123.16210174560547,7.2253,82,22.65257589064453
2026-05-23 00:00:00,2026-05-23 08:55:07.697635-07,2026-05-23 08:54:45-07,16222,6641,14926015,1,312530,49.2634162902832,-123.06908416748047,0.0,1,54.66469414001691
2026-05-23 00:00:00,2026-05-23 08:55:07.697635-07,2026-05-23 08:54:40-07,19026,6641,14926009,1,312530,49.26386642456055,-123.2096176147461,10.7243,113,36.19441066468869
2026-05-23 00:00:00,2026-05-23 08:55:07.697635-07,2026-05-23 08:54:50-07,19035,6641,14926014,1,312529,49.263633728027344,-123.02833557128906,0.3335,13,19.696327463340513
2026-05-23 00:00:00,2026-05-23 08:55:07.697635-07,2026-05-23 08:54:52-07,19041,6641,14925860,0,312527,49.26246643066406,-123.09339904785156,11.6101,128,10.551348910266135
2026-05-23 00:00:00,2026-05-23 08:55:07.697635-07,2026-05-23 08:54:24-07,22012,6641,14925862,0,312527,49.263832092285156,-123.20819854736328,3.0906,44,66.93755463739869
2026-05-23 00:00:00,2026-05-23 08:55:07.697635-07,2026-05-23 08:54:45-07,23002,6641,14926012,1,312530,49.26335144042969,-123.11650085449219,3.9567,55,74.80855548267999
2026-05-23 00:00:00,2026-05-23 08:55:07.697635-07,2026-05-23 08:54:45-07,24005,6641,14926013,1,312530,49.26246643066406,-123.0772476196289,1.0367,19,18.784294147846442
2026-05-23 00:00:00,2026-05-23 08:55:07.697635-07,2026-05-23 08:54:42-07,24007,6641,14925861,0,312527,49.26380157470703,-123.15556335449219,7.1074,78,20.28861841009009
2026-05-23 00:00:00,2026-05-23 08:55:07.697635-07,2026-05-23 08:54:46-07,24013,6641,14926011,1,312529,49.26348114013672,-123.12850189208984,7.7228,121,36.596049447927044
2026-05-23 00:00:00,2026-05-23 08:55:38.313787-07,2026-05-23 08:50:28-07,15019,6641,14926008,1,312530,49.26890182495117,-123.24752044677734,13.8156,160,3.4516467044279477
2026-05-23 00:00:00,2026-05-23 08:55:38.313787-07,2026-05-23 08:55:17-07,16201,6641,14926010,1,312530,49.264068603515625,-123.16566467285156,7.5221,84,59.63376960697041
2026-05-23 00:00:00,2026-05-23 08:55:38.313787-07,2026-05-23 08:55:13-07,16222,6641,14926015,1,312530,49.2634162902832,-123.06908416748047,0.0,1,54.66469414001691
2026-05-23 00:00:00,2026-05-23 08:55:38.313787-07,2026-05-23 08:55:01-07,19026,6641,14926009,1,312530,49.26386642456055,-123.21006774902344,10.7243,113,68.78239281787222
2026-05-23 00:00:00,2026-05-23 08:55:38.313787-07,2026-05-23 08:55:22-07,19035,6641,14926014,1,312529,49.261966705322266,-123.03230285644531,0.6403,19,31.45826860656396
2026-05-23 00:00:00,2026-05-23 08:55:38.313787-07,2026-05-23 08:55:19-07,19041,6641,14925860,0,312527,49.26240158081055,-123.08989715576172,11.9299,131,56.024295680710985
2026-05-23 00:00:00,2026-05-23 08:55:38.313787-07,2026-05-23 08:55:21-07,22012,6641,14925862,0,312527,49.263648986816406,-123.19731903076172,3.9755,51,25.327859017365018
2026-05-23 00:00:00,2026-05-23 08:55:38.313787-07,2026-05-23 08:55:13-07,23002,6641,14926012,1,312530,49.26335144042969,-123.11648559570312,3.9567,55,75.90331935361007
2026-05-23 00:00:00,2026-05-23 08:55:38.313787-07,2026-05-23 08:55:13-07,24005,6641,14926013,1,312530,49.26246643066406,-123.0772476196289,1.0367,19,18.784294147846442
2026-05-23 00:00:00,2026-05-23 08:55:38.313787-07,2026-05-23 08:55:17-07,24007,6641,14925861,0,312527,49.2637825012207,-123.15458679199219,7.1074,78,52.41207100803077
2026-05-23 00:00:00,2026-05-23 08:55:38.313787-07,2026-05-23 08:55:16-07,24013,6641,14926011,1,312529,49.26351547241211,-123.13159942626953,7.895,122,17.153919500633734
2026-05-23 00:00:00,2026-05-23 08:56:09.115278-07,2026-05-23 08:50:28-07,15019,6641,14926008,1,312530,49.26890182495117,-123.24752044677734,13.8156,160,3.4516467044279477
2026-05-23 00:00:00,2026-05-23 08:56:09.115278-07,2026-05-23 08:55:47-07,16201,6641,14926010,1,312530,49.26411819458008,-123.1675033569336,7.644,85,47.83679034664085
2026-05-23 00:00:00,2026-05-23 08:56:09.115278-07,2026-05-23 08:55:44-07,16222,6641,14926015,1,312530,49.263431549072266,-123.06908416748047,0.0,1,53.7630882082364
2026-05-23 00:00:00,2026-05-23 08:56:09.115278-07,2026-05-23 08:55:30-07,19026,6641,14926009,1,312530,49.26393127441406,-123.2150650024414,11.1602,118,7.344268996420649
2026-05-23 00:00:00,2026-05-23 08:56:09.115278-07,2026-05-23 08:55:53-07,19035,6641,14926014,1,312529,49.26198196411133,-123.03338623046875,0.7467,22,11.6839718204682
2026-05-23 00:00:00,2026-05-23 08:56:09.115278-07,2026-05-23 08:55:50-07,19041,6641,14925860,0,312527,49.26238250732422,-123.08938598632812,11.9299,131,21.309653977925176
2026-05-23 00:00:00,2026-05-23 08:56:09.115278-07,2026-05-23 08:55:52-07,22012,6641,14925862,0,312527,49.2635498046875,-123.19100189208984,4.4218,55,12.11786011909015
2026-05-23 00:00:00,2026-05-23 08:56:09.115278-07,2026-05-23 08:55:44-07,23002,6641,14926012,1,312530,49.26333236694336,-123.11650085449219,3.9567,55,74.51828431374683
2026-05-23 00:00:00,2026-05-23 08:56:09.115278-07,2026-05-23 08:55:44-07,24005,6641,14926013,1,312530,49.262481689453125,-123.0785140991211,1.0471,20,65.41055857237616
2026-05-23 00:00:00,2026-05-23 08:56:09.115278-07,2026-05-23 08:55:47-07,24007,6641,14925861,0,312527,49.26374816894531,-123.15321350097656,7.2793,79,21.56931422569414
2026-05-23 00:00:00,2026-05-23 08:56:09.115278-07,2026-05-23 08:55:47-07,24013,6641,14926011,1,312529,49.26356887817383,-123.13508605957031,8.2388,125,72.71113469877498
2026-05-23 00:00:00,2026-05-23 08:56:39.676574-07,2026-05-23 08:50:28-07,15019,6641,14926008,1,312530,49.26890182495117,-123.24752044677734,13.8156,160,3.4516467044279477
2026-05-23 00:00:00,2026-05-23 08:56:39.676574-07,2026-05-23 08:56:18-07,16201,6641,14926010,1,312530,49.26411819458008,-123.1675033569336,7.644,85,47.83679034664085
2026-05-23 00:00:00,2026-05-23 08:56:39.676574-07,2026-05-23 08:56:15-07,16222,6641,14926015,1,312530,49.263431549072266,-123.06908416748047,0.0,1,53.7630882082364
2026-05-23 00:00:00,2026-05-23 08:56:39.676574-07,2026-05-23 08:56:02-07,19026,6641,14926009,1,312530,49.263851165771484,-123.22015380859375,11.2204,120,308.87251861206937
2026-05-23 00:00:00,2026-05-23 08:56:39.676574-07,2026-05-23 08:56:21-07,19035,6641,14926014,1,312529,49.26198196411133,-123.03378295898438,0.779,25,9.391172168344783
2026-05-23 00:00:00,2026-05-23 08:56:39.676574-07,2026-05-23 08:56:20-07,19041,6641,14925860,0,312527,49.26240158081055,-123.0885009765625,11.9299,131,46.869042753979976
2026-05-23 00:00:00,2026-05-23 08:56:39.676574-07,2026-05-23 08:55:55-07,22012,6641,14925862,0,312527,49.2635498046875,-123.19100189208984,4.4218,55,12.11786011909015
2026-05-23 00:00:00,2026-05-23 08:56:39.676574-07,2026-05-23 08:56:15-07,23002,6641,14926012,1,312530,49.26333236694336,-123.11648559570312,3.9567,55,75.61725118205305
2026-05-23 00:00:00,2026-05-23 08:56:39.676574-07,2026-05-23 08:56:03-07,24005,6641,14926013,1,312530,49.26246643066406,-123.07901763916016,1.2424,21,93.73744368935465
2026-05-23 00:00:00,2026-05-23 08:56:39.676574-07,2026-05-23 08:56:16-07,24007,6641,14925861,0,312527,49.2636833190918,-123.14893341064453,7.6286,84,57.79695910208265
2026-05-23 00:00:00,2026-05-23 08:56:39.676574-07,2026-05-23 08:56:17-07,24013,6641,14926011,1,312529,49.26350021362305,-123.13580322265625,8.2388,125,21.70751815319794
2026-05-23 00:00:00,2026-05-23 08:57:10.266589-07,2026-05-23 08:50:28-07,15019,6641,14926008,1,312530,49.26890182495117,-123.24752044677734,13.8156,160,3.4516467044279477
2026-05-23 00:00:00,2026-05-23 08:57:10.266589-07,2026-05-23 08:56:47-07,16201,6641,14926010,1,312530,49.26411819458008,-123.16761779785156,7.644,85,39.57229295031893
2026-05-23 00:00:00,2026-05-23 08:57:10.266589-07,2026-05-23 08:56:42-07,16222,6641,14926015,1,312530,49.2634162902832,-123.06909942626953,0.0,1,53.73792908202715
2026-05-23 00:00:00,2026-05-23 08:57:10.266589-07,2026-05-23 08:56:31-07,19026,6641,14926009,1,312530,49.26373291015625,-123.2253189086914,12.2434,121,336.0031205312418
2026-05-23 00:00:00,2026-05-23 08:57:10.266589-07,2026-05-23 08:56:50-07,19035,6641,14926014,1,312529,49.26198196411133,-123.03428649902344,0.7961,27,22.591845504055907
2026-05-23 00:00:00,2026-05-23 08:57:10.266589-07,2026-05-23 08:56:50-07,19041,6641,14925860,0,312527,49.26243209838867,-123.08820343017578,11.9299,131,67.8269533705358
2026-05-23 00:00:00,2026-05-23 08:57:10.266589-07,2026-05-23 08:56:24-07,22012,6641,14925862,0,312527,49.26350021362305,-123.18616485595703,4.7818,58,19.48156765807525
2026-05-23 00:00:00,2026-05-23 08:57:10.266589-07,2026-05-23 08:56:43-07,23002,6641,14926012,1,312530,49.26335144042969,-123.11650085449219,3.9567,55,74.80855548267999
2026-05-23 00:00:00,2026-05-23 08:57:10.266589-07,2026-05-23 08:56:32-07,24005,6641,14926013,1,312530,49.26246643066406,-123.08474731445312,1.6033,24,37.58388183409317
2026-05-23 00:00:00,2026-05-23 08:57:10.266589-07,2026-05-23 08:56:46-07,24007,6641,14925861,0,312527,49.2636833190918,-123.1461181640625,7.8023,85,26.289499258224584
2026-05-23 00:00:00,2026-05-23 08:57:10.266589-07,2026-05-23 08:56:46-07,24013,6641,14926011,1,312529,49.26353454589844,-123.1369857788086,8.3677,126,63.574302580385584
2026-05-23 00:00:00,2026-05-23 08:57:40.858149-07,2026-05-23 08:57:08-07,15019,6641,14925863,0,312527,49.26744842529297,-123.24687957763672,0.1448,2,25.955528598027037
2026-05-23 00:00:00,2026-05-23 08:57:40.858149-07,2026-05-23 08:57:03-07,16201,6641,14926010,1,312530,49.26409912109375,-123.16790008544922,7.644,85,18.979608854652554
2026-05-23 00:00:00,2026-05-23 08:57:40.858149-07,2026-05-23 08:57:11-07,16222,6641,14926015,1,312530,49.26340103149414,-123.06909942626953,0.0,1,54.69261105527955
2026-05-23 00:00:00,2026-05-23 08:57:40.858149-07,2026-05-23 08:57:00-07,19026,6641,14926009,1,312530,49.26361846923828,-123.229736328125,12.2434,121,15.410879346417985
2026-05-23 00:00:00,2026-05-23 08:57:40.858149-07,2026-05-23 08:57:19-07,19035,6641,14926014,1,312529,49.261932373046875,-123.038330078125,1.0791,30,32.132032443597
2026-05-23 00:00:00,2026-05-23 08:57:40.858149-07,2026-05-23 08:57:21-07,19041,6641,14925860,0,312527,49.262451171875,-123.08370208740234,12.3531,134,27.60432776382777
2026-05-23 00:00:00,2026-05-23 08:57:40.858149-07,2026-05-23 08:57:22-07,22012,6641,14925862,0,312527,49.26433181762695,-123.1854476928711,4.8807,60,31.58338149719189
2026-05-23 00:00:00,2026-05-23 08:57:40.858149-07,2026-05-23 08:57:13-07,23002,6641,14926012,1,312530,49.263267517089844,-123.11653137207031,3.9567,55,71.76531180901651
2026-05-23 00:00:00,2026-05-23 08:57:40.858149-07,2026-05-23 08:57:02-07,24005,6641,14926013,1,312530,49.26253128051758,-123.08808135986328,1.7432,25,65.25613582553582
2026-05-23 00:00:00,2026-05-23 08:57:40.858149-07,2026-05-23 08:57:16-07,24007,6641,14925861,0,312527,49.26361846923828,-123.14168548583984,8.1467,87,47.78465563137367
2026-05-23 00:00:00,2026-05-23 08:57:40.858149-07,2026-05-23 08:57:16-07,24013,6641,14926011,1,312529,49.26358413696289,-123.13831329345703,8.4189,127,18.05514036217819
2026-05-23 00:00:00,2026-05-23 08:58:11.609593-07,2026-05-23 08:57:47-07,15019,6641,14925863,0,312527,49.2675666809082,-123.24669647216797,0.1448,2,7.83840541783314
2026-05-23 00:00:00,2026-05-23 08:58:11.609593-07,2026-05-23 08:57:33-07,16201,6641,14926010,1,312530,49.26413345336914,-123.17166900634766,7.9278,88,28.23893384025634
2026-05-23 00:00:00,2026-05-23 08:58:11.609593-07,2026-05-23 08:57:42-07,16222,6641,14926015,1,312530,49.263431549072266,-123.06908416748047,0.0,1,53.7630882082364
2026-05-23 00:00:00,2026-05-23 08:58:11.609593-07,2026-05-23 08:57:30-07,19026,6641,14926009,1,312530,49.265018463134766,-123.2343978881836,12.5924,131,25.483165291124653
2026-05-23 00:00:00,2026-05-23 08:58:11.609593-07,2026-05-23 08:57:50-07,19035,6641,14926014,1,312529,49.261966705322266,-123.04219818115234,1.3475,33,45.25390320966004
2026-05-23 00:00:00,2026-05-23 08:58:11.609593-07,2026-05-23 08:57:51-07,19041,6641,14925860,0,312527,49.2623176574707,-123.0774154663086,12.7783,138,9.50078426489916
2026-05-23 00:00:00,2026-05-23 08:58:11.609593-07,2026-05-23 08:57:23-07,22012,6641,14925862,0,312527,49.26433181762695,-123.1854476928711,4.8807,60,31.58338149719189
2026-05-23 00:00:00,2026-05-23 08:58:11.609593-07,2026-05-23 08:57:44-07,23002,6641,14926012,1,312530,49.263282775878906,-123.11651611328125,3.9567,55,72.93721345780207
2026-05-23 00:00:00,2026-05-23 08:58:11.609593-07,2026-05-23 08:57:32-07,24005,6641,14926013,1,312530,49.26256561279297,-123.09003448486328,1.885,26,65.93009712735444
2026-05-23 00:00:00,2026-05-23 08:58:11.609593-07,2026-05-23 08:57:47-07,24007,6641,14925861,0,312527,49.26351547241211,-123.1399154663086,8.2755,89,48.61250114029704
2026-05-23 00:00:00,2026-05-23 08:58:11.609593-07,2026-05-23 08:57:47-07,24013,6641,14926011,1,312529,49.26358413696289,-123.13831329345703,8.4189,127,18.05514036217819
2026-05-23 00:00:00,2026-05-23 08:58:42.154119-07,2026-05-23 08:58:16-07,15019,6641,14925863,0,312527,49.266334533691406,-123.24517059326172,0.3246,5,12.954635819206638
2026-05-23 00:00:00,2026-05-23 08:58:42.154119-07,2026-05-23 08:58:02-07,16201,6641,14926010,1,312530,49.26416778564453,-123.17379760742188,8.0688,90,14.190070792705674
2026-05-23 00:00:00,2026-05-23 08:58:42.154119-07,2026-05-23 08:58:12-07,16222,6641,14926015,1,312530,49.263431549072266,-123.06909942626953,0.0,1,52.820506636680264
2026-05-23 00:00:00,2026-05-23 08:58:42.154119-07,2026-05-23 08:58:00-07,19026,6641,14926009,1,312530,49.266849517822266,-123.2387466430664,13.0008,140,7.179713592185475
2026-05-23 00:00:00,2026-05-23 08:58:42.154119-07,2026-05-23 08:58:19-07,19035,6641,14926014,1,312529,49.26201629638672,-123.04363250732422,1.4915,35,10.086319108338975
2026-05-23 00:00:00,2026-05-23 08:58:42.154119-07,2026-05-23 08:58:22-07,19041,6641,14925860,0,312527,49.262332916259766,-123.07596588134766,12.9163,140,28.122430146742545
2026-05-23 00:00:00,2026-05-23 08:58:42.154119-07,2026-05-23 08:58:07-07,22012,6641,14925862,0,312527,49.26430130004883,-123.18421936035156,5.0332,61,31.75357861718841
2026-05-23 00:00:00,2026-05-23 08:58:42.154119-07,2026-05-23 08:58:14-07,23002,6641,14926012,1,312530,49.263301849365234,-123.11648559570312,3.9567,55,75.2816609506953
2026-05-23 00:00:00,2026-05-23 08:58:42.154119-07,2026-05-23 08:57:57-07,24005,6641,14926013,1,312530,49.262550354003906,-123.09034729003906,2.024,27,51.000349541435504
2026-05-23 00:00:00,2026-05-23 08:58:42.154119-07,2026-05-23 08:58:07-07,24007,6641,14925861,0,312527,49.26353454589844,-123.13956451416016,8.2755,89,23.33720278920299
2026-05-23 00:00:00,2026-05-23 08:58:42.154119-07,2026-05-23 08:58:15-07,24013,6641,14926011,1,312529,49.26369857788086,-123.14013671875,8.4695,128,64.84649682322068
2026-05-23 00:00:00,2026-05-23 08:59:12.841564-07,2026-05-23 08:58:16-07,15019,6641,14925863,0,312527,49.266334533691406,-123.24517059326172,0.3246,5,12.954635819206638
2026-05-23 00:00:00,2026-05-23 08:59:12.841564-07,2026-05-23 08:58:32-07,16201,6641,14926010,1,312530,49.264251708984375,-123.1773681640625,8.3458,92,31.24531506474746
2026-05-23 00:00:00,2026-05-23 08:59:12.841564-07,2026-05-23 08:58:42-07,16222,6641,14926015,1,312530,49.2634162902832,-123.06909942626953,0.0,1,53.73792908202715
2026-05-23 00:00:00,2026-05-23 08:59:12.841564-07,2026-05-23 08:58:30-07,19026,6641,14926009,1,312530,49.266666412353516,-123.24398040771484,13.4017,150,11.088091068683074
2026-05-23 00:00:00,2026-05-23 08:59:12.841564-07,2026-05-23 08:58:51-07,19035,6641,14926014,1,312529,49.262081146240234,-123.04512023925781,1.6017,37,13.67324922197254
2026-05-23 00:00:00,2026-05-23 08:59:12.841564-07,2026-05-23 08:58:51-07,19041,6641,14925860,0,312527,49.2623176574707,-123.07084655761719,13.1927,143,68.30177372473568
2026-05-23 00:00:00,2026-05-23 08:59:12.841564-07,2026-05-23 08:58:36-07,22012,6641,14925862,0,312527,49.26423263549805,-123.17918395996094,5.3215,64,46.76325430975809
2026-05-23 00:00:00,2026-05-23 08:59:12.841564-07,2026-05-23 08:58:43-07,23002,6641,14926012,1,312530,49.263267517089844,-123.11650085449219,3.9567,55,73.97900032500708
2026-05-23 00:00:00,2026-05-23 08:59:12.841564-07,2026-05-23 08:58:27-07,24005,6641,14926013,1,312530,49.26253128051758,-123.09294891357422,2.1664,28,4.652380162532982
2026-05-23 00:00:00,2026-05-23 08:59:12.841564-07,2026-05-23 08:58:36-07,24007,6641,14925861,0,312527,49.26356887817383,-123.13884735107422,8.3261,90,20.826638397339796
2026-05-23 00:00:00,2026-05-23 08:59:12.841564-07,2026-05-23 08:58:45-07,24013,6641,14926011,1,312529,49.26369857788086,-123.14016723632812,8.5982,129,63.02057453041895
2026-05-23 00:00:00,2026-05-23 08:59:43.40149-07,2026-05-23 08:58:55-07,15019,6641,14925863,0,312527,49.26694869995117,-123.24085235595703,0.6276,11,31.46080045976552
2026-05-23 00:00:00,2026-05-23 08:59:43.40149-07,2026-05-23 08:59:03-07,16201,6641,14926010,1,312530,49.26431655883789,-123.181884765625,8.6414,95,2.451397005304726
2026-05-23 00:00:00,2026-05-23 08:59:43.40149-07,2026-05-23 08:58:42-07,16222,6641,14926015,1,312530,49.2634162902832,-123.06909942626953,0.0,1,53.73792908202715
2026-05-23 00:00:00,2026-05-23 08:59:43.40149-07,2026-05-23 08:59:00-07,19026,6641,14926009,1,312530,49.266483306884766,-123.24504852294922,13.5001,151,28.711926395142047
2026-05-23 00:00:00,2026-05-23 08:59:43.40149-07,2026-05-23 08:59:21-07,19035,6641,14926014,1,312529,49.26206588745117,-123.04985046386719,1.9306,40,20.277391154950006
2026-05-23 00:00:00,2026-05-23 08:59:43.40149-07,2026-05-23 08:59:21-07,19041,6641,14925860,0,312527,49.262332916259766,-123.07011413574219,13.3378,144,23.24351852732617
2026-05-23 00:00:00,2026-05-23 08:59:43.40149-07,2026-05-23 08:59:06-07,22012,6641,14925862,0,312527,49.26416778564453,-123.1747817993164,5.7462,67,57.240373961651315
2026-05-23 00:00:00,2026-05-23 08:59:43.40149-07,2026-05-23 08:59:03-07,23002,6641,14926012,1,312530,49.263267517089844,-123.11656951904297,3.9567,55,68.99827258762362
2026-05-23 00:00:00,2026-05-23 08:59:43.40149-07,2026-05-23 08:58:56-07,24005,6641,14926013,1,312530,49.26261520385742,-123.09583282470703,2.3865,33,12.416294963644052
2026-05-23 00:00:00,2026-05-23 08:59:43.40149-07,2026-05-23 08:59:06-07,24007,6641,14925861,0,312527,49.2635498046875,-123.13811492919922,8.3773,91,18.89232498847526
2026-05-23 00:00:00,2026-05-23 08:59:43.40149-07,2026-05-23 08:59:18-07,24013,6641,14926011,1,312529,49.2636833190918,-123.14057922363281,8.5982,129,33.32336240583292
2026-05-23 00:00:00,2026-05-23 09:00:14.085859-07,2026-05-23 08:59:26-07,15019,6641,14925863,0,312527,49.265899658203125,-123.23603057861328,1.0698,24,37.88517146275363
2026-05-23 00:00:00,2026-05-23 09:00:14.085859-07,2026-05-23 08:59:33-07,16201,6641,14926010,1,312530,49.264366149902344,-123.18553161621094,8.9343,97,25.21065275464728
2026-05-23 00:00:00,2026-05-23 09:00:14.085859-07,2026-05-23 08:58:42-07,16222,6641,14926015,1,312530,49.2634162902832,-123.06909942626953,0.0,1,53.73792908202715
2026-05-23 00:00:00,2026-05-23 09:00:14.085859-07,2026-05-23 08:59:31-07,19026,6641,14926009,1,312530,49.267967224121094,-123.24683380126953,13.6795,155,16.300540975124527
2026-05-23 00:00:00,2026-05-23 09:00:14.085859-07,2026-05-23 08:59:52-07,19035,6641,14926014,1,312529,49.262081146240234,-123.05208587646484,2.1218,44,12.210784644352662
2026-05-23 00:00:00,2026-05-23 09:00:14.085859-07,2026-05-23 08:59:48-07,19041,6641,14925860,0,312527,49.26336669921875,-123.06964874267578,13.4386,148,17.672303302006178
2026-05-23 00:00:00,2026-05-23 09:00:14.085859-07,2026-05-23 08:59:37-07,22012,6641,14925862,0,312527,49.26409912109375,-123.17108154296875,5.9466,70,12.048834343054988
2026-05-23 00:00:00,2026-05-23 09:00:14.085859-07,2026-05-23 08:59:33-07,23002,6641,14926012,1,312530,49.2633171081543,-123.1172866821289,3.9567,55,18.502003722723504
2026-05-23 00:00:00,2026-05-23 09:00:14.085859-07,2026-05-23 08:59:28-07,24005,6641,14926013,1,312530,49.2628173828125,-123.09700012207031,2.4629,36,3.8033915880715248
2026-05-23 00:00:00,2026-05-23 09:00:14.085859-07,2026-05-23 08:59:37-07,24007,6641,14925861,0,312527,49.26351547241211,-123.13514709472656,8.5062,92,68.454830228267
2026-05-23 00:00:00,2026-05-23 09:00:14.085859-07,2026-05-23 08:59:48-07,24013,6641,14926011,1,312529,49.2636833190918,-123.14308166503906,8.7721,131,24.231612869105845
2026-05-23 00:00:00,2026-05-23 09:00:44.814747-07,2026-05-23 08:59:57-07,15019,6641,14925863,0,312527,49.26361846923828,-123.23143005371094,1.4725,33,12.831179434780001
2026-05-23 00:00:00,2026-05-23 09:00:44.814747-07,2026-05-23 09:00:04-07,16201,6641,14926010,1,312530,49.26435089111328,-123.18583679199219,8.9343,97,3.727607398409027
2026-05-23 00:00:00,2026-05-23 09:00:44.814747-07,2026-05-23 09:00:12-07,16222,6641,14926015,1,312530,49.2634162902832,-123.06908416748047,0.0,1,54.66469414001691
2026-05-23 00:00:00,2026-05-23 09:00:44.814747-07,2026-05-23 09:00:00-07,19026,6641,14926009,1,312530,49.268699645996094,-123.24813079833984,13.8581,162,11.146309436738923
2026-05-23 00:00:00,2026-05-23 09:00:44.814747-07,2026-05-23 09:00:22-07,19035,6641,14926014,1,312529,49.262168884277344,-123.05632019042969,2.4422,52,20.07490992291525
2026-05-23 00:00:00,2026-05-23 09:00:44.814747-07,2026-05-23 09:00:22-07,19041,6641,14925860,0,312527,49.26336669921875,-123.06964874267578,13.4386,148,17.672303302006178
2026-05-23 00:00:00,2026-05-23 09:00:44.814747-07,2026-05-23 09:00:07-07,22012,6641,14925862,0,312527,49.2640495300293,-123.16850280761719,6.171,72,25.104789796910676
2026-05-23 00:00:00,2026-05-23 09:00:44.814747-07,2026-05-23 09:00:03-07,23002,6641,14926012,1,312530,49.26335144042969,-123.119384765625,4.1296,57,37.55277135515029
2026-05-23 00:00:00,2026-05-23 09:00:44.814747-07,2026-05-23 09:00:01-07,24005,6641,14926013,1,312530,49.26285171508789,-123.09773254394531,2.4628,35,52.37867779984698
2026-05-23 00:00:00,2026-05-23 09:00:44.814747-07,2026-05-23 09:00:07-07,24007,6641,14925861,0,312527,49.26350021362305,-123.13396453857422,8.6788,94,17.880502717295556
2026-05-23 00:00:00,2026-05-23 09:00:44.814747-07,2026-05-23 09:00:19-07,24013,6641,14926011,1,312529,49.26373291015625,-123.14550018310547,8.9427,132,18.949814833511034
2026-05-23 00:00:00,2026-05-23 09:01:17.915317-07,2026-05-23 09:00:56-07,15019,6641,14925863,0,312527,49.263816833496094,-123.21903228759766,2.5945,37,227.22974380539503
2026-05-23 00:00:00,2026-05-23 09:01:17.915317-07,2026-05-23 09:01:01-07,16201,6641,14926010,1,312530,49.263668060302734,-123.18595123291016,9.0331,99,21.15579178710776
2026-05-23 00:00:00,2026-05-23 09:01:17.915317-07,2026-05-23 09:00:42-07,16222,6641,14926015,1,312530,49.2634162902832,-123.0691146850586,0.0,1,52.81811422714661
2026-05-23 00:00:00,2026-05-23 09:01:17.915317-07,2026-05-23 09:00:00-07,19026,6641,14926009,1,312530,49.268699645996094,-123.24813079833984,13.8581,162,11.146309436738923
2026-05-23 00:00:00,2026-05-23 09:01:17.915317-07,2026-05-23 09:01:07-07,19035,6641,14926014,1,312529,49.262298583984375,-123.05805206298828,2.5576,57,9.877891102883304
2026-05-23 00:00:00,2026-05-23 09:01:17.915317-07,2026-05-23 09:01:07-07,19041,6641,14925860,0,312527,49.263248443603516,-123.06863403320312,13.4386,148,83.03106129561486
2026-05-23 00:00:00,2026-05-23 09:01:17.915317-07,2026-05-23 09:00:52-07,22012,6641,14925862,0,312527,49.264034271240234,-123.16705322265625,6.2929,73,41.196477343108725
2026-05-23 00:00:00,2026-05-23 09:01:17.915317-07,2026-05-23 09:00:58-07,23002,6641,14926012,1,312530,49.2634162902832,-123.12266540527344,4.2697,58,62.402920157809426
2026-05-23 00:00:00,2026-05-23 09:01:17.915317-07,2026-05-23 09:01:00-07,24005,6641,14926013,1,312530,49.263065338134766,-123.10465240478516,3.0364,45,17.81737284735307
2026-05-23 00:00:00,2026-05-23 09:01:17.915317-07,2026-05-23 09:01:07-07,24007,6641,14925861,0,312527,49.263450622558594,-123.12747955322266,9.1958,97,62.64185525879946
2026-05-23 00:00:00,2026-05-23 09:01:17.915317-07,2026-05-23 09:00:48-07,24013,6641,14926011,1,312529,49.26374816894531,-123.14679718017578,8.9427,132,75.65338793282365
2026-05-23 00:00:00,2026-05-23 09:01:48.491072-07,2026-05-23 09:01:25-07,15019,6641,14925863,0,312527,49.26388168334961,-123.21546936035156,2.6424,38,16.619854562210513
2026-05-23 00:00:00,2026-05-23 09:01:48.491072-07,2026-05-23 09:01:25-07,16201,6641,14926010,1,312530,49.26351547241211,-123.1861801147461,9.0331,99,20.827076001647285
2026-05-23 00:00:00,2026-05-23 09:01:48.491072-07,2026-05-23 09:01:12-07,16222,6641,14926015,1,312530,49.2630500793457,-123.06813049316406,0.3403,7,78.23675835214276
2026-05-23 00:00:00,2026-05-23 09:01:48.491072-07,2026-05-23 09:00:00-07,19026,6641,14926009,1,312530,49.268699645996094,-123.24813079833984,13.8581,162,11.146309436738923
2026-05-23 00:00:00,2026-05-23 09:01:48.491072-07,2026-05-23 09:01:37-07,19035,6641,14926014,1,312529,49.26228332519531,-123.06183624267578,2.8396,59,14.297324058216017
2026-05-23 00:00:00,2026-05-23 09:01:48.491072-07,2026-05-23 09:01:37-07,19041,6641,14926017,1,312530,49.26321792602539,-123.06856536865234,0.3869,8,94.8412390386356
2026-05-23 00:00:00,2026-05-23 09:01:48.491072-07,2026-05-23 09:01:22-07,22012,6641,14925862,0,312527,49.264015197753906,-123.16645050048828,6.2929,73,4.648776384262884
2026-05-23 00:00:00,2026-05-23 09:01:48.491072-07,2026-05-23 09:01:29-07,23002,6641,14926012,1,312530,49.263465881347656,-123.12431335449219,4.4413,59,14.758047754516133
2026-05-23 00:00:00,2026-05-23 09:01:48.491072-07,2026-05-23 09:01:31-07,24005,6641,14926013,1,312530,49.263065338134766,-123.10465240478516,3.0364,45,17.81737284735307
2026-05-23 00:00:00,2026-05-23 09:01:48.491072-07,2026-05-23 09:01:07-07,24007,6641,14925861,0,312527,49.263450622558594,-123.12747955322266,9.1958,97,62.64185525879946
2026-05-23 00:00:00,2026-05-23 09:01:48.491072-07,2026-05-23 09:01:17-07,24013,6641,14926011,1,312529,49.26369857788086,-123.14990234375,9.2913,135,47.40460799539605
2026-05-23 00:00:00,2026-05-23 09:02:19.207511-07,2026-05-23 09:01:56-07,15019,6641,14925863,0,312527,49.26393127441406,-123.21468353271484,2.6696,40,16.012994340531254
2026-05-23 00:00:00,2026-05-23 09:02:19.207511-07,2026-05-23 09:01:54-07,16201,6641,14926010,1,312530,49.2635498046875,-123.1875991821289,9.1727,100,15.699570139001386
2026-05-23 00:00:00,2026-05-23 09:02:19.207511-07,2026-05-23 09:01:43-07,16222,6641,14926015,1,312530,49.26286697387695,-123.0677490234375,0.3403,7,57.95799478552023
2026-05-23 00:00:00,2026-05-23 09:02:19.207511-07,2026-05-23 09:00:00-07,19026,6641,14926009,1,312530,49.268699645996094,-123.24813079833984,13.8581,162,11.146309436738923
2026-05-23 00:00:00,2026-05-23 09:02:19.207511-07,2026-05-23 09:02:07-07,19035,6641,14926014,1,312529,49.262298583984375,-123.06273651123047,2.8396,59,51.44755677117236
2026-05-23 00:00:00,2026-05-23 09:02:19.207511-07,2026-05-23 09:02:08-07,19041,6641,14926017,1,312530,49.26321792602539,-123.06856536865234,0.3869,8,94.8412390386356
2026-05-23 00:00:00,2026-05-23 09:02:19.207511-07,2026-05-23 09:01:53-07,22012,6641,14925862,0,312527,49.26395034790039,-123.1620864868164,6.5897,75,23.754212283390025
2026-05-23 00:00:00,2026-05-23 09:02:19.207511-07,2026-05-23 09:01:59-07,23002,6641,14926012,1,312530,49.26350021362305,-123.12577056884766,4.6192,60,62.450335328638566
2026-05-23 00:00:00,2026-05-23 09:02:19.207511-07,2026-05-23 09:02:06-07,24005,6641,14926013,1,312530,49.26316833496094,-123.1093978881836,3.3714,48,8.242077476549788
2026-05-23 00:00:00,2026-05-23 09:02:19.207511-07,2026-05-23 09:02:07-07,24007,6641,14925861,0,312527,49.26348114013672,-123.12474822998047,9.3737,98,43.38718661533135
2026-05-23 00:00:00,2026-05-23 09:02:19.207511-07,2026-05-23 09:01:47-07,24013,6641,14926011,1,312529,49.26373291015625,-123.15251922607422,9.4257,137,12.908792194047296
2026-05-23 00:00:00,2026-05-23 09:02:49.768202-07,2026-05-23 09:02:26-07,15019,6641,14925863,0,312527,49.26390075683594,-123.21234893798828,2.8717,43,16.12542529078904
2026-05-23 00:00:00,2026-05-23 09:02:49.768202-07,2026-05-23 09:02:24-07,16201,6641,14926010,1,312530,49.26356887817383,-123.18951416015625,9.393,101,96.21307837590689
2026-05-23 00:00:00,2026-05-23 09:02:49.768202-07,2026-05-23 09:02:13-07,16222,6641,14926015,1,312530,49.26285171508789,-123.06776428222656,0.3403,7,56.06068148666444
2026-05-23 00:00:00,2026-05-23 09:02:49.768202-07,2026-05-23 09:00:00-07,19026,6641,14926009,1,312530,49.268699645996094,-123.24813079833984,13.8581,162,11.146309436738923
2026-05-23 00:00:00,2026-05-23 09:02:49.768202-07,2026-05-23 09:02:37-07,19035,6641,14926014,1,312529,49.262367248535156,-123.06563568115234,3.1238,63,20.439125618222555
2026-05-23 00:00:00,2026-05-23 09:02:49.768202-07,2026-05-23 09:02:37-07,19041,6641,14926017,1,312530,49.26321792602539,-123.06856536865234,0.3869,8,94.8412390386356
2026-05-23 00:00:00,2026-05-23 09:02:49.768202-07,2026-05-23 09:02:24-07,22012,6641,14925862,0,312527,49.26390075683594,-123.1578140258789,6.9369,77,12.555582084373619
2026-05-23 00:00:00,2026-05-23 09:02:49.768202-07,2026-05-23 09:02:30-07,23002,6641,14926012,1,312530,49.26350021362305,-123.12581634521484,4.6192,60,59.17832228878414
2026-05-23 00:00:00,2026-05-23 09:02:49.768202-07,2026-05-23 09:02:06-07,24005,6641,14926013,1,312530,49.26316833496094,-123.1093978881836,3.3714,48,8.242077476549788
2026-05-23 00:00:00,2026-05-23 09:02:49.768202-07,2026-05-23 09:02:07-07,24007,6641,14925861,0,312527,49.26348114013672,-123.12474822998047,9.3737,98,43.38718661533135
2026-05-23 00:00:00,2026-05-23 09:02:49.768202-07,2026-05-23 09:02:20-07,24013,6641,14926011,1,312529,49.26373291015625,-123.15278625488281,9.4657,138,14.737360629354981
2026-05-23 00:00:00,2026-05-23 09:03:20.579619-07,2026-05-23 09:02:56-07,15019,6641,14925863,0,312527,49.263816833496094,-123.20877075195312,3.0906,44,25.504335512226362
2026-05-23 00:00:00,2026-05-23 09:03:20.579619-07,2026-05-23 09:02:54-07,16201,6641,14926010,1,312530,49.263633728027344,-123.19438171386719,9.6168,103,34.02873134949753
2026-05-23 00:00:00,2026-05-23 09:03:20.579619-07,2026-05-23 09:02:13-07,16222,6641,14926015,1,312530,49.26285171508789,-123.06776428222656,0.3403,7,56.06068148666444
2026-05-23 00:00:00,2026-05-23 09:03:20.579619-07,2026-05-23 09:00:00-07,19026,6641,14926009,1,312530,49.268699645996094,-123.24813079833984,13.8581,162,11.146309436738923
2026-05-23 00:00:00,2026-05-23 09:03:20.579619-07,2026-05-23 09:03:07-07,19035,6641,14926014,1,312529,49.26238250732422,-123.06600189208984,3.1238,63,8.00513390959095
2026-05-23 00:00:00,2026-05-23 09:03:20.579619-07,2026-05-23 09:03:07-07,19041,6641,14926017,1,312530,49.26321792602539,-123.06856536865234,0.3869,8,94.8412390386356
2026-05-23 00:00:00,2026-05-23 09:03:20.579619-07,2026-05-23 09:02:53-07,22012,6641,14925862,0,312527,49.26380157470703,-123.15489959716797,7.1074,78,29.725696189844857
2026-05-23 00:00:00,2026-05-23 09:03:20.579619-07,2026-05-23 09:02:58-07,23002,6641,14926012,1,312530,49.26350021362305,-123.129150390625,4.7927,61,12.387839619268703
2026-05-23 00:00:00,2026-05-23 09:03:20.579619-07,2026-05-23 09:02:37-07,24005,6641,14926013,1,312530,49.26321792602539,-123.11360168457031,3.6196,50,51.670054117889954
2026-05-23 00:00:00,2026-05-23 09:03:20.579619-07,2026-05-23 09:02:36-07,24007,6641,14925861,0,312527,49.2633171081543,-123.12208557128906,9.5453,99,19.343480582845256
2026-05-23 00:00:00,2026-05-23 09:03:20.579619-07,2026-05-23 09:03:07-07,24013,6641,14926011,1,312529,49.26388168334961,-123.15470123291016,9.6376,139,43.436808616679556
2026-05-23 00:00:00,2026-05-23 09:03:51.213318-07,2026-05-23 09:03:26-07,15019,6641,14925863,0,312527,49.263816833496094,-123.20818328857422,3.0906,44,68.07675011887574
2026-05-23 00:00:00,2026-05-23 09:03:51.213318-07,2026-05-23 09:03:24-07,16201,6641,14926010,1,312530,49.26371765136719,-123.19960021972656,10.0661,108,34.948649710803195
2026-05-23 00:00:00,2026-05-23 09:03:51.213318-07,2026-05-23 09:03:16-07,16222,6641,14926015,1,312530,49.26285171508789,-123.06776428222656,0.3403,7,56.06068148666444
2026-05-23 00:00:00,2026-05-23 09:03:51.213318-07,2026-05-23 09:00:00-07,19026,6641,14926009,1,312530,49.268699645996094,-123.24813079833984,13.8581,162,11.146309436738923
2026-05-23 00:00:00,2026-05-23 09:03:51.213318-07,2026-05-23 09:03:37-07,19035,6641,14926014,1,312529,49.26240158081055,-123.06873321533203,3.334,69,10.518724729685353
2026-05-23 00:00:00,2026-05-23 09:03:51.213318-07,2026-05-23 09:03:36-07,19041,6641,14926017,1,312530,49.26321792602539,-123.06856536865234,0.3869,8,94.8412390386356
2026-05-23 00:00:00,2026-05-23 09:03:51.213318-07,2026-05-23 09:03:12-07,22012,6641,14925862,0,312527,49.26380157470703,-123.15460205078125,7.1074,78,51.00274645492872
2026-05-23 00:00:00,2026-05-23 09:03:51.213318-07,2026-05-23 09:03:28-07,23002,6641,14926012,1,312530,49.26358413696289,-123.13400268554688,5.1362,63,21.717086143891606
2026-05-23 00:00:00,2026-05-23 09:03:51.213318-07,2026-05-23 09:03:06-07,24005,6641,14926013,1,312530,49.2633171081543,-123.11648559570312,3.9567,55,75.43056267365408
2026-05-23 00:00:00,2026-05-23 09:03:51.213318-07,2026-05-23 09:03:06-07,24007,6641,14925861,0,312527,49.263248443603516,-123.12026977539062,9.6854,100,27.683565444036006
2026-05-23 00:00:00,2026-05-23 09:03:51.213318-07,2026-05-23 09:03:24-07,24011,6641,14926016,1,312529,49.26508331298828,-123.02570343017578,0.0814,3,18.841422901175836
2026-05-23 00:00:00,2026-05-23 09:03:51.213318-07,2026-05-23 09:03:08-07,24013,6641,14926011,1,312529,49.26388168334961,-123.15470123291016,9.6376,139,43.436808616679556
2026-05-23 00:00:00,2026-05-23 09:04:21.951198-07,2026-05-23 09:03:56-07,15019,6641,14925863,0,312527,49.26373291015625,-123.20359802246094,3.5354,46,42.5416418226371
2026-05-23 00:00:00,2026-05-23 09:04:21.951198-07,2026-05-23 09:03:54-07,16201,6641,14926010,1,312530,49.26380157470703,-123.2052993774414,10.5037,112,57.38222054782086
2026-05-23 00:00:00,2026-05-23 09:04:21.951198-07,2026-05-23 09:03:36-07,16222,6641,14926015,1,312530,49.26279830932617,-123.06752014160156,0.2308,2,42.93940500611841
2026-05-23 00:00:00,2026-05-23 09:04:21.951198-07,2026-05-23 09:00:00-07,19026,6641,14926009,1,312530,49.268699645996094,-123.24813079833984,13.8581,162,11.146309436738923
2026-05-23 00:00:00,2026-05-23 09:04:21.951198-07,2026-05-23 09:04:08-07,19035,6641,14926014,1,312529,49.26240158081055,-123.06871795654297,3.334,69,10.985142578458063
2026-05-23 00:00:00,2026-05-23 09:04:21.951198-07,2026-05-23 09:04:13-07,19041,6641,14926017,1,312530,49.26321792602539,-123.06856536865234,0.3869,8,94.8412390386356
2026-05-23 00:00:00,2026-05-23 09:04:21.951198-07,2026-05-23 09:03:42-07,22012,6641,14925862,0,312527,49.26373291015625,-123.15190124511719,7.3224,81,33.42061392017687
2026-05-23 00:00:00,2026-05-23 09:04:21.951198-07,2026-05-23 09:03:58-07,23002,6641,14926012,1,312530,49.26358413696289,-123.13520050048828,5.3087,65,64.45607680951309
2026-05-23 00:00:00,2026-05-23 09:04:21.951198-07,2026-05-23 09:03:36-07,24005,6641,14926013,1,312530,49.2633171081543,-123.11647033691406,3.9567,55,76.53244915533855
2026-05-23 00:00:00,2026-05-23 09:04:21.951198-07,2026-05-23 09:03:53-07,24007,6641,14925861,0,312527,49.26323318481445,-123.11991882324219,9.6854,100,7.087589635020807
2026-05-23 00:00:00,2026-05-23 09:04:21.951198-07,2026-05-23 09:03:53-07,24011,6641,14926016,1,312529,49.26240158081055,-123.03028106689453,0.4898,15,22.659197112798882
2026-05-23 00:00:00,2026-05-23 09:04:21.951198-07,2026-05-23 09:04:06-07,24013,6641,14926011,1,312529,49.26398468017578,-123.16101837158203,9.9808,141,73.12179723066062
2026-05-23 00:00:00,2026-05-23 09:04:52.515446-07,2026-05-23 09:04:27-07,15019,6641,14925863,0,312527,49.263648986816406,-123.19747924804688,3.9755,51,36.95348368503266
2026-05-23 00:00:00,2026-05-23 09:04:52.515446-07,2026-05-23 09:04:24-07,16201,6641,14926010,1,312530,49.26388168334961,-123.20964813232422,10.7243,113,38.58623413163244
2026-05-23 00:00:00,2026-05-23 09:04:52.515446-07,2026-05-23 09:04:35-07,16222,6641,14926015,1,312530,49.26240158081055,-123.0687484741211,0.4039,9,10.152134385212811
2026-05-23 00:00:00,2026-05-23 09:04:52.515446-07,2026-05-23 09:00:00-07,19026,6641,14926009,1,312530,49.268699645996094,-123.24813079833984,13.8581,162,11.146309436738923
2026-05-23 00:00:00,2026-05-23 09:04:52.515446-07,2026-05-23 09:04:19-07,19035,6641,14926014,1,312529,49.26240158081055,-123.0689468383789,3.3463,70,9.322968748237159
2026-05-23 00:00:00,2026-05-23 09:04:52.515446-07,2026-05-23 09:04:37-07,19041,6641,14926017,1,312530,49.26321792602539,-123.06856536865234,0.3869,8,94.8412390386356
2026-05-23 00:00:00,2026-05-23 09:04:52.515446-07,2026-05-23 09:04:12-07,22012,6641,14925862,0,312527,49.26369857788086,-123.14883422851562,7.6286,84,50.46197742519849
2026-05-23 00:00:00,2026-05-23 09:04:52.515446-07,2026-05-23 09:04:28-07,23002,6641,14926012,1,312530,49.26356887817383,-123.13713073730469,5.4377,66,52.862559039495075
2026-05-23 00:00:00,2026-05-23 09:04:52.515446-07,2026-05-23 09:04:35-07,24005,6641,14926013,1,312530,49.2633171081543,-123.11647033691406,3.9567,55,76.53244915533855
2026-05-23 00:00:00,2026-05-23 09:04:52.515446-07,2026-05-23 09:04:24-07,24007,6641,14925861,0,312527,49.26323318481445,-123.11654663085938,9.8583,102,70.65640226439893
2026-05-23 00:00:00,2026-05-23 09:04:52.515446-07,2026-05-23 09:04:22-07,24011,6641,14926016,1,312529,49.26198196411133,-123.03348541259766,0.7699,23,14.86273493466612
2026-05-23 00:00:00,2026-05-23 09:04:52.515446-07,2026-05-23 09:04:37-07,24013,6641,14926011,1,312529,49.263999938964844,-123.16214752197266,10.1553,142,19.139099932558732
2026-05-23 00:00:00,2026-05-23 09:05:23.091783-07,2026-05-23 09:04:56-07,15019,6641,14925863,0,312527,49.2635498046875,-123.1911849975586,4.4218,55,25.171927496583514
2026-05-23 00:00:00,2026-05-23 09:05:23.091783-07,2026-05-23 09:04:46-07,16201,6641,14926010,1,312530,49.26388168334961,-123.20999908447266,10.7243,113,63.918783982561024
2026-05-23 00:00:00,2026-05-23 09:05:23.091783-07,2026-05-23 09:04:35-07,16222,6641,14926015,1,312530,49.26240158081055,-123.0687484741211,0.4039,9,10.152134385212811
2026-05-23 00:00:00,2026-05-23 09:05:23.091783-07,2026-05-23 09:00:00-07,19026,6641,14926009,1,312530,49.268699645996094,-123.24813079833984,13.8581,162,11.146309436738923
2026-05-23 00:00:00,2026-05-23 09:05:23.091783-07,2026-05-23 09:04:49-07,19035,6641,14926014,1,312529,49.26238250732422,-123.07420349121094,3.6876,75,40.538921445291706
2026-05-23 00:00:00,2026-05-23 09:05:23.091783-07,2026-05-23 09:05:07-07,19041,6641,14926017,1,312530,49.26321792602539,-123.06856536865234,0.3869,8,94.8412390386356
2026-05-23 00:00:00,2026-05-23 09:05:23.091783-07,2026-05-23 09:04:42-07,22012,6641,14925862,0,312527,49.263668060302734,-123.1455307006836,7.8023,85,16.849144689983476
2026-05-23 00:00:00,2026-05-23 09:05:23.091783-07,2026-05-23 09:04:59-07,23002,6641,14926012,1,312530,49.26359939575195,-123.13822937011719,5.4888,67,24.164481046488465
2026-05-23 00:00:00,2026-05-23 09:05:23.091783-07,2026-05-23 09:04:35-07,24005,6641,14926013,1,312530,49.2633171081543,-123.11647033691406,3.9567,55,76.53244915533855
2026-05-23 00:00:00,2026-05-23 09:05:23.091783-07,2026-05-23 09:04:52-07,24007,6641,14925861,0,312527,49.26318359375,-123.11434936523438,10.058,105,31.186184398702647
2026-05-23 00:00:00,2026-05-23 09:05:23.091783-07,2026-05-23 09:04:53-07,24011,6641,14926016,1,312529,49.26198196411133,-123.03428649902344,0.7961,27,22.591845504055907
2026-05-23 00:00:00,2026-05-23 09:05:23.091783-07,2026-05-23 09:04:37-07,24013,6641,14926011,1,312529,49.263999938964844,-123.16214752197266,10.1553,142,19.139099932558732
2026-05-23 00:00:00,2026-05-23 09:05:53.72049-07,2026-05-23 09:05:27-07,15019,6641,14925863,0,312527,49.26348114013672,-123.18636322021484,4.7818,58,33.75812726459246
2026-05-23 00:00:00,2026-05-23 09:05:53.72049-07,2026-05-23 09:05:15-07,16201,6641,14926010,1,312530,49.26393127441406,-123.21393585205078,11.0569,116,18.149049369979075
2026-05-23 00:00:00,2026-05-23 09:05:53.72049-07,2026-05-23 09:05:06-07,16222,6641,14926015,1,312530,49.26240158081055,-123.06876373291016,0.4039,9,9.896471360294722
2026-05-23 00:00:00,2026-05-23 09:05:53.72049-07,2026-05-23 09:00:00-07,19026,6641,14926009,1,312530,49.268699645996094,-123.24813079833984,13.8581,162,11.146309436738923
2026-05-23 00:00:00,2026-05-23 09:05:53.72049-07,2026-05-23 09:05:20-07,19035,6641,14926014,1,312529,49.26246643066406,-123.07720184326172,3.9667,79,21.81541775182516
2026-05-23 00:00:00,2026-05-23 09:05:53.72049-07,2026-05-23 09:05:32-07,19041,6641,14926017,1,312530,49.26321792602539,-123.06856536865234,0.3869,8,94.8412390386356
2026-05-23 00:00:00,2026-05-23 09:05:53.72049-07,2026-05-23 09:05:12-07,22012,6641,14925862,0,312527,49.26358413696289,-123.14134979248047,8.1467,87,23.65718409862332
2026-05-23 00:00:00,2026-05-23 09:05:53.72049-07,2026-05-23 09:05:27-07,23002,6641,14926012,1,312530,49.26356887817383,-123.13831329345703,5.4888,67,18.18521237323583
2026-05-23 00:00:00,2026-05-23 09:05:53.72049-07,2026-05-23 09:05:06-07,24005,6641,14926013,1,312530,49.2633171081543,-123.11647033691406,3.9567,55,76.53244915533855
2026-05-23 00:00:00,2026-05-23 09:05:53.72049-07,2026-05-23 09:05:15-07,24007,6641,14925861,0,312527,49.26321792602539,-123.11412048339844,10.058,105,47.73725371070935
2026-05-23 00:00:00,2026-05-23 09:05:53.72049-07,2026-05-23 09:05:05-07,24011,6641,14926016,1,312529,49.26198196411133,-123.0344467163086,0.7961,27,33.525004848715064
2026-05-23 00:00:00,2026-05-23 09:05:53.72049-07,2026-05-23 09:05:07-07,24013,6641,14926011,1,312529,49.2640495300293,-123.16570281982422,10.4521,144,56.82986005642841
2026-05-23 00:00:00,2026-05-23 09:06:24.446131-07,2026-05-23 09:05:57-07,15019,6641,14925863,0,312527,49.264198303222656,-123.18579864501953,4.8807,60,19.96234048988606
2026-05-23 00:00:00,2026-05-23 09:06:24.446131-07,2026-05-23 09:05:46-07,16201,6641,14926010,1,312530,49.26393127441406,-123.21728515625,11.2204,120,100.5307044285341
2026-05-23 00:00:00,2026-05-23 09:06:24.446131-07,2026-05-23 09:05:47-07,16222,6641,14926015,1,312530,49.26240158081055,-123.0689468383789,0.4162,10,9.322968748237159
2026-05-23 00:00:00,2026-05-23 09:06:24.446131-07,2026-05-23 09:06:01-07,19026,6641,14925864,0,312527,49.267433166503906,-123.24690246582031,0.1448,2,28.305340977593346
2026-05-23 00:00:00,2026-05-23 09:06:24.446131-07,2026-05-23 09:05:50-07,19035,6641,14926014,1,312529,49.262481689453125,-123.07849884033203,3.9771,80,64.31617371576907
2026-05-23 00:00:00,2026-05-23 09:06:24.446131-07,2026-05-23 09:06:02-07,19041,6641,14926017,1,312530,49.26321792602539,-123.06856536865234,0.3869,8,94.8412390386356
2026-05-23 00:00:00,2026-05-23 09:06:24.446131-07,2026-05-23 09:05:43-07,22012,6641,14925862,0,312527,49.26359939575195,-123.14128112792969,8.1467,87,18.51179418874962
2026-05-23 00:00:00,2026-05-23 09:06:24.446131-07,2026-05-23 09:05:58-07,23002,6641,14926012,1,312530,49.26369857788086,-123.14016723632812,5.6682,69,63.02057453041895
2026-05-23 00:00:00,2026-05-23 09:06:24.446131-07,2026-05-23 09:05:36-07,24005,6641,14926013,1,312530,49.2633171081543,-123.11647033691406,3.9567,55,76.53244915533855
2026-05-23 00:00:00,2026-05-23 09:06:24.446131-07,2026-05-23 09:05:46-07,24007,6641,14925861,0,312527,49.26316833496094,-123.11060333251953,10.3366,108,25.49460440744381
2026-05-23 00:00:00,2026-05-23 09:06:24.446131-07,2026-05-23 09:05:36-07,24011,6641,14926016,1,312529,49.2619514465332,-123.04016876220703,1.242,32,6.275134034390256
2026-05-23 00:00:00,2026-05-23 09:06:24.446131-07,2026-05-23 09:05:37-07,24013,6641,14926011,1,312529,49.264068603515625,-123.16636657714844,10.4521,144,8.90915173229893
2026-05-23 00:00:00,2026-05-23 09:06:55.27033-07,2026-05-23 09:06:27-07,15019,6641,14925863,0,312527,49.26430130004883,-123.1846694946289,5.0332,61,64.29703555212403
2026-05-23 00:00:00,2026-05-23 09:06:55.27033-07,2026-05-23 09:06:16-07,16201,6641,14926010,1,312530,49.263816833496094,-123.22221374511719,11.2204,120,458.37256137618516
2026-05-23 00:00:00,2026-05-23 09:06:55.27033-07,2026-05-23 09:06:17-07,16222,6641,14926015,1,312530,49.262367248535156,-123.06938171386719,0.4434,12,6.2767314957675735
2026-05-23 00:00:00,2026-05-23 09:06:55.27033-07,2026-05-23 09:06:01-07,19026,6641,14925864,0,312527,49.267433166503906,-123.24690246582031,0.1448,2,28.305340977593346
2026-05-23 00:00:00,2026-05-23 09:06:55.27033-07,2026-05-23 09:06:17-07,19035,6641,14926014,1,312529,49.262451171875,-123.07886505126953,3.9771,80,90.3616466317912
2026-05-23 00:00:00,2026-05-23 09:06:55.27033-07,2026-05-23 09:06:07-07,19041,6641,14926017,1,312530,49.26321792602539,-123.06856536865234,0.3869,8,94.8412390386356
2026-05-23 00:00:00,2026-05-23 09:06:55.27033-07,2026-05-23 09:06:31-07,22012,6641,14925862,0,312527,49.2635498046875,-123.13971710205078,8.2755,89,33.77950784385727
2026-05-23 00:00:00,2026-05-23 09:06:55.27033-07,2026-05-23 09:06:11-07,23002,6641,14926012,1,312530,49.26369857788086,-123.14057922363281,5.6682,69,33.75620003447872
2026-05-23 00:00:00,2026-05-23 09:06:55.27033-07,2026-05-23 09:06:06-07,24005,6641,14926013,1,312530,49.2633171081543,-123.11647033691406,3.9567,55,76.53244915533855
2026-05-23 00:00:00,2026-05-23 09:06:55.27033-07,2026-05-23 09:06:16-07,24007,6641,14925861,0,312527,49.263118743896484,-123.10932922363281,10.4437,110,11.23127225433964
2026-05-23 00:00:00,2026-05-23 09:06:55.27033-07,2026-05-23 09:06:37-07,24011,6641,14926016,1,312529,49.26206588745117,-123.04513549804688,1.6017,37,12.444976287186375
2026-05-23 00:00:00,2026-05-23 09:06:55.27033-07,2026-05-23 09:06:36-07,24013,6641,14926011,1,312529,49.26409912109375,-123.16781616210938,10.574,145,25.040288970001267
2026-05-23 00:00:00,2026-05-23 09:07:25.862929-07,2026-05-23 09:07:02-07,15019,6641,14925863,0,312527,49.26433181762695,-123.18433380126953,5.0332,61,39.82510567355727
2026-05-23 00:00:00,2026-05-23 09:07:25.862929-07,2026-05-23 09:06:46-07,16201,6641,14926010,1,312530,49.26369857788086,-123.22699737548828,12.2434,121,214.14808888316335
2026-05-23 00:00:00,2026-05-23 09:07:25.862929-07,2026-05-23 09:06:47-07,16222,6641,14926015,1,312530,49.26238250732422,-123.0714340209961,0.6222,14,25.988048938899627
2026-05-23 00:00:00,2026-05-23 09:07:25.862929-07,2026-05-23 09:06:01-07,19026,6641,14925864,0,312527,49.267433166503906,-123.24690246582031,0.1448,2,28.305340977593346
2026-05-23 00:00:00,2026-05-23 09:07:25.862929-07,2026-05-23 09:06:46-07,19035,6641,14926014,1,312529,49.26246643066406,-123.0846176147461,4.5334,84,46.99198851283311
2026-05-23 00:00:00,2026-05-23 09:07:25.862929-07,2026-05-23 09:06:07-07,19041,6641,14926017,1,312530,49.26321792602539,-123.06856536865234,0.3869,8,94.8412390386356
2026-05-23 00:00:00,2026-05-23 09:07:25.862929-07,2026-05-23 09:07:01-07,22012,6641,14925862,0,312527,49.2635498046875,-123.13688659667969,8.5063,93,57.88762187722495
2026-05-23 00:00:00,2026-05-23 09:07:25.862929-07,2026-05-23 09:06:41-07,23002,6641,14926012,1,312530,49.26369857788086,-123.14078521728516,5.6682,69,19.842355972417522
2026-05-23 00:00:00,2026-05-23 09:07:25.862929-07,2026-05-23 09:06:36-07,24005,6641,14926013,1,312530,49.2633171081543,-123.11647033691406,3.9567,55,76.53244915533855
2026-05-23 00:00:00,2026-05-23 09:07:25.862929-07,2026-05-23 09:06:46-07,24007,6641,14925861,0,312527,49.2629508972168,-123.10426330566406,10.7786,112,45.65534512461609
2026-05-23 00:00:00,2026-05-23 09:07:25.862929-07,2026-05-23 09:06:37-07,24011,6641,14926016,1,312529,49.26206588745117,-123.04513549804688,1.6017,37,12.444976287186375
2026-05-23 00:00:00,2026-05-23 09:07:25.862929-07,2026-05-23 09:06:56-07,24013,6641,14926011,1,312529,49.26409912109375,-123.16795349121094,10.574,145,15.134954467433117
2026-05-23 00:00:00,2026-05-23 09:07:56.42918-07,2026-05-23 09:07:31-07,15019,6641,14925863,0,312527,49.26430130004883,-123.18146514892578,5.1735,62,28.435295139049376
2026-05-23 00:00:00,2026-05-23 09:07:56.42918-07,2026-05-23 09:07:16-07,16201,6641,14926010,1,312530,49.263648986816406,-123.22982025146484,12.2434,121,9.309995148933236
2026-05-23 00:00:00,2026-05-23 09:07:56.42918-07,2026-05-23 09:07:16-07,16222,6641,14926015,1,312530,49.262451171875,-123.07583618164062,0.8986,17,20.11828190680623
2026-05-23 00:00:00,2026-05-23 09:07:56.42918-07,2026-05-23 09:07:30-07,19026,6641,14925864,0,312527,49.26753234863281,-123.24673461914062,0.1448,2,11.990960256779893
2026-05-23 00:00:00,2026-05-23 09:07:56.42918-07,2026-05-23 09:07:17-07,19035,6641,14926014,1,312529,49.26253128051758,-123.08892059326172,4.8151,86,16.495253898014756
2026-05-23 00:00:00,2026-05-23 09:07:56.42918-07,2026-05-23 09:06:07-07,19041,6641,14926017,1,312530,49.26321792602539,-123.06856536865234,0.3869,8,94.8412390386356
2026-05-23 00:00:00,2026-05-23 09:07:56.42918-07,2026-05-23 09:07:32-07,22012,6641,14925862,0,312527,49.26351547241211,-123.1363525390625,8.5063,93,19.753929393575945
2026-05-23 00:00:00,2026-05-23 09:07:56.42918-07,2026-05-23 09:07:11-07,23002,6641,14926012,1,312530,49.26371765136719,-123.14185333251953,5.6683,70,61.059202890062004
2026-05-23 00:00:00,2026-05-23 09:07:56.42918-07,2026-05-23 09:07:06-07,24005,6641,14926013,1,312530,49.2633171081543,-123.11647033691406,3.9567,55,76.53244915533855
2026-05-23 00:00:00,2026-05-23 09:07:56.42918-07,2026-05-23 09:07:16-07,24007,6641,14925861,0,312527,49.26285171508789,-123.10054779052734,11.1139,117,19.56323519138638
2026-05-23 00:00:00,2026-05-23 09:07:56.42918-07,2026-05-23 09:07:28-07,24011,6641,14926016,1,312529,49.262149810791016,-123.05208587646484,2.1218,44,18.256436646837823
2026-05-23 00:00:00,2026-05-23 09:07:56.42918-07,2026-05-23 09:07:25-07,24013,6641,14926011,1,312529,49.26416778564453,-123.17214965820312,10.8578,148,7.287418182946204
2026-05-23 00:00:00,2026-05-23 09:08:27.12683-07,2026-05-23 09:08:02-07,15019,6641,14925863,0,312527,49.264198303222656,-123.1771469116211,5.4691,65,47.4205979859195
2026-05-23 00:00:00,2026-05-23 09:08:27.12683-07,2026-05-23 09:07:46-07,16201,6641,14926010,1,312530,49.26373291015625,-123.23158264160156,12.3692,127,5.2125135106267155
2026-05-23 00:00:00,2026-05-23 09:08:27.12683-07,2026-05-23 09:08:02-07,16222,6641,14926015,1,312530,49.26246643066406,-123.07884979248047,1.0471,20,89.3962268937175
2026-05-23 00:00:00,2026-05-23 09:08:27.12683-07,2026-05-23 09:07:59-07,19026,6641,14925864,0,312527,49.2663688659668,-123.24545288085938,0.3246,5,8.236702456129317
2026-05-23 00:00:00,2026-05-23 09:08:27.12683-07,2026-05-23 09:07:47-07,19035,6641,14926014,1,312529,49.26256561279297,-123.08975219726562,4.8151,86,45.741852244697604
2026-05-23 00:00:00,2026-05-23 09:08:27.12683-07,2026-05-23 09:06:07-07,19041,6641,14926017,1,312530,49.26321792602539,-123.06856536865234,0.3869,8,94.8412390386356
2026-05-23 00:00:00,2026-05-23 09:08:27.12683-07,2026-05-23 09:08:02-07,22012,6641,14925862,0,312527,49.26351547241211,-123.13401794433594,8.6788,94,21.62580328257194
2026-05-23 00:00:00,2026-05-23 09:08:27.12683-07,2026-05-23 09:07:42-07,23002,6641,14926012,1,312530,49.26374816894531,-123.14524841308594,6.0127,72,37.260153672623794
2026-05-23 00:00:00,2026-05-23 09:08:27.12683-07,2026-05-23 09:08:06-07,24005,6641,14926013,1,312530,49.26340103149414,-123.12229919433594,4.2697,58,36.07585457309562
2026-05-23 00:00:00,2026-05-23 09:08:27.12683-07,2026-05-23 09:08:06-07,24007,6641,14925861,0,312527,49.26279830932617,-123.09951782226562,11.1698,119,7.97164965076036
2026-05-23 00:00:00,2026-05-23 09:08:27.12683-07,2026-05-23 09:07:58-07,24011,6641,14926016,1,312529,49.26223373413086,-123.05632019042969,2.4422,52,22.674854799851392
2026-05-23 00:00:00,2026-05-23 09:08:27.12683-07,2026-05-23 09:07:56-07,24013,6641,14926011,1,312529,49.264198303222656,-123.17456817626953,10.9987,149,41.82374847812759
2026-05-23 00:00:00,2026-05-23 09:08:57.751438-07,2026-05-23 09:08:32-07,15019,6641,14925863,0,312527,49.2641487121582,-123.17182922363281,5.8872,69,16.622782839823042
2026-05-23 00:00:00,2026-05-23 09:08:57.751438-07,2026-05-23 09:08:15-07,16201,6641,14926010,1,312530,49.26566696166992,-123.23543548583984,12.7136,133,9.12654018978046
2026-05-23 00:00:00,2026-05-23 09:08:57.751438-07,2026-05-23 09:08:32-07,16222,6641,14926015,1,312530,49.262451171875,-123.08106994628906,1.3213,22,23.40640828878176
2026-05-23 00:00:00,2026-05-23 09:08:57.751438-07,2026-05-23 09:08:28-07,19026,6641,14925864,0,312527,49.26678466796875,-123.24263000488281,0.5484,8,20.017584841195955
2026-05-23 00:00:00,2026-05-23 09:08:57.751438-07,2026-05-23 09:08:25-07,19035,6641,14926014,1,312529,49.262550354003906,-123.09026336669922,4.954,87,57.04293437918098
2026-05-23 00:00:00,2026-05-23 09:08:57.751438-07,2026-05-23 09:06:07-07,19041,6641,14926017,1,312530,49.26321792602539,-123.06856536865234,0.3869,8,94.8412390386356
2026-05-23 00:00:00,2026-05-23 09:08:57.751438-07,2026-05-23 09:08:32-07,22012,6641,14925862,0,312527,49.263465881347656,-123.1290512084961,9.0222,96,4.2611373831081885
2026-05-23 00:00:00,2026-05-23 09:08:57.751438-07,2026-05-23 09:08:10-07,23002,6641,14926012,1,312530,49.26374816894531,-123.14576721191406,6.0127,72,5.186955954978448
2026-05-23 00:00:00,2026-05-23 09:08:57.751438-07,2026-05-23 09:08:13-07,24005,6641,14926013,1,312530,49.2634162902832,-123.122802734375,4.2697,58,72.23237307352417
2026-05-23 00:00:00,2026-05-23 09:08:57.751438-07,2026-05-23 09:08:06-07,24007,6641,14925861,0,312527,49.26279830932617,-123.09951782226562,11.1698,119,7.97164965076036
2026-05-23 00:00:00,2026-05-23 09:08:57.751438-07,2026-05-23 09:08:32-07,24011,6641,14926016,1,312529,49.2623176574707,-123.05746459960938,2.5055,56,10.334720014492499
2026-05-23 00:00:00,2026-05-23 09:08:57.751438-07,2026-05-23 09:08:26-07,24013,6641,14926011,1,312529,49.2642822265625,-123.17922973632812,11.4235,153,43.29142122621566
2026-05-23 00:00:00,2026-05-23 09:09:28.366076-07,2026-05-23 09:09:01-07,15019,6641,14925863,0,312527,49.264068603515625,-123.16881561279297,6.171,72,47.59002626078399
2026-05-23 00:00:00,2026-05-23 09:09:28.366076-07,2026-05-23 09:08:45-07,16201,6641,14926010,1,312530,49.26689910888672,-123.23905181884766,13.0185,142,8.978829703983108
2026-05-23 00:00:00,2026-05-23 09:09:28.366076-07,2026-05-23 09:09:00-07,16222,6641,14926015,1,312530,49.262481689453125,-123.0849838256836,1.6033,24,20.602472193874284
2026-05-23 00:00:00,2026-05-23 09:09:28.366076-07,2026-05-23 09:08:58-07,19026,6641,14925864,0,312527,49.266868591308594,-123.2419204711914,0.5494,9,31.495528587944094
2026-05-23 00:00:00,2026-05-23 09:09:28.366076-07,2026-05-23 09:08:55-07,19035,6641,14926014,1,312529,49.26253128051758,-123.09296417236328,5.0964,88,3.82900089186134
2026-05-23 00:00:00,2026-05-23 09:09:28.366076-07,2026-05-23 09:06:07-07,19041,6641,14926017,1,312530,49.26321792602539,-123.06856536865234,0.3869,8,94.8412390386356
2026-05-23 00:00:00,2026-05-23 09:09:28.366076-07,2026-05-23 09:09:02-07,22012,6641,14925862,0,312527,49.26348114013672,-123.12674713134766,9.1958,97,12.500263701648741
2026-05-23 00:00:00,2026-05-23 09:09:28.366076-07,2026-05-23 09:08:42-07,23002,6641,14926012,1,312530,49.26369857788086,-123.14881896972656,6.1863,73,49.35994157940766
2026-05-23 00:00:00,2026-05-23 09:09:28.366076-07,2026-05-23 09:08:43-07,24005,6641,14926013,1,312530,49.26350021362305,-123.12602996826172,4.6192,60,44.007487178486976
2026-05-23 00:00:00,2026-05-23 09:09:28.366076-07,2026-05-23 09:08:35-07,24007,6641,14925861,0,312527,49.2626838684082,-123.0963363647461,11.4285,124,24.912974081245185
2026-05-23 00:00:00,2026-05-23 09:09:28.366076-07,2026-05-23 09:09:01-07,24011,6641,14926016,1,312529,49.262298583984375,-123.06116485595703,2.8396,59,62.9260552121575
2026-05-23 00:00:00,2026-05-23 09:09:28.366076-07,2026-05-23 09:08:57-07,24013,6641,14926011,1,312529,49.264366149902344,-123.18443298339844,11.7118,156,47.13864391253216
2026-05-23 00:00:00,2026-05-23 09:09:58.940759-07,2026-05-23 09:09:32-07,15019,6641,14925863,0,312527,49.264034271240234,-123.16748046875,6.171,72,49.5702442884666
2026-05-23 00:00:00,2026-05-23 09:09:58.940759-07,2026-05-23 09:09:16-07,16201,6641,14926010,1,312530,49.2668342590332,-123.242919921875,13.2769,149,35.162629249226214
2026-05-23 00:00:00,2026-05-23 09:09:58.940759-07,2026-05-23 09:09:32-07,16222,6641,14926015,1,312530,49.26253128051758,-123.08885192871094,1.885,26,21.259473231971274
2026-05-23 00:00:00,2026-05-23 09:09:58.940759-07,2026-05-23 09:09:36-07,19026,6641,14925864,0,312527,49.26694869995117,-123.24138641357422,0.6276,11,9.304973178961857
2026-05-23 00:00:00,2026-05-23 09:09:58.940759-07,2026-05-23 09:09:27-07,19035,6641,14926014,1,312529,49.26285171508789,-123.09746551513672,5.3928,95,33.310371899674394
2026-05-23 00:00:00,2026-05-23 09:09:58.940759-07,2026-05-23 09:06:07-07,19041,6641,14926017,1,312530,49.26321792602539,-123.06856536865234,0.3869,8,94.8412390386356
2026-05-23 00:00:00,2026-05-23 09:09:58.940759-07,2026-05-23 09:09:33-07,22012,6641,14925862,0,312527,49.26335144042969,-123.12310028076172,9.3737,98,78.08012943704765
2026-05-23 00:00:00,2026-05-23 09:09:58.940759-07,2026-05-23 09:09:12-07,23002,6641,14926012,1,312530,49.26371765136719,-123.15118408203125,6.3612,74,46.994412838912105
2026-05-23 00:00:00,2026-05-23 09:09:58.940759-07,2026-05-23 09:09:12-07,24005,6641,14926013,1,312530,49.26350021362305,-123.1288833618164,4.7927,61,10.69754755635929
2026-05-23 00:00:00,2026-05-23 09:09:58.940759-07,2026-05-23 09:09:05-07,24007,6641,14925861,0,312527,49.26246643066406,-123.09183502197266,11.791,130,57.460486354542994
2026-05-23 00:00:00,2026-05-23 09:09:58.940759-07,2026-05-23 09:09:35-07,24011,6641,14926016,1,312529,49.26238250732422,-123.06549835205078,3.1238,63,30.547175246225674
2026-05-23 00:00:00,2026-05-23 09:09:58.940759-07,2026-05-23 09:09:26-07,24013,6641,14926011,1,312529,49.264381408691406,-123.18561553955078,11.8643,157,19.159376030181146
2026-05-23 00:00:00,2026-05-23 09:10:29.634085-07,2026-05-23 09:10:01-07,15019,6641,14925863,0,312527,49.264034271240234,-123.16703033447266,6.2929,73,39.537204027174795
2026-05-23 00:00:00,2026-05-23 09:10:29.634085-07,2026-05-23 09:09:52-07,16201,6641,14926010,1,312530,49.266517639160156,-123.24500274658203,13.5001,151,32.517124559871476
2026-05-23 00:00:00,2026-05-23 09:10:29.634085-07,2026-05-23 09:10:01-07,16222,6641,14926015,1,312530,49.26256561279297,-123.08905029296875,1.885,26,11.145538245574723
2026-05-23 00:00:00,2026-05-23 09:10:29.634085-07,2026-05-23 09:10:04-07,19026,6641,14925864,0,312527,49.266231536865234,-123.23681640625,0.9528,22,12.793781143174693
2026-05-23 00:00:00,2026-05-23 09:10:29.634085-07,2026-05-23 09:09:58-07,19035,6641,14926014,1,312529,49.26286697387695,-123.09783172607422,5.3928,95,59.747195181709934
2026-05-23 00:00:00,2026-05-23 09:10:29.634085-07,2026-05-23 09:06:07-07,19041,6641,14926017,1,312530,49.26321792602539,-123.06856536865234,0.3869,8,94.8412390386356
2026-05-23 00:00:00,2026-05-23 09:10:29.634085-07,2026-05-23 09:10:03-07,22012,6641,14925862,0,312527,49.263267517089844,-123.12026977539062,9.6854,100,27.366380485345022
2026-05-23 00:00:00,2026-05-23 09:10:29.634085-07,2026-05-23 09:09:41-07,23002,6641,14926012,1,312530,49.26374816894531,-123.15249633789062,6.4957,77,10.537669935847893
2026-05-23 00:00:00,2026-05-23 09:10:29.634085-07,2026-05-23 09:09:44-07,24005,6641,14926013,1,312530,49.26358413696289,-123.13468170166016,5.1362,63,70.14804836266056
2026-05-23 00:00:00,2026-05-23 09:10:29.634085-07,2026-05-23 09:09:51-07,24007,6641,14925861,0,312527,49.26243209838867,-123.08809661865234,12.0717,132,66.1411268557954
2026-05-23 00:00:00,2026-05-23 09:10:29.634085-07,2026-05-23 09:10:02-07,24011,6641,14926016,1,312529,49.26240158081055,-123.06559753417969,3.1238,63,23.995617651946382
2026-05-23 00:00:00,2026-05-23 09:10:29.634085-07,2026-05-23 09:09:56-07,24013,6641,14926011,1,312529,49.26396560668945,-123.18596649169922,11.9122,158,6.418155989035435
2026-05-23 00:00:00,2026-05-23 09:11:00.198589-07,2026-05-23 09:10:31-07,15019,6641,14925863,0,312527,49.26398468017578,-123.1633529663086,6.5897,75,68.42472997535745
2026-05-23 00:00:00,2026-05-23 09:11:00.198589-07,2026-05-23 09:10:21-07,16201,6641,14926010,1,312530,49.26716613769531,-123.24610137939453,13.5955,152,4.837061223028985
2026-05-23 00:00:00,2026-05-23 09:11:00.198589-07,2026-05-23 09:10:28-07,16222,6641,14926015,1,312530,49.26256561279297,-123.09028625488281,2.024,27,55.62498091999211
2026-05-23 00:00:00,2026-05-23 09:11:00.198589-07,2026-05-23 09:10:33-07,19026,6641,14925864,0,312527,49.26396560668945,-123.23280334472656,1.3592,29,7.667663287901483
2026-05-23 00:00:00,2026-05-23 09:11:00.198589-07,2026-05-23 09:10:30-07,19035,6641,14926014,1,312529,49.262916564941406,-123.10126495361328,5.6865,102,15.960965444852862
2026-05-23 00:00:00,2026-05-23 09:11:00.198589-07,2026-05-23 09:06:07-07,19041,6641,14926017,1,312530,49.26321792602539,-123.06856536865234,0.3869,8,94.8412390386356
2026-05-23 00:00:00,2026-05-23 09:11:00.198589-07,2026-05-23 09:10:32-07,22012,6641,14925862,0,312527,49.263282775878906,-123.1201171875,9.6854,100,16.1800169946638
2026-05-23 00:00:00,2026-05-23 09:11:00.198589-07,2026-05-23 09:10:30-07,23002,6641,14926012,1,312530,49.26388168334961,-123.15471649169922,6.7076,79,42.33117613081193
2026-05-23 00:00:00,2026-05-23 09:11:00.198589-07,2026-05-23 09:10:13-07,24005,6641,14926013,1,312530,49.26350021362305,-123.1357650756836,5.3087,65,24.357355392104864
2026-05-23 00:00:00,2026-05-23 09:11:00.198589-07,2026-05-23 09:10:20-07,24007,6641,14925861,0,312527,49.26243209838867,-123.08625030517578,12.0717,132,68.10203879947127
2026-05-23 00:00:00,2026-05-23 09:11:00.198589-07,2026-05-23 09:10:32-07,24011,6641,14926016,1,312529,49.26241683959961,-123.06873321533203,3.334,69,12.10657350848069
2026-05-23 00:00:00,2026-05-23 09:11:00.198589-07,2026-05-23 09:10:34-07,24013,6641,14926011,1,312529,49.26350021362305,-123.1861343383789,11.9632,159,17.282161010007993
2026-05-23 00:00:00,2026-05-23 09:11:30.818631-07,2026-05-23 09:11:02-07,15019,6641,14925863,0,312527,49.26388168334961,-123.15848541259766,6.9369,77,61.3070772093236
2026-05-23 00:00:00,2026-05-23 09:11:30.818631-07,2026-05-23 09:10:52-07,16201,6641,14926010,1,312530,49.26874923706055,-123.24771881103516,13.8236,161,19.2542588400537
2026-05-23 00:00:00,2026-05-23 09:11:30.818631-07,2026-05-23 09:10:57-07,16222,6641,14926015,1,312530,49.262550354003906,-123.09273529052734,2.1664,28,19.831730642403535
2026-05-23 00:00:00,2026-05-23 09:11:30.818631-07,2026-05-23 09:11:04-07,19026,6641,14925864,0,312527,49.26358413696289,-123.22760009765625,1.5845,36,157.6299079652708
2026-05-23 00:00:00,2026-05-23 09:11:30.818631-07,2026-05-23 09:11:00-07,19035,6641,14926014,1,312529,49.26303482055664,-123.10413360595703,5.9664,105,54.57360350641816
2026-05-23 00:00:00,2026-05-23 09:11:30.818631-07,2026-05-23 09:06:07-07,19041,6641,14926017,1,312530,49.26321792602539,-123.06856536865234,0.3869,8,94.8412390386356
2026-05-23 00:00:00,2026-05-23 09:11:30.818631-07,2026-05-23 09:10:54-07,22012,6641,14925862,0,312527,49.263282775878906,-123.11991882324219,9.6854,100,2.199097212548531
2026-05-23 00:00:00,2026-05-23 09:11:30.818631-07,2026-05-23 09:11:01-07,23002,6641,14926012,1,312530,49.26390075683594,-123.15516662597656,6.7076,79,10.573944824784546
2026-05-23 00:00:00,2026-05-23 09:11:30.818631-07,2026-05-23 09:10:43-07,24005,6641,14926013,1,312530,49.26369857788086,-123.13960266113281,5.5394,68,27.55405602390448
2026-05-23 00:00:00,2026-05-23 09:11:30.818631-07,2026-05-23 09:10:50-07,24007,6641,14925861,0,312527,49.26240158081055,-123.08163452148438,12.4937,135,17.93385174479849
2026-05-23 00:00:00,2026-05-23 09:11:30.818631-07,2026-05-23 09:11:03-07,24011,6641,14926016,1,312529,49.26238250732422,-123.0687484741211,3.334,69,8.139747425471121
2026-05-23 00:00:00,2026-05-23 09:11:30.818631-07,2026-05-23 09:11:05-07,24013,6641,14926011,1,312529,49.26356887817383,-123.18990325927734,12.323,161,67.98086028357572
2026-05-23 00:00:00,2026-05-23 09:12:01.402466-07,2026-05-23 09:11:33-07,15019,6641,14925863,0,312527,49.2637825012207,-123.15486907958984,7.1074,78,32.39454212818681
2026-05-23 00:00:00,2026-05-23 09:12:01.402466-07,2026-05-23 09:10:52-07,16201,6641,14926010,1,312530,49.26874923706055,-123.24771881103516,13.8236,161,19.2542588400537
2026-05-23 00:00:00,2026-05-23 09:12:01.402466-07,2026-05-23 09:11:30-07,16222,6641,14926015,1,312530,49.262550354003906,-123.09473419189453,2.3085,30,16.18523348221737
2026-05-23 00:00:00,2026-05-23 09:12:01.402466-07,2026-05-23 09:11:35-07,19026,6641,14925864,0,312527,49.26371765136719,-123.22228240966797,2.5945,37,463.2527852260928
2026-05-23 00:00:00,2026-05-23 09:12:01.402466-07,2026-05-23 09:11:32-07,19035,6641,14926014,1,312529,49.263065338134766,-123.1048812866211,5.9663,104,5.6077850701005225
2026-05-23 00:00:00,2026-05-23 09:12:01.402466-07,2026-05-23 09:06:07-07,19041,6641,14926017,1,312530,49.26321792602539,-123.06856536865234,0.3869,8,94.8412390386356
2026-05-23 00:00:00,2026-05-23 09:12:01.402466-07,2026-05-23 09:11:26-07,22012,6641,14925862,0,312527,49.263248443603516,-123.11772918701172,9.8582,101,15.107892653783491
2026-05-23 00:00:00,2026-05-23 09:12:01.402466-07,2026-05-23 09:11:32-07,23002,6641,14926012,1,312530,49.26398468017578,-123.16016387939453,7.0508,81,12.022797976004137
2026-05-23 00:00:00,2026-05-23 09:12:01.402466-07,2026-05-23 09:11:19-07,24005,6641,14926013,1,312530,49.26369857788086,-123.14063262939453,5.6682,69,30.053730723097505
2026-05-23 00:00:00,2026-05-23 09:12:01.402466-07,2026-05-23 09:11:21-07,24007,6641,14925861,0,312527,49.262367248535156,-123.07893371582031,12.7679,137,95.15567101181304
2026-05-23 00:00:00,2026-05-23 09:12:01.402466-07,2026-05-23 09:11:34-07,24011,6641,14926016,1,312529,49.262367248535156,-123.06876373291016,3.334,69,6.1772810216083975
2026-05-23 00:00:00,2026-05-23 09:12:01.402466-07,2026-05-23 09:11:36-07,24013,6641,14926011,1,312529,49.263648986816406,-123.19501495361328,12.6739,165,46.5356694897217
2026-05-23 00:00:00,2026-05-23 09:12:32.309466-07,2026-05-23 09:11:59-07,15019,6641,14925863,0,312527,49.26380157470703,-123.15460205078125,7.1074,78,51.00274645492872
2026-05-23 00:00:00,2026-05-23 09:12:32.309466-07,2026-05-23 09:10:52-07,16201,6641,14926010,1,312530,49.26874923706055,-123.24771881103516,13.8236,161,19.2542588400537
2026-05-23 00:00:00,2026-05-23 09:12:32.309466-07,2026-05-23 09:12:16-07,16222,6641,14926015,1,312530,49.26286697387695,-123.09778594970703,2.4628,35,56.46660437424819
2026-05-23 00:00:00,2026-05-23 09:12:32.309466-07,2026-05-23 09:12:05-07,19026,6641,14925864,0,312527,49.263832092285156,-123.21686553955078,2.5945,37,69.99431929888156
2026-05-23 00:00:00,2026-05-23 09:12:32.309466-07,2026-05-23 09:12:03-07,19035,6641,14926014,1,312529,49.26316833496094,-123.10955047607422,6.3015,108,7.22186019842804
2026-05-23 00:00:00,2026-05-23 09:12:32.309466-07,2026-05-23 09:06:07-07,19041,6641,14926017,1,312530,49.26321792602539,-123.06856536865234,0.3869,8,94.8412390386356
2026-05-23 00:00:00,2026-05-23 09:12:32.309466-07,2026-05-23 09:11:54-07,22012,6641,14925862,0,312527,49.26319885253906,-123.11626434326172,9.8583,102,91.29296249129652
2026-05-23 00:00:00,2026-05-23 09:12:32.309466-07,2026-05-23 09:12:01-07,23002,6641,14926012,1,312530,49.26408386230469,-123.16596984863281,7.5221,84,37.64222839758796
2026-05-23 00:00:00,2026-05-23 09:12:32.309466-07,2026-05-23 09:12:19-07,24005,6641,14926013,1,312530,49.26371765136719,-123.14395141601562,5.8421,71,39.48468355808475
2026-05-23 00:00:00,2026-05-23 09:12:32.309466-07,2026-05-23 09:12:21-07,24007,6641,14925861,0,312527,49.262298583984375,-123.0763168334961,12.8332,139,31.24193300548489
2026-05-23 00:00:00,2026-05-23 09:12:32.309466-07,2026-05-23 09:12:14-07,24011,6641,14926016,1,312529,49.262367248535156,-123.06893157958984,3.3463,70,5.7785235245569035
2026-05-23 00:00:00,2026-05-23 09:12:32.309466-07,2026-05-23 09:12:05-07,24013,6641,14926011,1,312529,49.26373291015625,-123.20085144042969,12.9972,169,55.019252156725564
2026-05-23 00:00:00,2026-05-23 09:13:02.876161-07,2026-05-23 09:12:27-07,15019,6641,14925863,0,312527,49.26373291015625,-123.15198516845703,7.3224,81,27.58540309839418
2026-05-23 00:00:00,2026-05-23 09:13:02.876161-07,2026-05-23 09:10:52-07,16201,6641,14926010,1,312530,49.26874923706055,-123.24771881103516,13.8236,161,19.2542588400537
2026-05-23 00:00:00,2026-05-23 09:13:02.876161-07,2026-05-23 09:12:46-07,16222,6641,14926015,1,312530,49.26285171508789,-123.0992202758789,2.6062,37,17.145311848700597
2026-05-23 00:00:00,2026-05-23 09:13:02.876161-07,2026-05-23 09:12:34-07,19026,6641,14925864,0,312527,49.26386642456055,-123.21553039550781,2.6424,38,20.820563352487696
2026-05-23 00:00:00,2026-05-23 09:13:02.876161-07,2026-05-23 09:12:32-07,19035,6641,14926014,1,312529,49.26321792602539,-123.11308288574219,6.5496,110,14.47921585920659
2026-05-23 00:00:00,2026-05-23 09:13:02.876161-07,2026-05-23 09:06:07-07,19041,6641,14926017,1,312530,49.26321792602539,-123.06856536865234,0.3869,8,94.8412390386356
2026-05-23 00:00:00,2026-05-23 09:13:02.876161-07,2026-05-23 09:12:23-07,22012,6641,14925862,0,312527,49.26316833496094,-123.11436462402344,10.058,105,30.257309690741312
2026-05-23 00:00:00,2026-05-23 09:13:02.876161-07,2026-05-23 09:12:44-07,23002,6641,14926012,1,312530,49.26411819458008,-123.16791534423828,7.644,85,18.2538613119725
2026-05-23 00:00:00,2026-05-23 09:13:02.876161-07,2026-05-23 09:12:47-07,24005,6641,14926013,1,312530,49.26374816894531,-123.14551544189453,6.0127,72,18.26460662122141
2026-05-23 00:00:00,2026-05-23 09:13:02.876161-07,2026-05-23 09:12:25-07,24007,6641,14925861,0,312527,49.262332916259766,-123.07586669921875,12.9163,140,21.066145501837216
2026-05-23 00:00:00,2026-05-23 09:13:02.876161-07,2026-05-23 09:12:42-07,24011,6641,14926016,1,312529,49.26238250732422,-123.0710678100586,3.5523,74,52.37286956704341
2026-05-23 00:00:00,2026-05-23 09:13:02.876161-07,2026-05-23 09:12:36-07,24013,6641,14926011,1,312529,49.263816833496094,-123.20623016357422,13.4337,172,10.56859853478073
2026-05-23 00:00:00,2026-05-23 09:13:33.441309-07,2026-05-23 09:12:57-07,15019,6641,14925863,0,312527,49.26371765136719,-123.15080261230469,7.4538,83,20.083621482705254
2026-05-23 00:00:00,2026-05-23 09:13:33.441309-07,2026-05-23 09:10:52-07,16201,6641,14926010,1,312530,49.26874923706055,-123.24771881103516,13.8236,161,19.2542588400537
2026-05-23 00:00:00,2026-05-23 09:13:33.441309-07,2026-05-23 09:13:17-07,16222,6641,14926015,1,312530,49.2629508972168,-123.10202026367188,2.896,43,68.28755737131418
2026-05-23 00:00:00,2026-05-23 09:13:33.441309-07,2026-05-23 09:13:04-07,19026,6641,14925864,0,312527,49.26386642456055,-123.21170043945312,2.8717,43,31.134328923377677
2026-05-23 00:00:00,2026-05-23 09:13:33.441309-07,2026-05-23 09:13:01-07,19035,6641,14926014,1,312529,49.263248443603516,-123.11444854736328,6.687,112,24.41189050462282
2026-05-23 00:00:00,2026-05-23 09:13:33.441309-07,2026-05-23 09:06:07-07,19041,6641,14926017,1,312530,49.26321792602539,-123.06856536865234,0.3869,8,94.8412390386356
2026-05-23 00:00:00,2026-05-23 09:13:33.441309-07,2026-05-23 09:13:15-07,22012,6641,14925862,0,312527,49.26319885253906,-123.11415100097656,10.058,105,45.50125877278757
2026-05-23 00:00:00,2026-05-23 09:13:33.441309-07,2026-05-23 09:13:14-07,23002,6641,14926012,1,312530,49.26411819458008,-123.16809844970703,7.644,85,6.163188655476733
2026-05-23 00:00:00,2026-05-23 09:13:33.441309-07,2026-05-23 09:13:18-07,24005,6641,14926013,1,312530,49.26371765136719,-123.14763641357422,6.1863,73,36.78682919188663
2026-05-23 00:00:00,2026-05-23 09:13:33.441309-07,2026-05-23 09:12:56-07,24007,6641,14925861,0,312527,49.26234817504883,-123.07071685791016,13.3378,144,67.01296299272124
2026-05-23 00:00:00,2026-05-23 09:13:33.441309-07,2026-05-23 09:13:12-07,24011,6641,14926016,1,312529,49.26246643066406,-123.07634735107422,3.9118,78,28.895656299417325
2026-05-23 00:00:00,2026-05-23 09:13:33.441309-07,2026-05-23 09:13:05-07,24013,6641,14926011,1,312529,49.26386642456055,-123.20894622802734,13.6544,173,13.125493149085347
2026-05-23 00:00:00,2026-05-23 09:14:04.007028-07,2026-05-23 09:13:28-07,15019,6641,14925863,0,312527,49.26369857788086,-123.1493148803711,7.6286,84,85.24503519505339
2026-05-23 00:00:00,2026-05-23 09:14:04.007028-07,2026-05-23 09:10:52-07,16201,6641,14926010,1,312530,49.26874923706055,-123.24771881103516,13.8236,161,19.2542588400537
2026-05-23 00:00:00,2026-05-23 09:14:04.007028-07,2026-05-23 09:13:48-07,16222,6641,14926015,1,312530,49.263065338134766,-123.10456848144531,3.0364,45,23.666759100648285
2026-05-23 00:00:00,2026-05-23 09:14:04.007028-07,2026-05-23 09:13:51-07,19026,6641,14925864,0,312527,49.26380157470703,-123.20809936523438,3.0906,44,74.23190587508012
2026-05-23 00:00:00,2026-05-23 09:14:04.007028-07,2026-05-23 09:13:31-07,19035,6641,14926014,1,312529,49.263301849365234,-123.11624908447266,6.8867,115,92.40281911942996
2026-05-23 00:00:00,2026-05-23 09:14:04.007028-07,2026-05-23 09:06:07-07,19041,6641,14926017,1,312530,49.26321792602539,-123.06856536865234,0.3869,8,94.8412390386356
2026-05-23 00:00:00,2026-05-23 09:14:04.007028-07,2026-05-23 09:13:46-07,22012,6641,14925862,0,312527,49.26319885253906,-123.11308288574219,10.1954,107,14.009198659744316
2026-05-23 00:00:00,2026-05-23 09:14:04.007028-07,2026-05-23 09:13:45-07,23002,6641,14926012,1,312530,49.264183044433594,-123.17301940917969,7.9278,88,69.91896943079306
2026-05-23 00:00:00,2026-05-23 09:14:04.007028-07,2026-05-23 09:13:50-07,24005,6641,14926013,1,312530,49.26374816894531,-123.152099609375,6.4926,76,19.195491028385092
2026-05-23 00:00:00,2026-05-23 09:14:04.007028-07,2026-05-23 09:13:27-07,24007,6641,14925861,0,312527,49.26234817504883,-123.0699462890625,13.3378,144,11.322667921396244
2026-05-23 00:00:00,2026-05-23 09:14:04.007028-07,2026-05-23 09:13:43-07,24011,6641,14926016,1,312529,49.262481689453125,-123.07848358154297,3.9771,80,63.222237168696026
2026-05-23 00:00:00,2026-05-23 09:14:04.007028-07,2026-05-23 09:13:47-07,24013,6641,14926011,1,312529,49.26386642456055,-123.21009826660156,13.6544,173,70.99424951056135
2026-05-23 00:00:00,2026-05-23 09:14:34.7153-07,2026-05-23 09:13:58-07,15019,6641,14925863,0,312527,49.2636833190918,-123.1483154296875,7.6286,84,14.17565802952002
2026-05-23 00:00:00,2026-05-23 09:14:34.7153-07,2026-05-23 09:10:52-07,16201,6641,14926010,1,312530,49.26874923706055,-123.24771881103516,13.8236,161,19.2542588400537
2026-05-23 00:00:00,2026-05-23 09:14:34.7153-07,2026-05-23 09:14:16-07,16222,6641,14926015,1,312530,49.263084411621094,-123.1046142578125,3.0364,45,21.148865372527652
2026-05-23 00:00:00,2026-05-23 09:14:34.7153-07,2026-05-23 09:14:22-07,19026,6641,14925864,0,312527,49.26371765136719,-123.20301818847656,3.5355,47,2.866498821045972
2026-05-23 00:00:00,2026-05-23 09:14:34.7153-07,2026-05-23 09:14:13-07,19035,6641,14926014,1,312529,49.2633171081543,-123.11658477783203,6.8867,115,68.27252259328218
2026-05-23 00:00:00,2026-05-23 09:14:34.7153-07,2026-05-23 09:06:07-07,19041,6641,14926017,1,312530,49.26321792602539,-123.06856536865234,0.3869,8,94.8412390386356
2026-05-23 00:00:00,2026-05-23 09:14:34.7153-07,2026-05-23 09:14:16-07,22012,6641,14925862,0,312527,49.26318359375,-123.11126708984375,10.3366,108,23.171861832660564
2026-05-23 00:00:00,2026-05-23 09:14:34.7153-07,2026-05-23 09:14:16-07,23002,6641,14926012,1,312530,49.2642822265625,-123.17835235595703,8.3458,92,40.56684192606051
2026-05-23 00:00:00,2026-05-23 09:14:34.7153-07,2026-05-23 09:14:20-07,24005,6641,14926013,1,312530,49.263832092285156,-123.15370178222656,6.5357,78,55.43623778926486
2026-05-23 00:00:00,2026-05-23 09:14:34.7153-07,2026-05-23 09:13:57-07,24007,6641,14925861,0,312527,49.262916564941406,-123.06971740722656,13.4045,146,4.944852738876322
2026-05-23 00:00:00,2026-05-23 09:14:34.7153-07,2026-05-23 09:14:04-07,24011,6641,14926016,1,312529,49.26246643066406,-123.07884979248047,3.9771,80,89.3962268937175
2026-05-23 00:00:00,2026-05-23 09:14:34.7153-07,2026-05-23 09:14:18-07,24013,6641,14926011,1,312529,49.26395034790039,-123.2146987915039,14.0754,177,15.154968045364202
2026-05-23 00:00:00,2026-05-23 09:15:05.419281-07,2026-05-23 09:14:28-07,15019,6641,14925863,0,312527,49.2636833190918,-123.14643096923828,7.8023,85,48.94962032672551
2026-05-23 00:00:00,2026-05-23 09:15:05.419281-07,2026-05-23 09:10:52-07,16201,6641,14926010,1,312530,49.26874923706055,-123.24771881103516,13.8236,161,19.2542588400537
2026-05-23 00:00:00,2026-05-23 09:15:05.419281-07,2026-05-23 09:14:27-07,16222,6641,14926015,1,312530,49.263084411621094,-123.10479736328125,3.0362,44,10.04688311540628
2026-05-23 00:00:00,2026-05-23 09:15:05.419281-07,2026-05-23 09:14:52-07,19026,6641,14925864,0,312527,49.263633728027344,-123.19743347167969,3.9755,51,33.66349870338793
2026-05-23 00:00:00,2026-05-23 09:15:05.419281-07,2026-05-23 09:14:42-07,19035,6641,14926014,1,312529,49.263301849365234,-123.11734771728516,6.8867,115,13.766916161434283
2026-05-23 00:00:00,2026-05-23 09:15:05.419281-07,2026-05-23 09:06:07-07,19041,6641,14926017,1,312530,49.26321792602539,-123.06856536865234,0.3869,8,94.8412390386356
2026-05-23 00:00:00,2026-05-23 09:15:05.419281-07,2026-05-23 09:14:45-07,22012,6641,14925862,0,312527,49.2630500793457,-123.10678100585938,10.6369,111,3.635154667304545
2026-05-23 00:00:00,2026-05-23 09:15:05.419281-07,2026-05-23 09:14:44-07,23002,6641,14926012,1,312530,49.264366149902344,-123.18395233154297,8.7818,96,12.596320603106053
2026-05-23 00:00:00,2026-05-23 09:15:05.419281-07,2026-05-23 09:14:52-07,23009,6641,14926018,1,312529,49.26523208618164,-123.0253677368164,0.0428,2,10.813201966352079
2026-05-23 00:00:00,2026-05-23 09:15:05.419281-07,2026-05-23 09:14:51-07,24005,6641,14926013,1,312530,49.26388168334961,-123.15476989746094,6.7076,79,38.46218451593775
2026-05-23 00:00:00,2026-05-23 09:15:05.419281-07,2026-05-23 09:14:52-07,24007,6641,14925861,0,312527,49.2634162902832,-123.06912994384766,13.4776,149,50.07495418809901
2026-05-23 00:00:00,2026-05-23 09:15:05.419281-07,2026-05-23 09:14:34-07,24011,6641,14926016,1,312529,49.26250076293945,-123.08466339111328,4.5334,84,43.938717109558205
2026-05-23 00:00:00,2026-05-23 09:15:05.419281-07,2026-05-23 09:14:48-07,24013,6641,14926011,1,312529,49.26396560668945,-123.21498107910156,14.0754,177,7.1882040411343535
2026-05-23 00:00:00,2026-05-23 09:15:36.064181-07,2026-05-23 09:14:57-07,15019,6641,14925863,0,312527,49.26361846923828,-123.1418685913086,8.1467,87,61.0708765840173
2026-05-23 00:00:00,2026-05-23 09:15:36.064181-07,2026-05-23 09:10:52-07,16201,6641,14926010,1,312530,49.26874923706055,-123.24771881103516,13.8236,161,19.2542588400537
2026-05-23 00:00:00,2026-05-23 09:15:36.064181-07,2026-05-23 09:14:57-07,16222,6641,14926015,1,312530,49.26313400268555,-123.1084976196289,3.3714,48,71.59290625626267
2026-05-23 00:00:00,2026-05-23 09:15:36.064181-07,2026-05-23 09:15:21-07,19026,6641,14925864,0,312527,49.2635498046875,-123.19198608398438,4.4218,55,83.15484181856425
2026-05-23 00:00:00,2026-05-23 09:15:36.064181-07,2026-05-23 09:15:13-07,19035,6641,14926014,1,312529,49.26335144042969,-123.11968231201172,7.0596,117,16.660712024570515
2026-05-23 00:00:00,2026-05-23 09:15:36.064181-07,2026-05-23 09:06:07-07,19041,6641,14926017,1,312530,49.26321792602539,-123.06856536865234,0.3869,8,94.8412390386356
2026-05-23 00:00:00,2026-05-23 09:15:36.064181-07,2026-05-23 09:15:16-07,22012,6641,14925862,0,312527,49.2629508972168,-123.1028823852539,10.919,114,5.979046122726566
2026-05-23 00:00:00,2026-05-23 09:15:36.064181-07,2026-05-23 09:15:15-07,23002,6641,14926012,1,312530,49.26431655883789,-123.18589782714844,8.9343,97,6.0974013909537765
2026-05-23 00:00:00,2026-05-23 09:15:36.064181-07,2026-05-23 09:14:52-07,23009,6641,14926018,1,312529,49.26523208618164,-123.0253677368164,0.0428,2,10.813201966352079
2026-05-23 00:00:00,2026-05-23 09:15:36.064181-07,2026-05-23 09:14:51-07,24005,6641,14926013,1,312530,49.26388168334961,-123.15476989746094,6.7076,79,38.46218451593775
2026-05-23 00:00:00,2026-05-23 09:15:36.064181-07,2026-05-23 09:14:52-07,24007,6641,14925861,0,312527,49.2634162902832,-123.06912994384766,13.4776,149,50.07495418809901
2026-05-23 00:00:00,2026-05-23 09:15:36.064181-07,2026-05-23 09:15:04-07,24011,6641,14926016,1,312529,49.2625846862793,-123.09004974365234,4.8151,86,67.35340436785738
2026-05-23 00:00:00,2026-05-23 09:15:36.064181-07,2026-05-23 09:15:17-07,24013,6641,14926011,1,312529,49.26390075683594,-123.21918487548828,14.1504,180,238.39100645338826
2026-05-23 00:00:00,2026-05-23 09:16:06.64461-07,2026-05-23 09:15:28-07,15019,6641,14925863,0,312527,49.26359939575195,-123.14128112792969,8.1467,87,18.51179418874962
2026-05-23 00:00:00,2026-05-23 09:16:06.64461-07,2026-05-23 09:10:52-07,16201,6641,14926010,1,312530,49.26874923706055,-123.24771881103516,13.8236,161,19.2542588400537
2026-05-23 00:00:00,2026-05-23 09:16:06.64461-07,2026-05-23 09:15:26-07,16222,6641,14926015,1,312530,49.26321792602539,-123.11181640625,3.4784,49,63.1607878210255
2026-05-23 00:00:00,2026-05-23 09:16:06.64461-07,2026-05-23 09:15:52-07,19026,6641,14925864,0,312527,49.26348114013672,-123.18696594238281,4.6423,57,61.807801400152314
2026-05-23 00:00:00,2026-05-23 09:16:06.64461-07,2026-05-23 09:15:43-07,19035,6641,14926014,1,312529,49.26338195800781,-123.12086486816406,7.1997,118,69.61131942968807
2026-05-23 00:00:00,2026-05-23 09:16:06.64461-07,2026-05-23 09:15:51-07,19041,6641,14926017,1,312530,49.262550354003906,-123.06686401367188,0.2397,3,3.417852050996407
2026-05-23 00:00:00,2026-05-23 09:16:06.64461-07,2026-05-23 09:15:46-07,22012,6641,14925862,0,312527,49.26279830932617,-123.09989929199219,11.1692,118,28.300038719092818
2026-05-23 00:00:00,2026-05-23 09:16:06.64461-07,2026-05-23 09:15:45-07,23002,6641,14926012,1,312530,49.26374816894531,-123.18596649169922,8.9822,98,21.97054454487044
2026-05-23 00:00:00,2026-05-23 09:16:06.64461-07,2026-05-23 09:15:22-07,23009,6641,14926018,1,312529,49.26523208618164,-123.02538299560547,0.0428,2,10.243693007769727
2026-05-23 00:00:00,2026-05-23 09:16:06.64461-07,2026-05-23 09:15:51-07,24005,6641,14926013,1,312530,49.26398468017578,-123.16130065917969,7.2253,82,80.497327296197
2026-05-23 00:00:00,2026-05-23 09:16:06.64461-07,2026-05-23 09:15:47-07,24007,6641,14926019,1,312530,49.26321792602539,-123.0685806274414,0.3869,8,94.84547317719102
2026-05-23 00:00:00,2026-05-23 09:16:06.64461-07,2026-05-23 09:15:30-07,24011,6641,14926016,1,312529,49.26256561279297,-123.09038543701172,4.954,87,48.52270104752168
2026-05-23 00:00:00,2026-05-23 09:16:06.64461-07,2026-05-23 09:15:48-07,24013,6641,14926011,1,312529,49.26374816894531,-123.2249526977539,15.1734,181,362.61832056642254
2026-05-23 00:00:00,2026-05-23 09:16:39.074414-07,2026-05-23 09:15:57-07,15019,6641,14925863,0,312527,49.26356887817383,-123.14006805419922,8.2755,89,58.930232791633244
2026-05-23 00:00:00,2026-05-23 09:16:39.074414-07,2026-05-23 09:10:52-07,16201,6641,14926010,1,312530,49.26874923706055,-123.24771881103516,13.8236,161,19.2542588400537
2026-05-23 00:00:00,2026-05-23 09:16:39.074414-07,2026-05-23 09:15:56-07,16222,6641,14926015,1,312530,49.26323318481445,-123.114013671875,3.757,52,55.55766996520598
2026-05-23 00:00:00,2026-05-23 09:16:39.074414-07,2026-05-23 09:16:21-07,19026,6641,14925864,0,312527,49.26348114013672,-123.18599700927734,4.7818,58,7.184501412462317
2026-05-23 00:00:00,2026-05-23 09:16:39.074414-07,2026-05-23 09:16:17-07,19035,6641,14926014,1,312529,49.2634162902832,-123.12261962890625,7.1997,118,59.13652946629473
2026-05-23 00:00:00,2026-05-23 09:16:39.074414-07,2026-05-23 09:16:21-07,19041,6641,14926017,1,312530,49.26240158081055,-123.06873321533203,0.4039,9,10.518724729685353
2026-05-23 00:00:00,2026-05-23 09:16:39.074414-07,2026-05-23 09:16:03-07,22012,6641,14925862,0,312527,49.26279830932617,-123.09971618652344,11.1692,118,16.050076911614095
2026-05-23 00:00:00,2026-05-23 09:16:39.074414-07,2026-05-23 09:15:56-07,23002,6641,14926012,1,312530,49.26351547241211,-123.18611907958984,9.0331,99,16.493949382630486
2026-05-23 00:00:00,2026-05-23 09:16:39.074414-07,2026-05-23 09:16:11-07,23009,6641,14926018,1,312529,49.26518249511719,-123.0255355834961,0.0428,2,7.129472130086947
2026-05-23 00:00:00,2026-05-23 09:16:39.074414-07,2026-05-23 09:15:51-07,24005,6641,14926013,1,312530,49.26398468017578,-123.16130065917969,7.2253,82,80.497327296197
2026-05-23 00:00:00,2026-05-23 09:16:39.074414-07,2026-05-23 09:16:16-07,24007,6641,14926019,1,312530,49.26321792602539,-123.0685806274414,0.3869,8,94.84547317719102
2026-05-23 00:00:00,2026-05-23 09:16:39.074414-07,2026-05-23 09:15:59-07,24011,6641,14926016,1,312529,49.262550354003906,-123.0927963256836,5.0964,88,15.580831689056854
2026-05-23 00:00:00,2026-05-23 09:16:39.074414-07,2026-05-23 09:16:18-07,24013,6641,14926011,1,312529,49.263648986816406,-123.23069763183594,15.2319,184,5.1521400419928005
2026-05-23 00:00:00,2026-05-23 09:17:09.644236-07,2026-05-23 09:16:27-07,15019,6641,14925863,0,312527,49.26358413696289,-123.13963317871094,8.2755,89,27.32873198946166
2026-05-23 00:00:00,2026-05-23 09:17:09.644236-07,2026-05-23 09:10:52-07,16201,6641,14926010,1,312530,49.26874923706055,-123.24771881103516,13.8236,161,19.2542588400537
2026-05-23 00:00:00,2026-05-23 09:17:09.644236-07,2026-05-23 09:16:26-07,16222,6641,14926015,1,312530,49.263267517089844,-123.11475372314453,3.757,52,7.27915997291761
2026-05-23 00:00:00,2026-05-23 09:17:09.644236-07,2026-05-23 09:16:51-07,19026,6641,14925864,0,312527,49.2641487121582,-123.18579864501953,4.8328,59,24.203570548686837
2026-05-23 00:00:00,2026-05-23 09:17:09.644236-07,2026-05-23 09:16:47-07,19035,6641,14926014,1,312529,49.263465881347656,-123.12422943115234,7.3713,119,11.553870655731881
2026-05-23 00:00:00,2026-05-23 09:17:09.644236-07,2026-05-23 09:16:51-07,19041,6641,14926017,1,312530,49.26240158081055,-123.06873321533203,0.4039,9,10.518724729685353
2026-05-23 00:00:00,2026-05-23 09:17:09.644236-07,2026-05-23 09:16:32-07,22012,6641,14925862,0,312527,49.2626838684082,-123.09638214111328,11.3751,123,25.45920846729734
2026-05-23 00:00:00,2026-05-23 09:17:09.644236-07,2026-05-23 09:16:25-07,23002,6641,14926012,1,312530,49.26358413696289,-123.19086456298828,9.3931,102,1.8027042714687964
2026-05-23 00:00:00,2026-05-23 09:17:09.644236-07,2026-05-23 09:16:41-07,23009,6641,14926018,1,312529,49.26323318481445,-123.02896881103516,0.3546,14,24.164725147602
2026-05-23 00:00:00,2026-05-23 09:17:09.644236-07,2026-05-23 09:16:51-07,24005,6641,14926013,1,312530,49.26411819458008,-123.1675033569336,7.644,85,47.83679034664085
2026-05-23 00:00:00,2026-05-23 09:17:09.644236-07,2026-05-23 09:16:46-07,24007,6641,14926019,1,312530,49.26321792602539,-123.0685806274414,0.3869,8,94.84547317719102
2026-05-23 00:00:00,2026-05-23 09:17:09.644236-07,2026-05-23 09:16:30-07,24011,6641,14926016,1,312529,49.26261520385742,-123.09571838378906,5.2853,92,11.57733171348947
2026-05-23 00:00:00,2026-05-23 09:17:09.644236-07,2026-05-23 09:16:48-07,24013,6641,14926011,1,312529,49.26558303833008,-123.2352294921875,15.6436,193,8.767143944770117
2026-05-23 00:00:00,2026-05-23 09:17:40.240304-07,2026-05-23 09:16:56-07,15019,6641,14925863,0,312527,49.26353454589844,-123.13721466064453,8.3773,91,47.04007682414755
2026-05-23 00:00:00,2026-05-23 09:17:40.240304-07,2026-05-23 09:10:52-07,16201,6641,14926010,1,312530,49.26874923706055,-123.24771881103516,13.8236,161,19.2542588400537
2026-05-23 00:00:00,2026-05-23 09:17:40.240304-07,2026-05-23 09:16:57-07,16222,6641,14926015,1,312530,49.2633171081543,-123.11648559570312,3.9567,55,75.43056267365408
2026-05-23 00:00:00,2026-05-23 09:17:40.240304-07,2026-05-23 09:17:23-07,19026,6641,14925864,0,312527,49.26433181762695,-123.1855697631836,4.8807,60,22.83711933304445
2026-05-23 00:00:00,2026-05-23 09:17:40.240304-07,2026-05-23 09:17:18-07,19035,6641,14926014,1,312529,49.26348114013672,-123.12812042236328,7.7228,121,64.1761834101267
2026-05-23 00:00:00,2026-05-23 09:17:40.240304-07,2026-05-23 09:17:23-07,19041,6641,14926017,1,312530,49.26240158081055,-123.06941986083984,0.4434,12,10.992049794987937
2026-05-23 00:00:00,2026-05-23 09:17:40.240304-07,2026-05-23 09:17:02-07,22012,6641,14925862,0,312527,49.262481689453125,-123.09349822998047,11.6101,128,3.769305093765637
2026-05-23 00:00:00,2026-05-23 09:17:40.240304-07,2026-05-23 09:16:55-07,23002,6641,14926012,1,312530,49.263668060302734,-123.19647979736328,9.8395,106,35.64781732130746
2026-05-23 00:00:00,2026-05-23 09:17:40.240304-07,2026-05-23 09:17:12-07,23009,6641,14926018,1,312529,49.26198196411133,-123.0333023071289,0.7467,22,11.051515302136808
2026-05-23 00:00:00,2026-05-23 09:17:40.240304-07,2026-05-23 09:16:51-07,24005,6641,14926013,1,312530,49.26411819458008,-123.1675033569336,7.644,85,47.83679034664085
2026-05-23 00:00:00,2026-05-23 09:17:40.240304-07,2026-05-23 09:17:17-07,24007,6641,14926019,1,312530,49.26321792602539,-123.0685806274414,0.3869,8,94.84547317719102
2026-05-23 00:00:00,2026-05-23 09:17:40.240304-07,2026-05-23 09:17:00-07,24011,6641,14926016,1,312529,49.262882232666016,-123.09773254394531,5.3928,95,52.965898865439655
2026-05-23 00:00:00,2026-05-23 09:17:40.240304-07,2026-05-23 09:17:18-07,24013,6641,14926011,1,312529,49.267032623291016,-123.2403335571289,16.0358,204,15.298320612495488
2026-05-23 00:00:00,2026-05-23 09:18:10.824628-07,2026-05-23 09:17:27-07,15019,6641,14925863,0,312527,49.26348114013672,-123.13629913330078,8.5063,93,17.58963107937415
2026-05-23 00:00:00,2026-05-23 09:18:10.824628-07,2026-05-23 09:10:52-07,16201,6641,14926010,1,312530,49.26874923706055,-123.24771881103516,13.8236,161,19.2542588400537
2026-05-23 00:00:00,2026-05-23 09:18:10.824628-07,2026-05-23 09:17:27-07,16222,6641,14926015,1,312530,49.2633171081543,-123.11648559570312,3.9567,55,75.43056267365408
2026-05-23 00:00:00,2026-05-23 09:18:10.824628-07,2026-05-23 09:17:52-07,19026,6641,14925864,0,312527,49.26433181762695,-123.18505096435547,4.8807,60,60.234130734052066
2026-05-23 00:00:00,2026-05-23 09:18:10.824628-07,2026-05-23 09:17:48-07,19035,6641,14926014,1,312529,49.26351547241211,-123.1312484741211,7.895,122,9.35265462843041
2026-05-23 00:00:00,2026-05-23 09:18:10.824628-07,2026-05-23 09:17:53-07,19041,6641,14926017,1,312530,49.26238250732422,-123.0726318359375,0.6222,14,61.46304793695933
2026-05-23 00:00:00,2026-05-23 09:18:10.824628-07,2026-05-23 09:17:32-07,22012,6641,14925862,0,312527,49.26240158081055,-123.08966827392578,11.9299,131,39.71692462856246
2026-05-23 00:00:00,2026-05-23 09:18:10.824628-07,2026-05-23 09:17:26-07,23002,6641,14926012,1,312530,49.26374816894531,-123.20265197753906,10.2794,110,26.05821613838181
2026-05-23 00:00:00,2026-05-23 09:18:10.824628-07,2026-05-23 09:17:41-07,23009,6641,14926018,1,312529,49.26198196411133,-123.033447265625,0.7467,22,13.912676157418693
2026-05-23 00:00:00,2026-05-23 09:18:10.824628-07,2026-05-23 09:17:39-07,24005,6641,14926013,1,312530,49.26409912109375,-123.16795349121094,7.644,85,15.134954467433117
2026-05-23 00:00:00,2026-05-23 09:18:10.824628-07,2026-05-23 09:17:17-07,24007,6641,14926019,1,312530,49.26321792602539,-123.0685806274414,0.3869,8,94.84547317719102
2026-05-23 00:00:00,2026-05-23 09:18:10.824628-07,2026-05-23 09:17:25-07,24011,6641,14926016,1,312529,49.26286697387695,-123.09783172607422,5.3928,95,59.747195181709934
2026-05-23 00:00:00,2026-05-23 09:18:10.824628-07,2026-05-23 09:17:49-07,24013,6641,14926011,1,312529,49.26654815673828,-123.24479675292969,16.4301,211,47.83774673432153
2026-05-23 00:00:00,2026-05-23 09:18:41.516853-07,2026-05-23 09:17:57-07,15019,6641,14925863,0,312527,49.26350021362305,-123.13475036621094,8.6788,94,74.79955720284012
2026-05-23 00:00:00,2026-05-23 09:18:41.516853-07,2026-05-23 09:10:52-07,16201,6641,14926010,1,312530,49.26874923706055,-123.24771881103516,13.8236,161,19.2542588400537
2026-05-23 00:00:00,2026-05-23 09:18:41.516853-07,2026-05-23 09:17:57-07,16222,6641,14926015,1,312530,49.26335144042969,-123.11647033691406,3.9567,55,76.99843998969531
2026-05-23 00:00:00,2026-05-23 09:18:41.516853-07,2026-05-23 09:18:21-07,19026,6641,14925864,0,312527,49.2642822265625,-123.18470001220703,5.0332,61,66.6642976916481
2026-05-23 00:00:00,2026-05-23 09:18:41.516853-07,2026-05-23 09:18:17-07,19035,6641,14926014,1,312529,49.26353454589844,-123.13491821289062,8.2388,125,84.9312009014515
2026-05-23 00:00:00,2026-05-23 09:18:41.516853-07,2026-05-23 09:18:21-07,19041,6641,14926017,1,312530,49.26241683959961,-123.07499694824219,0.8438,16,13.120161762115742
2026-05-23 00:00:00,2026-05-23 09:18:41.516853-07,2026-05-23 09:18:02-07,22012,6641,14925862,0,312527,49.26238250732422,-123.08940124511719,11.9299,131,22.2634261218483
2026-05-23 00:00:00,2026-05-23 09:18:41.516853-07,2026-05-23 09:17:56-07,23002,6641,14926012,1,312530,49.263832092285156,-123.20793151855469,10.7243,113,86.3137113126764
2026-05-23 00:00:00,2026-05-23 09:18:41.516853-07,2026-05-23 09:18:11-07,23009,6641,14926018,1,312529,49.262001037597656,-123.03428649902344,0.7961,27,23.547654488495144
2026-05-23 00:00:00,2026-05-23 09:18:41.516853-07,2026-05-23 09:18:09-07,24005,6641,14926013,1,312530,49.2641487121582,-123.17198181152344,7.9278,88,5.5945621722318934
2026-05-23 00:00:00,2026-05-23 09:18:41.516853-07,2026-05-23 09:17:17-07,24007,6641,14926019,1,312530,49.26321792602539,-123.0685806274414,0.3869,8,94.84547317719102
2026-05-23 00:00:00,2026-05-23 09:18:41.516853-07,2026-05-23 09:17:54-07,24011,6641,14926016,1,312529,49.262882232666016,-123.09901428222656,5.5363,97,4.016193054265027
2026-05-23 00:00:00,2026-05-23 09:18:41.516853-07,2026-05-23 09:18:07-07,24013,6641,14926011,1,312529,49.266517639160156,-123.24500274658203,16.4301,211,32.517124559871476
2026-05-23 00:00:00,2026-05-23 09:19:12.088226-07,2026-05-23 09:18:27-07,15019,6641,14925863,0,312527,49.263465881347656,-123.1296157836914,9.0222,96,44.53242407502532
2026-05-23 00:00:00,2026-05-23 09:19:12.088226-07,2026-05-23 09:10:52-07,16201,6641,14926010,1,312530,49.26874923706055,-123.24771881103516,13.8236,161,19.2542588400537
2026-05-23 00:00:00,2026-05-23 09:19:12.088226-07,2026-05-23 09:18:27-07,16222,6641,14926015,1,312530,49.2633171081543,-123.11648559570312,3.9567,55,75.43056267365408
2026-05-23 00:00:00,2026-05-23 09:19:12.088226-07,2026-05-23 09:18:51-07,19026,6641,14925864,0,312527,49.26430130004883,-123.18464660644531,5.0332,61,62.63928375290172
2026-05-23 00:00:00,2026-05-23 09:19:12.088226-07,2026-05-23 09:18:48-07,19035,6641,14926014,1,312529,49.26348114013672,-123.1357650756836,8.2388,125,25.019552160294253
2026-05-23 00:00:00,2026-05-23 09:19:12.088226-07,2026-05-23 09:18:41-07,19041,6641,14926017,1,312530,49.262481689453125,-123.07720184326172,1.0367,19,22.51390577269942
2026-05-23 00:00:00,2026-05-23 09:19:12.088226-07,2026-05-23 09:18:32-07,22012,6641,14925862,0,312527,49.26238250732422,-123.08851623535156,11.9299,131,46.243669914211786
2026-05-23 00:00:00,2026-05-23 09:19:12.088226-07,2026-05-23 09:18:27-07,23002,6641,14926012,1,312530,49.26386642456055,-123.20891571044922,10.7243,113,15.275792386597223
2026-05-23 00:00:00,2026-05-23 09:19:12.088226-07,2026-05-23 09:18:32-07,23009,6641,14926018,1,312529,49.26198196411133,-123.03451538085938,0.7961,27,38.335719471614865
2026-05-23 00:00:00,2026-05-23 09:19:12.088226-07,2026-05-23 09:18:39-07,24005,6641,14926013,1,312530,49.264198303222656,-123.17538452148438,8.2077,91,37.408154827890186
2026-05-23 00:00:00,2026-05-23 09:19:12.088226-07,2026-05-23 09:17:17-07,24007,6641,14926019,1,312530,49.26321792602539,-123.0685806274414,0.3869,8,94.84547317719102
2026-05-23 00:00:00,2026-05-23 09:19:12.088226-07,2026-05-23 09:18:51-07,24011,6641,14926016,1,312529,49.263065338134766,-123.10462951660156,5.9664,105,19.397987808974445
2026-05-23 00:00:00,2026-05-23 09:19:12.088226-07,2026-05-23 09:18:35-07,24013,6641,14926011,1,312529,49.267818450927734,-123.24676513671875,16.6095,215,4.365260876945325
2026-05-23 00:00:00,2026-05-23 09:19:42.650444-07,2026-05-23 09:18:56-07,15019,6641,14925863,0,312527,49.26348114013672,-123.126953125,9.1958,97,25.644647194245426
2026-05-23 00:00:00,2026-05-23 09:19:42.650444-07,2026-05-23 09:10:52-07,16201,6641,14926010,1,312530,49.26874923706055,-123.24771881103516,13.8236,161,19.2542588400537
2026-05-23 00:00:00,2026-05-23 09:19:42.650444-07,2026-05-23 09:18:57-07,16222,6641,14926015,1,312530,49.26333236694336,-123.11648559570312,3.9567,55,75.61725118205305
2026-05-23 00:00:00,2026-05-23 09:19:42.650444-07,2026-05-23 09:19:21-07,19026,6641,14925864,0,312527,49.264251708984375,-123.18025207519531,5.3213,63,30.911546212537036
2026-05-23 00:00:00,2026-05-23 09:19:42.650444-07,2026-05-23 09:19:18-07,19035,6641,14926014,1,312529,49.2635498046875,-123.13736724853516,8.3677,126,35.85147187078828
2026-05-23 00:00:00,2026-05-23 09:19:42.650444-07,2026-05-23 09:19:17-07,19041,6641,14926017,1,312530,49.262481689453125,-123.07720184326172,1.0367,19,22.51390577269942
2026-05-23 00:00:00,2026-05-23 09:19:42.650444-07,2026-05-23 09:18:56-07,22012,6641,14925862,0,312527,49.26241683959961,-123.0882797241211,11.9299,131,62.48482560800701
2026-05-23 00:00:00,2026-05-23 09:19:42.650444-07,2026-05-23 09:18:55-07,23002,6641,14926012,1,312530,49.26388168334961,-123.21002960205078,10.7243,113,66.1264670391668
2026-05-23 00:00:00,2026-05-23 09:19:42.650444-07,2026-05-23 09:19:01-07,23009,6641,14926018,1,312529,49.2619514465332,-123.03925323486328,1.1658,31,13.660637870072241
2026-05-23 00:00:00,2026-05-23 09:19:42.650444-07,2026-05-23 09:19:09-07,24005,6641,14926013,1,312530,49.2642822265625,-123.18001556396484,8.4936,94,13.750064702176262
2026-05-23 00:00:00,2026-05-23 09:19:42.650444-07,2026-05-23 09:17:17-07,24007,6641,14926019,1,312530,49.26321792602539,-123.0685806274414,0.3869,8,94.84547317719102
2026-05-23 00:00:00,2026-05-23 09:19:42.650444-07,2026-05-23 09:19:05-07,24011,6641,14926016,1,312529,49.2630500793457,-123.10482025146484,5.9663,104,6.1625895204016325
2026-05-23 00:00:00,2026-05-23 09:19:42.650444-07,2026-05-23 09:19:08-07,24013,6641,14926011,1,312529,49.26848220825195,-123.24828338623047,16.8243,226,9.638314444753638
2026-05-23 00:00:00,2026-05-23 09:20:13.5084-07,2026-05-23 09:19:27-07,15019,6641,14925863,0,312527,49.26348114013672,-123.126953125,9.1958,97,25.644647194245426
2026-05-23 00:00:00,2026-05-23 09:20:13.5084-07,2026-05-23 09:10:52-07,16201,6641,14926010,1,312530,49.26874923706055,-123.24771881103516,13.8236,161,19.2542588400537
2026-05-23 00:00:00,2026-05-23 09:20:13.5084-07,2026-05-23 09:19:25-07,16222,6641,14926015,1,312530,49.263301849365234,-123.11656951904297,3.9567,55,69.2112998045913
2026-05-23 00:00:00,2026-05-23 09:20:13.5084-07,2026-05-23 09:19:50-07,19026,6641,14925864,0,312527,49.264217376708984,-123.1765365600586,5.6073,66,46.21815801684308
2026-05-23 00:00:00,2026-05-23 09:20:13.5084-07,2026-05-23 09:19:47-07,19035,6641,14926014,1,312529,49.2636833190918,-123.14016723632812,8.5982,129,62.78980117156629
2026-05-23 00:00:00,2026-05-23 09:20:13.5084-07,2026-05-23 09:19:52-07,19041,6641,14926017,1,312530,49.262481689453125,-123.07849884033203,1.0471,20,64.31617371576907
2026-05-23 00:00:00,2026-05-23 09:20:13.5084-07,2026-05-23 09:19:27-07,22012,6641,14925862,0,312527,49.26240158081055,-123.08246612548828,12.3531,134,62.261279932669325
2026-05-23 00:00:00,2026-05-23 09:20:13.5084-07,2026-05-23 09:19:27-07,23002,6641,14926012,1,312530,49.26396560668945,-123.21499633789062,11.1602,118,6.690764417368757
2026-05-23 00:00:00,2026-05-23 09:20:13.5084-07,2026-05-23 09:19:32-07,23009,6641,14926018,1,312529,49.26205062866211,-123.0443344116211,1.5468,36,11.507510202304386
2026-05-23 00:00:00,2026-05-23 09:20:13.5084-07,2026-05-23 09:19:38-07,24005,6641,14926013,1,312530,49.26435089111328,-123.18523406982422,8.9343,97,46.84593127580696
2026-05-23 00:00:00,2026-05-23 09:20:13.5084-07,2026-05-23 09:17:17-07,24007,6641,14926019,1,312530,49.26321792602539,-123.0685806274414,0.3869,8,94.84547317719102
2026-05-23 00:00:00,2026-05-23 09:20:13.5084-07,2026-05-23 09:19:34-07,24011,6641,14926016,1,312529,49.26316833496094,-123.10997009277344,6.3015,108,35.680074968355484
2026-05-23 00:00:00,2026-05-23 09:20:13.5084-07,2026-05-23 09:19:08-07,24013,6641,14926011,1,312529,49.26848220825195,-123.24828338623047,16.8243,226,9.638314444753638
2026-05-23 00:00:00,2026-05-23 09:20:44.327574-07,2026-05-23 09:19:56-07,15019,6641,14925863,0,312527,49.263465881347656,-123.12429809570312,9.3737,98,14.034042958627847
2026-05-23 00:00:00,2026-05-23 09:20:44.327574-07,2026-05-23 09:10:52-07,16201,6641,14926010,1,312530,49.26874923706055,-123.24771881103516,13.8236,161,19.2542588400537
2026-05-23 00:00:00,2026-05-23 09:20:44.327574-07,2026-05-23 09:19:52-07,16222,6641,14926015,1,312530,49.26335144042969,-123.11961364746094,4.1296,57,21.358893386216693
2026-05-23 00:00:00,2026-05-23 09:20:44.327574-07,2026-05-23 09:20:20-07,19026,6641,14925864,0,312527,49.26413345336914,-123.17230224609375,5.8872,69,17.743031582558235
2026-05-23 00:00:00,2026-05-23 09:20:44.327574-07,2026-05-23 09:20:16-07,19035,6641,14926014,1,312529,49.2636833190918,-123.14057922363281,8.5982,129,33.32336240583292
2026-05-23 00:00:00,2026-05-23 09:20:44.327574-07,2026-05-23 09:20:22-07,19041,6641,14926017,1,312530,49.26246643066406,-123.07928466796875,1.2424,21,74.40591038145949
2026-05-23 00:00:00,2026-05-23 09:20:44.327574-07,2026-05-23 09:19:55-07,22012,6641,14925862,0,312527,49.262367248535156,-123.07906341552734,12.5725,136,90.39722176281063
2026-05-23 00:00:00,2026-05-23 09:20:44.327574-07,2026-05-23 09:19:55-07,23002,6641,14926012,1,312530,49.263851165771484,-123.22077941894531,11.2204,120,354.22414678599677
2026-05-23 00:00:00,2026-05-23 09:20:44.327574-07,2026-05-23 09:20:04-07,23009,6641,14926018,1,312529,49.26206588745117,-123.04521942138672,1.6017,37,15.862637941931478
2026-05-23 00:00:00,2026-05-23 09:20:44.327574-07,2026-05-23 09:20:17-07,24005,6641,14926013,1,312530,49.26351547241211,-123.18614959716797,9.0331,99,18.65488828385375
2026-05-23 00:00:00,2026-05-23 09:20:44.327574-07,2026-05-23 09:17:17-07,24007,6641,14926019,1,312530,49.26321792602539,-123.0685806274414,0.3869,8,94.84547317719102
2026-05-23 00:00:00,2026-05-23 09:20:44.327574-07,2026-05-23 09:20:03-07,24011,6641,14926016,1,312529,49.26321792602539,-123.11296844482422,6.5496,110,6.968181107320627
2026-05-23 00:00:00,2026-05-23 09:20:44.327574-07,2026-05-23 09:19:08-07,24013,6641,14926011,1,312529,49.26848220825195,-123.24828338623047,16.8243,226,9.638314444753638
2026-05-23 00:00:00,2026-05-23 09:21:14.920171-07,2026-05-23 09:20:27-07,15019,6641,14925863,0,312527,49.263282775878906,-123.12055206298828,9.6854,100,47.69851182559314
2026-05-23 00:00:00,2026-05-23 09:21:14.920171-07,2026-05-23 09:20:24-07,16222,6641,14926015,1,312530,49.26338195800781,-123.12078094482422,4.1296,57,65.01076093297941
2026-05-23 00:00:00,2026-05-23 09:21:14.920171-07,2026-05-23 09:20:50-07,19026,6641,14925864,0,312527,49.26408386230469,-123.17046356201172,6.0317,71,28.36270534358199
2026-05-23 00:00:00,2026-05-23 09:21:14.920171-07,2026-05-23 09:20:46-07,19035,6641,14926014,1,312529,49.26369857788086,-123.14095306396484,8.5982,129,10.791551153004255
2026-05-23 00:00:00,2026-05-23 09:21:14.920171-07,2026-05-23 09:20:52-07,19041,6641,14926017,1,312530,49.26246643066406,-123.083251953125,1.4619,23,5.816598078663699
2026-05-23 00:00:00,2026-05-23 09:21:14.920171-07,2026-05-23 09:20:41-07,22012,6641,14925862,0,312527,49.2623176574707,-123.07586669921875,12.9163,140,21.51553264914567
2026-05-23 00:00:00,2026-05-23 09:21:14.920171-07,2026-05-23 09:20:26-07,23002,6641,14926012,1,312530,49.26369857788086,-123.22669982910156,12.2434,121,235.72873223726305
2026-05-23 00:00:00,2026-05-23 09:21:14.920171-07,2026-05-23 09:20:34-07,23009,6641,14926018,1,312529,49.26206588745117,-123.04998016357422,1.9306,40,29.342762241733162
2026-05-23 00:00:00,2026-05-23 09:21:14.920171-07,2026-05-23 09:20:47-07,24005,6641,14926013,1,312530,49.26356887817383,-123.18958282470703,9.393,101,91.23082236760222
2026-05-23 00:00:00,2026-05-23 09:21:14.920171-07,2026-05-23 09:17:17-07,24007,6641,14926019,1,312530,49.26321792602539,-123.0685806274414,0.3869,8,94.84547317719102
2026-05-23 00:00:00,2026-05-23 09:21:14.920171-07,2026-05-23 09:20:34-07,24011,6641,14926016,1,312529,49.263248443603516,-123.11441802978516,6.687,112,26.58430116548651
2026-05-23 00:00:00,2026-05-23 09:21:14.920171-07,2026-05-23 09:19:08-07,24013,6641,14926011,1,312529,49.26848220825195,-123.24828338623047,16.8243,226,9.638314444753638
2026-05-23 00:00:00,2026-05-23 09:21:46.412264-07,2026-05-23 09:21:26-07,15019,6641,14925863,0,312527,49.263248443603516,-123.11976623535156,9.6854,100,10.68195112936719
2026-05-23 00:00:00,2026-05-23 09:21:46.412264-07,2026-05-23 09:21:31-07,16222,6641,14926015,1,312530,49.26348114013672,-123.12566375732422,4.6192,60,69.81778682836374
2026-05-23 00:00:00,2026-05-23 09:21:46.412264-07,2026-05-23 09:21:21-07,19026,6641,14925864,0,312527,49.264015197753906,-123.1675033569336,6.171,72,48.18970543015363
2026-05-23 00:00:00,2026-05-23 09:21:46.412264-07,2026-05-23 09:21:17-07,19035,6641,14926014,1,312529,49.26376724243164,-123.14510345458984,8.9427,132,47.97514371761767
2026-05-23 00:00:00,2026-05-23 09:21:46.412264-07,2026-05-23 09:21:37-07,19041,6641,14926017,1,312530,49.26253128051758,-123.08831787109375,1.885,26,59.54777534670713
2026-05-23 00:00:00,2026-05-23 09:21:46.412264-07,2026-05-23 09:21:12-07,22012,6641,14925862,0,312527,49.2623176574707,-123.07084655761719,13.1927,143,68.30177372473568
2026-05-23 00:00:00,2026-05-23 09:21:46.412264-07,2026-05-23 09:21:26-07,23002,6641,14926012,1,312530,49.26649856567383,-123.23722076416016,12.8898,137,7.545208778901132
2026-05-23 00:00:00,2026-05-23 09:21:46.412264-07,2026-05-23 09:21:17-07,23009,6641,14926018,1,312529,49.262081146240234,-123.05208587646484,2.1218,44,12.210784644352662
2026-05-23 00:00:00,2026-05-23 09:21:46.412264-07,2026-05-23 09:21:19-07,24005,6641,14926013,1,312530,49.26361846923828,-123.19464874267578,9.6168,103,53.39163843901639
2026-05-23 00:00:00,2026-05-23 09:21:46.412264-07,2026-05-23 09:17:17-07,24007,6641,14926019,1,312530,49.26321792602539,-123.0685806274414,0.3869,8,94.84547317719102
2026-05-23 00:00:00,2026-05-23 09:21:46.412264-07,2026-05-23 09:21:34-07,24011,6641,14926016,1,312529,49.26333236694336,-123.11648559570312,6.8867,115,75.61725118205305
2026-05-23 00:00:00,2026-05-23 09:21:46.412264-07,2026-05-23 09:19:08-07,24013,6641,14926011,1,312529,49.26848220825195,-123.24828338623047,16.8243,226,9.638314444753638
2026-05-23 00:00:00,2026-05-23 09:22:17.062702-07,2026-05-23 09:21:56-07,15019,6641,14925863,0,312527,49.26323318481445,-123.11788177490234,9.8582,101,26.245992747227575
2026-05-23 00:00:00,2026-05-23 09:22:17.062702-07,2026-05-23 09:22:01-07,16222,6641,14926015,1,312530,49.26348114013672,-123.12626647949219,4.6192,60,26.910175586950107
2026-05-23 00:00:00,2026-05-23 09:22:17.062702-07,2026-05-23 09:21:58-07,19026,6641,14925864,0,312527,49.2640495300293,-123.16716766357422,6.2929,73,49.46352317057277
2026-05-23 00:00:00,2026-05-23 09:22:17.062702-07,2026-05-23 09:21:47-07,19035,6641,14926014,1,312529,49.26376724243164,-123.14544677734375,8.9427,132,23.650917672641942
2026-05-23 00:00:00,2026-05-23 09:22:17.062702-07,2026-05-23 09:22:07-07,19041,6641,14926017,1,312530,49.2625846862793,-123.09003448486328,1.885,26,66.2624408662828
2026-05-23 00:00:00,2026-05-23 09:22:17.062702-07,2026-05-23 09:21:42-07,22012,6641,14925862,0,312527,49.262367248535156,-123.06988525390625,13.3378,144,8.055210876449523
2026-05-23 00:00:00,2026-05-23 09:22:17.062702-07,2026-05-23 09:21:56-07,23002,6641,14926012,1,312530,49.266815185546875,-123.24304962158203,13.2769,149,44.739432656448336
2026-05-23 00:00:00,2026-05-23 09:22:17.062702-07,2026-05-23 09:21:46-07,23009,6641,14926018,1,312529,49.26228332519531,-123.05670166015625,2.4422,52,18.64449366400461
2026-05-23 00:00:00,2026-05-23 09:22:17.062702-07,2026-05-23 09:21:49-07,24005,6641,14926013,1,312530,49.26371765136719,-123.20075225830078,10.0671,109,47.73797933532608
2026-05-23 00:00:00,2026-05-23 09:22:17.062702-07,2026-05-23 09:17:17-07,24007,6641,14926019,1,312530,49.26321792602539,-123.0685806274414,0.3869,8,94.84547317719102
2026-05-23 00:00:00,2026-05-23 09:22:17.062702-07,2026-05-23 09:22:04-07,24011,6641,14926016,1,312529,49.26333236694336,-123.11650085449219,6.8867,115,74.51828431374683
2026-05-23 00:00:00,2026-05-23 09:22:17.062702-07,2026-05-23 09:19:08-07,24013,6641,14926011,1,312529,49.26848220825195,-123.24828338623047,16.8243,226,9.638314444753638
2026-05-23 00:00:00,2026-05-23 09:22:47.786156-07,2026-05-23 09:22:26-07,15019,6641,14925863,0,312527,49.26319885253906,-123.11648559570312,9.8583,102,75.27580202608607
2026-05-23 00:00:00,2026-05-23 09:22:47.786156-07,2026-05-23 09:22:24-07,16201,6641,14925865,0,312527,49.26744842529297,-123.24690246582031,0.1448,2,27.29964267021652
2026-05-23 00:00:00,2026-05-23 09:22:47.786156-07,2026-05-23 09:22:31-07,16222,6641,14926015,1,312530,49.26348114013672,-123.12699890136719,4.6192,60,28.805447363524713
2026-05-23 00:00:00,2026-05-23 09:22:47.786156-07,2026-05-23 09:22:28-07,19026,6641,14925864,0,312527,49.26395034790039,-123.16253662109375,6.5897,75,9.879366220127029
2026-05-23 00:00:00,2026-05-23 09:22:47.786156-07,2026-05-23 09:22:16-07,19035,6641,14926014,1,312529,49.26373291015625,-123.14746856689453,9.1164,133,48.87702992698251
2026-05-23 00:00:00,2026-05-23 09:22:47.786156-07,2026-05-23 09:22:36-07,19041,6641,14926017,1,312530,49.262550354003906,-123.0923843383789,2.1664,28,44.946984295426134
2026-05-23 00:00:00,2026-05-23 09:22:47.786156-07,2026-05-23 09:22:12-07,22012,6641,14925862,0,312527,49.263431549072266,-123.06964874267578,13.4776,149,19.034376819604958
2026-05-23 00:00:00,2026-05-23 09:22:47.786156-07,2026-05-23 09:22:28-07,23002,6641,14926012,1,312530,49.26653289794922,-123.24504852294922,13.5001,151,29.659464490562318
2026-05-23 00:00:00,2026-05-23 09:22:47.786156-07,2026-05-23 09:22:17-07,23009,6641,14926018,1,312529,49.2623176574707,-123.05728149414062,2.4989,55,11.539877576006983
2026-05-23 00:00:00,2026-05-23 09:22:47.786156-07,2026-05-23 09:22:19-07,24005,6641,14926013,1,312530,49.26374816894531,-123.20279693603516,10.2794,110,15.543830928160858
2026-05-23 00:00:00,2026-05-23 09:22:47.786156-07,2026-05-23 09:17:17-07,24007,6641,14926019,1,312530,49.26321792602539,-123.0685806274414,0.3869,8,94.84547317719102
2026-05-23 00:00:00,2026-05-23 09:22:47.786156-07,2026-05-23 09:22:33-07,24011,6641,14926016,1,312529,49.2633171081543,-123.11650085449219,6.8867,115,74.32883528603996
2026-05-23 00:00:00,2026-05-23 09:22:47.786156-07,2026-05-23 09:19:08-07,24013,6641,14926011,1,312529,49.26848220825195,-123.24828338623047,16.8243,226,9.638314444753638
2026-05-23 00:00:00,2026-05-23 09:23:18.524565-07,2026-05-23 09:22:55-07,15019,6641,14925863,0,312527,49.26314926147461,-123.11434936523438,10.058,105,31.693490632367606
2026-05-23 00:00:00,2026-05-23 09:23:18.524565-07,2026-05-23 09:22:45-07,16201,6641,14925865,0,312527,49.2675666809082,-123.24673461914062,0.1448,2,10.500499703754283
2026-05-23 00:00:00,2026-05-23 09:23:18.524565-07,2026-05-23 09:23:00-07,16222,6641,14926015,1,312530,49.26351547241211,-123.13158416748047,4.9649,62,16.07155894979965
2026-05-23 00:00:00,2026-05-23 09:23:18.524565-07,2026-05-23 09:22:58-07,19026,6641,14925864,0,312527,49.26388168334961,-123.15848541259766,6.9369,77,61.3070772093236
2026-05-23 00:00:00,2026-05-23 09:23:18.524565-07,2026-05-23 09:22:46-07,19035,6641,14926014,1,312529,49.26371765136719,-123.14791870117188,9.1164,133,16.427957741211547
2026-05-23 00:00:00,2026-05-23 09:23:18.524565-07,2026-05-23 09:23:07-07,19041,6641,14926017,1,312530,49.262550354003906,-123.09284973144531,2.1664,28,11.967745451202534
2026-05-23 00:00:00,2026-05-23 09:23:18.524565-07,2026-05-23 09:23:01-07,22012,6641,14926020,1,312530,49.263301849365234,-123.06881713867188,0.0,1,77.84582507162303
2026-05-23 00:00:00,2026-05-23 09:23:18.524565-07,2026-05-23 09:22:58-07,23002,6641,14926012,1,312530,49.26653289794922,-123.24556732177734,13.5001,151,11.907211542638898
2026-05-23 00:00:00,2026-05-23 09:23:18.524565-07,2026-05-23 09:22:44-07,23009,6641,14926018,1,312529,49.2623176574707,-123.05743408203125,2.5055,56,10.204201561093354
2026-05-23 00:00:00,2026-05-23 09:23:18.524565-07,2026-05-23 09:22:49-07,24005,6641,14926013,1,312530,49.263832092285156,-123.20758056640625,10.5037,112,108.25683609057613
2026-05-23 00:00:00,2026-05-23 09:23:18.524565-07,2026-05-23 09:17:17-07,24007,6641,14926019,1,312530,49.26321792602539,-123.0685806274414,0.3869,8,94.84547317719102
2026-05-23 00:00:00,2026-05-23 09:23:18.524565-07,2026-05-23 09:23:04-07,24011,6641,14926016,1,312529,49.26335144042969,-123.11650085449219,6.8867,115,74.80855548267999
2026-05-23 00:00:00,2026-05-23 09:23:18.524565-07,2026-05-23 09:19:08-07,24013,6641,14926011,1,312529,49.26848220825195,-123.24828338623047,16.8243,226,9.638314444753638
2026-05-23 00:00:00,2026-05-23 09:23:49.116138-07,2026-05-23 09:23:20-07,15019,6641,14925863,0,312527,49.26319885253906,-123.1141357421875,10.058,105,46.60841448518952
2026-05-23 00:00:00,2026-05-23 09:23:49.116138-07,2026-05-23 09:23:16-07,16201,6641,14925865,0,312527,49.26643371582031,-123.24481964111328,0.3841,6,19.57696107736584
2026-05-23 00:00:00,2026-05-23 09:23:49.116138-07,2026-05-23 09:23:31-07,16222,6641,14926015,1,312530,49.2635498046875,-123.13536834716797,5.3087,65,52.23293456261639
2026-05-23 00:00:00,2026-05-23 09:23:49.116138-07,2026-05-23 09:23:28-07,19026,6641,14925864,0,312527,49.263816833496094,-123.15556335449219,7.1074,78,19.801106951114196
2026-05-23 00:00:00,2026-05-23 09:23:49.116138-07,2026-05-23 09:23:17-07,19035,6641,14926014,1,312529,49.26373291015625,-123.1500015258789,9.2913,135,39.66852599349154
2026-05-23 00:00:00,2026-05-23 09:23:49.116138-07,2026-05-23 09:23:33-07,19041,6641,14926017,1,312530,49.26261520385742,-123.09556579589844,2.3553,32,7.533665006279408
2026-05-23 00:00:00,2026-05-23 09:23:49.116138-07,2026-05-23 09:23:32-07,22012,6641,14926020,1,312530,49.263301849365234,-123.06880187988281,0.0,1,78.77688315427007
2026-05-23 00:00:00,2026-05-23 09:23:49.116138-07,2026-05-23 09:23:28-07,23002,6641,14926012,1,312530,49.268150329589844,-123.24698638916016,13.7165,156,3.123297184532241
2026-05-23 00:00:00,2026-05-23 09:23:49.116138-07,2026-05-23 09:23:15-07,23009,6641,14926018,1,312529,49.262298583984375,-123.06178283691406,2.8396,59,18.441524545727574
2026-05-23 00:00:00,2026-05-23 09:23:49.116138-07,2026-05-23 09:23:33-07,24005,6641,14926013,1,312530,49.26388168334961,-123.2100830078125,10.7243,113,69.99094162816687
2026-05-23 00:00:00,2026-05-23 09:23:49.116138-07,2026-05-23 09:17:17-07,24007,6641,14926019,1,312530,49.26321792602539,-123.0685806274414,0.3869,8,94.84547317719102
2026-05-23 00:00:00,2026-05-23 09:23:49.116138-07,2026-05-23 09:23:16-07,24011,6641,14926016,1,312529,49.26335144042969,-123.11654663085938,6.8867,115,71.52656825230392
2026-05-23 00:00:00,2026-05-23 09:23:49.116138-07,2026-05-23 09:19:08-07,24013,6641,14926011,1,312529,49.26848220825195,-123.24828338623047,16.8243,226,9.638314444753638
2026-05-23 00:00:00,2026-05-23 09:24:19.6898-07,2026-05-23 09:23:50-07,15019,6641,14925863,0,312527,49.26314926147461,-123.11058044433594,10.3366,108,27.036651381814245
2026-05-23 00:00:00,2026-05-23 09:24:19.6898-07,2026-05-23 09:23:46-07,16201,6641,14925865,0,312527,49.26676559448242,-123.2427978515625,0.5484,8,32.34680572547988
2026-05-23 00:00:00,2026-05-23 09:24:19.6898-07,2026-05-23 09:24:01-07,16222,6641,14926015,1,312530,49.26350021362305,-123.1357192993164,5.3087,65,27.567852929864394
2026-05-23 00:00:00,2026-05-23 09:24:19.6898-07,2026-05-23 09:23:58-07,19026,6641,14925864,0,312527,49.263816833496094,-123.15556335449219,7.1074,78,19.801106951114196
2026-05-23 00:00:00,2026-05-23 09:24:19.6898-07,2026-05-23 09:23:47-07,19035,6641,14926014,1,312529,49.26373291015625,-123.15025329589844,9.2913,135,21.719021394051573
2026-05-23 00:00:00,2026-05-23 09:24:19.6898-07,2026-05-23 09:24:07-07,19041,6641,14926017,1,312530,49.262882232666016,-123.09771728515625,2.4628,35,51.882455514094225
2026-05-23 00:00:00,2026-05-23 09:24:19.6898-07,2026-05-23 09:23:56-07,22012,6641,14926020,1,312530,49.263301849365234,-123.06880187988281,0.0,1,78.77688315427007
2026-05-23 00:00:00,2026-05-23 09:24:19.6898-07,2026-05-23 09:23:56-07,23002,6641,14926012,1,312530,49.268165588378906,-123.24800109863281,13.8943,166,50.36144805440762
2026-05-23 00:00:00,2026-05-23 09:24:19.6898-07,2026-05-23 09:23:42-07,23009,6641,14926018,1,312529,49.26238250732422,-123.06546783447266,3.1238,63,32.73562617876178
2026-05-23 00:00:00,2026-05-23 09:24:19.6898-07,2026-05-23 09:24:02-07,24005,6641,14926013,1,312530,49.26395034790039,-123.21493530273438,11.1454,117,3.619893683781714
2026-05-23 00:00:00,2026-05-23 09:24:19.6898-07,2026-05-23 09:17:17-07,24007,6641,14926019,1,312530,49.26321792602539,-123.0685806274414,0.3869,8,94.84547317719102
2026-05-23 00:00:00,2026-05-23 09:24:19.6898-07,2026-05-23 09:23:45-07,24011,6641,14926016,1,312529,49.26335144042969,-123.11756896972656,6.8868,116,11.804543748542311
2026-05-23 00:00:00,2026-05-23 09:24:19.6898-07,2026-05-23 09:19:08-07,24013,6641,14926011,1,312529,49.26848220825195,-123.24828338623047,16.8243,226,9.638314444753638
2026-05-23 00:00:00,2026-05-23 09:24:50.399864-07,2026-05-23 09:24:20-07,15019,6641,14925863,0,312527,49.26301574707031,-123.10559844970703,10.7787,113,51.6985775249996
2026-05-23 00:00:00,2026-05-23 09:24:50.399864-07,2026-05-23 09:24:16-07,16201,6641,14925865,0,312527,49.266849517822266,-123.2419204711914,0.5494,9,31.057794589379643
2026-05-23 00:00:00,2026-05-23 09:24:50.399864-07,2026-05-23 09:24:30-07,16222,6641,14926015,1,312530,49.26358413696289,-123.13793182373047,5.4377,66,5.295852064905512
2026-05-23 00:00:00,2026-05-23 09:24:50.399864-07,2026-05-23 09:24:29-07,19026,6641,14925864,0,312527,49.26376724243164,-123.15491485595703,7.1074,78,29.760538147762578
2026-05-23 00:00:00,2026-05-23 09:24:50.399864-07,2026-05-23 09:24:17-07,19035,6641,14926014,1,312529,49.26376724243164,-123.15245056152344,9.4257,137,6.687580186338751
2026-05-23 00:00:00,2026-05-23 09:24:50.399864-07,2026-05-23 09:24:37-07,19041,6641,14926017,1,312530,49.26283264160156,-123.0983657836914,2.6062,37,44.91228823823786
2026-05-23 00:00:00,2026-05-23 09:24:50.399864-07,2026-05-23 09:24:26-07,22012,6641,14926020,1,312530,49.263282775878906,-123.06880187988281,0.0,1,79.93791995670236
2026-05-23 00:00:00,2026-05-23 09:24:50.399864-07,2026-05-23 09:23:56-07,23002,6641,14926012,1,312530,49.268165588378906,-123.24800109863281,13.8943,166,50.36144805440762
2026-05-23 00:00:00,2026-05-23 09:24:50.399864-07,2026-05-23 09:24:14-07,23009,6641,14926018,1,312529,49.26240158081055,-123.06671905517578,3.177,65,8.189892311714564
2026-05-23 00:00:00,2026-05-23 09:24:50.399864-07,2026-05-23 09:24:32-07,24005,6641,14926013,1,312530,49.26395034790039,-123.21495056152344,11.1454,117,4.399946340063942
2026-05-23 00:00:00,2026-05-23 09:24:50.399864-07,2026-05-23 09:17:17-07,24007,6641,14926019,1,312530,49.26321792602539,-123.0685806274414,0.3869,8,94.84547317719102
2026-05-23 00:00:00,2026-05-23 09:24:50.399864-07,2026-05-23 09:24:15-07,24011,6641,14926016,1,312529,49.26340103149414,-123.12124633789062,7.1997,118,42.59218122377922
2026-05-23 00:00:00,2026-05-23 09:24:50.399864-07,2026-05-23 09:19:08-07,24013,6641,14926011,1,312529,49.26848220825195,-123.24828338623047,16.8243,226,9.638314444753638
2026-05-23 00:00:00,2026-05-23 09:25:21.013664-07,2026-05-23 09:24:51-07,15019,6641,14925863,0,312527,49.26300048828125,-123.10503387451172,10.7787,113,10.851081684320889
2026-05-23 00:00:00,2026-05-23 09:25:21.013664-07,2026-05-23 09:24:54-07,16201,6641,14925865,0,312527,49.26689910888672,-123.24154663085938,0.6275,10,19.347537404554107
2026-05-23 00:00:00,2026-05-23 09:25:21.013664-07,2026-05-23 09:25:02-07,16222,6641,14926015,1,312530,49.26356887817383,-123.13829803466797,5.4888,67,19.28451373275148
2026-05-23 00:00:00,2026-05-23 09:25:21.013664-07,2026-05-23 09:24:55-07,19026,6641,14925864,0,312527,49.2637825012207,-123.15461730957031,7.1074,78,50.229895485242636
2026-05-23 00:00:00,2026-05-23 09:25:21.013664-07,2026-05-23 09:25:03-07,19035,6641,14926014,1,312529,49.26390075683594,-123.1546859741211,9.6376,139,44.70222576942657
2026-05-23 00:00:00,2026-05-23 09:25:21.013664-07,2026-05-23 09:25:08-07,19041,6641,14926017,1,312530,49.26296615600586,-123.10230255126953,2.896,43,47.780099819088704
2026-05-23 00:00:00,2026-05-23 09:25:21.013664-07,2026-05-23 09:24:57-07,22012,6641,14926020,1,312530,49.263301849365234,-123.06880187988281,0.0,1,78.77688315427007
2026-05-23 00:00:00,2026-05-23 09:25:21.013664-07,2026-05-23 09:23:56-07,23002,6641,14926012,1,312530,49.268165588378906,-123.24800109863281,13.8943,166,50.36144805440762
2026-05-23 00:00:00,2026-05-23 09:25:21.013664-07,2026-05-23 09:24:45-07,23009,6641,14926018,1,312529,49.26240158081055,-123.0687484741211,3.334,69,10.152134385212811
2026-05-23 00:00:00,2026-05-23 09:25:21.013664-07,2026-05-23 09:25:01-07,24005,6641,14926013,1,312530,49.26386642456055,-123.21926879882812,11.2204,120,244.64900369898945
2026-05-23 00:00:00,2026-05-23 09:25:21.013664-07,2026-05-23 09:17:17-07,24007,6641,14926019,1,312530,49.26321792602539,-123.0685806274414,0.3869,8,94.84547317719102
2026-05-23 00:00:00,2026-05-23 09:25:21.013664-07,2026-05-23 09:24:47-07,24011,6641,14926016,1,312529,49.2634162902832,-123.12263488769531,7.1997,118,60.224653947697604
2026-05-23 00:00:00,2026-05-23 09:25:21.013664-07,2026-05-23 09:24:54-07,24013,6641,14925866,0,312527,49.26744842529297,-123.24693298339844,0.1448,2,29.142618916413696
2026-05-23 00:00:00,2026-05-23 09:25:51.634132-07,2026-05-23 09:25:21-07,15019,6641,14925863,0,312527,49.2629508972168,-123.1032485961914,10.919,114,20.94595122992784
2026-05-23 00:00:00,2026-05-23 09:25:51.634132-07,2026-05-23 09:25:25-07,16201,6641,14925865,0,312527,49.26620101928711,-123.23677062988281,0.9528,22,16.997361767427495
2026-05-23 00:00:00,2026-05-23 09:25:51.634132-07,2026-05-23 09:25:32-07,16222,6641,14926015,1,312530,49.26361846923828,-123.13874816894531,5.4888,67,13.900825383100704
2026-05-23 00:00:00,2026-05-23 09:25:51.634132-07,2026-05-23 09:25:25-07,19026,6641,14925864,0,312527,49.26373291015625,-123.1529312133789,7.2793,79,9.807515330954615
2026-05-23 00:00:00,2026-05-23 09:25:51.634132-07,2026-05-23 09:25:33-07,19035,6641,14926014,1,312529,49.26393127441406,-123.15886688232422,9.9808,141,83.17149050068663
2026-05-23 00:00:00,2026-05-23 09:25:51.634132-07,2026-05-23 09:25:33-07,19041,6641,14926017,1,312530,49.26298141479492,-123.10283660888672,2.896,43,9.167586514413559
2026-05-23 00:00:00,2026-05-23 09:25:51.634132-07,2026-05-23 09:25:27-07,22012,6641,14926020,1,312530,49.2633171081543,-123.06881713867188,0.0,1,76.9352378504657
2026-05-23 00:00:00,2026-05-23 09:25:51.634132-07,2026-05-23 09:23:56-07,23002,6641,14926012,1,312530,49.268165588378906,-123.24800109863281,13.8943,166,50.36144805440762
2026-05-23 00:00:00,2026-05-23 09:25:51.634132-07,2026-05-23 09:25:16-07,23009,6641,14926018,1,312529,49.26240158081055,-123.0687484741211,3.334,69,10.152134385212811
2026-05-23 00:00:00,2026-05-23 09:25:51.634132-07,2026-05-23 09:25:33-07,24005,6641,14926013,1,312530,49.26373291015625,-123.22533416748047,12.2434,121,334.89646157542546
2026-05-23 00:00:00,2026-05-23 09:25:51.634132-07,2026-05-23 09:17:17-07,24007,6641,14926019,1,312530,49.26321792602539,-123.0685806274414,0.3869,8,94.84547317719102
2026-05-23 00:00:00,2026-05-23 09:25:51.634132-07,2026-05-23 09:25:18-07,24011,6641,14926016,1,312529,49.26350021362305,-123.12663269042969,7.5492,120,10.523074143756707
2026-05-23 00:00:00,2026-05-23 09:25:51.634132-07,2026-05-23 09:25:21-07,24013,6641,14925866,0,312527,49.26755142211914,-123.24674987792969,0.1448,2,12.057325543400145
2026-05-23 00:00:00,2026-05-23 09:26:22.18729-07,2026-05-23 09:25:50-07,15019,6641,14925863,0,312527,49.26293182373047,-123.10223388671875,10.919,114,52.90741830027783
2026-05-23 00:00:00,2026-05-23 09:26:22.18729-07,2026-05-23 09:25:55-07,16201,6641,14925865,0,312527,49.2637825012207,-123.23226928710938,1.4103,30,14.156062982606338
2026-05-23 00:00:00,2026-05-23 09:26:22.18729-07,2026-05-23 09:26:01-07,16222,6641,14926015,1,312530,49.26371765136719,-123.14016723632812,5.6682,69,63.371772238143684
2026-05-23 00:00:00,2026-05-23 09:26:22.18729-07,2026-05-23 09:25:55-07,19026,6641,14925864,0,312527,49.26369857788086,-123.15031433105469,7.4537,82,19.00982969894654
2026-05-23 00:00:00,2026-05-23 09:26:22.18729-07,2026-05-23 09:26:01-07,19035,6641,14926014,1,312529,49.263999938964844,-123.16220092773438,10.1553,142,15.28738725676517
2026-05-23 00:00:00,2026-05-23 09:26:22.18729-07,2026-05-23 09:26:07-07,19041,6641,14926017,1,312530,49.263065338134766,-123.10459899902344,3.0364,45,21.524282656698375
2026-05-23 00:00:00,2026-05-23 09:26:22.18729-07,2026-05-23 09:25:56-07,22012,6641,14926020,1,312530,49.263301849365234,-123.06883239746094,0.0,1,76.91943564735423
2026-05-23 00:00:00,2026-05-23 09:26:22.18729-07,2026-05-23 09:23:56-07,23002,6641,14926012,1,312530,49.268165588378906,-123.24800109863281,13.8943,166,50.36144805440762
2026-05-23 00:00:00,2026-05-23 09:26:22.18729-07,2026-05-23 09:25:40-07,23009,6641,14926018,1,312529,49.26238250732422,-123.0689468383789,3.3463,70,7.210689504306223
2026-05-23 00:00:00,2026-05-23 09:26:22.18729-07,2026-05-23 09:26:01-07,24005,6641,14926013,1,312530,49.26371765136719,-123.23152923583984,12.3692,127,9.43586756996579
2026-05-23 00:00:00,2026-05-23 09:26:22.18729-07,2026-05-23 09:17:17-07,24007,6641,14926019,1,312530,49.26321792602539,-123.0685806274414,0.3869,8,94.84547317719102
2026-05-23 00:00:00,2026-05-23 09:26:22.18729-07,2026-05-23 09:25:48-07,24011,6641,14926016,1,312529,49.26353454589844,-123.1316146850586,7.895,122,18.762013110584316
