vehicle_id,total_records,days_active,routes_served,first_seen,last_seen,primary_route,records_per_active_day
18053,9834,5,2,2026-05-19 00:00:22,2026-05-23 23:59:59,37809,1966.8
18014,9587,5,3,2026-05-19 00:00:22,2026-05-23 23:59:59,46604,1917.4
21520,9294,5,20,2026-05-19 00:00:22,2026-05-23 23:59:59,30036,1858.8
19108,9292,5,15,2026-05-19 00:00:22,2026-05-23 23:59:59,6712,1858.4
18191,9290,5,15,2026-05-19 00:00:22,2026-05-23 11:09:39,6749,1858.0
18044,9104,5,3,2026-05-19 00:00:22,2026-05-23 23:59:59,37810,1820.8
25101,8967,5,18,2026-05-19 00:00:22,2026-05-23 23:59:59,6712,1793.4
15005,8964,5,1,2026-05-19 00:00:22,2026-05-23 23:59:59,6706,1792.8
16033,8942,5,11,2026-05-19 12:44:24,2026-05-23 23:59:59,6646,1788.4
15014,8915,5,1,2026-05-19 00:00:22,2026-05-23 09:35:00,6706,1783.0
18151,8908,5,14,2026-05-19 00:00:22,2026-05-23 23:59:59,18705,1781.6
9628,8890,5,11,2026-05-19 13:25:30,2026-05-23 23:59:59,6651,1778.0
16129,8869,5,14,2026-05-19 11:54:44,2026-05-23 23:59:59,18705,1773.8
19431,8844,5,5,2026-05-19 00:00:22,2026-05-23 23:59:59,6698,1768.8
18341,8836,5,5,2026-05-19 00:00:22,2026-05-23 23:59:59,6619,1767.2
16222,8831,5,4,2026-05-19 00:00:22,2026-05-23 23:59:59,6641,1766.2
19121,8819,5,11,2026-05-19 00:00:22,2026-05-23 23:59:59,6707,1763.8
18041,8817,5,3,2026-05-19 00:00:22,2026-05-23 23:59:59,37808,1763.4
14004,8784,5,17,2026-05-19 00:07:05,2026-05-23 23:59:59,22638,1756.8
16021,8781,5,14,2026-05-19 00:00:22,2026-05-23 23:59:59,6667,1756.2
25145,8774,5,9,2026-05-19 00:00:22,2026-05-23 23:59:59,6728,1754.8
18185,8755,5,11,2026-05-19 00:00:22,2026-05-23 03:36:29,6667,1751.0
19041,8745,5,6,2026-05-19 12:41:31,2026-05-23 23:59:59,6641,1749.0
19142,8743,5,10,2026-05-19 00:00:22,2026-05-23 23:59:59,6705,1748.6
25141,8721,5,8,2026-05-19 00:00:22,2026-05-23 23:59:59,6728,1744.2
18146,8704,5,12,2026-05-19 12:53:13,2026-05-23 23:59:59,6737,1740.8
18367,8692,5,17,2026-05-19 00:00:22,2026-05-23 23:59:59,6703,1738.4
21403,8681,5,3,2026-05-19 00:00:22,2026-05-23 23:59:59,6713,1736.2
18106,8680,5,13,2026-05-19 00:00:22,2026-05-23 23:59:59,6737,1736.0
18029,8667,5,3,2026-05-19 00:00:22,2026-05-23 23:59:59,37808,1733.4
15021,8647,5,2,2026-05-19 00:00:22,2026-05-23 11:55:25,6706,1729.4
19134,8640,5,17,2026-05-19 00:00:22,2026-05-23 23:59:59,6712,1728.0
9482,8636,5,7,2026-05-19 11:52:12,2026-05-23 23:59:59,34543,1727.2
23002,8626,5,2,2026-05-19 00:00:22,2026-05-23 23:59:59,6693,1725.2
15011,8593,5,1,2026-05-19 11:27:47,2026-05-23 23:59:59,6706,1718.6
25604,8591,5,9,2026-05-19 00:00:22,2026-05-23 23:59:59,6819,1718.2
19117,8586,5,17,2026-05-19 11:18:07,2026-05-23 23:59:59,6738,1717.2
16110,8556,5,16,2026-05-19 12:42:13,2026-05-23 23:59:59,29038,1711.2
24102,8515,5,13,2026-05-19 00:00:22,2026-05-23 23:59:59,6705,1703.0
14010,8500,5,13,2026-05-19 00:00:22,2026-05-23 23:59:59,6667,1700.0
2506,8490,5,4,2026-05-19 00:00:22,2026-05-23 23:59:59,6613,1698.0
24136,8483,5,14,2026-05-19 00:00:22,2026-05-23 20:04:55,23384,1696.6
24111,8483,5,12,2026-05-19 00:00:22,2026-05-23 23:59:59,6703,1696.6
2239,8483,5,5,2026-05-19 00:00:22,2026-05-23 23:59:59,6624,1696.6
19147,8478,5,14,2026-05-19 12:17:13,2026-05-23 23:59:59,6705,1695.6
18026,8468,5,3,2026-05-19 00:00:22,2026-05-23 23:59:59,37810,1693.6
19122,8457,5,14,2026-05-19 00:00:22,2026-05-23 23:59:59,6705,1691.4
18052,8401,5,3,2026-05-19 11:02:20,2026-05-23 23:59:59,37810,1680.2
9754,8393,5,14,2026-05-19 13:06:32,2026-05-23 23:59:59,6630,1678.6
8135,8385,5,5,2026-05-19 00:00:22,2026-05-23 07:44:00,6638,1677.0
18388,8368,5,14,2026-05-19 12:35:37,2026-05-23 23:59:59,6703,1673.6
18120,8363,5,19,2026-05-19 00:00:22,2026-05-23 23:59:59,6738,1672.6
18121,8362,5,13,2026-05-19 00:00:22,2026-05-23 23:59:59,6705,1672.4
16036,8350,5,9,2026-05-19 00:00:22,2026-05-23 23:59:59,6749,1670.0
24133,8347,5,14,2026-05-19 00:00:22,2026-05-23 23:59:59,6737,1669.4
18352,8331,5,5,2026-05-19 00:00:22,2026-05-23 11:58:58,11201,1666.2
9633,8329,5,12,2026-05-19 12:58:50,2026-05-23 23:59:59,6682,1665.8
2525,8313,5,3,2026-05-19 00:00:22,2026-05-23 23:59:59,6620,1662.6
2225,8300,5,7,2026-05-19 00:00:22,2026-05-23 23:59:59,6633,1660.0
18311,8295,5,10,2026-05-19 14:41:55,2026-05-23 23:59:59,11201,1659.0
7480,8280,5,12,2026-05-19 00:00:22,2026-05-23 23:59:59,6705,1656.0
25503,8276,5,8,2026-05-19 00:00:22,2026-05-23 07:26:11,46099,1655.2
9430,8269,5,12,2026-05-19 00:00:22,2026-05-23 23:59:59,6728,1653.8
24132,8263,5,13,2026-05-19 12:14:40,2026-05-23 23:59:59,6705,1652.6
9665,8255,5,7,2026-05-19 00:00:22,2026-05-23 23:59:59,6722,1651.0
18010,8254,5,3,2026-05-19 11:36:56,2026-05-23 23:59:59,37808,1650.8
8128,8251,5,4,2026-05-19 13:22:56,2026-05-23 23:59:59,6612,1650.2
9632,8247,5,15,2026-05-19 13:12:10,2026-05-23 23:59:59,6630,1649.4
2501,8238,5,4,2026-05-19 00:00:22,2026-05-23 23:59:59,6625,1647.6
16106,8226,5,12,2026-05-19 00:00:22,2026-05-23 03:37:00,23384,1645.2
2261,8223,5,7,2026-05-19 11:57:47,2026-05-23 23:59:59,6623,1644.6
18152,8220,5,14,2026-05-19 00:00:22,2026-05-23 23:59:59,6705,1644.0
16105,8218,5,16,2026-05-19 00:00:22,2026-05-23 23:59:59,6705,1643.6
24113,8217,5,15,2026-05-19 00:00:22,2026-05-23 23:59:59,6705,1643.4
25142,8205,5,9,2026-05-19 00:00:22,2026-05-23 23:58:57,32799,1641.0
24145,8181,5,14,2026-05-19 00:00:22,2026-05-23 23:59:59,6703,1636.2
9555,8175,5,10,2026-05-19 11:11:59,2026-05-23 08:11:00,6722,1635.0
18124,8173,5,11,2026-05-19 12:24:22,2026-05-23 23:59:59,18705,1634.6
15001,8169,5,1,2026-05-19 00:02:28,2026-05-23 23:59:59,6706,1633.8
25163,8167,5,6,2026-05-19 13:40:20,2026-05-23 23:59:59,6657,1633.4
24538,8131,5,19,2026-05-19 00:00:22,2026-05-23 23:59:59,30043,1626.2
81210,8128,5,4,2026-05-19 01:03:55,2026-05-23 23:59:59,6692,1625.6
18049,8123,5,3,2026-05-19 00:00:22,2026-05-23 23:59:59,37808,1624.6
9431,8113,5,11,2026-05-19 00:00:22,2026-05-23 23:59:59,6654,1622.6
14027,8112,5,14,2026-05-19 12:43:23,2026-05-23 23:59:59,6667,1622.4
9751,8110,5,14,2026-05-19 00:00:22,2026-05-23 23:59:59,6630,1622.0
8119,8106,5,5,2026-05-19 00:00:22,2026-05-23 23:59:59,6612,1621.2
14017,8102,5,15,2026-05-19 12:20:48,2026-05-23 23:59:59,6646,1620.4
24114,8101,5,15,2026-05-19 00:00:22,2026-05-23 04:35:46,6705,1620.2
25122,8099,5,6,2026-05-19 00:00:22,2026-05-23 04:03:04,6654,1619.8
8155,8095,5,5,2026-05-19 00:00:22,2026-05-23 23:59:59,6612,1619.0
12015,8080,5,2,2026-05-19 00:56:46,2026-05-23 23:59:59,6636,1616.0
21535,8077,5,17,2026-05-19 12:25:24,2026-05-23 23:59:59,30039,1615.4
18385,8072,5,5,2026-05-19 00:00:22,2026-05-23 23:59:59,6619,1614.4
18165,8065,5,10,2026-05-19 12:11:04,2026-05-23 23:59:59,6749,1613.0
18140,8048,5,14,2026-05-19 11:27:16,2026-05-23 23:59:59,23384,1609.6
18122,8044,5,14,2026-05-19 00:00:22,2026-05-23 07:48:05,6703,1608.8
18384,8038,5,13,2026-05-19 12:01:23,2026-05-23 23:59:59,6703,1607.6
24104,8030,5,13,2026-05-19 12:01:23,2026-05-23 23:59:59,6738,1606.0
18360,8027,5,15,2026-05-19 00:00:22,2026-05-23 23:59:59,23384,1605.4
9752,8025,5,7,2026-05-19 12:57:49,2026-05-23 23:59:59,6630,1605.0
21538,8021,5,18,2026-05-19 00:00:22,2026-05-23 23:59:59,6799,1604.2
24105,8015,5,19,2026-05-19 11:14:33,2026-05-23 23:59:59,6712,1603.0
18329,8003,5,7,2026-05-19 13:45:59,2026-05-23 23:59:59,6626,1600.6
9559,8003,5,7,2026-05-19 13:15:45,2026-05-23 23:59:59,6727,1600.6
18182,8002,5,14,2026-05-19 00:04:00,2026-05-23 23:59:59,6667,1600.4
21018,7998,5,2,2026-05-19 00:00:22,2026-05-23 23:52:49,6627,1599.6
9729,7996,5,13,2026-05-19 00:00:22,2026-05-23 23:59:59,6682,1599.2
21517,7994,5,19,2026-05-19 00:00:22,2026-05-23 23:59:59,30040,1598.8
16047,7982,5,16,2026-05-19 00:00:22,2026-05-23 23:59:59,6667,1596.4
24106,7981,5,16,2026-05-19 11:31:51,2026-05-23 23:59:59,6707,1596.2
21010,7977,5,6,2026-05-19 12:43:23,2026-05-23 23:59:59,6638,1595.4
2533,7976,5,3,2026-05-19 00:00:22,2026-05-23 23:59:59,6618,1595.2
19017,7965,5,4,2026-05-19 00:00:22,2026-05-23 02:05:28,38311,1593.0
19130,7963,5,10,2026-05-19 00:00:22,2026-05-23 23:59:59,6738,1592.6
22010,7963,5,6,2026-05-19 00:00:22,2026-05-23 23:59:59,37807,1592.6
18190,7943,5,12,2026-05-19 00:00:22,2026-05-23 23:59:59,6667,1588.6
21521,7941,5,18,2026-05-19 00:00:22,2026-05-23 09:18:12,30047,1588.2
18007,7933,5,3,2026-05-19 00:00:22,2026-05-23 23:59:59,37810,1586.6
9630,7927,5,12,2026-05-19 00:00:22,2026-05-23 03:43:39,6682,1585.4
19011,7916,5,2,2026-05-19 00:00:22,2026-05-23 23:59:59,37810,1583.2
15013,7915,5,1,2026-05-19 00:00:22,2026-05-23 23:59:59,6706,1583.0
18170,7912,5,11,2026-05-19 00:00:22,2026-05-23 23:59:59,6665,1582.4
9668,7907,5,18,2026-05-19 13:51:06,2026-05-23 23:59:59,8290,1581.4
24128,7906,5,18,2026-05-19 00:00:22,2026-05-23 23:59:59,6712,1581.2
18317,7900,5,5,2026-05-19 00:00:22,2026-05-23 23:59:59,6619,1580.0
2112,7898,5,4,2026-05-19 00:00:22,2026-05-23 23:55:53,6622,1579.6
9742,7894,5,12,2026-05-19 14:43:27,2026-05-23 23:59:59,39307,1578.8
9776,7894,5,16,2026-05-19 11:38:58,2026-05-23 23:59:59,6672,1578.8
9749,7891,4,14,2026-05-20 11:33:37,2026-05-23 23:59:59,6679,1972.75
18345,7886,5,5,2026-05-19 00:00:22,2026-05-23 23:59:59,30055,1577.2
2560,7885,5,3,2026-05-19 00:00:22,2026-05-23 23:59:59,6625,1577.0
2530,7881,5,3,2026-05-19 14:59:23,2026-05-23 23:59:59,6613,1576.2
18020,7877,5,3,2026-05-19 00:00:22,2026-05-23 23:59:59,37810,1575.4
24141,7876,5,16,2026-05-19 00:00:22,2026-05-23 23:59:59,6738,1575.2
25160,7875,5,8,2026-05-19 11:58:18,2026-05-23 23:59:59,6728,1575.0
19007,7870,5,3,2026-05-19 00:00:22,2026-05-23 08:25:47,37808,1574.0
24127,7864,5,10,2026-05-19 21:03:17,2026-05-23 23:59:59,6714,1572.8
9531,7864,5,10,2026-05-19 12:49:38,2026-05-23 23:59:59,6730,1572.8
9629,7861,5,18,2026-05-19 13:01:55,2026-05-23 23:59:59,6651,1572.2
2559,7859,5,2,2026-05-19 00:00:22,2026-05-23 23:59:59,6618,1571.8
22014,7857,5,4,2026-05-19 00:00:22,2026-05-23 12:29:29,6641,1571.4
16046,7856,5,12,2026-05-19 11:00:47,2026-05-23 12:36:07,6646,1571.2
25181,7854,5,8,2026-05-19 12:13:06,2026-05-23 23:59:59,6657,1570.8
16216,7853,5,1,2026-05-19 15:37:23,2026-05-23 23:59:59,6636,1570.6
9674,7844,5,8,2026-05-19 00:00:22,2026-05-23 23:59:59,6705,1568.8
24137,7842,5,15,2026-05-19 00:00:22,2026-05-23 23:59:59,23384,1568.4
23009,7834,5,6,2026-05-19 00:00:22,2026-05-23 23:59:59,6641,1566.8
8138,7830,5,2,2026-05-19 00:00:22,2026-05-23 23:59:59,6627,1566.0
16051,7827,5,13,2026-05-19 12:36:38,2026-05-23 09:07:31,6667,1565.4
25158,7805,5,11,2026-05-19 12:00:51,2026-05-23 23:59:59,6649,1561.0
18027,7804,5,3,2026-05-19 12:30:00,2026-05-23 23:59:59,46604,1560.8
25502,7802,5,7,2026-05-19 12:57:18,2026-05-23 23:59:59,6796,1560.4
25110,7802,5,13,2026-05-19 15:11:42,2026-05-23 23:59:59,6657,1560.4
25511,7801,5,14,2026-05-19 00:00:22,2026-05-23 23:59:59,6828,1560.2
9686,7793,5,14,2026-05-19 14:37:48,2026-05-23 23:59:59,23384,1558.6
25171,7789,5,9,2026-05-19 13:16:15,2026-05-23 23:59:59,6657,1557.8
9759,7784,5,14,2026-05-19 00:00:22,2026-05-23 02:23:56,6630,1556.8
18162,7783,5,17,2026-05-19 00:00:22,2026-05-23 23:59:59,6737,1556.6
9547,7775,5,8,2026-05-19 00:00:22,2026-05-23 23:59:59,34542,1555.0
18164,7755,5,8,2026-05-19 12:01:23,2026-05-23 23:59:59,7224,1551.0
9758,7749,5,9,2026-05-19 00:00:22,2026-05-23 23:59:59,6651,1549.8
24518,7745,5,16,2026-05-19 00:00:22,2026-05-23 23:59:59,34541,1549.0
16128,7741,5,18,2026-05-19 00:00:22,2026-05-23 23:59:59,6707,1548.2
16050,7741,5,9,2026-05-19 00:00:22,2026-05-23 09:41:06,6749,1548.2
18387,7736,5,15,2026-05-19 13:16:46,2026-05-23 23:59:59,6703,1547.2
18160,7736,5,13,2026-05-19 12:01:23,2026-05-23 23:59:59,18705,1547.2
19138,7718,5,19,2026-05-19 00:00:22,2026-05-23 23:59:59,6748,1543.6
2135,7717,5,6,2026-05-19 12:40:22,2026-05-23 23:59:59,6622,1543.4
19107,7715,5,13,2026-05-19 00:00:22,2026-05-23 23:59:59,23384,1543.0
24011,7714,5,3,2026-05-19 00:00:22,2026-05-23 23:59:59,6641,1542.8
19135,7709,5,11,2026-05-19 00:00:22,2026-05-23 23:59:59,6738,1541.8
9607,7708,5,17,2026-05-19 00:00:22,2026-05-23 23:59:59,6651,1541.6
24530,7708,5,18,2026-05-19 13:45:59,2026-05-23 23:59:59,30036,1541.6
14041,7704,5,16,2026-05-19 12:35:37,2026-05-23 23:59:59,6643,1540.8
14022,7702,5,13,2026-05-19 00:00:22,2026-05-23 23:59:59,7224,1540.4
25159,7700,5,10,2026-05-19 00:00:22,2026-05-23 23:59:59,6657,1540.0
24125,7682,5,16,2026-05-19 00:00:22,2026-05-23 23:59:59,6700,1536.4
19145,7676,5,14,2026-05-19 12:43:53,2026-05-23 23:59:59,6712,1535.2
24103,7671,5,12,2026-05-19 11:29:49,2026-05-23 23:59:59,6705,1534.2
16011,7668,5,9,2026-05-19 11:56:46,2026-05-23 23:59:59,6749,1533.6
25111,7665,5,10,2026-05-19 00:00:22,2026-05-23 23:59:59,32799,1533.0
16112,7665,5,13,2026-05-19 14:05:28,2026-05-23 23:59:59,6700,1533.0
19137,7664,5,15,2026-05-19 00:00:22,2026-05-23 23:59:59,23384,1532.8
21522,7659,5,18,2026-05-19 00:00:22,2026-05-23 23:59:59,34540,1531.8
21516,7658,5,24,2026-05-19 00:00:22,2026-05-23 23:59:59,30045,1531.6
9455,7657,5,10,2026-05-19 12:40:22,2026-05-23 23:59:59,6650,1531.4
7468,7649,5,14,2026-05-19 00:00:22,2026-05-23 23:59:59,29038,1529.8
24613,7648,5,9,2026-05-19 00:00:22,2026-05-23 23:59:59,6819,1529.6
21542,7648,5,20,2026-05-19 00:00:22,2026-05-23 23:59:59,30047,1529.6
21527,7646,5,19,2026-05-19 00:00:22,2026-05-23 23:59:59,6799,1529.2
24126,7644,5,11,2026-05-19 11:34:54,2026-05-23 06:37:15,23384,1528.8
19128,7643,5,12,2026-05-19 00:00:22,2026-05-23 23:59:59,6714,1528.6
2523,7635,5,3,2026-05-19 00:00:22,2026-05-23 23:59:59,6620,1527.0
18163,7635,5,10,2026-05-19 00:00:22,2026-05-23 23:59:59,6749,1527.0
18017,7625,5,3,2026-05-19 00:00:22,2026-05-23 23:59:59,46604,1525.0
14013,7622,5,15,2026-05-19 11:34:23,2026-05-23 23:59:59,6667,1524.4
18168,7622,5,9,2026-05-19 12:52:42,2026-05-23 23:59:59,6749,1524.4
16130,7615,5,10,2026-05-19 00:00:22,2026-05-23 23:59:59,6738,1523.0
21519,7606,5,19,2026-05-19 00:20:55,2026-05-23 23:59:59,30038,1521.2
18125,7604,5,14,2026-05-19 00:00:22,2026-05-23 23:59:59,6705,1520.8
2218,7603,5,7,2026-05-19 00:00:22,2026-05-23 23:59:59,6624,1520.6
14015,7600,5,13,2026-05-19 00:00:22,2026-05-23 23:59:59,6749,1520.0
21507,7597,5,20,2026-05-19 11:57:47,2026-05-23 23:59:59,30045,1519.4
18024,7591,5,3,2026-05-19 12:04:57,2026-05-23 08:31:53,46604,1518.2
2535,7582,5,4,2026-05-19 11:40:29,2026-05-23 23:59:59,6618,1516.4
18188,7581,5,14,2026-05-19 00:00:22,2026-05-23 23:59:59,6661,1516.2
9766,7580,5,13,2026-05-19 13:50:04,2026-05-23 23:59:59,6672,1516.0
18114,7577,5,15,2026-05-19 00:00:22,2026-05-23 23:59:59,6703,1515.4
9407,7570,5,8,2026-05-19 00:00:22,2026-05-23 23:59:59,30055,1514.0
25144,7556,5,9,2026-05-19 12:15:42,2026-05-23 23:59:59,6657,1511.2
9569,7556,5,5,2026-05-19 12:30:00,2026-05-23 09:16:10,6748,1511.2
2181,7549,5,4,2026-05-19 00:00:22,2026-05-23 23:59:59,6623,1509.8
19136,7547,5,13,2026-05-19 00:00:22,2026-05-23 23:59:59,6738,1509.4
81216,7546,5,4,2026-05-19 00:00:22,2026-05-23 08:18:08,6687,1509.2
9528,7544,5,8,2026-05-19 11:38:58,2026-05-23 23:59:59,6728,1508.8
18198,7539,5,9,2026-05-19 12:09:32,2026-05-23 09:33:28,6667,1507.8
9533,7538,5,9,2026-05-19 00:00:22,2026-05-23 06:03:37,6748,1507.6
16016,7534,5,8,2026-05-19 12:15:11,2026-05-23 23:59:59,22638,1506.8
25129,7530,5,8,2026-05-19 12:35:37,2026-05-23 23:59:59,6657,1506.0
21552,7529,5,21,2026-05-19 11:58:18,2026-05-23 23:59:59,30039,1505.8
19101,7524,5,18,2026-05-19 00:00:22,2026-05-23 23:59:59,6705,1504.8
21512,7524,5,19,2026-05-19 00:00:22,2026-05-23 23:59:59,34541,1504.8
9669,7523,5,10,2026-05-19 11:34:54,2026-05-23 23:59:59,23384,1504.6
21551,7522,5,22,2026-05-19 00:00:22,2026-05-23 23:59:59,30046,1504.4
25613,7520,5,8,2026-05-19 12:43:53,2026-05-23 23:59:59,6821,1504.0
25614,7514,5,6,2026-05-19 00:00:22,2026-05-23 23:59:59,6819,1502.8
25164,7513,5,9,2026-05-19 13:05:30,2026-05-23 23:59:59,6645,1502.6
18326,7512,5,4,2026-05-19 12:42:52,2026-05-23 23:59:59,6626,1502.4
9755,7506,5,16,2026-05-19 00:00:22,2026-05-23 23:59:59,6651,1501.2
18356,7501,5,3,2026-05-19 12:56:47,2026-05-23 23:59:59,6626,1500.2
24108,7494,5,10,2026-05-19 11:41:00,2026-05-23 23:59:59,6738,1498.8
9698,7491,5,9,2026-05-19 00:00:22,2026-05-23 23:59:59,7321,1498.2
19144,7474,5,12,2026-05-19 11:38:58,2026-05-23 23:59:59,23384,1494.8
24144,7472,5,16,2026-05-19 00:00:53,2026-05-23 23:59:59,6737,1494.4
9493,7468,5,8,2026-05-19 00:00:22,2026-05-23 23:59:59,6724,1493.6
24529,7466,5,10,2026-05-19 00:00:22,2026-05-23 23:59:59,11696,1493.2
21540,7465,5,21,2026-05-19 11:56:46,2026-05-23 23:59:59,34043,1493.0
19043,7465,5,3,2026-05-19 12:51:40,2026-05-23 23:59:59,38311,1493.0
24010,7465,5,6,2026-05-19 00:00:22,2026-05-23 23:59:59,6641,1493.0
19015,7464,5,5,2026-05-19 00:00:22,2026-05-23 23:59:59,37807,1492.8
9550,7462,5,7,2026-05-19 00:00:22,2026-05-23 08:02:52,6727,1492.4
24629,7461,5,9,2026-05-19 00:00:22,2026-05-23 23:59:59,6819,1492.2
2101,7435,5,6,2026-05-19 11:51:11,2026-05-23 23:59:59,6623,1487.0
21015,7420,5,2,2026-05-19 00:00:22,2026-05-23 23:59:59,6627,1484.0
18147,7420,5,13,2026-05-19 11:50:09,2026-05-23 03:10:56,6712,1484.0
18063,7420,5,3,2026-05-19 00:00:22,2026-05-23 06:47:57,37810,1484.0
2289,7405,5,4,2026-05-19 00:00:22,2026-05-23 23:59:59,6633,1481.0
18006,7402,5,3,2026-05-19 12:42:52,2026-05-23 23:59:59,46604,1480.4
81203,7399,5,4,2026-05-19 00:00:22,2026-05-23 23:59:59,6687,1479.8
24532,7399,5,18,2026-05-19 00:00:22,2026-05-23 07:18:01,31822,1479.8
2264,7398,5,5,2026-05-19 00:00:22,2026-05-23 23:59:59,6622,1479.6
9469,7396,5,5,2026-05-19 12:09:32,2026-05-23 23:59:59,6730,1479.2
9577,7396,5,9,2026-05-19 00:00:22,2026-05-23 02:48:58,6724,1479.2
24606,7390,5,6,2026-05-19 12:13:37,2026-05-23 23:59:59,31819,1478.0
2243,7389,5,6,2026-05-19 00:00:22,2026-05-23 23:59:59,6633,1477.8
16126,7385,5,17,2026-05-19 00:00:22,2026-05-23 02:43:21,6705,1477.0
12013,7382,5,2,2026-05-19 00:00:22,2026-05-23 23:59:59,6636,1476.4
9476,7374,5,7,2026-05-19 00:00:22,2026-05-23 00:41:53,34543,1474.8
24521,7369,5,9,2026-05-19 00:00:22,2026-05-23 23:59:59,6806,1473.8
18031,7369,5,2,2026-05-19 00:00:22,2026-05-23 23:59:59,37810,1473.8
24634,7360,5,4,2026-05-19 00:00:22,2026-05-23 04:41:24,48855,1472.0
9605,7359,5,19,2026-05-19 00:00:22,2026-05-23 23:59:59,6679,1471.8
18113,7355,5,13,2026-05-19 00:00:22,2026-05-23 23:59:59,6712,1471.0
81201,7353,5,3,2026-05-19 00:00:22,2026-05-23 23:59:59,6692,1470.6
18155,7349,5,7,2026-05-19 12:04:26,2026-05-23 07:13:57,18705,1469.8
21539,7349,5,17,2026-05-19 00:00:22,2026-05-23 23:59:59,30046,1469.8
8137,7345,5,3,2026-05-19 13:56:14,2026-05-23 23:59:59,6627,1469.0
9622,7334,5,17,2026-05-19 00:00:22,2026-05-23 23:59:59,39307,1466.8
9502,7323,5,9,2026-05-19 12:05:58,2026-05-23 12:17:16,34542,1464.6
18315,7319,5,5,2026-05-19 00:00:22,2026-05-23 23:59:59,30055,1463.8
24509,7317,5,17,2026-05-19 00:00:22,2026-05-23 23:59:59,30038,1463.4
25521,7316,5,9,2026-05-19 00:00:22,2026-05-23 23:59:59,6796,1463.2
21510,7312,5,18,2026-05-19 00:00:22,2026-05-23 23:59:59,30038,1462.4
18179,7308,5,12,2026-05-19 00:00:22,2026-05-23 23:59:59,6646,1461.6
24119,7307,5,14,2026-05-19 23:20:12,2026-05-23 23:59:59,6703,1461.4
18399,7304,5,7,2026-05-19 00:00:22,2026-05-23 23:59:59,6619,1460.8
9560,7304,5,13,2026-05-19 00:00:22,2026-05-23 23:59:59,40855,1460.8
9586,7303,5,10,2026-05-19 00:00:22,2026-05-23 23:59:59,6723,1460.6
9523,7298,5,7,2026-05-19 14:32:38,2026-05-23 23:59:59,6626,1459.6
18061,7298,5,2,2026-05-19 00:00:22,2026-05-23 08:44:37,37810,1459.6
19415,7296,5,5,2026-05-19 00:00:22,2026-05-23 23:59:59,6747,1459.2
25516,7293,5,8,2026-05-19 12:49:38,2026-05-23 23:59:59,6796,1458.6
21548,7291,5,20,2026-05-19 00:00:22,2026-05-23 23:59:59,30045,1458.2
2542,7280,5,3,2026-05-19 00:00:22,2026-05-23 23:59:59,6625,1456.0
19111,7278,5,9,2026-05-19 11:21:10,2026-05-23 02:39:16,6703,1455.6
2130,7277,5,5,2026-05-19 10:08:52,2026-05-23 23:59:59,6624,1455.4
9504,7263,5,8,2026-05-19 00:00:22,2026-05-23 23:59:59,6726,1452.6
25506,7259,5,11,2026-05-19 00:00:22,2026-05-23 23:59:59,11696,1451.8
18167,7257,5,16,2026-05-19 12:29:29,2026-05-23 23:59:59,7224,1451.4
14028,7247,5,14,2026-05-19 12:33:04,2026-05-23 23:59:59,6646,1449.4
9608,7236,5,15,2026-05-19 14:55:47,2026-05-23 23:59:59,39307,1447.2
18022,7230,5,3,2026-05-19 00:00:22,2026-05-23 23:59:59,37810,1446.0
19116,7229,5,14,2026-05-19 12:28:28,2026-05-23 07:49:37,6705,1445.8
12023,7227,5,1,2026-05-19 00:00:22,2026-05-23 23:59:59,6636,1445.4
9646,7217,5,12,2026-05-19 21:55:03,2026-05-23 23:59:59,6651,1443.4
9690,7213,5,15,2026-05-19 00:00:22,2026-05-23 04:32:11,23384,1442.6
18046,7211,5,1,2026-05-19 00:00:22,2026-05-23 23:59:59,37809,1442.2
18112,7210,5,16,2026-05-19 00:00:22,2026-05-23 23:59:59,17707,1442.0
21025,7206,5,4,2026-05-19 00:00:22,2026-05-23 23:59:59,6627,1441.2
14029,7205,5,12,2026-05-19 12:42:52,2026-05-23 23:59:59,6749,1441.0
18369,7204,5,11,2026-05-19 21:59:09,2026-05-23 23:59:59,11692,1440.8
8126,7203,5,4,2026-05-19 00:00:22,2026-05-23 23:59:59,6627,1440.6
18013,7202,5,2,2026-05-19 13:01:55,2026-05-23 04:06:07,37810,1440.4
2193,7197,5,7,2026-05-19 00:00:22,2026-05-23 23:59:59,6624,1439.4
25121,7193,5,12,2026-05-19 00:00:22,2026-05-23 23:59:59,6650,1438.6
18366,7186,5,16,2026-05-19 12:54:45,2026-05-23 23:59:59,11692,1437.2
21523,7182,5,14,2026-05-19 00:00:22,2026-05-23 23:59:59,6800,1436.4
21001,7171,5,4,2026-05-19 12:05:27,2026-05-23 23:59:59,6612,1434.2
2547,7171,5,2,2026-05-19 00:00:22,2026-05-23 23:59:59,6613,1434.2
9735,7171,5,14,2026-05-19 11:51:41,2026-05-23 23:54:52,6682,1434.2
18019,7168,5,3,2026-05-19 12:16:43,2026-05-23 08:14:35,46604,1433.6
18404,7164,5,5,2026-05-19 00:00:22,2026-05-23 23:59:59,6619,1432.8
18159,7163,5,11,2026-05-19 00:00:22,2026-05-23 23:59:59,23384,1432.6
16225,7158,5,4,2026-05-19 12:37:09,2026-05-23 10:39:09,6641,1431.6
80905,7157,5,4,2026-05-19 00:05:01,2026-05-23 23:59:59,6692,1431.4
9779,7156,5,8,2026-05-19 00:00:22,2026-05-23 23:59:59,6682,1431.2
18354,7155,5,7,2026-05-19 14:06:29,2026-05-23 23:59:59,6637,1431.0
18180,7152,5,9,2026-05-19 00:00:53,2026-05-23 00:12:02,6667,1430.4
14023,7151,5,11,2026-05-19 00:00:22,2026-05-23 23:59:59,6667,1430.2
19031,7145,5,3,2026-05-19 00:00:22,2026-05-23 23:59:59,37807,1429.0
24112,7144,5,10,2026-05-19 00:00:22,2026-05-23 06:18:23,23384,1428.8
25153,7142,5,9,2026-05-19 00:00:22,2026-05-23 23:59:59,6650,1428.4
21023,7142,5,4,2026-05-19 00:00:22,2026-05-23 23:59:59,6627,1428.4
18194,7140,5,9,2026-05-19 12:26:56,2026-05-23 04:55:11,7224,1428.0
2162,7136,5,4,2026-05-19 00:00:22,2026-05-23 23:59:59,6617,1427.2
16116,7125,5,10,2026-05-19 00:00:22,2026-05-23 23:59:59,23384,1425.0
8136,7123,5,4,2026-05-19 00:00:22,2026-05-23 10:17:48,6638,1424.6
18389,7122,5,8,2026-05-19 00:00:22,2026-05-23 23:59:59,6626,1424.4
2221,7122,5,5,2026-05-19 00:00:22,2026-05-23 08:52:15,6622,1424.4
9609,7121,5,17,2026-05-19 00:00:22,2026-05-23 23:59:59,6682,1424.2
25172,7108,5,12,2026-05-19 13:02:26,2026-05-23 23:59:59,6728,1421.6
2503,7107,5,2,2026-05-19 11:21:10,2026-05-23 23:59:59,6620,1421.4
9539,7104,5,11,2026-05-19 00:00:22,2026-05-23 03:14:31,6726,1420.8
2521,7103,5,4,2026-05-19 00:00:22,2026-05-23 23:59:59,6618,1420.6
18204,7103,5,7,2026-05-19 00:00:22,2026-05-23 04:03:34,6667,1420.6
9443,7096,5,9,2026-05-19 11:48:37,2026-05-23 23:59:59,6649,1419.2
9423,7086,5,7,2026-05-19 12:47:35,2026-05-23 23:59:59,6727,1417.2
18466,7083,5,7,2026-05-19 12:26:56,2026-05-23 04:24:01,6741,1416.6
16032,7082,5,12,2026-05-19 12:06:28,2026-05-23 23:59:59,6663,1416.4
9477,7081,5,9,2026-05-19 00:00:22,2026-05-23 23:59:59,6730,1416.2
21410,7078,5,4,2026-05-19 00:00:22,2026-05-23 23:59:59,6747,1415.6
9697,7073,5,11,2026-05-19 00:00:22,2026-05-23 23:59:59,6725,1414.6
9564,7073,5,9,2026-05-19 00:00:22,2026-05-23 06:31:39,6727,1414.6
25523,7070,5,13,2026-05-19 00:00:22,2026-05-23 23:59:59,6796,1414.0
18368,7070,5,13,2026-05-19 00:00:22,2026-05-23 01:55:44,6702,1414.0
9726,7070,5,16,2026-05-19 00:00:22,2026-05-23 23:59:59,6672,1414.0
18333,7069,5,5,2026-05-19 12:27:27,2026-05-23 23:59:59,11201,1413.8
23006,7068,5,4,2026-05-19 00:00:22,2026-05-23 23:59:59,6641,1413.6
2562,7067,5,4,2026-05-19 00:00:22,2026-05-23 09:52:16,6620,1413.4
9479,7059,5,9,2026-05-19 00:00:22,2026-05-23 02:27:30,6722,1411.8
9503,7058,5,11,2026-05-19 11:12:30,2026-05-23 12:39:10,40855,1411.6
2223,7055,5,6,2026-05-19 00:00:22,2026-05-23 23:59:59,6622,1411.0
25148,7055,5,8,2026-05-19 12:23:52,2026-05-23 02:20:21,6645,1411.0
16127,7054,5,9,2026-05-19 13:57:16,2026-05-23 23:59:59,6705,1410.8
2198,7052,5,4,2026-05-19 00:00:22,2026-05-23 23:59:59,6624,1410.4
18310,7050,5,6,2026-05-19 14:42:56,2026-05-23 23:59:59,6637,1410.0
18305,7048,5,5,2026-05-19 00:00:22,2026-05-23 23:59:59,6626,1409.6
18394,7046,5,6,2026-05-19 12:32:02,2026-05-23 23:59:59,6626,1409.2
18111,7039,5,13,2026-05-19 00:00:22,2026-05-23 23:59:59,6705,1407.8
9538,7038,5,5,2026-05-19 12:31:01,2026-05-23 23:59:59,6727,1407.6
9767,7037,5,19,2026-05-19 00:00:22,2026-05-23 23:59:59,6651,1407.4
8129,7036,5,4,2026-05-19 00:00:22,2026-05-23 23:59:59,6612,1407.2
25202,7035,5,1,2026-05-19 00:00:22,2026-05-23 23:59:59,6642,1407.0
2546,7035,5,3,2026-05-19 00:00:22,2026-05-23 23:59:59,6618,1407.0
18177,7030,5,12,2026-05-19 00:00:22,2026-05-23 23:59:59,6646,1406.0
25176,7029,5,9,2026-05-19 12:25:24,2026-05-23 09:13:37,6645,1405.8
19042,7029,5,5,2026-05-19 13:07:03,2026-05-23 23:59:59,38311,1405.8
18393,7028,5,6,2026-05-19 13:00:22,2026-05-23 23:59:59,6626,1405.6
9498,7028,5,10,2026-05-19 00:00:22,2026-05-23 23:59:59,6728,1405.6
18005,7026,5,3,2026-05-19 13:56:14,2026-05-23 23:59:59,37810,1405.2
16111,7025,5,16,2026-05-19 00:00:22,2026-05-23 02:19:50,6714,1405.0
9490,7022,5,9,2026-05-19 13:43:56,2026-05-23 23:59:59,6628,1404.4
19407,7019,5,3,2026-05-19 00:00:22,2026-05-23 05:12:34,6698,1403.8
19129,7014,5,12,2026-05-19 11:38:58,2026-05-23 23:59:59,23384,1402.8
9460,7013,5,10,2026-05-19 00:00:22,2026-05-23 23:59:59,40855,1402.6
9772,7007,5,14,2026-05-19 00:00:22,2026-05-23 23:59:59,6682,1401.4
16217,7005,5,2,2026-05-19 00:00:22,2026-05-23 23:59:59,6636,1401.0
25501,7005,5,12,2026-05-19 00:00:22,2026-05-23 23:59:59,11696,1401.0
19010,7001,5,4,2026-05-19 14:22:54,2026-05-23 23:59:59,6693,1400.2
25617,6999,5,8,2026-05-19 00:00:22,2026-05-23 23:59:59,6821,1399.8
18327,6994,5,3,2026-05-19 12:49:38,2026-05-23 23:59:59,6619,1398.8
19008,6990,5,3,2026-05-19 12:19:47,2026-05-23 23:59:59,37808,1398.0
18197,6990,5,9,2026-05-19 00:00:22,2026-05-23 07:34:20,6749,1398.0
18118,6989,5,14,2026-05-19 00:00:22,2026-05-23 23:59:59,6705,1397.8
21525,6987,5,14,2026-05-19 12:09:01,2026-05-23 23:59:59,30046,1397.4
2105,6984,5,6,2026-05-19 00:00:22,2026-05-23 23:59:59,6617,1396.8
19009,6983,5,5,2026-05-19 12:57:18,2026-05-23 12:50:53,6693,1396.6
25514,6979,5,10,2026-05-19 00:00:22,2026-05-23 23:59:59,11696,1395.8
9473,6978,5,11,2026-05-19 00:00:22,2026-05-23 23:59:59,6727,1395.6
19035,6974,5,4,2026-05-19 00:00:22,2026-05-23 19:41:24,37807,1394.8
25105,6972,5,9,2026-05-19 12:38:41,2026-05-23 23:59:59,6657,1394.4
9618,6965,5,20,2026-05-19 14:31:37,2026-05-23 23:59:59,6630,1393.0
24101,6964,5,8,2026-05-19 11:32:52,2026-05-23 05:24:20,6705,1392.8
16018,6962,5,9,2026-05-19 00:00:22,2026-05-23 23:59:59,6749,1392.4
18328,6954,5,3,2026-05-19 14:14:42,2026-05-23 23:59:59,6619,1390.8
16122,6949,5,15,2026-05-19 00:00:22,2026-05-23 23:59:59,6705,1389.8
9576,6943,5,7,2026-05-19 14:12:08,2026-05-23 18:05:42,6725,1388.6
25128,6937,5,11,2026-05-19 12:53:43,2026-05-23 02:38:45,6645,1387.4
21529,6936,5,17,2026-05-19 00:00:22,2026-05-23 13:17:55,30036,1387.2
24515,6932,5,6,2026-05-19 00:00:22,2026-05-23 23:59:59,33538,1386.4
18129,6930,4,11,2026-05-20 12:25:40,2026-05-23 23:59:59,6705,1732.5
21504,6929,5,18,2026-05-19 00:00:22,2026-05-23 23:59:59,30049,1385.8
16019,6929,5,12,2026-05-19 22:10:59,2026-05-23 23:59:59,6667,1385.8
25509,6928,5,11,2026-05-19 00:00:22,2026-05-23 23:59:59,11696,1385.6
16138,6927,5,3,2026-05-19 00:00:22,2026-05-23 23:59:59,6687,1385.4
21506,6926,5,24,2026-05-19 23:00:42,2026-05-23 08:12:02,6668,1385.2
25138,6924,5,11,2026-05-19 12:20:48,2026-05-23 23:59:59,6645,1384.8
2565,6919,5,3,2026-05-19 12:43:23,2026-05-23 23:59:59,6625,1383.8
19114,6912,5,15,2026-05-19 00:00:22,2026-05-23 23:59:59,6705,1382.4
18142,6908,5,14,2026-05-19 00:00:22,2026-05-23 23:59:59,6712,1381.6
21526,6900,5,19,2026-05-19 12:18:45,2026-05-23 23:59:59,30043,1380.0
9624,6897,5,9,2026-05-19 00:00:22,2026-05-23 04:06:38,6682,1379.4
2153,6897,5,7,2026-05-19 00:04:31,2026-05-23 23:59:59,6633,1379.4
9454,6892,5,8,2026-05-19 00:00:22,2026-05-23 23:59:59,6633,1378.4
18169,6890,5,11,2026-05-19 11:29:49,2026-05-23 23:59:59,6665,1378.0
2540,6887,5,3,2026-05-19 00:00:22,2026-05-23 23:59:59,6618,1377.4
2226,6887,5,5,2026-05-19 00:00:22,2026-05-23 23:59:59,6614,1377.4
16136,6886,5,3,2026-05-19 00:00:22,2026-05-23 23:59:59,6687,1377.2
24535,6879,5,19,2026-05-19 00:00:22,2026-05-23 23:59:59,16719,1375.8
18178,6877,5,11,2026-05-19 00:00:22,2026-05-23 23:59:59,6665,1375.4
9486,6876,5,8,2026-05-19 00:00:22,2026-05-23 23:59:59,32799,1375.2
24617,6876,5,3,2026-05-19 12:31:01,2026-05-23 03:15:02,6821,1375.2
2244,6875,5,5,2026-05-19 13:06:32,2026-05-23 23:59:59,6622,1375.0
9680,6875,5,3,2026-05-19 00:00:22,2026-05-23 02:47:26,6730,1375.0
2119,6873,5,4,2026-05-19 00:00:22,2026-05-23 09:28:54,6624,1374.6
18325,6870,5,7,2026-05-19 13:14:13,2026-05-23 23:59:59,30055,1374.0
24618,6868,5,9,2026-05-19 12:31:32,2026-05-23 23:59:59,31819,1373.6
2537,6863,5,3,2026-05-19 12:01:23,2026-05-23 23:52:19,6625,1372.6
25184,6861,5,9,2026-05-19 13:04:29,2026-05-23 09:06:30,6657,1372.2
24609,6855,5,9,2026-05-19 00:00:22,2026-05-23 23:59:59,6819,1371.0
19102,6855,5,10,2026-05-19 13:45:28,2026-05-23 04:34:14,23384,1371.0
23604,6851,5,8,2026-05-19 12:07:30,2026-05-23 07:38:55,6821,1370.2
24543,6848,5,7,2026-05-19 00:00:22,2026-05-23 23:59:59,6779,1369.6
19029,6845,5,7,2026-05-19 00:00:22,2026-05-23 01:36:17,37807,1369.0
80704,6844,5,3,2026-05-19 12:52:42,2026-05-23 23:52:49,6692,1368.8
15017,6841,5,4,2026-05-19 12:35:37,2026-05-23 23:59:59,6641,1368.2
25518,6840,5,6,2026-05-19 12:33:04,2026-05-23 23:59:59,6817,1368.0
23215,6839,5,5,2026-05-19 00:00:22,2026-05-23 23:59:59,6642,1367.8
2552,6836,5,3,2026-05-19 11:47:06,2026-05-23 23:59:59,6625,1367.2
9571,6831,5,12,2026-05-19 00:00:22,2026-05-23 23:59:59,34543,1366.2
8152,6831,5,4,2026-05-19 00:00:22,2026-05-23 13:00:34,6627,1366.2
81217,6828,5,3,2026-05-19 00:00:22,2026-05-23 23:59:59,6687,1365.6
2250,6815,5,4,2026-05-19 12:17:44,2026-05-23 23:59:59,6623,1363.0
9775,6815,5,14,2026-05-19 12:55:15,2026-05-23 01:46:31,6672,1363.0
18189,6807,5,13,2026-05-19 12:36:38,2026-05-23 23:59:59,6667,1361.4
2114,6805,5,4,2026-05-19 00:00:22,2026-05-23 08:33:25,6623,1361.0
9412,6797,5,8,2026-05-19 11:23:42,2026-05-23 23:59:59,6727,1359.4
2169,6791,5,5,2026-05-19 12:23:52,2026-05-23 23:59:59,6624,1358.2
25151,6791,5,6,2026-05-19 14:31:37,2026-05-23 23:59:59,6649,1358.2
2194,6791,5,3,2026-05-19 12:13:37,2026-05-23 23:59:59,6622,1358.2
18032,6791,5,2,2026-05-19 12:08:00,2026-05-23 07:09:52,37809,1358.2
80901,6787,5,4,2026-05-19 00:05:01,2026-05-23 23:59:59,6687,1357.4
16604,6786,5,4,2026-05-19 00:00:22,2026-05-23 23:59:59,6687,1357.2
2247,6786,5,3,2026-05-19 11:34:54,2026-05-23 23:59:59,6622,1357.2
9708,6782,5,13,2026-05-19 00:00:22,2026-05-23 23:59:59,6682,1356.4
16118,6782,5,20,2026-05-19 00:00:22,2026-05-23 23:59:59,6703,1356.4
24120,6777,5,5,2026-05-19 11:53:13,2026-05-23 03:48:45,6738,1355.4
2132,6777,5,6,2026-05-19 00:00:22,2026-05-23 23:59:59,6633,1355.4
25203,6774,5,1,2026-05-19 00:00:22,2026-05-23 23:59:59,6642,1354.8
24537,6772,5,18,2026-05-19 00:00:22,2026-05-23 23:59:59,31822,1354.4
2197,6770,5,7,2026-05-19 00:00:22,2026-05-23 23:59:59,6622,1354.0
18320,6764,5,7,2026-05-19 00:00:22,2026-05-23 08:50:44,11201,1352.8
19401,6764,5,4,2026-05-19 12:20:17,2026-05-23 23:59:59,6715,1352.8
21003,6763,5,3,2026-05-19 14:19:18,2026-05-23 23:59:59,6612,1352.6
9557,6760,5,8,2026-05-19 21:27:23,2026-05-23 23:59:59,6722,1352.0
18009,6759,5,3,2026-05-19 14:49:07,2026-05-23 07:30:46,46604,1351.8
16107,6758,5,13,2026-05-19 11:20:39,2026-05-23 23:59:59,18705,1351.6
8142,6756,5,6,2026-05-19 13:49:34,2026-05-23 11:55:25,6627,1351.2
2210,6753,5,4,2026-05-19 00:00:22,2026-05-23 08:22:44,16718,1350.6
9753,6750,5,16,2026-05-19 12:44:24,2026-05-23 23:59:59,6682,1350.0
18139,6749,5,12,2026-05-19 00:00:22,2026-05-23 23:59:59,18705,1349.8
16223,6746,5,3,2026-05-19 14:17:46,2026-05-23 23:59:59,6641,1349.2
16101,6741,5,13,2026-05-19 11:56:46,2026-05-23 23:59:59,6712,1348.2
21534,6739,5,20,2026-05-19 13:03:58,2026-05-23 23:59:59,30044,1347.8
25120,6733,5,10,2026-05-19 14:05:59,2026-05-23 08:22:44,6728,1346.6
19119,6731,5,11,2026-05-19 00:00:22,2026-05-23 02:00:20,6703,1346.2
25123,6730,5,10,2026-05-19 12:06:28,2026-05-23 09:43:38,6649,1346.0
2122,6726,5,6,2026-05-19 12:05:58,2026-05-23 07:48:05,6617,1345.2
9689,6722,5,8,2026-05-19 00:00:22,2026-05-23 23:59:59,6724,1344.4
18301,6721,5,7,2026-05-19 12:16:43,2026-05-23 23:59:59,45596,1344.2
18173,6714,5,9,2026-05-19 12:30:00,2026-05-23 23:59:59,6643,1342.8
9507,6712,5,9,2026-05-19 12:05:58,2026-05-23 23:59:59,6728,1342.4
19005,6708,5,3,2026-05-19 00:00:22,2026-05-23 04:32:42,37810,1341.6
80906,6707,5,2,2026-05-19 12:20:17,2026-05-23 17:28:23,6692,1341.4
14043,6706,5,15,2026-05-19 12:59:21,2026-05-23 23:59:59,6646,1341.2
19044,6702,5,7,2026-05-19 00:00:22,2026-05-23 10:39:09,6641,1340.4
2116,6702,5,7,2026-05-19 00:00:22,2026-05-23 23:59:59,6624,1340.4
18398,6701,5,5,2026-05-19 14:22:54,2026-05-23 23:59:59,6619,1340.2
25612,6698,5,8,2026-05-19 00:00:22,2026-05-23 02:45:24,6821,1339.6
9419,6694,5,7,2026-05-19 12:44:24,2026-05-23 23:59:59,6730,1338.8
81215,6694,5,3,2026-05-19 00:00:22,2026-05-23 23:59:59,6692,1338.8
18303,6692,5,6,2026-05-19 13:30:37,2026-05-23 23:59:59,6619,1338.4
24526,6691,5,19,2026-05-19 00:00:22,2026-05-23 23:59:59,30039,1338.2
25180,6691,5,11,2026-05-19 13:51:38,2026-05-23 09:25:20,6728,1338.2
18334,6687,5,5,2026-05-19 00:00:22,2026-05-23 05:33:00,30055,1337.4
9692,6684,5,6,2026-05-19 12:23:21,2026-05-23 23:59:59,6748,1336.8
21419,6677,5,6,2026-05-19 00:00:22,2026-05-23 23:59:59,6715,1335.4
16020,6675,5,13,2026-05-19 00:00:22,2026-05-23 07:17:00,30584,1335.0
2259,6673,5,4,2026-05-19 14:13:40,2026-05-23 08:15:05,6623,1334.6
18172,6669,5,14,2026-05-19 12:30:31,2026-05-23 08:47:41,6663,1333.8
15008,6666,5,2,2026-05-19 00:00:22,2026-05-23 23:59:59,6706,1333.2
25109,6665,5,9,2026-05-19 00:00:22,2026-05-23 02:10:38,6728,1333.0
2195,6664,5,7,2026-05-19 00:00:22,2026-05-23 23:59:59,6617,1332.8
2267,6660,5,4,2026-05-19 00:00:22,2026-05-23 08:47:41,6623,1332.0
80701,6655,5,4,2026-05-19 00:00:22,2026-05-23 21:23:58,6687,1331.0
18137,6648,5,12,2026-05-19 00:00:22,2026-05-23 23:59:59,23384,1329.6
2254,6642,5,6,2026-05-19 00:00:22,2026-05-23 23:59:59,6617,1328.4
2257,6639,5,6,2026-05-19 00:00:22,2026-05-23 23:59:59,6616,1327.8
2107,6638,5,7,2026-05-19 11:50:09,2026-05-23 23:59:59,6617,1327.6
16003,6637,5,14,2026-05-19 00:00:22,2026-05-23 02:09:35,6646,1327.4
25150,6634,5,9,2026-05-19 12:37:09,2026-05-23 02:46:25,6648,1326.8
18174,6631,5,13,2026-05-19 12:19:16,2026-05-23 23:59:59,7224,1326.2
2526,6631,5,3,2026-05-19 12:38:11,2026-05-23 23:59:59,6618,1326.2
2216,6631,5,3,2026-05-19 00:00:22,2026-05-23 23:59:59,6617,1326.2
15003,6628,5,2,2026-05-19 00:00:22,2026-05-23 23:59:59,6706,1325.6
9562,6627,5,3,2026-05-19 12:09:32,2026-05-23 07:13:26,6723,1325.4
25517,6626,5,6,2026-05-19 00:00:22,2026-05-23 08:11:00,33538,1325.2
18117,6624,5,10,2026-05-19 11:39:59,2026-05-23 02:01:53,6737,1324.8
9458,6623,5,13,2026-05-19 00:00:22,2026-05-23 23:59:59,6728,1324.6
9678,6622,5,13,2026-05-19 00:00:22,2026-05-23 04:12:46,23384,1324.4
9631,6617,5,13,2026-05-19 12:12:05,2026-05-23 23:59:59,6630,1323.4
24633,6614,5,6,2026-05-19 00:00:22,2026-05-23 23:59:59,31819,1322.8
24115,6608,5,14,2026-05-19 12:12:36,2026-05-23 23:59:59,6738,1321.6
2554,6605,5,2,2026-05-19 12:13:37,2026-05-23 09:34:29,6618,1321.0
2563,6604,5,3,2026-05-19 00:00:22,2026-05-23 23:59:59,6625,1320.8
2281,6601,5,4,2026-05-19 11:10:28,2026-05-23 23:59:59,6624,1320.2
8124,6600,5,4,2026-05-19 00:00:22,2026-05-23 23:59:59,6627,1320.0
25118,6596,5,12,2026-05-19 00:00:22,2026-05-23 23:59:59,6728,1319.2
9616,6595,5,16,2026-05-19 00:00:22,2026-05-23 23:59:59,6672,1319.0
24006,6590,5,5,2026-05-19 00:00:22,2026-05-23 01:13:11,6641,1318.0
16220,6587,5,3,2026-05-19 13:10:07,2026-05-23 23:59:59,6656,1317.4
80705,6587,5,4,2026-05-19 13:02:57,2026-05-23 23:59:59,6687,1317.4
22005,6583,5,6,2026-05-19 00:00:22,2026-05-23 01:21:24,6641,1316.6
21406,6583,4,3,2026-05-19 00:00:22,2026-05-22 08:37:57,6698,1645.75
2166,6581,5,5,2026-05-19 00:00:22,2026-05-23 23:59:59,16718,1316.2
2517,6581,5,4,2026-05-19 00:00:22,2026-05-23 02:34:09,6613,1316.2
24007,6580,5,4,2026-05-19 00:00:22,2026-05-23 23:59:59,6641,1316.0
18059,6579,5,3,2026-05-19 00:00:22,2026-05-23 23:59:59,37809,1315.8
18175,6577,5,10,2026-05-19 00:01:58,2026-05-23 11:30:30,6667,1315.4
24001,6576,5,3,2026-05-19 11:54:14,2026-05-23 23:59:59,6641,1315.2
16008,6575,5,14,2026-05-19 12:19:16,2026-05-23 01:22:56,6749,1315.0
16215,6573,5,2,2026-05-19 12:20:17,2026-05-23 23:59:59,6636,1314.6
16204,6570,5,2,2026-05-19 00:00:53,2026-05-23 23:59:59,6636,1314.0
19105,6569,5,16,2026-05-19 00:00:22,2026-05-23 23:59:59,6738,1313.8
14005,6569,5,9,2026-05-19 00:00:22,2026-05-23 02:40:17,6667,1313.8
2176,6560,5,4,2026-05-19 00:00:22,2026-05-23 07:23:07,6614,1312.0
2149,6548,5,2,2026-05-19 14:07:31,2026-05-23 23:59:59,6622,1309.6
22012,6544,5,2,2026-05-19 14:33:09,2026-05-23 23:59:59,6641,1308.8
14040,6541,5,14,2026-05-19 00:00:22,2026-05-23 23:59:59,6668,1308.2
19037,6540,5,6,2026-05-19 00:00:22,2026-05-23 23:59:59,38311,1308.0
24534,6539,5,22,2026-05-19 00:00:22,2026-05-23 23:59:59,6800,1307.8
16115,6536,5,16,2026-05-19 00:00:22,2026-05-23 23:59:59,11692,1307.2
2262,6533,5,4,2026-05-19 13:17:50,2026-05-23 23:59:59,6633,1306.6
9583,6532,5,6,2026-05-19 11:24:43,2026-05-23 06:56:06,6722,1306.4
16022,6529,5,15,2026-05-19 00:00:53,2026-05-23 09:01:25,6666,1305.8
25107,6527,5,10,2026-05-19 14:03:56,2026-05-23 09:20:14,6649,1305.4
9513,6526,5,6,2026-05-19 13:07:33,2026-05-23 04:51:36,11693,1305.2
24615,6526,5,7,2026-05-19 00:00:53,2026-05-23 23:59:59,6821,1305.2
22004,6526,5,5,2026-05-19 14:09:03,2026-05-23 23:59:59,6641,1305.2
9461,6522,5,6,2026-05-19 00:00:22,2026-05-23 23:59:59,6626,1304.4
18361,6520,5,15,2026-05-19 22:54:03,2026-05-23 23:59:59,6705,1304.0
24510,6514,5,10,2026-05-19 00:00:22,2026-05-23 23:59:59,11696,1302.8
18016,6505,5,3,2026-05-19 00:00:22,2026-05-23 23:59:59,37810,1301.0
2543,6500,5,4,2026-05-19 00:00:22,2026-05-23 23:47:43,6625,1300.0
18030,6499,4,3,2026-05-20 12:19:02,2026-05-23 23:59:59,37810,1624.75
21550,6499,5,19,2026-05-19 00:00:22,2026-05-23 23:59:59,6799,1299.8
22008,6498,5,4,2026-05-19 12:20:48,2026-05-23 09:04:58,38311,1299.6
9706,6475,5,9,2026-05-19 11:32:52,2026-05-23 02:30:35,6703,1295.0
18037,6471,5,3,2026-05-19 07:36:31,2026-05-23 08:11:31,37808,1294.2
18347,6469,5,5,2026-05-19 00:00:22,2026-05-23 23:59:59,6619,1293.8
9459,6469,5,9,2026-05-19 13:09:36,2026-05-23 07:30:46,6722,1293.8
24544,6465,5,6,2026-05-19 00:00:22,2026-05-23 23:13:27,6780,1293.0
25519,6463,5,8,2026-05-19 00:00:22,2026-05-23 23:59:59,33538,1292.6
18038,6460,5,3,2026-05-19 13:01:25,2026-05-23 23:59:59,37810,1292.0
21420,6458,5,4,2026-05-19 11:21:10,2026-05-23 23:59:59,6715,1291.6
16049,6458,5,11,2026-05-19 00:00:22,2026-05-23 23:59:59,6749,1291.6
2266,6455,5,4,2026-05-19 00:00:22,2026-05-23 23:59:59,6623,1291.0
18349,6455,5,4,2026-05-19 00:00:22,2026-05-23 23:59:59,6619,1291.0
9672,6445,5,14,2026-05-19 11:52:42,2026-05-23 02:13:42,6705,1289.0
24005,6440,5,4,2026-05-19 00:00:22,2026-05-23 23:59:59,6641,1288.0
2120,6438,5,4,2026-05-19 12:23:52,2026-05-23 23:59:59,6617,1287.6
18128,6438,5,11,2026-05-19 00:00:22,2026-05-23 03:53:52,6704,1287.6
23204,6431,5,3,2026-05-19 00:00:22,2026-05-23 23:59:59,6642,1286.2
25507,6428,5,7,2026-05-19 12:59:21,2026-05-23 07:40:57,11696,1285.6
2288,6428,5,7,2026-05-19 10:29:44,2026-05-23 23:59:59,6624,1285.6
18150,6426,5,8,2026-05-19 20:45:22,2026-05-23 23:59:59,6738,1285.2
9787,6422,5,12,2026-05-19 12:30:00,2026-05-23 02:58:40,6651,1284.4
2186,6422,5,5,2026-05-19 00:00:22,2026-05-23 23:59:59,6617,1284.4
9671,6422,5,8,2026-05-19 13:14:43,2026-05-23 23:59:59,6724,1284.4
9573,6421,5,6,2026-05-19 00:00:22,2026-05-23 23:59:59,6730,1284.2
12004,6421,5,1,2026-05-19 13:29:05,2026-05-23 23:59:59,6636,1284.2
21412,6420,5,3,2026-05-19 13:26:01,2026-05-23 16:58:41,6698,1284.0
24013,6418,5,3,2026-05-19 00:00:22,2026-05-23 23:59:59,6641,1283.6
25170,6417,5,11,2026-05-19 12:25:54,2026-05-23 02:28:01,6649,1283.4
2230,6414,5,3,2026-05-19 11:45:04,2026-05-23 23:59:59,6623,1282.8
18375,6413,5,8,2026-05-19 12:20:48,2026-05-23 23:59:59,6705,1282.6
25510,6412,5,6,2026-05-19 12:52:42,2026-05-23 23:59:59,39304,1282.4
8120,6412,5,3,2026-05-19 13:06:32,2026-05-23 12:26:26,6627,1282.4
9785,6411,5,15,2026-05-19 14:04:26,2026-05-23 23:59:59,6630,1282.2
18158,6405,5,11,2026-05-19 12:25:54,2026-05-23 03:48:45,6703,1281.0
2143,6395,5,6,2026-05-19 00:00:22,2026-05-23 08:41:34,6624,1279.0
9733,6390,5,12,2026-05-19 13:28:34,2026-05-23 09:21:15,6630,1278.0
21546,6389,5,21,2026-05-19 00:00:22,2026-05-23 00:51:39,16719,1277.8
2511,6387,5,3,2026-05-19 11:28:48,2026-05-23 09:00:54,6625,1277.4
25515,6382,5,10,2026-05-19 12:01:23,2026-05-23 23:59:59,39304,1276.4
18012,6376,5,3,2026-05-19 11:57:17,2026-05-23 08:25:47,37810,1275.2
15012,6376,5,4,2026-05-19 00:00:22,2026-05-23 02:04:26,37807,1275.2
9691,6374,5,6,2026-05-19 12:27:58,2026-05-23 23:59:59,6822,1274.8
24517,6373,5,10,2026-05-19 00:00:22,2026-05-23 23:59:59,6776,1274.6
9495,6373,5,11,2026-05-19 00:00:22,2026-05-23 23:59:59,6649,1274.6
9433,6371,5,6,2026-05-19 11:33:53,2026-05-23 06:37:15,6722,1274.2
16218,6366,5,4,2026-05-19 00:00:22,2026-05-23 23:59:59,6641,1273.2
2505,6364,5,3,2026-05-19 13:18:51,2026-05-23 09:39:04,6625,1272.8
25610,6359,5,7,2026-05-19 21:07:23,2026-05-23 23:59:59,6819,1271.8
9556,6356,5,6,2026-05-19 12:27:27,2026-05-23 23:59:59,6822,1271.2
24603,6356,5,7,2026-05-19 00:00:22,2026-05-23 23:59:59,6821,1271.2
2233,6355,5,5,2026-05-19 00:00:22,2026-05-23 23:59:59,16718,1271.0
19118,6354,5,15,2026-05-19 23:07:22,2026-05-23 23:59:59,6714,1270.8
2538,6354,5,3,2026-05-19 00:00:22,2026-05-23 23:59:59,6620,1270.8
22011,6352,5,7,2026-05-19 13:00:53,2026-05-23 23:59:59,6641,1270.4
23011,6352,5,5,2026-05-19 00:00:22,2026-05-23 10:19:50,6641,1270.4
18199,6345,5,15,2026-05-19 12:53:43,2026-05-23 23:59:59,22638,1269.0
21511,6345,4,13,2026-05-19 00:00:22,2026-05-22 07:48:33,30039,1586.25
25512,6344,5,7,2026-05-19 00:00:22,2026-05-23 23:59:59,33538,1268.8
9741,6342,5,15,2026-05-19 00:00:22,2026-05-23 03:25:45,6682,1268.4
19001,6336,5,3,2026-05-19 00:00:22,2026-05-23 08:17:38,37810,1267.2
19146,6335,5,14,2026-05-19 00:00:22,2026-05-23 23:59:59,11692,1267.0
25131,6335,5,12,2026-05-19 00:00:22,2026-05-23 02:16:46,6657,1267.0
23005,6335,5,5,2026-05-19 20:42:49,2026-05-23 09:38:33,6693,1267.0
2201,6331,5,5,2026-05-19 12:26:56,2026-05-23 23:59:59,6623,1266.2
18181,6330,5,12,2026-05-19 12:42:13,2026-05-23 23:59:59,6667,1266.0
18401,6328,5,4,2026-05-19 00:00:22,2026-05-23 23:59:59,6619,1265.6
19425,6328,5,3,2026-05-19 00:00:22,2026-05-23 23:59:59,6715,1265.6
18304,6325,5,4,2026-05-19 00:00:22,2026-05-23 23:59:59,6619,1265.0
25119,6325,5,9,2026-05-19 12:41:00,2026-05-23 09:27:22,6649,1265.0
19120,6324,5,13,2026-05-19 12:07:30,2026-05-23 04:08:10,6700,1264.8
21502,6324,5,18,2026-05-19 14:36:16,2026-05-23 09:26:52,34541,1264.8
9478,6323,5,11,2026-05-19 11:44:33,2026-05-23 23:59:59,6748,1264.6
9617,6322,5,14,2026-05-19 12:59:21,2026-05-23 23:59:59,6682,1264.4
12020,6318,5,1,2026-05-19 13:14:13,2026-05-23 23:59:59,6636,1263.6
2191,6315,5,2,2026-05-19 12:10:03,2026-05-23 23:59:59,16718,1263.0
14030,6315,5,10,2026-05-19 00:00:22,2026-05-23 23:59:59,30584,1263.0
9737,6313,5,14,2026-05-19 14:47:02,2026-05-23 23:59:59,6673,1262.6
19020,6306,5,6,2026-05-19 13:33:11,2026-05-23 12:00:30,6641,1261.2
9408,6306,5,2,2026-05-19 20:40:46,2026-05-23 23:59:59,6619,1261.2
9711,6304,5,4,2026-05-19 14:14:11,2026-05-23 23:59:59,6651,1260.8
16040,6296,4,10,2026-05-19 00:00:22,2026-05-22 01:58:20,6667,1574.0
18340,6292,5,5,2026-05-19 00:00:22,2026-05-23 05:59:30,6619,1258.4
19410,6288,5,4,2026-05-19 22:20:13,2026-05-23 23:59:59,6715,1257.6
9508,6283,5,12,2026-05-19 00:00:22,2026-05-23 23:59:59,6657,1256.6
23202,6281,5,4,2026-05-19 11:41:30,2026-05-23 09:33:59,6642,1256.2
19126,6281,5,18,2026-05-19 00:00:22,2026-05-23 23:59:59,6705,1256.2
24527,6280,5,18,2026-05-19 00:00:22,2026-05-23 23:59:59,30038,1256.0
9561,6280,5,6,2026-05-19 12:12:05,2026-05-23 23:59:59,6748,1256.0
14038,6277,5,14,2026-05-19 12:28:28,2026-05-23 03:52:50,6665,1255.4
2252,6274,5,6,2026-05-19 12:52:11,2026-05-23 23:59:59,16718,1254.8
9693,6271,5,17,2026-05-19 00:00:22,2026-05-23 01:32:11,18705,1254.2
15019,6266,5,4,2026-05-19 13:21:55,2026-05-23 23:59:59,6641,1253.2
14007,6263,5,11,2026-05-19 12:54:14,2026-05-23 23:59:59,6665,1252.6
12009,6262,5,1,2026-05-19 14:11:06,2026-05-23 23:59:59,6636,1252.4
2572,6261,5,2,2026-05-19 12:17:44,2026-05-23 23:59:59,6625,1252.2
12007,6260,5,2,2026-05-19 13:29:05,2026-05-23 22:55:32,6636,1252.0
16014,6257,5,14,2026-05-19 00:00:22,2026-05-23 01:12:10,6749,1251.4
2138,6253,5,6,2026-05-19 00:00:22,2026-05-23 07:22:06,6617,1250.6
24541,6251,5,6,2026-05-19 13:31:08,2026-05-23 23:59:59,22639,1250.2
2251,6249,5,6,2026-05-19 12:17:13,2026-05-23 08:34:26,6624,1249.8
19420,6248,5,5,2026-05-19 00:00:22,2026-05-23 23:59:59,6698,1249.6
9637,6244,5,13,2026-05-19 00:00:22,2026-05-23 23:59:59,6672,1248.8
25162,6239,5,9,2026-05-19 22:00:11,2026-05-23 02:12:10,6629,1247.8
18346,6236,5,4,2026-05-19 12:59:51,2026-05-23 02:47:26,6626,1247.2
19104,6236,5,9,2026-05-19 11:45:04,2026-05-23 23:59:59,6737,1247.2
9580,6231,5,10,2026-05-19 00:00:22,2026-05-23 23:59:59,6730,1246.2
9526,6229,5,10,2026-05-19 00:00:22,2026-05-23 23:59:59,6645,1245.8
18455,6226,5,7,2026-05-19 11:37:26,2026-05-23 06:41:50,6741,1245.2
16002,6225,5,11,2026-05-19 00:00:22,2026-05-23 06:37:15,6749,1245.0
2128,6223,5,4,2026-05-19 00:00:22,2026-05-23 06:09:13,16718,1244.6
25147,6222,5,10,2026-05-19 12:28:59,2026-05-23 02:26:29,6728,1244.4
25606,6219,5,9,2026-05-19 00:00:22,2026-05-23 02:35:41,6821,1243.8
2504,6218,5,4,2026-05-19 00:00:22,2026-05-23 23:59:59,6625,1243.6
18131,6214,4,10,2026-05-20 22:13:26,2026-05-23 23:59:59,6737,1553.5
18034,6210,5,2,2026-05-19 11:51:41,2026-05-23 08:30:52,37808,1242.0
2282,6201,5,6,2026-05-19 00:00:22,2026-05-23 09:37:02,6624,1240.2
19405,6195,5,5,2026-05-19 00:00:22,2026-05-23 19:40:54,6698,1239.0
21411,6194,5,4,2026-05-19 00:00:22,2026-05-23 01:58:17,6715,1238.8
25183,6192,5,10,2026-05-19 12:24:53,2026-05-23 03:34:57,32799,1238.4
18105,6192,5,18,2026-05-19 00:00:22,2026-05-23 02:43:21,29038,1238.4
21415,6191,5,4,2026-05-19 11:47:36,2026-05-23 06:41:50,6698,1238.2
25156,6185,5,7,2026-05-19 13:57:16,2026-05-23 02:50:30,11693,1237.0
24520,6183,5,9,2026-05-19 00:00:22,2026-05-23 23:59:59,6817,1236.6
25125,6180,5,12,2026-05-19 11:58:18,2026-05-23 02:19:50,6657,1236.0
18397,6172,5,5,2026-05-19 12:48:36,2026-05-23 23:59:59,6619,1234.4
24512,6170,5,6,2026-05-19 00:00:22,2026-05-23 23:59:59,6817,1234.0
25527,6164,5,7,2026-05-19 00:00:22,2026-05-23 19:14:17,6779,1232.8
18039,6163,5,2,2026-05-19 12:51:40,2026-05-23 05:51:52,37810,1232.6
25618,6159,5,8,2026-05-19 00:00:22,2026-05-23 23:59:59,6819,1231.8
2222,6151,4,4,2026-05-19 00:00:22,2026-05-23 23:59:59,6622,1537.75
25137,6149,5,6,2026-05-19 13:15:14,2026-05-23 03:42:07,6645,1229.8
2183,6146,5,6,2026-05-19 12:14:40,2026-05-23 23:59:59,6617,1229.2
2516,6145,5,2,2026-05-19 21:10:58,2026-05-23 23:59:59,6620,1229.0
18308,6145,5,5,2026-05-19 00:00:22,2026-05-23 02:44:22,6626,1229.0
2118,6141,5,5,2026-05-19 00:00:22,2026-05-23 23:59:59,16718,1228.2
2131,6140,5,5,2026-05-19 00:00:22,2026-05-23 23:59:59,6614,1228.0
9588,6139,5,6,2026-05-19 00:00:22,2026-05-23 02:14:44,6748,1227.8
18145,6138,5,8,2026-05-19 11:31:20,2026-05-23 02:42:51,6738,1227.6
25611,6137,5,4,2026-05-19 00:00:22,2026-05-23 23:59:59,6819,1227.4
25504,6130,5,8,2026-05-19 00:00:22,2026-05-23 23:59:59,46099,1226.0
9736,6129,5,16,2026-05-19 00:00:22,2026-05-23 02:43:52,6682,1225.8
2204,6124,5,3,2026-05-19 00:00:22,2026-05-23 23:59:59,16718,1224.8
14008,6122,5,14,2026-05-19 00:00:22,2026-05-23 03:28:49,6749,1224.4
18205,6122,5,12,2026-05-19 00:00:22,2026-05-23 23:59:59,6663,1224.4
16012,6119,5,12,2026-05-19 15:06:33,2026-05-23 02:35:11,6667,1223.8
24109,6115,5,18,2026-05-19 00:00:22,2026-05-23 23:59:59,6738,1223.0
25103,6114,5,11,2026-05-19 22:12:01,2026-05-23 23:59:59,6705,1222.8
8150,6112,5,2,2026-05-19 00:00:22,2026-05-23 23:59:59,6627,1222.4
25177,6112,4,8,2026-05-19 00:00:22,2026-05-22 08:23:12,6652,1528.0
16214,6110,5,1,2026-05-19 12:35:06,2026-05-23 23:59:59,6636,1222.0
2220,6107,5,4,2026-05-19 00:00:22,2026-05-23 23:59:59,6622,1221.4
2231,6106,5,4,2026-05-19 12:47:04,2026-05-23 01:11:09,6614,1221.2
14001,6105,5,10,2026-05-19 00:00:22,2026-05-23 23:59:59,6643,1221.0
9687,6105,5,14,2026-05-19 12:37:39,2026-05-23 03:33:56,6712,1221.0
2140,6099,5,5,2026-05-19 12:18:45,2026-05-23 07:56:45,6624,1219.8
2249,6096,5,3,2026-05-19 00:00:22,2026-05-23 06:24:30,6622,1219.2
25615,6088,5,4,2026-05-19 13:50:35,2026-05-23 23:59:59,6821,1217.6
23206,6085,5,2,2026-05-19 13:12:10,2026-05-23 07:17:00,6642,1217.0
25126,6084,5,9,2026-05-19 00:00:22,2026-05-23 23:59:59,6645,1216.8
2558,6078,5,3,2026-05-19 11:59:50,2026-05-23 23:59:59,6625,1215.6
24504,6072,5,6,2026-05-19 13:41:53,2026-05-23 23:59:59,6780,1214.4
12010,6068,5,1,2026-05-19 00:00:22,2026-05-23 23:59:59,6636,1213.6
24514,6066,5,8,2026-05-19 11:52:12,2026-05-23 02:25:58,6817,1213.2
9462,6062,5,9,2026-05-19 11:23:12,2026-05-23 23:59:59,6728,1212.4
18161,6061,5,13,2026-05-19 12:27:27,2026-05-23 00:56:47,7224,1212.2
18116,6058,5,13,2026-05-19 00:00:22,2026-05-23 23:59:59,23384,1211.6
24134,6057,5,11,2026-05-19 12:30:31,2026-05-23 23:59:59,6707,1211.4
18148,6056,5,16,2026-05-19 12:53:13,2026-05-23 03:14:31,6712,1211.2
19143,6049,5,8,2026-05-19 23:11:59,2026-05-23 23:59:59,6703,1209.8
24506,6047,5,22,2026-05-19 00:00:22,2026-05-23 23:59:59,16719,1209.4
9413,6045,5,6,2026-05-19 13:03:27,2026-05-23 01:07:03,6726,1209.0
2240,6045,5,6,2026-05-19 00:00:22,2026-05-23 23:15:30,6633,1209.0
9725,6045,5,11,2026-05-19 00:00:22,2026-05-23 23:59:59,39307,1209.0
21014,6039,4,5,2026-05-20 15:00:40,2026-05-23 23:59:59,6627,1509.75
23201,6038,5,4,2026-05-19 00:00:22,2026-05-23 09:02:26,6642,1207.6
9435,6036,5,10,2026-05-19 12:19:47,2026-05-23 02:28:01,6728,1207.2
2234,6032,5,4,2026-05-19 00:00:22,2026-05-23 23:59:59,6622,1206.4
19413,6032,5,5,2026-05-19 00:00:22,2026-05-23 23:59:59,6713,1206.4
2557,6031,5,2,2026-05-19 00:00:22,2026-05-23 08:43:06,6625,1206.2
25173,6030,5,8,2026-05-19 00:00:22,2026-05-23 23:59:59,6650,1206.0
21530,6028,5,16,2026-05-19 00:00:22,2026-05-23 23:59:59,6799,1205.6
9570,6027,5,6,2026-05-19 11:52:42,2026-05-23 23:59:59,34542,1205.4
24536,6021,5,22,2026-05-19 00:00:22,2026-05-23 23:59:59,16719,1204.2
21024,6012,5,2,2026-05-19 13:31:39,2026-05-23 23:59:59,6627,1202.4
23001,6012,5,3,2026-05-19 14:09:34,2026-05-23 01:19:21,6658,1202.4
18119,6007,5,7,2026-05-19 00:00:22,2026-05-23 23:59:59,23384,1201.4
2524,6007,5,3,2026-05-19 00:00:22,2026-05-23 23:59:59,6618,1201.4
25114,6006,5,7,2026-05-19 13:16:46,2026-05-23 01:50:37,6657,1201.2
2536,6006,5,2,2026-05-19 12:21:49,2026-05-23 23:59:59,6613,1201.2
2286,6004,5,3,2026-05-19 13:15:45,2026-05-23 07:33:49,6614,1200.8
9527,6003,5,6,2026-05-19 13:28:34,2026-05-23 23:59:59,6626,1200.6
9481,6002,5,8,2026-05-19 00:00:22,2026-05-23 03:00:43,6649,1200.4
9760,6002,5,12,2026-05-19 00:00:22,2026-05-23 00:46:00,39307,1200.4
12019,6001,5,1,2026-05-19 14:12:08,2026-05-23 02:28:32,6636,1200.2
2274,6000,5,3,2026-05-19 12:47:35,2026-05-23 01:16:16,6624,1200.0
21533,5997,5,18,2026-05-19 00:00:22,2026-05-23 23:58:26,30039,1199.4
16605,5997,5,4,2026-05-19 13:28:03,2026-05-23 23:59:59,6687,1199.4
24616,5996,5,8,2026-05-19 00:00:22,2026-05-23 01:40:53,39304,1199.2
2205,5992,5,6,2026-05-19 14:41:24,2026-05-23 23:59:59,6623,1198.4
16007,5991,5,11,2026-05-19 00:00:22,2026-05-23 23:59:59,6667,1198.2
9613,5985,5,16,2026-05-19 13:47:31,2026-05-23 19:35:47,39307,1197.0
16120,5980,5,13,2026-05-19 00:00:22,2026-05-23 02:11:09,6703,1196.0
25117,5979,5,6,2026-05-19 00:00:22,2026-05-23 04:50:35,6728,1195.8
25524,5979,5,6,2026-05-19 13:45:28,2026-05-23 23:59:59,6780,1195.8
19417,5978,5,5,2026-05-19 00:00:22,2026-05-23 23:59:59,6713,1195.6
14032,5975,5,10,2026-05-19 00:00:22,2026-05-23 01:34:14,6667,1195.0
25601,5972,5,4,2026-05-19 00:00:22,2026-05-23 23:59:59,6821,1194.4
21424,5964,5,4,2026-05-19 00:00:22,2026-05-23 23:59:59,6747,1192.8
18348,5963,5,9,2026-05-19 00:00:22,2026-05-23 11:39:09,6627,1192.6
18206,5962,5,12,2026-05-19 11:48:07,2026-05-23 23:59:59,6667,1192.4
12024,5961,4,2,2026-05-19 00:00:22,2026-05-23 23:59:59,6636,1490.25
9542,5955,5,8,2026-05-19 11:46:35,2026-05-23 09:12:06,6724,1191.0
21418,5953,5,5,2026-05-19 12:01:23,2026-05-23 23:59:59,6698,1190.6
18050,5953,5,1,2026-05-19 00:00:22,2026-05-23 01:30:38,37809,1190.6
25132,5953,5,11,2026-05-19 12:25:24,2026-05-23 09:44:08,6647,1190.6
18382,5947,5,13,2026-05-19 00:00:22,2026-05-23 02:58:10,6704,1189.4
21543,5946,5,22,2026-05-19 00:00:22,2026-05-23 23:59:59,30043,1189.2
12002,5946,5,1,2026-05-19 14:01:53,2026-05-23 23:59:59,6636,1189.2
18021,5945,5,3,2026-05-19 00:00:22,2026-05-23 23:59:59,37808,1189.0
25616,5940,5,5,2026-05-19 00:00:22,2026-05-23 23:59:59,6819,1188.0
8121,5927,5,3,2026-05-19 13:32:40,2026-05-23 23:59:59,6612,1185.4
23013,5926,5,5,2026-05-19 12:33:04,2026-05-23 12:32:03,6641,1185.2
18192,5917,5,9,2026-05-19 00:00:22,2026-05-23 23:59:59,7224,1183.4
16024,5914,5,15,2026-05-19 12:35:37,2026-05-23 18:14:56,6663,1182.8
9554,5911,5,7,2026-05-19 11:58:48,2026-05-23 05:21:47,6822,1182.2
16134,5909,5,3,2026-05-19 00:00:22,2026-05-23 23:59:59,6687,1181.8
8123,5909,5,3,2026-05-19 13:01:55,2026-05-23 23:59:59,6638,1181.8
80902,5901,5,4,2026-05-19 00:00:22,2026-05-23 08:12:32,6687,1180.2
2161,5900,5,4,2026-05-19 00:00:22,2026-05-23 23:59:59,6622,1180.0
18350,5896,5,8,2026-05-19 12:26:56,2026-05-23 23:59:59,6633,1179.2
9505,5889,5,7,2026-05-19 11:59:50,2026-05-23 08:18:39,34543,1177.8
9783,5887,5,17,2026-05-19 12:42:13,2026-05-23 23:59:59,6672,1177.4
18184,5886,5,13,2026-05-19 12:41:31,2026-05-23 04:42:56,6667,1177.2
19002,5882,5,3,2026-05-19 00:00:22,2026-05-23 23:59:59,37808,1176.4
9781,5879,5,11,2026-05-19 14:21:52,2026-05-23 23:59:59,6651,1175.8
81214,5877,5,3,2026-05-19 00:00:22,2026-05-23 01:35:15,6692,1175.4
9740,5872,5,12,2026-05-19 00:00:22,2026-05-23 23:59:59,6682,1174.4
19419,5871,5,5,2026-05-19 00:00:22,2026-05-23 23:59:59,20667,1174.2
9536,5871,5,9,2026-05-19 02:43:06,2026-05-23 23:59:59,6730,1174.2
25169,5870,5,13,2026-05-19 00:00:22,2026-05-23 08:57:20,6728,1174.0
8125,5869,5,2,2026-05-19 12:41:31,2026-05-23 23:59:59,6627,1173.8
2280,5869,5,5,2026-05-19 12:54:45,2026-05-23 05:46:47,6614,1173.8
9701,5863,5,6,2026-05-19 19:26:33,2026-05-23 02:31:36,34542,1172.6
2520,5860,5,2,2026-05-19 00:00:22,2026-05-23 09:28:54,6613,1172.0
25152,5852,5,13,2026-05-19 12:42:52,2026-05-23 23:59:59,6647,1170.4
25124,5851,5,8,2026-05-19 12:24:22,2026-05-23 09:58:53,6728,1170.2
2117,5842,5,3,2026-05-19 00:00:22,2026-05-23 06:34:42,6614,1168.4
9589,5837,5,4,2026-05-19 00:00:22,2026-05-23 06:18:23,6748,1167.4
21557,5830,4,13,2026-05-19 00:00:22,2026-05-22 08:11:59,30049,1457.5
23605,5827,5,7,2026-05-19 16:27:39,2026-05-23 23:59:59,31819,1165.4
23214,5826,5,3,2026-05-19 00:00:22,2026-05-23 06:46:25,6642,1165.2
16102,5824,5,17,2026-05-19 14:06:29,2026-05-23 23:59:59,6706,1164.8
9467,5823,5,5,2026-05-19 14:21:52,2026-05-23 23:59:59,6619,1164.6
80706,5822,5,3,2026-05-19 12:07:30,2026-05-23 23:59:59,6687,1164.4
23603,5820,5,7,2026-05-19 16:59:57,2026-05-23 23:59:59,6819,1164.0
19030,5815,5,2,2026-05-19 11:59:19,2026-05-23 23:59:59,38311,1163.0
21008,5811,5,3,2026-05-19 12:43:53,2026-05-23 06:09:44,6638,1162.2
2129,5809,5,5,2026-05-19 13:22:26,2026-05-23 23:59:59,6633,1161.8
25155,5803,5,8,2026-05-19 20:37:10,2026-05-23 01:41:55,6728,1160.6
9453,5802,5,6,2026-05-19 12:28:28,2026-05-23 23:59:59,34543,1160.4
18149,5802,5,11,2026-05-19 00:00:22,2026-05-23 23:59:59,23384,1160.4
8134,5802,5,3,2026-05-19 00:00:22,2026-05-23 23:59:59,6627,1160.4
18195,5801,5,13,2026-05-19 11:21:10,2026-05-23 02:44:53,6667,1160.2
9411,5800,5,8,2026-05-19 20:56:07,2026-05-23 23:59:59,6650,1160.0
2165,5798,5,3,2026-05-19 00:00:22,2026-05-23 01:20:22,6622,1159.6
21408,5797,4,4,2026-05-19 11:07:55,2026-05-22 23:01:13,6715,1449.25
18183,5795,5,11,2026-05-19 11:15:04,2026-05-23 05:17:42,7224,1159.0
16109,5787,5,15,2026-05-19 00:00:22,2026-05-23 01:30:07,6704,1157.4
24513,5783,4,7,2026-05-19 00:00:22,2026-05-22 07:35:49,33538,1445.75
14045,5778,4,10,2026-05-20 22:10:53,2026-05-23 23:59:59,6646,1444.5
2502,5773,5,3,2026-05-19 12:00:51,2026-05-23 06:56:37,6618,1154.6
24117,5772,5,11,2026-05-19 11:56:16,2026-05-23 23:59:59,6712,1154.4
9590,5766,5,6,2026-05-19 00:00:22,2026-05-23 07:02:13,34542,1153.2
2276,5761,5,6,2026-05-19 00:00:22,2026-05-23 23:59:59,6616,1152.2
18141,5760,5,14,2026-05-19 00:00:22,2026-05-23 23:59:59,29038,1152.0
2175,5757,5,4,2026-05-19 22:15:06,2026-05-23 07:38:24,6622,1151.4
23203,5755,5,4,2026-05-19 00:00:22,2026-05-23 23:59:59,6642,1151.0
9484,5749,5,7,2026-05-19 12:59:21,2026-05-23 04:53:39,6728,1149.8
19411,5749,5,5,2026-05-19 00:00:22,2026-05-23 23:59:59,6698,1149.8
16113,5748,5,11,2026-05-19 14:15:12,2026-05-23 08:51:45,34542,1149.6
18302,5748,5,3,2026-05-19 21:27:53,2026-05-23 23:59:59,30055,1149.6
18042,5745,5,4,2026-05-19 00:00:22,2026-05-23 23:59:59,37809,1149.0
2209,5738,4,5,2026-05-20 15:03:15,2026-05-23 23:59:59,6622,1434.5
21405,5737,5,6,2026-05-19 00:00:22,2026-05-23 23:59:59,6698,1147.4
12006,5735,5,1,2026-05-19 00:00:22,2026-05-23 23:59:59,6636,1147.0
9534,5734,5,9,2026-05-19 13:16:15,2026-05-23 23:59:59,6730,1146.8
21531,5727,5,20,2026-05-19 00:00:22,2026-05-23 23:59:59,34541,1145.4
21514,5727,5,20,2026-05-19 00:00:22,2026-05-23 23:59:59,6800,1145.4
18324,5726,4,11,2026-05-20 11:58:36,2026-05-23 23:59:59,23384,1431.5
9575,5726,5,5,2026-05-19 12:46:03,2026-05-23 23:59:59,6730,1145.2
25143,5725,5,8,2026-05-19 00:00:22,2026-05-23 01:43:27,6728,1145.0
16004,5721,5,9,2026-05-19 12:49:07,2026-05-23 04:24:01,6667,1144.2
9488,5719,5,12,2026-05-19 13:23:58,2026-05-23 03:14:31,6654,1143.8
18316,5718,5,8,2026-05-19 13:08:04,2026-05-23 23:59:59,6626,1143.6
19404,5711,5,3,2026-05-19 00:04:00,2026-05-23 23:59:59,6715,1142.2
24004,5708,5,4,2026-05-19 13:21:24,2026-05-23 23:59:59,6641,1141.6
9696,5707,4,11,2026-05-19 11:45:35,2026-05-23 23:59:59,6703,1426.75
24533,5703,4,17,2026-05-20 12:08:17,2026-05-23 23:59:59,30043,1425.75
25205,5703,5,5,2026-05-19 00:00:22,2026-05-23 23:59:59,6642,1140.6
16010,5700,4,10,2026-05-20 13:32:15,2026-05-23 23:59:59,6664,1425.0
23209,5700,5,3,2026-05-19 11:32:52,2026-05-23 02:41:19,6642,1140.0
19004,5695,5,2,2026-05-19 11:15:34,2026-05-23 23:59:59,37810,1139.0
9541,5695,5,10,2026-05-19 13:35:44,2026-05-23 07:41:58,34542,1139.0
24122,5694,5,11,2026-05-19 22:25:51,2026-05-23 23:59:59,6705,1138.8
9532,5693,4,6,2026-05-19 00:01:58,2026-05-22 06:02:58,6748,1423.25
16114,5693,5,10,2026-05-19 23:59:41,2026-05-23 03:01:13,6738,1138.6
2164,5693,5,3,2026-05-19 00:00:22,2026-05-23 01:46:01,6622,1138.6
14033,5691,5,11,2026-05-19 12:32:33,2026-05-23 01:54:42,6749,1138.2
9512,5691,5,9,2026-05-19 12:50:39,2026-05-23 23:59:59,6648,1138.2
9421,5690,4,8,2026-05-20 20:49:25,2026-05-23 23:52:49,6650,1422.5
2202,5689,5,4,2026-05-19 12:56:17,2026-05-23 23:59:59,6617,1137.8
8156,5687,5,3,2026-05-19 00:00:22,2026-05-23 05:10:01,6627,1137.4
8131,5687,5,3,2026-05-19 12:43:23,2026-05-23 00:48:04,6627,1137.4
9425,5686,5,10,2026-05-19 20:03:21,2026-05-23 23:59:59,6724,1137.2
9471,5685,5,9,2026-05-19 00:00:22,2026-05-23 23:59:59,6730,1137.0
2541,5685,5,3,2026-05-19 00:00:22,2026-05-23 09:20:14,6620,1137.0
2180,5685,5,7,2026-05-19 00:00:22,2026-05-23 23:59:59,6623,1137.0
9470,5680,5,9,2026-05-19 11:48:07,2026-05-23 23:59:59,6748,1136.0
9673,5676,5,11,2026-05-19 12:14:40,2026-05-23 23:59:59,6712,1135.2
12017,5670,5,2,2026-05-19 00:00:22,2026-05-23 23:59:59,6636,1134.0
2567,5663,4,3,2026-05-19 00:00:22,2026-05-22 00:57:15,6625,1415.75
18127,5663,4,14,2026-05-19 00:00:22,2026-05-22 02:34:40,6703,1415.75
2509,5656,5,3,2026-05-19 00:00:22,2026-05-23 23:59:59,6625,1131.2
24143,5654,5,11,2026-05-19 00:00:22,2026-05-23 23:59:59,6705,1130.8
18338,5652,4,5,2026-05-19 00:00:22,2026-05-22 10:44:04,11201,1413.0
2508,5650,5,4,2026-05-19 00:00:22,2026-05-23 23:59:59,6625,1130.0
9638,5645,4,11,2026-05-19 00:00:22,2026-05-23 23:59:59,39307,1411.25
23007,5644,5,6,2026-05-19 13:42:54,2026-05-23 23:59:59,6641,1128.8
9770,5643,5,16,2026-05-19 13:22:26,2026-05-23 12:07:06,39307,1128.6
18001,5641,5,3,2026-05-19 00:00:22,2026-05-23 23:59:59,37810,1128.2
21528,5639,4,13,2026-05-19 00:00:22,2026-05-22 02:28:32,30039,1409.75
9659,5637,5,10,2026-05-19 22:04:49,2026-05-23 04:01:32,6682,1127.4
18381,5630,5,11,2026-05-19 00:00:22,2026-05-23 23:59:59,6704,1126.0
18187,5627,5,11,2026-05-19 00:00:22,2026-05-23 23:59:59,6664,1125.4
18135,5626,4,16,2026-05-20 11:58:36,2026-05-23 19:42:26,7321,1406.5
2258,5625,5,3,2026-05-19 12:51:40,2026-05-23 06:57:07,6623,1125.0
21019,5624,5,3,2026-05-19 14:20:50,2026-05-23 23:59:59,6627,1124.8
2227,5615,5,3,2026-05-19 00:00:22,2026-05-23 21:08:34,6617,1123.0
9699,5614,5,7,2026-05-19 00:00:22,2026-05-23 23:59:59,6724,1122.8
81204,5609,4,4,2026-05-20 23:19:50,2026-05-23 23:59:59,6692,1402.25
8133,5609,5,2,2026-05-19 13:40:20,2026-05-23 02:13:42,6627,1121.8
15010,5608,4,1,2026-05-20 21:00:10,2026-05-23 23:59:59,6706,1402.0
9553,5602,5,8,2026-05-19 00:00:22,2026-05-23 07:08:20,34543,1120.4
9620,5601,5,15,2026-05-19 12:57:49,2026-05-23 23:59:59,39307,1120.2
16133,5601,5,4,2026-05-19 13:14:43,2026-05-23 23:59:59,6687,1120.2
24614,5600,5,5,2026-05-19 00:00:22,2026-05-23 03:07:52,6821,1120.0
18312,5596,5,6,2026-05-19 14:20:50,2026-05-23 13:13:19,6626,1119.2
2514,5595,4,4,2026-05-19 00:00:22,2026-05-23 23:59:59,6618,1398.75
18153,5594,5,14,2026-05-19 00:00:22,2026-05-23 23:59:59,12940,1118.8
9501,5585,5,9,2026-05-19 21:00:12,2026-05-23 23:59:59,6722,1117.0
18110,5581,4,9,2026-05-20 12:20:34,2026-05-23 23:59:59,6705,1395.25
9606,5578,5,14,2026-05-19 14:07:00,2026-05-23 23:59:59,6682,1115.6
16025,5577,5,11,2026-05-19 00:00:22,2026-05-23 01:48:03,6643,1115.4
9744,5576,5,12,2026-05-19 14:50:09,2026-05-23 23:59:59,6630,1115.2
19036,5573,5,3,2026-05-19 14:19:49,2026-05-23 23:59:59,37807,1114.6
12011,5572,5,1,2026-05-19 13:24:28,2026-05-23 23:59:59,6636,1114.4
9422,5570,5,10,2026-05-19 20:40:46,2026-05-23 23:59:59,32799,1114.0
9427,5569,5,7,2026-05-19 00:00:22,2026-05-23 23:59:59,6748,1113.8
18330,5569,5,6,2026-05-19 13:25:30,2026-05-23 08:37:29,6626,1113.8
2232,5568,5,6,2026-05-19 00:00:22,2026-05-23 09:28:23,6622,1113.6
24608,5565,5,7,2026-05-19 22:26:22,2026-05-23 23:59:59,33538,1113.0
9704,5562,5,8,2026-05-19 00:00:22,2026-05-23 23:59:59,6727,1112.4
9738,5561,5,13,2026-05-19 00:00:22,2026-05-23 01:38:50,6682,1112.2
9405,5560,5,7,2026-05-19 00:00:22,2026-05-23 12:15:14,6725,1112.0
23210,5559,5,3,2026-05-19 12:19:47,2026-05-23 08:14:35,6642,1111.8
15004,5557,5,1,2026-05-19 13:36:45,2026-05-23 23:59:59,6706,1111.4
18403,5556,5,4,2026-05-19 00:00:22,2026-05-23 23:59:59,6626,1111.2
8151,5554,5,4,2026-05-19 00:00:22,2026-05-23 23:59:59,6641,1110.8
2151,5550,5,7,2026-05-19 00:00:22,2026-05-23 20:23:53,6615,1110.0
19432,5550,5,3,2026-05-19 11:56:16,2026-05-23 19:22:59,6715,1110.0
18201,5548,3,10,2026-05-21 11:36:07,2026-05-23 23:59:59,37809,1849.33
9468,5548,5,7,2026-05-19 00:00:22,2026-05-23 23:59:59,6727,1109.6
9734,5545,5,15,2026-05-19 13:33:41,2026-05-23 02:03:56,6630,1109.0
18344,5538,5,7,2026-05-19 13:27:02,2026-05-23 23:59:59,6619,1107.6
8145,5537,5,4,2026-05-19 00:00:22,2026-05-23 16:08:57,6641,1107.4
2556,5536,4,3,2026-05-19 00:00:22,2026-05-22 09:43:33,6613,1384.0
18103,5536,5,12,2026-05-19 11:18:07,2026-05-23 03:22:11,23384,1107.2
18319,5533,5,5,2026-05-19 00:00:22,2026-05-23 23:59:59,30055,1106.6
8130,5529,5,3,2026-05-19 00:00:22,2026-05-23 23:59:28,6627,1105.8
9574,5526,5,7,2026-05-19 00:00:22,2026-05-23 02:27:30,6727,1105.2
21006,5526,5,3,2026-05-19 00:00:22,2026-05-23 00:41:22,6627,1105.2
9685,5526,4,9,2026-05-20 13:43:01,2026-05-23 23:59:59,23384,1381.5
22001,5524,5,4,2026-05-19 13:35:44,2026-05-23 23:59:59,6641,1104.8
18102,5521,5,9,2026-05-19 00:00:22,2026-05-23 23:59:59,6712,1104.2
18130,5520,4,9,2026-05-20 12:39:30,2026-05-23 23:59:59,23384,1380.0
15015,5520,4,1,2026-05-19 00:00:22,2026-05-22 01:50:08,6706,1380.0
18359,5519,5,4,2026-05-19 12:53:43,2026-05-23 23:59:59,6626,1103.8
9456,5518,5,8,2026-05-19 11:56:16,2026-05-23 01:13:11,6648,1103.6
9635,5516,5,8,2026-05-19 00:00:22,2026-05-23 23:59:59,6651,1103.2
16041,5511,5,9,2026-05-19 12:17:44,2026-05-23 01:27:33,6662,1102.2
25620,5511,5,7,2026-05-19 16:08:40,2026-05-23 23:59:59,6819,1102.2
9402,5510,5,2,2026-05-19 12:23:52,2026-05-23 23:59:59,6619,1102.0
24519,5504,4,7,2026-05-19 00:00:22,2026-05-23 23:59:59,6821,1376.0
2211,5498,5,5,2026-05-19 13:07:33,2026-05-23 07:21:35,6624,1099.6
25522,5491,5,6,2026-05-19 00:00:22,2026-05-23 23:36:27,33538,1098.2
12003,5488,5,1,2026-05-19 13:01:25,2026-05-23 00:51:08,6636,1097.6
25520,5484,4,5,2026-05-19 00:00:22,2026-05-23 23:59:59,33538,1371.0
9763,5484,5,19,2026-05-19 00:00:22,2026-05-23 17:11:00,6685,1096.8
2185,5483,5,6,2026-05-19 00:00:22,2026-05-23 23:59:59,6617,1096.6
24139,5483,5,12,2026-05-19 00:00:22,2026-05-23 16:30:58,23384,1096.6
25167,5482,5,6,2026-05-19 00:00:22,2026-05-23 03:17:04,6645,1096.4
2284,5482,5,3,2026-05-19 00:00:22,2026-05-23 08:11:00,16718,1096.4
2141,5479,5,4,2026-05-19 12:41:00,2026-05-23 00:41:22,6617,1095.8
18133,5477,5,14,2026-05-19 00:00:22,2026-05-23 03:01:44,6702,1095.4
9702,5476,5,6,2026-05-19 21:22:46,2026-05-23 23:59:59,6727,1095.2
2283,5476,5,5,2026-05-19 00:00:22,2026-05-23 01:46:31,6617,1095.2
22007,5475,4,2,2026-05-19 12:26:26,2026-05-22 08:43:02,38311,1368.75
18171,5473,5,11,2026-05-19 12:28:59,2026-05-23 01:09:36,6667,1094.6
19414,5473,5,4,2026-05-19 11:55:45,2026-05-23 02:56:07,6715,1094.6
23010,5469,5,6,2026-05-19 12:49:38,2026-05-23 23:59:59,37807,1093.8
25505,5468,5,7,2026-05-19 00:00:22,2026-05-23 23:59:59,6796,1093.6
16103,5467,5,10,2026-05-19 00:00:22,2026-05-23 23:55:53,23384,1093.4
24602,5467,5,5,2026-05-19 00:00:22,2026-05-23 23:59:59,6819,1093.4
2518,5466,4,2,2026-05-19 00:00:22,2026-05-22 23:30:27,6613,1366.5
18132,5466,4,15,2026-05-19 00:00:22,2026-05-22 04:08:23,6700,1366.5
16045,5466,5,12,2026-05-19 12:18:45,2026-05-23 05:07:27,6660,1093.2
9525,5455,5,3,2026-05-19 01:06:59,2026-05-23 01:08:35,11693,1091.0
14021,5455,5,9,2026-05-19 11:30:19,2026-05-23 00:39:18,6662,1091.0
2268,5453,5,6,2026-05-19 00:00:22,2026-05-23 23:59:59,6622,1090.6
21553,5453,4,14,2026-05-20 00:03:48,2026-05-23 09:26:52,30040,1363.25
19115,5451,5,12,2026-05-19 00:00:22,2026-05-23 23:59:59,6738,1090.2
24604,5446,5,5,2026-05-19 00:00:22,2026-05-23 23:59:59,6819,1089.2
2182,5445,5,4,2026-05-19 00:00:22,2026-05-23 23:49:45,6623,1089.0
24632,5443,5,5,2026-05-19 12:38:11,2026-05-23 01:55:13,6821,1088.6
18043,5443,5,2,2026-05-19 00:00:22,2026-05-23 23:59:59,37809,1088.6
25622,5443,5,5,2026-05-19 12:33:04,2026-05-23 16:11:30,6796,1088.6
18057,5441,5,3,2026-05-19 12:05:27,2026-05-23 08:33:55,37810,1088.2
16001,5441,4,5,2026-05-20 12:24:39,2026-05-23 02:28:32,37809,1360.25
24501,5440,5,6,2026-05-19 20:47:25,2026-05-23 23:59:59,10232,1088.0
24129,5439,4,12,2026-05-19 00:00:22,2026-05-23 23:59:59,6704,1359.75
18374,5435,5,12,2026-05-19 14:14:11,2026-05-23 05:16:10,23384,1087.0
24107,5434,5,11,2026-05-19 00:00:22,2026-05-23 23:59:59,23384,1086.8
25168,5432,5,13,2026-05-19 12:39:43,2026-05-23 23:59:59,6728,1086.4
24511,5430,5,8,2026-05-19 00:00:22,2026-05-23 01:59:19,6817,1086.0
9655,5424,5,9,2026-05-19 00:00:22,2026-05-23 02:57:08,6651,1084.8
24016,5423,5,3,2026-05-19 13:10:07,2026-05-23 05:11:02,6641,1084.6
25508,5422,5,8,2026-05-19 00:00:22,2026-05-23 02:15:14,11696,1084.4
9681,5420,4,12,2026-05-20 11:31:35,2026-05-23 05:48:18,6703,1355.0
9768,5414,5,14,2026-05-19 12:58:50,2026-05-23 23:59:59,6682,1082.8
25146,5414,5,11,2026-05-19 12:42:13,2026-05-23 02:27:00,6728,1082.8
18115,5411,5,15,2026-05-19 00:00:22,2026-05-23 23:59:59,6705,1082.2
19026,5407,5,4,2026-05-19 00:00:22,2026-05-23 23:59:59,6641,1081.4
18101,5404,5,12,2026-05-19 00:00:22,2026-05-23 03:05:19,23384,1080.8
22015,5400,5,3,2026-05-19 13:29:05,2026-05-23 01:03:58,37807,1080.0
2199,5399,5,4,2026-05-19 13:18:20,2026-05-23 23:59:59,6622,1079.8
18322,5398,5,4,2026-05-19 13:49:03,2026-05-23 06:01:02,6619,1079.6
25116,5390,5,9,2026-05-19 13:24:59,2026-05-23 23:59:59,6728,1078.0
25112,5389,5,11,2026-05-19 11:35:24,2026-05-23 01:56:45,6728,1077.8
21417,5380,5,3,2026-05-19 14:33:09,2026-05-23 23:59:59,6698,1076.0
9511,5373,5,10,2026-05-19 00:00:22,2026-05-23 02:41:49,6657,1074.6
19014,5365,5,5,2026-05-19 13:54:42,2026-05-23 09:02:26,38311,1073.0
14016,5361,5,10,2026-05-19 11:30:19,2026-05-23 07:18:32,6662,1072.2
16203,5360,5,6,2026-05-19 14:25:28,2026-05-23 23:59:59,6658,1072.0
2142,5356,5,5,2026-05-19 00:00:22,2026-05-23 23:59:59,6614,1071.2
19038,5355,5,4,2026-05-19 14:00:20,2026-05-23 02:58:10,37807,1071.0
15007,5353,4,1,2026-05-19 00:00:22,2026-05-23 23:59:59,6706,1338.25
19110,5348,5,12,2026-05-19 12:32:33,2026-05-23 01:23:58,6705,1069.6
2224,5344,5,3,2026-05-19 12:38:41,2026-05-23 23:59:59,6614,1068.8
18025,5344,5,3,2026-05-19 14:12:38,2026-05-23 08:29:21,37810,1068.8
18108,5343,4,7,2026-05-20 12:28:13,2026-05-23 03:56:55,6705,1335.75
21554,5338,4,16,2026-05-19 00:00:22,2026-05-23 23:59:59,30040,1334.5
22009,5337,5,5,2026-05-19 00:00:22,2026-05-23 02:16:16,37807,1067.4
18134,5323,4,10,2026-05-19 00:00:22,2026-05-22 17:48:14,6738,1330.75
24147,5314,5,13,2026-05-19 22:03:15,2026-05-23 23:59:59,12940,1062.8
2273,5313,5,5,2026-05-19 00:00:22,2026-05-23 23:59:59,6624,1062.6
2532,5309,5,2,2026-05-19 11:56:16,2026-05-23 02:00:20,6618,1061.8
2527,5307,5,3,2026-05-19 00:00:22,2026-05-23 23:59:59,6618,1061.4
21549,5305,5,17,2026-05-19 00:00:22,2026-05-23 02:39:47,6799,1061.0
18457,5304,5,7,2026-05-19 11:13:01,2026-05-23 04:32:11,6741,1060.8
9579,5303,5,8,2026-05-19 21:59:09,2026-05-23 09:27:22,6725,1060.6
2515,5301,4,3,2026-05-19 11:48:07,2026-05-23 23:59:59,6620,1325.25
24014,5296,5,5,2026-05-19 13:30:37,2026-05-23 04:47:31,6641,1059.2
2203,5292,5,5,2026-05-19 12:31:32,2026-05-23 01:33:43,6623,1058.4
2206,5288,5,3,2026-05-19 00:00:22,2026-05-23 23:59:59,6623,1057.6
24116,5285,5,12,2026-05-19 00:00:22,2026-05-23 03:21:10,6738,1057.0
25130,5284,5,7,2026-05-19 21:16:06,2026-05-23 03:43:39,6657,1056.8
23008,5283,5,5,2026-05-19 00:00:22,2026-05-23 01:56:14,38311,1056.6
25179,5278,4,8,2026-05-19 12:24:22,2026-05-22 16:03:38,6654,1319.5
2196,5278,5,3,2026-05-19 12:03:56,2026-05-23 23:59:59,6622,1055.6
25526,5274,5,6,2026-05-19 00:00:22,2026-05-23 23:59:59,6779,1054.8
9415,5272,5,6,2026-05-19 12:48:36,2026-05-23 23:59:59,6724,1054.4
16030,5269,5,12,2026-05-19 00:00:22,2026-05-23 23:59:59,6643,1053.8
9535,5266,5,6,2026-05-19 00:00:22,2026-05-23 23:58:26,6724,1053.2
24503,5263,5,6,2026-05-19 00:02:59,2026-05-23 23:59:59,6688,1052.6
9585,5255,5,8,2026-05-19 13:20:23,2026-05-23 23:59:59,6748,1051.0
23003,5253,5,3,2026-05-19 14:03:56,2026-05-23 08:17:07,6641,1050.6
25140,5252,5,7,2026-05-19 11:55:45,2026-05-23 23:59:59,6728,1050.4
9743,5248,5,7,2026-05-19 14:32:08,2026-05-23 02:31:36,6682,1049.6
2155,5243,5,6,2026-05-19 12:12:36,2026-05-23 04:38:20,6633,1048.6
16104,5243,5,15,2026-05-19 00:00:22,2026-05-23 05:50:51,6738,1048.6
9723,5242,5,14,2026-05-19 00:00:22,2026-05-23 23:59:59,6682,1048.4
9764,5239,5,13,2026-05-19 13:11:08,2026-05-23 02:41:19,6651,1047.8
14039,5238,5,11,2026-05-19 13:47:31,2026-05-23 03:30:21,7224,1047.6
24124,5233,5,12,2026-05-19 12:02:54,2026-05-23 01:08:35,6705,1046.6
9567,5231,5,5,2026-05-19 12:06:28,2026-05-23 03:01:13,6730,1046.2
18358,5220,5,7,2026-05-19 00:00:22,2026-05-23 23:59:59,6619,1044.0
21011,5214,5,4,2026-05-19 13:06:32,2026-05-23 23:59:59,6627,1042.8
16031,5203,5,9,2026-05-19 12:42:52,2026-05-23 02:28:32,6662,1040.6
2125,5203,5,5,2026-05-19 00:00:22,2026-05-23 03:31:23,6622,1040.6
12005,5197,5,2,2026-05-19 00:00:22,2026-05-23 01:23:27,6636,1039.4
2229,5196,5,4,2026-05-19 00:00:22,2026-05-23 01:10:07,16718,1039.2
18339,5195,5,6,2026-05-19 14:21:52,2026-05-23 23:59:59,6626,1039.0
9520,5193,5,4,2026-05-19 12:28:59,2026-05-23 23:59:59,6619,1038.6
9774,5190,5,14,2026-05-19 12:26:26,2026-05-23 23:59:59,39305,1038.0
9612,5185,5,13,2026-05-19 13:31:39,2026-05-23 04:20:57,6651,1037.0
9420,5182,5,7,2026-05-19 00:01:58,2026-05-23 02:42:20,32799,1036.4
25133,5178,5,8,2026-05-19 00:00:22,2026-05-23 04:30:08,6649,1035.6
18343,5176,5,6,2026-05-19 12:16:43,2026-05-23 23:59:59,6624,1035.2
25139,5172,4,9,2026-05-19 12:31:32,2026-05-22 16:41:32,6649,1293.0
2238,5171,5,4,2026-05-19 00:00:22,2026-05-23 07:59:48,6617,1034.2
9578,5164,5,9,2026-05-19 12:36:38,2026-05-23 08:52:46,6730,1032.8
2571,5161,4,3,2026-05-19 00:05:01,2026-05-23 23:59:59,6620,1290.25
9670,5154,5,13,2026-05-19 00:00:22,2026-05-23 02:53:34,23384,1030.8
16108,5152,5,12,2026-05-19 00:00:22,2026-05-23 06:28:04,6704,1030.4
9537,5147,5,6,2026-05-19 12:31:01,2026-05-23 23:59:59,6748,1029.4
9485,5145,5,7,2026-05-19 00:00:22,2026-05-23 23:59:59,6637,1029.0
2174,5145,5,6,2026-05-19 00:00:22,2026-05-23 23:59:59,6617,1029.0
19123,5145,5,12,2026-05-19 00:00:22,2026-05-23 03:14:00,6705,1029.0
18126,5142,3,3,2026-05-21 11:35:06,2026-05-23 23:59:59,23384,1714.0
2102,5142,5,5,2026-05-19 00:00:22,2026-05-23 23:59:59,6617,1028.4
2126,5140,5,7,2026-05-19 00:00:22,2026-05-23 23:59:59,6617,1028.0
16205,5139,5,1,2026-05-19 00:00:22,2026-05-23 00:34:08,6636,1027.8
2188,5134,5,5,2026-05-19 00:00:22,2026-05-23 23:59:59,6623,1026.8
14024,5133,5,6,2026-05-19 12:01:23,2026-05-23 09:44:39,6667,1026.6
24009,5131,5,6,2026-05-19 00:00:22,2026-05-23 01:35:46,6641,1026.2
24523,5129,5,9,2026-05-19 22:00:42,2026-05-23 03:09:55,11696,1025.8
2531,5126,4,3,2026-05-19 00:00:22,2026-05-23 23:59:59,6625,1281.5
21409,5126,4,2,2026-05-20 11:44:49,2026-05-23 23:59:59,6715,1281.5
19047,5126,5,3,2026-05-19 20:51:00,2026-05-23 07:05:47,37807,1025.2
12012,5125,5,1,2026-05-19 00:00:22,2026-05-23 23:59:59,6636,1025.0
2159,5110,5,6,2026-05-19 00:00:22,2026-05-23 23:59:59,6633,1022.0
9636,5107,5,15,2026-05-19 13:52:09,2026-05-23 04:08:41,6651,1021.4
18365,5106,5,13,2026-05-19 00:00:22,2026-05-23 23:59:59,23384,1021.2
25201,5103,5,2,2026-05-19 11:09:27,2026-05-23 02:23:56,6642,1020.6
19103,5100,4,16,2026-05-19 00:00:22,2026-05-22 01:10:05,6700,1275.0
9715,5100,5,13,2026-05-19 14:57:19,2026-05-23 23:59:59,39307,1020.0
18040,5098,5,3,2026-05-19 00:00:22,2026-05-23 02:19:50,37810,1019.6
18196,5097,5,8,2026-05-19 10:35:20,2026-05-23 01:34:44,6667,1019.4
21547,5095,5,14,2026-05-19 12:48:36,2026-05-23 02:35:11,34541,1019.0
16206,5095,5,1,2026-05-19 13:07:03,2026-05-23 01:04:29,6636,1019.0
2253,5089,4,6,2026-05-20 12:37:58,2026-05-23 23:59:59,16718,1272.25
2275,5088,5,7,2026-05-19 00:00:22,2026-05-23 09:07:01,6624,1017.6
21503,5079,4,13,2026-05-20 11:59:06,2026-05-23 23:59:59,30036,1269.75
16213,5078,5,1,2026-05-19 12:41:31,2026-05-23 23:59:59,6636,1015.6
21562,5075,5,11,2026-05-19 12:49:38,2026-05-23 23:59:59,30040,1015.0
15020,5071,5,1,2026-05-19 13:26:01,2026-05-23 02:14:44,6636,1014.2
18355,5067,5,5,2026-05-19 13:10:38,2026-05-23 23:59:59,6619,1013.4
2150,5065,5,4,2026-05-19 00:00:22,2026-05-23 23:59:59,6622,1013.0
9790,5053,4,9,2026-05-19 13:15:14,2026-05-22 02:46:26,6705,1263.25
14026,5051,5,12,2026-05-19 00:00:22,2026-05-23 23:59:59,6643,1010.2
9731,5051,5,13,2026-05-19 13:56:45,2026-05-23 01:54:12,6651,1010.2
9757,5042,5,12,2026-05-19 00:00:22,2026-05-23 01:42:25,6630,1008.4
18373,5039,5,14,2026-05-19 12:43:53,2026-05-23 02:30:35,6712,1007.8
7477,5035,4,10,2026-05-19 11:51:41,2026-05-23 23:59:59,6704,1258.75
25157,5032,5,10,2026-05-19 00:00:22,2026-05-23 05:07:58,6728,1006.4
14025,5029,5,14,2026-05-19 11:20:39,2026-05-23 05:13:05,6660,1005.8
18351,5027,5,5,2026-05-19 13:47:00,2026-05-23 06:45:55,6621,1005.4
2208,5023,5,5,2026-05-19 00:00:22,2026-05-23 23:59:59,6617,1004.6
9611,5020,5,21,2026-05-19 00:00:22,2026-05-23 01:14:13,6682,1004.0
9771,5018,5,13,2026-05-19 13:51:06,2026-05-23 23:59:59,6651,1003.6
22006,5018,5,4,2026-05-19 00:00:22,2026-05-23 01:14:13,6641,1003.6
9566,5013,5,4,2026-05-19 00:00:22,2026-05-23 02:02:54,34542,1002.6
18342,5008,5,3,2026-05-19 14:04:57,2026-05-23 23:59:59,11201,1001.6
14019,5003,5,6,2026-05-19 11:59:19,2026-05-23 01:28:04,6646,1000.6
24003,5002,5,4,2026-05-19 00:00:22,2026-05-23 00:37:14,6641,1000.4
16137,5001,4,11,2026-05-20 13:19:58,2026-05-23 23:59:59,6705,1250.25
9627,4988,4,8,2026-05-19 12:48:06,2026-05-23 23:59:59,6630,1247.0
19426,4985,5,4,2026-05-19 12:52:42,2026-05-23 07:37:23,6715,997.0
19408,4983,5,3,2026-05-19 11:08:56,2026-05-23 03:24:44,6715,996.6
25115,4981,5,10,2026-05-19 00:00:22,2026-05-23 23:59:59,6642,996.2
9717,4979,5,12,2026-05-19 14:35:43,2026-05-23 23:59:59,6679,995.8
16210,4976,5,2,2026-05-19 00:00:22,2026-05-23 23:59:59,6636,995.2
24507,4974,5,15,2026-05-19 00:00:22,2026-05-23 23:59:59,30038,994.8
8147,4973,5,4,2026-05-19 00:00:22,2026-05-23 23:59:59,6641,994.6
21559,4973,5,13,2026-05-19 00:00:22,2026-05-23 23:59:59,30046,994.6
9782,4961,5,15,2026-05-19 13:55:44,2026-05-23 02:22:24,6676,992.2
23012,4961,5,4,2026-05-19 13:46:30,2026-05-23 12:51:54,6641,992.2
25127,4952,5,10,2026-05-19 11:52:12,2026-05-23 01:55:44,6649,990.4
19003,4947,5,2,2026-05-19 00:00:22,2026-05-23 08:11:31,37810,989.4
24121,4944,5,12,2026-05-19 00:00:22,2026-05-23 04:01:32,6712,988.8
16132,4940,5,4,2026-05-19 14:36:16,2026-05-23 23:59:59,6687,988.0
2154,4936,5,6,2026-05-19 00:00:22,2026-05-23 01:13:11,6622,987.2
9718,4926,4,14,2026-05-20 20:33:32,2026-05-23 23:59:59,6651,1231.5
25182,4920,5,8,2026-05-19 00:00:22,2026-05-23 00:54:13,11693,984.0
19421,4916,5,5,2026-05-19 12:15:11,2026-05-23 21:37:46,6747,983.2
2171,4914,4,4,2026-05-19 00:00:22,2026-05-23 23:59:59,6624,1228.5
2136,4908,5,2,2026-05-19 23:07:53,2026-05-23 23:59:59,6615,981.6
9540,4903,4,10,2026-05-19 22:09:27,2026-05-22 16:45:07,6728,1225.75
2248,4903,5,4,2026-05-19 00:00:22,2026-05-23 23:59:59,6622,980.6
21505,4899,4,19,2026-05-19 00:00:22,2026-05-22 01:07:01,30047,1224.75
25603,4898,5,6,2026-05-19 12:15:11,2026-05-23 03:06:20,6821,979.6
9788,4897,5,13,2026-05-19 12:27:58,2026-05-23 01:30:07,6712,979.4
2177,4893,4,3,2026-05-20 10:26:54,2026-05-23 07:54:43,6617,1223.25
2160,4891,4,3,2026-05-19 00:00:22,2026-05-22 02:59:46,6617,1222.75
18144,4890,5,14,2026-05-19 13:15:45,2026-05-23 23:59:59,23384,978.0
9548,4887,5,4,2026-05-19 12:45:25,2026-05-23 03:07:22,6748,977.4
21513,4886,4,16,2026-05-19 00:00:22,2026-05-22 21:29:53,34541,1221.5
9688,4882,5,11,2026-05-19 00:00:22,2026-05-23 01:09:36,6712,976.4
21421,4882,5,3,2026-05-19 11:36:56,2026-05-23 03:26:47,6713,976.4
9643,4877,5,12,2026-05-19 14:30:35,2026-05-23 02:24:27,6682,975.4
9524,4876,5,3,2026-05-19 00:00:22,2026-05-23 17:54:58,6619,975.2
14035,4871,5,6,2026-05-19 12:24:53,2026-05-23 01:23:58,6749,974.2
16602,4870,5,3,2026-05-19 00:00:53,2026-05-23 23:59:59,6687,974.0
12025,4869,5,2,2026-05-19 15:27:38,2026-05-23 23:59:59,6636,973.8
18318,4864,5,4,2026-05-19 00:00:22,2026-05-23 12:37:08,6626,972.8
16006,4856,5,12,2026-05-19 15:04:30,2026-05-23 05:36:04,22638,971.2
24531,4855,4,10,2026-05-19 00:00:22,2026-05-23 23:59:59,30047,1213.75
2111,4852,5,6,2026-05-19 00:00:22,2026-05-23 01:13:11,6624,970.4
19040,4848,4,4,2026-05-20 14:11:48,2026-05-23 23:59:59,37807,1212.0
24138,4848,5,9,2026-05-19 00:00:22,2026-05-23 03:03:16,6700,969.6
9676,4847,5,7,2026-05-19 14:31:37,2026-05-23 03:00:43,6723,969.4
2212,4847,4,4,2026-05-19 00:00:22,2026-05-23 23:59:59,16718,1211.75
21423,4842,5,5,2026-05-19 11:42:01,2026-05-23 23:59:59,6715,968.4
9658,4841,5,14,2026-05-19 00:24:30,2026-05-23 01:40:53,6682,968.2
18383,4841,5,9,2026-05-19 00:00:22,2026-05-23 05:13:05,6737,968.2
18451,4837,5,7,2026-05-19 13:16:46,2026-05-23 02:37:44,6741,967.4
9438,4832,5,13,2026-05-19 00:00:22,2026-05-23 23:59:59,6728,966.4
9514,4822,5,10,2026-05-19 00:00:22,2026-05-23 02:12:41,6649,964.4
9475,4812,5,9,2026-05-19 00:00:22,2026-05-23 07:46:33,6726,962.4
9656,4810,5,20,2026-05-19 00:00:22,2026-05-23 02:05:59,6651,962.0
18002,4807,4,2,2026-05-19 12:24:22,2026-05-22 01:45:30,37810,1201.75
19046,4804,5,3,2026-05-19 13:27:02,2026-05-23 00:25:22,37807,960.8
19022,4803,5,6,2026-05-19 00:00:22,2026-05-23 13:09:14,37807,960.6
16038,4799,4,12,2026-05-19 11:05:23,2026-05-23 23:59:59,6663,1199.75
9727,4797,5,13,2026-05-19 14:38:19,2026-05-23 23:59:59,6682,959.4
24508,4792,5,15,2026-05-19 00:00:22,2026-05-23 23:59:59,31821,958.4
24620,4791,4,8,2026-05-19 00:03:29,2026-05-22 15:57:29,6821,1197.75
21544,4789,4,17,2026-05-19 00:00:22,2026-05-22 09:05:55,6799,1197.25
24118,4787,4,8,2026-05-19 11:16:35,2026-05-22 23:48:25,23384,1196.75
25175,4783,4,7,2026-05-19 13:01:55,2026-05-22 02:41:20,6728,1195.75
9492,4782,5,8,2026-05-19 00:00:22,2026-05-23 08:54:18,6629,956.4
18390,4779,4,6,2026-05-20 13:32:15,2026-05-23 23:59:59,6637,1194.75
9679,4777,4,10,2026-05-20 13:18:57,2026-05-23 23:59:59,6703,1194.25
2137,4774,4,4,2026-05-20 12:33:20,2026-05-23 23:59:59,6623,1193.5
2555,4774,4,2,2026-05-19 12:25:54,2026-05-22 08:41:00,6625,1193.5
9401,4772,4,10,2026-05-19 00:00:22,2026-05-22 07:47:01,6654,1193.0
18459,4772,4,5,2026-05-19 11:28:17,2026-05-22 12:43:11,6741,1193.0
24502,4769,4,6,2026-05-19 00:00:22,2026-05-22 00:59:49,6779,1192.25
25135,4766,5,9,2026-05-19 13:09:05,2026-05-23 02:37:13,6654,953.2
19139,4764,5,13,2026-05-19 12:30:31,2026-05-23 23:59:59,12940,952.8
2213,4763,5,4,2026-05-19 00:00:22,2026-05-23 23:59:59,6624,952.6
9545,4756,5,6,2026-05-19 00:00:22,2026-05-23 02:50:30,6726,951.2
9452,4756,5,7,2026-05-19 00:00:22,2026-05-23 23:59:59,6619,951.2
2246,4756,5,5,2026-05-19 22:38:39,2026-05-23 08:53:47,6615,951.2
9769,4755,5,16,2026-05-19 14:11:37,2026-05-23 02:27:30,6651,951.0
18123,4755,4,9,2026-05-19 00:00:22,2026-05-22 04:45:15,6738,1188.75
9417,4751,4,7,2026-05-19 00:00:22,2026-05-22 06:02:58,34542,1187.75
16221,4746,4,5,2026-05-19 00:00:22,2026-05-23 10:31:31,6641,1186.5
18107,4737,5,11,2026-05-19 12:04:26,2026-05-23 23:58:26,11692,947.4
9483,4737,5,5,2026-05-19 13:10:38,2026-05-23 02:24:57,6628,947.4
18392,4730,5,7,2026-05-19 12:14:10,2026-05-23 23:59:59,6626,946.0
16034,4728,5,11,2026-05-19 12:17:13,2026-05-23 23:59:59,6667,945.6
9642,4724,5,13,2026-05-19 00:00:22,2026-05-23 23:59:59,6651,944.8
23004,4724,5,3,2026-05-19 00:00:22,2026-05-23 07:59:48,6641,944.8
19409,4718,5,4,2026-05-19 12:25:24,2026-05-23 02:08:03,6715,943.6
19033,4717,5,4,2026-05-19 12:34:05,2026-05-23 11:07:07,37807,943.4
2263,4704,5,4,2026-05-19 00:00:22,2026-05-23 05:33:00,6622,940.8
2108,4698,5,4,2026-05-19 12:27:27,2026-05-23 03:46:42,6623,939.6
16219,4697,4,3,2026-05-20 13:32:46,2026-05-23 08:32:54,6641,1174.25
25174,4695,5,10,2026-05-19 00:00:22,2026-05-23 02:00:20,6645,939.0
18035,4685,4,3,2026-05-19 00:00:22,2026-05-23 23:59:59,37810,1171.25
9780,4684,5,13,2026-05-19 00:00:22,2026-05-23 02:22:54,6682,936.8
21012,4681,4,3,2026-05-20 14:42:08,2026-05-23 00:10:29,6627,1170.25
21413,4681,5,4,2026-05-19 00:00:22,2026-05-23 23:59:59,6715,936.2
9695,4678,4,14,2026-05-19 00:00:22,2026-05-22 02:55:10,23384,1169.5
18018,4677,5,3,2026-05-19 00:00:22,2026-05-23 23:59:59,37810,935.4
9625,4671,5,14,2026-05-19 00:00:22,2026-05-23 23:59:59,39307,934.2
19109,4666,5,18,2026-05-19 00:00:22,2026-05-23 23:33:54,23384,933.2
9472,4657,5,7,2026-05-19 11:59:50,2026-05-23 23:59:59,34543,931.4
16212,4649,4,1,2026-05-19 13:44:27,2026-05-22 18:18:58,6636,1162.25
2219,4646,5,3,2026-05-19 00:00:22,2026-05-23 23:59:59,6617,929.2
18461,4645,5,5,2026-05-19 13:49:03,2026-05-23 10:17:17,6741,929.0
25602,4634,5,7,2026-05-19 22:21:45,2026-05-23 04:13:47,48855,926.8
18391,4610,5,5,2026-05-19 13:53:10,2026-05-23 23:59:59,6626,922.0
9649,4609,5,14,2026-05-19 00:00:22,2026-05-23 23:59:59,6682,921.8
19039,4608,5,3,2026-05-19 13:45:59,2026-05-23 23:59:59,37807,921.6
9558,4607,5,7,2026-05-19 00:00:22,2026-05-23 02:25:28,6725,921.4
9663,4606,5,13,2026-05-19 14:09:03,2026-05-23 02:08:03,6672,921.2
19045,4606,5,5,2026-05-19 14:07:00,2026-05-23 23:59:59,6641,921.2
21004,4601,5,4,2026-05-19 12:53:43,2026-05-23 01:41:24,6612,920.2
23606,4599,4,5,2026-05-19 12:14:40,2026-05-22 16:25:39,6819,1149.75
21013,4595,5,4,2026-05-19 13:30:06,2026-05-23 10:51:52,6627,919.0
25104,4593,5,6,2026-05-19 12:44:55,2026-05-23 23:59:59,32799,918.6
9450,4591,5,3,2026-05-19 14:08:33,2026-05-23 23:59:59,6619,918.2
9652,4587,5,10,2026-05-19 13:15:45,2026-05-23 23:59:59,6682,917.4
9667,4586,5,10,2026-05-19 00:00:22,2026-05-23 01:10:07,6705,917.2
25161,4583,4,8,2026-05-19 12:38:41,2026-05-22 01:00:20,6649,1145.75
2144,4578,4,6,2026-05-19 00:00:22,2026-05-22 15:54:56,6617,1144.5
18036,4573,5,2,2026-05-19 11:52:42,2026-05-23 23:59:59,37810,914.6
2534,4573,4,2,2026-05-19 10:59:45,2026-05-22 07:16:57,6625,1143.25
19424,4568,5,4,2026-05-19 12:37:39,2026-05-23 03:22:11,6715,913.6
2147,4560,4,1,2026-05-19 00:00:22,2026-05-23 23:59:59,6622,1140.0
9634,4548,5,14,2026-05-19 00:00:22,2026-05-23 02:20:21,6651,909.6
19428,4522,5,5,2026-05-19 00:00:22,2026-05-23 23:59:59,6715,904.4
24130,4520,5,8,2026-05-19 22:52:30,2026-05-23 23:59:59,6705,904.0
9747,4517,5,16,2026-05-19 00:00:22,2026-05-23 23:59:59,6682,903.4
2241,4516,5,4,2026-05-19 00:00:22,2026-05-23 23:59:59,6622,903.2
18109,4511,4,11,2026-05-20 13:20:29,2026-05-23 02:41:19,6737,1127.75
19133,4500,4,8,2026-05-19 12:42:52,2026-05-23 23:59:59,6703,1125.0
2173,4498,5,2,2026-05-19 00:00:22,2026-05-23 07:20:34,16718,899.6
2522,4497,5,3,2026-05-19 00:00:22,2026-05-23 22:18:41,6618,899.4
9614,4495,5,15,2026-05-19 14:09:03,2026-05-23 02:22:54,6673,899.0
18353,4495,4,2,2026-05-19 00:00:22,2026-05-22 01:35:45,6626,1123.75
81211,4487,5,3,2026-05-19 14:31:37,2026-05-23 01:50:37,6692,897.4
24540,4486,4,6,2026-05-19 00:00:22,2026-05-23 23:59:59,22639,1121.5
18033,4482,5,2,2026-05-19 13:38:17,2026-05-23 04:13:17,37810,896.4
18156,4474,4,12,2026-05-19 23:29:26,2026-05-22 23:32:32,6712,1118.5
21009,4469,4,3,2026-05-19 12:11:04,2026-05-23 23:59:59,6638,1117.25
2139,4467,5,5,2026-05-19 00:00:22,2026-05-23 01:26:01,6624,893.4
9494,4460,4,7,2026-05-19 14:31:06,2026-05-22 23:28:55,6728,1115.0
2152,4458,5,4,2026-05-19 11:37:57,2026-05-23 23:59:59,6622,891.6
24123,4457,4,10,2026-05-20 21:59:35,2026-05-23 02:11:09,6737,1114.25
9437,4451,4,10,2026-05-19 20:33:04,2026-05-22 23:45:52,6648,1112.75
18166,4450,5,8,2026-05-19 12:28:59,2026-05-23 04:19:55,6667,890.0
8122,4443,4,4,2026-05-20 13:15:21,2026-05-23 02:31:36,38311,1110.75
23602,4439,5,7,2026-05-19 12:50:08,2026-05-23 07:21:05,6819,887.8
24601,4435,5,3,2026-05-19 11:36:56,2026-05-23 23:59:59,6821,887.0
25609,4434,5,5,2026-05-19 21:20:43,2026-05-23 23:59:59,6821,886.8
9451,4432,4,9,2026-05-19 00:00:22,2026-05-22 02:25:28,6728,1108.0
16209,4427,5,1,2026-05-19 00:00:22,2026-05-23 00:47:02,6636,885.4
25204,4422,5,9,2026-05-19 12:56:17,2026-05-23 05:50:51,6642,884.4
9784,4419,5,15,2026-05-19 14:07:00,2026-05-23 04:38:20,6651,883.8
18331,4417,4,3,2026-05-19 00:00:22,2026-05-23 23:59:59,11201,1104.25
16035,4417,5,13,2026-05-19 00:00:22,2026-05-23 01:11:39,22638,883.4
9786,4416,4,14,2026-05-19 14:30:35,2026-05-22 09:21:10,6651,1104.0
25207,4410,5,2,2026-05-19 00:00:22,2026-05-23 01:14:13,6642,882.0
24528,4404,4,16,2026-05-20 12:15:57,2026-05-23 23:59:59,30045,1101.0
9428,4400,5,10,2026-05-19 11:27:47,2026-05-23 02:41:49,34543,880.0
9662,4399,5,15,2026-05-19 00:00:22,2026-05-23 23:59:59,39305,879.8
9712,4397,3,11,2026-05-21 00:08:05,2026-05-23 23:59:59,6682,1465.67
2184,4388,5,6,2026-05-19 00:00:22,2026-05-23 23:59:59,6617,877.6
9650,4380,4,6,2026-05-20 23:04:52,2026-05-23 23:58:26,6630,1095.0
9426,4375,5,11,2026-05-19 12:59:51,2026-05-23 03:40:35,6654,875.0
18186,4372,4,8,2026-05-19 00:00:22,2026-05-22 02:30:35,6738,1093.0
9756,4366,4,12,2026-05-19 00:00:22,2026-05-22 22:13:59,39307,1091.5
2260,4360,5,4,2026-05-19 00:00:22,2026-05-23 01:47:33,6633,872.0
2256,4360,4,3,2026-05-20 11:46:51,2026-05-23 23:59:59,6633,1090.0
18395,4346,4,3,2026-05-20 14:23:06,2026-05-23 23:59:59,11201,1086.5
7475,4344,5,13,2026-05-19 00:00:22,2026-05-23 02:08:03,6704,868.8
18336,4343,5,7,2026-05-19 13:19:22,2026-05-23 23:59:59,6626,868.6
9496,4336,4,6,2026-05-19 00:00:22,2026-05-22 02:24:26,6645,1084.0
19016,4327,5,5,2026-05-19 00:00:22,2026-05-23 23:59:59,6641,865.4
2574,4327,5,2,2026-05-19 00:00:22,2026-05-23 00:17:40,6620,865.4
16207,4322,5,1,2026-05-19 12:49:07,2026-05-23 01:00:22,6636,864.4
9660,4315,3,13,2026-05-19 00:00:22,2026-05-21 16:18:41,6630,1438.33
18008,4314,4,3,2026-05-20 13:42:30,2026-05-23 08:49:43,37810,1078.5
21414,4314,5,4,2026-05-19 00:00:22,2026-05-23 23:59:59,6713,862.8
16211,4306,5,2,2026-05-19 00:00:22,2026-05-23 23:59:59,6636,861.2
25607,4302,5,7,2026-05-19 00:00:22,2026-05-23 23:59:59,6818,860.4
2272,4302,4,2,2026-05-19 11:49:38,2026-05-22 01:16:46,16718,1075.5
18337,4291,5,7,2026-05-19 00:00:22,2026-05-23 23:59:59,11201,858.2
25525,4281,5,5,2026-05-19 00:00:22,2026-05-23 23:59:59,22639,856.2
22013,4280,5,5,2026-05-19 13:05:00,2026-05-23 23:59:59,38311,856.0
2215,4280,4,6,2026-05-19 00:00:22,2026-05-22 17:12:19,6614,1070.0
18047,4269,5,2,2026-05-19 23:23:17,2026-05-23 23:59:59,37809,853.8
9487,4263,5,8,2026-05-19 14:10:35,2026-05-23 05:25:51,6645,852.6
9463,4248,5,7,2026-05-19 11:44:03,2026-05-23 01:18:19,6727,849.6
9434,4238,5,9,2026-05-19 00:00:22,2026-05-23 02:17:17,6728,847.6
25113,4237,4,5,2026-05-19 14:53:13,2026-05-22 21:59:06,6628,1059.25
2279,4222,4,4,2026-05-19 13:06:32,2026-05-23 23:59:59,16718,1055.5
24110,4222,4,11,2026-05-19 00:00:22,2026-05-22 02:04:29,6703,1055.5
81208,4219,4,2,2026-05-20 22:05:44,2026-05-23 23:59:59,6687,1054.75
18138,4216,4,7,2026-05-20 14:41:07,2026-05-23 23:59:59,23384,1054.0
21416,4203,3,4,2026-05-19 00:00:22,2026-05-21 16:06:50,6713,1401.0
21017,4203,5,3,2026-05-19 00:00:22,2026-05-23 23:59:59,6627,840.6
9675,4196,4,15,2026-05-19 11:44:03,2026-05-22 01:48:36,23384,1049.0
9661,4196,5,15,2026-05-19 14:48:36,2026-05-23 01:42:56,6672,839.2
9703,4195,4,11,2026-05-19 00:00:22,2026-05-22 02:25:28,6705,1048.75
9777,4195,4,3,2026-05-19 00:00:22,2026-05-22 08:34:53,6630,1048.75
9445,4193,4,4,2026-05-19 13:08:04,2026-05-22 15:10:45,6648,1048.25
9640,4187,5,14,2026-05-19 00:00:22,2026-05-23 03:18:36,6651,837.4
2278,4182,4,2,2026-05-19 00:00:22,2026-05-22 06:04:30,16718,1045.5
24008,4181,4,5,2026-05-19 11:57:17,2026-05-22 18:31:15,37807,1045.25
19024,4174,5,5,2026-05-19 00:00:22,2026-05-23 03:50:48,6641,834.8
14037,4169,5,9,2026-05-19 22:24:50,2026-05-23 11:58:28,6667,833.8
24142,4165,5,11,2026-05-19 00:00:22,2026-05-23 03:28:49,6704,833.0
9499,4163,4,6,2026-05-20 12:01:39,2026-05-23 23:59:59,6649,1040.75
25206,4156,5,4,2026-05-19 13:43:56,2026-05-23 01:58:17,6642,831.2
25178,4154,4,8,2026-05-19 12:55:46,2026-05-22 09:27:47,6728,1038.5
2121,4146,4,3,2026-05-20 21:04:16,2026-05-23 23:59:59,6622,1036.5
24516,4145,5,13,2026-05-19 00:00:22,2026-05-23 02:03:25,30036,829.0
23212,4142,4,1,2026-05-20 22:15:30,2026-05-23 23:59:59,6642,1035.5
7493,4141,5,14,2026-05-19 00:00:22,2026-05-23 01:26:32,8290,828.2
2549,4134,4,3,2026-05-20 11:58:05,2026-05-23 09:43:07,6613,1033.5
8149,4133,4,2,2026-05-20 12:57:24,2026-05-23 23:59:59,6627,1033.25
16224,4129,4,2,2026-05-19 00:00:22,2026-05-22 01:30:06,6641,1032.25
18056,4101,5,3,2026-05-19 12:16:43,2026-05-23 09:58:22,37809,820.2
18321,4096,5,4,2026-05-19 14:32:38,2026-05-23 23:59:59,6619,819.2
18060,4089,3,1,2026-05-19 00:00:22,2026-05-21 15:31:25,37809,1363.0
8148,4081,5,2,2026-05-19 13:14:43,2026-05-23 03:15:32,6641,816.2
18143,4073,4,6,2026-05-19 14:04:57,2026-05-22 02:28:32,6705,1018.25
24525,4072,4,16,2026-05-19 00:00:22,2026-05-23 23:59:59,6661,1018.0
9497,4071,4,6,2026-05-19 00:00:22,2026-05-23 06:39:17,6650,1017.75
19429,4067,4,3,2026-05-20 22:08:19,2026-05-23 02:13:11,6715,1016.75
19406,4065,5,4,2026-05-19 22:13:34,2026-05-23 04:42:25,6715,813.0
81209,4062,4,4,2026-05-19 00:00:22,2026-05-22 16:47:10,6687,1015.5
16119,4062,4,9,2026-05-19 00:00:22,2026-05-22 05:30:48,6712,1015.5
19112,4062,4,13,2026-05-19 00:00:22,2026-05-23 23:59:59,6738,1015.5
24002,4058,4,4,2026-05-20 11:54:01,2026-05-23 23:59:59,37807,1014.5
2510,4055,4,2,2026-05-19 14:23:24,2026-05-23 09:43:07,6625,1013.75
9719,4052,5,12,2026-05-19 00:00:22,2026-05-23 02:30:35,6651,810.4
2110,4043,5,2,2026-05-19 00:00:22,2026-05-23 23:59:59,6614,808.6
9610,4041,4,9,2026-05-20 13:32:15,2026-05-23 03:35:28,6682,1010.25
14014,4038,5,11,2026-05-19 00:00:22,2026-05-23 23:59:59,6667,807.6
24547,4035,4,5,2026-05-19 00:00:22,2026-05-22 20:25:20,22639,1008.75
24135,4033,4,5,2026-05-19 12:16:43,2026-05-23 01:34:44,6705,1008.25
21555,4019,3,14,2026-05-21 12:48:10,2026-05-23 23:59:59,6799,1339.67
24148,3978,4,11,2026-05-19 00:00:22,2026-05-22 02:30:35,29038,994.5
9621,3975,4,12,2026-05-19 00:00:22,2026-05-22 01:55:16,6682,993.75
18023,3962,4,2,2026-05-19 13:38:17,2026-05-23 23:59:59,37810,990.5
16121,3956,4,10,2026-05-19 00:00:22,2026-05-23 09:13:07,23384,989.0
18456,3953,5,7,2026-05-19 13:42:24,2026-05-23 01:50:37,6741,790.6
2561,3948,4,3,2026-05-20 23:41:24,2026-05-23 23:59:59,6625,987.0
9551,3944,5,6,2026-05-19 11:41:00,2026-05-23 22:07:25,6748,788.8
9666,3939,5,7,2026-05-19 11:47:36,2026-05-23 23:42:36,6705,787.8
25134,3931,4,7,2026-05-19 12:52:42,2026-05-22 23:43:18,6728,982.75
21518,3927,4,20,2026-05-19 23:29:26,2026-05-22 22:50:27,16719,981.75
9732,3925,5,13,2026-05-19 14:24:57,2026-05-23 23:59:59,39305,785.0
9797,3917,4,13,2026-05-19 12:17:44,2026-05-22 01:18:49,6651,979.25
7489,3915,4,10,2026-05-19 00:00:22,2026-05-23 02:14:44,6705,978.75
9683,3902,5,17,2026-05-19 00:00:22,2026-05-23 02:35:41,6712,780.4
25102,3901,4,7,2026-05-20 11:20:54,2026-05-23 23:59:59,6705,975.25
18386,3901,4,11,2026-05-19 00:00:22,2026-05-23 23:59:59,6704,975.25
21558,3893,4,16,2026-05-19 11:21:40,2026-05-23 23:59:59,30043,973.25
18055,3889,3,2,2026-05-19 13:08:04,2026-05-21 22:30:54,37810,1296.33
12021,3889,5,1,2026-05-19 00:00:22,2026-05-23 23:59:59,6636,777.8
24545,3887,5,6,2026-05-19 00:00:22,2026-05-23 06:57:38,22639,777.4
9436,3885,4,6,2026-05-20 12:07:16,2026-05-23 23:59:59,6628,971.25
14018,3881,3,9,2026-05-19 11:50:40,2026-05-21 19:33:01,22638,1293.67
25608,3879,4,4,2026-05-19 00:00:22,2026-05-22 04:30:23,6821,969.75
16140,3874,5,3,2026-05-19 00:00:22,2026-05-23 23:59:59,6687,774.8
18200,3873,4,7,2026-05-19 00:00:22,2026-05-22 01:08:02,6663,968.25
7490,3872,5,4,2026-05-19 11:57:17,2026-05-23 09:25:50,6703,774.4
2127,3867,5,5,2026-05-19 00:00:22,2026-05-23 23:59:59,6622,773.4
16208,3863,5,1,2026-05-19 00:00:22,2026-05-23 03:27:17,6636,772.6
18357,3857,4,2,2026-05-19 12:02:54,2026-05-22 04:09:24,6626,964.25
9565,3852,5,4,2026-05-19 12:09:32,2026-05-23 03:39:33,6748,770.4
24146,3848,3,8,2026-05-21 11:37:39,2026-05-23 23:59:59,6737,1282.67
18452,3847,5,7,2026-05-19 12:04:26,2026-05-23 01:38:50,6741,769.4
23208,3834,4,4,2026-05-20 21:00:40,2026-05-23 23:31:20,6642,958.5
8144,3831,3,3,2026-05-21 13:14:17,2026-05-23 23:59:59,6641,1277.0
9446,3807,4,7,2026-05-19 12:45:25,2026-05-22 09:44:34,6645,951.75
25623,3803,5,4,2026-05-19 21:54:32,2026-05-23 03:09:24,6829,760.6
24150,3796,3,9,2026-05-19 21:53:31,2026-05-21 23:52:34,12940,1265.33
14036,3794,5,5,2026-05-19 12:15:11,2026-05-23 04:47:31,6667,758.8
9728,3791,5,11,2026-05-19 13:37:47,2026-05-23 01:39:52,6630,758.2
21425,3788,5,5,2026-05-19 00:00:22,2026-05-23 23:59:59,6741,757.6
9647,3782,5,13,2026-05-19 14:08:33,2026-05-23 23:59:59,6682,756.4
2285,3781,5,4,2026-05-19 13:05:00,2026-05-23 23:59:59,16718,756.2
2287,3779,4,3,2026-05-19 00:00:22,2026-05-23 08:12:02,6617,944.75
24140,3766,3,10,2026-05-20 11:59:37,2026-05-22 08:00:16,6712,1255.33
21402,3763,5,4,2026-05-19 12:49:07,2026-05-23 06:31:08,6698,752.6
2123,3763,5,4,2026-05-19 20:07:58,2026-05-23 01:09:36,16718,752.6
18136,3759,4,4,2026-05-19 13:07:33,2026-05-23 09:38:33,23384,939.75
18464,3752,5,5,2026-05-19 14:09:03,2026-05-23 01:57:47,6741,750.4
22003,3751,4,3,2026-05-19 00:00:22,2026-05-22 01:56:17,6641,937.75
9714,3750,5,11,2026-05-19 14:36:16,2026-05-23 23:59:59,6682,750.0
2163,3743,4,4,2026-05-19 00:00:22,2026-05-23 23:59:59,16718,935.75
16117,3741,5,7,2026-05-19 13:42:54,2026-05-23 02:37:13,6741,748.2
24548,3736,3,6,2026-05-19 00:00:22,2026-05-21 06:55:32,22639,1245.33
23015,3728,3,2,2026-05-19 12:49:07,2026-05-21 11:53:27,6641,1242.67
9552,3724,5,9,2026-05-19 00:00:22,2026-05-23 23:59:59,6726,744.8
18335,3716,4,5,2026-05-19 00:00:22,2026-05-22 01:31:39,45596,929.0
16139,3700,5,4,2026-05-19 00:00:22,2026-05-23 05:07:27,6687,740.0
9722,3690,4,12,2026-05-19 00:00:22,2026-05-22 01:59:21,6672,922.5
80909,3687,5,3,2026-05-19 22:11:30,2026-05-23 04:09:42,6687,737.4
18465,3684,5,7,2026-05-19 12:36:38,2026-05-23 04:42:56,6741,736.8
19141,3676,4,5,2026-05-20 13:49:09,2026-05-23 04:16:52,6705,919.0
9626,3670,5,7,2026-05-19 00:00:22,2026-05-23 01:53:10,6682,734.0
21407,3665,4,3,2026-05-19 00:00:22,2026-05-23 23:59:59,6715,916.25
9432,3659,5,7,2026-05-19 12:59:51,2026-05-23 03:01:13,6645,731.8
14011,3654,4,7,2026-05-19 11:42:31,2026-05-23 23:59:59,22638,913.5
9549,3651,5,7,2026-05-19 00:00:22,2026-05-23 23:59:59,6724,730.2
9745,3650,5,14,2026-05-19 00:00:22,2026-05-23 02:55:36,6680,730.0
2245,3637,4,4,2026-05-19 00:00:22,2026-05-23 23:59:59,6617,909.25
9615,3635,5,11,2026-05-19 14:39:21,2026-05-23 23:59:59,6651,727.0
9444,3632,4,6,2026-05-20 14:01:28,2026-05-23 01:40:22,6730,908.0
9509,3623,5,7,2026-05-19 13:01:55,2026-05-23 03:53:21,6728,724.6
9705,3613,4,10,2026-05-20 12:27:43,2026-05-23 02:31:36,23384,903.25
2115,3600,3,2,2026-05-21 11:47:20,2026-05-23 23:59:59,16718,1200.0
9798,3590,2,10,2026-05-22 12:35:32,2026-05-23 23:59:59,6676,1795.0
19018,3590,5,3,2026-05-19 13:00:22,2026-05-23 06:32:40,37807,718.0
23207,3589,5,1,2026-05-19 12:08:00,2026-05-23 23:59:59,6642,717.8
21021,3579,5,3,2026-05-19 20:43:50,2026-05-23 00:48:04,6638,715.8
25108,3565,4,6,2026-05-20 22:45:17,2026-05-23 01:54:42,6645,891.25
9710,3542,4,15,2026-05-20 13:37:54,2026-05-23 01:34:44,6630,885.5
24631,3540,3,3,2026-05-19 12:50:08,2026-05-21 15:51:26,31819,1180.0
9721,3539,5,8,2026-05-19 00:00:22,2026-05-23 05:35:02,39307,707.8
9761,3535,5,13,2026-05-19 00:00:22,2026-05-23 06:16:52,6651,707.0
9546,3534,3,4,2026-05-19 12:13:37,2026-05-21 15:22:11,6748,1178.0
2179,3532,3,4,2026-05-19 11:52:12,2026-05-21 06:25:27,6622,1177.33
21508,3529,4,9,2026-05-19 00:00:22,2026-05-23 09:32:58,30045,882.25
25106,3523,5,8,2026-05-19 21:27:23,2026-05-23 05:03:52,6728,704.6
24539,3510,3,14,2026-05-19 00:00:22,2026-05-23 23:59:59,30046,1170.0
16039,3505,5,10,2026-05-19 21:46:20,2026-05-23 01:31:09,6661,701.0
2133,3502,4,5,2026-05-19 00:00:22,2026-05-22 05:25:10,6622,875.5
21404,3502,5,7,2026-05-19 00:00:22,2026-05-23 03:51:49,6741,700.4
23205,3490,5,2,2026-05-19 11:18:07,2026-05-23 14:46:10,6642,698.0
22002,3488,5,2,2026-05-19 12:43:53,2026-05-23 23:59:59,6641,697.6
24524,3486,3,16,2026-05-21 23:36:08,2026-05-23 23:59:59,6800,1162.0
18467,3481,5,6,2026-05-19 13:50:04,2026-05-23 01:04:59,6741,696.2
19427,3479,5,6,2026-05-19 00:00:22,2026-05-23 23:59:59,20667,695.8
18193,3479,4,5,2026-05-19 00:00:22,2026-05-23 05:16:10,6667,869.75
23213,3471,4,5,2026-05-19 14:11:06,2026-05-22 16:31:17,6642,867.75
18028,3465,3,2,2026-05-21 20:52:57,2026-05-23 23:59:59,46604,1155.0
9619,3465,5,10,2026-05-19 00:00:22,2026-05-23 04:52:38,39305,693.0
21561,3457,5,19,2026-05-19 11:23:42,2026-05-23 23:59:59,30045,691.4
16601,3453,4,3,2026-05-19 14:09:03,2026-05-23 23:59:59,6687,863.25
9284,3450,5,6,2026-05-19 12:40:22,2026-05-23 03:25:15,6741,690.0
16226,3450,4,3,2026-05-20 14:00:27,2026-05-23 03:35:28,6641,862.5
12008,3442,3,1,2026-05-19 13:52:39,2026-05-21 23:53:05,6636,1147.33
9457,3442,3,3,2026-05-19 12:32:02,2026-05-23 23:59:59,6649,1147.33
9584,3440,4,5,2026-05-19 00:00:22,2026-05-23 06:07:11,40855,860.0
9762,3440,3,9,2026-05-19 00:00:22,2026-05-23 23:59:59,6672,1146.67
9489,3440,4,11,2026-05-19 11:45:35,2026-05-22 16:55:53,6652,860.0
19416,3439,5,2,2026-05-19 00:00:22,2026-05-23 02:25:28,6713,687.8
2178,3432,4,5,2026-05-19 00:00:22,2026-05-22 04:06:20,6622,858.0
9465,3426,4,1,2026-05-19 14:17:15,2026-05-23 23:59:59,6619,856.5
18015,3411,3,2,2026-05-19 00:00:22,2026-05-21 03:19:59,37808,1137.0
9418,3410,4,6,2026-05-19 13:24:59,2026-05-22 01:36:47,6730,852.5
9707,3402,5,11,2026-05-19 13:30:37,2026-05-23 04:07:09,6682,680.4
19006,3361,5,3,2026-05-19 13:58:17,2026-05-23 23:59:59,37807,672.2
16026,3344,4,13,2026-05-19 00:00:22,2026-05-22 01:03:56,6646,836.0
9648,3339,5,12,2026-05-19 14:13:40,2026-05-23 23:59:59,6682,667.8
9639,3298,5,14,2026-05-19 13:45:59,2026-05-23 02:59:41,6672,659.6
12018,3297,4,1,2026-05-19 13:44:27,2026-05-22 18:08:13,6636,824.25
80703,3295,3,3,2026-05-19 00:00:22,2026-05-21 02:07:45,6687,1098.33
9765,3291,5,9,2026-05-19 11:56:46,2026-05-23 09:09:33,6630,658.2
24542,3285,3,5,2026-05-21 13:04:33,2026-05-23 23:59:59,22639,1095.0
18362,3256,3,9,2026-05-19 12:00:51,2026-05-21 16:15:34,6712,1085.33
9653,3242,5,13,2026-05-19 12:46:03,2026-05-23 23:59:59,6680,648.4
24630,3241,3,4,2026-05-21 12:38:58,2026-05-23 03:05:50,31817,1080.33
16042,3224,4,11,2026-05-19 12:35:06,2026-05-22 00:31:35,6662,806.0
9414,3218,3,5,2026-05-19 00:00:22,2026-05-21 16:34:04,6728,1072.67
9623,3199,4,12,2026-05-19 00:00:22,2026-05-23 23:59:59,6679,799.75
18453,3195,5,7,2026-05-19 13:18:20,2026-05-23 02:22:54,6741,639.0
19418,3156,4,4,2026-05-19 12:17:44,2026-05-22 01:56:17,6713,789.0
2192,3152,3,2,2026-05-19 12:23:52,2026-05-23 23:49:45,16718,1050.67
19412,3135,4,2,2026-05-19 12:24:53,2026-05-23 03:40:35,6715,783.75
18323,3128,4,10,2026-05-19 00:00:22,2026-05-23 23:59:59,6822,782.0
25619,3089,4,2,2026-05-19 11:47:36,2026-05-23 03:29:20,6821,772.25
19012,3088,3,4,2026-05-19 00:00:22,2026-05-21 09:38:31,38311,1029.33
18463,3087,5,6,2026-05-19 12:27:27,2026-05-23 01:57:47,6741,617.4
2519,3065,4,2,2026-05-19 12:03:56,2026-05-23 02:44:53,6613,766.25
9791,3045,4,8,2026-05-20 12:17:31,2026-05-23 01:56:45,6712,761.25
16005,3029,5,6,2026-05-19 12:23:52,2026-05-23 01:05:30,6749,605.8
19422,2988,4,2,2026-05-19 22:06:53,2026-05-22 15:29:46,20667,747.0
9657,2982,5,12,2026-05-19 22:43:48,2026-05-23 23:59:59,6680,596.4
9651,2956,4,11,2026-05-19 00:00:22,2026-05-22 03:40:44,39305,739.0
12016,2940,5,1,2026-05-19 13:48:32,2026-05-23 01:06:01,6636,588.0
7476,2934,4,9,2026-05-19 12:11:34,2026-05-23 02:17:17,12940,733.5
9283,2911,5,7,2026-05-19 13:31:08,2026-05-23 02:30:35,6741,582.2
19019,2903,3,2,2026-05-19 13:06:32,2026-05-21 08:44:06,38311,967.67
18157,2884,2,4,2026-05-19 00:00:22,2026-05-20 11:34:08,6706,1442.0
14034,2881,3,3,2026-05-19 00:00:22,2026-05-21 01:22:38,6646,960.33
16201,2875,4,5,2026-05-19 00:00:22,2026-05-23 23:59:59,6641,718.75
18468,2872,5,8,2026-05-19 13:11:39,2026-05-23 01:23:27,6741,574.4
18472,2863,5,7,2026-05-19 12:24:53,2026-05-23 03:02:15,6741,572.6
9448,2838,4,2,2026-05-20 14:22:36,2026-05-23 07:55:44,6619,709.5
9406,2823,2,2,2026-05-22 13:29:44,2026-05-23 23:59:59,6619,1411.5
18051,2821,3,2,2026-05-19 00:00:22,2026-05-23 23:59:59,37810,940.33
9682,2808,3,6,2026-05-19 12:24:22,2026-05-23 23:59:59,34542,936.0
9748,2798,4,9,2026-05-19 20:07:27,2026-05-22 02:51:02,6651,699.5
18473,2791,5,6,2026-05-19 13:59:19,2026-05-23 00:53:11,6741,558.2
2269,2775,3,3,2026-05-19 00:00:22,2026-05-21 03:38:54,6633,925.0
23014,2774,2,4,2026-05-19 00:00:22,2026-05-20 13:06:07,6641,1387.0
16131,2747,5,3,2026-05-19 13:49:34,2026-05-23 01:43:27,6687,549.4
19132,2738,3,4,2026-05-19 22:59:10,2026-05-21 09:24:47,6703,912.67
9799,2733,3,10,2026-05-19 20:21:17,2026-05-21 09:25:48,6682,911.0
18400,2703,2,3,2026-05-22 14:15:20,2026-05-23 23:59:59,11201,1351.5
25513,2701,3,7,2026-05-19 11:34:54,2026-05-21 03:07:43,11696,900.33
18203,2698,5,8,2026-05-19 13:28:03,2026-05-23 16:22:17,7224,539.6
24149,2690,4,9,2026-05-19 00:00:22,2026-05-22 16:59:59,6705,672.5
18471,2676,5,7,2026-05-19 12:58:19,2026-05-23 00:55:14,6741,535.2
18307,2665,3,3,2026-05-19 00:00:22,2026-05-23 23:59:59,6624,888.33
24605,2662,3,5,2026-05-19 00:00:22,2026-05-22 15:50:19,31818,887.33
18454,2658,5,5,2026-05-19 11:53:13,2026-05-23 01:15:14,6741,531.6
18011,2642,3,3,2026-05-19 00:00:22,2026-05-21 01:52:53,37808,880.67
9644,2640,3,13,2026-05-21 22:01:39,2026-05-23 23:59:59,6677,880.0
16125,2636,3,5,2026-05-19 22:35:04,2026-05-21 15:45:48,6712,878.67
81213,2616,5,3,2026-05-19 13:47:00,2026-05-23 01:16:16,6687,523.2
9789,2616,5,10,2026-05-19 11:32:52,2026-05-23 23:59:59,6703,523.2
9544,2592,3,7,2026-05-19 00:00:22,2026-05-21 15:08:16,34542,864.0
18470,2575,5,7,2026-05-19 13:16:15,2026-05-23 01:51:38,6716,515.0
8146,2572,5,3,2026-05-19 12:17:13,2026-05-23 23:59:59,6641,514.4
21401,2568,5,4,2026-05-19 00:00:22,2026-05-23 00:34:08,20667,513.6
14042,2560,4,5,2026-05-19 00:00:22,2026-05-22 01:45:30,6667,640.0
9720,2514,3,8,2026-05-19 20:59:42,2026-05-23 23:54:52,6630,838.0
18458,2510,3,6,2026-05-19 12:47:04,2026-05-21 19:52:29,6741,836.67
21536,2508,4,12,2026-05-19 00:00:22,2026-05-22 02:40:49,30041,627.0
2124,2493,3,2,2026-05-19 00:00:22,2026-05-21 01:49:48,16718,831.0
25149,2486,2,4,2026-05-19 00:00:22,2026-05-20 18:33:58,6728,1243.0
18460,2476,5,5,2026-05-19 13:42:54,2026-05-23 01:15:45,6741,495.2
23211,2475,4,3,2026-05-19 12:09:32,2026-05-23 08:30:22,6642,618.75
9281,2445,5,6,2026-05-19 13:06:01,2026-05-23 02:31:36,6741,489.0
16044,2438,3,10,2026-05-21 21:45:44,2026-05-23 03:23:12,6660,812.67
24131,2438,5,12,2026-05-19 13:06:32,2026-05-23 03:48:45,11692,487.6
9404,2407,2,4,2026-05-19 00:00:22,2026-05-20 17:34:06,11201,1203.5
19423,2387,3,4,2026-05-21 12:55:20,2026-05-23 23:59:59,6715,795.67
2573,2338,2,2,2026-05-19 00:00:22,2026-05-23 23:59:59,6625,1169.0
21515,2335,3,12,2026-05-21 14:06:08,2026-05-23 01:01:55,6804,778.33
2146,2302,3,4,2026-05-19 00:00:22,2026-05-21 04:26:32,6617,767.33
18202,2301,4,10,2026-05-19 00:00:22,2026-05-23 02:56:07,6749,575.25
9677,2280,4,8,2026-05-20 11:55:02,2026-05-23 01:35:15,34542,570.0
24611,2216,2,1,2026-05-22 12:05:27,2026-05-23 07:09:52,6821,1108.0
2242,2191,2,2,2026-05-22 00:14:07,2026-05-23 23:59:59,6614,1095.5
9277,2187,5,7,2026-05-19 23:08:24,2026-05-23 03:06:51,6741,437.4
24619,2141,3,2,2026-05-19 12:20:48,2026-05-21 02:42:06,6819,713.67
19034,2119,4,3,2026-05-19 13:45:28,2026-05-23 02:30:35,37807,529.75
9773,2022,3,4,2026-05-21 13:28:09,2026-05-23 01:30:38,39307,674.0
9515,2017,4,6,2026-05-19 11:15:04,2026-05-23 13:27:36,6724,504.25
14044,1971,2,4,2026-05-22 22:26:49,2026-05-23 23:59:59,6749,985.5
7492,1971,2,2,2026-05-21 13:44:33,2026-05-22 15:34:54,6738,985.5
12001,1956,2,1,2026-05-19 00:00:22,2026-05-20 04:12:26,6636,978.0
14009,1945,2,5,2026-05-22 10:33:23,2026-05-23 03:25:45,6664,972.5
7466,1935,3,4,2026-05-21 22:53:32,2026-05-23 01:57:47,6714,645.0
14002,1919,2,5,2026-05-19 00:00:22,2026-05-20 01:31:35,6643,959.5
2235,1918,2,2,2026-05-21 10:23:47,2026-05-22 14:40:30,16718,959.0
18058,1908,2,2,2026-05-22 14:45:38,2026-05-23 23:59:59,37808,954.0
14006,1907,2,1,2026-05-19 11:37:57,2026-05-20 05:50:03,6749,953.5
18313,1891,3,4,2026-05-19 12:03:56,2026-05-23 23:59:59,30055,630.33
8143,1889,3,2,2026-05-19 00:00:22,2026-05-23 10:03:28,6627,629.67
9279,1871,5,7,2026-05-19 13:38:48,2026-05-23 01:28:35,6741,374.2
19032,1868,2,1,2026-05-22 21:52:27,2026-05-23 23:59:59,37807,934.0
2190,1857,3,3,2026-05-19 00:00:22,2026-05-21 15:50:25,6622,619.0
80903,1829,5,3,2026-05-19 14:13:09,2026-05-23 02:51:32,6687,365.8
18309,1804,2,2,2026-05-22 22:13:59,2026-05-23 23:59:59,6626,902.0
9285,1790,5,5,2026-05-19 13:20:23,2026-05-23 01:21:55,6741,358.0
21022,1785,2,1,2026-05-19 00:00:22,2026-05-23 23:59:59,6627,892.5
24546,1766,2,4,2026-05-22 20:22:47,2026-05-23 23:59:59,6780,883.0
9730,1751,2,6,2026-05-19 00:00:22,2026-05-22 16:40:00,6677,875.5
9464,1731,3,8,2026-05-21 12:07:13,2026-05-23 02:28:01,6652,577.0
2157,1727,2,4,2026-05-19 13:06:32,2026-05-20 16:11:32,6623,863.5
19140,1724,2,8,2026-05-19 00:00:22,2026-05-20 04:34:57,23384,862.0
19023,1678,2,2,2026-05-22 21:25:46,2026-05-23 23:59:59,38311,839.0
18104,1654,2,4,2026-05-19 12:23:52,2026-05-20 04:43:08,7321,827.0
9664,1640,3,10,2026-05-19 00:00:22,2026-05-21 15:50:56,6651,546.67
9449,1626,2,2,2026-05-22 22:20:40,2026-05-23 23:59:59,6626,813.0
18396,1582,2,1,2026-05-19 11:55:15,2026-05-20 15:39:43,6619,791.0
21002,1554,3,2,2026-05-19 13:37:16,2026-05-23 23:59:59,6627,518.0
16202,1528,2,1,2026-05-19 11:57:47,2026-05-20 02:52:31,6693,764.0
18314,1431,2,2,2026-05-19 11:58:18,2026-05-20 01:54:37,6621,715.5
18469,1420,3,4,2026-05-21 13:48:10,2026-05-23 05:33:30,6741,473.33
21560,1404,1,4,2026-05-23 11:44:14,2026-05-23 23:59:59,16719,1404.0
9424,1394,2,2,2026-05-22 12:42:10,2026-05-23 00:41:22,6748,697.0
9530,1351,1,2,2026-05-23 12:25:56,2026-05-23 23:59:59,6637,1351.0
2158,1334,1,1,2026-05-23 12:38:09,2026-05-23 23:59:59,16718,1334.0
19027,1324,4,3,2026-05-19 13:21:24,2026-05-22 16:30:46,37807,331.0
2551,1293,1,1,2026-05-23 12:59:02,2026-05-23 23:59:59,6613,1293.0
21556,1291,3,9,2026-05-20 23:53:43,2026-05-22 02:58:45,6799,430.33
8140,1261,1,1,2026-05-23 13:00:03,2026-05-23 23:59:59,6612,1261.0
8139,1247,3,2,2026-05-19 13:56:45,2026-05-21 01:12:52,6627,415.67
9709,1145,2,5,2026-05-19 13:22:26,2026-05-20 16:33:37,6635,572.5
2109,1036,1,1,2026-05-19 00:00:22,2026-05-19 08:49:27,16718,1036.0
2271,976,1,1,2026-05-22 14:34:52,2026-05-22 23:23:16,6617,976.0
81207,974,1,2,2026-05-23 15:24:59,2026-05-23 23:59:59,6687,974.0
18306,965,2,2,2026-05-22 14:13:48,2026-05-23 23:59:59,6624,482.5
2167,962,1,1,2026-05-19 00:00:22,2026-05-19 08:19:24,6622,962.0
9440,900,1,2,2026-05-23 15:55:07,2026-05-23 23:59:59,6621,900.0
9713,881,2,1,2026-05-19 20:52:01,2026-05-20 04:55:25,6682,440.5
18380,842,1,2,2026-05-19 11:48:37,2026-05-19 20:47:25,6738,842.0
81206,689,2,2,2026-05-19 13:50:35,2026-05-20 02:13:03,6687,344.5
9410,650,1,1,2026-05-19 11:30:19,2026-05-19 17:03:32,6748,650.0
9739,624,2,4,2026-05-19 12:27:27,2026-05-20 15:24:20,6673,312.0
2544,465,1,1,2026-05-19 12:56:47,2026-05-19 16:54:50,6625,465.0
18048,426,1,1,2026-05-19 13:35:44,2026-05-19 17:15:20,37810,426.0
19025,254,1,1,2026-05-23 21:46:28,2026-05-23 23:59:59,6641,254.0
21007,159,1,1,2026-05-19 00:00:22,2026-05-19 01:21:18,6627,159.0
18377,132,1,1,2026-05-19 12:50:39,2026-05-19 13:57:47,6707,132.0
9282,116,1,2,2026-05-19 11:45:04,2026-05-19 12:57:18,6741,116.0
9641,70,1,1,2026-05-19 00:00:22,2026-05-19 00:35:47,6682,70.0
8141,19,1,1,2026-05-21 14:46:11,2026-05-21 14:55:26,6635,19.0
