route_id,stop_id
30047,9179
30047,9312
30047,11969
30047,9314
30047,10171
30047,9316
30047,9317
30047,9318
30047,12270
30047,12271
30047,12272
30047,12273
30047,3206
30047,3207
30047,3214
30047,3215
30047,3216
30047,10860
30047,12332
30047,3181
30047,3182
30047,11198
30047,3184
30047,12240
30047,12266
30047,12267
30047,10705
30047,3935
30047,3936
30047,3937
30047,3938
30047,3939
30047,3940
30047,11967
30047,3942
30047,3943
30047,3944
38311,4461
38311,4463
38311,12685
38311,4456
38311,11929
38311,4459
38311,4212
38311,3994
38311,11598
38311,12902
6668,3927
6668,3486
6668,3487
6668,12591
6668,12593
6668,3490
6668,8602
6668,3492
6668,3493
6668,3756
6668,3708
6668,3608
6668,3609
6668,8573
30048,3394
30048,12275
30048,12276
30048,3954
30048,3955
30048,3956
30048,3957
30048,3949
30048,3958
30048,3959
30048,3960
30048,3961
30048,3962
30048,3963
30048,9179
6622,1018
6622,1019
6622,1020
6622,1021
6622,1022
6622,1023
6622,1024
6622,1025
6622,1026
6622,1027
6622,1028
6622,1029
6622,13138
6622,1032
6622,1033
6622,1035
6622,1036
6622,1037
6622,1038
6622,1039
6622,1041
6622,1042
6622,12703
6622,12704
6622,12706
6622,11403
6622,218
6622,4879
6622,1013
6622,9366
6622,12535
6622,11535
6622,938
6622,939
6622,12489
6622,2936
6622,942
6622,12860
6622,944
6622,945
6622,946
6622,947
6622,948
6622,949
6622,950
6622,951
6622,952
6622,954
6622,955
6622,956
6622,957
6622,958
6622,1046
6622,1047
6622,1048
6622,1049
6622,1050
6622,1051
6622,1052
6622,1053
6622,1054
6622,8907
6622,1057
6622,1058
6622,1059
6622,1060
6622,1061
6622,1062
6622,1063
6622,1064
6622,1065
53125,9359
53125,13136
53125,1065
6680,10867
6680,4424
6680,4425
6680,4426
6680,11727
6680,4427
6680,4429
6680,4430
6680,11367
6680,4432
6680,4433
6680,4434
6680,4435
6680,4436
6680,4437
6680,4438
6680,4440
6680,4441
6680,4599
6680,4352
6680,4414
6680,4415
6680,4416
6680,4417
6680,4418
6680,4419
6680,4420
6680,12122
6680,4422
6680,4423
6680,4337
6680,4338
6680,4339
6680,4340
6680,4341
6680,4347
6680,4348
6680,4349
6680,4350
6680,4446
6680,4447
6680,4448
6680,4439
6680,4449
6680,4450
6680,4451
6680,4452
6680,4453
6680,11708
6680,4456
6680,9944
6680,11929
6680,11726
6680,12025
6680,4458
6680,10866
6619,318
6619,320
6619,10651
6619,10652
6619,10655
6619,322
6619,323
6619,10980
6619,325
6619,326
6619,328
6619,329
6619,331
6619,332
6619,12789
6619,880
6619,12764
6619,12101
6619,2120
6619,779
6619,780
6619,781
6619,10620
6619,890
6619,891
6619,892
6619,893
6619,11588
6619,895
6619,896
6619,898
6619,899
6619,900
6619,901
6619,902
6619,904
6619,905
6619,906
6619,907
6619,908
6692,4461
6692,4463
6692,4464
6692,4465
6692,4466
6692,4467
6692,4468
6692,4456
6692,9944
6692,11929
6692,4442
6692,4443
6692,12686
6692,4187
6692,4189
6692,4190
6692,4191
6692,4507
6692,4508
6692,4509
6692,4510
6692,4061
6692,4062
6692,4063
6692,11263
6692,4371
6692,4372
6692,4373
6692,4374
6692,4375
6692,4052
6692,4472
6692,1766
6692,11200
6692,11199
6692,1769
6692,8613
6692,1770
6692,4004
6692,4384
6692,4385
6692,4386
6692,4387
6692,4388
6692,12349
6692,10827
6692,4220
6692,4221
6692,12697
6692,4830
6692,4511
6692,4512
6692,4513
6692,4301
6692,4200
6692,4201
6692,4203
6692,12687
6692,4326
6692,4327
6692,4328
6692,11727
6692,4427
6692,4429
6692,4430
6692,11367
6692,4478
6692,11678
6692,4485
6692,11723
6692,4487
6692,4488
6692,12683
6692,4659
6692,4491
6692,4661
6692,4662
6692,4663
6692,4832
6692,4664
6692,4665
6692,4666
6692,4667
6692,4668
6692,4669
6692,4670
6692,4672
6692,4673
6692,4644
37809,3204
37809,3054
37809,3825
37809,7646
37809,12635
37809,12636
37809,12637
37809,10885
6626,1329
6626,1337
6626,1338
6626,1339
6626,1340
6626,1341
6626,1342
6626,1343
6626,1344
6626,1345
6626,1346
6626,1347
6626,1348
6626,1349
6626,1350
6626,1351
6626,1352
6626,1353
6626,1354
6626,1355
6626,1356
6626,1357
6626,1358
6626,1360
6626,1361
6626,1362
6626,1363
6626,1368
6626,1369
6626,1370
6626,1371
6626,1372
6626,1373
6626,1374
6626,1375
6626,1377
6626,1378
6626,11529
6626,91
6626,93
6626,11638
6626,95
6626,13126
6626,12375
6626,1857
6796,1443
6796,11911
6796,11909
6796,3540
6796,2505
6796,9183
6796,3541
6796,2344
6796,2345
6796,2346
6796,3659
6796,3660
6796,2513
6796,2514
6796,2515
6796,2516
6796,9440
6796,13097
6796,9199
6796,12087
6796,9197
6796,2354
6796,2355
6796,11714
30051,3918
30051,3919
30051,10615
30051,10616
30051,3922
30051,3923
30051,12300
30051,12301
30051,3803
30051,3804
30051,9550
30051,3066
30051,3904
6626,696
6673,4094
6673,10130
6673,4096
6673,9037
6673,4097
6673,4098
6673,4099
6673,4100
6673,4101
6673,4102
6673,4103
6673,4104
6673,4105
6673,4106
6673,4107
6673,4108
6673,4109
6673,4110
6673,4111
6673,4112
6673,4113
6673,4114
6673,4115
6673,4116
6673,4118
6673,1771
6673,1772
6673,1773
6673,12951
6673,453
6673,497
6673,512
6673,518
6673,10976
6673,696
6673,91
6673,93
6673,11638
6673,95
6673,96
6673,11553
6673,409
6637,11260
6637,8297
6637,2075
6637,2076
6637,2077
6637,2078
6637,2079
6637,405
6637,407
6637,11426
6637,11429
6637,11532
6637,11523
6637,11525
6637,11616
6637,11527
6637,35
6637,36
6637,414
6637,11636
6637,8289
6673,12956
6673,410
6673,76
6673,77
6673,78
6673,36
6673,12720
6673,429
6673,431
6673,437
6673,442
6673,450
6673,1763
6673,4003
6673,4070
6673,4071
6673,4072
6673,4073
6673,4076
6673,4077
6673,4078
6673,4079
6673,4080
6673,4081
6673,4082
6673,4083
6673,4084
6673,4085
6673,4086
6673,4087
6673,4088
6673,4089
6673,4090
6673,4091
6673,4092
6673,4093
6637,1013
6637,9366
6637,12535
6637,11535
37810,1801
37810,1187
37810,1190
37810,1076
37810,709
37810,713
37810,718
37810,11632
37810,11354
37810,195
37810,287
37810,12632
37810,297
37810,1907
37810,10960
37810,12653
37810,12600
37810,12361
37810,12652
37810,1896
37810,12625
37810,381
37810,13151
37810,199
37810,811
37810,12586
37810,255
37810,12134
37810,655
37810,1130
37810,1133
37810,1137
37810,1648
37810,1736
30055,12602
30055,181
30055,182
30055,184
30055,11529
30055,696
30055,91
30055,93
30055,12581
30055,11119
30055,12329
30055,11337
6705,6197
6705,6198
6705,6199
6705,6200
6705,6201
6705,6354
6705,6355
6705,6356
6705,6174
6705,5437
6705,5438
6705,5439
6705,5440
6705,5441
6705,5442
6705,5444
6705,9083
6705,5446
6705,10445
6705,5447
6705,5448
6705,10437
6705,5449
6705,11313
6705,10808
6705,5452
6705,11913
6705,5454
6705,5455
6705,5456
6705,12651
6705,5458
6705,5459
6705,5460
6705,5461
6705,5462
6705,5463
6705,5700
6705,5465
6705,5466
6705,5467
6705,5468
6705,5469
6705,5470
6705,5471
6705,5472
6705,5473
6705,5474
6705,5475
6705,5476
6705,5477
6705,11725
6705,5040
6705,5041
6705,12155
6705,9089
6705,7213
6705,10880
6705,5428
6705,5429
6705,5430
6705,5431
6705,5432
6705,11825
6705,5434
6705,5435
6626,76
6626,77
6626,78
6626,80
6626,9063
6626,21
6626,1283
6626,1284
6626,1285
6626,1290
6626,1291
6626,1292
6626,1293
6626,1294
6626,1295
6626,1296
6626,1297
6626,1298
6626,1299
6626,1300
6626,1301
6626,1302
6626,1304
6626,10807
6626,1307
6626,1308
6626,1309
6626,1310
6626,1311
6626,1312
6626,1314
6626,1315
6626,1316
6626,1317
6626,1318
6626,1319
6626,1320
6626,1321
6626,1322
6626,1324
6626,1325
6626,1326
6626,1327
6626,1328
30043,11941
30043,3218
30043,3303
30043,3219
30043,3220
30043,3221
30043,3222
30043,3223
30043,3224
30043,3225
30043,3226
30043,3227
30043,3228
30043,3229
30043,3230
30043,3231
30043,3232
30043,3233
30043,3234
30043,3235
30043,3236
30043,3237
30043,3238
30043,13075
30043,3240
30043,3241
30043,3242
30043,3244
30043,3245
30043,11307
30043,3248
30043,8691
7322,8396
7322,1391
7322,11614
7322,1393
7322,1858
7322,9061
7322,2976
7322,2977
7322,2978
7322,2979
7322,2980
7322,2981
7322,2982
7322,2983
7322,2984
7322,2985
37808,12624
37808,5183
37808,5420
37808,5422
37808,5424
37808,5426
37808,6467
37808,12916
37808,5039
37808,5498
37808,5503
37808,5505
37808,5509
33292,8697
33292,8701
33292,2782
33292,13068
33292,2784
33292,2785
33292,2786
33292,2787
33292,1409
33292,9125
33292,2741
33292,1411
33292,1412
33292,1413
33292,1414
33292,1415
33292,2788
33292,2789
33292,2790
33292,2791
33292,2792
33292,2793
33292,2794
33292,2795
33292,2796
33292,2797
33292,2798
33292,2429
33292,2430
33292,2431
33292,3023
6693,4608
6693,12531
6693,4654
6693,4461
6693,11673
6693,981
6693,9112
6693,985
6693,11534
33292,2433
33292,2434
33292,2478
33292,2800
33292,2802
33292,10600
33292,2804
33292,2805
33292,2806
33292,2807
33292,2808
33292,2809
33292,1457
33292,1458
33292,1459
33292,1460
33292,1461
33292,1462
33292,2812
33292,2813
33292,12893
33292,2815
33292,2816
33292,13051
33292,8737
33292,8683
30050,3394
30050,3196
30050,12028
30050,3975
30050,3976
30050,3977
30050,3978
30050,3979
30050,3980
30050,3981
30050,10145
30050,3982
30050,9414
30050,9279
30050,9280
30050,9243
30050,9244
30050,9248
30050,9247
30050,9246
30050,9245
39307,11196
39307,1767
39307,4473
39307,1769
39307,8613
39307,1770
39307,1771
39307,1772
39307,1773
39307,12952
39307,1763
39307,4003
39307,4472
39307,1766
39307,12837
39307,11200
6796,11716
6796,2338
6796,8978
6796,2451
6796,12841
6796,8988
6796,9186
6796,2496
6796,2498
6796,2499
6796,2500
6796,2501
6796,2502
6796,3628
6796,3629
6796,3631
6796,3632
6796,9192
6796,3619
6796,3620
6796,12167
6796,2507
6796,2508
6796,2323
6796,2325
6796,1442
38311,12950
38311,11597
38311,4194
38311,12682
38311,10865
38311,4427
38311,11367
38311,4485
38311,12683
38311,11866
38311,11868
6635,12360
6635,1945
6635,8546
6635,351
6635,354
6635,13106
6635,397
6635,12813
6635,11473
6635,75
6635,11881
6635,30
6635,31
6635,77
6635,10553
6633,1902
6633,1903
6633,1904
6633,12168
6633,378
6633,379
6633,12663
6633,132
6633,382
6633,383
6633,384
6633,385
6633,387
6633,388
6633,389
6633,390
6633,392
6633,200
6633,12672
6633,134
6633,12586
6633,10595
6633,139
6633,140
6633,12664
6633,648
6633,649
6633,650
6633,651
6633,652
6633,653
6633,655
6633,656
6633,657
6633,1079
6633,1131
6633,1132
6633,1133
6633,1134
6633,1135
6633,1136
6633,1137
6633,1138
6633,1139
6633,12665
6633,1650
6633,1736
6623,11251
6623,2239
6623,12116
6623,2241
6623,747
6623,749
6623,12911
6623,752
6623,753
6623,754
6623,755
6623,758
6623,759
6623,760
6623,761
6623,455
6623,457
6623,458
6623,459
6623,460
6623,461
6623,462
6623,463
6623,12708
6623,12709
6623,12711
6623,485
6623,11352
6623,11227
6623,12026
6623,628
6730,2016
6730,10330
6730,9989
6730,2028
6730,2032
6730,2035
6730,1320
6730,1324
6730,1327
6730,1330
6730,7027
6730,7036
6730,7039
6730,7040
6730,7042
6730,7043
6730,11268
6730,6531
6730,6532
6730,10402
6730,6682
6730,10040
6730,11707
6730,8650
6629,1709
6629,1710
6629,1711
6629,1712
6629,1713
6629,1714
6629,1715
6629,1716
6629,10815
6629,1719
6629,1720
6629,1721
6629,11095
6629,1724
6629,1725
6629,1726
6629,1727
6629,1728
6629,11092
6629,11093
6629,1731
6629,11184
6629,11180
6629,1735
6629,1736
6682,12736
6682,4055
6682,4056
6682,4057
6682,4058
6682,4059
6682,4060
6682,4830
6682,4511
6682,4512
6682,4513
6682,4514
6682,4515
6682,4516
6682,4517
6682,4518
6682,4519
6682,4520
6682,4427
6682,4429
6682,4430
6682,11367
6682,4478
6682,11678
6682,4485
6682,11723
6682,4487
6682,4488
6682,9543
6682,11645
6682,11676
6682,9487
6682,981
6682,12896
6682,982
6682,983
6682,9112
6682,985
6682,12596
6682,12832
6682,10882
6682,4494
6682,11706
6682,4496
6682,4497
6682,9056
6682,8643
6682,1487
6682,4463
6682,4464
6682,4465
6682,4466
6682,4467
6682,4468
6682,4456
6682,9944
6682,4500
6682,4501
6682,4502
6682,4503
6682,4504
6682,4505
6682,4506
6682,4191
6682,4507
6682,4508
6682,4509
6682,4510
6682,4224
6682,4225
6682,4011
6682,4012
6682,4013
6682,4014
6682,4015
6682,4016
6779,11410
6779,11548
6779,10228
6779,11235
6779,11236
6779,4837
6779,4838
6779,8627
6779,8638
6779,4707
6779,4708
6779,4709
6779,13101
6779,4609
6779,8629
6779,4611
6779,10328
6779,11547
6779,11233
6779,11546
6779,11549
37807,12681
37807,11438
37807,2737
37807,2738
37807,2739
37807,955
37807,959
37807,1387
37807,1391
37807,1393
37807,1860
37807,1863
37807,1865
37807,1870
37807,1873
37807,3129
6636,12405
6636,2524
6636,2718
6636,2719
6636,2720
6636,2020
6636,2021
6636,8642
6636,1641
6636,9085
6636,1642
6636,9989
6636,12186
6636,2028
6636,2029
6636,11610
6636,2032
6636,2033
6636,2034
6636,2035
6636,2036
6636,2037
6636,2038
6636,2039
6636,2040
6636,2041
6636,2042
6636,2044
6636,2045
6636,2046
6636,2047
6636,13140
6636,13088
6636,13141
6636,2052
6636,2053
6636,2054
6636,2055
6636,2056
6636,2057
6636,2059
6636,2060
6636,2061
6636,2062
6636,12744
6636,2064
6636,2065
6636,2067
6636,2068
6636,2070
6636,2071
6636,12626
6636,1908
6636,1909
6636,1911
6636,1912
6636,1895
6636,11760
6636,10755
6636,1613
6636,1614
6636,12600
6672,4030
6672,4032
6672,4033
6672,4034
6672,4035
6672,4036
6672,4037
6672,4038
6672,4039
6672,4040
6672,4042
6672,4043
6672,10879
6672,4045
6672,4046
6672,4047
6672,4048
6672,4049
6672,4050
6672,4052
6672,1771
6672,1772
6672,1773
6672,12951
6672,453
6672,497
6672,512
6672,518
6672,10976
6672,696
6672,91
6672,93
6672,11638
6672,95
6672,96
6672,11553
6672,409
30040,3885
30040,3886
30040,3887
30040,9396
30040,3889
30040,3890
30040,3891
30040,9395
30040,9394
30040,3905
30040,3840
30040,3841
30040,3842
30040,3861
30040,3862
30040,3863
30040,3864
30040,3865
30040,12724
30040,3867
30040,3868
30040,3869
30040,3056
30040,3057
30040,3058
30040,3059
30040,3816
30040,3061
30040,3479
30040,3062
30040,12830
30040,12059
30040,3483
30040,12021
30040,3395
30040,3068
30040,3069
30040,3904
30055,1
30055,12767
30055,12769
30055,12770
30055,12771
30055,13154
30055,12804
30055,10694
30055,10468
30055,12330
30055,12331
30055,10589
30055,9063
30055,21
30055,524
30055,232
6624,10895
6624,177
6624,178
6624,179
6624,181
6624,182
6624,184
6624,696
6624,91
6624,93
6624,11638
6624,95
6624,13126
6624,9307
6624,1484
6624,11643
6624,8643
6624,1487
6624,9105
6624,10944
6612,13039
6612,8535
6612,45
6612,46
6612,47
6612,98
6612,12494
6612,101
6612,103
6612,104
6612,105
6612,106
6612,107
6612,1379
6612,109
6612,110
6612,111
6612,112
6612,12958
6612,113
6612,119
6612,121
6612,122
6612,124
6612,126
6612,128
6612,130
6612,296
6612,12671
6612,13135
6612,300
6612,646
6665,12210
6665,3092
6665,3244
6665,12311
6665,12245
6665,12246
6665,3582
6665,10665
6665,3584
6665,3585
6665,3586
6665,3587
6665,12345
6665,3373
6665,3407
6665,3408
6665,3409
6665,3518
6665,3646
6665,3647
6665,9423
6665,3649
6665,9420
6665,3651
6665,3423
6665,10068
6665,11552
6665,3426
6665,11551
6665,8434
6665,8691
6649,12963
6649,1401
6649,1402
6649,11193
6649,1404
6649,1405
6649,1406
6649,1407
6649,1408
6649,1409
6649,1410
6649,1411
6649,1412
6649,1413
6649,1414
6649,1415
6649,1416
6649,1418
6649,1419
6649,1420
6649,1421
6649,1422
6649,1423
6649,1424
6649,1425
6649,1426
6649,1427
6649,1428
6649,1429
6649,1430
6649,1431
6649,1432
6649,1433
6649,1434
6649,1435
6649,11765
6618,9103
6618,827
6618,828
6618,11521
6618,12843
6618,831
6618,832
6618,834
6618,835
6618,836
6618,837
6618,12891
6618,839
6618,840
6618,841
6618,842
6618,844
6618,845
6618,847
6618,848
6618,12487
6618,850
6618,851
6618,852
6618,853
6618,10619
6618,855
6618,856
6618,8622
6618,177
6618,178
6618,179
6618,181
6618,182
6618,184
6618,3428
6618,186
6618,3429
6618,188
6618,859
6618,35
6618,10439
6618,12668
37808,5464
37808,5467
37808,5469
37808,5474
37808,5040
37808,12155
37808,10881
37808,5266
37808,5268
37808,5270
37808,5272
37808,10916
6706,5667
6706,5668
6706,5669
6706,5670
6706,5671
6706,5672
6706,5673
6706,8558
6706,5674
6706,5675
6706,5676
6706,5677
6706,5678
6706,5679
6706,5680
6706,5681
6706,5682
6706,5683
6706,11865
6706,5686
6706,5687
6706,9781
6706,5688
6706,5689
6706,5690
6706,5691
6706,5692
6706,5693
6706,5694
6706,5696
6706,5697
6706,5698
6706,5699
6706,5463
6706,5593
6706,13119
6822,12786
6822,7464
6822,7465
6822,7466
6822,7467
6822,5243
6822,6727
6822,5217
6822,5218
6822,5219
6822,5220
6822,5221
6822,5222
6822,5224
6822,5225
6822,5226
6822,11496
6822,11770
6822,12608
6822,5227
6822,5228
6822,4929
6822,10741
6822,9961
6822,9962
6822,9963
6822,4933
6822,11421
6822,4935
6822,4936
6822,4937
6822,4938
6822,5229
6822,4917
6822,6455
6715,11267
6715,8283
6715,4929
6715,6175
6715,5524
6715,5525
6715,10443
6715,5528
6715,5529
6715,5530
6715,5533
6715,5534
6715,5535
6715,5536
6715,5537
6715,5538
6715,5541
6715,5542
6715,6340
6715,6341
6715,6167
6715,12853
6644,3535
6644,2399
6644,2400
6644,10447
6644,2401
6644,2402
6644,2378
6644,2379
6644,2380
6644,10062
6644,2405
6644,9107
6644,2406
6644,2407
6644,2408
6644,2409
6644,2410
6644,9029
6644,2411
6644,2412
6644,2413
6644,11392
37809,10892
37809,12638
37809,12639
37809,12640
37809,8408
37809,7742
37809,3066
37809,3904
6690,4756
6690,8671
6690,4758
6690,4759
6690,4760
6690,4761
6690,4762
6690,4763
6690,4764
6690,4629
6690,4630
6690,4631
6690,4632
6690,4633
6690,4634
6690,4635
6690,4636
6690,4637
6690,4638
6690,4639
6690,4640
6690,4641
6690,4642
6690,4643
6690,4644
6690,4645
6690,4646
6690,4647
6690,4648
6690,4649
6690,4650
6690,4651
6690,4652
6690,4653
6690,4654
6690,4655
6690,4656
6615,10591
6615,11638
6615,95
6615,13126
6615,8535
6615,11481
6615,13063
6615,11484
6615,11485
6615,635
6615,636
6615,637
6615,638
6615,639
6667,8139
6667,1389
6667,1390
6667,1391
6667,11614
6667,1393
6667,1858
6667,1859
6667,1860
6667,1861
6667,1862
6667,1863
6667,1864
6667,1865
6667,1866
6667,12342
6667,3757
6667,3758
6667,3759
6667,3761
6667,10388
6667,3762
6667,3763
6667,3764
6667,3765
6667,3177
6667,3178
6667,12506
6667,12935
6667,12020
6667,3181
6667,3182
6667,11198
6667,11308
6667,3317
6667,11402
6667,8696
6667,3331
6667,3332
6667,3333
6667,3198
6667,3199
6667,3768
6667,9714
6667,3202
6667,12280
6667,3334
6667,3054
6667,3055
6667,3056
6667,3057
6667,3058
6667,3059
6667,3779
6821,11860
6821,5594
6821,5595
6821,5596
6821,5597
6821,5598
6821,5599
6821,5600
6821,5601
6821,5602
6821,5603
6821,5604
6821,5576
6821,5577
6821,5605
6821,5578
6821,5606
6821,5607
6821,11831
6821,5609
6821,5610
6821,5611
6821,5612
6821,12545
6821,5615
6821,10174
6821,12044
6821,10178
6821,5619
6821,5620
6821,5623
6821,5624
6821,5625
6821,5626
6821,5629
6821,5630
6821,5631
6821,5632
6821,4994
6821,4845
6641,8649
6641,11606
6641,924
6641,10619
6641,13121
6641,12822
6641,11088
6641,934
6641,545
6641,11422
6641,11113
6641,361
6641,582
6641,12483
6641,12600
6741,7432
6741,7433
6741,7434
6741,7435
6741,7436
6741,7437
6741,7438
6741,10085
6741,7441
6741,7442
6741,7443
6741,7444
6741,7445
6741,7446
6741,7447
6741,7448
6741,7449
6741,7450
6741,6729
6741,12205
6741,12206
6741,7453
6741,10383
6741,7455
6741,7456
6741,7457
6741,9549
6741,7458
6741,7459
6741,7460
6741,7461
6741,7462
6741,7463
6741,7464
6741,7465
6741,7466
6741,7467
6741,5243
6741,7469
6741,5217
6741,6738
6741,8282
6741,11270
6651,12954
6651,962
6651,1387
6651,1389
6651,1390
6651,1391
6651,11614
6651,1393
6651,1394
6651,1395
6651,1396
6651,1397
6651,1398
6651,2994
6651,11878
6651,1401
6651,1402
6651,11193
6651,1557
6651,1559
6651,2613
6651,2614
6651,2615
6651,2616
6651,2768
6651,1171
6651,1172
6651,12406
6651,2717
6651,8140
6828,9634
6828,6482
6828,6579
6828,6580
6828,6581
6828,9557
6828,9558
6828,9559
6828,9560
6828,9561
6828,9562
6828,9563
6828,9564
6828,9565
6828,9566
6828,9567
6828,9568
6828,9569
6828,9570
6828,9571
6828,8852
6828,6941
6828,6942
6828,6943
6828,6944
6828,9588
6828,6703
6828,8281
6828,6704
6828,8483
6828,6706
6828,6707
6828,6708
6828,11872
6828,10778
6828,6658
6828,8485
6828,8484
6828,6661
6828,11608
6828,8280
6828,9589
6828,9590
6828,6919
6828,6920
6828,6921
6828,6922
6828,9572
6828,9573
6828,9574
6828,9575
6828,9576
6828,9577
6828,9578
6828,9579
6828,9580
6828,9581
6828,10704
6828,9582
6828,9583
6828,9584
6828,9585
6828,9586
6828,6653
6828,6654
6828,13120
6828,6656
6828,6483
6828,6484
6828,6485
6828,6566
6828,6567
6828,6568
6828,6569
6828,13104
6737,5262
6737,5266
6737,5268
6737,5270
6737,5272
6737,5274
6737,5180
6737,5816
6737,5817
6737,5909
6737,9463
6737,7125
6737,7126
6737,7127
6737,7128
6737,7129
6737,7130
6737,10874
6737,7132
6737,9592
6737,11847
6737,11807
6737,10256
6737,11818
6737,11312
6737,7138
6737,7139
6737,7140
6737,7141
6737,7142
6737,7143
6737,10199
6737,5338
6737,5339
6737,7146
6737,7147
6737,7093
6737,7094
6737,7095
6622,9097
6622,1084
6622,1085
6622,1086
6622,1087
6622,1088
6622,1089
6622,1090
6622,1091
6622,1092
6622,1093
6622,1094
6622,1095
6622,1096
6622,1097
6622,1098
6622,1099
6622,1100
6622,12867
6622,969
6622,13011
6622,737
6622,738
6622,9104
6622,740
6622,13122
6622,504
6622,505
6622,506
6622,507
6622,508
6622,509
6622,510
6622,511
6622,185
6622,186
6622,3429
6622,188
6622,859
6622,11526
6622,11524
6622,11522
6622,11474
6622,11427
6622,11475
6622,4887
6622,544
6622,9136
6622,13004
6622,12707
6622,12705
6622,1103
6622,1105
6622,1106
6622,1107
6622,1108
6622,12788
6622,1111
6622,1112
6622,1113
6622,1114
6622,1115
6622,1116
6622,1117
6622,12787
6622,1120
6622,1121
6622,1122
6622,11541
6622,1124
6622,1126
6622,1127
6622,1128
6622,10400
6622,4881
6622,4882
6622,4883
6622,4884
6622,11542
31819,6318
31819,8899
31819,5435
31819,6195
31819,6357
31819,11364
31819,8839
31819,8840
31819,6324
31819,6325
31819,6326
31819,6310
31819,6311
31819,6312
31819,5547
31819,6089
31819,6402
31819,6403
31819,12407
31819,12408
31819,12484
31819,11583
31819,11574
31819,12386
31819,12387
31819,12388
31819,12389
31819,12390
31819,12391
31819,12394
31819,9062
31819,10407
31819,5528
6703,5252
6703,4969
6703,12047
6703,10896
6703,4971
6703,12794
6703,5254
6703,5255
6703,5066
6703,5067
6703,5068
6703,5256
6703,5257
6703,5258
6703,5259
6703,5260
6703,5261
6703,5997
6703,5094
6703,5554
6703,5555
6703,5556
6703,12944
6703,5999
6703,5591
6703,5592
6703,5507
6703,5509
6703,13119
34043,9701
34043,9702
34043,9703
34043,9704
34043,7956
34043,8003
34043,9707
34043,8004
34043,8005
34043,8006
34043,8007
34043,8008
34043,9708
34043,7770
34043,7771
34043,9711
34043,7768
34043,9712
34043,9713
34043,7672
34043,7673
34043,10888
34043,12793
34043,10549
34043,10550
34043,9652
34043,9653
34043,9654
34043,7709
34043,7680
34043,7681
34043,9656
34043,11439
34043,7960
34043,7961
34043,7962
34043,7963
34043,9657
34043,7964
34043,9658
34043,9662
34043,11514
34043,9663
34043,9665
34043,9678
34043,9679
34043,9680
34043,9681
34043,9682
34043,9683
34043,7700
34043,7701
34043,7702
34043,7861
34043,7862
34043,7863
34043,7864
34043,7865
6712,5743
6712,5744
6712,5937
6712,6001
6712,11907
6712,12151
6712,11908
6712,12937
6712,6107
6712,6108
6712,12757
6712,6109
6712,6110
6712,5925
6712,5948
6712,5949
6712,5950
6712,5959
6712,5960
6712,5961
6712,5962
6712,5963
6712,5964
6712,5965
6712,12176
6712,5967
6712,8486
6712,8487
6712,5811
6712,5812
6712,5813
6712,5814
6712,5815
6712,5183
6712,5275
6712,5185
6712,5186
6712,5187
6712,5900
6712,5901
6712,5902
6712,5903
6712,5904
6712,5860
6712,5861
6712,10884
6712,11720
6712,5907
6712,5666
6712,5769
6712,13119
6621,11258
6621,11221
6621,12548
6621,418
6621,11101
6621,419
6621,420
6621,11211
6621,422
6621,423
6621,9087
6621,10802
6621,426
6621,10804
6621,428
6621,627
6621,992
6621,994
6621,995
6621,996
6621,997
6621,10872
6621,11252
6805,12793
6805,7682
6805,7683
6805,7684
6805,7685
6805,7686
6805,7687
6805,7688
6805,9854
6805,12921
6805,7690
6805,7691
6805,7692
6805,7693
6805,7899
6805,7900
6805,7901
6805,7902
6805,7903
6805,9901
6805,7910
6805,7911
6805,7912
6805,7913
6805,7914
6805,7915
6805,7917
6805,7918
6805,7919
6805,7920
6805,7921
6805,7922
6676,4242
6676,4211
6676,4212
6676,4213
6676,4214
6676,4215
6676,3994
6676,3995
6676,4217
6676,4218
6676,10827
6676,4220
6676,4221
6676,12697
6676,12696
6676,4225
6676,4011
6676,4012
6676,4013
6676,4014
6676,4015
6676,4016
6676,10882
6676,4229
6676,4230
6676,4231
6676,4232
6676,4233
6676,4234
6676,4030
6613,11251
6613,2151
6613,2152
6613,142
6613,144
6613,146
6613,147
6613,10617
6613,150
6613,151
6613,152
6613,154
6613,155
6613,13145
6613,165
6613,166
6613,167
6613,169
6613,10611
6613,170
6613,171
6613,10816
6613,173
6613,174
6613,176
6613,177
6613,178
6613,179
6613,181
6613,182
6613,184
6613,3428
6613,186
6613,3429
6613,188
6613,859
6613,35
46604,10914
46604,10896
46604,12794
46604,12938
46604,5067
46604,5256
46604,5258
46604,5261
46604,12939
46604,5555
46604,12944
46604,5591
46604,5509
30045,11943
30045,10192
30045,10095
30045,13116
30045,10096
30045,10326
30045,10581
30045,3317
30045,3318
30045,9218
30045,9214
30045,9215
30045,9216
30045,9217
30045,9212
30045,9213
30045,10036
30045,9643
30045,9337
30045,9338
30045,10073
30045,12125
30045,11237
30045,11241
30045,11509
30045,3277
30045,3278
30045,10063
30045,3281
30045,3282
30045,3283
30045,9475
30045,9477
30045,12855
30045,12536
30045,9481
30045,3285
30045,9159
30045,9483
30045,9433
40855,6140
40855,6141
40855,6142
40855,6143
40855,6144
40855,6145
40855,6146
40855,6147
40855,6148
40855,6149
40855,6150
40855,6151
40855,6152
40855,6153
40855,6154
40855,6155
40855,6156
40855,6157
40855,6158
40855,6159
40855,6160
40855,6161
40855,6162
40855,6163
40855,6164
40855,6165
40855,6166
40855,6167
40855,6168
40855,6169
40855,6170
40855,11545
40855,6172
40855,6173
40855,6340
6714,5042
6714,6468
6714,13052
6714,6470
6714,6471
6714,6113
6714,6114
6714,6115
6714,6116
6714,6117
6714,6118
6714,6119
6714,6120
6714,6121
6714,6122
6714,6051
6714,6052
6714,10787
6714,6124
6714,6125
6714,6126
6714,8489
6714,6128
6714,6129
6714,6130
6714,6131
6714,6132
6714,6133
6714,5531
6714,5532
6714,5533
6714,5534
6714,5535
6714,5536
6714,5537
6714,5538
6714,5541
6714,5542
6714,6195
6714,6197
6707,5045
6707,5668
6707,5722
6707,5124
6707,5723
6707,5724
6707,5725
6707,5726
6707,5727
6707,5728
6707,5729
6707,5730
6707,5731
6707,5732
6707,5733
6707,5734
6707,5735
6707,5736
6707,5737
6707,5738
6707,5596
6707,5597
6707,5598
6707,5739
6707,5740
6707,5458
6707,5459
6707,5460
6707,5461
6707,5462
6707,5463
6707,5593
6707,13119
48855,13016
48855,13021
48855,13022
48855,13023
48855,13024
48855,13027
48855,13047
48855,13029
48855,13028
48855,13026
48855,5970
48855,9464
48855,5813
48855,5814
48855,5815
48855,5183
48855,5275
48855,12624
6622,11426
6622,11429
6622,11532
6622,11523
6622,11525
6622,11616
53125,11762
53125,1091
6641,2110
6641,911
6641,915
6641,917
6641,689
6647,11710
6647,2196
6647,2197
6647,2642
6647,2643
6647,2644
6647,2645
6647,2646
6647,2647
6647,2648
6647,2649
6647,2650
6647,2651
6647,2653
6647,2634
6647,2656
6647,2657
6647,2630
6625,190
6625,12535
6625,11535
6625,938
6625,939
6625,12489
6625,2936
6625,942
6625,12860
6625,944
6625,945
6625,946
6625,947
6625,948
6625,949
6625,950
6625,1244
6625,1245
6625,1246
6625,1247
6625,1248
6625,1249
6625,1250
6625,12919
6625,1253
6625,8913
6625,972
6625,973
6625,974
6625,976
6625,977
6625,8537
6625,980
6625,704
6625,705
6625,706
6625,707
6625,9094
6625,1254
6625,1255
6625,1256
6625,1258
6625,1259
6625,1260
6625,1261
6625,1262
6625,1264
6625,1265
6625,1266
6625,11587
6625,193
6625,11523
6625,11525
6625,11616
6811,2523
6811,10330
6811,10231
6811,10232
6811,10233
6811,10376
6811,2728
6811,2221
6811,2222
6620,11251
6620,2239
6620,12116
6620,2241
6620,826
6620,4876
6620,763
6620,8394
6620,765
6620,766
6620,9551
6620,768
6620,12852
6620,770
6620,772
6620,774
6620,13081
6620,202
6620,13080
6620,13079
6620,208
6620,209
6620,210
6620,211
6620,212
6620,213
6620,12976
6620,11403
6620,218
6620,4879
6620,11426
6620,11429
6620,11532
6620,11523
6620,11525
6620,11616
6620,11527
6620,35
6620,645
6625,1211
6625,1212
6625,1213
6625,1214
6625,1215
6625,1216
6625,1217
6625,1218
6625,1219
6625,1220
6625,1221
6625,659
6625,661
6625,662
6625,663
6625,664
6625,665
6625,1222
6625,1224
6625,1225
6625,1226
6625,1228
6625,1229
6625,1231
6625,8569
6625,8637
6625,1235
6625,1236
6625,1237
6625,1238
6625,1240
6625,1241
6625,1242
6625,503
6625,504
6625,505
6625,506
6625,507
6625,508
6625,509
6625,510
6625,511
6625,185
6625,186
6625,3429
6625,188
6625,189
6658,1875
6658,10208
6658,1876
6658,1877
6658,1878
6658,2869
6658,10034
6658,10971
6646,8690
6646,3150
6646,2891
6646,2892
6646,10184
6646,2894
6646,2895
6646,2896
6646,2897
6646,2898
6646,8710
6646,10972
6646,10037
6646,2579
6646,2580
6646,2581
6646,2582
6646,2583
6646,2584
6646,2585
6646,2586
6646,8919
6646,8680
6646,9428
6646,2594
6646,2595
6646,2596
6646,2597
6646,9125
6646,2741
6646,2599
6646,2600
6646,2601
6646,2602
6646,2603
6646,2613
6646,2614
6646,2615
6646,2617
6646,2618
6646,2619
6646,2620
6646,2621
6646,2622
6646,2623
6646,2624
6646,9918
6646,2626
6646,2627
6646,2717
6646,12410
6646,2524
6646,2525
6646,2526
6646,2527
6646,2528
6646,2529
6646,2530
6646,2531
6646,2532
6646,2533
6646,2534
6646,2535
6646,2536
6646,2537
6646,8589
6646,10079
6646,2549
6646,2550
6646,2551
6646,2553
6646,2554
6646,2556
6646,2557
6646,9429
6646,2568
6646,2569
6646,2570
6646,2571
6646,2572
6646,2573
6646,2574
6646,2575
6646,2576
6646,10038
6646,9952
6646,2881
6646,10597
6646,2883
6646,2884
6646,2885
6646,2886
6646,2887
6646,2888
6646,11307
6646,3248
6646,8691
6687,4652
6687,4653
6687,4654
6687,4655
6687,4656
6687,4461
6687,11673
6687,9487
6687,981
6687,12896
6687,982
6687,983
6687,9112
6687,985
6687,12596
6687,10114
6687,4644
6687,4645
6687,4646
6687,4647
6687,4648
6687,4649
6687,4650
6687,4651
6687,13101
6687,4609
6687,8629
6687,4611
6687,4612
6687,4613
6687,4614
6687,4615
6687,4616
6687,4617
6687,4618
6687,4619
6687,4620
6687,4621
6687,4622
6687,4623
6687,4624
6687,4625
6687,4626
6687,4627
6687,4628
6687,4629
6687,4630
6687,4631
6687,4632
6687,4633
6687,4634
6687,4635
6687,4636
6687,4637
6687,4638
6687,4639
6687,4640
6687,4641
6687,4642
6687,4643
11201,1832
11201,699
11201,700
11201,11623
11201,11048
11201,11015
11201,13105
11201,11011
11201,11061
11201,11058
11201,11022
11201,11057
11201,11020
11201,11047
11201,11099
11201,11216
11201,10799
11201,10806
11201,10809
11201,10810
11201,11019
11201,11040
11201,11021
11201,11067
11201,10966
11201,11043
11201,11023
11201,11041
11201,11044
11201,114
11201,115
11201,116
11201,11042
11201,10968
11201,1605
11201,1606
11201,1607
11201,1608
11201,1609
11201,1610
11201,10959
11201,10755
11201,1613
11201,1614
11201,12600
6748,5148
6748,4969
6748,12047
6748,10897
6748,10899
6748,11107
6748,4997
6748,12041
6748,5000
6748,5001
6748,5002
6748,5003
6748,5004
6748,11895
6748,11855
6748,11856
6748,11857
6748,12808
6748,4857
6748,4858
6748,11691
6748,4859
6748,4860
6748,4861
6748,7641
6748,7642
6748,4871
6748,9075
6748,11944
6748,4873
6748,4874
6748,5242
6748,5243
6748,6736
34542,12716
34542,6610
34542,6631
34542,6841
34542,12589
34542,6843
34542,6844
34542,6845
34542,6846
34542,6847
34542,6848
34542,6849
34542,6850
34542,6851
34542,6852
34542,6853
34542,6854
34542,6855
34542,6856
34542,8617
34542,6857
34542,6858
34542,6859
34542,6860
34542,6861
34542,6862
34542,6863
34542,6864
34542,6865
34542,6866
34542,6867
34542,13103
34542,6869
34542,6870
34542,6800
34542,6801
34542,11208
34542,6575
34542,6577
34542,6578
6636,12362
6636,1491
6636,11499
6636,1493
6636,11759
6636,11758
6636,1901
6636,1902
6636,1903
6636,1904
6636,744
6636,1961
6636,1962
6636,1963
6636,1964
6636,1967
6636,1968
6636,1969
6636,1970
6636,1971
6636,1972
6636,1973
6636,1974
6636,1975
6636,1976
6636,1977
6636,1978
6636,1979
6636,1980
6636,13008
6636,10745
6636,1985
6636,1987
6636,1988
6636,1989
6636,1990
6636,1992
6636,1993
6636,1994
6636,1995
6636,1996
6636,1997
6636,1998
6636,1999
6636,2000
6636,2001
6636,2002
6636,2004
6636,2005
6636,2006
6636,9987
6636,12187
6636,1659
6636,1660
6636,2009
6636,2010
6636,2011
6636,10331
6636,2015
6636,1172
6636,12406
37807,13150
37807,961
6657,12972
6657,10208
6657,1876
6657,1877
6657,1878
6657,1879
6657,1880
6657,2938
6657,3028
6657,2853
6657,2854
6657,2855
6657,2860
6657,2861
6657,2862
6657,2863
6657,2591
6657,2592
6657,2593
6657,8679
6657,9428
6657,2594
6657,2595
6657,2596
6657,2597
6657,9125
6657,2741
6657,3120
6657,3121
6657,1413
6657,1414
6657,1415
6657,2788
6657,2789
6657,2790
6657,2791
6657,3122
6657,3123
6657,3124
6657,3125
6657,12606
6657,3127
6657,3128
6657,2622
6657,2623
6657,2624
6657,9918
6657,2626
6657,2627
6657,2717
37807,1757
37807,9069
6629,10921
6629,11183
6629,11181
6629,11182
6629,1689
6629,1690
6629,1691
6629,1692
6629,1693
6629,1694
6629,1695
6629,1696
6629,8860
6629,1697
6629,1698
6629,1699
6629,1700
6629,1701
6629,1702
6629,1703
6629,1704
6629,1705
6629,1706
6629,1707
6629,1708
30043,3150
30043,2891
30043,3151
30043,3153
30043,3154
30043,3155
30043,3156
30043,13030
30043,3158
30043,3160
30043,3161
30043,3162
30043,3163
30043,3164
30043,3165
30043,3166
30043,3167
30043,3168
30043,3169
30043,3170
30043,3172
30043,3173
30043,3174
30043,3175
30043,13117
30043,3177
30043,3178
30043,12506
30043,12935
30043,10860
6630,12953
6630,962
6630,1387
6630,1710
6630,1711
6630,1776
6630,1777
6630,1778
6630,1779
6630,2123
6630,8674
6630,8745
6630,1782
6630,1783
6630,1785
6630,12934
6630,1788
6630,1789
6630,1790
6630,1791
6630,1792
6630,1793
6630,1794
6630,10042
6630,11323
6630,11322
6630,11321
6630,1798
6630,1799
6630,1800
6630,1736
6823,7591
6823,7592
6823,7593
6823,7594
6823,7595
6823,7596
6823,7460
6823,7597
6823,7598
6823,7599
6823,7600
6823,7601
6823,7572
6823,7573
6823,7574
6823,10181
6823,7464
6823,7465
6823,7466
6823,7467
6823,5243
6823,8435
6823,8318
6823,8329
6823,7611
6823,6727
46099,11712
46099,2338
46099,8978
46099,2451
46099,12841
46099,8988
46099,9186
46099,11539
46099,9184
6790,11714
6790,9948
6790,12086
6790,9181
6790,11363
6643,8689
6643,2296
6643,2298
6643,2299
6643,2300
6643,2302
6643,8375
6643,2303
6643,2305
6643,2306
6643,2307
6643,2308
6643,2309
6643,2310
6643,2311
6643,2312
6643,2313
6643,2314
6643,2315
6643,2316
6643,9028
6643,2318
6643,2319
6643,2321
6643,2323
6643,2325
6643,11682
6643,3623
6643,2646
6643,2647
6643,2329
6643,2330
6643,2331
6643,2332
6643,2333
6643,2335
6643,10929
6660,8685
6660,3150
6660,3431
6660,3432
6660,3433
6660,3434
6660,3435
6660,3436
6660,3437
6660,3438
6660,3439
6660,3440
6660,3441
6660,3442
6660,3410
6660,8821
6660,3411
6660,3446
6660,3447
6660,3448
6660,3449
6660,3450
6660,3451
6660,3452
6660,3453
6660,3466
6660,3467
6660,3468
6660,8832
6660,8360
6660,8833
6660,3531
6660,3532
6660,3046
6660,3047
6660,3048
6660,3049
6660,3050
6660,3052
6660,3904
30036,3810
30036,3811
30036,3812
30036,3813
30036,3814
30036,3815
30036,9397
30036,9209
30036,3775
30036,3776
30036,3777
30036,3778
30036,3058
30036,3059
30036,3822
46099,11538
46099,11845
46099,9199
46099,12087
46099,9197
46099,2354
46099,2355
46099,11714
6613,36
6613,12720
6613,13127
6613,231
6613,232
6613,234
6613,235
6613,236
6613,10814
6613,238
6613,240
6613,242
6613,243
6613,244
6613,245
6613,246
6613,247
6613,248
6613,12115
6613,250
6613,251
6613,13146
6613,256
6613,257
6613,258
6613,10812
6613,260
6613,261
6613,262
6613,263
6613,265
6613,267
6613,12760
6613,2235
6613,2236
6613,11252
6677,10882
6677,12735
6677,4015
6677,4288
6677,4289
6677,4290
6677,12659
6677,4292
6677,4293
6677,4294
6677,4295
6677,4296
6677,4297
6677,4298
6677,4299
6677,4300
6677,4301
6677,4200
6677,4201
6677,4203
6677,4204
6677,4205
6677,10866
6705,5046
6705,5047
6705,8566
6705,12916
6705,5049
6705,5039
6705,8351
6705,5496
6705,5497
6705,5498
6705,5499
6705,5500
6705,5501
6705,5502
6705,5503
6705,5504
6705,5505
6705,5506
6705,5507
6705,5633
6705,5510
6705,5511
6705,5512
6705,5513
6705,5514
6705,5515
6705,5516
6705,5517
6705,5518
6705,5519
6705,5520
6705,5521
6705,5522
6705,5523
6705,6466
6705,5524
6705,5525
6705,10443
6705,5528
6705,5529
6705,5530
6705,5533
6705,5534
6705,5535
6705,5536
6705,5537
6705,5538
6705,5541
6705,5542
6705,6195
6705,5543
6705,5544
6705,5545
6705,11822
6705,5547
6705,5548
6705,5549
6705,5550
6705,6457
6705,5551
31820,12380
31820,13058
31820,12424
31820,12425
31820,12427
31820,11611
31820,12428
31820,12429
31820,12430
31820,12431
31820,7106
31820,12432
31820,12433
31820,10833
31820,9298
31820,9296
31820,9294
31820,9293
31820,12081
31820,7328
31820,12854
31820,5352
31820,7096
31820,7093
31820,7259
8286,9492
8286,7100
8286,10629
8286,5381
8286,12496
8286,11578
8286,11576
8286,11361
8286,11899
8286,11900
8286,11903
8286,11612
8286,13152
8286,10689
8286,10690
8286,11593
8286,10258
8286,10259
8286,10692
8286,10693
8286,5389
8286,5390
8286,5391
8286,10614
8286,6037
8286,6038
8286,10695
8286,5310
8286,5311
8286,10598
6705,5890
6705,10716
6705,9923
6705,9924
6705,9926
6705,9927
22638,3533
22638,3780
22638,12182
22638,9224
22638,12208
22638,9231
22638,9232
22638,10139
22638,11407
22638,11556
22638,11952
22638,11949
22638,9365
22638,11950
22638,11951
22638,3890
22638,11956
22638,9376
22638,3897
22638,9092
22638,3898
22638,9174
22638,9236
22638,11114
22638,11405
22638,11953
22638,3694
22638,9397
22638,9209
22638,11955
22638,3058
22638,3059
22638,3385
6664,8676
6664,3150
6664,2891
6664,3151
6664,3153
6664,3154
6664,3155
6664,3030
6664,3031
6664,11679
6664,11896
6664,3033
6664,3034
6664,3035
6664,11443
6664,3402
6664,3403
6664,3404
6664,3405
6664,8850
6664,8849
6664,8797
6664,8886
6664,3588
6664,3589
6664,3590
6664,3591
6664,3592
6664,3593
6664,3594
6664,3595
6664,3596
6664,3597
6664,3598
6664,3599
6664,3600
6664,3601
6664,3603
6664,3604
6664,12560
6664,3418
6664,3419
6664,3420
6664,11651
6664,3422
6664,3423
6664,10068
6664,3608
6664,3609
6664,8573
6664,8574
6664,3552
6664,10067
6664,3355
6664,3356
6664,3357
6664,3358
6664,3359
6664,3360
6664,3361
6664,3554
6664,3555
6664,3557
6664,12521
6664,3559
6664,3560
6664,3561
6664,9015
6664,3562
6664,3563
6664,8920
6664,3564
6664,3565
6664,3566
6664,3567
6664,3568
6664,9127
6664,3371
6664,3372
6664,3373
6664,3407
6664,3375
6664,3376
6664,3377
6664,3378
6664,3379
6664,3085
6664,3086
6664,3087
6664,3088
6664,3089
6664,11897
6664,11898
6664,3091
6664,3242
6664,3244
6664,3245
6664,11307
6664,3248
6664,8691
11202,674
11202,675
11202,596
11202,597
11202,599
11202,11071
11202,11053
11202,11065
11202,11055
11202,11069
11202,11002
6617,695
6617,722
6617,723
6617,724
6617,725
6617,727
6617,728
6617,729
6617,730
6617,731
6617,733
6617,735
6617,742
6617,497
6617,498
6617,499
6617,500
6617,512
6617,12071
6617,516
6617,517
6617,518
6617,519
6617,520
6617,10976
6617,231
6617,696
6617,91
6617,93
6617,11638
6617,95
6617,4881
6617,4882
6617,4883
6617,4884
6617,11542
6617,542
6617,584
6617,585
6617,586
6617,12815
6617,589
6617,590
6617,591
6617,593
6617,594
6617,11046
6617,359
6617,360
6617,12816
6617,363
6617,364
6617,365
6617,366
6617,368
6617,370
6617,371
6617,372
6617,373
6617,374
6617,375
6617,376
6617,377
6617,744
6617,646
6656,12212
6656,3092
6656,1873
6656,2836
34543,12716
34543,6512
34543,2093
34543,2094
34543,2095
34543,6932
34543,6933
34543,6934
34543,6935
34543,6936
34543,6937
34543,6938
34543,6939
34543,8852
34543,6941
34543,6942
34543,6943
34543,6944
34543,6945
34543,6946
34543,6766
34543,6767
34543,11932
34543,6768
34543,6914
34543,6660
34543,8483
34543,6706
34543,6707
34543,6708
34543,11872
17707,11764
17707,5180
17707,5816
17707,5817
17707,11490
17707,12064
17707,12316
17707,12346
17707,12317
17707,11491
17707,11489
17707,5972
17707,5973
17707,5974
17707,5975
13684,12716
13684,6631
13684,10519
13684,10520
13684,10521
13684,10522
13684,11379
13684,11375
13684,12392
13684,11255
6706,12949
6706,5634
6706,5635
6706,5636
6706,5637
6706,5638
6706,5639
6706,5640
6706,5641
6706,5642
6706,5643
6706,5644
6706,5645
6706,10668
6706,5646
6706,5647
6706,5648
6706,11864
6706,5651
6706,5652
6706,5653
6706,5654
6706,5655
6706,5656
6706,5657
6706,5658
6706,5659
6706,5660
6706,5661
6706,5662
6706,5663
6706,5664
6706,5665
6706,10880
6704,5768
6704,5665
6704,5265
6704,5266
6704,5267
6704,5268
6704,5269
6704,5270
6704,5271
6704,5272
6704,5273
6704,5274
6704,5180
6704,11819
6704,5277
6704,5278
6704,5279
6704,5280
6704,5281
6704,5282
6704,5283
6704,5284
6704,5285
6704,9019
6704,5288
6704,5292
6704,5293
6704,5295
6704,5296
6704,5297
6704,5298
6704,10163
6704,12828
6704,9524
6704,6031
6704,6032
6704,6033
6704,6034
6704,6035
6704,6036
6704,5306
6704,10188
6704,6039
6704,5321
6704,5322
6704,5323
6704,5324
6704,5325
6704,5326
6704,5327
6704,5328
6704,11240
6704,11609
6704,8989
6704,5338
6704,5339
6704,5340
6704,5341
6704,5342
6704,9435
6704,7093
6704,7094
6704,7207
6704,8654
6676,4032
6676,4028
6676,4236
6676,4237
6676,4238
6676,4239
6676,4240
6676,4241
6676,4228
6676,4053
6676,4054
6676,4055
6676,4056
6676,4057
6676,4058
6676,4059
6676,4060
6676,4061
6676,4062
6676,4063
6676,11263
6676,4065
6676,4066
6676,4001
6676,4002
6676,4194
6676,4195
6676,4196
6676,4197
6676,4204
6676,4205
6676,10866
6620,95
6620,4881
6620,4882
6620,4883
6620,4884
6620,11542
6620,4887
6620,9136
6620,548
6620,13115
6620,550
6620,13078
6620,9124
6620,554
6620,555
6620,557
6620,559
6620,860
6620,13085
6620,863
6620,864
6620,865
6620,866
6620,867
6620,869
6620,871
6620,9135
6620,873
6620,12518
6620,1129
6620,746
6620,2146
6620,2148
6620,11252
6700,4845
6700,4846
6700,4847
6700,4848
6700,4849
6700,4850
6700,4851
6700,4942
6700,4943
6700,4944
6700,4945
6700,4946
6700,4947
6700,4948
6700,4949
6700,4950
6700,4951
6700,4952
6700,4953
6700,4954
6700,4955
6700,4956
6700,4957
6700,4958
6700,5133
6700,5134
6700,12795
6700,4962
6700,4963
6700,4964
6700,4965
6700,12046
6700,4966
6700,4967
6700,10948
34045,8928
34045,7155
34045,12933
34045,7156
34045,8921
34045,8930
34045,8931
34045,8932
34045,8933
34045,8934
34045,8935
34045,7185
34045,8936
34045,9030
34045,8937
34045,8938
34045,7081
34045,7082
34045,7083
34045,7084
34045,7085
34045,8939
34045,7076
34045,7077
34045,7169
34045,7170
34045,8940
34045,8941
34045,10737
34045,5342
34045,9435
34045,7093
34045,7094
34045,7259
34045,7092
34045,10748
34045,8943
34045,8944
34045,7087
34045,7088
34045,7150
34045,7151
34045,8945
34045,8946
34045,7173
34045,7174
34045,7175
34045,7176
34045,7177
34045,8948
34045,9031
34045,7200
34045,7201
34045,8949
34045,8951
34045,7066
34045,7067
34045,7068
34045,7069
34045,7070
34045,7071
34045,8952
34045,7217
6668,3552
6668,10440
6668,8626
6668,11685
6668,11567
6668,3711
6668,3460
6668,3461
6668,8600
6668,3463
6668,3464
6668,12592
6668,12806
6668,3476
6668,3068
6668,3069
6668,3904
6667,3061
6667,3479
6667,3062
6667,11108
6667,3064
6667,3065
6667,3066
6667,7643
6667,3780
6667,12182
6667,9224
6667,3782
6667,3783
6667,3784
6667,3785
6667,3314
6667,3786
6667,3315
6667,3316
6667,3261
6667,11827
6667,11259
6667,12241
6667,3214
6667,3215
6667,3216
6667,11940
6667,3218
6667,3219
6667,3220
6667,3792
6667,3793
6667,3794
6667,3795
6667,10387
6667,3796
6667,3797
6667,3798
6667,3799
6667,3800
6667,11766
6667,1885
6667,1886
6667,1887
6667,1888
6667,10205
6667,10204
6667,1891
6667,1892
6667,1893
6667,12827
6667,1478
6667,12777
6667,1480
6667,1481
6667,2742
31820,7260
31820,7261
31820,12082
31820,9291
31820,9292
31820,9297
31820,10835
31820,12434
31820,12435
31820,12436
31820,12437
31820,12438
31820,12439
31820,12440
31820,11903
31820,11612
31820,13098
31820,12443
31820,12522
31820,10648
31820,10646
31820,10673
6693,9129
6693,9128
6693,1487
6693,4491
6693,4832
6693,8653
6738,5122
6738,5046
6738,5047
6738,8566
6738,12695
6738,13052
6738,6470
6738,6471
6738,5285
6738,9019
6738,5288
6738,5292
6738,5293
6738,5295
6738,5296
6738,5297
6738,5298
6738,10642
6738,13055
6738,10871
6738,10648
6738,10646
6738,10644
6738,11329
6738,11331
6738,7161
6738,8989
6738,5338
6738,5339
6738,7146
6738,7147
6738,7093
6738,7094
6738,7214
6679,12955
6679,11595
6679,11604
6679,11605
6679,4384
6679,4385
6679,4386
6679,4387
6679,4388
6679,12349
6679,4391
6679,4392
6679,4393
6679,4394
6679,4395
6679,4189
6679,4190
6679,4243
6679,4244
6679,10621
6679,4246
6679,4247
6679,4248
6679,4398
6679,4399
6679,4400
6679,4401
6679,4403
6679,12350
6679,4406
6679,4407
6679,8605
6679,4409
6679,4410
6679,4414
6679,4415
6679,4416
6679,4417
6679,4418
6679,4419
6679,4420
6679,12122
6679,4422
6679,4423
6679,4337
6616,639
6616,640
6616,641
6616,10070
6616,642
6616,643
6616,644
6616,74
6616,11
6616,12348
6616,12334
6616,11311
6616,12330
6616,12331
6616,10591
6678,4319
6678,4527
6678,4321
6678,4322
6678,4323
6678,4324
6678,4295
6678,4296
6678,4297
6678,4298
6678,4299
6678,4300
6678,4301
6678,4200
6678,4201
6678,4203
6678,4204
6678,4205
6678,10866
6675,4154
6675,4155
6675,4156
6675,4157
6675,4158
6675,4159
6675,4160
6675,4161
6675,4113
6675,4114
6675,4115
6675,4141
6675,4142
6675,12898
6628,8563
6628,1652
6628,12666
6628,1654
6628,1656
6628,1657
6628,1658
6628,2023
6628,2024
6628,12184
6628,1660
6628,1661
6628,1662
6628,1663
6628,1664
6628,1665
6628,1667
6628,1666
6628,1668
6628,1670
6628,1671
6628,1672
6628,1673
6628,1675
6628,1676
6628,1678
6628,1679
6628,1680
6628,1681
6628,1682
6628,1683
6628,1195
6628,1196
6628,1070
6628,1081
6628,1082
6628,1083
6628,1064
6628,1832
6663,8575
6663,3611
6663,3612
6663,3133
6663,3134
6663,3652
6663,3653
6663,3654
6663,3655
6663,3656
6663,9193
6663,3659
6663,3660
6663,3661
6663,3662
6663,2325
6663,11682
6663,3623
6663,2646
6663,2647
6663,2329
6663,2330
6663,2331
6663,2332
6663,2333
6663,2335
6663,10929
22638,3806
22638,3061
22638,3479
22638,3062
22638,3770
22638,3772
22638,3773
22638,3774
22638,9210
22638,3731
22638,3732
22638,11961
22638,11579
22638,11962
22638,9239
22638,9235
22638,10141
22638,3831
22638,3834
22638,9241
22638,11964
22638,11965
22638,3843
22638,11960
22638,11958
22638,3842
22638,11957
22638,11959
22638,11557
22638,10592
22638,9981
22638,3929
22638,9418
22638,3908
22638,9714
22638,3202
22638,12280
22638,3195
6715,6166
6715,6168
6715,6169
6715,6170
6715,11545
6715,6172
6715,6173
6715,6139
6715,5437
6715,5438
6715,5439
6715,5440
6715,5441
6715,5442
6715,5444
6715,9083
6715,5446
6715,10445
6715,5447
6715,5448
6715,6194
6715,4928
6715,8282
6715,11270
40855,6341
40855,6342
40855,6196
40855,6202
40855,6203
40855,6204
40855,6205
40855,6206
40855,6207
40855,6208
40855,6209
40855,6210
40855,6211
40855,6212
40855,6213
40855,6214
40855,6215
40855,6216
40855,6217
40855,6218
40855,6219
40855,6220
40855,8488
40855,6223
40855,6224
40855,11205
40855,6226
6748,5217
6748,6738
6748,4891
6748,4892
6748,4893
6748,9005
6748,7636
6748,7637
6748,4903
6748,4904
6748,4905
6748,13110
6748,4906
6748,4907
6748,4908
6748,11851
6748,11850
6748,7638
6748,5007
6748,5009
6748,5084
6748,5085
6748,5086
6748,5087
6748,5088
6748,5089
6748,5090
6748,12534
6748,10918
6748,10898
6748,4965
6748,12046
6748,4966
6748,4967
6748,10948
32799,2477
32799,2433
32799,2434
32799,2478
32799,2479
32799,2480
32799,2481
32799,2482
32799,12571
32799,2484
32799,2485
32799,2486
32799,2487
32799,2488
32799,11194
32799,2489
32799,2490
32799,2491
32799,2492
32799,2493
32799,12406
32799,2717
6841,3195
6841,3780
6841,12182
6841,9224
6841,3782
6841,3783
6841,3784
6841,3785
6841,3314
6841,3786
6841,3315
6841,3316
6841,3261
6841,11827
6841,11259
6841,12241
6841,3214
6841,3215
6841,3216
6841,3217
6841,3218
6841,3219
6841,3220
6841,3221
6841,3239
6841,3240
6841,3241
6841,3242
6841,3244
6841,3245
6841,11307
6841,3248
6841,8687
6841,2107
6841,8714
6841,2869
6841,10034
6841,10028
6841,11451
6841,10021
6841,10017
6841,13094
6841,2821
6841,11874
6841,10013
6841,8743
6841,2110
6841,909
6841,910
6841,911
6841,912
6841,915
6841,916
6841,917
6841,918
6841,689
6841,919
6841,11589
6841,922
6841,923
6841,924
6841,925
6841,926
6841,927
6841,10619
6841,855
6841,856
6841,928
6841,929
6841,11088
6841,932
6841,933
6841,9054
6841,468
6841,469
6841,12791
6841,218
6841,4879
6841,1013
6841,9366
6841,1016
16718,79
16718,859
16718,10400
16718,4881
16718,4882
16718,4883
16718,4884
16718,11542
16718,542
16718,584
16718,585
16718,586
16718,12815
16718,589
16718,590
16718,1379
16718,109
16718,569
16718,570
16718,571
16718,572
16718,573
16718,361
16718,576
16718,577
16718,578
16718,579
16718,580
16718,581
16718,582
16718,583
16718,607
16718,608
16718,609
16718,610
16718,11486
16718,11793
6805,7925
6805,7927
6805,7928
6805,7930
6805,7931
6805,7932
6805,7933
6805,7934
6805,7935
6805,7936
6805,7937
6805,7938
6805,7939
6805,7940
6805,9900
6805,7946
6805,10852
6805,7947
6805,7948
6805,7823
6805,7824
6805,7825
6805,7826
6805,7696
6805,7697
6805,7698
6805,7699
6805,9683
6805,7700
6805,7701
6805,7702
6805,7703
6805,7704
6805,7705
6805,7706
6805,10888
16718,11526
16718,11524
16718,11522
16718,11474
16718,11427
16718,11475
34543,6781
34543,6782
34543,6783
34543,6915
34543,6916
34543,6917
34543,6918
34543,6919
34543,6920
34543,6921
34543,6922
34543,6923
34543,6924
34543,6925
34543,6926
34543,6927
34543,6928
34543,6929
34543,6930
34543,6931
34543,12172
34543,6540
34543,6541
34543,12717
30044,9433
30044,9157
30044,11572
30044,3288
30044,3289
30044,9482
30044,9480
30044,12856
30044,9478
30044,3274
30044,12561
30044,3290
30044,3291
30044,3292
30044,9943
30044,12083
30044,3295
30044,3296
30044,3297
30044,3298
30044,11827
30044,10099
30044,10100
30044,11207
30044,10101
30044,10191
30044,10860
30040,12647
30040,12018
30040,3381
30040,3382
30040,3383
30040,3384
30040,12780
30040,3778
30040,3478
30040,11108
30040,3064
30040,3872
30040,9257
30040,9386
30040,9387
30040,9388
30040,9389
30040,9390
30040,9391
30040,10401
30040,11949
30040,9365
30040,9382
30040,9383
30040,9384
30040,10195
30040,3843
30040,3844
30040,3845
30040,3846
30040,3847
30044,11942
30044,10192
30044,10095
30044,13116
30044,10096
30044,10326
30044,10581
30044,3317
30044,3265
30044,3266
30044,3267
30044,3268
30044,10583
30044,9500
30044,3270
30044,3271
30044,3272
30044,3273
30044,9477
30044,12855
30044,12536
30044,9481
30044,3285
30044,9159
30044,9483
6685,4494
6685,11706
6685,4496
6685,4497
6685,9056
6685,8643
6685,1487
6685,11639
6685,11641
6685,11585
6685,4440
6685,4441
6685,4534
6685,4535
6685,4536
6685,4355
6685,4537
6685,4538
6685,4539
6685,4540
6685,4541
6685,4542
6685,4543
6685,4544
6685,4545
6685,4546
6685,4547
6685,4548
6685,4549
6685,4550
6685,4551
6612,378
6612,379
6612,12663
6612,1269
6612,1271
6612,1273
6612,1275
6612,1276
6612,1277
6612,1279
6612,56
6612,12619
6612,58
6612,59
6612,61
6612,63
6612,64
6612,12040
6612,10542
6612,69
6612,70
6612,72
6612,73
6612,75
6612,11881
6612,12603
6612,30
6612,31
6741,11246
6741,8283
6741,5242
6741,7635
6741,7470
6741,7471
6741,7472
6741,7473
6741,7474
6741,7475
6741,7476
6741,7477
6741,7478
6741,7479
6741,7480
6741,10385
6741,7481
6741,7482
6741,7483
6741,9046
6741,12292
6741,12207
6741,6734
6741,7488
6741,7489
6741,7490
6741,7491
6741,7492
6741,7501
6741,7502
6741,7503
6741,7504
6741,7505
6741,7506
6741,7507
6741,7508
6741,7509
6741,7510
6741,7511
6741,7512
6741,7513
6741,7514
6741,11458
6806,10202
6806,2676
6806,10247
6806,10288
6806,10290
6806,10292
6806,10293
6806,2170
6806,2171
6806,2172
6806,2173
6806,2174
6806,10239
6806,10240
6806,10241
6806,2688
6806,2689
6806,2690
6806,2691
6806,10429
6687,12823
6687,4495
6687,9128
6687,9131
6687,9056
6687,8643
6687,1487
6687,4659
6687,4491
6687,4661
6687,4662
6687,4663
6687,4832
6687,4664
6687,4665
6687,4666
6687,4667
6687,4668
6687,4669
6687,4670
6687,4672
6687,4673
6650,8683
6650,2967
6650,2968
6650,2969
6650,2970
6650,2971
6650,2972
6650,2973
6650,9043
6650,10205
6650,10204
6650,1891
6650,1892
6650,1893
6650,12827
6650,1478
6650,2769
6650,2770
6650,2771
6650,2772
6650,2773
6650,9010
6650,8738
6650,9505
6650,2756
6650,2757
6650,11519
6650,2759
6650,1561
6650,12810
6650,1793
6650,1794
6650,10042
6650,2760
6650,2604
6650,2605
6650,2606
6650,2607
6650,2608
6650,2609
6650,2610
6650,8443
6650,2538
6650,2539
31821,12381
31821,12451
31821,12452
31821,12453
31821,12454
31821,12455
31821,12456
31821,11305
31821,7856
31821,7857
31821,7858
31821,7859
31821,7860
31821,7703
31821,7704
31821,10378
31821,9133
31821,7865
31821,7712
31821,10888
31821,10549
31821,10550
31821,9652
31821,9653
31821,9654
31821,12580
6730,6753
6730,8415
6730,8381
6730,12312
6730,2101
6730,2102
6730,11248
6730,10209
6730,6526
6730,7013
6730,7014
6730,7017
6730,1335
6730,1336
6730,1337
6730,1340
6730,1996
6730,2000
6730,2004
6730,9987
6730,1659
6730,12406
6730,2717
6627,11876
6627,1402
6627,11193
6627,1557
6627,1559
6627,1560
6627,1561
6627,12810
6627,1563
6627,1564
6627,1565
6627,12868
6627,1567
6627,1568
6627,1570
6627,672
6627,694
6627,1572
6627,1573
6627,1574
6627,12982
6627,703
6627,1198
6627,1199
6627,1575
6627,1576
6627,1577
6627,1578
6627,1580
6627,12978
6627,12987
6627,1583
6627,1584
6627,1585
6627,1586
6627,1587
6627,1588
6627,1589
6627,1590
6627,1592
6627,1593
6627,1594
6627,1595
6627,1596
6627,1597
6627,1598
6627,1600
6627,122
6627,13031
6627,1602
6627,310
6627,311
6627,313
6627,1604
6627,1605
6627,1606
6627,1607
6627,1608
6627,1609
6627,1610
6627,10959
6627,10755
6627,1613
6627,1614
6627,12600
16718,963
16718,965
16718,966
16718,967
16718,2743
16718,969
16718,13011
16718,737
16718,738
16718,9104
16718,740
16718,13122
16718,504
16718,505
16718,506
16718,507
16718,508
16718,509
16718,510
16718,511
16718,185
16718,186
16718,3429
16718,188
6627,9124
6620,1013
6620,9366
6620,12535
6620,11535
37807,1877
37807,8802
37807,1886
37807,1888
37807,1891
37807,12826
37807,13069
37807,2742
37807,968
37807,737
37807,503
37807,185
37807,11646
37807,11441
17707,12624
17707,5908
6712,5891
6712,5892
6712,5893
6712,11721
6712,5844
6712,5845
6712,11870
6712,5895
6712,5896
6712,5897
6712,5898
6712,5899
6712,5176
6712,5177
6712,5178
6712,5179
6712,5908
6712,5274
6712,5180
6712,5816
6712,5817
6712,5818
6712,5819
6712,8967
6712,8968
6712,12305
6712,5913
6712,5914
6712,5915
6712,5916
6712,5917
6712,5918
6712,5919
6712,5920
6712,12552
6712,5923
6712,5924
6712,6116
6712,6117
6712,6118
6712,6119
6712,11905
6712,12936
6712,11910
6712,12152
6712,5935
6712,5936
6712,5792
6712,5463
6712,5593
46604,6000
46604,6078
46604,12945
46604,5631
46604,4917
46604,12940
46604,12941
46604,5250
46604,5025
46604,12942
46604,12943
46604,4965
46604,6458
6778,8094
6778,10996
6778,8093
6778,10994
6778,12502
6778,10989
6778,12503
6778,9608
30046,12022
30046,3181
30046,3182
30046,11198
30046,11308
30046,3317
30046,3318
30046,3319
30046,3320
30046,3321
30046,9643
30046,9337
30046,9344
30046,9220
30046,9227
30046,9229
30046,9445
30046,9328
30046,12689
30046,3943
30046,3964
30046,3965
30046,10145
30046,3982
30046,12263
30046,12264
30046,10592
30046,9981
30046,3929
30046,9418
30046,3908
30046,9714
30046,3202
30046,12280
30046,3195
6747,11269
6747,8283
6747,7468
6747,6730
6747,6731
6747,6732
6638,12359
6638,1945
6638,8546
6638,351
6638,354
6638,13106
6638,397
6638,12813
6638,404
6638,405
6638,12819
6638,10359
6638,10360
6638,10361
6638,10362
6638,12818
6638,10364
6638,12622
6638,10365
6638,10196
33538,10961
33538,11759
33538,12012
33538,12013
33538,10450
33538,10451
33538,10433
33538,10454
33538,11036
33538,10514
33538,10455
33538,10456
33538,12600
6657,12411
6657,2524
6657,2525
6657,2526
6657,2527
6657,3094
6657,3095
6657,3096
6657,3097
6657,3098
6657,3099
6657,3100
6657,2807
6657,2808
6657,2809
6657,1457
6657,3101
6657,3102
6657,3103
6657,2553
6657,2554
6657,2556
6657,2557
6657,9429
6657,2558
6657,2559
6657,9081
6657,11001
6657,2914
6657,2915
6657,2916
6657,3024
6657,2921
6657,3025
6657,3026
6657,1870
6657,1871
6657,1872
6657,1873
31817,11704
31817,5539
31817,5542
31817,6195
31817,6240
31817,6241
31817,6242
31817,6243
31817,6244
31817,6245
31817,6246
31817,6247
31817,6248
31817,6249
31817,6250
31817,6251
31817,6252
31817,6253
31817,6254
31817,6255
31817,6256
31817,11330
31817,6258
31817,6259
31817,12558
31817,6261
31817,6262
31817,6263
31817,6264
31817,6265
31817,9050
31817,6266
31817,6267
31817,6268
31817,6269
31817,6270
31817,6271
31817,6272
31817,6273
31817,6277
31817,6278
31817,6214
31817,6215
31817,8970
6688,4674
6688,4675
6688,12163
6688,8455
6688,8456
6688,8457
6688,8458
6688,12049
6688,8459
6688,12878
6688,12879
6688,8460
6688,12880
6688,12054
6688,8461
6688,12160
6688,8462
6688,8454
6688,12531
6688,12882
6688,8464
6688,8465
6688,12161
6688,12162
6688,12846
6688,12847
6688,8529
6688,8467
6688,8530
6688,8468
6688,8531
6688,8469
6688,10762
6688,8470
6688,8471
6688,4652
6688,4653
6688,4654
6688,4655
6688,4656
34542,6796
34542,6797
34542,6798
34542,6799
34542,6813
34542,6814
34542,6815
34542,6816
34542,6817
34542,6818
34542,6819
34542,6820
34542,6821
34542,6822
34542,6823
34542,6824
34542,6825
34542,6826
34542,6827
34542,6828
34542,6829
34542,6830
34542,6831
34542,6832
34542,6833
34542,6834
34542,6835
34542,6836
34542,6837
34542,6838
34542,6839
34542,6840
34542,8324
34542,12717
6637,22
6637,13073
6637,13074
6637,40
6637,11526
6637,11524
6637,11522
6637,11474
6637,11427
6637,11475
6637,542
6637,2081
6637,2082
6637,2083
6637,2084
6637,2085
6637,2086
6637,2074
6637,11258
30584,12217
30584,12295
30584,12296
30584,12297
30584,12298
30584,12299
30584,11958
30584,3842
30584,11957
30584,11959
30584,11557
30584,10592
30584,9981
30584,3929
30584,9418
30584,3908
30584,9714
30584,8432
30584,3973
30584,3974
30584,3904
33292,1410
6672,410
6672,76
6672,77
6672,78
6672,36
6672,12720
6672,429
6672,431
6672,437
6672,442
6672,450
6672,12901
6672,1763
6672,4003
6672,4004
6672,4005
6672,4006
6672,4007
6672,4008
6672,4009
6672,4010
6672,4018
6672,4019
6672,4020
6672,4021
6672,4022
6672,4023
6672,4024
6672,4025
6672,4026
6672,4027
6672,4028
6672,4029
6727,6578
6727,13103
6727,6869
6727,6870
6727,6800
6727,6801
6727,6802
6727,6574
6727,6803
6727,6804
6727,6805
6727,6806
6727,6807
6727,6808
6727,6809
6727,6810
6727,6871
6727,6872
6727,6873
6727,6874
6727,6875
6727,6876
6727,6877
6727,6878
6727,6879
6727,6880
6727,6881
6727,6882
6727,6883
6727,6884
6727,6886
6727,13109
6727,12886
6727,12887
6727,13077
6727,8381
6727,10426
6727,2098
6727,12312
6727,2100
6727,2101
6727,8812
6727,8417
6727,8366
6727,6523
6727,11256
6727,10209
6727,6525
6727,6526
6727,8619
6727,7013
6727,7014
6727,7015
6727,7016
6727,7017
6727,7018
6727,1335
6727,1336
6727,7025
6819,11664
6819,5185
6819,5186
6819,5187
6819,5188
6819,5189
6819,5190
6819,5191
6819,5192
6819,5193
6819,5194
6819,5195
6819,5196
6819,5197
6819,9736
6819,9737
6819,9738
6819,9734
6819,5198
6819,5199
6819,5200
6819,5201
6819,5202
6819,5854
6819,5855
6819,5856
6819,5857
6819,5858
6819,5860
6819,5861
6819,10884
6819,5862
6819,5863
6819,5864
6819,5865
6819,5866
6819,5867
6819,5868
6819,5661
6819,5662
6819,5663
6819,5664
6819,5666
6819,5769
6816,9492
6816,5380
6816,6472
6816,6473
6816,6474
6816,9306
6816,9302
6816,9300
6816,10837
6816,10828
6816,10829
6816,10831
6816,10833
6816,9298
6816,9296
6816,9294
6816,9293
6816,12081
6816,5350
6816,9403
6816,9404
6816,9405
6816,9406
6816,9407
6816,5358
6816,5359
6816,5360
6816,5361
6816,5362
6816,9435
6816,7093
6816,7094
6816,7259
6724,6709
6724,10778
6724,6658
6724,8485
6724,8484
6724,6661
6724,11608
6724,8280
6724,8326
6724,6665
6724,6666
6724,6667
6724,6668
6724,6669
6724,6670
6724,6671
6724,6672
6724,6673
6724,6674
6724,6675
6724,6676
6724,6677
6724,6678
6724,6679
6724,6680
6724,6681
6724,6603
6724,11544
6724,6604
6724,6605
6724,8324
6724,11243
6724,11387
6724,11388
6724,11409
6724,11381
6724,8604
6724,11386
6724,8367
6724,6523
6724,11270
33538,12358
33538,11341
33538,13128
33538,13129
33538,11948
33538,12007
33538,12008
33538,12009
32799,2833
32799,2415
32799,2416
32799,2417
32799,2418
32799,2419
32799,2420
32799,2421
32799,2422
32799,2424
32799,2425
32799,2426
32799,2427
32799,8584
32799,2428
32799,2429
32799,2430
32799,2431
18705,11754
18705,6473
18705,6474
18705,9306
18705,11125
18705,9294
18705,9293
18705,11126
18705,7094
18705,7166
18705,7092
18705,10747
18705,5364
18705,11775
18705,7171
18705,7172
18705,7173
18705,7174
18705,7175
18705,7176
18705,7177
18705,8948
18705,9031
18705,12931
18705,13041
18705,12929
18705,12927
18705,12926
18705,12924
18705,11751
18705,11750
18705,11747
18705,11745
18705,13040
18705,12598
18705,11920
18705,13130
18705,11925
18705,12219
18705,12307
18705,11742
18705,11741
18705,11740
18705,11739
18705,11737
18705,11757
18705,11735
18705,11756
18705,5535
18705,5536
18705,5537
18705,5538
18705,5539
18705,5540
18705,13013
6841,11535
6841,4882
6841,4883
6841,4884
6841,11542
6841,4887
6841,331
6841,332
6841,12789
6841,880
6841,11357
6841,12101
6841,887
6841,779
6841,780
6841,781
6841,10620
6841,890
6841,891
6841,892
6841,893
6841,11588
6841,895
6841,896
6841,898
6841,899
6841,900
6841,901
6841,902
6841,904
6841,905
6841,906
6841,907
6841,8742
6841,8741
6841,8673
6841,13082
6841,10012
6841,11876
6841,11697
6841,10222
6841,10018
6841,10023
6841,10029
6841,10972
6841,3130
6841,8713
6841,8898
6841,3150
6841,2891
6841,3151
6841,3153
6841,3154
6841,3155
6841,3156
6841,13030
6841,3158
6841,3159
6841,13117
6841,3177
6841,3178
6841,12506
6841,12935
6841,3181
6841,3182
6841,11198
6841,3184
6841,11308
6841,3317
6841,11402
6841,8696
6841,3331
6841,3332
6841,3333
6841,3198
6841,3199
6841,3768
6841,9714
6841,3202
6841,12280
18705,5541
18705,5542
18705,6197
11201,12358
11201,1491
11201,11499
11201,1493
11201,10958
11201,1497
11201,1498
11201,1499
11201,1500
11201,1502
11201,1503
11201,1504
11201,10969
11201,11039
11201,54
11201,55
11201,11016
11201,11038
11201,11063
11201,11013
11201,11059
11201,10967
11201,11014
11201,11209
11201,419
11201,420
11201,11211
11201,422
11201,423
11201,11695
11201,11100
11201,11049
11201,11500
11201,11062
11201,11010
11201,11064
11201,11060
11201,11007
11201,11052
11201,11009
11201,11051
11201,669
11201,670
11201,671
11201,1831
6738,7095
6738,7096
6738,7097
6738,7098
6738,7099
6738,5377
6738,5378
6738,9020
6738,7210
6738,13056
6738,13157
6738,10643
6738,13058
6738,13133
6738,10641
6738,11817
6738,5404
6738,13044
6738,5406
6738,5407
6738,13070
6738,5409
6738,5287
6738,6477
6738,6478
6738,6479
6738,5761
6738,6481
6738,5041
6738,12155
6738,6456
6701,4961
6701,5030
6701,5031
6701,5032
6701,5033
6701,5034
6701,5035
6701,5036
6701,5037
6701,5038
6701,5040
6701,5041
6701,12155
6701,11882
6701,5007
6701,5009
6701,8615
6701,5015
6701,5016
6701,5017
6701,5018
6701,5019
6701,5020
6701,5021
6701,5022
6701,5023
6701,5024
6701,5025
6701,5026
6701,5028
6701,5029
6701,6456
6780,4171
6780,4172
6780,11327
6780,4173
6780,4107
6780,4108
6780,4109
6780,4110
6780,4174
6780,4175
6780,4176
6780,4177
6780,4138
6780,4139
6780,9038
6780,4140
6780,8830
6780,4141
6780,4142
6780,12898
34541,11434
34541,11987
34541,10284
34541,10283
34541,10285
34541,10286
34541,7732
34541,7733
34541,11973
34541,12002
34541,11980
34541,10267
34541,10268
34541,10269
34541,10270
34541,10271
34541,10272
34541,11559
34541,7737
34541,11117
34541,10274
34541,10275
34541,10276
34541,10198
30039,3847
30039,3848
30039,3849
30039,3850
30039,3851
30039,3852
30039,3853
30039,3854
30039,3855
30039,3900
30039,3901
30039,3902
30039,9380
30039,9240
30039,10864
30039,9378
30039,9379
30039,3057
30039,3058
30039,3059
30039,3816
30039,3061
30039,3479
30039,3062
30039,12830
30039,12059
30039,3483
30039,12021
30039,3395
30039,3068
30039,3069
30039,3904
6821,6455
6821,5094
6821,5554
6821,5555
6821,5556
6821,5557
6821,12045
6821,5558
6821,5559
6821,5560
6821,5561
6821,5562
6821,10175
6821,10176
6821,10179
6821,10327
6821,5567
6821,5568
6821,5569
6821,5570
6821,5571
6821,5572
6821,11828
6821,5574
6821,5579
6821,5580
6821,5581
6821,5582
6821,5585
6821,5586
6821,5588
6821,5589
6821,5590
6821,5591
6821,5592
6821,5507
6821,10931
6625,12667
6702,5093
6702,4846
6702,4847
6702,4848
6702,11826
6702,5097
6702,5098
6702,5099
6702,5100
6702,5101
6702,5102
6702,5103
6702,5104
6702,5105
6702,8542
6702,5106
6702,5107
6702,5108
6702,12795
6702,4961
6702,5030
6702,5111
6702,5112
6702,5113
6702,5114
6702,5115
6702,5116
6702,5117
6702,5118
6702,5119
6702,5120
6702,5121
6702,6456
6702,5793
6702,5046
6702,5123
6702,5124
6702,5125
6702,5126
6702,5127
6702,5128
6702,5129
6702,5130
6702,5131
6702,5132
6702,11701
6702,5058
6702,12794
6702,5135
6702,5136
6702,5137
6702,9027
6702,5138
6702,5139
6702,5140
6702,10113
6702,5142
6702,5143
6702,5144
6702,5145
6702,5146
6702,5147
6702,4915
6702,4916
6702,4991
6702,4917
6702,4845
6660,3068
6660,3069
6660,3070
6660,3071
6660,3072
6660,3073
6660,3074
6660,3075
6660,3076
6660,8350
6660,8354
6660,8831
6660,8361
6660,9945
6660,3507
6660,3509
6660,3510
6660,3511
6660,3512
6660,3513
6660,3514
6660,3515
6660,3516
6660,3517
6660,8818
6660,8819
6660,8820
6660,12966
6660,3520
6660,3521
6660,3522
6660,3523
6660,3524
6660,3525
6660,3526
6660,3528
6660,3529
6660,3248
6660,8691
6660,3486
6660,3499
6660,3500
6660,3501
6660,3502
6660,3503
6660,3504
6660,3505
6660,3443
6660,3444
6660,3407
6660,3408
6660,3409
6649,11715
6649,1437
6649,1438
6649,1439
6649,1440
6649,1441
6649,1442
6649,1443
6649,1444
6649,1445
6649,1446
6649,1447
6649,1448
6649,1449
6649,1451
6649,1452
6649,1453
6649,1454
6649,1455
6649,1456
6649,1457
6649,1458
6649,1459
6649,1460
6649,1461
6649,1462
6649,1463
6649,1464
6649,1465
6649,1466
6649,1467
6649,1468
6649,1469
6649,11192
31822,10888
31822,10345
31822,10347
31822,11085
31822,7844
31822,8352
31822,7846
31822,7847
31822,7848
31822,7849
31822,7850
31822,7851
31822,7852
31822,11245
31822,12458
31822,12459
31822,12460
31822,12461
31822,12462
31822,12463
31822,12464
31822,12382
6642,5989
6642,2204
6642,2205
6642,2206
6642,8992
6642,10336
6642,2214
6642,2215
6642,2216
6642,2217
6642,2219
6642,2220
6642,2221
6642,2222
6642,2224
6642,1808
6642,1809
6642,1810
6642,1811
6642,1812
6642,1814
6642,2225
6642,2226
6642,2227
6642,2228
6642,2229
6642,2231
6642,12971
6642,12842
6642,12760
6642,2235
6642,2236
6642,11252
6642,2239
6642,12116
6642,2241
6642,826
6642,4876
6642,763
6642,2137
6642,8394
6642,2138
6642,2139
6642,2140
6642,745
6800,10889
6800,10549
6800,9256
6800,11306
6800,7883
6800,7884
6800,7885
6800,7886
6800,7887
6800,7888
6800,7889
6800,10295
6800,10296
6800,10297
6800,10299
6800,10300
6800,7785
6800,7786
6800,7787
6800,7788
6800,7789
6800,7791
6800,7792
6800,7793
6800,7794
6800,7795
6800,7796
6800,7797
6800,7798
6800,7799
6800,7800
6800,10377
6800,10366
6800,7827
6800,12108
6800,10417
6800,10198
34042,10889
34042,12480
34042,7868
34042,7869
34042,7870
34042,7871
34042,7685
34042,7686
34042,7687
34042,7688
34042,9684
34042,9685
34042,9686
34042,9687
34042,9953
34042,9689
34042,9690
34042,9691
34042,9692
34042,9693
34042,10212
34042,9695
34042,11032
34042,11027
34042,11035
34042,11026
34042,9632
34042,9701
34042,10549
34042,10550
34042,9652
34042,9653
34042,9654
34042,7768
34042,7709
34042,7710
6618,36
6618,12720
6618,13127
6618,231
6618,232
6618,234
6618,235
6618,236
6618,10814
6618,9067
6618,778
6618,779
6618,780
6618,781
6618,782
6618,783
6618,784
6618,785
6618,12148
6618,787
6618,788
6618,789
6618,790
6618,791
6618,792
6618,793
6618,794
6618,795
6618,796
6618,797
6618,798
6618,799
6618,800
6618,801
6618,802
6618,803
6618,804
6618,805
6618,806
6618,807
6618,808
6618,809
6615,613
6615,12730
6615,616
6615,11477
6615,12641
6615,12732
6615,13064
6615,30
6615,31
6615,76
6615,77
6615,78
6615,80
6615,81
31818,6298
31818,6299
31818,6300
31818,6301
31818,6302
31818,6303
31818,6335
31818,6336
31818,6337
31818,6338
31818,6339
31818,6172
31818,6173
31818,11704
6818,5769
6818,5892
6818,5893
6818,11721
6818,5844
6818,5845
6818,9726
6818,9727
6818,9728
6818,10159
6818,5203
6818,5204
6818,5205
6818,5206
6818,10710
6818,10711
6818,9088
6818,10712
6818,10713
6818,10714
6818,10715
6818,10948
34044,7259
34044,7167
34044,7168
34044,5346
34044,5347
34044,5348
34044,5349
34044,9556
34044,8922
34044,7352
34044,7353
34044,7354
34044,7355
34044,7356
34044,9058
34044,7357
34044,7249
34044,7250
34044,7251
34044,8923
34044,8924
34044,8925
34044,8926
34044,8927
34044,7253
34044,7254
34044,7255
34044,8928
34044,7217
34044,7218
34044,7219
34044,8953
34044,8954
34044,8955
34044,8956
34044,8957
34044,7221
34044,7222
34044,7223
34044,8975
34044,7412
34044,7413
34044,7414
34044,7415
34044,7416
34044,8959
34044,10412
34044,9555
34044,5355
34044,5356
34044,5357
34044,5358
34044,7089
34044,7090
34044,7091
34044,7096
34044,7093
34044,7094
6703,5593
6703,5594
6703,5595
6703,6078
6703,6079
6703,5629
6703,5630
6703,5631
6703,5632
6703,4994
6703,5230
6703,5245
6703,5246
6703,5247
6703,12800
6703,5248
6703,5249
6703,5250
6703,5024
6703,5025
6703,5026
6703,5028
6703,5029
6703,4962
6703,4963
6703,4964
6703,4965
6703,12046
6703,4966
6703,4967
6703,10948
6661,8552
6661,3552
6661,10067
6661,3355
6661,3356
6661,3357
6661,3358
6661,3359
6661,3360
6661,3361
6661,3362
6661,3363
6661,3364
6661,3365
6661,3366
6661,11543
6661,3443
6661,3444
6661,8886
6661,3588
6661,3667
6661,3668
6661,3669
6661,3041
6661,3043
6661,3044
6661,9082
6661,3045
6661,3046
6661,3047
6661,3048
6661,3049
6661,3050
6661,3052
6661,3904
31816,6318
31816,8899
31816,5435
31816,6340
31816,6341
31816,6342
31816,6343
31816,6344
31816,6345
31816,6230
31816,10427
31816,6382
31816,6383
31816,6384
31816,6385
31816,6386
31816,6387
31816,6388
31816,6389
31816,6390
31816,6217
31816,6218
31816,6219
31816,6220
31816,8972
31816,8805
31816,8909
31816,6368
31816,6369
31816,8912
31816,6370
31816,6371
31816,6372
31816,6280
6612,55
30055,13091
30055,10046
30055,10048
30055,10049
30055,10064
30055,12768
30055,12772
6690,4660
6690,4661
6690,4662
6690,4663
6690,4832
6690,4664
6690,4665
6690,4666
6690,4667
6690,4668
6690,4669
6690,4670
6690,4672
6690,4673
6690,4674
6690,4675
6690,8636
6690,4677
6690,4678
6690,4765
6690,4766
6690,4767
6690,8668
6690,4768
6690,4769
6690,4770
6690,4771
6690,4772
6690,4773
6690,4774
6690,4775
6690,12848
6690,8669
6690,4777
6690,4778
6690,4779
6690,4780
6690,4781
6690,8670
6723,6482
6723,6579
6723,6580
6723,6581
6723,6582
6723,6583
6723,6584
6723,6585
6723,6586
6723,6587
6723,6588
6723,6589
6723,6590
6723,6591
6723,6592
6723,6593
6723,6594
6723,6595
6723,6596
6723,6597
6723,6598
6723,6599
6723,6600
6723,6601
6723,6602
6723,6603
6723,11544
6723,6604
6723,6605
6723,8324
6723,12717
6723,12716
6723,6610
6723,6631
6723,6632
6723,6633
6723,6634
6723,6635
6723,6636
6723,6637
6723,6638
6723,6639
6723,6640
6723,6641
6723,6642
6723,6643
6723,6644
6723,6645
6723,6646
6723,6647
6723,8618
6723,6648
6723,6649
6723,6650
6723,6651
6723,6652
6723,6653
6723,6654
6723,13120
6723,6656
6723,6578
6723,6483
6723,6484
6723,6485
6723,6566
6723,6567
6723,6568
6723,6569
6723,13104
6723,6572
6723,8490
6822,4846
6822,4918
6822,4919
6822,4921
6822,4922
6822,4923
6822,4924
6822,4925
6822,9959
6822,9960
6822,4928
6822,5231
6822,5232
6822,10485
6822,12525
6822,11769
6822,10877
6822,11497
6822,5235
6822,5236
6822,5237
6822,5238
6822,5239
6822,5240
6822,5241
6822,5242
6822,7468
6822,7470
6822,7471
6822,7472
6822,7473
6822,7474
6822,7475
6822,7476
6822,7477
6822,7597
6614,449
6614,493
6614,494
6614,495
6614,496
6614,497
6614,498
6614,499
6614,500
6614,512
6614,12071
6614,516
6614,517
6614,518
6614,519
6614,520
6614,10976
6614,231
6614,696
6614,91
6614,93
6614,11638
6614,95
6614,11526
6614,11524
6614,11522
6614,11474
6614,11427
6614,11475
6614,542
6614,584
6614,585
6614,586
6614,12815
6614,589
6614,590
6614,591
6614,593
6614,594
6614,11046
6614,596
6614,597
6614,599
6614,600
6614,601
6614,602
6614,604
6614,606
6614,607
6614,608
6614,609
6614,610
6614,11486
6614,11794
6614,414
6614,4881
6614,4882
6614,4883
6614,4884
6614,11542
39304,2414
39304,10330
39304,2021
39304,8642
39304,1664
39304,1665
39304,1667
39304,1666
39304,12691
39304,1808
39304,1809
39304,12677
6663,2203
6663,2253
6663,2254
6663,2255
6663,2256
6663,2257
6663,2258
6663,2259
6663,2260
6663,2639
6663,2640
6663,3536
6663,3537
6663,2263
6663,11204
6663,2512
6663,3628
6663,3629
6663,3631
6663,3632
6663,2347
6663,2348
6663,3633
6663,3634
6663,3635
6663,3636
6663,12738
6663,3145
6663,3548
6663,3549
6648,2692
6648,2631
6648,10333
6648,10405
6648,10479
6648,10336
6648,10335
6648,12100
6648,12099
6648,12095
6648,12093
6648,12091
6648,12089
6648,12352
6648,12098
6648,11581
6648,11680
6648,10221
6648,12029
6648,12030
6648,10371
6648,10384
6648,10484
6648,2222
6648,2703
6648,2704
6648,2705
6648,2706
6648,2707
6648,2708
6648,2709
6648,2710
6648,2711
6648,2712
6648,2713
6648,2020
6648,10331
6648,2015
6648,1172
6648,12406
6648,12409
13684,12015
13684,11377
13684,6504
13684,6505
13684,6506
13684,6507
13684,6508
13684,6509
13684,11368
13684,11382
13684,11374
13684,6840
13684,8324
13684,12717
8290,12624
8290,12650
8290,5182
8290,5815
8290,6060
8290,11928
8290,6062
8290,6063
8290,6064
8290,6065
8290,6066
8290,6067
8290,6068
8290,6069
8290,5955
8290,5956
8290,5957
8290,5927
8290,5928
8290,5929
8290,5930
8290,13071
8290,9041
8290,5931
8290,5932
8290,5933
8290,5934
8290,5935
8290,5936
8290,5792
8290,5463
8290,5593
8290,13119
8290,5743
8290,5744
8290,5937
8290,6001
8290,5938
8290,5939
8290,5940
8290,5941
8290,5942
8290,13072
8290,6003
8290,9139
8290,5944
8290,5951
8290,5952
8290,5953
8290,6004
8290,6005
8290,6006
8290,6007
8290,6008
8290,6009
8290,6010
8290,6011
8290,6012
8290,6013
8290,10916
8290,9720
31819,5529
31819,5530
31819,5445
31819,6094
31819,12395
31819,12396
31819,12397
31819,12398
31819,12399
31819,12400
31819,12401
31819,11739
31819,11737
31819,10903
31819,10901
31819,10905
31819,12412
31819,12413
31819,5431
31819,6321
31819,6247
31819,6248
31819,12414
31819,12415
31819,12416
31819,12417
31819,12418
31819,12419
31819,6339
31819,6172
31819,6173
31819,5543
31819,5544
31819,6317
30050,9249
30050,9250
30050,9470
30050,9251
30050,9252
30050,9253
30050,9254
30050,9255
30050,9415
30050,9416
30050,3968
30050,3969
30050,3970
30050,3971
30050,10132
30050,3973
30050,3974
30050,3904
6641,12057
6641,271
6641,279
6641,9530
6641,322
6641,11724
6641,12721
6641,2118
6641,11357
6641,887
6641,10620
6641,9051
6641,8916
6616,81
6616,12581
6616,11119
6616,12329
6616,11310
6616,10424
6616,25
6616,26
6616,48
6616,49
6616,50
6616,51
6616,52
6616,53
6616,613
6624,9486
6624,8983
6624,9487
6624,981
6624,1382
6624,11220
6624,410
6624,76
6624,77
6624,78
6624,80
6624,9063
6624,21
6624,524
6624,232
6624,234
6624,235
6624,236
6624,10814
6624,9067
6624,778
6624,1143
6624,1144
6624,1145
6624,1146
6624,1147
6624,9147
6624,1149
6624,1150
6624,1151
6624,1152
6624,1153
6624,1154
6624,666
6624,12110
6624,667
6624,668
6624,1080
6624,1156
6624,1157
6624,1158
6624,1159
6624,1160
6624,1161
6624,1162
6624,13124
6624,1165
6624,1166
6624,1167
6624,1168
6624,1169
6624,1170
6624,1171
6624,1172
6624,1173
6683,4525
6683,4317
6683,4318
6683,4319
6683,4527
6683,4321
6683,4322
6683,4323
6683,4324
6683,4295
6683,4296
6683,4297
6683,4298
6683,4299
6683,4300
6683,4514
6683,4515
6683,4516
6683,4517
6683,4518
6683,4519
6683,4520
6683,4427
6683,4429
6683,4430
6683,11367
6683,4478
6683,11678
6683,4485
6683,11723
6683,4487
6683,4488
6683,9543
6683,11645
6683,11676
6683,9487
6683,981
6683,12896
6683,982
6683,983
6683,9112
6683,985
6683,12596
6683,12832
6816,7092
6816,10748
6816,7148
6816,7149
6816,5345
6816,5346
6816,9400
6816,9401
6816,9402
6816,9436
6816,9410
6816,5354
6816,9412
6816,12082
6816,9291
6816,9292
6816,9297
6816,10835
6816,10836
6816,10832
6816,10834
6816,10838
6816,10830
6816,9299
6816,9301
6816,9303
6816,9304
6816,6475
6816,6476
6816,5335
6816,5336
20667,8656
20667,12065
20667,11805
6645,2799
6645,2433
6645,2434
6645,12715
6645,2436
6645,2437
6645,2438
6645,8644
6645,2439
6645,2440
6645,2441
6645,2442
6645,2443
6645,2320
6645,2321
6645,2323
6645,13054
6645,2445
6645,2446
6645,2447
6645,2448
6645,10578
6645,8834
6645,2355
6645,11713
6662,2203
6662,2253
6662,2254
6662,2255
6662,2256
6662,2257
6662,2258
6662,2259
6662,2260
6662,2261
6662,2262
6662,11911
6662,11909
6662,3540
6662,2505
6662,3541
6662,2344
6662,3542
6662,3543
6662,3544
6662,3546
6662,3547
6662,3548
6662,3549
6662,8575
6617,11526
6617,11524
6617,11522
6617,11474
6617,11427
6617,11475
6726,7025
6726,1330
6726,1331
6726,1332
6726,6991
6726,6992
6726,6993
6726,6994
6726,6995
6726,6996
6726,6997
6726,6998
6726,8385
6726,11683
6726,8382
6726,12532
6726,6534
6726,6682
6726,6683
6726,6630
6726,11470
6726,11707
6726,6512
6726,2093
6726,2094
6726,12495
6726,2096
6726,6754
6726,6755
6726,6756
6726,6757
6726,6758
6726,6759
6726,6760
6726,6761
6726,6762
6726,6763
6726,6764
6726,6765
6726,6766
6726,6767
6726,11932
6726,6768
6726,6769
6726,6770
6726,6777
6726,6771
6726,11564
6726,6772
6726,6773
6726,6774
6726,6775
6726,6776
6726,10112
6726,11089
6726,6778
30036,3061
30036,3479
30036,3062
30036,3770
30036,3772
30036,3773
30036,3774
30036,9210
30036,3731
30036,3732
30036,9211
30036,9206
30036,9207
30036,9208
30036,3807
30036,3808
30036,3809
6817,10429
6817,2693
6817,2694
6817,2695
6817,2696
6817,2697
6817,2698
6817,2699
6817,2700
6817,2701
6817,2702
6817,10247
6817,10245
6817,10244
6817,10329
6817,10246
6817,10235
6817,10603
6817,10331
6817,2015
6817,12406
6817,2717
6712,11882
6698,11861
6698,6078
6698,5629
6698,5630
6698,5631
6698,5632
6698,6080
6698,5248
6698,5069
6698,5072
6698,5074
6698,9851
6698,6086
6698,9849
6698,12532
6698,6535
6698,11540
6698,11247
6638,10926
6638,10350
6638,12616
6638,11813
6638,10352
6638,12367
6638,12504
6638,11260
6638,10357
6638,584
6638,585
6638,12815
6638,591
6638,596
6638,600
6638,10481
6638,1932
6638,1933
6638,12600
6648,2524
6648,2718
6648,2719
6648,2720
6648,2721
6648,2722
6648,2723
6648,2724
6648,2725
6648,2726
6648,2727
6648,2728
6648,2221
6648,10390
6648,2730
6648,2732
6648,2731
6648,2733
6648,10769
6648,10771
6648,11582
6648,12096
6648,12353
6648,12088
6648,12090
6648,12092
6648,12094
6648,12097
6648,12141
6648,11102
6648,10349
6648,10339
6648,10483
6648,10340
6648,10342
6648,2657
6620,26
6727,1330
6727,7026
6727,7027
6727,7028
6727,7036
6727,7037
6727,7038
6727,7039
6727,7040
6727,7041
6727,7042
6727,7043
6727,11268
6727,7044
6727,12766
6727,8412
6727,6616
6727,6622
6727,6532
6727,6533
6727,10402
6727,6534
6727,6682
6727,6683
6727,13007
6727,12885
6727,12888
6727,6888
6727,6889
6727,6890
6727,6891
6727,6892
6727,6893
6727,13010
6727,6896
6727,6897
6727,6898
6727,6899
6727,6900
6727,6901
6727,6902
6727,6903
6727,6904
6727,6905
6727,6906
6727,6907
6727,6908
6727,6909
6727,6910
6727,6911
6727,6912
6727,6913
6727,6566
6727,6567
6727,6568
6727,6569
6727,13104
6727,6572
6727,8490
37807,13148
37807,13149
6626,1364
6626,1365
6626,1366
6626,181
6626,182
6626,184
16718,11403
16718,218
16718,11426
16718,11429
16718,11532
16718,11523
16718,11525
16718,11616
16718,938
16718,939
16718,12489
16718,2936
16718,942
16718,12860
16718,944
16718,945
16718,946
16718,947
16718,948
16718,949
16718,950
16718,951
16718,952
16718,954
16718,955
16718,956
16718,957
16718,958
16718,959
16718,960
16718,961
16718,962
16718,271
16718,8013
16718,273
16718,274
16718,277
16718,278
16718,279
16718,280
16718,281
16718,282
16718,283
16718,284
16718,285
16718,286
16718,317
16718,318
16718,320
16718,10651
16718,10652
16718,10655
16718,60
16718,61
16718,397
16718,398
16718,400
16718,12813
16718,12814
16718,404
16718,405
16718,407
6619,909
6619,910
6619,911
6619,912
6619,915
6619,916
6619,917
6619,918
6619,689
6619,919
6619,11589
6619,922
6619,923
6619,924
6619,925
6619,926
6619,927
6619,10619
6619,855
6619,856
6619,928
6619,929
6619,932
6619,933
6619,9054
6619,468
6619,469
6619,12791
6619,545
6619,9522
6619,563
6619,566
6619,567
6619,568
6619,569
6619,570
6619,571
6619,572
6619,573
6619,361
6642,12027
6642,746
6642,2146
6642,2148
6642,2151
6642,2152
6642,2153
6642,2154
6642,2155
6642,2156
6642,2158
6642,2160
6642,2161
6642,1846
6642,1847
6642,1848
6642,1849
6642,8621
6642,1850
6642,1851
6642,1852
6642,2163
6642,2164
6642,2165
6642,2166
6642,2167
6642,2168
6642,2169
6642,2170
6642,2171
6642,2172
6642,2173
6642,2174
6642,10349
6642,2175
6642,2176
6642,2177
6642,2178
6642,10929
6642,2179
6642,2180
6642,2181
6642,2182
6642,2183
6642,2184
6713,4939
6713,4846
6713,4918
6713,4919
6713,4921
6713,6081
6713,6082
6713,6083
6713,6084
6713,6085
6713,6086
6713,10855
6713,10929
6666,8561
6666,3552
6666,10440
6666,8626
6666,11685
6666,11912
6666,3674
6666,9518
6666,9514
6666,9516
6666,9517
6666,3676
6666,12140
6666,3678
6666,3679
6666,9528
6666,9527
6666,9513
6666,9532
6666,9533
6666,9399
6666,3712
6666,3683
6666,3684
6666,3685
6666,3686
6666,3687
6666,3688
6666,3713
6666,3689
6666,3690
6666,11573
6666,3692
6666,3693
6666,3694
6666,3695
6666,3696
6666,3479
6666,3062
6666,11108
6666,3064
6666,3065
6666,3066
6666,3904
6666,3334
6666,3054
6666,3055
6666,3056
6666,3057
6666,3058
6666,3728
6666,3729
6666,3730
6666,3731
6666,3732
6666,3733
6666,3734
6666,3735
6666,3736
6666,3749
6666,3750
6666,3751
6666,3752
6666,3753
6666,9091
6666,3754
6666,10411
6666,11655
6666,9398
6666,3699
6666,3700
6666,3677
6666,9521
6666,9520
6666,9519
6666,9515
6666,3703
6666,3704
6666,11684
6666,3708
6666,3608
6666,3609
6666,8573
7509,3769
7509,3196
7509,12028
7509,3784
7509,3785
7509,3314
7509,3786
7509,3315
7509,3316
7509,3261
7509,10436
7509,3265
7509,3266
7509,3267
7509,3268
7509,10583
7509,9500
7509,3270
7509,3271
7509,3272
7509,3273
7509,12536
7509,9541
6843,10428
6843,7489
6843,7490
6843,7491
6843,7492
6843,7533
6843,7534
6843,7535
6843,7536
6843,7537
6843,7538
6843,7539
6843,7540
6843,7541
6843,7542
6843,7543
6843,7516
6749,3195
6749,3054
6749,3055
6749,3825
6749,7644
6749,7645
6749,7646
6749,11785
6749,7648
6749,7649
6749,7650
6749,11781
6749,7652
6749,7653
6749,7654
6749,7655
6749,7656
6749,7657
6749,7658
6749,10703
6749,10973
6749,7662
6749,7663
6749,7664
6749,7665
6749,7666
6749,7667
6749,7668
6749,7669
6749,7670
6749,7671
6749,7672
6749,7673
6749,10890
6749,7682
6749,7683
6749,7684
6749,7685
6749,7686
6749,7687
6749,7688
6749,9854
6749,12921
6749,7690
6749,7691
6749,7692
6749,7693
6749,7694
6749,7826
6749,10891
6674,12956
6674,8969
6674,8861
6674,4121
6674,4122
6674,9039
6674,4123
6674,4125
6674,4126
6674,4127
6674,4128
6674,4129
6674,4130
6674,4088
6674,4089
6674,4090
6674,4091
6674,4092
6674,4093
6674,4094
6674,10130
6645,11718
6645,12798
6645,2462
6645,2463
6645,2464
6645,11637
6645,10970
6645,2264
6645,2266
6645,2268
6645,2269
6645,2467
6645,2468
6645,2469
6645,2470
6645,2471
6645,2472
6645,2473
6645,2474
6645,2475
6645,2476
6645,2430
6645,2431
6645,3023
6617,301
6617,302
6617,303
6617,304
6617,305
6617,306
6617,307
6617,308
6617,310
6617,311
6617,313
6617,315
6617,316
6617,317
6617,675
6617,358
6617,393
6617,12811
6617,12812
6617,397
6617,398
6617,400
6617,12813
6617,12814
6617,404
6617,405
6617,407
6617,1013
6617,9366
6617,12535
6617,11535
6617,35
6617,36
6617,12720
6617,429
6617,430
6617,431
6617,12070
6617,433
6617,435
6617,437
6617,439
6617,440
6617,441
6617,676
6617,678
6617,680
6617,682
6617,685
6617,687
6617,690
6617,8838
6617,692
6617,693
6617,694
30049,9244
30049,9324
30049,9309
30049,9308
30049,3984
30049,3985
30049,3986
30049,13095
30049,11959
30049,11557
30049,10592
30049,9981
30049,3929
30049,9418
30049,3908
30049,9714
30049,3202
30049,12280
30049,3195
30049,3067
30049,3780
30049,12182
30049,9224
30049,12208
30049,9231
30049,9232
30049,10139
30049,11407
30049,11556
30049,9259
30049,9260
30049,9261
30049,9178
30049,9262
30049,9263
30049,9264
30049,9243
6690,12823
6690,4495
6690,9128
6690,9131
6690,9056
6690,8643
6690,1487
6690,4659
6687,4674
6687,4675
6687,8636
6687,4677
6687,4678
6687,4679
6687,4680
6687,4681
6687,4682
6687,4683
6687,4684
6687,4685
6687,4686
6687,4687
6687,4688
6687,4689
6687,4690
6687,4691
6687,4692
6687,4693
6687,4694
6687,4695
6687,4696
6687,4697
6687,4698
6687,4699
6687,4700
6687,4701
6687,4702
6687,4703
6687,4704
6687,4705
6687,4706
6687,8638
6687,4707
6687,4708
6687,4709
6747,11852
6747,6733
6747,6734
6747,6727
6747,8282
6747,11270
6637,10400
6637,4881
6637,4882
6637,4883
6637,4884
6637,11542
6654,11697
6654,2780
6654,8737
6654,8683
6654,2967
6654,2943
6654,2944
6654,2945
6654,2946
6654,2947
6654,2948
6654,2949
6654,2950
6654,2951
6654,2917
6654,10957
6654,2918
6654,8816
6654,8817
6654,2868
6654,2871
6654,2872
6654,2873
6654,2874
6654,2875
6654,2876
6654,2877
6654,2878
6654,2879
6654,2880
6654,8853
6654,8710
6654,10972
6654,3130
6654,8713
6654,8898
6654,8691
6642,2207
6642,2208
6642,2209
6642,2210
6642,2211
6642,2212
6642,8655
6749,10886
6749,10549
6749,10550
6749,7714
6749,7715
6749,7716
6749,7717
6749,7718
6749,7719
6749,7720
6749,7721
6749,7722
6749,10893
6749,7724
6749,12104
6749,7727
6749,7728
6749,7729
6749,7730
6749,7731
6749,7732
6749,7733
6749,11110
6749,10264
6749,7735
6749,7736
6749,7737
6749,7738
6749,12640
6749,11653
6749,11654
6749,8408
6749,11318
6749,3903
6749,7742
6749,3065
6749,3066
6749,3904
6749,7696
6749,7697
6749,7698
6749,7699
6749,9683
6749,7700
6749,7701
6749,7702
6749,7703
6749,7704
6749,7705
6749,7706
6749,7707
30044,9476
30044,3275
30044,3276
30044,3277
30044,3278
30044,10063
30044,3281
30044,3282
30044,3283
30044,9475
6654,8688
6654,2107
6654,8714
6654,2869
6654,9952
6654,2899
6654,8735
6654,2900
6654,2901
6654,2902
6654,2903
6654,2904
6654,2905
6654,2906
6654,2907
6654,2908
6654,2909
6654,8915
6654,8814
6654,8815
6654,2857
6654,2858
6654,2859
6654,2955
6654,2956
6654,2957
6654,2959
6654,2960
6654,2961
6654,2962
6654,2963
6654,2964
6654,2965
6654,8697
6654,8701
6654,2819
6654,13094
6654,2821
6654,11874
6830,12716
6830,11385
6830,11387
6830,11388
6830,11409
6830,11381
6830,8604
6830,11386
6830,8367
6830,6523
6830,10534
6830,11248
6830,7044
6830,8598
6830,12356
6830,10558
6830,10656
6830,10659
6830,12662
6830,2128
6830,2129
6830,11073
6830,2130
6830,2131
6830,2132
6830,2133
6830,2134
6830,2135
6830,763
6830,8394
6830,765
6830,766
6830,9551
6830,768
6830,12852
6830,770
6830,772
6830,774
6830,13081
6830,202
6830,13080
6830,13079
6830,208
6830,209
6830,210
6830,211
6830,212
6830,213
6830,12976
6830,11403
6830,218
6830,4879
6830,1013
6830,9366
6830,1016
36799,989
36799,4424
36799,4476
36799,4477
36799,4326
36799,4327
36799,4328
36799,11727
36799,4329
36799,4330
36799,4331
36799,4332
36799,4334
36799,4335
36799,4336
36799,4569
36799,4570
36799,4571
36799,4572
36799,4573
36799,4574
36799,4575
36799,4576
36799,4577
36799,4578
36799,4579
6714,6198
6714,6199
6714,6200
6714,6201
6714,6354
6714,6355
6714,6356
6714,6174
6714,5437
6714,5438
6714,5439
6714,5440
6714,5441
6714,5442
6714,9021
6714,5445
6714,6094
6714,6095
6714,6096
6714,6097
6714,11931
6714,6099
6714,6100
6714,9545
6714,6103
6714,6104
6714,6028
6714,6029
6714,9022
6714,9023
6714,11771
6714,6106
6714,6107
6714,6108
6714,12757
6714,6109
6714,6110
6714,6111
6714,6112
6714,5954
6714,6478
6714,6479
6714,5761
6714,6481
6714,5041
31822,12465
31822,12466
31822,12467
31822,12468
31822,12469
31822,11305
31822,7856
31822,12470
31822,12471
31822,12472
31822,12473
31822,12474
31822,12475
31822,12476
6619,935
6661,3769
6661,3068
6661,3069
6661,3070
6661,3071
6661,3072
6661,3073
6661,3074
6661,3075
6661,3076
6661,3077
6661,3078
6661,3079
6661,3080
6661,3665
6661,3666
6661,3371
6661,3372
6661,3373
6661,8828
6661,3411
6661,3412
6661,3413
6661,3414
6661,3415
6661,3416
6661,3417
6661,3418
6661,3419
6661,3420
6661,11651
6661,3422
6661,3423
6661,10068
6661,3608
6661,3609
6661,8573
30048,3944
30048,3945
30048,3946
30048,3947
30048,3948
30048,3950
30048,3951
30048,3952
30048,12277
30048,12278
30048,3188
30048,3904
6612,115
6612,116
6612,54
6659,3053
6659,3068
6659,3396
6659,3397
6659,3398
6659,3399
6659,3400
6659,3401
6659,3077
6659,3078
6659,3079
6659,3080
6659,3081
6659,3082
6659,3083
6659,3084
6659,3085
6659,3086
6659,3087
6659,3088
6659,3089
6659,11897
6659,11898
6659,3091
6659,12209
6662,3611
6662,3612
6662,3613
6662,3614
6662,3615
6662,3616
6662,3617
6662,3618
6662,3619
6662,3620
6662,2507
6662,2508
6662,11906
6662,2326
6662,2327
6662,2328
6662,2329
6662,2330
6662,2331
6662,2332
6662,2333
6662,2335
6662,10929
6685,4579
6685,4580
6685,4581
6685,4582
6685,4584
6685,4585
6685,4586
6685,4587
6685,4588
6685,4589
6685,4590
6685,4591
6685,4592
6685,4593
6685,4594
6685,4407
6685,8605
6685,4595
6685,4412
6685,4448
6685,4596
6685,4598
6685,9543
6685,11645
6685,11676
6685,9487
6685,981
6685,12896
6685,982
6685,983
6685,9112
6685,985
6685,12596
6685,12832
6708,5793
6708,5770
6708,5771
6708,5772
6708,5773
6708,5774
6708,5775
6708,5776
6708,5777
6708,5778
6708,12482
6708,5779
6708,5780
6708,5781
6708,5782
6708,5783
6708,5784
6708,5785
6708,5787
6708,5789
6708,5790
6708,8565
6708,5791
6708,5792
6708,5463
6708,5593
6708,13119
6778,10988
6778,8096
6778,10997
6674,4096
6674,9037
6674,4097
6674,4098
6674,4099
6674,4131
6674,4132
6674,4133
6674,4134
6674,4135
6674,4136
6674,4138
6674,4139
6674,9038
6674,4140
6674,8973
6674,8971
6674,12898
18705,5437
18705,5438
18705,5439
18705,5440
18705,11755
18705,11734
18705,10856
18705,11583
18705,11574
18705,11736
18705,12379
18705,11738
18705,11743
18705,12306
18705,12218
18705,11924
18705,13131
18705,11923
18705,12597
18705,11922
18705,11744
18705,12922
18705,12923
18705,12925
18705,12928
18705,12930
18705,13042
18705,8936
18705,9030
18705,8937
18705,8938
18705,7081
18705,7082
18705,7083
18705,7084
18705,7085
18705,8939
18705,7086
18705,8940
18705,5341
18705,5342
18705,12293
18705,12173
18705,9291
18705,9292
18705,11264
18705,9303
18705,9304
18705,6475
18705,6476
18705,5335
18705,7100
6724,11250
6724,7044
6724,12766
6724,8368
6724,11380
6724,8800
6724,11644
6724,8588
6724,10612
6724,12080
6724,6630
6724,11470
6724,11707
6724,6610
6724,6631
6724,6632
6724,6633
6724,6684
6724,6685
6724,6686
6724,6687
6724,6688
6724,6689
6724,6690
6724,6691
6724,6692
6724,6693
6724,6694
6724,6695
6724,6696
6724,6697
6724,6698
6724,6699
6724,6700
6724,6701
6724,8338
6724,6703
6724,8281
6724,8483
6724,6706
6724,6707
6724,6708
6724,6704
6843,7517
6843,7518
6843,7519
6843,7520
6843,7521
6843,7522
6843,7523
6843,7524
6843,7525
6843,7503
6843,11782
6843,7445
6843,7493
6843,7494
6843,7495
6843,7526
6843,7527
6843,7528
6843,7529
6843,7530
6843,7531
6843,7532
6843,7450
11696,10428
11696,7489
11696,7490
11696,7491
11696,7492
11696,7501
11696,7502
11696,7562
11696,11206
11696,12573
11696,11147
11696,12205
11696,12220
11696,12222
11696,12224
11696,12226
11696,13000
11696,11154
11696,11138
11696,12993
11696,12994
11696,12992
11696,12996
11696,12999
11696,7455
11696,7456
11696,7457
11696,9549
11696,7458
11696,7459
11696,7460
11696,7461
11696,7462
11696,7463
11696,7464
11696,7465
11696,7466
11696,7467
11696,5243
11696,6727
11696,5216
11696,7470
11696,7471
11696,7472
11696,7473
11696,7474
11696,7475
11696,7476
11696,7477
11696,7478
11696,7479
11696,7480
11696,10385
11696,7481
11696,7482
11696,7483
11696,12998
11696,12997
11696,12991
11696,12995
11696,11094
11696,11151
11696,11144
11696,12313
11696,12225
11696,12223
11696,12221
11696,12207
11696,12546
11696,11149
11696,12547
11696,7525
11696,7444
11696,7445
11696,7446
11696,7447
11696,7448
11696,7449
11696,7450
6627,12363
6627,1491
6627,11499
6627,1493
6627,10958
6627,1497
6627,1498
6627,1499
6627,1500
6627,1502
6627,1503
6627,1504
6627,366
6627,368
6627,1505
6627,1507
6627,1509
6627,1510
6627,1511
6627,1512
6627,1513
6627,1514
6627,1515
6627,1516
6627,1517
6627,1518
6627,1519
6627,1520
6627,1522
6627,1523
6627,12866
6627,12989
6627,12570
6627,1530
6627,1531
6627,1532
6627,1533
6627,1534
6627,1535
6627,1537
6627,1153
6627,1154
6627,666
6627,12110
6627,1538
6627,1539
6627,12556
6627,697
6627,1542
6627,1544
6627,1546
6627,1547
6627,1548
6627,1549
6627,1550
6627,1551
6627,1552
6627,1553
6627,1554
6627,1555
6627,11192
6726,6779
6726,6781
6726,6782
6726,6783
6726,6784
6726,6785
6726,6786
6726,6787
6726,6788
6726,6789
6726,6790
6726,6791
6726,6792
6726,6793
6726,6794
6726,6795
6726,11254
6726,6537
6726,12172
6726,6540
6726,6541
6726,11243
6726,11387
6726,8381
6726,8380
6726,6519
6726,12533
6726,8387
6726,8386
6726,8384
6726,6951
6726,6952
6726,6953
6726,6954
6726,6955
6726,6956
6726,6957
6726,6958
6726,7046
6726,7047
6726,7048
6726,8908
6726,1336
31818,5539
31818,5542
31818,6195
31818,6357
31818,11364
31818,6449
31818,6450
31818,6451
31818,6452
31818,6297
6741,6728
6741,6735
6741,8484
23384,5494
23384,12695
23384,13052
23384,6470
23384,5285
23384,5288
23384,5295
23384,5297
23384,10642
23384,10648
23384,10644
23384,11331
23384,8989
23384,7146
23384,7147
23384,7214
23384,5353
23384,5354
23384,9412
23384,7348
23384,10740
23384,7351
23384,8959
23384,10413
23384,8960
23384,11214
23384,7225
23384,7226
23384,7227
23384,11722
23384,7229
23384,12146
23384,7377
23384,7378
23384,7379
23384,7236
30038,11229
30038,3054
30038,3055
30038,3872
30038,9257
30038,9386
30038,9387
30038,9388
30038,12302
30038,9369
30038,9370
30038,3875
30038,3876
30038,3877
30038,3878
30038,3879
30038,3880
30038,3881
30038,9349
30038,9350
30038,9352
30038,9354
30038,9347
30038,9348
30038,9355
30038,10604
30038,9356
30038,12256
30038,12257
30038,12308
30038,12214
23384,5352
6631,1818
6631,1819
6631,1820
6631,1821
6631,1822
6631,1823
6631,1824
6631,1826
6631,1825
6631,1827
6631,1828
6631,1829
6631,1830
6631,12050
6631,669
6631,670
6631,671
6631,1831
6631,1832
6624,534
6790,2358
6790,2359
6790,11719
6790,11712
6806,2693
6806,2694
6806,2695
6806,2684
6806,2685
6806,2686
6806,2687
6806,2214
6806,2215
6806,2216
6806,2217
6806,9099
6806,2660
6806,2661
6806,2662
6806,2663
6806,2664
6806,2665
6806,2666
6806,10229
6651,960
30584,3927
30584,3196
30584,3801
30584,8433
30584,9224
30584,12208
30584,9231
30584,9232
30584,10139
30584,11407
30584,11556
30584,11952
30584,11949
30584,9365
30584,12285
30584,12286
30584,12287
30584,12288
7322,2986
7322,2987
7322,2988
7322,2989
7322,2990
7322,2991
7322,2992
7322,1892
7322,1893
7322,12827
7322,1478
7322,13069
6818,5148
6818,10718
6818,10719
6818,10720
6818,10721
6818,5214
6818,10722
6818,10723
6818,5159
6818,5160
6818,5161
6818,5162
6818,9721
6818,9722
6818,9723
6818,5860
6818,5861
6818,10884
6818,11720
6818,5907
6818,5666
6628,1619
6628,1620
6628,1622
6628,1623
6628,1624
6628,1625
6628,1626
6628,1628
6628,1629
6628,1630
6628,1631
6628,1632
6628,1633
6628,1634
6628,1635
6628,1637
6628,1638
6628,1639
6628,1640
6628,1641
6628,9085
6628,12183
6628,12185
6628,2007
6628,2008
6628,1643
6628,1644
6628,1645
6628,1646
6628,1647
6628,12665
6628,1650
6628,1736
6628,12393
6628,1066
6628,1067
6628,1068
6628,1069
6628,1156
6628,1157
6628,1616
6628,1617
6628,1618
6622,11762
6622,9359
30044,9479
6658,2899
6658,8735
6658,9508
6658,1873
30039,12647
30039,12018
30039,3381
30039,3382
30039,3383
30039,3384
30039,12780
30039,3778
30039,3478
30039,11108
30039,9494
30039,10998
30039,12043
30039,3826
30039,3827
30039,3828
30039,3829
30039,10141
30039,3878
30039,3879
30039,3880
30039,3881
30039,3882
30039,3883
30039,3884
30039,3885
8286,5374
8286,5375
8286,5395
8286,11568
8286,10700
8286,10701
8286,10702
8286,5323
8286,5324
8286,10671
8286,10672
8286,10251
8286,10252
8286,10628
8286,10673
8286,11843
8286,10675
8286,12427
8286,11611
8286,11901
8286,11902
8286,11365
8286,11580
8286,11577
8286,12497
8286,5334
8286,5335
8286,5336
6625,657
6630,960
39305,2671
39305,1554
39305,12567
39305,12826
39305,1482
39305,12898
6838,12036
6838,985
6838,11535
6838,938
6838,939
6838,12489
6838,2936
6838,942
6838,12860
6838,944
6838,945
6838,946
6838,947
6838,948
6838,949
6838,950
6838,951
6838,952
6838,954
6838,955
6838,956
6838,957
6838,958
6838,960
6838,962
6838,1387
6838,1389
6838,1390
6838,1391
6838,11614
6838,1393
6838,1858
6838,1859
6838,1860
6838,1861
6838,1862
6838,1863
6838,1864
6838,1865
6838,1866
6838,8896
6838,1870
6838,1871
6838,1872
6838,1873
6838,3129
16717,4030
16717,4032
16717,4033
16717,4034
16717,4035
16717,4036
16717,4037
16717,4038
16717,4039
16717,4040
16717,4042
16717,4043
16717,10879
16717,4045
16717,4046
16717,4047
16717,4048
16717,4049
16717,4050
16717,4052
16717,1771
16717,1772
16717,1773
16717,12951
16717,453
16717,493
16717,494
16717,495
16717,496
16717,497
16717,498
16717,499
16717,500
16717,512
16717,12071
16717,516
16717,517
16717,518
16717,519
16717,520
16717,11529
16717,91
16717,93
16717,11638
16717,95
16717,96
16717,11553
16717,409
16717,10976
6687,4750
6687,4751
6687,4752
6687,4753
6687,4754
6687,4755
6647,2631
6647,2632
6647,2654
6647,2635
6647,2637
6647,2638
6647,2639
6647,2640
6647,2189
6647,2190
6647,2191
6647,2192
6647,2193
6827,7050
6827,9102
6827,7053
6827,11242
6827,12335
6827,8301
6827,6621
6827,11270
6827,9006
6827,7051
6827,7052
6631,1615
6631,699
6631,700
6631,11623
6631,12048
6631,1074
6631,1075
6631,1833
6631,1835
6631,1836
6631,1838
6631,1839
6631,11698
6631,1841
6631,1842
6631,1843
6631,1844
6631,1845
6631,1817
6776,12318
6776,2995
6776,2996
6776,2997
6776,10180
6776,10661
6776,10660
6776,3000
6776,3001
6776,3002
6776,3003
6776,3006
6776,3007
6776,3008
6776,12826
6776,1478
6776,13069
6776,8396
6688,4491
6688,4661
6688,4662
6688,4663
6688,4832
6688,4664
6688,4665
6688,4736
6688,4737
6688,4738
6688,4739
6688,4740
6688,4741
6688,4742
6688,4711
6688,4712
6688,12845
6688,12858
6688,8528
6688,4713
6688,4714
6688,4715
6688,4716
6688,8653
6688,8127
6688,4719
6688,4720
6688,4721
6688,4722
6688,4723
6688,4724
6688,4725
6688,4726
6688,4727
6688,4728
6688,4729
6688,4730
6688,4731
6688,4732
6688,4733
6688,4734
6688,4643
6688,4644
6689,4644
6689,8476
6689,10764
6689,8477
6689,8479
6689,8480
6689,8472
6689,10763
6689,8473
6689,8467
6689,8530
6689,8468
6689,8531
6689,8469
6689,10762
6689,8470
6689,8471
6689,4652
6689,4653
6689,4654
6689,4655
6689,4656
31816,8970
31816,9065
31816,6214
31816,8806
31816,8810
31816,8807
31816,8808
31816,8809
31816,12803
31816,8804
31816,6148
31816,6149
31816,6150
31816,6373
31816,6374
31816,6375
31816,6376
31816,6377
31816,6378
31816,6379
31816,6380
31816,6381
31816,8841
31816,6236
31816,6351
31816,6352
31816,6353
31816,6354
31816,6355
31816,6356
31816,6088
31816,5543
31816,5544
31816,6317
30041,3721
30041,3722
30041,3723
30041,3724
30041,9204
30041,9203
30041,3816
30041,3061
30041,3479
30041,3062
30041,12830
30041,12059
30041,3483
30041,12021
30041,3395
30041,3068
30041,3069
30041,3904
6678,4568
6678,4211
6678,4186
6678,4187
6678,4188
6678,4190
6678,4243
6678,4244
6678,10621
6678,4246
6678,4247
6678,4248
6678,4524
6678,4303
6678,4304
6678,4305
6678,4306
6678,4307
6678,4308
6678,4309
6678,4310
6678,4311
6678,4312
6678,4313
6678,4314
6678,4316
6678,4317
6678,4318
12940,7166
12940,7096
12940,7093
12940,12196
12940,12988
12940,13076
12940,12197
12940,13114
12940,13156
12940,12198
12940,12199
12940,12200
12940,12201
12940,12202
12940,12203
12940,12204
12940,11810
12940,9593
12940,9591
12940,7116
12940,11265
12940,10736
12940,7743
6708,11858
6708,5744
6708,5745
6708,5746
6708,5747
6708,5748
6708,5749
6708,5750
6708,5751
6708,5752
6708,5753
6708,5754
6708,5755
6708,5756
6708,5757
6708,5758
6708,5759
6708,5760
6708,5761
6708,5762
6708,11699
6708,5765
6708,5766
6708,5767
6708,13009
6708,6456
11692,7166
11692,7096
11692,7093
11692,9291
11692,9292
11692,11264
11692,9303
11692,9304
11692,6475
11692,6476
11692,5381
11692,12496
11692,5382
11692,12516
11692,10257
11692,10258
11692,10259
11692,10260
11692,10729
11692,13067
11692,10633
11692,10149
11692,10587
11692,10261
11692,10586
11692,9547
11692,9526
11692,12646
11692,11075
11692,11174
11692,11175
11692,11123
11692,11176
11692,11177
11692,11178
11692,6459
11692,6460
11692,5621
11692,5622
11692,11122
11692,11155
11692,11143
11692,11141
11692,4936
11692,4937
11692,4938
11692,5229
11692,4917
11692,6455
6722,10582
6722,6753
6722,11393
6722,6543
6722,6544
6722,6545
6722,6546
6722,6547
6722,6548
6722,6549
6722,6550
6722,6551
6722,6552
6722,6553
6722,6554
6722,6555
6722,6556
6722,6557
6722,6558
6722,6559
6722,6560
6722,6561
6722,6562
6722,6563
6722,6564
6722,6565
6722,6566
6722,6567
6722,6568
6722,6569
6722,13104
6722,6572
6722,8490
6720,5436
6720,5437
6720,5439
6720,5441
6720,6094
6720,9062
6720,5446
6720,10437
6720,5452
6720,5454
6720,5456
6720,5458
6720,5463
6720,5700
6720,5465
6720,5467
6720,5469
6720,5472
6720,5474
6720,5476
6720,5040
6720,5042
6819,5668
6819,5669
6819,5670
6819,5671
6819,5672
6819,5837
6819,5838
6819,5839
6819,5840
6819,5841
6819,5842
6819,5843
6819,5844
6819,5845
6819,5846
6819,5847
6819,5848
6819,10131
6819,9985
6819,5163
6819,5164
6819,5165
6819,9933
6819,9739
6819,9735
6819,5852
6819,5167
6819,5168
6819,5169
6819,5170
6819,5171
6819,12509
6819,5172
6819,5173
6819,5174
6819,5175
6819,5176
6819,5177
6819,5178
6819,5179
6819,5908
6819,5274
6819,10916
6844,10428
6844,7489
6844,7490
6844,7491
6844,7492
6844,7493
6844,7494
6844,7495
6844,7496
6844,12657
6844,7498
6844,11729
6844,7499
6844,7500
6844,7422
6728,11384
6728,8324
6728,11243
6728,11387
6728,11388
6728,11409
6728,11381
6728,8604
6728,11411
6728,6615
6728,6948
6728,6949
6728,6950
6728,6951
6728,6952
6728,6953
6728,6954
6728,6955
6728,6956
6728,6957
6728,6958
6728,6959
6728,6960
6728,6961
6728,6962
6728,10144
6728,6969
6728,6970
6728,6971
6728,6975
6728,12139
6728,6976
6728,6978
6728,11927
6728,2396
6728,10855
6728,10929
6633,11674
6633,1652
6633,12666
6633,1188
6633,1189
6633,1190
6633,1191
6633,1192
6633,1906
6633,1076
6633,1077
6633,1078
6633,12667
6633,710
6633,711
6633,713
6633,714
6633,715
6633,716
6633,717
6633,12668
6633,719
6633,720
6633,11622
6633,157
6633,158
6633,160
6633,12737
6633,12669
6633,196
6633,197
6633,198
6633,12670
6633,288
6633,289
6633,291
6633,12632
6633,293
6633,294
6633,295
6633,296
6633,12671
6633,13135
6633,300
6633,1907
6633,1908
6633,1909
6633,1910
6633,9119
6707,11858
6707,5510
6707,5511
6707,5512
6707,5513
6707,5703
6707,5705
6707,5588
6707,5589
6707,5590
6707,5706
6707,5707
6707,5708
6707,5695
6707,5709
6707,5710
6707,5712
6707,5713
6707,5714
6707,5715
6707,5716
6707,5717
6707,5718
6707,5719
6707,5720
6707,5119
6707,5721
6707,5664
6707,5665
6707,6456
6617,11529
6762,8018
6762,4519
6762,4520
6762,4427
6762,4430
6762,11367
6762,4432
6762,4433
6762,4434
6762,4435
6762,4436
6762,4437
6762,4438
6762,4449
6762,4450
6762,4451
6762,4452
6762,4453
6762,11708
6762,11261
6762,4191
6762,4507
6762,4508
6762,4509
6762,4224
8289,9635
8289,11034
8289,11028
8289,11029
8289,9671
8289,9672
8289,10210
8289,10211
8289,10218
8289,7699
8289,9683
8289,7700
8289,7701
8289,7702
8289,7703
8289,7704
8289,7705
8289,7706
8289,7707
8289,10891
29039,5391
29039,10614
29039,5305
29039,6044
29039,6045
29039,6046
29039,6047
29039,6049
29039,6050
29039,9547
29039,9526
29039,11075
29039,11174
29039,11175
29039,6073
29039,6074
29039,6075
29039,6076
29039,5935
29039,5936
29039,5792
29039,5463
29039,5593
29039,13119
6761,4113
6761,4114
6761,4115
6761,4116
6761,1766
6761,1767
6761,4473
6761,11200
6761,11196
30037,11229
30037,3054
30037,3055
30037,3825
30037,7644
30037,7645
30037,7646
30037,12248
30037,12249
30037,12250
30037,12251
30037,12213
10232,10947
10232,4782
10232,12883
10232,11118
10232,4491
10232,4661
10232,4662
10232,4663
10232,4832
10232,4664
10232,4665
10232,4666
10232,4667
10232,4668
10232,4669
10232,4670
10232,12849
10232,10819
10232,10820
10232,10821
10232,10811
6687,12531
48855,5908
48855,5180
48855,5816
48855,5817
48855,5909
48855,9463
48855,13017
48855,5972
48855,5973
48855,5974
48855,13018
48855,13019
48855,13020
30042,9633
30042,10063
30042,9342
30042,11508
30042,11239
30042,11238
30042,11797
30042,10074
30042,9339
30042,9336
30042,9650
30042,9548
30042,10172
30042,11827
30042,11259
30042,3187
30042,3188
30042,3904
6811,2703
6811,2704
6811,2705
6811,2706
6811,2707
6811,10235
6811,10603
6811,10331
6811,2015
6811,12406
6811,2717
6834,10399
6834,985
6834,11535
6834,78
6834,80
6834,9063
6834,21
6834,524
6834,232
6834,234
6834,235
6834,236
6834,10814
6834,9067
6834,778
6834,1143
6834,1144
6834,1145
6834,1146
6834,1147
6834,9147
6834,1149
6834,1150
6834,1151
6834,1152
6834,1153
6834,1154
6834,666
6834,12110
6834,667
6834,668
6834,1080
6834,1156
6834,1157
6834,1158
6834,1159
6834,1160
6834,1161
6834,1162
6834,13124
6834,1165
6834,1166
6834,1167
6834,1168
6834,1169
6834,1170
6834,2416
6834,2417
6834,2418
6834,2419
6834,2420
6834,2421
6834,2422
6834,2424
6834,2425
6834,2426
6834,2427
6834,8584
6834,2428
6834,12715
6834,2436
6834,2437
6834,2438
6834,8644
6834,2439
6834,2440
6834,2441
6834,2442
6834,2443
6834,2320
6834,2321
6834,2323
6834,13054
6834,2445
6834,2446
6834,2447
6834,2448
6834,10578
6834,8834
6834,2355
6834,11715
6834,12798
6834,7639
6834,10716
6834,9923
6834,9924
6834,9926
6834,9927
6834,10880
34541,10417
34541,12006
34541,12004
34541,12005
34541,12016
34541,7649
34541,7650
34541,11934
34541,11985
34541,11999
34541,12000
34541,12001
34541,7652
34541,7653
34541,11976
34541,12003
34541,11983
34541,11978
34541,11431
34541,11432
34541,11433
6700,7639
6700,4969
6700,12047
6700,10896
6700,4971
6700,5109
6700,5110
6700,4974
6700,4975
6700,4976
6700,4977
6700,4978
6700,4979
6700,4980
6700,4981
6700,4982
6700,4983
6700,4984
6700,4985
6700,4986
6700,4987
6700,4988
6700,4989
6700,4912
6700,4913
6700,4914
6700,4915
6700,4916
6700,4991
6700,4917
6700,6455
34540,10198
34540,12498
34540,7728
34540,10277
34540,10278
34540,10279
34540,10280
34540,10281
34540,10282
34540,11431
34540,11432
34540,11433
34540,11434
6814,7259
6814,7260
6814,7261
6814,7263
6814,7265
6814,7266
6814,10128
6814,12728
6814,7267
6814,7268
6814,12038
6814,10606
6814,7269
6814,7270
6814,7271
6814,7272
6814,7273
6814,7274
6814,7275
6814,7276
6814,7277
6814,7278
6814,7279
6814,7280
6814,7281
6814,7282
6814,7283
6814,7284
6814,7285
6814,8995
6814,7286
6814,9438
6814,7288
6814,7289
6814,7290
6814,7291
6814,7292
6814,7293
6814,7294
6814,7295
6814,7347
6814,11801
6827,11788
6827,7044
6827,8598
6827,10263
6827,7058
6827,12917
6619,9136
6614,271
6614,8013
6614,273
6614,274
6614,275
6614,350
6614,351
6614,353
6614,354
6614,356
6614,358
6614,393
6614,12811
6614,12812
6614,397
6614,398
6614,400
6614,12813
6614,12814
6614,404
6614,405
6614,407
6614,1013
6614,9366
6614,12535
6614,11535
6614,35
6614,36
6614,12720
6614,429
6614,430
6614,431
6614,12070
6614,433
6614,435
6614,437
6614,439
6614,440
6614,441
6614,442
6614,444
6614,446
6614,447
6726,7029
6726,7030
6726,8823
6726,8824
6726,8825
6726,8826
6621,11251
6621,10857
6621,10861
6621,1004
6621,10863
6621,1006
6621,11349
6621,10853
6621,12975
6621,10803
6621,10805
6621,11216
6621,10799
6621,10806
6621,10809
6621,10810
6621,483
6621,11097
6621,485
6621,11352
6621,11227
6621,11260
6641,11588
6641,898
6641,899
6641,902
6641,906
6641,1754
6623,12535
6623,11535
6623,78
6623,80
6623,12581
6623,11119
6623,415
6623,11221
6623,12548
6623,12713
6623,12712
6623,12710
6623,335
6623,337
6623,339
6623,340
6623,341
6623,342
6623,343
6623,345
6623,12977
6623,13043
6623,813
6623,814
6623,815
6623,817
6623,818
6623,819
6623,820
6623,822
6623,823
6623,11262
6623,2146
6623,2148
6623,11252
6722,6482
6722,6483
6722,6484
6722,6485
6722,6486
6722,6487
6722,6488
6722,6489
6722,6490
6722,6491
6722,6492
6722,6493
6722,6494
6722,6495
6722,6496
6722,6497
6722,6498
6722,6499
6722,6500
6722,6501
6722,6502
6722,6503
6722,6504
6722,6505
6722,6506
6722,6507
6722,6508
6722,6509
6722,6510
6722,11707
7224,10887
7224,10549
7224,10550
7224,7714
7224,7715
7224,7716
7224,7717
7224,7718
7224,7719
7224,7720
7224,7721
7224,7722
7224,10893
7224,7724
7224,12104
7224,7727
7224,7728
7224,7729
7224,7730
7224,7731
7224,7732
7224,7733
7224,11110
7224,10264
7224,7735
7224,7736
7224,7737
7224,7738
7224,12640
7224,11653
7224,3723
7224,10142
7224,10106
7224,3699
7224,3700
7224,3677
7224,10565
7224,3703
7224,3704
7224,11684
7224,3708
7224,3608
7224,3609
7224,8573
6830,11535
6830,4882
6830,4883
6830,4884
6830,11542
6830,4887
6830,9136
6830,548
6830,13115
6830,550
6830,13078
6830,9124
6830,554
6830,555
6830,557
6830,559
6830,860
6830,13085
6830,863
6830,864
6830,865
6830,866
6830,867
6830,869
6830,871
6830,9135
6830,873
6830,8301
6830,6621
6830,11250
6830,12766
6830,8368
6830,11380
6830,8800
6830,11644
6830,8588
6830,10612
6830,12080
6830,6630
6830,11470
6830,12717
23384,7098
23384,9020
23384,13056
23384,10643
23384,13133
23384,5404
23384,13044
23384,5406
23384,13070
23384,5287
23384,6478
23384,6479
23384,5761
23384,12155
23384,6456
23384,7380
23384,7381
23384,7382
23384,7383
23384,7384
23384,7385
23384,7386
23384,7387
23384,7388
23384,7389
23384,7390
23384,7391
23384,12149
23384,7392
23384,7242
23384,12145
23384,7243
23384,7244
23384,7245
23384,7246
23384,7247
23384,10662
23384,10554
23384,8961
23384,8922
23384,7417
23384,10739
23384,7420
23384,5350
23384,7421
23384,5351
23384,9057
6651,2761
6651,1174
6651,12336
6651,2763
6651,2534
6651,2535
6651,2536
6651,2537
6651,2764
6651,2765
6651,1554
6651,1555
6651,11192
6651,12567
6651,1472
6651,1474
6651,1475
6651,1476
6651,12826
6651,1478
6651,12777
6651,1480
6651,1481
6651,1482
6651,13137
6651,450
6651,12898
6728,2252
6728,2386
6728,2387
6728,2388
6728,2389
6728,2390
6728,2391
6728,2393
6728,6985
6728,11520
6728,6987
6728,9849
6728,6988
6728,6989
6728,6990
6728,6991
6728,6992
6728,6993
6728,6994
6728,6995
6728,6996
6728,6997
6728,6998
6728,6999
6728,7000
6728,7001
6728,6623
6728,6624
6728,8800
6728,11644
6728,8588
6728,10612
6728,12080
6728,6630
6728,11470
6728,11707
6728,6610
53124,10591
53124,11638
53124,95
53124,96
53124,13126
53124,8535
53124,45
53124,46
53124,47
53124,74
53124,11
53124,12348
53124,12334
53124,11311
6644,2366
6644,2367
6644,2368
6644,2369
6644,2370
6644,13143
6644,10607
6644,2372
6644,2373
6644,8418
6644,2375
6644,9047
6644,2376
6644,2377
6644,11848
6644,2382
6644,2384
6644,2385
6644,2396
6644,10855
6644,10929
6815,7192
6815,9026
6815,9025
6815,9024
6815,7195
6815,7196
6815,7197
6815,7198
6815,7199
6815,8936
6815,9030
6815,8937
6815,7178
6815,7179
6815,9013
6815,9014
6815,9011
6815,7070
6815,7071
6815,7073
6815,7074
6815,8945
6815,8946
6815,7086
6815,7087
6815,7088
6815,5360
6815,5361
6815,5362
6815,9435
6815,7093
6815,7094
6815,7259
6743,7516
6743,7517
6743,7518
6743,7519
6743,7520
6743,7521
6743,7522
6743,7523
6743,7524
6743,7525
6743,7444
6743,7445
6743,7493
6743,7494
6743,7495
6743,7526
6743,7527
6743,7528
6743,7529
6743,7530
6743,7531
6743,7532
6743,7489
6742,11266
6742,8283
6742,6728
6742,7488
6742,7489
6742,7490
6742,7491
6742,7492
6742,7501
6742,7502
6742,7503
6742,7504
6742,7505
6742,7506
6742,7507
6742,7508
6742,7509
6742,7510
6742,7511
6742,7512
6742,7513
6742,7514
6742,11458
6742,7432
6636,646
6825,10744
6825,10792
6825,10977
6825,10794
6825,10795
6825,10797
6825,10798
6825,7583
6825,7584
6825,7585
6825,7586
6825,7587
6825,7588
6825,7589
6825,7590
6825,5243
6825,7591
16718,1013
16718,9366
16718,12535
16718,11535
6825,7622
6825,7623
6825,7624
6825,7625
6825,7626
6825,7627
6825,7628
6825,7629
6825,7464
6825,7465
6825,7466
6825,7467
6623,193
6623,11523
6623,11525
6623,11616
6725,12716
6725,6610
6725,6608
6725,6712
6725,9523
6725,6714
6725,6715
6725,6716
6725,6717
6725,6718
6725,6719
6725,6720
6725,6721
6725,6722
6725,6723
6725,6724
6725,6725
6725,6726
6725,6700
6725,6701
6725,8338
6725,6703
6725,8281
6725,6704
6725,8483
6725,6706
6725,6707
6725,6708
6725,6709
6725,10778
6725,6658
6725,8485
6725,8484
6725,6661
6725,11608
6725,8280
6725,8326
6725,6665
6725,6666
6725,6739
6725,6740
6725,6741
6725,6742
6725,6743
6725,6744
6725,6745
6725,6746
6725,6747
6725,6748
6725,6749
6725,6750
6725,6751
6725,6752
6725,8324
6725,12717
6652,11874
6652,12567
6652,2838
6652,2839
6652,2840
6652,2841
6652,2842
6652,2843
6652,2844
6652,2845
6652,2846
6652,2847
6652,2849
6652,13144
6652,12983
6652,1865
6652,12984
6652,12985
6652,3113
6652,3114
6652,3115
6652,3116
6652,3117
6652,3118
6652,3119
6652,2593
6652,8659
6652,2590
6652,8897
6652,2866
6652,12839
6652,2867
6652,2868
6652,10110
6652,8721
6652,8722
6652,8703
34042,9665
34042,9635
34042,11034
34042,11028
34042,11029
34042,9671
34042,10608
34042,9673
34042,9674
34042,9675
34042,9678
34042,9679
34042,9680
34042,9681
34042,9682
34042,9683
34042,7700
34042,7701
34042,7702
34042,7861
34042,7862
34042,7863
34042,7864
34042,7865
34042,7712
34042,10888
6650,2540
6650,2541
6650,2542
6650,2543
6650,2544
6650,2545
6650,2546
6650,2547
6650,2744
6650,1743
6650,1744
6650,1745
6650,1550
6650,1551
6650,2745
6650,2746
6650,2747
6650,2748
6650,8673
6650,8740
6650,2827
6650,2828
6650,2829
6650,2830
6650,2831
6650,2832
6650,1391
6650,11614
6650,1393
6650,1858
6650,1859
6650,1860
6650,1861
6650,1862
6650,2939
6650,2940
6650,2941
6650,2942
6650,8699
6650,8697
6654,2897
39304,1852
39304,12690
39304,1633
39304,1634
39304,1635
39304,1637
39304,1638
39304,1639
39304,1640
39304,2010
39304,2011
39304,10331
39304,2015
39304,1172
39304,12406
39304,2717
7509,12829
7509,12561
7509,3290
7509,3291
7509,3292
7509,9943
7509,12083
7509,3295
7509,3296
7509,3297
7509,3298
7509,11402
7509,8696
7509,3331
7509,3332
7509,3333
7509,10132
7509,3973
7509,3974
7509,3904
6656,10208
6656,1876
6656,1877
6656,1878
6656,12343
6656,12209
6692,4645
6692,4646
6692,4647
6692,4648
6692,4649
6692,4650
6692,4651
6692,4652
6692,4653
6692,4654
6692,4655
6692,4656
6622,1066
6622,1067
6622,1068
6622,1071
7321,5428
7321,5429
7321,5430
7321,5431
7321,5432
7321,11825
7321,5434
7321,5435
7321,8854
7321,5437
7321,5438
7321,5439
7321,5440
7321,5441
7321,5442
7321,9021
7321,5445
7321,6094
7321,6095
7321,6096
7321,6097
7321,11931
7321,6099
7321,6100
7321,9545
7321,6103
7321,6104
7321,6028
7321,6029
7321,9022
7321,9023
7321,11771
7321,6106
7321,6107
7321,6108
7321,12757
7321,6109
7321,6110
7321,6111
7321,6112
7321,5954
7321,5410
7321,5411
7321,5412
7321,9540
7321,5413
7321,5414
7321,5415
7321,5416
7321,5417
7321,5418
7321,5815
7321,5183
7321,5275
7321,12624
29038,7207
29038,7092
29038,10747
29038,5364
29038,5365
29038,5366
29038,5367
29038,12051
29038,12052
29038,12053
29038,5369
29038,5370
29038,5371
29038,5372
29038,5373
29038,5374
29038,5375
29038,5395
29038,5320
29038,10190
29038,10189
29038,12262
29038,12261
29038,12315
29038,6103
29038,6104
29038,6053
29038,6054
29038,6055
29038,6056
29038,6057
29038,6058
29038,6059
29038,6071
29038,6072
29038,8356
29038,6073
29038,6074
29038,6075
29038,6076
29038,5935
29038,5936
29038,5792
29038,5463
29038,5593
29038,13119
29038,6077
29038,5744
29038,5937
29038,6001
29038,6015
29038,6016
29038,11692
29038,11693
29038,6018
29038,6019
29038,8357
29038,12990
29038,6021
29038,6022
29038,6023
29038,6024
29038,6025
29038,6026
29038,6027
29038,6124
29038,6125
29038,12260
29038,12314
29038,10188
29038,6039
29038,5310
29038,5311
29038,5312
29038,5313
29038,5314
29038,5315
29038,5316
29038,10613
29038,5317
29038,5318
29038,5319
29038,5341
29038,5342
29038,9435
29038,7093
29038,7094
29038,7214
6815,7092
6815,10748
6815,7148
6815,7149
6815,7169
6815,7170
6815,7171
6815,7172
6815,7152
6815,7153
6815,7154
6815,7155
6815,12933
6815,7156
6815,8921
6815,7157
6815,7063
6815,7064
6815,7065
6815,7078
6815,7079
6815,10666
6815,8948
6815,9031
6815,7186
6815,7187
6815,7188
6815,7189
6815,10489
6815,10490
6815,10491
6713,6984
6713,10854
6713,5991
6713,5992
6713,5993
6713,5994
6713,10707
6713,5996
6713,4936
6713,4937
6713,4938
6713,5229
6713,4917
6713,6455
16719,11716
16719,2338
16719,2339
16719,2340
16719,9182
16719,9194
16719,12291
16719,12369
16719,3143
16719,3144
16719,12738
16719,3145
16719,3140
16719,3146
16719,3147
16719,8434
16719,8691
6837,4471
6837,4424
6837,4476
6837,4477
6837,4326
6837,4327
6837,4328
6837,11727
6837,4427
6837,4429
6837,4430
6837,11367
6837,4478
6837,11678
6837,4485
6837,11723
6837,4487
6837,4488
6837,9543
6837,11645
6837,11676
6837,9487
6837,981
6837,12896
6837,982
6837,983
6837,9112
6837,985
6837,11535
6837,96
6837,10399
6727,11208
6727,6575
6727,6577
6837,4568
6837,4211
6837,4186
6837,4187
6837,4188
6837,4189
6837,4190
6837,4243
6837,4244
6837,10621
6837,4246
6837,4247
6837,4248
6837,4249
6837,4250
6837,4251
6837,4252
6837,4253
6837,4254
6837,4255
6837,4256
6837,4257
6837,4016
6837,10882
6629,8563
6629,1652
6629,1160
31821,12480
31821,12481
31821,7683
31821,7684
31821,12444
31821,12445
31821,12446
31821,12447
31821,7851
31821,7852
31821,11245
31821,12449
31821,12450
20667,11799
20667,12066
20667,12147
6817,2523
6817,10330
6817,10231
6817,10232
6817,2708
6817,2709
6817,10242
6817,10801
6817,2663
6817,2664
6817,2677
6817,2678
6817,2679
6817,2680
6817,2681
6817,2682
6817,2683
6817,2688
6817,2689
6817,2690
6817,2691
6748,4894
6748,4895
6748,4896
6748,4897
6748,4898
6748,4899
6748,4900
6748,4901
6748,10576
6748,10577
53127,13142
53127,9025
53127,9024
53127,7195
53127,7196
53127,7197
53127,7198
53127,7199
53127,8936
53127,9030
53127,8937
53127,7081
53127,7082
53127,7083
53127,7084
53127,7085
53127,8939
53127,7086
53127,7087
53127,7088
53127,5360
53127,5361
53127,5362
53127,9435
53127,7093
53127,7094
53127,7259
6689,4491
6689,4661
6689,4662
6689,4663
6689,4832
6689,4664
6689,4665
6689,4736
6689,4737
6689,4738
6689,4739
6689,4740
6689,4741
6689,4742
6689,4711
6689,4743
6689,4744
6689,4745
6689,8128
6689,4747
6689,8651
6689,4748
6689,4749
6689,4750
6689,4751
6689,4752
6689,4753
6689,4754
6689,4755
6685,4463
6705,5509
6660,8847
6660,8848
6660,8849
6660,8797
6660,8828
6660,3469
6660,3470
6660,3471
6660,3472
6660,3473
6660,3474
6660,3475
6660,3476
6828,6940
6737,7096
6737,7097
6737,7098
6737,7099
6737,5377
6737,5378
6737,8299
6737,7102
6737,7103
6737,7104
6737,7105
6737,7108
6737,7109
6737,11414
6737,7110
6737,11816
6737,11880
6737,11808
6737,9593
6737,9591
6737,7116
6737,11230
6737,7117
6737,11618
6737,7119
6737,7120
6737,7121
6737,7122
6737,7123
6737,9464
6737,5813
6737,5814
6737,5815
6737,5183
6737,5420
6737,5422
6737,5424
6737,5426
6737,10880
53127,7092
53127,10748
53127,7148
53127,7149
53127,7169
53127,7170
53127,7171
53127,7172
53127,7173
53127,7174
53127,7175
53127,7176
53127,7177
53127,8948
53127,9031
53127,7186
53127,7187
53127,7188
53127,7189
6840,11251
6840,2151
6840,2152
6840,2153
6840,2154
6840,2155
6840,827
6840,828
6840,11521
6840,12843
6840,831
6840,832
6840,834
6840,835
6840,836
6840,837
6840,12891
6840,839
6840,840
6840,841
6840,842
6840,844
6840,845
6840,847
6840,848
6840,12487
6840,850
6840,851
6840,852
6840,853
6840,10619
6840,855
6840,856
6840,8622
6840,177
6840,178
6840,179
6840,181
6840,182
6840,184
6840,3428
6840,186
6840,3429
6840,188
6840,12036
12940,10316
12940,12639
12940,12104
12940,10874
12940,7132
12940,9592
12940,11847
12940,11802
12940,9597
12940,12188
12940,12189
12940,12190
12940,12191
12940,12192
12940,12193
12940,12194
12940,13153
12940,13113
12940,12195
12940,12961
12940,13057
12940,11126
12940,7094
30038,12213
30038,12309
30038,12258
30038,12259
30038,9357
30038,9358
30038,9360
30038,9361
30038,9362
30038,9281
30038,3852
30038,3853
30038,3854
30038,3855
30038,3856
30038,3857
30038,3858
30038,9371
30038,9372
30038,12333
30038,3865
30038,12724
30038,3867
30038,3868
30038,3869
30038,3065
30038,3066
30038,3904
6836,646
6836,378
6836,379
6836,12663
6836,1269
6836,1271
6836,1273
6836,1275
6836,1276
6836,1277
6836,1279
6836,56
6836,12619
6836,58
6836,59
6836,61
6836,63
6836,64
6836,12040
6836,10542
6836,69
6836,70
6836,72
6836,73
6836,75
6836,11881
6836,12603
6836,30
6836,9112
6836,985
6649,2263
6649,2264
6836,95
6836,96
6836,8535
6836,45
6836,46
6836,47
6836,98
6836,12494
6836,101
6836,103
6836,104
6836,105
6836,106
6836,107
6836,1379
6836,109
6836,110
6836,111
6836,112
6836,12958
6836,113
6836,119
6836,121
6836,122
6836,124
6836,126
6836,128
6836,130
6836,296
6836,12671
6836,13135
6836,300
6837,76
6837,77
6837,78
6837,80
6837,81
6837,4494
6837,11706
6837,4496
6837,4497
6837,9056
6837,8643
6837,1487
6837,4463
6837,4464
6837,4465
6837,4466
6837,4467
6837,4468
6837,4456
6837,9944
6837,11929
6837,4442
6837,4443
6837,4469
6837,4470
6702,11882
6691,4817
6691,4818
6691,4819
6691,4820
6691,4821
6691,4822
6691,4823
6691,4824
6691,4825
6691,4826
6691,8666
6691,4827
6691,4828
6691,4829
6691,8667
6691,11866
6617,12625
6617,11426
6617,11429
6617,11532
6617,11523
6617,11525
6617,11616
6617,11527
17707,5976
17707,9742
17707,5978
17707,5980
17707,5981
17707,5982
17707,5983
17707,11487
17707,11493
17707,11494
17707,11492
17707,12063
17707,5813
17707,5814
17707,5815
17707,5183
17707,10880
53124,12330
53124,12331
30045,9157
30045,11572
30045,3288
30045,3289
30045,9482
30045,9480
30045,12856
30045,9478
30045,9476
30045,3275
30045,3276
30045,9342
30045,11508
30045,11239
30045,11238
30045,11797
30045,10074
30045,9339
30045,9336
30045,9650
30045,3322
30045,3323
30045,3324
30045,10841
30045,3326
30045,3327
30045,3328
30045,11827
30045,10099
30045,10100
30045,11207
30045,10101
30045,10191
30045,10860
45596,12761
45596,1810
45596,1812
45596,2225
45596,12873
45596,2231
45596,12760
45596,11252
11692,5244
11692,4846
11692,4918
11692,4919
11692,4921
11692,11121
11692,11142
11692,11139
11692,11156
11692,5583
11692,5584
11692,6464
11692,6465
11692,11074
11692,11153
11692,11150
11692,11148
11692,11124
11692,11140
11692,11145
11692,11076
11692,12645
11692,9525
11692,10148
11692,10585
11692,10250
11692,10588
11692,10248
11692,10726
11692,10725
11692,10727
11692,10251
11692,10252
11692,10253
11692,10255
11692,5332
11692,12497
11692,5334
11692,6472
11692,6473
11692,6474
11692,9306
11692,11125
11692,9294
11692,9293
11692,11126
11692,7094
6799,12655
6799,7678
6799,7679
6799,7680
6799,7681
6799,7708
6799,7777
6799,7778
6799,7779
6799,7780
6799,7781
6799,7782
6799,7783
6799,7784
6799,10305
6799,10308
6799,10310
6799,10314
6799,10315
6799,7890
6799,7891
6799,7892
6799,7893
6799,7894
6799,7895
6799,7896
6799,7897
6799,7898
6799,12673
6799,7745
6799,7746
6799,7747
6799,10377
6799,10366
6799,7827
6799,12108
6799,10417
6799,10198
6799,12498
6799,10731
6799,7801
6799,7802
6799,7803
6799,7804
6799,10294
6799,7828
6799,7829
6799,7830
6799,7831
6799,7832
6799,7833
6799,7834
6799,10295
6799,10296
6799,10297
6799,10299
6799,10300
6799,11109
6799,7762
6799,7763
6799,7764
6799,7765
6799,7766
6799,7767
6799,12580
6799,7769
6799,7770
6799,7771
6799,7710
6799,7772
6799,7773
6799,7774
6799,10888
6799,12793
6814,9597
6814,7296
6814,7297
6814,7298
6814,7299
6814,7300
6814,7301
6814,9042
6814,7302
6814,7303
6814,7304
6814,7305
6814,7306
6814,7307
6814,7308
6814,7309
6814,7310
6814,7311
6814,7312
6814,7313
6814,7314
6814,7315
6814,7316
6814,7317
6814,7318
6814,7319
6814,7320
6814,7321
6814,7322
6814,7323
6814,10605
6814,12039
6814,7324
6814,7325
6814,10129
6814,7326
6814,7328
6814,12854
6814,5352
6814,7094
11202,11066
11202,11068
11202,11054
11202,11056
11202,354
11202,356
11202,359
11202,360
11202,361
6679,4338
6679,4339
6679,4340
6679,4341
6679,4347
6679,4348
6679,4349
6679,4350
6679,4353
6679,4354
6679,4355
6679,4356
6679,4357
6679,12374
6679,4360
6679,4361
6679,4362
6679,4363
6679,4364
6679,4295
6679,4296
6679,4297
6679,4298
6679,4299
6679,4300
6679,4301
6679,4200
6679,4365
6679,4366
6679,4367
6679,4368
6679,4369
6679,4370
6679,4371
6679,4372
6679,4373
6679,4374
6679,4375
6679,11600
6679,11603
6679,11602
6679,11594
6679,12901
22639,10882
22639,4229
22639,4230
22639,4231
22639,4260
22639,4261
22639,4262
22639,4263
22639,4264
22639,4265
22639,4266
22639,4268
22639,4269
22639,4270
22639,4271
22639,4272
22639,10753
22639,4052
22639,1771
22639,1772
22639,1773
22639,12955
6698,11398
6698,2098
6698,12533
6698,9848
6698,5991
6698,11003
6698,5019
6698,5021
6698,5256
6698,5258
6698,5553
6698,5554
6698,5555
6698,12944
6698,5591
6698,5509
6630,1685
6630,1737
6630,1738
6630,11333
6630,11328
6630,11325
6630,11324
6630,1743
6630,1744
6630,1745
6630,1550
6630,1746
6630,8612
6630,1747
6630,11619
6630,11615
6630,1750
6630,1751
6630,8742
6630,8741
6630,8673
6630,8743
6630,1754
6630,1755
6630,1756
6630,1757
6630,1758
6630,1759
6630,1708
6630,1482
6630,13137
6630,450
6630,12898
6691,10947
6691,4782
6691,4783
6691,4784
6691,8652
6691,4786
6691,4787
6691,8661
6691,8662
6691,4788
6691,4789
6691,4790
6691,4791
6691,4792
6691,4793
6691,4794
6691,4795
6691,4796
6691,4797
6691,4798
6691,4799
6691,4800
6691,8512
6691,8663
6691,8664
6691,4802
6691,4803
6691,4804
6691,4805
6691,4806
6691,4807
6691,4808
6691,8665
6691,4809
6691,4810
6691,4811
6691,4812
6691,4813
6691,4814
6691,4815
6691,4816
6691,12823
6691,4495
6691,9128
6691,9131
6691,9056
6691,8643
6691,1487
6691,4659
6622,80
6624,1174
6624,1175
6624,1176
6624,1177
6624,1178
6624,1181
6624,13125
6624,1185
6624,1186
6624,1193
6624,1195
6624,1196
6624,1071
6624,701
6624,702
6624,703
6624,1198
6624,1199
6624,1201
6624,1202
6624,1203
6624,1204
6624,1206
6624,1207
6624,1208
6624,8622
6624,11529
37807,966
6624,12666
6625,11871
45596,11251
45596,2153
45596,2156
45596,2160
45596,1846
45596,1849
45596,1851
36799,4551
36799,4552
36799,4553
36799,4554
36799,4555
36799,4556
36799,4557
36799,4558
36799,9651
36799,4560
36799,4561
36799,4562
36799,4563
36799,4564
36799,4566
36799,4567
36799,4442
36799,4443
36799,4469
36799,4470
36799,10866
6840,985
6840,11535
6840,35
6840,36
6840,12720
6840,13127
6840,231
6840,232
6840,234
6840,235
6840,236
6840,10814
6840,9067
6840,778
6840,779
6840,780
6840,781
6840,782
6840,783
6840,784
6840,785
6840,12148
6840,787
6840,788
6840,789
6840,790
6840,791
6840,792
6840,793
6840,794
6840,795
6840,796
6840,797
6840,798
6840,799
6840,800
6840,801
6840,802
6840,803
6840,804
6840,805
6840,806
6840,807
6840,808
6840,809
6840,9103
6840,12971
6840,12842
6840,12760
6840,2235
6840,2236
6840,11252
6838,10208
6838,1876
6838,1877
6838,1878
6838,1879
6838,1880
6838,8802
6838,11766
6838,1885
6838,1886
6838,1887
6838,1888
6838,10205
6838,10204
6838,1891
6838,1892
6838,1893
6838,12826
6838,1478
6838,13069
6838,12777
6838,1480
6838,1481
6838,2742
6838,965
6838,966
6838,967
6838,968
6838,969
6838,13011
6838,737
6838,738
6838,9104
6838,740
6838,503
6838,504
6838,505
6838,506
6838,507
6838,508
6838,509
6838,510
6838,511
6838,3428
6838,186
6838,3429
6838,188
6665,8672
6665,3350
6665,3351
6665,3353
6665,10067
6665,3355
6665,3356
6665,9422
6665,3641
6665,3642
6665,3643
6665,3644
6665,10594
6665,3645
6665,8847
6665,8848
6665,8849
6665,8797
6665,8886
6665,3572
6665,3573
6665,3574
6665,3575
6665,3576
6665,10664
6665,12337
6665,12243
6665,12244
6665,3153
6665,3154
6665,12209
6825,7470
6825,7471
6825,7472
6825,7473
6825,7474
6825,7475
6825,7576
6825,7577
6825,7578
6825,7579
6825,7580
6825,7581
6620,10431
6805,7904
6805,7905
6805,7906
6805,7907
6805,7908
6805,7909
30051,3067
30051,9018
30051,12281
30051,12282
30051,3911
30051,3912
30051,3913
30051,3914
30051,3915
30051,3916
30051,3917
6717,11253
6717,8283
6717,6175
6717,5524
6717,5525
6717,10443
6717,5526
6717,12395
6717,12396
6717,12397
6717,12398
6717,12399
6717,12400
6717,12401
6717,11739
6717,11737
6717,11757
6717,6135
6717,12402
6717,12403
6717,5431
6717,6321
6717,6247
6717,6248
6717,6249
6717,6250
6717,6251
6717,6252
6717,6253
6717,6254
6717,6255
6717,6335
6717,6336
6717,6337
6717,6338
6717,6339
6717,6172
6717,6173
6717,6340
6717,5542
6717,6195
6717,6357
6717,11364
6717,6359
6717,6360
6717,6361
6717,6362
6717,6304
6717,6305
6717,6306
6717,6307
6717,6308
6717,6309
6717,6310
6717,6311
6717,6312
6717,5547
6717,6089
6717,12385
6717,11202
6717,10856
6717,11583
6717,11574
6717,12386
6717,12387
6717,12388
6717,12389
6717,12390
6717,12391
6717,12394
6717,9062
6717,10407
6717,5446
6717,10445
6717,5447
6717,5448
6717,6194
6717,8282
6717,11270
34543,6709
34543,10778
34543,6658
34543,8485
34543,8484
6659,12211
6659,3030
6659,3031
6659,11679
6659,11896
6659,3033
6659,3034
6659,3035
6659,11443
6659,3037
6659,3038
6659,11444
6659,3040
6659,3041
6659,3043
6659,3044
6659,9082
6659,3045
6659,3386
6659,3387
6659,3388
6659,3389
6659,3390
6659,3391
6659,3392
6659,3069
6659,3904
6709,5045
6709,5046
6709,5047
6709,8566
6709,12916
6709,5794
6709,5795
6709,5796
6709,5777
6709,5778
6709,12482
6709,5779
6709,5780
6709,5797
6709,5798
6709,5799
6709,5800
6709,5801
6709,5802
6709,5803
6709,5804
6709,5805
6709,5806
6709,5807
6709,5808
6709,5809
6709,5810
6709,5811
6709,5812
6709,5813
6709,5814
6709,5815
6709,5183
6709,5275
6709,12624
6626,1330
6626,1331
6626,1332
6626,6991
6626,1334
6630,1760
6728,11613
6728,10757
6728,10759
6728,10758
6728,13108
6728,9004
6728,12821
6728,11841
6728,12658
6728,6963
6728,6964
6728,6965
6636,863
6652,8704
6652,8846
6652,2911
6652,12838
6652,2912
6652,2562
6652,11450
6652,2558
6652,3105
6652,3106
6652,3107
6652,3108
6652,3109
6652,3110
6652,3111
6652,10090
6652,10194
6652,1885
6652,10092
6652,8288
6652,2926
6652,2927
6652,2928
6652,2929
6652,2930
6652,2931
6652,2932
6652,2933
6652,2934
6652,2935
6652,11879
6652,11697
6620,11526
6620,11524
6620,11522
6620,11474
6620,11427
6620,11475
6805,7941
6805,7942
6805,7943
6805,7944
6805,7945
6800,12498
6800,10731
6800,7748
6800,7749
6800,7750
6800,11025
6800,7753
6800,7754
6800,7755
6800,7756
6800,7757
6800,7758
6800,7759
6800,7760
6800,10305
6800,10308
6800,10310
6800,10314
6800,10315
6800,7835
6800,7836
6800,7837
6800,7838
6800,7839
6800,7840
6800,7841
6800,10306
6800,10309
6800,10557
6800,10313
6800,10888
31821,7709
31821,7710
6675,12900
6675,4120
6675,12383
6675,4072
6675,4073
6675,4144
6675,4145
6675,4146
6675,4147
6675,4148
6675,4149
6675,4150
6675,4151
6675,4152
6675,4153
6686,4337
6686,4338
6686,4339
6686,4340
6686,4342
6686,4343
6686,4344
6686,4601
6686,4602
6686,4603
6686,4604
6686,4605
6686,4606
6686,4607
6686,4345
6686,4346
6686,4347
6686,4348
6686,4349
6686,4350
6686,4446
6686,4447
6686,4448
6686,4596
6686,4598
6686,9543
6686,11645
6686,11676
6686,9487
6686,981
6686,12896
6686,982
6686,983
6686,9112
6686,985
6686,12596
6686,12832
6834,5262
6834,5665
6834,10442
6834,9929
6834,9930
6834,9932
6834,2353
6834,2354
6834,2462
6834,2463
6834,2464
6834,11637
6834,10970
6834,2264
6834,2266
6834,2268
6834,2269
6834,2467
6834,2468
6834,2469
6834,2470
6834,2471
6834,2472
6834,2473
6834,2474
6834,2475
6834,2476
6834,2478
6834,2479
6834,2480
6834,2481
6834,2482
6834,12571
6834,2484
6834,2485
6834,2486
6834,2487
6834,2488
6834,11194
6834,2489
6834,2490
6834,2491
6834,1175
6834,1176
6834,1177
6834,1178
6834,1181
6834,13125
6834,1185
6834,1186
6834,1193
6834,1195
6834,1196
6834,1071
6834,701
6834,702
6834,703
6834,1198
6834,1199
6834,1201
6834,1202
6834,1203
6834,1204
6834,1206
6834,1207
6834,1208
6834,8622
6834,177
6834,178
6834,179
6834,181
6834,182
6834,184
6834,11529
6834,91
6834,93
6834,11638
6834,95
6834,96
6624,414
6686,4494
6686,11706
6686,4496
6686,4497
6686,9056
6686,8643
6686,1487
6686,11639
6686,11641
6686,11585
6686,4440
6686,4441
6686,4599
6686,4352
6686,4414
6686,4415
6686,4416
6686,4417
6686,4418
6686,4419
6686,4420
6686,12122
6686,4422
6686,4423
7321,5908
7321,5180
7321,11819
7321,5277
7321,5278
7321,5279
7321,5280
7321,5281
7321,5282
7321,5283
7321,5284
7321,6113
7321,6114
7321,6115
7321,6116
7321,6117
7321,6118
7321,6119
7321,6120
7321,6121
7321,6122
7321,6051
7321,6052
7321,10787
7321,6124
7321,6125
7321,6126
7321,8489
7321,6128
7321,6129
7321,6130
7321,6131
7321,6132
7321,6133
7321,5531
7321,5532
7321,5533
7321,5534
7321,5535
7321,5536
7321,5537
7321,5538
7321,5541
7321,5542
7321,5543
7321,5544
7321,5545
7321,11822
7321,5547
7321,5548
7321,5549
7321,5550
7321,6457
7321,5551
11693,6984
11693,10854
11693,5991
11693,11628
11693,11630
11693,11129
11693,11130
11693,11158
11693,11160
11693,11162
11693,11131
11693,11164
11693,11133
11693,11166
11693,11078
11693,11168
11693,5797
11693,5798
11693,5799
11693,5800
11693,5801
11693,5802
11693,5803
11693,5804
11693,11592
11693,11170
11693,11137
11693,11172
11693,11591
11693,12103
11693,12802
11693,11686
11693,11687
11693,11688
11693,11778
11693,7125
11693,7126
11693,7127
11693,7128
11693,7129
11693,7130
11693,10874
11693,7132
11693,9592
11693,11847
11693,11805
11693,11811
11693,9593
11693,9591
11693,7116
11693,11230
11693,7117
11693,11618
11693,7119
11693,7120
11693,7121
11693,7122
11693,7123
11693,11705
11693,11690
11693,11689
11693,11933
11693,12801
11693,12102
11693,11173
11693,11171
11693,9452
11693,11169
11693,5826
11693,5827
11693,5828
11693,5829
11693,5830
11693,5831
11693,5832
11693,5833
11693,11135
11693,11167
11693,11077
11693,11165
11693,11134
11693,11163
11693,11132
11693,11161
11693,11159
11693,11157
11693,11127
11693,11128
11693,11627
11693,11629
11693,6086
11693,10855
11693,10929
6844,7423
6844,7424
6844,7425
6844,7426
6844,7427
6844,7428
6844,7429
6844,7430
6844,7431
6844,7446
6844,7447
6844,7448
6844,7449
6844,7450
6614,11426
6614,11429
6614,11532
6614,11523
6614,11525
6614,11616
6614,11527
6650,2833
30037,12214
30037,12252
30037,12253
30037,12254
30037,12255
30037,11654
30037,8408
30037,11318
30037,3903
30037,7742
30037,3065
30037,3066
30037,3904
6643,2397
6643,2253
6643,2254
6643,2255
6643,2256
6643,2257
6643,2258
6643,2259
6643,2260
6643,2639
6643,2640
6643,3536
6643,3537
6643,2263
6643,2264
6643,2266
6643,2268
6643,11732
6643,2270
6643,11919
6643,2273
6643,2274
6643,2275
6643,2276
6643,2277
6643,2278
6643,2280
6643,2281
6643,2282
6643,2283
6643,2284
6643,2287
6643,2288
6643,2289
6643,9986
6643,2291
6643,11104
6643,2126
6643,8691
13684,12964
6705,11882
6705,10442
6705,9929
6705,9930
6705,6458
34540,11987
34540,11992
34540,11988
34540,11996
34540,7656
34540,7657
34540,7827
34540,12108
34540,10417
6675,12951
6675,453
6675,497
6675,512
6675,518
6675,10976
6675,696
6675,91
6675,93
6675,11638
6675,95
6675,96
6675,11553
6675,409
6704,5287
6704,6477
6704,5410
6704,5411
6704,5412
6704,9540
6704,5413
6704,5414
6704,5415
6704,5416
6704,5417
6704,5418
6704,5815
6704,5183
6704,5419
6704,5420
6704,5421
6704,5422
6704,5423
6704,5424
6704,5425
6704,5426
6704,10880
6704,7092
6704,10747
6704,5364
6704,5376
6704,5377
6704,5378
6704,11232
6704,12037
6704,12328
6704,5385
6704,5386
6704,5387
6704,5388
6704,5389
6704,5390
6704,5391
6704,10614
6704,5392
6704,5393
6704,10190
6704,10189
6704,10379
6704,5305
6704,6044
6704,6045
6704,6046
6704,6047
6704,6049
6704,6050
6704,12478
6704,12550
6704,5404
6704,13044
6704,5406
6704,5407
6704,13070
6704,5409
6721,5042
6721,6468
6721,13052
6721,6470
6721,6471
6721,5285
6721,9019
6721,5288
6721,5292
6721,5293
6721,5295
6721,5296
6721,5297
6721,5298
6721,10163
6721,12828
6721,10148
6721,10585
6721,10250
6721,10588
6721,10248
6721,10726
6721,10725
6721,10727
6721,10251
6721,10252
6721,10253
6721,10255
6721,5332
6721,12497
6721,5334
6721,6472
6721,6473
6721,6474
6721,9306
6721,11125
6721,9294
6721,9293
6721,11126
6721,7094
6721,7214
6700,12794
6622,1070
6622,1081
6622,1082
6622,1083
6633,813
6780,12957
6780,4120
6780,8861
6780,4121
6780,4122
6780,9039
6780,4164
6780,4165
6780,4166
6780,4167
6780,9040
6780,4077
6780,4078
6780,4079
6780,4168
6780,4169
6780,10962
6780,4170
6701,12916
6701,5049
6701,5050
6701,5051
6701,5052
6701,5053
6701,5054
6701,5055
6701,5056
6701,5059
6701,5060
6701,5061
6701,5062
6701,5063
6701,5064
6701,5065
6701,5066
6701,5067
6701,5068
6701,5069
6701,5070
6701,5071
6701,5072
6701,5073
6701,5074
6701,5075
6701,5076
6701,5077
6701,5078
6701,5079
6701,5080
6701,5081
6701,5082
6701,5083
6701,8351
6619,10895
18705,7064
18705,7065
18705,7078
18705,7079
18705,10666
6635,9069
6635,12375
6635,44
6635,47
6635,11563
6635,1959
6635,12815
6635,591
6635,596
6635,600
6635,10481
6635,1932
6635,1933
6635,12600
6709,5908
6709,5180
6709,5816
6709,5817
6709,5818
6709,5819
6709,5820
6709,5821
6709,5822
6709,5823
6709,5824
6709,5825
6709,5826
6709,5827
6709,5828
6709,5829
6709,5830
6709,5831
6709,5832
6709,5833
6709,5756
6709,5757
6709,5758
6709,5759
6709,5760
6709,5834
6709,5835
6709,5836
6709,5040
6709,5041
6709,12155
6709,6456
53126,10887
53126,7682
53126,7683
53126,7684
53126,12444
53126,12445
53126,12446
53126,12447
53126,7851
53126,7852
53126,11245
53126,13139
6776,1391
6776,11614
6776,1393
6776,10071
6776,3010
6776,3011
6776,3014
6776,3015
6776,3016
6776,3017
6776,9121
6776,11829
6776,3020
6776,3021
6776,3022
22639,12957
22639,1763
22639,4003
22639,4004
22639,4274
22639,4275
22639,4276
22639,4277
22639,4278
22639,4279
22639,4281
22639,4282
22639,4283
22639,4284
22639,4285
22639,4286
22639,4287
22639,4239
22639,4240
22639,4241
22639,10879
22639,12735
22639,4015
22639,4016
6705,9932
30046,3906
30046,3780
30046,12182
30046,9224
30046,12208
30046,9231
30046,9232
30046,10139
30046,10135
30046,10138
30046,10134
30046,9282
30046,9283
30046,9311
30046,9179
30046,9325
30046,9326
30046,9327
30046,9222
30046,9223
30046,9984
30046,9225
30046,9226
30046,9221
30046,9339
30046,9336
30046,9650
30046,9548
30046,10172
30046,11827
30046,11259
30046,12241
30046,3214
30046,3215
30046,3216
30046,10860
34542,6572
34542,8490
6709,11882
39305,12954
39305,960
39305,1387
39305,1393
39305,1401
39305,1557
39305,12406
39305,2717
6777,12499
6777,10983
6777,12422
6777,10982
6777,8092
6777,8087
6777,12421
6777,9603
6777,10991
6777,12500
6777,8582
6777,9608
53126,12455
53126,12456
53126,11305
53126,7856
53126,7857
53126,7858
53126,7859
53126,7860
53126,7703
53126,7704
53126,7705
53126,7706
18213,12693
18213,4425
18213,4426
18213,11091
18213,9109
18213,9110
16718,78
6651,1760
34042,12793
7224,10564
7224,3552
7224,10440
7224,8626
7224,11685
7224,11912
7224,3674
7224,11642
7224,3676
7224,12140
7224,3678
7224,3679
7224,3719
7224,13037
7224,11785
7224,7648
7224,7649
7224,7650
7224,11781
7224,7652
7224,7653
7224,7654
7224,7655
7224,7656
7224,7657
7224,7658
7224,10703
7224,10973
7224,7662
7224,7663
7224,7664
7224,7665
7224,7666
7224,7667
7224,7668
7224,7669
7224,7670
7224,7671
7224,7672
7224,7673
7224,10891
6743,7450
6743,7490
6743,7491
6743,7492
6743,7533
6743,7534
6743,7535
6743,7536
6743,7537
6743,7538
6743,7539
6743,7540
6743,7541
6743,7542
6743,7543
31821,12793
6614,276
6710,11882
6710,12916
6710,5049
6710,5050
6710,5051
6710,5052
6710,5053
6710,5054
6710,5055
6710,5056
6710,5059
6710,5060
6710,5061
6710,5062
6710,5063
6710,5064
6710,5065
6710,5066
6710,5067
6710,5068
6710,5869
6710,5870
6710,5871
6710,5872
6710,5873
6710,5874
6710,5875
6710,5876
6710,5877
6710,5878
6710,5879
6710,4845
6710,5093
6710,5881
6710,5882
6710,5883
6710,5884
6710,5885
6710,5886
6710,5887
6710,5888
6710,5889
6710,5250
6710,5024
6710,5025
6710,5026
6710,5028
6710,5029
6710,4961
6710,5030
6710,5031
6710,5032
6710,5033
6710,5034
6710,5035
6710,5036
6710,5037
6710,5038
6710,5040
6710,5041
6710,12155
6710,10880
16719,8687
16719,3249
16719,3250
16719,10076
16719,3251
16719,3133
16719,3134
16719,3252
16719,12372
16719,2349
16719,2350
16719,3255
16719,3135
16719,2353
16719,2354
16719,2355
16719,11714
6727,7029
6727,7030
6727,13100
6727,7031
6727,7032
6727,7033
6727,7034
6727,7035
6739,5262
6739,5180
6739,5816
6739,5817
6739,11490
6739,12064
6739,11806
6739,9597
6739,7296
6739,7297
6739,7298
6739,7299
6739,7300
6739,7301
6739,9042
6739,7302
6739,7331
6739,7332
6739,7333
6739,7334
6739,7335
6739,7306
6739,7307
6739,7308
6739,7309
6739,7310
6739,7311
6739,7312
6739,7337
6739,7338
6739,7339
6739,7340
6739,7281
18213,9111
18213,11090
18213,12025
18213,4458
6677,4471
6677,4211
6677,4186
6677,4187
6677,4188
6677,4190
6677,4243
6677,4244
6677,10621
6677,4246
6677,4247
6677,4248
6677,4249
6677,4250
6677,4251
6677,4252
6677,4253
6677,4254
6677,4255
6677,4256
6677,4257
6677,4016
10232,10822
10232,10823
10232,12850
10232,4647
10232,4648
10232,4649
10232,4650
10232,4651
10232,4652
10232,4653
10232,4654
10232,4655
10232,4656
34544,10999
34544,10993
34544,10987
34544,12549
34544,12500
34544,9608
6838,959
6838,961
31817,6280
31817,6281
31817,6282
31817,6283
31817,6284
31817,6285
31817,6286
31817,6287
31817,6288
31817,6289
31817,6290
31817,6291
31817,6292
31817,6293
31817,6294
31817,6295
31817,6296
31817,6297
31817,6298
31817,6299
31817,6300
31817,6301
31817,6302
31817,6303
31817,6304
31817,6305
31817,6306
31817,6307
31817,6308
31817,6309
31817,6310
31817,6311
31817,6312
31817,6313
31817,6314
31817,6315
31817,6316
31817,6317
31817,6318
31817,6320
31817,6173
30036,3727
31822,12580
31822,7709
31822,7710
31822,7712
16717,410
16717,76
16717,77
16717,78
16717,36
16717,12720
16717,429
16717,430
16717,431
16717,12070
16717,433
16717,435
16717,437
16717,439
16717,440
16717,441
16717,442
16717,444
16717,446
16717,447
16717,450
16717,12901
16717,1763
16717,4003
16717,4004
16717,4005
16717,4006
16717,4007
16717,4008
16717,4009
16717,4010
16717,4018
16717,4019
16717,4020
16717,4021
16717,4022
16717,4023
16717,4024
16717,4025
16717,4026
16717,4027
16717,4028
16717,4029
44845,11852
44845,6733
44845,6734
44845,6727
44845,8282
44845,11270
6749,11070
6749,10217
6749,10212
6749,9695
6749,11032
6749,11027
6749,9662
6749,11514
6749,9663
6749,9665
6749,9635
6749,7956
6749,11249
6748,10575
6748,10574
6748,4863
6748,4864
6748,4865
6748,4866
6748,4867
6748,4868
6748,11412
6748,4870
6728,8369
6728,8370
6728,8371
6728,12620
6728,11840
6728,12530
6728,9007
6728,12153
6728,6966
6728,6967
6728,6968
6662,9973
6831,11251
6831,10857
6831,10861
6831,1004
6831,10863
6831,1006
6831,11349
6831,10853
6831,12975
6831,10803
6831,10805
6831,11216
6831,10799
6831,10806
6831,10809
6831,10810
6831,483
6831,11097
6831,485
6831,11352
6831,11227
6831,12026
6831,628
6831,11535
6831,10399
6831,985
6831,78
6831,80
6831,81
6831,12581
6831,11119
6831,415
6831,11221
6831,12548
6831,418
6831,11101
6831,419
6831,11211
6831,422
6831,423
6831,9087
6831,10802
6831,426
6831,10804
6831,428
6831,627
6831,992
6831,994
6831,995
6831,996
6831,997
6831,10872
6831,11252
6705,11715
6720,6468
6720,5039
6720,5496
6720,5498
6720,5500
6720,5503
6720,5505
6720,5507
6720,5633
6720,5510
6720,5514
6720,5516
6720,5518
6720,5520
6720,6466
6720,10443
6720,6133
6720,5531
6720,5535
6720,5537
6720,5539
6720,5540
6825,7612
6825,7613
6825,7614
6825,7615
6825,7616
6825,7617
6825,7618
6825,7619
6825,11219
6825,11222
6825,11223
6825,11225
6825,11224
6825,11226
6714,5539
6714,5540
6714,13013
6712,5922
44845,11763
44845,8283
44845,6730
44845,6731
44845,6732
6649,9126
6833,12535
6833,11535
6833,4882
6833,4883
6833,4884
6833,11542
6833,4887
6833,545
6833,9522
6833,563
6833,566
6833,567
6833,568
6833,569
6833,570
6833,571
6833,572
6833,573
6833,361
6833,576
6833,577
6833,578
6833,579
6833,580
6833,581
6833,582
6833,583
6833,607
6833,608
6833,609
6833,610
6833,11486
6833,12483
6833,12600
6833,12360
6833,271
6833,8013
6833,273
6833,274
6833,277
6833,278
6833,279
6833,280
6833,281
6833,282
6833,283
6833,284
6833,285
6833,286
6833,317
6833,318
6833,320
6833,10651
6833,10652
6833,10655
6833,322
6833,323
6833,10980
6833,325
6833,326
6833,328
6833,329
6833,218
6833,4879
6833,1013
6833,9366
31822,12793
31822,10549
31822,10550
31822,9652
31822,9653
31822,9654
6804,7979
6804,7980
6804,7981
6804,7982
6804,7983
6804,7984
6804,7985
6804,7986
6804,9665
6804,11994
6804,11991
6804,11990
6804,11986
6804,11974
6804,11977
6804,11979
6804,11972
6804,11032
6804,11027
6804,7956
6804,10035
6804,8000
6804,8001
6804,8002
6804,8003
6804,9707
6804,8004
6804,8005
6804,8006
6804,8007
6804,8008
6804,7769
6804,7770
6804,7771
6804,7710
6804,7772
6804,7773
6804,7774
6804,10888
6804,12793
6744,7489
6744,7555
6744,7556
6744,7557
6744,7558
6744,7559
6744,7560
6744,7561
6744,7429
6744,7430
6744,7431
6744,7501
6744,7502
6744,7562
6744,7563
6744,7564
6744,7565
6744,7566
6744,7567
6744,7568
6744,7569
6744,7570
6744,7571
6744,7544
6744,11266
6744,8283
6744,6728
6744,7488
6727,7019
6727,8620
6727,7020
6727,7021
6727,7022
6727,7023
6727,7024
6727,8908
6737,7136
6737,7137
6737,12436
6614,11529
9745,2390
9745,2391
9745,2393
9745,6985
9745,11520
9745,6987
9745,11613
9745,13108
9745,12520
9745,10869
9745,10781
9745,12614
9745,12613
9745,12617
9745,12723
9745,12642
6719,5667
6719,5668
6719,5669
6719,5670
6719,5671
6719,5672
6719,5673
6719,8558
6719,5674
6719,5675
6719,5676
6719,5677
6719,5678
6719,5679
6719,5680
6719,5681
6719,5682
6719,5683
6719,11865
6719,5686
6719,5687
6719,9781
6719,5688
6719,5689
6719,6462
6719,6463
6719,5557
6719,12045
6719,5558
6719,5559
6719,5560
6719,5583
6719,5584
6719,6464
6719,6465
6719,5456
6719,12651
6719,5741
6719,5742
6719,5507
6719,5509
6719,13119
30042,3769
30042,3205
30042,3206
30042,11308
30042,3317
30042,3318
30042,3319
30042,3320
30042,9643
30042,9337
30042,9338
30042,10073
30042,12125
30042,11237
30042,11241
30042,11509
30042,3277
30042,3278
30042,10858
6691,8492
6691,8493
6691,8494
6691,8495
6691,8496
6691,12881
6691,8497
6666,3059
6666,3385
6666,3061
6721,7096
6721,7093
6721,9291
6721,9292
6721,11264
6721,9303
6721,9304
6721,6475
6721,6476
6721,5381
6721,12496
6721,5382
6721,12516
6721,10257
6721,10258
6721,10259
6721,10260
6721,10729
6721,13067
6721,10633
6721,10149
6721,10587
6721,10261
6721,10586
6721,12478
6721,12550
6721,5404
6721,13044
6721,5406
6721,5407
6721,13070
6721,5409
6721,5287
6721,6477
6721,6478
6721,6479
6721,5761
6721,6481
6721,5041
6633,860
6716,5542
6716,6341
6716,6342
6716,6196
6716,6202
6716,6203
6716,6204
6716,6205
6716,6206
6716,6207
6716,6208
6716,6209
6716,6210
6716,6211
6716,6212
6716,6213
6716,6214
6716,6215
6716,6216
6716,6217
6716,6218
6716,6219
6716,6220
6716,8488
6716,6222
6716,6177
6716,6178
6716,6179
6716,6180
6716,6181
6716,6182
6716,6183
6716,5448
6716,6194
6716,8282
6716,11270
6699,6080
6699,4846
6699,4918
6699,4919
6699,4921
6699,4922
6699,4923
6699,4924
6699,4925
6699,9959
6699,9960
6699,4928
6699,8282
6699,11270
34544,10851
34544,10992
30041,3769
30041,12018
30041,3381
30041,3382
30041,3383
30041,3384
30041,12780
30041,3778
30041,3058
30041,3059
30041,3478
30041,9202
30041,9201
30041,13093
30041,11408
30041,11694
30041,10105
30041,10142
30041,10106
30041,3719
30041,3720
6704,11882
6777,10986
6777,10990
6777,10849
6777,10984
6777,8086
6648,2717
6648,10772
6690,4461
6690,11673
6690,9487
6690,981
6690,12896
6690,982
6690,983
6690,9112
6690,985
6690,12596
6690,10114
6837,4045
6837,4015
6837,4288
6837,4289
6837,4290
6837,12659
6837,4292
6837,4293
6837,4294
6837,4295
6837,4296
6837,4297
6837,4298
6837,4299
6837,4300
6837,4301
6837,4200
6837,4201
6837,4203
6837,4204
6837,4205
6837,12596
6683,4494
6683,11706
6683,4496
6683,4497
6683,9056
6683,8643
6683,1487
6683,4463
6683,4464
6683,4465
6683,4466
6683,4467
6683,4468
6683,4456
6683,9944
6683,4500
6683,4501
6683,4502
6683,4503
6683,4504
6683,4505
6683,4506
6683,4243
6683,4244
6683,10621
6683,4246
6683,4247
6683,4248
6683,4524
6683,4303
12940,10703
12940,10973
6743,6735
6743,6738
6743,8282
6743,11270
6835,10399
6835,985
6835,11535
6835,938
6835,939
6835,12489
6835,2936
6835,942
6835,12860
6835,944
6835,945
6835,946
6835,947
6835,948
6835,949
6835,950
6835,1244
6835,1245
6835,1246
6835,1247
6835,1248
6835,1249
6835,1250
6835,12919
6835,1253
6835,8913
6835,972
6835,973
6835,974
6835,976
6835,977
6835,8537
6835,980
6835,704
6835,705
6835,706
6835,707
6835,9094
6835,1254
6835,1255
6835,1256
6835,1258
6835,1259
6835,1260
6835,1261
6835,1262
6835,1264
6835,1265
6835,1266
6835,2225
6835,2226
6835,2227
6835,2228
6835,2229
6835,2231
6835,9103
6835,12971
6835,12842
6835,12760
6835,2235
6835,2236
6835,11252
6835,11251
6835,2151
6835,2152
6835,2153
6835,2154
6835,2155
6835,2156
6835,2158
6835,2160
6835,2161
6835,1212
6835,1213
6835,1214
6835,1215
6835,1216
6835,1217
6835,1218
6835,1219
6835,1220
6835,1221
6835,659
6835,661
6835,662
6835,663
6835,664
6835,665
6835,1222
6835,1224
6835,1225
6835,1226
6835,1228
6835,1229
6835,1231
6835,8569
6835,8637
6835,1235
6835,1236
6835,1237
6835,1238
6835,1240
6835,1241
6835,1242
6835,503
6835,504
6835,505
6835,506
6835,507
6835,508
6835,509
6835,510
6835,511
6835,3428
6835,186
6835,3429
6835,188
6835,859
30036,12660
30036,12661
39305,13137
39305,450
6636,994
6749,12480
6749,7868
6749,9956
6737,7106
6737,12634
6737,7107
6629,1181
6629,13125
6629,1185
6629,12665
6629,1650
6673,4120
6673,12383
6673,4472
6673,1766
6673,1767
6673,12837
6673,1769
6673,8613
6673,1770
6829,10917
6829,8324
6829,6753
6829,11385
6829,11387
6829,8381
6829,10426
6829,2098
6829,12533
6829,8387
6829,8386
6829,8384
6829,6951
6829,6952
6829,6953
6829,6954
6829,6955
6829,10002
6829,10003
6829,10004
6829,10005
6829,10006
6829,10007
6829,10008
6829,6958
6829,6959
6829,6960
6829,6961
6829,6962
6829,8369
6829,8370
6829,8371
6829,9992
6722,11208
6722,6575
6722,6577
6722,6578
6804,12655
6804,10343
6804,10344
6804,7965
6804,7966
6804,7967
6804,10060
6804,9995
6804,9658
6804,11029
6804,11998
6804,11971
6804,11981
6804,11982
6804,11984
6804,11975
6804,11989
6804,11997
6804,11993
6804,9632
6804,9701
6804,11185
6804,11186
6804,11187
6804,11188
6804,11189
6804,11190
6804,11191
6804,7978
6804,7768
6641,276
37807,10553
9745,12612
9745,12615
9745,10788
9745,10790
9745,12153
9745,10144
9745,6969
9745,6970
9745,6971
9745,6975
9745,12139
9745,12077
9745,10855
9745,10929
34543,6940
6742,7433
6742,7434
6742,7435
6742,7436
6742,7437
6742,7438
6742,10085
6742,7441
6742,7442
6742,7443
6742,7444
6742,7445
6742,7446
6742,7447
6742,7448
6742,7449
6742,7450
6742,6735
6742,6738
6742,8282
6742,11270
6754,5524
6754,5525
6754,10443
6754,5528
6754,5529
6754,5530
6754,5533
6754,5534
6754,5535
6754,5536
6754,5537
6754,5538
6754,5541
6754,5542
6754,6340
6754,6341
6754,6342
6754,6196
6754,6202
6754,6203
6754,6204
6754,6205
6754,6206
6754,6207
6754,6208
6754,6209
6754,6210
6754,6211
6754,6212
6754,6213
6754,6214
6754,8806
6754,8810
6754,8807
6754,8808
6754,8809
6754,6219
6754,6220
6754,8488
6754,6224
6754,6226
6754,6140
6754,6141
6754,6142
6754,6143
6754,6144
6754,6145
6754,6146
6754,6147
6754,6148
6754,6428
6754,6429
6754,6430
6754,6431
6754,9132
6754,6425
6754,6426
6754,6427
6754,6366
6754,6367
6754,6368
6754,6369
6754,8912
6754,6370
6754,6371
6754,6372
6754,6153
6754,6154
6754,6155
6754,6156
6754,6157
6754,6158
6754,6159
6754,6160
6754,6161
6754,6162
6754,6163
6754,6164
6754,6165
6754,6166
6754,6354
6754,6355
6754,6356
6754,5436
6754,5437
6754,5438
6754,5439
6754,5440
6754,5441
6754,5442
6754,5444
6754,9083
6754,5446
6754,10445
6754,5447
6754,5448
29040,7214
29040,7167
29040,7168
29040,5359
29040,7169
29040,7170
29040,7171
29040,7172
29040,7173
29040,7174
29040,7175
29040,7176
29040,7177
29040,7178
29040,7179
29040,7066
29040,7067
29040,7068
29040,7069
29040,7157
29040,7063
29040,7064
6615,189
6691,8498
6691,8499
6691,8500
6691,8501
6691,8502
6691,8503
6691,8504
6691,8505
6691,8507
6691,8508
6691,8509
6691,8510
6691,8511
6691,12889
6691,10765
6691,8513
6691,8514
6691,8536
6691,8515
6691,8516
6691,8517
6691,8519
6691,8520
6691,8522
6691,8525
6691,12846
6691,12847
6691,8529
6691,8467
6691,8530
6691,8468
6691,8531
6691,8469
6691,10762
6691,4654
6691,4655
6691,4656
6691,4461
6691,11673
6691,9487
6691,981
6691,12896
6691,982
6691,983
6691,9112
6691,985
6691,12596
6691,10114
6716,11253
6716,8283
6716,6175
6716,6186
6716,6187
6716,6188
6716,6189
6716,6190
6716,6191
6716,6192
6716,6193
6716,6146
6716,6147
6716,6148
6716,6149
6716,6150
6716,6151
6716,6152
6716,6153
6716,6154
6716,6155
6716,6156
6716,6157
6716,6158
6716,6159
6716,6160
6716,6161
6716,6162
6716,6163
6716,6164
6716,6165
6716,6166
6716,6354
6716,6355
6716,6356
6716,6139
6741,7422
6741,7423
6741,7424
6741,7425
6741,7426
6741,7427
6741,7428
6741,7429
6741,7430
6741,7431
9745,2252
9745,12076
6626,232
6626,234
6626,1286
6626,1287
6626,1288
6701,12794
6710,4962
6710,6456
6746,7602
6746,7603
6746,7604
6746,7605
6746,7606
6746,7478
6746,7607
6746,7608
6746,7609
6746,7610
6746,7611
6746,7591
6739,7259
6739,7260
6739,7261
6739,7263
6739,7265
6739,7266
6739,10128
6739,7267
6739,7268
6739,12038
6739,10606
6739,7269
6739,7270
6739,7271
6739,7272
6739,7273
6739,7274
6739,7275
6739,7276
6739,7277
6739,7278
6739,7279
6739,7280
6739,7282
6739,7283
6739,7284
6739,7285
6739,8995
6739,7286
6739,9438
6739,7288
6739,7289
6739,7290
6739,7291
6739,7292
6739,7293
6739,7294
6739,7295
6739,7347
6739,11798
6679,4342
6679,4343
6679,4344
6679,4345
6679,4346
6629,899
6629,900
6629,901
6629,902
6629,904
6629,905
6617,955
6672,4011
6672,4012
6672,4013
6672,4014
6672,4015
6672,4016
6800,12793
6676,4830
6746,7470
6746,7612
6746,7613
6746,7614
6746,7615
6746,7616
6746,7617
6746,7618
6746,7619
6746,7620
6746,7621
6746,7622
6746,7623
6746,7624
6746,7625
6746,7626
6746,7627
6746,7628
6746,7629
6746,7632
6746,7633
6719,5593
6719,5701
6719,5702
6719,5514
6719,5515
6719,6459
6719,6460
6719,5621
6719,5622
6719,5623
6719,5624
6719,5625
6719,5626
6719,5628
6719,6461
6719,5644
6719,5645
6719,10668
6719,5646
6719,5647
6719,5648
6719,11864
6719,5651
6719,5652
6719,5653
6719,5654
6719,5655
6719,5656
6719,5657
6719,5658
6719,5659
6719,5660
6719,5661
6719,5662
6719,5663
6719,5664
6719,5665
6719,10880
6718,7639
6718,4969
6718,12047
6718,10896
6718,4971
6718,12794
6718,5135
6718,5136
6718,5137
6718,9027
6718,5138
6718,5139
6718,5140
6718,10113
6718,5142
6718,5143
6718,5144
6718,5145
6718,5146
6718,5147
6718,4915
6718,4916
6718,4991
6718,4917
6718,6455
6699,11788
6699,8283
6699,4929
6699,9961
6699,9962
6699,9963
6699,4933
6699,11421
6699,4935
6699,4936
6699,4937
6699,4938
6699,5229
6699,4917
6699,6455
6741,7493
6741,7494
6741,7495
6741,7496
6741,12657
6741,7498
6741,11729
6741,7499
6741,7500
6626,1335
6626,1336
6705,2353
6705,2354
6705,2355
6705,11714
6739,11801
6739,7303
6739,7304
6739,7305
6739,7313
6739,7314
6739,7315
6739,7316
6739,7317
6739,7318
6739,7319
6739,7320
6739,7321
6739,7322
6739,7323
6739,10605
6739,12039
6739,7324
6739,7325
6739,10129
6739,7326
6739,7328
16718,276
6712,8917
6712,6113
6712,5828
6712,5829
6712,5955
6712,5956
6712,5957
6712,5945
6712,5946
6712,5958
6712,10880
6744,7545
6744,7546
6744,7547
6744,7548
6744,7549
6744,7550
6744,7551
6744,7552
6744,7553
6744,7554
6744,7446
6744,7447
6744,7448
6744,7449
6744,7450
6739,7336
6739,7342
6739,7343
6739,7344
6739,7345
6739,7346
6739,12063
6739,5813
6739,5814
6739,5183
6739,11882
6739,10880
6829,9994
6829,6965
6829,6988
6829,6989
6829,6990
6829,6991
6829,9993
6829,9996
6829,9997
6829,9998
6829,9999
6829,10000
6829,10001
6829,6994
6829,6995
6829,6996
6829,6997
6829,6998
6829,8385
6829,11683
6829,8382
6829,12532
6829,6534
6829,6682
6829,6683
6829,6630
6829,11247
6829,8295
6666,12660
6666,12661
6666,3727
6666,11955
6718,5244
6718,4846
6718,4847
6718,4848
6718,11826
6718,5097
6718,5098
6718,5099
6718,5100
6718,5101
6718,5102
6718,5103
6718,5104
6718,5105
6718,8542
6718,5106
6718,5107
6718,5108
6718,12795
6718,4962
6718,4963
6718,4964
6718,4965
6718,12046
6718,4966
6718,10948
6710,5255
6685,12683
31816,5436
6652,2853
6652,2854
6652,2857
6652,2858
6652,2859
6652,2860
6652,2861
6652,2862
6652,2863
6666,9210
6745,7591
6745,7592
6745,7593
6745,7594
6745,7595
6745,7596
6745,7460
6745,7597
6745,7598
6745,7599
6745,7600
6745,7601
6745,7572
17707,11882
6727,6992
6659,3665
6659,3666
6659,3371
6659,3372
6659,3373
6659,3407
6659,3375
6659,3376
6659,3377
6659,3378
6659,3379
6646,10928
6646,2604
6646,2605
6646,2606
6646,2607
6646,2608
6646,2609
6646,2610
6646,8443
6652,2559
6652,9081
6652,11001
6652,2914
6652,2915
6652,2916
6652,2917
6652,10957
6652,2918
6652,2921
6675,410
6675,76
6675,77
6675,78
6675,36
6675,12720
6675,429
6675,431
6675,437
6675,442
6675,450
6622,678
6643,2799
6744,6735
6744,6738
6744,8282
6744,11270
8290,5918
8290,5919
8290,5920
8290,12552
8290,5923
8290,5924
8290,5947
8290,5926
18705,7066
18705,7067
18705,7068
18705,7069
18705,7157
6691,12858
6691,8528
6691,4713
6691,4714
6691,4715
6691,4716
6691,4652
6682,12696
8290,5945
8290,5946
8290,5925
8290,5948
8290,5949
8290,5950
8290,5959
8290,5960
8290,9452
6745,7573
6745,7574
6745,7576
6745,7577
6745,7578
6745,7579
6745,7580
6745,7581
6745,7582
6745,7583
6745,7584
6745,7585
6745,7586
6745,7587
6745,7588
6745,7589
6745,7590
6745,5243
6745,8435
6745,8318
6745,8329
6745,7611
6743,11266
6743,8283
6743,6728
6743,7488
6708,11882
